r0,rt
1.61527671028851,1.18109445166141
1.48483147813574,1.01456121194977
1.507898690823,1.1593862624818
1.34455708166065,1.10242466565239
1.38198515321198,1.12214547553289
1.63124801170804,1.07933567055795
1.66162304256894,1.40259655359955
1.67267518501319,1.33865143270325
1.51382617303446,1.04100626300949
1.5739542456121,1.13751293670049
1.5527765049578,1.06956307233684
1.728772949941,1.09677104197795
1.48522769869365,1.0807791647294
1.75159117827676,1.1975252391957
1.48806137668069,1.01528603476241
1.77970577907098,1.31518527094733
1.47697059575763,1.05456190158815
1.50090623320631,0.989603380047127
1.23346201253107,0.922343310254054
1.65037881232579,1.30558839748652
1.50352899196336,1.01777066290031
1.37426606589373,1.11741840172421
1.34492848024146,0.819993269497628
1.37381486241049,1.07141936107882
1.56686241676442,1.02347218409113
1.43399249971233,1.00077911284218
1.7280560778608,1.05117662436636
1.57005907507545,0.959756225795461
1.55708367365685,1.05831764772979
1.37830173274256,1.17100162502245
1.52892297781608,1.06320125408127
1.72462265261123,1.09333391319673
1.63339169002191,1.09628333495759
1.55992261365059,1.09179602290208
1.40810964479325,1.11851199483369
1.64201254582058,1.17866861128059
1.69552272814748,1.37170143291895
1.22716395605873,0.987955276136648
1.54933923422102,1.09031472564405
1.62329253081797,1.24721266485742
1.69111541296745,1.24409966328048
1.67416530358447,1.07878837420487
1.51454595441662,1.0375044589678
1.53946994485153,1.03023676424848
1.58472857865321,1.14168676136116
1.68272945550654,1.06475550729348
1.51702875254675,1.06734970717252
1.4922844955055,0.954072480790577
1.60882285610818,1.10077496239688
1.44688067748558,1.0114220491471
1.65860108474704,1.12486244245393
1.58376211026371,1.07129922713405
1.71106827518539,1.26158332224763
1.58672694572757,1.11021255689233
1.71118044529971,1.22325951566752
1.44316449819748,1.06659267492188
1.32624715617591,1.0827221106199
1.70919434786928,1.23825681783065
1.35852641692908,0.962524306660102
1.67482615628847,1.14451625326548
1.71674288291897,1.29175471280512
1.58204618979727,1.06593753082194
1.56194063888048,1.09755686857001
1.69315069776826,1.32095793952267
1.44148898332428,0.975907047157736
1.92602315147957,1.3551479918355
1.36900844256153,1.16597134305181
1.57358563503886,1.10420223912222
1.59453163339427,1.1101754039078
1.57933662995525,1.04053840918262
1.61639009444759,1.13871853604285
1.50991012431125,0.98306464660977
1.33264363927358,1.08202921711759
1.32893579389169,1.11860511587437
1.49310317543678,1.05229198495827
1.62916699335861,1.11654434930533
1.68763693734263,1.06456248234192
1.61842559392209,1.14444122840079
1.66299546935505,1.18108686765167
1.61569685092542,1.07953992235271
1.48653677563963,1.07095542175768
1.4898229315797,1.07700180440799
1.49576324760193,1.05238220768991
1.48854443934593,1.05399484158656
1.49997928600211,1.16644852949143
1.56468484604387,1.16699929711136
1.6257502144284,1.10330197012894
1.55959122123833,1.0757468611562
1.61688954400068,1.18848004673133
1.50234740358661,1.08699021025003
1.52819953875121,1.05594327412287
1.4819497575983,1.09103071680937
1.33589486598768,0.915816489983771
1.51339461665059,1.07820763065558
1.66602061368718,1.09269438546178
1.51842129597839,1.06584576945436
1.47990955012083,0.910136720754027
1.66692813331268,1.14271021712671
1.55959933610263,1.11698065782556
1.21641132356,1.05285990684586
1.57518421541194,1.1259059573373
1.75867673828849,1.17725810161558
1.5632762580641,1.23611137546372
1.61396628595811,1.06828934161113
1.5313282825568,1.11835780191735
1.54055429612369,1.07840476956067
1.64184831766602,1.11250584683437
1.61135724567362,1.13749795825345
1.4704178746464,1.01420322798602
1.56049662078998,1.05756674755563
1.36315676011941,1.02005826766633
1.55390398204892,1.0624236741963
1.70462949998805,1.16480050856092
1.50996782301576,1.1423100125566
1.36782046852436,1.08023008289462
1.57971124735338,1.09577471537415
1.55633321706278,1.12896352196467
1.54440226592224,1.0644635593333
1.51104365154334,1.05449750258978
1.45072864967756,1.22926161032171
1.2667696304637,0.976218117475933
1.21736620228043,1.04583490926432
1.58185765736935,1.09648543217243
1.62785014855161,1.10687928405757
1.47467957881769,0.987596697156168
1.56899770225173,1.09600831010983
1.5345190683442,1.08484029370303
1.49552796920832,0.993887716504124
1.45715530611646,1.04207328744707
1.50711696159882,1.09020020159255
1.51828480374169,1.05367358660199
1.82670910379077,1.17704823724611
1.33725883689732,1.03035543424907
1.42655916716521,0.925950978850617
1.60661741164322,1.15006435836575
1.65689792041401,1.17235964088356
1.36430540156282,1.11926377242168
1.59403445892793,1.11151603622515
1.24501983948027,1.05380569694695
1.50893975315627,1.07706545845773
1.52223545486392,1.04032208259474
1.43031470138266,1.04174421625195
1.59475666883412,1.14031969706186
1.62750989258502,1.10862990740784
1.66490300213273,1.10699244124674
1.44777218139383,0.986887104816245
1.64011991103142,1.09558172585729
1.57047249115627,1.05332628482908
1.5482300838285,1.12593286920539
1.56485535018066,1.12366119600465
1.64129255507952,1.13602914768339
1.58255177093746,1.09769404495953
1.54851797784561,1.12908607232779
1.50587001368698,1.01011358557146
1.59124734098638,1.04969971440472
1.44306188093833,1.08676452637494
1.24929943538862,1.06359429107153
1.75765910388671,1.08057027313639
1.65917747213573,1.13482789651599
1.36954894070134,1.16892370844485
1.66574214952695,1.05685755484064
1.63580271649777,1.16604261601352
1.53827833004134,1.0172356095453
1.66037648796318,1.13793914968379
1.47791904297151,1.16045091078434
1.40347600238802,1.01380990185232
1.83678158957524,1.17835067580694
1.69067348926881,1.07763741505362
1.73489582003037,1.24708979115386
1.86638952043014,1.22200319662934
1.57430758316925,1.17588378405229
1.42212438852239,1.06184028854853
1.47487975786976,0.996505027096444
1.37017423597268,1.09594057450005
1.47953868687784,1.12081451311447
1.47464418080672,1.05762288194077
1.57283914271764,1.08592444311754
1.46987752524071,1.03756270805154
1.43867078093208,1.06269891124206
1.34369639435418,0.925529899008349
1.49217867070524,1.04324133470036
1.46407325761893,1.02956509996572
1.19823853368064,0.929830396347492
1.27400864681691,0.995264864063688
1.68477659464054,1.21061962819581
1.66258564430793,1.33449068711889
1.4716114217553,1.01353277211547
1.52247923466888,1.14470466478871
1.5843313885748,1.105335203862
1.60072196801726,1.11255995533696
1.5128133829103,1.05904220275592
1.76116508894,1.23911280182521
1.520636927051,1.09776948181721
1.65715866650031,1.12642979120229
1.47847584277681,1.0963761614324
1.35042175192008,0.93904527212379
1.7511641115076,1.16608471266684
1.62935471471905,1.12293898691628
1.58289369257135,1.10703181120562
1.32479457720503,1.02975925586592
1.53614443558337,1.0633875476044
1.50430440933441,1.03526151485347
1.68848944235427,1.16328924563329
1.37412271351333,1.08797167817503
1.49002868189212,1.01634746136176
1.46937688489244,1.07861523621378
1.63783075466875,1.0670667161486
1.42983006067913,1.14908856244894
1.34336667484718,1.12995980116317
1.35204187917933,0.938236248135865
1.63341277875866,1.06704611840476
1.47560132862326,1.03796709590291
1.75318132841351,1.28193372086663
1.51954815676056,1.12982770946332
1.54698269287436,1.09714765648576
1.52985356833209,1.02898725191254
1.75422311826856,1.13299529437827
1.55444913854762,1.11300851119268
1.48865802524685,1.07017429399743
1.80066054830047,1.13004318329573
1.71102091756333,1.14212256862622
1.51574113604242,1.11552557661789
1.4075711458153,1.10471357173716
1.728419208762,1.09701872658185
1.74418998038228,1.32865360721419
1.29735867976655,1.000771828655
1.26845887583642,0.8144650412401
1.80971628422536,1.15280737974421
1.53107600649038,1.04330917621536
1.71153197620129,1.12192087289949
1.55470046376641,1.05311205894499
1.56582978804296,1.10601501560945
1.51289910476731,0.952270483764389
1.34783222322193,1.07010912438241
1.82039843847464,1.11137244447908
1.44538173056713,0.979493861277309
1.63745323080467,1.1174261299348
1.47409461794967,1.06193301441949
1.65894805043036,1.18460515975947
1.63250196687914,1.31220172503825
1.67023661114281,1.26660384872627
1.45278963614463,1.03136026332979
1.48561013206016,1.06420561178512
1.62301283306856,1.03799198718374
1.46759216342411,1.04653133984994
1.39749380383644,1.01308775375191
1.27798222140593,1.04621068301309
1.57731939475751,1.00792616443947
1.67158695268623,1.13229937065356
1.59342194448516,1.07987606927038
1.45743677399218,0.919359234814279
1.58519096828742,1.00464223285413
1.53362023086082,1.05219279815679
1.84367646581833,1.14161306699039
1.52787572429876,1.02726675189692
1.66889884584587,1.21816106122381
1.5615125841359,1.07154576834051
1.60213182078491,0.969373967341093
1.61831691463738,1.12115113656219
1.5494464279094,1.08910846207355
1.76143856860129,1.06968749647547
1.75127400707592,1.12656999513451
1.35296044152341,1.08668481531655
1.50631611844646,1.13107706921693
1.41207688013234,0.932198048742902
1.59991975993229,1.14593811859063
1.56188726579935,1.0107186951605
1.71129372885737,1.24386086883468
1.59437227867494,1.10119385998399
1.57848614282044,1.2532414721593
1.56458866365877,1.17911242616794
1.45612972354326,1.13328455529521
1.36695131325481,0.942441938763467
1.45941144976535,1.03467714244369
1.60217083261597,1.10010534833462
1.28263663451756,0.892498697424462
1.57337289224647,1.19806246908657
1.57235572834922,1.14051403204289
1.58595403561017,1.13603726063005
1.51715933822474,1.05715352814936
1.52468773676699,1.21133216387131
1.30079441786398,0.99659727470563
1.51016526509427,0.990588248396788
1.73384587735249,1.26110265708798
1.57645739494632,1.03614110518865
1.59507367871181,1.16684045248484
1.59656522230772,1.10863894901733
1.40785064791589,1.03514433208716
1.43974702476294,0.992189235906394
1.68188579794846,1.25772743176602
1.71060318054913,1.06770867852915
1.54577205967886,0.953601662392845
1.37720815770229,1.03886590696518
1.4143408634944,1.09328286876892
1.49114065325203,1.02217112555467
1.33763044877606,1.05076226647343
1.39452015402631,0.885338324156389
1.63348381506142,1.29930013010679
1.60324198012455,1.18991368996977
1.79729055952155,1.1345096169087
1.47368605277758,1.07817463258062
1.67918597174981,1.14203245050195
1.64192197594427,1.20721362156947
1.59178627783681,1.11212054889744
1.460922048356,1.05450728973803
1.61488115168494,1.07183970001842
1.67521384355141,1.20350869215
1.67263661834654,1.0975020910044
1.68140843468624,1.15699738346748
1.39163051937581,1.06739146044003
1.37473094989231,1.02152809027538
1.32464981108222,0.895324008592016
1.58132596524485,1.14272225021175
1.74345524416573,1.23406829956647
1.64716858072406,1.17496546698485
1.48727504074221,1.16424609941281
1.69624288225233,1.24886942317178
1.24341568477468,1.01062670735235
1.59076053149711,1.12231935709757
1.64904011155307,1.08556833375278
1.617359548029,1.29802424736679
1.71239022112429,1.22580985197527
1.65815048542571,1.09143733215967
1.64797360908544,1.35046087973435
1.56500088223847,1.09827656659114
1.53441723201221,1.24840843541762
1.58212411309985,1.1085727583149
1.46314636317733,1.00952661939795
1.22580417184125,0.827375778962674
1.88792509123509,1.22342714964835
1.40054047970742,0.896899639588516
1.55369363196657,1.05384520025393
1.26692946911829,1.0302286594775
1.64078557418703,0.931699801974313
1.7063436340632,1.35003466534802
1.60633261742412,1.154670607932
1.65117947151585,1.143825006303
1.35400675487173,1.06742128894823
1.32147884502566,1.15034748248314
1.46662873844666,1.05110246609366
1.57616677539647,1.05240940864992
1.6374512564217,1.1591019395434
1.64564918617909,1.15119505496583
1.20716822547639,1.01731536984196
1.51860148786869,1.06278037495438
1.73568837628637,1.22911212840315
1.33691655513155,1.14131086600564
1.60592644824824,1.06740152767893
1.70035668148189,1.14586598625232
1.72339623784974,1.01140810581311
1.29613113389437,1.10424916612834
1.61706196087976,1.03891259632132
1.57505703956512,1.072917262293
1.60365337974636,1.17084886086006
1.66251346651865,1.23501634531723
1.53881323626795,0.991203282510609
1.49690303261505,1.03101176465584
1.53329082763394,1.05800979041488
1.60155407850139,1.10672193311739
1.55031082468584,0.994154980857452
1.32577132207292,0.872018294531109
1.60712760833961,1.078719411048
1.81026765701956,1.19742704515299
1.71698455479928,1.11701912816389
1.71208077527278,1.05495682022197
1.74315875381381,1.36230184648145
1.14167052720885,0.930802017206736
1.55987043752041,1.08268823914354
1.26028565391761,1.06143221956669
1.3765527154018,1.15368570701353
1.42149088113121,1.12199231045858
1.51650560554952,1.06505525897914
1.45711927248738,0.970272495479894
1.67736999112904,1.09391771207668
1.49972454080764,1.02710084838262
1.59232277997126,1.18768297809984
1.41939158725014,0.978056020023612
1.57778006977747,1.11369967740393
1.47983634219826,1.03179864414849
1.48729124615908,0.931072725571131
1.57550506964863,1.13677437247833
1.31595229787069,1.03788622715711
1.65514387184959,1.10729041177619
1.65587266744441,1.13979454694273
1.52154829142051,1.08544677785704
1.59052793206469,1.09226750562728
1.4385505451472,0.936397129264383
1.56310077618994,1.11039868059216
1.25702102515058,1.0354650715404
1.44479176877342,1.11153609819624
1.64784538898437,1.11676422477122
1.36173551579131,0.943980275595083
1.672120464699,1.16906953764703
1.50044049823034,1.10421529254972
1.40790502220672,1.09588436193704
1.51517124511031,1.13348112471471
1.62765598265958,1.10359570795801
1.58054763797294,1.04381611489376
1.56622395267972,1.10548736513744
1.52143720461305,0.967493804465531
1.39088820374835,1.15086810582931
1.53884156312819,1.07167493216508
1.3462883026964,1.01210464340994
1.50131235502258,1.04783234105532
1.97065652935191,1.21349895732483
1.50912339302773,1.03200704079741
1.72501628443446,1.20508483413631
1.29242902586559,0.80753595599766
1.45808183923185,1.06781167760747
1.74914000229433,1.19396432754103
1.32056792946919,1.03354111140655
1.59731413406365,1.16133725341569
1.27638872015997,1.09623440338118
1.6653917377089,1.31925328619753
1.60860659471568,1.15268447828638
1.66698409137522,1.15936029137095
1.61138964991775,1.16983284965956
1.71919084680175,1.18404279011255
1.57159231636788,1.08361811340098
1.66202079345855,1.16424185550134
1.5316363783907,1.04334885202577
1.19062056289607,0.89689421159063
1.64303679353119,1.23374518430428
1.62360317210729,1.07011461366343
1.51125498066222,1.03836519530453
1.18830919170593,0.712556089917726
1.60727404156142,1.11374011709645
1.61475838690432,1.11325556827553
1.44111481229667,1.00313553121671
1.7439693968848,1.21479693839906
1.55280627052906,1.22175515506044
1.71304286338331,1.32339092712221
1.55613913489455,1.11852332763734
1.84210589764201,1.21138046776209
1.34817083287182,1.08652116037355
1.78345064156175,1.17036525681289
1.5388775977505,0.984721048781697
1.60110811997358,1.13823389109957
1.80511124661847,1.07643744054272
1.40475891152257,1.02753215916134
1.30692860683199,0.840676433104668
1.70974352478803,1.2830940620435
1.35377575175579,1.08423150717187
1.64600226374498,1.18515938205345
1.59334791038129,1.05591802910077
1.49443769951266,0.987440407589073
1.73026856379407,1.28773253619368
1.49869734049411,1.10351447168307
1.47188174454469,1.05152755532275
1.36755229371852,1.01552989908307
1.59550050626351,1.063412331814
1.52342066049343,1.01791067124753
1.63104217159742,1.25577017205097
1.50778391358962,1.05820601398411
1.54883767490766,1.10427924826722
1.67721590493259,1.01844960158216
1.44856632754403,0.994789782787345
1.3208574637234,1.04461979189236
1.35411726860811,1.08014441391011
1.26922579056577,0.904701194293261
1.8746784317157,1.22471695470819
1.78374236297084,1.21881502392777
1.77248359047029,1.14083092348632
1.61029834203944,1.11514707253615
1.52165478616346,1.0187641355885
1.62563343182804,1.06413490078189
1.55678017371647,1.08294766163414
1.60852873402407,1.07405222593032
1.53590107060203,1.0600685280238
1.31506582937202,0.90851284389848
1.72433344665265,1.26267214241246
1.60833389880021,1.11325257275737
1.57971322247564,1.09341092682105
1.4812473791626,1.05830569109594
1.41256051779951,1.06964759069334
1.51111792027696,1.03595321821987
1.8946694024272,1.20697383307635
1.58140654925477,1.13254715386212
1.3440379976298,0.866323503295459
1.48686199159904,1.05853714407997
1.46332371376166,0.955598005028462
1.54244886372391,1.06745866583793
1.30836269997474,1.11143926546824
1.76347445105448,1.18386520477727
1.60312014510835,1.100648860025
1.59801697268109,1.13911188795837
1.68225234827143,1.06896063883845
1.46469658833635,1.07733741082652
1.32334262922128,1.03897534824781
1.66630405287907,1.29318668591268
1.36752237769795,0.931558615894441
1.69269577101984,1.03980724572918
1.58867747458756,1.03995931759086
1.87374936526581,1.24179613815434
1.76205258266704,1.05825890394555
1.92016556500474,1.24233177698617
1.55929111398381,1.12363378450563
1.49596357720925,1.0423654310243
1.70086587252146,1.00887533442397
1.61526802925795,1.1583098362886
1.55768204043665,1.08319317221188
1.57093634186411,1.15762099282094
1.57989778675087,1.05750134602813
1.54227579422734,1.07907022148927
1.52219996996519,1.07953732312301
1.31223218864336,0.925411542761897
1.69954084325192,1.27888469546117
1.4438597381258,1.13563614684307
1.74354760106706,1.12791689740724
1.43214709924393,0.965622868340407
1.57048825293345,1.09656479557603
1.49011527350386,1.13635246755825
1.50926789761002,1.05612508142939
1.65249356513081,1.10141264419867
1.58502537431859,1.15657831638925
1.49515164601879,1.04337715219586
1.40458284379525,1.07767540107246
1.46156222675814,0.999750026829787
1.28761404156852,1.05636861581676
1.53975203461435,1.00500120659857
1.62589993362153,1.07246140020579
1.47051687039778,0.985640787962061
1.58443658250385,1.30354612902797
1.53492947242432,1.11017587247904
1.49404787769008,1.0554161753928
1.6747047764518,1.17196166333994
1.30315537454441,0.932462182791586
1.57685768018663,1.25175814006504
1.59255048293933,1.11619165434148
1.48240952397915,0.972135902578212
1.63646371107492,1.10969861481768
1.6709453037316,1.15339199242525
1.51089203390337,1.02463843691385
1.46332605485025,1.04774325132428
1.42841651843442,1.03841664752716
1.41342374225366,1.02774209720305
1.54698565122473,1.07009271292762
1.18538094733826,0.869421016523273
1.79095372098911,1.23981273309877
1.30202782946783,1.08013879898159
1.60996672275971,1.31446086140106
1.44027727556882,0.983343911207027
1.37284822087194,0.939257319598671
1.54467124733934,0.975859127868972
1.61897887437618,1.1419445517434
1.26320367709726,1.04814600904572
1.58706096434509,1.13706174544541
1.41658280781422,1.09684326005018
1.27568934926181,1.00249950894931
1.60134056019402,1.16822329251515
1.53679355703085,1.080751092978
1.56583078878281,0.939554309316387
1.52230182046772,1.12854800484949
1.60080309709954,1.18385749624958
1.47310238842187,1.25713051755884
1.65742143729107,1.28978796097675
1.64021410394752,1.11448823933996
1.55181992817305,1.12661010877548
1.50543835360649,1.22566142667275
1.23915898015023,0.68299787704828
1.5131763170921,1.02146163633939
1.45827066358862,1.06536240153364
1.45688965415735,1.08431244912233
1.44865486774654,1.01887631587227
1.60132467193997,1.07063856609969
1.47298461993365,1.04578813466406
1.74081042963942,1.10469342150878
1.33925615006215,0.824809032745471
1.66829149207516,0.956232881725621
1.34335456868887,0.923044768430855
1.7783905943522,1.30252747736225
1.50353015380587,1.0407806646521
1.57826364337891,1.05780787251332
1.45723632777626,1.03663573800051
1.48646815111459,1.06192611638233
1.31740513023404,0.912024864262866
1.30753315469327,0.831755604843461
1.22405653956824,0.891380689804058
1.6428546247544,1.30013738122395
1.5140051804974,1.06246527284082
1.79063117123764,1.29137830865041
1.4852335416219,0.977703390677618
1.53805546191833,1.08366246330568
1.60978815704778,1.13502942206935
1.57049980407886,0.972844873453908
1.59180517840433,1.15272538240033
1.55477159409431,1.16486805115827
1.44917319323875,1.02191170341578
1.6297066383389,1.12885425154447
1.57870296233713,1.06876106577602
1.51552104594357,1.01084837874603
1.4218725207283,1.01109068736146
1.26703708002971,0.867273741506501
1.38669877545097,0.881750565428951
1.4562842429888,1.02435691425215
1.61733809078701,1.17145860517776
1.46518595802981,0.972918853259442
1.4028871634368,0.974181571137987
1.48035315056911,1.05184081383386
1.64976913864505,1.02520541744881
1.56528805110076,1.07737930984472
1.60107202890699,1.11204698903255
1.81633203516397,1.2217850612571
1.72209301690895,1.18914291762104
1.53553405099023,1.07037945691694
1.61875292301551,1.1561502683695
1.71759728228309,1.17677004069263
1.54729920067714,1.11781077957945
1.44168548281876,1.03100180644293
1.49328565470993,1.0723301660675
1.64865281015942,1.33454646875455
1.56264307587846,1.06344425253819
1.53612500559544,0.937975377116442
1.55831489068979,1.05038949594877
1.56263375979244,1.03482439901966
1.40810872643586,1.05856957108133
1.49929063119776,1.06681346252024
1.48916805975327,1.05614723845647
1.48941154571843,0.957951750424188
1.59399370162951,1.12177170575813
1.41531884102928,1.02613107000804
1.67768956019755,1.05158561020123
1.69077613833769,0.999594779820821
1.49705495588158,1.08825475432892
1.60217770261202,1.21223410524284
1.81505964511373,1.2461869444414
1.58534028562014,1.01716212447714
1.44811559304757,1.10802969388328
1.64571587300049,1.16752891276788
1.60298283105245,1.14067529840344
1.77232444732398,1.0709254680179
1.4829999280696,1.041328074259
1.43700797469222,0.997582981812293
1.28404598738602,1.04164195556436
1.51677282158323,1.05454215363034
1.2615097575656,0.962064852377893
1.69444172991255,1.19977434466251
1.27399164870664,0.997479285554466
1.60070332847036,1.10142846352257
1.53407104390896,0.986687274943483
1.47189209136479,1.02516828503065
1.53578894308025,1.06256249340027
1.61229628350403,1.12817283235451
1.42523448273429,1.02666656594961
1.66922315927288,1.16962330156641
1.5879157029559,1.1436627530641
1.5497528781888,1.09224511817368
1.48652468088761,1.05587725924337
1.54893053103989,1.05237398998209
1.16007753109473,0.93134117010683
1.4832475365717,0.963802641915509
1.41085701794755,0.953787826552846
1.39964598594129,1.00902488913736
1.41162024403543,0.999370884670618
1.49832872630195,1.05287514529667
1.54223233785244,1.04070594303851
1.44096171049867,1.08608110831279
1.26691323892816,1.05277796179587
1.55395813168592,1.0856475941675
1.64553794292758,1.14933070053167
1.14344758430766,0.944373961447815
1.69352424145039,1.1878637375993
1.54372453542465,1.29286463655303
1.75649995264227,1.03163069736197
1.78973268997471,1.10248785265224
1.56808209562376,1.10990715324058
1.31951885168788,1.02589406619627
1.55833044817598,1.09873432467641
1.53747352578056,1.10568360471537
1.6729804043198,1.14269253443002
1.66846111928707,1.18866599753131
1.58388132061234,1.1703723404262
1.43907728135268,0.918568609246849
1.55294513979782,1.14325682618304
1.56290460347417,1.13841979299136
1.49444475855795,1.03465608914972
1.56848027652832,1.22977736241607
1.47485442678715,1.06349545484501
1.37767175281357,0.985062979720031
1.58780682127762,1.12386023573628
1.71005117883736,1.22751264101881
1.59970966893371,1.10079947778164
1.59928646685943,1.09544402706603
1.54295639053385,1.0684552598647
1.54580841171774,1.13526651942364
1.528400959207,1.12070870274253
1.46599214645158,1.02547181063832
1.64217909629979,1.12202289084276
1.59384903161457,1.11177811243403
1.36983294580011,0.888331390712491
1.57209379907481,1.12314360867525
1.72975432528797,1.21009060901067
1.45289830258074,1.02677499387328
1.55737965596623,1.14630685584668
1.63906390093861,1.10838504937058
1.66536171668482,1.16488486337568
1.68245487390575,1.07703673148826
1.56824525367239,1.07551865516443
1.55801793538031,1.14524821561582
1.54520851550741,1.11471637130278
1.52396755960921,1.11691640499545
1.78825818431232,1.22090336481417
1.30961126454321,1.09164751851662
1.49546367726705,1.02125180303778
1.63375932333064,1.13351566478703
1.61453644015119,1.11117025106951
1.57812202149935,1.03659502874395
1.26108246360903,0.975514604301691
1.47377426205102,0.838857234775688
1.2844698637435,0.990440739081
1.48262784427063,1.02771774622938
1.49284220252018,1.08788590307107
1.57871270029498,1.11618769546665
1.51590587137594,1.15183414861563
1.52007277000461,1.07110221563509
1.56264961937455,1.11015293285255
1.70672091621596,1.31683547006262
1.55748696163326,1.07966847043318
1.51318239699438,1.03062846604239
1.38399428534689,1.0863110908719
1.49417155675209,1.0591416169467
1.44049018714743,0.933221442435353
1.38178975100173,0.950182531190475
1.61220301373102,1.12877113936117
1.5675090474516,1.10301186773315
1.57656900553334,1.08003299017807
1.49327618621972,1.01013592674262
1.55397946325716,1.03418235615445
1.4450861822331,1.00795982411065
1.56580092790515,1.08843085794998
1.39986169990637,0.958911358205338
1.54593936679897,1.16955839886563
1.53115377258996,1.02815072537895
1.66167814955315,1.29344346893851
1.56640580837094,1.06735432264063
1.75900260421759,1.08018708610528
1.34851403591089,1.05372382715931
1.58724114275335,1.09006998329466
1.58892879591885,1.03385060780849
1.51003589067687,1.07082792875892
1.49605162853946,0.984568669233169
1.58171766037891,1.1278613472642
1.72349755437557,1.10604416385121
1.32526350096731,1.06180971394572
1.4793925322607,0.986969371789386
1.59819735629187,0.960686833484488
1.32881525675531,1.12998998529514
1.76813826829781,1.10554920013581
1.30053574076882,1.08467431747342
1.45517392946362,1.05693840291499
1.45304135769782,0.912332610281355
1.27296635331217,1.05033812149298
1.41450845791765,1.01375489332881
1.52575759770073,1.02099054475865
1.75692107434919,1.29800025746006
1.51360731989884,1.10238635405081
1.49686873047074,1.11814673773358
1.27795564814059,1.04907359864249
1.40042611665589,1.09155710391479
1.68136865355176,0.992079862182319
1.24961408037225,0.993100443602051
1.49087987527042,1.1800883496348
1.57773904985001,1.06938126728271
1.23182307878693,1.03594070499169
1.58727621876615,1.13055661649707
1.4528116014341,0.960689127364847
1.49768922092372,1.00796354356533
1.39797407738312,0.942621383781914
1.4721761473365,1.0733801091769
1.32762349543939,0.988432191784209
1.71126034854094,1.34013621394985
1.38399620034212,1.05857571762694
1.68800265737119,1.30530554447148
1.45701217236809,1.00115144260726
1.22531973916427,0.950219383651082
1.6116120663039,1.07553609716793
1.48095193980219,1.058101112763
1.54873308768168,1.15269357601451
1.34250949880001,1.10986159818063
1.55860435111807,1.06621591200763
1.47597540348447,0.998406092838741
1.74706366581325,1.15148166665585
1.73965617582126,1.17693209920394
1.6728841429321,1.0733075841559
1.30882057270967,1.11456992260232
1.82229982867853,1.22527089941637
1.5169742245635,0.99648607535475
1.4784359992949,0.947791446463426
1.51959749350855,1.04383065607628
1.58805433986195,1.11037418064779
1.53653555681441,1.05582571623097
1.51199790642852,1.06750190178384
1.66563880438903,1.06172816517899
1.59591029274977,1.1039434309983
1.60335248882514,1.19666048865
1.73795067694077,1.17475289345797
1.64173868745584,1.17046654272393
1.60689966865022,1.20226242203656
1.16011854530342,0.951578891798862
1.35937997182119,0.934566274572671
1.28522368689942,0.982038143230787
1.74439950683887,1.32754003575833
1.64449051786429,1.19173973987317
1.50203230902901,1.06377350973504
1.81095730810157,1.08341231344602
1.53421796450079,0.983548835709685
1.38939322549212,0.859872127960042
1.80620928294355,1.09391946411158
1.71420332222687,1.32197300468283
1.36999230828795,1.10570399383482
1.67676981139961,1.25102426134188
1.51955464771024,1.05457784002764
1.41783415433562,0.925868501344648
1.70842716316038,1.16628559779834
1.49828601234894,1.04494984506376
1.66997747570857,1.31968063206652
1.73217291860018,1.18607300976514
1.53284063558554,1.04823752103975
1.58210582737312,1.01044801196554
1.46524870163699,1.09166306589884
1.67582357770767,1.13072387020136
1.24146589220946,0.98995148579761
1.7128129444028,1.10468136704876
1.76970763307852,1.08246510128017
1.46012442233526,1.02226908319535
1.6796920630604,1.15271489431498
1.04379872564247,0.798356428948202
1.65905065024951,1.10354776523745
1.63345178661901,1.15478352167916
1.62546551301966,1.13759586209511
1.26397154951387,1.08691559089081
1.52350569708446,1.10522038992971
1.47261684279277,1.0459728752967
1.31894741486325,1.04439903122972
2.04130134693463,1.2124730997931
1.5554158592231,1.10197398047832
1.39260540155603,1.02530584493562
1.66723641814217,1.14411954459956
1.55688138894406,1.10428827371854
1.61680400217071,1.13246234243272
1.58302882844827,1.12296500623003
1.55170736406562,1.0678163654436
1.76954928510353,1.27856080633933
1.6105338998794,1.1774981361145
1.50434963464917,0.996749709918978
1.68275007272991,1.22223175990478
1.60820465299475,1.1035933673086
1.63530043383001,1.19880595030183
1.67590066768394,1.00807923723632
1.48338028747491,0.967820503371308
1.32270968326824,0.9333938306057
1.70013059364751,1.32760132529415
1.5110936814252,1.12711331646831
1.59241337640596,1.09304121399021
1.3015472297169,1.02094482588465
1.64305940665288,1.16437439752989
1.62385906557443,1.17657391986668
1.49658174051084,1.05015200343255
1.73038852341131,1.14658212014919
1.64022628127008,1.1576293417411
1.67881528513617,1.07266635053492
1.60246194872496,1.15126347300471
1.66000647393477,1.13639087703143
1.47897175606899,1.05640311387991
1.64973027686971,1.08937622118627
1.4844605385594,1.00349900260882
1.73361328567619,1.39012673547515
1.50864653253631,1.10977825240295
1.65589922927441,1.15186824965081
1.85248710691384,1.2161008672943
1.60285201257436,1.12397216410768
1.56596224714928,1.09495834072179
1.41950296133416,1.02243237814387
1.50762937872638,1.06874383316046
1.57923476192325,1.10499045173514
1.53294509251638,1.08773253317453
1.49569127974354,1.03891017483565
1.68600696521772,1.12582165200163
1.64035278014288,1.15437994959814
1.62673444183503,1.13131901007235
1.29628830897207,1.07468302318671
1.55083144999811,1.06926811214801
1.47214056299651,1.11619756213842
1.40494015031315,0.909579221250964
1.42387049969826,0.969730723015794
1.50523726386087,1.08482199730406
1.54146821361064,1.10002970185645
1.28376415513925,1.06521034092686
1.68885240066787,1.30017962777745
1.55444243226643,1.11490116440252
1.48216045249112,0.994123275457799
1.64590590601036,1.23131312492635
1.32699291741999,0.986098328548571
1.49804823451006,1.07137111373742
1.26801611922779,1.01196619252371
1.47517045198753,0.952085863633546
1.68404906353269,1.21505108006003
1.57783003630126,1.11980954244016
1.72775132241965,1.18085456277683
1.4748642225955,1.08015025924617
1.45537396086885,1.01755224408512
1.73317386660035,1.12700153934381
1.67201931368293,1.07711372928591
1.74251765799361,1.14799878002399
1.52339663891114,1.11049117779624
1.44949140717496,0.963795274096183
1.66970913346039,1.12479798509499
1.5989694463398,1.10753949753935
1.46673766760571,1.0182523705189
1.6080718699739,1.12321945937137
1.51981407270456,1.07283309260487
1.57400346452565,1.25404658164359
1.58588150081687,1.10513001930188
1.25221981522465,1.04160205625945
1.71297069452276,1.24249041968212
1.47202298944799,1.02006802273465
1.63323505934909,1.04247742947243
1.61836729508222,1.24859445386653
1.66217265066823,1.15559547921996
1.64541558052325,1.310775715011
1.52699506230859,1.10365711426558
1.55609220786092,1.16570338160303
1.56898002381537,1.03472464047868
1.64846613923,0.99749363979446
1.62323104743181,1.25025973604218
1.54179001769024,1.18433116553716
1.49710904533678,1.07262255667891
1.68612076917013,1.25822836474313
1.62501763407957,1.08111636486311
1.73779147422038,1.08194401980435
1.32604058767653,0.930373172829634
1.54099337626137,1.07532831480211
1.74053134965022,1.12765617907342
1.21787349567655,0.899161073958772
1.62725300965159,1.12790644763244
1.47408627501628,1.15803898036337
1.29020426536662,1.1236376484515
1.48912933240948,1.08589431736454
1.72675645614247,1.02028041369847
1.62339805860959,1.22934869485687
1.54435302482306,1.08607756607658
1.48649275401736,1.03638376253135
1.47237034948317,1.05848350381105
1.55203125862892,1.18187710800765
1.47141732090269,1.02721622138782
1.56573237273868,1.08325305381841
1.63515220863512,1.17292149958094
1.54085088005387,1.06978640163228
1.54043557814684,1.08859463767277
1.540300511,1.10609404479988
1.45938884093765,1.01835373887217
1.63171688789086,1.10546682330542
1.40273103233187,0.948788273006386
1.28899649517656,1.10028187282755
1.58988302032577,1.17808953520162
1.6026786689414,1.13494253049389
1.57524152407158,1.1193992747391
1.48453572369021,1.1802289195219
1.75657968491984,1.13577914115499
1.49713489791448,1.00277085224671
1.57847733204563,1.02572022878993
1.25270062144971,1.0176666266772
1.41029031991803,1.08877134393597
1.51672576569108,0.990707565904428
1.78818723051169,1.24798330104719
1.59485599523792,1.05980305703523
1.67039044727542,1.1621340760584
1.62802121702321,1.25667313119149
1.534746052434,1.03902227289176
1.70302891244846,1.16402988616443
1.51118482005191,1.07873365396759
1.45232267242631,1.07370887021246
1.42273137027446,1.0876252532772
1.41085618366704,1.13603971974601
1.64412931614205,1.2616456755346
1.61225736314518,1.0943600454965
1.44291836144879,0.980529360725674
1.60416077068541,1.02106562165337
1.60837851144053,1.05935598677048
1.84394078492454,1.1883470925628
1.36846526047624,0.97144776225985
1.29771089399077,0.921315776339348
1.64743240643967,1.07078318439633
1.67652734016674,1.26285685624895
1.46107518246512,0.964393564058215
1.58370904318767,0.997763054152465
1.29735041773551,1.00113160822727
1.57969204540442,1.0331728883933
1.27057312059172,0.962582004756265
1.339335780617,1.10672340324746
1.73607838148063,1.09323334064143
1.63419445233966,1.1433585442413
1.42261647916893,1.15759591809943
1.57313851426596,1.14336379827145
1.59170815810047,1.10559016728297
1.59394333228464,1.09067800967482
1.49610937466807,1.08062958718452
1.74312019421063,1.35594971506764
1.35529600257737,0.991017053639043
1.65150250865441,1.15792552166791
1.76941811430398,1.3488123152369
1.43894056842894,1.01177710241255
1.50459113918499,1.01637040373449
1.64559377971276,1.06904717582326
1.67392170298436,1.29749189493327
1.46840747368358,0.983099438209332
1.4857181362278,0.999150817007515
1.38444170154389,1.08438494533897
1.44288306049113,0.961769131903081
1.53924526387045,1.00043593493698
1.65118780672186,1.17488429727553
1.33711691955668,0.955980647837222
1.48869666355781,1.00776082287197
1.56766875889642,1.1208651354688
1.49459167612945,1.10350112653157
1.57342110128434,1.10105599874684
1.38394059807214,0.8704050384545
1.62779414274147,1.14297201832663
1.54238073883103,1.04387278135931
1.44673833639753,0.992463274633012
1.34303506021656,1.05602170469566
1.57863718574654,1.06059573071984
1.6614857711578,1.12379051588031
1.46365743216965,0.979160955398098
1.76120256027398,1.09815512363348
1.78793650442763,1.17173285300329
1.39743577272308,1.08723407940877
1.58948117223617,1.0844172504458
1.71917451847621,1.24726270471367
0.939154779032952,0.781139234548185
1.60778530393873,0.978171384080445
1.56049672807893,1.13986564957543
1.10763633060391,0.903615796233274
1.19862132998395,1.01794697330425
1.48740990426486,1.06532073429147
1.67154248973093,1.34328532019768
1.51740891474647,0.9920043171078
1.33868407983329,1.04632269126428
1.7008528655558,1.35708310205107
1.5000017874798,1.12719405190393
1.67337006491911,1.31383666277484
1.37985432851925,0.991177549111251
1.60125988715417,1.25816975132904
1.20964652366319,0.997443582357547
1.53201979098768,0.952693285394326
1.46718062565061,1.03712694987484
1.6318757614488,1.06958437433301
1.31302287739148,1.0053730309422
1.5343604973578,1.04557218227297
1.39621807613582,1.17083123197943
1.44927507315095,1.05959724151748
1.5745846729617,1.05364763765604
1.13024403697063,0.838976819983929
1.40746501625145,1.01213665608474
1.65641065267008,1.07525112879528
1.65849864772522,1.11832269056584
1.59287330965351,1.15184133351872
1.56938165221005,1.10034055182545
1.35886565097497,1.14930485791322
1.43050339726031,1.13579155777391
1.55903532608367,1.07746984540006
1.57346172468465,1.11735143141031
1.45854264034505,1.02281995291771
1.76563491494748,0.981819976011284
1.81025651163507,1.20978810135422
1.68241629279964,1.1456612910607
1.39280545815955,0.999799179272581
1.57603306161226,1.11751054578098
1.33368607860986,0.93758026082658
1.62510701904215,1.06956922513405
1.29937287517634,1.06382106520222
1.53630297803303,1.05732133723705
1.60953465836694,1.02150042530972
1.33406848762239,0.816357698684448
1.71622211681215,1.1535171359079
1.57043256003556,1.09407323268674
1.54713341156742,1.1885096545474
1.47967535462701,1.11795145583608
1.81659891206384,1.32944290851708
1.67273838540299,1.17312385160767
1.43096686803428,1.05226952633822
1.46576829211274,0.985280663752143
1.21034028590911,1.0504907718294
1.56190142560679,1.06799414874863
1.37519586007831,1.08582610229444
1.50486560035944,1.09246389695639
1.7661034344201,1.29155808972791
1.10206140683432,0.80842773709165
1.57535831596242,1.08366918902623
1.07380431858736,0.912424775686392
1.34208670256261,1.14427782382503
1.27007381904095,1.09547202133768
1.6938073589823,1.12875620394246
1.59999620139972,1.17366902336392
1.61854289294076,1.009332374184
1.64262429227558,1.1350629277004
1.64787700609772,1.19005057506781
1.76252809995165,1.09671118478121
1.58039659932152,1.03356076245014
1.5035322814698,1.01837156768952
1.32715458921839,0.962916079472146
1.55097634926373,1.06087095721636
1.70730641008999,1.0921997239016
1.43142257939416,1.06243001884398
1.54460445625509,1.04697278150075
1.61973453198628,1.27246608201598
1.48069658302733,1.01079576460305
1.7149760857728,1.21246459782398
1.4497955197533,1.12507533491514
1.48362828089363,1.11567064791291
1.44551971611357,1.21529464367308
1.53955453542143,1.02412731105398
1.53742283245606,0.938257361171908
1.40243110021099,1.008848255806
1.32323465028797,1.10896736044112
1.6068548375712,1.10965036533771
1.41966904486993,1.05018853859405
1.44630784193792,1.1421777417504
1.64815431470873,1.178224686677
1.54992687706264,1.02364761594136
1.54612562608791,1.07571808410655
1.47656746567874,1.08367029301948
1.61442024739072,1.06180692461931
1.71877530335639,1.29189620165785
1.60405679727743,1.11695235482422
1.57105495792594,1.01955705103557
1.69840354859457,1.33898853872552
1.73993364699567,1.30011108204598
1.41495414864167,1.05263757252295
1.45715498277221,0.985379057519686
1.20058057221644,0.843096600932175
1.65277406092313,1.15063900373227
1.60677193881705,1.20018844645792
1.75280505693677,1.11153057923981
1.61430139550617,1.14292433487611
1.79704661966111,1.11062069210369
1.41888842597035,1.04523625648388
1.29042216773069,0.912674834862408
1.46612972434591,1.06969783572539
1.64582669233458,1.30723973429333
1.34635818298283,1.0028782157599
1.54625896091369,1.1051917428846
1.55808424526929,1.09138259990249
1.37579485342232,0.855311253891022
1.49879076929997,1.09471229663991
1.52523535323114,1.10009694866924
1.57838593040871,1.04223581769503
1.59780546625391,1.04519138328645
1.45823679172463,1.00533022790781
1.27242650069992,0.942189547957623
1.57157187108646,1.28749367586398
1.13638256951436,0.854521867791456
1.12625359510989,0.817305535483779
1.40125444966597,1.09917298320748
1.71559407358183,1.34953661298312
1.72695794134772,1.09719097900888
1.57539592280268,1.12728871646877
1.54297541073758,1.11887771981858
1.49700997181974,1.07570061413788
1.44038250835954,0.991837445674477
1.68756478490004,1.13631547927288
1.4808158387206,1.05424189283592
1.45281627346539,0.941701184063597
1.49240290419245,1.16923865305333
1.62802080255715,1.13837252386318
1.60425992206323,1.17670982782352
1.21874312888992,0.929917108894585
1.44240294868344,1.0129544694305
1.5827138594927,1.06023896527234
1.15083775990607,0.960454234823983
1.61911649085964,1.00919424572693
1.56552570791327,1.11618822544723
1.44189645553311,1.13353315923488
1.56555555194945,1.10532612271916
1.20414923542225,0.871157353514647
1.53718786082016,1.09057134165129
1.56312239428324,1.14342238826212
1.58395809411057,1.04315767702689
1.62547035133091,1.07044710414558
1.52974802720083,1.07784623601177
1.49826173166214,1.06631741496247
1.51784689175743,1.05012026363894
1.56965326992204,1.11413643595854
1.4890265932596,1.06226117363063
1.48803744575906,1.10628213369725
1.88252977684794,1.2484506831867
1.61649791212612,1.17590160422139
1.54999221793422,0.990306994040296
1.34432775498993,1.05825626596618
1.6131603529919,1.07320243669989
1.59911296361812,1.05367329572105
1.6739368899368,1.08949364609805
1.3976670260963,1.04516450038604
1.55281075308254,1.08729187200264
1.77685358102934,1.16682296469587
1.61907172522738,1.10434788753178
1.54032927337524,1.1152379865497
1.62787024302341,1.27048677407328
1.3649205759922,1.03812292516599
1.56792524921454,1.15888126989674
1.49905570275532,1.06992642949487
1.64901521200814,1.27508604561216
1.59852235446738,1.12440493729291
1.69367630597217,1.10437888730384
1.39167310978798,0.959686575485104
1.31669469437552,1.04583115064041
1.47132673448126,1.06285965891082
1.64774520623231,1.11956471885343
1.44888861086368,0.90817320408455
1.53102073443223,1.11162535532356
1.71331030058099,1.11678732774091
1.63043497893076,1.18856778027866
1.48865273135322,1.05387499652072
1.47906347506119,1.06145286620448
1.52629067417338,1.09903386733821
1.81310856018547,1.08004777654302
1.65480859905752,1.16282396935788
1.49976509138336,1.09429093887538
1.50737679275383,1.08959269664246
1.36792048504116,1.17375925584668
1.56671078199792,1.15235565020323
1.6061867153592,1.14636006193714
1.61517472551112,1.08984766882747
1.698690963555,1.28208391260238
1.62899569678787,1.13213506693079
1.47510666044695,1.06576653262449
1.45187870951342,0.96119501113626
1.32951105992559,1.04626949965823
1.59969004015777,1.1653943973771
1.51544363495102,1.20081536907881
1.60436565867438,0.96356146218449
1.46951683508303,1.0928046949453
1.4357526508529,1.12723144748162
1.44921368507424,1.23057937658106
1.49082262057914,1.01887445714259
1.73936199735674,0.93792007888592
1.46343585388412,0.955449326823472
1.60790971363632,1.03235554253793
1.54080621217426,1.04351301642006
1.54938453279953,1.0799838401188
1.23653051124364,1.01465689327403
1.52778840047706,1.04576028620946
1.56335717742205,1.1149972254065
1.6775682451797,1.00534294861024
1.50792083751728,1.02869724802479
1.29568823027498,0.948578520184624
1.39903202011782,0.9428570964347
1.49525805238415,1.06063659905612
1.18777179813823,0.949600814451577
1.57973443089907,0.957667091389956
1.52943311830888,1.01886999006582
1.5554383875429,1.04878954859274
1.45779183119709,0.987938036342843
1.56217848700323,1.02798787191171
1.42538131736061,1.07313684090118
1.431654077828,1.0315187582369
1.66966421844354,1.17893052228473
1.68229962885108,1.1488187050879
1.55569758019741,1.09081904662464
1.63505096591298,1.21272239128763
1.64678835696037,1.15715620111787
1.4988500283383,1.07810945847651
1.45296503995135,0.988374765842487
1.54295409184491,1.01299547241602
1.66647577579882,1.17431030103367
1.68921843511008,1.16375541219972
1.77789952981262,1.2199594665708
1.51925684663191,0.998314250212825
1.61113717329593,1.04924721284566
1.57637028811652,1.08310752896847
1.62761339945254,1.15505687538569
1.27637075428229,1.03782274475771
1.58840847058819,1.14240513152466
1.80675196328658,1.14612539017
1.70783493989122,1.33376366663165
1.67900545487344,1.13414082829829
1.5040646750043,1.02946817141019
1.79657420829679,1.13710593991285
1.45804503139075,1.10710652778451
1.9232184455817,1.24354267357146
1.73481692981627,1.08344193151591
1.45677775457825,0.917799532799439
1.61071571537486,1.02024976560211
1.48457337834262,1.12552052430286
1.77811676639791,1.4017696964258
1.52575780549575,1.04672606558706
1.42975381228704,1.01723060120423
1.56951272780813,1.08747942963167
1.55142235281756,1.05939241974439
1.70440715122024,1.06090781733507
1.25492856799904,0.992149929416307
1.42587245310458,1.00916152879309
1.58133151958461,1.10431052094563
1.57789255727456,1.08335801247434
1.45217669259594,1.03118880500392
1.66235915362313,1.16976817324819
1.58168500224585,1.12259786274717
1.64485000113456,1.13385100308594
1.521489790405,1.06516356818158
1.53875238178604,1.11816122483356
1.84812799317038,1.14297552291113
1.38659894975611,1.01783546897728
1.65515814896344,1.13735481777253
1.60321428027804,1.11381187564945
1.50479006437566,1.03589395336944
1.48630864952922,0.975741578234907
1.79957641299594,1.12849510217144
1.56709858133189,1.13557791214158
1.52733686859582,1.16811816172933
1.60065595992536,1.13167656950806
1.7446822784004,1.25853165001841
1.67445613969765,1.27048670281562
1.45515907685473,1.03642499622592
1.57412711433541,1.28280917961541
1.63500230368875,1.08913366677717
1.69316753576844,1.13621728673772
1.61059882899125,1.11276622859022
1.52324834743617,1.05654231125888
1.58135118452299,1.10021064317671
1.72793880258089,1.15304774688407
1.79886157391065,1.16850414679386
1.6952052195786,1.15052864728426
1.66125238101229,1.27124192638149
1.556223944488,1.07818815621345
1.62866179627415,1.16731882197199
1.42066887571683,1.04572167449993
1.54691608325786,1.08089321015772
1.52697349415995,1.03965186694966
1.56345829142099,1.04467804991904
1.42986687480707,1.06736838437619
1.5112173944342,1.22612682744036
1.30748578920371,1.06845579027229
1.68564017246937,1.16923966833512
1.45823121521274,1.08400339741328
1.58909039697606,1.14860517634011
1.76101758429368,1.27342629009095
1.36891583002845,1.13379770199685
1.39107642622,1.09084869791148
1.37901018066168,0.987915741528521
1.60336003408148,0.986455488357284
1.47942902690675,1.10196491568801
1.82773010453878,1.14047350917914
1.58656381941012,1.08828048293997
1.49666149645651,1.04142801586937
1.71974632646239,1.28446554037062
1.57160192219486,1.09283892271405
1.70277789833498,1.23387127065096
1.53182133942904,1.2149177559765
1.57702447511886,1.07752648744662
1.5254656939173,1.05199503463729
1.54752538991216,1.08729352273492
1.68023024391569,1.30465676354859
1.08385843966998,0.604048109795051
1.45676889328368,1.0658818592011
1.6360961569509,1.27115221657195
1.44757938936132,1.03645837011469
1.41879326232873,1.0256999885272
1.44254175812829,0.970747632038016
1.25981790820485,0.99181125914946
1.61321303698045,1.14164013045909
1.50096592546499,1.09604410105708
1.32245550233272,0.890184675989702
1.42031934321566,1.08713865028999
1.73124404771081,0.958567704986968
1.59040015804043,1.09488203427342
1.44784165132857,0.897607791113021
1.40463445665061,1.0030295138883
1.66233767356208,1.1953163986357
1.51340219145084,1.0873819683116
1.36062868427742,1.07363432566636
1.56952177885243,1.08720131833303
1.7264829068286,1.05947957266703
1.41556178830134,0.958243194235216
1.64500072327773,1.02133127816599
1.34570022440291,0.979181402438523
1.63793091211703,1.29020885369746
1.60405146373874,1.12973708990425
1.43296430368278,1.10592414074158
1.78979717877606,1.22294785849271
1.42483134808755,0.999120473073779
1.70993262687436,1.15238946874936
1.46289897945948,1.10550888871894
1.6306533395109,1.28773017965472
1.62461441030483,1.12920538170759
1.59630435097849,1.08024634812427
1.45401190176203,0.924837973541162
1.6278667058282,1.00672661035239
1.65800494858686,1.09878321609611
1.67877166254173,1.00547665736987
1.43295739824154,1.02388154532088
1.67809040742515,1.19543489956001
1.51898490864714,1.04886719924814
1.43149073954577,1.09381776340319
1.61353894172831,1.13319310759945
1.51905893135857,1.05570527799158
1.67960797499398,1.28430558757138
1.83339540246695,1.39463907494469
1.48321349244832,1.04138226179853
1.74039085779894,1.40167641790695
1.74756815771863,1.16871679271204
1.14941218521636,0.942256561850746
1.55928973786093,1.09288437799562
1.80152079205434,1.27702495339127
1.53505959553437,1.12702663397732
1.33559678402171,0.910746169087435
1.21074371245076,0.990291858377474
1.64050326300647,1.1143908133968
1.20610632200407,0.970012035837496
1.24343911393831,1.03688716261628
1.48233717686729,1.01346276683457
1.41193946925268,0.942198197765823
1.41715663618802,1.03382481259425
1.65090283349944,1.23929604662375
1.47884420438964,1.00856841877779
1.33188710596118,1.05608942183928
1.46688711422657,1.02438226961338
1.53817200112209,0.863370097409498
1.54724561024335,1.07108825601914
1.72565868405089,1.33464635919285
1.77933724533991,1.16638361198438
1.46034927847215,1.01507790402673
1.36333269067593,1.02509996289816
1.35869023512146,1.10312138810742
1.58744640906043,1.11451139197438
1.61584732375448,1.01317430774687
1.57541967315226,1.07638895505413
1.68863292443148,1.05857306652686
1.46728947259757,1.04522089254459
1.75024102858868,1.17996028860338
1.50147876687549,1.01931698538553
1.52110093724654,1.09684000982325
1.59327382592981,1.0558649008027
1.51970168969061,1.07009746085407
1.57577351370441,1.08130603047395
1.46516096856327,1.02841951132015
1.1458157856144,0.94907083835422
1.79442819192426,1.18339261044941
1.15002283265027,0.968896861096928
1.47703285997892,1.0483597853694
1.47889975528959,1.07281065312631
1.71934305493343,1.14823100794191
1.40467789635412,1.03011474985314
1.54848513028559,1.04845803151635
1.49803867411454,1.08793620377606
1.51827035999188,1.07811560578155
1.61013911788043,1.10082821810861
1.70240714668721,1.18537967549164
1.69526437973814,1.31247775773953
1.61227955502083,1.13544345802313
1.62714429103214,1.07911268304727
1.25643124459901,0.80263095979533
1.78007043035541,1.35046706882745
1.60770190820126,1.04108045530844
1.30948175131932,0.979914441103685
1.51281264962525,1.19607180421445
1.74307631273822,1.1440797351373
1.7077839016014,1.23498406731099
1.22892129175516,1.02978038835403
1.50330976598834,1.07966894043049
1.43846326286402,0.928583620208473
1.58966949344414,1.1024452293263
1.42366923542953,0.951501390573511
1.4436925495839,0.941424720245496
1.48202432419047,1.01682544833013
1.57033326248657,1.13054968397604
1.64381532783556,1.13891205147746
1.53890160544914,1.08586600715714
1.59433023980233,1.14599186888039
1.66504547662162,1.08854599712811
1.64499470133199,1.12395158193039
1.45675772913909,1.22016412692209
1.56795573053445,1.08852266522533
1.25447397443001,1.0537933998621
1.70064040151775,1.14706917339678
1.50946596751695,1.03910294881764
1.60590128167645,1.14326539094549
1.46246582859132,1.047031101194
1.49145841493517,1.15262690641805
1.57977162771538,1.06571870896886
1.32250338661603,1.12496566313463
1.33094839082393,1.03817929967158
1.56637491095214,1.0550350160041
1.6160360993737,1.09535098846874
1.51950099718045,1.21712520923594
1.42290151397318,1.00977044985351
1.53438309946624,0.959716314534343
1.50644196593405,1.00669419509172
1.60458860591333,1.05649500236638
1.23548706153399,0.979544003192776
1.53577845404247,1.07199581331057
1.64760968077642,1.02894865777365
1.48098547884909,1.05449812567801
1.44796764191773,0.980061231437774
1.35886872592822,1.08765228917762
1.25314914718576,0.976040408629225
1.44655541585306,1.25377728228714
1.44383024898484,0.988473065317291
1.42214869058836,1.05239295058123
1.62935797419438,0.970290040126782
1.1631675252288,0.984461106981256
1.42597402149015,1.01343330623111
1.52653226921322,1.03914784754417
1.23446606677842,0.928059703397406
1.2182271814818,0.924450723904179
1.66415542836394,1.34420248098186
1.51513130710461,0.979973449176257
1.51997668553464,1.03969778562143
1.62960747853029,1.17970549079587
1.16964620086036,0.88581313913083
1.62976120354384,1.15718324853033
1.36017522819769,0.974534618256334
1.39366790024612,1.00967938843577
1.33635903118521,0.862054489258539
1.45590427651818,0.830450149384548
1.61313170129803,1.27525879237724
1.64648270614585,1.12326537854542
1.2720676028584,0.985481036773579
1.58334370219413,1.27046406018159
1.61308730811816,1.05216845406499
1.53181821211504,1.14561634946994
1.45594363457858,1.0029755345813
1.61835931141415,1.07995985080887
1.71535590974664,1.30936368102557
1.51275563291901,1.0446213688852
1.44631466799384,0.951588624811029
1.69525210297219,1.19299351079428
1.54041908562823,1.12940216275582
1.61001321128824,1.09112939036052
1.2709701153167,1.03829637359004
1.44146362467262,1.06568955312001
1.41442745623988,0.987248413941727
1.60225880276519,1.10262076178247
1.51914355569153,1.11443124655516
1.63799125272149,1.34002961356688
1.64455932251606,1.15495134795739
1.52624181535585,1.07745977867265
1.53800209455403,1.12779199359472
1.52107114971515,1.12273936417962
1.59768884388215,1.15373991697452
1.44920858670712,1.04594736656606
1.57381683519177,1.12940546682038
1.51469297747815,1.04960546617838
1.50893768658039,1.13661943548698
1.74327539515394,1.26320275314148
1.4827696456878,1.06839062098518
1.5675700113598,1.05357292627139
1.49256940116817,1.1445805181311
1.54335088389033,1.2176982959097
1.55823488249106,1.07493559270478
1.62270494910067,1.09051096999886
1.73465452590146,1.16008670237258
1.32809864086443,0.987364877790807
1.57187013324818,1.13796601165892
1.5257472385967,1.04581814192196
1.60610430994725,1.07830428990018
1.66175962302161,1.08013101548339
1.53098131346639,1.06781851336585
1.66315978745407,1.26651592803205
1.90155718173769,1.164291349289
1.60811970720889,1.12929318491518
1.34665217782354,1.06774436312363
1.47860417897534,1.12511393002593
1.67809764940323,1.1500755721293
1.70386072130764,1.04108014598819
1.48263383642918,0.988516399244088
1.66152077476965,1.17455230688499
1.57858174508931,1.05730919861237
1.48627157820487,1.0904693619232
1.54739697356269,1.01685547462438
1.46866088310433,0.915611713182188
1.05931474847385,0.895756577004827
1.64163085187644,1.28157029475818
1.49625123581285,1.0101563437888
1.5084621157619,1.03565417072583
1.44428989721721,1.10347628957258
1.57426934020323,1.04558219059225
1.55018136961333,1.08321917241575
1.47546909664741,1.09406917357601
1.50770296298201,1.00736379916008
1.51182779907031,1.04817836228079
1.48411115840357,1.04909234444499
1.41067362324647,1.09800624379739
1.51501078432911,1.0440276239919
1.31412384920459,0.910127575285058
1.21567778751522,0.891925704736621
1.33046611891003,0.868257493108635
1.56703212967191,1.09634340865536
1.49144118484702,1.06193213695717
1.21934724793831,0.951304379613994
1.52878051378432,1.06549342254941
1.77845020114636,1.27771528502993
1.43091552000592,0.997205440752502
1.62744983379092,1.2285793059352
1.50993420469039,1.03794570312616
1.50413983974727,1.01256000793627
1.5428485793763,1.06487250389246
1.39812479526236,0.897772820788322
1.37191652286033,0.932512033212124
1.50516216205209,1.08710043546457
1.49195271462772,1.0751463611446
1.44633713326873,0.955964081250597
1.42168739418144,0.948945953383409
1.65025968187412,1.17852858752721
1.56082353677111,1.06410054709697
1.6609566768067,1.17412654119242
1.55042282846725,1.01656336236011
1.64659535237309,1.21646827080025
1.2842202387392,1.04828057942735
1.47922546979909,1.02367758291458
1.48241013698749,1.17163731092369
1.47491410229953,1.04860082184335
1.63811165093718,1.22968060108799
1.41378457950804,0.971554523856603
1.78766284127248,1.33915829093543
1.30929319599873,1.02796229382259
1.52033761194927,1.04474837538571
1.56317247031859,1.07422281001366
1.61101547277519,1.11184490302914
1.5959723935598,1.11112301304994
1.74988079543182,1.3516541107785
1.60352609649382,1.12323080327463
1.54572510363733,1.07155338482934
1.47197822219688,1.06645580531865
1.42719577211424,1.09213057449198
1.4224411724094,1.0517702505656
1.73122276529555,1.26549886410779
1.58983163163096,1.11675030900586
1.6818992989417,1.22786625102612
1.25483065929988,1.06110001645694
1.54832929960596,0.851961625246607
1.35843054625333,1.11134990976734
1.2834623931754,1.04724008681928
1.27942064963857,1.07599848828808
1.73299565139835,1.04788168566759
1.63586207044638,1.29334376958651
1.48363521953831,1.16373200029644
1.51099505408629,1.01391239524068
1.72005030864845,1.14471046948759
1.65885190911104,1.24804544990187
1.26180099193451,0.980567708951637
1.57885488413326,1.08193208190776
1.4595638065537,1.08178040436729
1.66933614644133,1.15770247691488
1.6648757267302,1.20154316220203
1.42722356554576,0.991320798600883
1.42001424452326,0.950438245372583
1.54035788984573,1.06672335689564
1.6719965139775,1.09885056895188
1.44268318515812,0.965052097335757
1.46512565861355,1.05278262611981
1.41807062208575,0.972792406418852
1.60040827978905,1.12550440068116
1.43701297552408,1.04310104879156
1.44895883668009,1.02634659755559
1.49803576306016,1.06424537429298
1.3432946039343,0.992178762358738
1.56918055646933,1.04981247741437
1.50070652657028,0.970590996110141
1.49835008710079,1.13108889896172
1.53965450878354,1.08173489360046
1.75616930681116,1.19561884861791
1.66554862967644,1.10583426246415
1.64128032044814,0.95848705617645
1.39899083349671,1.10107435539483
1.56303973446214,1.1179407377542
1.43888579602233,1.04772241415332
1.45477151839635,1.0332907062345
1.48536079049277,1.03439158226946
1.67749159902328,1.28025596766103
1.3236325720893,1.07733237947032
1.52854801741711,1.05276873380493
1.5031405438475,1.05051234735949
1.52613040144055,1.07433049152898
1.65576390777792,1.06105800116347
1.60220110877001,0.999369746102275
1.7519965222016,1.12979691940574
1.65875591852214,1.14825109433601
1.29215733957979,1.0105775580678
1.57852571773882,1.05298445108825
1.7649567785165,1.15337130891843
1.58602405518723,1.09856701932636
1.53841508948986,1.19551438266828
1.66870647050532,1.16629174684628
1.63263321635288,1.11783441627215
1.6456894493946,1.10096728801802
1.4836733245257,1.04492388454309
1.64467000754741,1.1340926060425
1.41211784414333,0.985068239041423
1.69892801289075,1.19228961347539
1.42549733969034,1.13707227671008
1.40358205748795,1.02604735323906
1.45353279928664,0.965171849015658
1.43059224577106,0.986408863724805
1.5785227938725,1.08711324553733
1.71333543169784,1.20196363419011
1.52707868913937,1.09623086571278
1.46955428894812,1.20266461673554
1.43373152698923,0.994464331973371
1.58907885836825,1.07226405556044
1.42905105425372,1.08474988321455
1.39923613491128,0.94406035678565
1.52936761439409,1.06868769683566
1.65610210727633,1.21685536938841
1.81076860221678,1.37464838333919
1.66782509648428,1.25808201535504
1.54770464495782,1.07061282697696
1.65920470802846,1.14439509450944
1.46681854004474,1.05117971396853
1.44078365314493,0.906844310595926
1.64451976685001,1.17229686085616
1.45518410497925,1.04196905735355
1.51096865109803,1.16174917621595
1.54927200951568,1.05813791911826
1.64702879034604,1.15679845435266
1.75685346318887,1.13075748407337
1.48469097603457,1.05260154463659
1.26224062852001,1.00977499024091
1.39252474673272,1.14397802830587
1.34406413057633,0.902283798211813
1.61282124837449,1.11538876758964
1.38961546701916,0.969460971157385
1.83692527381483,1.37200118877422
1.68858381301965,1.18304591682595
1.45309911718535,1.05307213782106
1.48348031855586,1.29080765076028
1.53089531544517,1.12049730773347
1.47283821011243,0.892375472798381
1.40611427573879,0.995351105219591
1.59975877674118,1.04725204638939
1.48947761315381,1.05925417826846
1.66424555402457,1.14633530162958
1.51320932150135,1.12215194351482
1.80799919545116,1.30449023689793
1.67360876379861,1.18405376199235
1.5774006890657,1.26018647559801
1.27100854309171,0.995796289218853
1.56101994591856,0.995087674554948
1.67975089159589,1.3314054085133
1.59068009439135,1.1322590722954
1.69027431299993,1.24997933182444
1.59011366112549,1.15035388447847
1.76342328076533,1.16308605563284
1.4675137679055,1.06154893309068
1.55070312236097,1.07045433110285
1.7142437692314,1.34317779180777
1.65094492298639,1.03660933131639
1.5672440086067,1.12507026465111
1.56580721083178,1.07939589417563
1.39967035134559,1.14026774888109
1.37746790668975,1.08103034538606
1.64436216124545,1.1585822884393
1.66856347334327,1.1695354769982
1.64918870661095,1.18562599784493
1.72921677370529,1.23403669328623
1.60278099918381,1.14359633683655
1.73603981291431,1.31153374673873
1.6632127026557,1.14325500515295
1.6850283000893,1.11744657808685
1.61855124097206,1.13416226973461
1.47737366615215,1.02911244797978
1.64793867094808,0.938240804953499
1.65754222097388,1.23388257730381
1.65094070277058,1.14868989646689
1.5634766623457,1.09736866565266
1.59216034846308,1.09218504646685
1.5451620581714,1.12799703466726
1.5362587521104,1.08045970732049
1.64365562039125,1.22214156956528
1.58364491191685,1.14381896573737
1.51697072049075,1.09722107312084
0.97692767862889,0.799864610414448
1.69890701816631,1.23256065766846
1.57947816460445,1.08185229448088
1.55166013966197,1.07595486793575
1.68102763412998,1.11925578421338
1.57423430874219,1.05051021140032
1.44342471753789,0.960716778132507
1.6742449187343,1.22358550579943
1.32832566079846,1.04912595279264
1.3078474771238,1.1200847916667
1.48990350796955,1.03964669641381
1.56830472045398,1.11308369641937
1.59859465265286,1.1179144907373
1.42938271906295,1.02088945707185
1.80296147687014,1.33225725356289
1.4390641792534,0.954791056636556
1.65478068451077,1.17519335793381
1.18429429866349,0.919989075183907
1.57004430177238,1.14437133797266
1.48919191515602,1.01700444524751
1.4810797108171,1.10764329061599
1.47615241734614,1.03906488409784
1.57219865943221,1.11348293834771
1.41273617074139,1.07716893509609
1.49559331728903,1.10533842322977
1.75605623288286,1.18709350602973
1.16948064811593,0.986020094326548
1.55938611943913,1.0778441987725
1.58713426325498,1.09861193490974
1.56118679549132,1.0888296183344
1.71768482223168,1.21111961273919
1.32580144826786,0.933674002705882
1.51211796756818,1.08010663879841
1.77916529718506,1.11606255273286
1.44353948591593,1.07611142513639
1.39407855048941,1.2133903155091
1.44172103570763,1.06005492804514
1.29494560100178,0.982725058148182
1.11677123370199,0.94943332976924
1.50323149513535,1.07585891347778
1.54518310079789,1.08973609115775
1.57427407690176,1.1581184343152
1.56595238906776,1.10162388996355
1.49607899045874,0.992329232706178
1.58621498980557,1.13039029850546
1.54555900026606,1.08373449978454
1.90093281509182,1.33625690963755
1.46312464339793,1.09214660976818
1.4090088380549,1.09380300531824
1.59217666337565,1.14685642454265
1.67201324597743,1.09949266955248
1.82542792152542,1.34220927055592
1.45466953162768,0.95896770256899
1.58930545858815,1.06217634885407
1.55147194773685,1.02616141490639
1.56028638441465,1.27186804538069
1.3230628721567,0.860321911576757
1.74292243486114,1.35354649138331
1.70502523216775,1.18111439044959
1.55058606608565,1.14870484877698
1.35300710266177,1.00379055927545
1.53252998714828,1.07364234281623
1.33881275189145,0.991218536405875
1.56044190150925,1.11332848456772
1.43183337460494,1.07331848706736
1.61981318347321,1.10338228679765
1.55321018566463,1.0523811377912
1.55179116575104,1.14106720148943
1.49723037196764,0.96776485752449
1.55391532741772,1.08235341871105
1.6206593985487,1.00591962713868
1.74222331755658,1.07416874007317
1.53542630266222,1.09829400926395
1.61828966052712,1.13804283730421
1.4718012739023,1.15271366983774
1.40641361773867,0.982005102714803
1.55256592320526,1.1242026992301
1.58882535998522,1.13115674691615
1.65013828405377,1.05024604571158
1.50613251942837,1.03746950786215
1.4938516008553,1.25177219696103
1.52799096998266,1.03776937584066
1.56739724359611,1.19873678656717
1.50781679400064,0.928454260095831
1.55798086034473,1.13014550520407
1.34758425264805,1.04525581809637
1.70430897948858,1.36285964571483
1.57284667945751,1.04873519898379
1.66639358180234,1.08525620362405
1.65554044726219,1.19336060762735
1.62973543424994,1.06731700471073
1.23118010379744,1.01000499770779
1.22691570661804,0.928306874086535
1.59427835560741,1.10255526418474
1.57416512886833,1.11651090393978
1.5446379555482,1.06772580595804
1.54856756877698,1.09620679764542
1.43678546287304,0.955204847651589
1.47191489218252,1.15491340634322
1.46720019733758,1.01470952071149
1.51988846696279,1.02948456486824
1.32013908407721,0.984621126752139
1.55770091664789,1.03373749443952
1.48571246453509,0.951125195033108
1.52854396964378,1.03000039128992
1.54415614956618,0.948468528237932
1.59389461292719,1.11541583491209
1.62070901624339,1.38147655868025
1.47185904818822,0.980872022089787
1.35496501031327,1.06078291720351
1.57208685628861,1.06479851848988
1.59006905335115,1.13685101388356
1.6829127598045,1.12795314795084
1.50401159560718,1.05575668868581
1.7312907949141,1.13106815664924
1.79492346739115,1.31509740133677
1.615033670091,1.11933174381615
1.48469192642743,1.0582356350029
1.41104962304688,1.10847212645989
1.64833528497463,1.16372653688199
1.50732723953576,1.08370951609215
1.55257138049144,1.09034915011889
1.33008069201066,1.07029321705512
1.63541159340314,1.18197516612557
1.57681740750386,1.10364420528596
1.48439028437059,0.970775282169651
1.49211298100417,1.07110199530288
1.43262914213757,1.01947159514888
1.60476979747722,1.08327525576525
1.56066609426517,1.14039231546554
1.43660387197776,1.06121958985828
1.60002971912412,1.19158259849215
1.40239009377107,1.06686074206997
1.5042490634458,1.09763384511394
1.63237391626921,1.26611117206174
1.33707688967159,0.995794441587508
1.62772725459998,1.11193957750419
1.75734488526067,1.20192827756981
1.58302366664636,1.04503611404431
1.53680017083637,1.10248982125187
1.52190330116667,1.03144437803622
1.76228087927472,1.41710399868233
1.63170604387574,1.17604876009652
1.59547732525854,1.10868480127956
1.50851774511204,1.13572267435529
1.74016786579425,1.19681888961327
1.59822050221044,1.14584129497427
1.6133025936179,1.30542774885276
1.59566307098002,1.18745116142595
1.30281710431725,0.989124546679375
1.75109988985364,1.17398238972886
1.38459459549412,1.09254790039067
1.74180140496332,1.24522009959301
1.35241176502861,0.922678136122265
1.47811237086719,1.0394701566148
1.85782101856628,1.21954994768894
1.32317041808267,1.0975619457244
1.70862703641767,1.20462067042886
1.63169823397374,1.19136326865063
1.63544727946421,1.11611781172754
1.77467168938817,1.13899494392167
1.49212193810662,1.0643823719444
1.12504383168861,0.820743042654897
1.3845831168363,0.926179034340751
1.46808770011553,1.07011711621203
1.5281093988479,1.05756294927053
1.35601704621,1.0875015368415
1.51156312572136,1.13704856345837
1.63181757990499,1.11686682984247
1.49709009360898,1.08576250378189
1.50233840068665,1.03251106848851
1.66082123402857,1.19790803072764
1.32165666556855,1.10501970929395
1.68095971804781,1.20768064675612
1.38937858059241,1.06235991628617
1.67108256387116,1.27078138225555
1.38998511590658,1.13277687397977
1.48783823668303,1.08415223343943
1.70613299337404,1.17303035440126
1.83021659721163,1.19385155308239
1.41576143077062,1.08615727217807
1.71627443190122,1.17812460060151
1.40010734816013,1.08863242910896
1.56736198489815,1.05301714749337
1.48370516367435,1.107823395923
1.76627703455696,1.09931818082754
1.4302947019029,1.05515486081815
1.63212558891552,1.19686272957382
1.66985887551452,1.12664349737969
1.38709223661055,0.995517267735229
1.4458758868594,1.00359769267677
1.79396634653013,1.30717714520653
1.45036288386469,0.98208279491321
1.6714821295858,1.16874081381472
1.58794132583777,1.11817841154868
1.50039536392739,1.01848377274171
1.6149350788136,1.16579341794988
1.60511148458137,1.14757662799863
1.33835593665195,0.886435410404124
1.49069728558263,1.11537465525059
1.55371274375486,1.0749440891259
1.62549662034742,0.931400693981411
1.58853433291041,1.12119267526046
1.64852821399144,1.23980295100427
1.72767482540237,1.07040181239309
1.53705378187394,1.26779000596114
1.78593560114096,1.40121469823443
1.25980542547691,0.708627035298451
1.30428595677425,1.07174257171134
1.50445672296068,0.929323834538635
1.46379859028139,1.12542033906952
1.44408163773547,1.03471734188206
1.53122147495542,1.04795787133945
1.56967297685572,1.04280047921263
1.54655264008506,1.15045842868439
1.42368509946854,1.01874010784997
1.57212870306542,1.12002396873928
1.50152158095101,1.08567795288868
1.41633569043512,0.950310952261088
1.62466274106177,1.07953357801112
1.56615679574479,1.1517284872319
1.59459098921969,1.1504315466486
1.23412725837028,1.03841142922396
1.558133127015,1.08925065341248
1.55066891122884,1.12123979474815
1.70975564987983,1.09664654763602
1.50611929685122,1.04627533115082
1.25309525554944,0.980550711756012
1.71986780195135,1.34877966780028
1.67392428561554,1.12270465410461
1.76238419362156,1.22677105082299
1.59400739116175,1.07430334940992
1.44024242005485,1.09823345545849
1.73017617647599,1.33342062349851
1.31976750934102,0.90568408324744
1.56986022738076,1.08047639272876
1.45875767657925,1.0964889635712
1.3349401631562,1.01173209513007
1.64909967313235,1.30023851072853
1.42181234582946,1.11407923130548
1.31045567855629,1.08445779252138
1.70057598139673,1.06010524046294
1.46937978164697,1.00350172126782
1.62973722072052,1.14895451529386
1.75674448772037,1.22247420594528
1.65741774799153,1.18513082049925
1.76136710657821,1.27315979019575
1.69513025045701,1.30277773631691
1.47617647316301,1.15857777549101
1.54662462895979,1.08579448095061
1.5400497793071,1.1554636917969
1.33843419269277,0.949810677784735
1.36268395293473,0.923724586476429
1.19768296753933,0.937156907965056
1.59487626093735,1.13049335524945
1.40831826890225,1.08432244310969
1.33353103872506,1.06994768532878
1.50050192102452,1.05748227747457
1.45165093710458,1.07935809860548
1.50394610785065,1.02793794601138
1.32496684666256,1.08999347580311
1.37234412015235,0.949219971483907
1.7133044276277,1.09715310219879
1.51992456161504,1.04954051389978
1.70575251325834,1.28940958089623
1.58167742992299,1.08715155121677
1.64533328130283,1.11619446853333
1.59880804177963,1.17731562278277
1.59617511918545,1.13186547470114
1.54573456216147,1.08077989306957
1.55503087375906,1.06970316466181
1.34707304867178,1.0372798398582
1.36468657954066,1.10098127241104
1.52190646409851,0.988163753894754
1.58483556726722,1.14176309328195
1.50427009436592,1.04680836087566
1.62818014548866,1.09052298611848
1.82599611029134,1.44550747334322
1.40823848597794,1.14516028251682
1.76506930992993,1.15284245876335
1.71612382480727,1.1959511004208
1.67958427367614,1.21513059643459
1.5925973944881,1.0731068787648
1.46019938605022,0.957486143317174
1.41173894087924,0.934670796020002
1.31085652091538,0.990542184423549
1.44426264902918,1.28814501030204
1.36081318584736,1.07701277553611
1.61339041569677,1.12120293027017
1.72306799282974,1.25328659339326
1.54206724364758,1.12797075683879
1.63722404925889,1.2491343440349
1.62939197968625,1.14905928966382
1.56199261275116,1.0811419903694
1.44117556920891,0.989030086233684
1.50098741257758,1.0633443309769
1.7973701385989,1.19154577801201
1.75943656929334,1.28406065259793
1.41049886798154,1.07921567165036
1.12320729063553,0.820840912005215
1.67709797617032,1.23074944139192
1.56419417602304,1.0521593703199
1.67903972976242,1.08947982043883
1.55359698487015,1.05009673830112
1.59290080318312,1.12347908698658
1.27513411137933,1.04127323560592
1.64782573156751,1.10261035758537
1.54092588859212,0.882838017802707
1.50315894727007,1.23409453525951
1.40696690579419,1.03639428144828
1.41696125049169,1.12428905899072
1.65720111761829,1.28451327327736
1.59921233312717,1.12285655883376
1.59221054238658,1.1197146541009
1.5424748838975,1.01977849278258
1.3718606507875,0.833199075536468
1.29133089057437,1.07931842438509
1.6172588743376,1.16803428624491
1.61536977251046,1.23958760550097
1.69995242546966,1.18168240572466
1.77413623181452,1.16103798827354
1.47310638993473,1.04471939990398
1.73568720311633,1.27495894109097
1.55850137371936,1.06068686334977
1.56352290718856,1.01870719401586
1.35003528519494,0.961401796001375
1.44586941602432,0.987491031208778
1.53815948555195,1.04838409350609
1.37540676926052,1.08071343736717
1.41339969917249,0.956888912475701
1.52822936472982,1.0301978442556
1.30143202365633,1.07231355732127
1.55076658209544,1.23075034044456
1.5113634671787,1.09634086669564
1.67053857248538,1.28608106371281
1.42535766051114,1.03376069513017
1.8813376743786,1.28542593296979
1.61157917327717,1.14103140793548
1.78214071334942,1.33961171684346
1.55740227856394,1.10972083358295
1.51587811209108,1.13688312184621
1.3958209663714,1.00416039968509
1.66516071439235,1.20331116989835
1.48082259415786,1.04497469919399
1.58087954964893,1.07193631684036
1.49129680379935,1.08514160867619
1.66522894874056,1.17865437899957
1.30021456440314,0.873998845275366
1.80505114882019,1.18607560370148
1.46724190148882,0.977312733544054
1.49624120084074,1.0841321405333
1.64837607355181,1.18884372218462
1.50843707903933,1.12802220338776
1.47040846110631,1.05099467024515
1.42606677906391,1.07579230424276
1.74722283145236,1.36220863651154
1.62722502715077,1.07713744637753
1.51282801870859,0.886657602463699
1.47779752266045,0.937670732238827
1.51547429231117,1.10583471624385
1.60024205458377,0.891071671832542
1.20719799560105,0.887633731127717
1.4169643339272,1.09873681481085
1.67471906431467,1.13904885722807
1.75104131351509,1.22468564736619
1.63873592418581,0.973864517096775
1.60592994431348,1.18097412171163
1.14864974293771,0.966270850113834
1.59543827469256,1.04919375427463
1.52405149877171,1.01685646056363
1.52704391095761,0.980576567166458
1.60468122437977,1.19001453912926
1.54086254425725,1.07181439182967
1.71034767303096,1.30717686773241
1.57642879189884,1.15032714265017
1.67372024529543,1.09950420461372
1.55019028840684,1.14730692439044
1.53626013963751,1.1195198643698
1.46411152754811,1.01434896036715
1.56862370890168,1.08724700878843
1.58430950086789,1.0849713339177
1.67963010672233,1.12694992537294
1.39611235242546,0.99242303636747
1.61294067112356,1.09586286949764
1.46060228848095,1.03361979562264
1.66681087381512,1.20018405727993
1.45199441430316,1.14240137365677
1.39001881545942,1.05010287980601
1.63923693712237,1.30598706122135
1.69098248883037,1.2910508403131
1.15656387909572,0.853671939118758
1.30813051455806,1.06682519168799
1.48513086844652,0.884980722688806
1.52441955390376,1.08878893662212
1.51955838588024,1.2645796509549
1.53249320342853,0.978087105331205
1.59778128413169,1.0771446974446
1.26562914669027,1.03079448312158
1.54414499588987,1.0535998267324
1.64977801083005,1.16981724999506
1.5412625916746,1.0415776107503
1.58661978643681,0.997360387764485
1.41381817101376,0.984706909786846
1.56306619848637,1.08796354179498
1.27243203159662,1.0416766757293
1.61588896912862,1.08582137779304
1.46999878379394,0.913071179847127
1.42081218230763,0.85017322434884
1.29926355758369,0.856266428496767
1.55331664039578,1.11220910257791
1.49346177291603,0.979492811194056
1.30256456164189,1.06783371100891
1.46285903453466,0.969058108347951
1.70087279616616,1.17046239008216
1.48275636506897,1.08568474359201
1.51278603219626,1.08969073355019
1.41845567011611,1.08149611254898
1.4693984283511,1.07607929708779
1.48596211459281,1.02952864231718
1.63049135175183,1.00557376937952
1.64783889278905,1.10599182752234
1.63711070639277,1.13782588587478
1.47602420615708,1.06469451292442
1.58326666827251,1.07978285120793
1.59116856920164,1.28672873468284
1.38133097015459,1.1372186918125
1.57710465604197,1.18228361910463
1.64355012776292,1.10633227900017
1.35636367225018,0.927741498093437
1.43236711627289,1.08092809688033
1.56109920717669,1.08519816448806
1.18050236172319,0.897120445733891
1.57916330416955,1.05328866985009
1.59963927656975,1.14111777934823
1.56598983628674,1.07710728493923
1.65000861934284,1.03931207820229
1.51451376207933,1.14261651418037
1.32450034844776,1.08982262505691
1.50270444501032,1.07978340269236
1.44399276812975,1.07017437291747
1.45432622297896,1.03645418445206
1.29796332711269,0.964036159805255
1.57017568387955,1.10972998278906
1.52294369336082,1.26901232390023
1.38832831500837,1.0711717678486
1.40240776036151,1.03311055681043
1.47273986030246,1.06029542890081
1.57168188405068,1.06822871843308
1.66712519129066,0.983111562861712
1.7694216119348,1.32968538865638
1.62983472515255,0.985763542920133
1.50982746768943,1.0433749778834
1.31305597833002,0.899771935931645
1.42998777073934,1.03126950118453
1.76993572565909,1.04826035009384
1.57765136181113,1.11075484867051
1.6625459098775,1.08303813395624
1.74703071682442,1.11195904655849
1.53366764246719,1.10371443165917
1.34705726147323,1.00521921543865
1.21109257974548,0.996135428703746
1.52894311365934,1.03774859600468
1.48788971598191,1.03016674447069
1.47023472641629,0.986386551500889
1.61195054919613,1.0254356918145
1.83496825315905,1.44447431432036
1.36633397173445,1.08277004133639
1.35178157361511,1.07871187293987
1.68664222345786,1.15723456027176
1.62181165179789,1.16112955765752
1.56436691756203,1.09114689438553
1.63806004954663,1.12102426268649
1.79279116405872,1.21223882787904
1.4030643017607,1.0239874275753
1.54704378013909,1.12411080350376
1.49013246694491,1.05579859946848
1.64990454741288,1.13367675970472
1.60756598984788,1.07850303866076
1.49240297644431,1.01952198370395
1.30786123052714,0.945255787815331
1.55481855122889,1.08182688442328
1.52320721042888,1.1124930267484
1.3499869949585,0.947427864773962
1.49219999358019,1.06535458189115
1.66172713870076,1.21079962266914
1.52415915648691,1.16349075066573
1.4908244130162,0.962261822245719
1.36624599387388,1.14992314262654
1.45889764668586,1.06265937432436
1.71558003480919,1.25522528070044
1.69673776170301,1.17214151779159
1.74256749532955,1.16723478300433
1.6213639447076,1.07516607528183
1.59826214021436,0.976126565093015
1.50852231895254,1.10502220424403
1.24561660729687,1.08020403195463
1.7854609461684,1.04839639726307
1.57437310996038,1.0646642603879
1.7545683901559,1.17774001842058
1.21056207655178,1.00001182204846
1.33744027897024,1.07503988680087
1.59755384228512,1.06381771385053
1.43046167790019,1.06668459442889
1.39651390507417,1.14111730886573
1.52264736201631,0.995559989681377
1.36491989891657,1.06418977525977
1.47347134538725,0.998077550173205
1.34402439801504,1.08952584218811
1.54153691989197,1.05569519372408
1.83055019237277,1.21474066467478
1.64142077179229,1.19829662116274
1.56810175955092,1.10965971428407
1.51895861346219,0.968212713961599
1.58237623162947,1.11441857648118
1.42834774078238,1.02010722846522
1.57052298019259,0.994505879348274
1.60283131815016,1.08799577829206
1.50694132837241,1.29646176924615
1.5004134990659,1.03674638997226
1.36080728401254,1.07897864301887
1.54360412492059,1.11219609372426
1.1835550056298,0.992903031440583
1.25853740602329,0.978943035492977
1.2587682247901,1.06792861079617
1.53496268974664,1.0333537465476
1.5665926441729,1.11313943497711
1.49407009539319,1.11787256970637
1.45030712894546,1.05473345138332
1.39433931404281,1.15186730225001
1.61393603729772,1.12923395128131
1.74099331532041,1.16712295628949
1.29789261716867,0.913575173707068
1.56054933165532,1.04071946025076
1.51900484231443,1.03731127092433
1.59232693730649,1.10883292279123
1.60029572893561,1.13979489826734
1.40634203219694,0.997463538024341
1.64080770757936,1.1257884793693
1.70593958241264,1.05782003651824
1.62960144956271,0.982145650326638
1.7282843326103,1.22237746338699
1.51416954332377,0.873356560573357
1.62248944278284,1.19053251744421
1.50157965224237,1.07317467905502
1.30677301527792,0.81795551772203
1.67884161033169,1.16242098081869
1.24170219228054,1.03698548049449
1.53415928402794,1.07966923795716
1.6983874072668,1.1202073356056
1.32898806469126,0.989717283276802
1.62949759906939,1.27267466833291
1.60537516603591,1.1705499295029
1.45616638100999,0.986017180586428
1.53106511711866,1.12286257529694
1.44854087079776,1.04068523289556
1.53703904045568,1.03036401941639
1.45263779784744,0.986979262396127
1.69323937295136,1.04754308402524
1.57700120222723,1.1051304162502
1.52594254428806,1.03159115961455
1.49441226311526,1.01948429283485
1.43199554425852,1.02896746732431
1.18007603993343,0.834937877766088
1.60539474274554,1.18857774252568
1.52525304681492,1.02651825372393
1.71473348257485,1.07318725700479
1.83964700371352,1.2854461817599
1.43887228836667,1.05537787219311
1.63489279563296,1.26971196296498
1.64956721910333,1.15240006653696
1.56812922493281,1.08154242909192
1.49214128051471,1.05696786383326
1.7984979560996,1.30723707206888
1.7247043794916,1.12022575473957
1.58992116080095,1.1126657524199
1.7018869982463,1.13616525403384
1.52813196717287,1.10926466076975
1.52755747718433,1.06117831328515
1.49232225116086,1.06125507761053
1.56616505374196,1.08060928897314
1.639900043018,1.19201435665211
1.6267907553455,1.16675739385502
1.3502608571611,0.994533719479248
1.71210909837844,1.2422254042506
1.45295503231583,1.06184389927999
1.59708216204933,1.0807873825098
1.3126927001344,1.06188741432205
1.57760041336141,1.0678958184961
1.69306660979786,1.03338412950911
1.46791313671399,0.946381190237939
1.63648546358125,1.06272533703216
1.5500130749872,1.08707153780211
1.66375260737646,1.13350795563278
1.23212237382549,0.733467318137817
1.56205728861408,0.978874254814229
1.64820043189414,1.1494331142251
1.88464379468893,1.23898426078114
1.41292458239521,1.12219006928732
1.63705542618708,1.08329934913394
1.24607401409796,1.04581753384016
1.57197250318139,1.0927267155273
1.56838520061377,1.15684197837997
1.54884829704404,0.946083539361698
1.46937416289766,0.985495707102847
1.48381913356164,1.02102957731993
1.56651180775753,1.08193721266136
1.37044050376086,1.10890450429148
1.46285794270676,0.980956785047589
1.67669398201003,1.20138296643302
1.58689161727361,1.26511613067171
1.3272753891927,0.91086974303145
1.47261262666158,1.04149148677739
1.52351754016768,1.07821436268983
1.64447627609411,1.15405228412355
1.58744083228579,1.14965180178208
1.54827170194833,1.16035783981458
1.51233162234296,0.963726943647195
1.57806182628038,1.06592454006977
1.68526383266568,1.17575535015258
1.57813613201067,1.13137370978139
1.50483500857971,1.02536956298842
1.73146324085077,1.13770533077425
1.39252777886962,0.882709069534942
1.53744708560472,1.04321424529143
1.52848061456342,1.07929388441573
1.19755380560472,0.901844249789372
1.56479369564727,1.08125660246448
1.56105984144414,1.06775762833157
1.53893591173833,1.07234397582124
1.2895107005088,0.922069079111955
1.85137543854108,1.38696921727132
1.67792468829948,1.29884756713096
1.53076039816774,1.11583940790202
1.55894648865054,1.08032193878856
1.53462156433034,1.12220097225119
1.53930931512168,0.983500675645491
1.69591428066813,1.29767441907203
1.49613613883827,1.08414595078226
1.71649965574529,1.29420590620767
1.54056739722445,1.06713256923636
1.72660712644536,1.33088411755548
1.57683214915112,1.37203101251826
1.70453295065562,1.199126731333
1.54012118474056,1.03643888414092
1.65172441338831,1.11969934916816
1.64294868363877,1.16226235942388
1.62513462047542,1.11968230136981
1.77243357943021,1.36418231391011
1.47261993636249,1.02497696416226
1.650213846469,1.1832228342633
1.48376176755046,1.07022071613346
1.48650947769707,1.07453147522136
1.58426340410313,1.10880782743449
1.92887291182268,1.07424587492499
1.70652334094483,1.35210272743589
1.23544924200511,0.961121753826525
1.52503478829105,1.24067302295403
1.49013489177928,1.07779248126659
1.29237451343687,1.05194717500136
1.6932259074855,1.06709892627526
1.466148648877,1.04013518186345
1.62837186616972,1.0878846155591
1.61534660121685,1.10268112587344
1.17462679786097,0.999844524790396
1.46629240947836,1.11191703461869
1.59527148635056,1.08517447102073
1.44451968839262,1.17665980429736
1.4856271410651,1.00386313613134
1.57025227896413,1.10437120494964
1.38836819976143,0.883754368037935
1.65077119169639,1.18016128308845
1.26857541970816,1.06682092600747
1.25388047005364,0.921442945896957
1.30001656814966,0.771000816366399
1.38077058346722,1.09310432547826
1.30159164128402,1.0303700332112
1.76038240220862,1.2753139697188
1.46680043207486,1.02314756797652
1.48778385863783,1.06924312718585
1.24865407094235,1.05114503355052
1.57951955590396,1.07377745774138
1.20420412842159,1.02849783846342
1.67886510559746,1.29603199340155
1.39501420610999,1.06156266760466
1.45058773559491,1.01794510307211
1.50829588659383,1.03791719935714
1.43104500865317,1.16262632434843
1.49330038520624,1.02238902512435
1.36603441267894,0.905143547907633
1.54712875088464,1.1052765796015
1.39513393163171,1.05561848414333
1.35251578161881,1.1578434889458
1.62173021646291,1.08497893124066
1.18949738536743,0.993523438950329
1.54295514554002,1.07475783906207
1.45767728048379,1.02744717613524
1.52477737278144,1.0631415212715
1.25365877628934,0.865064746146127
1.57159107765649,0.997561187290247
1.67694241736106,1.06381087162106
1.55372550953428,1.02419579290084
1.3806855665596,0.896559320479954
1.56480318570876,1.08135797407613
1.73608563134281,1.04177432293405
1.75145035460486,1.30716899833967
1.62175759015123,1.13888100882722
1.43246281275317,0.998096136943772
1.49072341312008,0.989429214024253
1.64006411563963,1.2112008974197
1.61414193797274,0.978097741561446
1.58592616706017,1.08538879086175
1.54079053992125,1.12825683900387
1.55664223513483,1.08006899015033
1.49714824825049,1.09240007287761
1.53116067108688,1.03631947832333
1.61645961850678,1.10364508811529
1.65318778931608,1.30292727485848
1.60319857001561,1.14702629227576
1.31923961594573,0.847889875545563
1.49718630468531,1.018151782563
1.44484505885189,1.07396589591815
1.51277245029602,1.13270000981642
1.45843780841838,1.01049544736266
1.4898423115812,0.96291841173454
1.47975586941653,1.07295307102325
1.7191217668614,1.10822578725015
1.38679779192453,1.01659833102709
1.61531505620818,1.1085560827425
1.66794217393649,1.17376211019036
1.53447585389007,1.02165676474891
1.81972162961022,1.19095986038854
1.30428255946896,0.992162359546234
1.51635567232665,1.03551918889287
1.57100317576496,1.12773564522884
1.44331186918769,0.978637864567744
1.35893944185638,1.09031477303916
1.52225195525881,1.07682106751664
1.57845931554446,1.05126763638275
1.61665906226707,1.17144199950795
1.63064918873296,1.14206963957123
1.69728918643999,1.19437622338788
1.51035575572083,0.983218115345207
1.46948998686558,0.978606067814288
1.48735631358691,1.06451005690302
1.29276707317492,1.07001109674076
1.5820884321422,1.10127191372882
1.43271610750695,0.977635825734882
1.75337640877278,1.23438003954428
1.62983986707742,1.20670209001582
1.66924183881862,1.13589311639342
1.33606221114462,0.979933518166109
1.49171697212582,1.07402708697792
1.27410367596698,0.972723484091148
1.32261064430425,1.03839952571944
1.56851727554399,1.08039627323547
1.4133245660315,1.06084206907171
1.76364166142851,1.01740516180269
1.66002517340545,1.26040287615674
1.45440719437575,1.06223654857633
1.64064005254305,1.08748562282002
1.66984983824035,1.17123365792447
1.25592947126049,0.940256695610874
1.55702964042373,1.0683326853862
1.51034012153941,1.05714251162828
1.69986160081808,1.16156620013185
1.60136137998137,1.11357475174424
1.51868317163288,1.07916555752073
1.46343227817315,1.10470179484783
1.51341741790312,1.01453737659316
1.43020023372153,1.02581366596186
1.71821953866874,1.12387515052118
1.65737285874906,1.1963834575019
1.45090975490556,1.11214148893304
1.65920580043842,1.18410621733855
1.41466882984162,1.09468106316224
1.54838452116658,1.14267604212538
1.61584514097722,1.17933530723583
1.53560346871959,1.08094469984961
1.48309221899988,1.10472314393831
1.3712392213218,0.947061310570069
1.35568172727538,0.943993051711358
1.58325251003964,1.17185794284076
1.56113449144689,1.03379200141359
1.42242798289102,1.1226183523437
1.63681020595289,1.17786186114624
1.52041099855701,1.0761748427881
1.54119791830497,1.07773034867898
1.43372928324246,1.06055317264895
1.23835023236025,0.91475866945927
1.50336099651615,1.10707366144925
1.50054112214575,1.12764522284219
1.59562104194931,1.14571317061838
1.64166838443932,1.05908979194744
1.460775339726,0.948021497459171
1.47749652552273,0.972208911711178
1.49618133372531,1.14542801413392
1.43003213112809,0.972954828800693
1.54258442665948,1.11564389655068
1.337365208453,1.01112822690002
1.79052477626216,1.20764449307758
1.70269315641565,1.15505694010125
1.72077939744241,1.09504922382261
1.60293920277439,1.15939513328439
1.72087220758074,1.06425167228848
1.407515953266,0.984923577371672
1.6814348002399,1.08443226328128
1.22899852139092,0.995435504784387
1.65394080857714,1.24012342026554
1.56150708154569,1.06685740204259
1.77344531270242,1.16889376841175
1.32382543913599,1.0279791375713
1.38923913271688,1.113745523993
1.45019685375591,0.962303183883897
1.3924435819512,0.90271633686043
1.68707402801041,1.16391531091916
1.35612038389468,1.07463091108727
1.48748525324382,1.07158863781158
1.88198844513303,1.29677406166787
1.38971701195898,1.01692208686291
1.52151159314521,1.07694448521622
1.23083798378177,1.04289096056516
1.47369921923452,1.07772964383255
1.41693846217554,1.00723232155131
1.5701969841406,1.15170028303951
1.73212086542736,1.09728144408211
1.4196191036274,1.10650491742696
1.30721003837941,0.883680558966265
1.47129776374801,1.09170537937737
1.17040013015138,0.962649390951257
1.49104993981841,1.06066093437383
1.79827383062296,1.04091025910643
1.48728550663075,1.01163407212872
1.62523765963681,1.0894029950493
1.48417055623142,1.0596055582645
1.63206291749623,1.11326649686661
1.36612954703746,0.922247011321385
1.356273146756,1.07872125693578
1.1697527634793,0.859028580733041
1.54094344882836,1.07293859736025
1.47937944403831,0.991372808493068
1.54802657062731,1.14611398629701
1.66241108790466,1.09882611186925
1.12425680008235,0.900107470040561
1.22202833103761,0.984156799203805
1.72806409018317,1.08716253092896
1.39139687845513,1.11148817968166
1.67872632444681,1.20699942845567
1.52950777466538,1.14671052469858
1.44667429463205,1.1252575002167
1.50566347563434,1.07026342885702
1.70066082639423,1.11866360840761
1.62514645693897,1.04448333362451
1.43009617455799,1.12717190092065
1.54764271121934,1.0986917707496
1.27240392519895,1.06037366047358
1.5351188898502,1.11415254716905
1.69291672912662,1.22819460250757
1.2617906663451,1.06636294264737
1.63370127895917,0.951224367770243
1.48092749121938,1.061189944743
1.45293586971991,1.1268941594067
1.54398415764881,1.08688749138845
1.48371822711757,1.04434314219712
1.60835513494844,1.08696207193584
1.5467191653296,0.947579577430606
1.51008792152973,1.08610014275343
1.47642492800659,1.03487206167131
1.35922340295688,0.929157665327766
1.59421436864553,1.11936213192274
1.51820022909112,1.12427659758185
1.59090016530106,1.07371206756196
1.53902537552765,1.03682020183748
1.55709511788551,1.01062224088511
1.41120974147983,1.03251336054203
1.58162730205084,1.14289154261976
1.70775207467332,1.25392855243097
1.55578447784179,1.09984648941116
1.54234233761526,1.11931033146346
1.25400937064373,0.994827660224092
1.64768317505448,1.08672407152523
1.71253691931031,1.26863306306708
1.24279994481805,0.977388763888601
1.68133478119475,1.17086288110565
1.55871462212364,1.09947537816411
1.50819290375544,1.04889522037314
1.51309916681171,1.05967749180275
1.51090625348888,1.17313285610071
1.34835848446144,0.985725194726175
1.32102951413643,1.03019798643678
1.44466231134684,0.944108137850082
1.80143657805468,1.16799401340788
1.52981650508991,1.23185767089239
1.78209237170913,1.36580874939538
1.64350391760131,0.992722426939568
1.39789330841915,0.94195533336174
1.48612279176528,1.06780596909708
1.19204101308109,0.885187784898715
1.48067018884628,1.17727776719001
1.43180551444484,1.00730915210845
1.53188060755732,1.07398802577473
1.36308358543666,0.999804521056525
1.53995559801248,1.0053942502267
1.56559505687603,1.09680405636765
1.31392315028803,1.03054378355511
1.73730326502235,1.20593833053194
1.50338513351646,1.12947217323185
1.61274051799575,1.07321794913602
1.46513621592149,0.983723724266018
1.30878892517141,1.10048192639372
1.41398614303664,0.992773854902214
1.5443777210502,1.09082659188991
1.38092235854956,0.976323740971712
1.58474225128881,1.0126549937205
1.60964202182324,1.11937490184062
1.38824058233165,1.01711139563017
1.42894594919554,0.987971818485051
1.57343981508206,1.11766174810948
1.69902515976998,1.1164397295951
1.31778868652421,1.00830005322369
1.65970307043211,1.32566546752955
1.73471758736722,1.28060615552857
1.59061554492311,1.10053517005472
1.36776217934762,1.09325579781671
1.37797696785619,1.14209777737819
1.32678823180482,1.02683175873072
1.38300247198349,1.09129889591994
1.57729708464618,1.00438704386664
1.48020781070175,1.01507637054797
1.58208010880489,0.972755304725906
1.43155490258501,0.990148969564912
1.40636247665763,0.94857983509244
1.56790090118956,1.10765519217113
1.45747326644878,1.03103204237117
1.57973353221435,1.10996246929044
1.65234117081873,1.08880455113765
1.7186340875805,1.03413312246003
1.50768343793753,1.12789799035064
1.61259828203067,1.15804798704964
1.42961492111562,1.10607345892794
1.49716484602912,1.19975219916922
1.14137480890474,0.963559164208979
1.81480999681256,1.09115991718278
1.51025470040373,1.05493683780219
1.3994228943715,1.08240081927993
1.68277634132908,1.30777490851676
1.56890226555285,1.14739743477395
1.6518089596962,1.28594582696497
1.49898155011746,1.06114085549067
1.52562981691063,1.14714644941703
1.72367755367853,1.23016948789119
1.26068836877688,0.819141264286322
1.59705289047344,1.15342966297861
1.57731863512166,1.11447112045562
1.5507916650479,1.0963973431504
1.43780442791403,1.12724259118346
1.67190843846591,1.08857105254411
1.5355264919527,1.03524068935551
1.68694365672041,1.18583269516072
1.5492156934123,1.06818223589926
1.57709077675143,1.08640298832377
1.54905195329221,1.03758950959751
1.29151906854344,0.959601666065526
1.53773015856602,0.856655115700479
1.45682729989414,1.0452932124247
1.61310386111578,1.18373298476283
1.24282904155045,1.05312194689136
1.5109304034182,1.10760871013514
1.61902418551055,1.32556386128085
1.67287888322477,1.10336419873188
1.40612889082471,0.929155801983652
1.55824286683805,1.0892159018459
1.633649343595,1.26445018695217
1.74879984460938,1.30977731159682
1.80848276778278,1.22466188333927
1.2309078419999,0.894846285797399
1.42870185073966,1.03751833196369
1.59866961604877,1.09201264329624
1.63198995210153,1.07175705793492
1.60585938368623,1.06914184729285
1.50238194388756,1.03872570599139
1.71790851896957,1.17623625692892
1.61870494941218,1.14367643872246
1.65806083658418,1.02527137389106
1.52666136725112,0.994746805600829
1.61828022270154,1.12458022792051
1.60795923231771,1.17088172562021
1.46118217939308,1.04751413399331
1.6004149333659,1.07652972902748
1.60386045382389,1.1063951709466
1.53107401090184,1.2082753190631
1.57748298393244,1.07080810571774
1.39753902841556,1.01340338097909
1.47947567392681,0.978661389703272
1.6040880892326,1.15982810130813
1.43405684848445,0.959546149070829
1.31036704356722,0.889149287698602
1.58884699187781,0.981580483156773
1.51704954700979,0.98779273743506
1.55661409451191,1.03404753900959
1.6992295631812,1.15497371053374
1.4235344202413,1.0305514812723
1.43908803390573,1.1422333411749
1.77254246159827,1.33948754968816
1.52079326765726,1.05789907038934
1.42977501251441,0.965646740493431
1.51653787466239,0.99400642765885
1.60743607846017,1.1282926201018
1.69448259487887,1.13843398650939
1.72559120878317,1.29339819399489
1.4537922388165,1.05881912628016
1.84844911460535,1.36887844468961
1.39001240145466,0.887946032380113
1.46590055115709,1.06714196097451
1.53873347206572,1.1005459053812
1.57574910640595,1.24903602501112
1.66364514677039,1.12414135436974
1.68054508230674,1.31562118923424
1.43321173351306,0.992660002222452
1.70452769257093,1.13578800611578
1.72246860933939,1.16189514813449
1.39435562126251,0.951410766062123
1.69920995163814,1.31791966088448
1.55056765355554,1.32645700325705
1.3273700804681,1.03213263259793
1.71103180190391,1.22066393352045
1.63931736059929,1.12597602445395
1.44554331560592,1.02142197814332
1.79606230092245,1.18131013718105
1.65909281682517,1.06021684322646
1.52595933210935,1.06414867091764
1.87172298354497,1.11054645422757
1.5164983552297,1.05295852964032
1.52236579015587,1.09751572276795
1.68361818777276,1.1150754619448
1.46723816556389,1.01413827999795
1.62449412007156,1.11945905969955
1.62567745561574,1.10315900471168
1.58058875451875,1.06456408709651
1.5330581852433,1.13503702444422
1.49032826706267,1.08424859149187
1.48395686146574,1.00580858498808
1.59769580264874,1.06570104318232
1.65986900665512,1.13378640301696
1.71551964559313,1.08792549273807
1.54947820783079,1.11713483180229
1.49080465244989,0.943210759574666
1.59921116279738,1.12773260548847
1.72695330094207,1.18344699167898
1.50588137676224,1.03393311774703
1.35145341303462,1.00303920476739
1.51883504476734,1.2956907976367
1.62370146425096,1.05646627070014
1.6925203108089,1.18655764226093
1.44093739958486,1.09451267029615
1.73659741928257,1.35399745330628
1.537182013575,1.02670146790557
1.65944916158317,1.1975458907909
1.79147829890227,1.3461564184382
1.62037517671526,1.28002195269386
1.72991558533094,1.18306541918776
1.46721823935921,0.997135250871323
1.64509897565019,1.28193509297192
1.61933275357871,1.11952248878342
1.51861506059236,1.08143893407739
1.69195285707997,1.1879534874709
1.53065550388441,1.09039458911003
1.47653828901371,1.06450851295582
1.48490969068871,1.01701446575488
1.62764631789352,1.13225517953625
1.80946767980448,1.14874536215481
1.65629000322654,1.18483652169226
1.54783748423408,1.06884999359918
1.57717305193705,1.1168659430151
1.59288732812207,1.11279144944725
1.54060014787424,1.18215896806724
1.59430794337343,1.15746852830145
1.50385090636427,1.12340049546209
1.54197360478951,1.00842970980175
1.25687010415788,0.756372675150719
1.63798819799681,1.24308333714023
1.63106011609973,1.04907675683357
1.21077074362573,1.01664373311414
1.75663332549793,1.23569652139029
1.62159548709411,1.20600123169768
1.41682032584886,1.11610910206659
1.47347943635918,1.06335569906107
1.61090785555199,1.0867374361781
1.48904286468913,1.06891825432025
1.56004292494319,1.05656625697339
1.50490866103363,1.10021510466601
1.48116216766642,1.07490422382948
1.38828388025953,1.04450183063551
1.60209754467644,1.13002651679229
1.4822867157303,1.07289258694241
1.49529163949616,1.04096509328214
1.58973032104226,1.13181869602482
1.72949238957969,1.36157323304938
1.66556250217868,1.0958118335487
1.52498693241618,1.09931942433111
1.36928276784745,0.865499031874709
1.48134871046056,1.06394522463464
1.54910227393916,1.07666217502016
1.56527714366781,0.982138586900786
1.53417285543911,1.10237128523068
1.48581449051965,1.04572121540111
1.59406125933636,1.04721991651302
1.56152680749502,1.0374352992038
1.69662599687611,1.05891715652173
1.54055268170963,1.02611122703554
1.64235768288036,1.1296572414356
1.35506622489544,1.05157417389066
1.44837533465439,1.04775813247426
1.60335806799797,1.11897448310972
1.5000704535037,1.03243955305997
1.27662158240084,0.988085437126261
1.60751423419205,0.987269294560412
1.50493509764275,1.09241243427962
1.68026193728246,1.15704512063997
1.50396562096827,1.00942163534994
1.7340943740283,1.25732764524337
1.54315425768466,1.12415652236701
1.69297108856708,1.16309343470485
1.53119740372377,1.15962848674041
1.52711283918899,1.08613612935216
1.75253229118348,1.32482103469327
1.44760209938263,1.10042820845455
1.45304898727983,1.15009938050206
1.38195829280199,1.02714114099553
1.30556800777577,0.89664834774304
1.62541034273663,1.07414388738158
1.40400859117467,1.09548661161147
1.55040998578945,1.10364965532205
1.70007507382728,1.3502220529753
1.56897759384486,1.11101323472732
1.74917249243188,1.21391182237018
1.53722539950899,1.07298740834575
1.54958052059574,1.13229940754764
1.73805787242959,1.11125313070817
1.46627262395278,0.953513017128027
1.4997820643027,1.01509641471239
1.86284474191707,1.31131484671471
1.2742350066264,1.04731522376075
1.42294924004313,1.17373886468304
1.37644040371563,1.0451303124274
1.54718429257049,1.10485412593177
1.43072277389711,1.1503887759784
1.51231343659062,1.05530165586606
1.47977558359809,0.929201696836934
1.63386382982178,1.08642920198405
1.51357087504398,1.09719096473846
1.71018802852018,1.24256626952558
1.51949451178259,1.05997115179861
1.61029861517345,1.08960628038187
1.6225168852411,1.10158302988344
1.28543111871259,1.07039349620563
1.4262918052923,0.947668316483494
1.54378765629193,1.16825204381001
1.58376416579673,1.17276168312991
1.37356659593656,0.925395089578052
1.46550728851042,1.0335102222208
1.63229387341912,1.15075915321456
1.35972022909847,1.00326277668248
1.62912439225346,1.32837029661331
1.293844921352,1.05638795318827
1.59735884859117,1.12908952289529
1.16945632263811,0.978005185712442
1.59461297256405,1.02541176097138
1.90195053434184,1.13065573181822
1.2694762225334,1.04229635549854
1.62118595271277,1.0992487543723
1.3901994811775,1.08495363768345
1.44672954465312,1.03859670509148
1.5328378792359,1.05264066029219
1.60228515241215,1.23737889100486
1.49235015320644,1.14688876322115
1.78538224073954,1.31088128681533
1.5734684047288,1.11907595379376
1.7516458724175,1.21410647846132
1.50242396784783,1.06802725947654
1.30190941767405,1.05225859010819
1.56437638279828,1.08064354069135
1.56288249920659,1.10825136292431
1.74022714161981,1.21117815678018
1.47333646092452,1.0584757113186
1.60237687563215,1.07725610993679
1.55497043021626,0.976533566096184
1.46326315283137,1.13954542725035
1.57463012024503,1.08100562645442
1.40372311677901,1.08908304131229
1.85330049747383,1.17096206709482
1.60654184482601,1.1412205584865
1.41936593447568,0.939143165139219
1.44099702276717,1.04676843108674
1.71956388293566,1.23255181376175
1.54280322618416,1.01894533406348
1.58330376020962,1.08564548826944
1.58097150483487,1.09769240367821
1.46606755943121,0.952024381383535
1.53225200769604,1.06185487091917
1.66781299189018,1.1375451663655
1.60737324044679,1.17981931706606
1.66881832970154,1.18918449054573
1.73636931220991,1.13508738486251
1.71984978946558,1.07717621739456
1.8840309849705,1.2017334818599
1.63878035484847,1.13210801206264
1.37234257023105,1.06667451636289
1.51554711863072,1.06187666903773
1.78958997678571,1.19043679093199
1.71437260770114,1.11335214154141
1.33544186401813,1.06754389502556
1.77551894612115,1.19393598338696
1.515436112925,0.994456168237804
1.21583360974075,1.03285037150685
1.53536812067137,1.14875600817513
1.73394526432384,1.33745763002288
1.51845656779816,1.05854292075695
1.49152548840902,1.00969853543904
1.57002443427131,1.14943523757446
1.40425055132416,0.937866881873183
1.63590286045083,1.0619398037223
1.43258182770926,0.945022095871883
1.58507989591298,1.03994544424424
1.58221473598785,1.2831148957496
1.27690587820916,1.08032928142292
1.66795008694732,1.22511988355899
1.76204235287145,1.11078358507503
1.41722969454677,0.941129055199121
1.61032524701838,1.0846085087822
1.49909879843953,1.10268075380882
1.6558921390382,1.09740205261841
1.46526818169383,0.997621823323147
1.28725341421448,1.05860002441824
1.64998960199251,1.19082207276421
1.68457891909548,1.27781470489238
1.34216539564137,0.799037507021178
1.45382782591692,1.03953166779278
1.44394049384668,0.992694022835958
1.65599679748657,1.13994854501145
1.54209095418555,1.07656983308017
1.32794442401608,1.04987867036048
1.39291903216585,1.12840571358586
1.60315417250129,1.16840993448309
1.41461719753647,1.09033939824502
1.35019550958102,0.938278282918492
1.27257129943762,0.970689417906584
1.39540322866834,0.980045752825277
1.68924511890489,1.18753261297091
1.79588631606215,1.16290526308969
1.43481695405978,0.959466644352586
1.65044895763078,0.945264559349044
1.62422017691225,1.22345008946603
1.73265825146482,1.17762048768884
1.37079952665916,1.12363252334365
1.70079538778344,1.13254228770308
1.47690357032979,0.956739083540935
1.52794643228966,1.07292980723365
1.37557395480767,1.03815875476831
1.4698833824873,1.15031801143607
1.58631071652904,1.07737200849287
1.55632113094407,1.05131613044587
1.56833279863837,1.1658293705128
1.57963830316087,1.12528740632453
1.71688222235364,1.1528689541909
1.4164048065844,1.0462111705385
1.77683092693581,1.13554359106179
1.24393169290627,1.04430554903874
1.54075561288309,1.0725271377559
1.5757826821797,0.940230956935509
1.34285070061349,1.12083060830408
1.65647496440184,1.29879714103936
1.46139918983201,1.02255081909411
1.33018588937057,1.11496220659251
1.69826909406171,1.12879145212388
1.63848438030886,1.12114648287115
1.53914493543019,1.20835107331442
1.65713066184964,1.11957480342861
1.8063631318824,1.11459199035443
1.74694169792928,1.23267500035299
1.22278884758878,0.837776939295481
1.54281111381677,1.13714889359061
1.43810508895793,1.01801126600852
1.53501783300705,1.08425556335035
1.41619960997953,1.06677875336457
1.76700646391215,1.19540026084421
1.62386648589098,1.12348947963291
1.58813959966221,1.17892488496233
1.20906392750259,0.974939302717409
1.34083550676427,1.0485106626704
1.48367689486625,1.09280192936865
1.7124931048355,1.35257888063909
1.57705281446354,1.11190986145023
1.55057192340383,1.15785308763909
1.64513924775565,1.15022910192873
1.46934134037524,0.994401601153414
1.57206236813354,1.11598208884897
1.6969611963383,1.07738395355771
1.39601202952062,1.0247649865318
1.64674136867654,1.14203002692003
1.29139018991899,1.01139184131754
1.59152663991767,1.04016129270938
1.65948437245313,1.08231198989374
1.58560995199494,1.287895350972
1.4511856627075,1.05139782494747
1.52073572290428,1.00747112917744
1.50899947661451,1.08188272811877
1.44924107821839,1.10234499191328
1.50083745035094,1.0521123992054
1.66361957889907,1.16582923578117
1.55951027588559,1.11048455641256
1.43507176633662,1.04305117901411
1.20872778749095,0.99836126685221
1.53970846411841,1.04037100459078
1.59218386031738,1.2167117135078
1.61164139945903,1.08876246662622
1.88555851640565,1.26770746851673
1.56632490419607,1.14477928170434
1.38444714187574,0.838814042079526
1.69905821031803,1.17864617833987
1.45064879867623,1.00934697765587
1.63766350268133,1.12001724323295
1.55442524239423,1.06984972608649
1.65212868133484,1.28622771246087
1.52589079207832,1.04812847953325
1.5177953617242,1.06648484484838
1.50020972955108,1.25494196822696
1.57884614670187,1.15600600180676
1.59655987268461,0.947012788688086
1.17018774444852,0.970139220854835
1.68453728285536,1.17900071420534
1.68381310382207,1.2719816074187
1.30385271932873,1.08350534227202
1.25194381021492,0.716848731832388
1.58307983292471,1.14909567195294
1.7540738808168,1.16881245862224
1.42719975107347,1.07750075068672
1.6329423458487,1.12667634235698
1.31470913878059,1.10939656246542
1.53917582380311,1.0711838447786
1.57534436134272,1.03571962875663
1.27137953577012,0.983458221397159
1.44992551105923,0.911932701496494
1.71561157126857,1.34174068194789
1.47856477534622,1.05904344777807
1.51218335986096,1.08142262817823
1.46920169639977,1.09799638801915
1.77884512540174,1.18717041034394
1.48139447839542,1.08500527686905
1.55864235131047,1.20512183665349
1.45465065946163,1.03576223441349
1.64230698719521,1.17553715789836
1.41948173253597,0.918583027766407
1.51022785586123,0.965949527881351
1.58168029435583,1.1076108941215
1.46009474776515,1.02431354194642
1.56935710491717,1.1085327867569
1.5425708886854,1.05218678112844
1.34894378467617,0.887122328002716
1.76668225784227,1.13545367453294
1.3404062094542,0.899374188056227
1.30696273615254,1.04791100904167
1.59083951615758,1.02089017761567
1.47593914451836,1.02793884104483
1.67178115214367,1.31219787020755
1.62809495136426,1.06537583287848
1.39742956154733,1.10978255076679
1.44691510857574,1.02639051575289
1.9434945123543,1.24426370028548
1.32180977124413,1.02268296944921
1.27881111155146,1.11026071440362
1.62744784023712,1.15788302241789
1.61939781854129,1.10807071208579
1.67354715427802,1.33675515269646
1.58349369353672,1.05634865025743
1.41441758575867,1.09961145632165
1.56665448498559,1.05572260023448
1.27413938084328,1.06442157658902
1.63131686179818,1.17069243762748
1.45473699329622,1.00656722397618
1.63056880765786,1.12490715615711
1.66747546518514,1.30525435883566
1.54921436658868,1.07075047873708
1.44153891883032,0.970778837099059
1.41849996764445,0.99585343827668
1.52490345869017,1.14610144484821
1.45632140808402,1.01257055221421
1.4562444559746,1.00121883859819
1.6573075049776,1.09442613795534
1.72522956745455,1.22773986481507
1.57606818359413,1.07850498600291
1.62872077044621,1.0552415704073
1.58777010856759,1.02654913726791
1.6053179450908,1.07094142492117
1.31416627435274,1.03432018501984
1.42940861515334,0.904301026414806
1.62135143657648,1.23835435236115
1.5893226732012,1.10804387009947
1.63909728369554,1.21473780681978
1.68643995293472,1.19315192271713
1.55057874050087,1.13058399504565
1.60195015127888,1.12218502768196
1.55465049263537,1.10189415286652
1.57518861330679,1.08647402674379
1.55566943658087,1.03089300151106
1.53388576214812,1.18457299528031
1.57771498177861,1.01570924760968
1.64009121929142,1.14542397246257
1.53995874321675,1.10256637031301
1.62719728793031,1.13710585164566
1.52990932564255,1.07038528473415
1.57493045203875,1.15467379014206
1.4721078866661,0.970821951247468
1.64227018933847,1.14479005654245
1.30880642742122,1.00749041050892
1.62921125161207,1.07816849549285
1.33956931840842,0.901206044819046
1.40269068655493,0.98937388538324
1.9163577026757,1.38494077977231
1.54495817757281,1.07854270846106
1.67873107185132,1.04400953161342
1.6706946702527,1.17227359012475
1.54114436270625,1.01058489060527
1.67092931011065,1.12756862979227
1.7734652080803,1.17587172193882
1.68101985287001,1.13490328386373
1.29900138404101,1.00432329347171
1.62716588402673,1.07890150748046
1.58557837998922,1.06904244179864
1.58538330154361,1.09977311563172
1.59230603057721,1.13209169951452
1.50117435020552,1.03505242059475
1.58851929540241,1.09248956085929
1.53972809993351,1.04147544278046
1.61851884690861,1.15302453467103
1.53512128948347,1.09627840752644
1.62396431219292,1.02842662359793
1.53953414861022,1.14031782254489
1.49428649931542,1.0808715509467
1.45614273992671,0.995321437232486
1.63410741633626,1.02805719960608
1.55063023381572,0.977875849737931
1.41511036570708,1.01528305348328
1.36702551241879,0.923835563139641
1.55488062572695,1.13029257954519
1.68184550956169,1.26861274198848
1.73980712436348,1.02569453424786
1.66994724602734,1.05281045481212
1.25380907813586,1.03971357040286
1.54237382755677,1.16603806591948
1.45469663991284,0.933442111598824
1.47006785131159,1.13299704878673
1.62989533911724,1.20667318450352
1.49237487689924,1.01748138102453
1.16723218090241,0.88533523650996
1.45031807515102,0.940963937812469
1.66750480885652,1.14928576150314
1.58353589414314,1.08646592776925
1.68615492314566,1.32324570577018
1.52417800696463,1.05341038663164
1.34642966474001,1.09372616534408
1.62646131915684,1.16758634058708
1.63265631931858,1.13308198201787
1.757689313978,1.16161340188505
1.61513614060639,1.06242790758733
1.14940223450791,0.952468233163844
1.700808772524,1.24138725373738
1.60218320622899,1.07637578716458
1.50227910317589,1.07927760287855
1.43809141552207,0.929137316746508
1.68689152780261,1.30443564760878
1.50445311606571,1.07402089300648
1.23432930514066,1.00520548800076
1.53486014009668,1.1480003422222
1.54762240996574,1.12695919970883
1.58200852901933,1.32511757397209
1.74487411553765,1.18133008841213
1.75770868775586,1.12102916050285
1.58373550572624,1.06709525790789
1.78666920534277,1.28380973023912
1.59796132226613,1.27054532610701
1.95493123270083,1.20868762109663
1.24340233031464,1.03349173207889
1.53173709116669,1.19269395322953
1.56419990176249,1.08460864116925
1.54330815220766,1.08821907512956
1.4268627631675,1.08588709747814
1.67309214726012,1.20253103586588
1.58708535067065,0.910681952445143
1.25930621949981,0.941236747971973
1.70525239586895,1.16088079569359
1.39703605822747,1.08390044223926
1.43204687348277,0.960592466869748
1.58640236333711,1.21349128269399
1.60646571963113,0.927305526472998
1.52055264800536,0.983987772676461
1.51020876139751,1.05272087217177
1.63159148224166,1.09800517579646
1.54967591169456,1.03277913900932
1.66723791138207,1.05481299124549
1.6806577297563,1.11631315380881
1.53048034544329,1.09886967326377
1.48751385448134,1.04270158109842
1.67286080473772,1.18481995361608
1.24340592691456,0.958874517341465
1.3939180557794,1.01719436741412
1.56833852296538,1.09540355071462
1.5616457047632,1.1492297034509
1.68531751463554,1.17570882628894
1.3613360273856,1.07608645839984
1.48744384638677,1.07061395716089
1.54229511468539,1.13152353897955
1.61718759534848,1.14521271746975
1.65381400635009,1.18114646297647
1.57741470847388,1.15709212034012
1.4204443164812,1.00827704148495
1.42911541026456,0.960455290773173
1.5024580504365,1.02496224455685
1.71578723101493,1.06224342388644
1.65462361720886,1.09219711427396
1.62570776926873,1.28927070098657
1.45007092227627,0.974620578812108
1.51604857733056,1.07735810580525
1.72630207736413,1.19123819631201
1.56122377484782,1.13822650296198
1.48836051300642,0.954684395658931
1.56525693542344,1.16718755163166
1.59683754362016,1.19643761080119
1.72277269073245,0.962233076388032
1.50556576324028,1.09587505023109
1.61110601895728,1.07011380842321
1.47594742290837,1.05316855124762
1.53637942811336,1.01496705872935
1.42224789746965,1.0063191760839
1.4953160260885,1.03219448147425
1.52755810921667,1.10514368058808
1.3535974859254,1.10949489309597
1.57937565596367,1.05334467273411
1.86879920804434,1.18464017482109
1.44430203511111,1.03053274163479
1.48811913612428,1.08317757619004
1.57942709464961,1.05779094919758
1.34401868538989,0.933808158507057
1.3916109388958,0.916059151789152
1.513130573701,1.03898293678186
1.7438845532059,1.18768599024052
1.43292746115041,0.952524980949203
1.9048123831086,1.22954545310064
1.6033432466874,1.00957265905838
1.4650005842115,1.04945381756968
1.66293220027226,1.29931678209949
1.26112439102555,1.03690019735003
1.62001961506561,1.17348252386839
1.40363970739824,0.84351958740764
1.44978972774922,0.975629684441672
1.58636025965528,1.09184090743123
1.56520758129423,1.08305282741981
1.59868348364104,1.04915449647675
1.530192951459,1.05801094853479
1.41699694673708,0.997838222381422
1.41525273728986,1.025692100566
1.70637722191051,1.0882746988333
1.4157386245183,1.02434577828072
1.31575846225333,1.01202305358918
1.41085909795331,0.985043422749619
1.38305472136102,1.10466280985712
1.4958908524897,1.03569968661431
1.66476800005363,1.13268553589527
1.63949742874331,1.10179779898079
1.44160380529674,1.00040000921499
1.60395960951756,1.12011420750572
1.56949131385135,1.0299398807299
1.63685796174199,1.13706851761365
1.48615001876336,1.07435075175788
1.43798527133828,1.03110842263511
1.53177327186335,1.08603663741368
1.68551049184948,1.37858393192405
1.46535400607346,1.06054454202239
0.989942659455179,0.800722148310522
1.61990663831932,1.1541948716957
1.59861592657923,1.06585199810518
1.61352573347525,1.08228749389965
1.56067085707109,1.03256840591862
1.34753815743344,1.02862495985236
1.56012096273629,1.06844658233433
1.51112355117782,1.22800932183769
1.58874953689842,1.09816126011415
1.43548569151918,1.13473852061138
1.68187657203722,1.18686080885115
1.48873312818615,1.09918355118589
1.72456903099761,1.19551139803594
1.52706102225666,1.04365657885586
1.65119365037056,1.14831842707876
1.78643923018867,1.23419334616154
1.77043559837233,1.40585610142497
1.69320624516603,1.17425074446178
1.56012010756502,1.07628616405052
1.69788468584396,1.29666808494145
1.59226466718857,1.105168849301
1.40805537474726,1.16519617592438
1.57797266710988,1.10921674755769
1.68744236139119,1.01380797929099
1.34389548644595,0.831010374023885
1.5574424817976,1.14492584366308
1.56846369450124,1.14905549239599
1.58826628101492,1.06237442417589
1.40017737500797,1.11552187336639
1.47503187789149,1.15786238782455
1.59612586953964,1.14218969784714
1.39616099155573,1.04151713182543
1.68020813296449,1.12748051868546
1.51404663703334,0.969747723234441
1.59004244911561,1.0686419429969
1.49403894550884,0.988228994689099
1.587325085106,1.05905198952911
1.60966066661661,1.09952302719265
1.64656170040639,1.14671969286282
1.56099837705126,1.0223088659831
1.53877994090764,1.0333697707678
1.42042764476471,1.0493621349899
1.618331527695,1.19679608764091
1.54331212944725,1.18603324960616
1.38283799072734,1.02677294854807
1.66377944948271,1.03746172654296
1.26947505271753,1.11357258995729
1.6045319690848,1.05542774920793
1.60544095407279,1.06834111502703
1.73218982548815,1.2093314700944
1.53016765866715,1.07523492592629
1.56677669093028,1.14085705351916
1.5309822511888,0.92301077465965
1.72235033596357,1.03362201640552
1.7140724828867,1.08345417557078
1.5850821756026,1.15073675315007
1.57270682866163,1.12159804522476
1.46676933878756,1.0992572698359
1.20152031964333,1.03114012172522
1.48872818210988,0.977026670236777
1.63134312477474,1.10892332279928
1.39329913044947,1.1364705959771
1.62945519975544,1.12072892865043
1.57837412071165,0.998016830375626
1.47480330391961,0.97908582511044
1.4475595732023,1.03462454735285
1.52693444441339,1.10373914367961
1.59292530303899,1.16991581379621
1.64454952460983,1.23577476562884
1.41271524197699,1.1670407082132
1.46474702515163,1.0615316913732
1.58829528656717,1.13426937498765
1.61615456923862,1.12623812197047
1.43972092281002,1.04246303246884
1.39279103761785,1.02911969157134
1.68725861518375,1.15638842920661
1.6208982588135,0.906245122331775
1.63922334290281,1.05836939763954
1.46594069325655,1.08479645725288
1.2375385600655,1.05019631350057
1.57381051159525,1.13371899683445
1.65889217076439,1.28747913898799
1.46319606666377,1.12205039135845
1.5405261444217,1.02662415937129
1.3409948917074,1.03246749701951
1.35230901558764,1.01988062146377
1.67922112162569,1.22249243929152
1.70400728303881,1.19494677904753
1.70269746865143,1.15999575581925
1.46727463580662,1.16746721728332
1.47649616874798,1.02728326170646
1.53854121553728,1.04571729170649
1.57792144264572,1.01074965661808
1.65904502242077,1.1924907249648
1.64493295134525,1.03750585760284
1.44647582849748,1.04384886195985
1.44490780083303,1.02527320288799
1.5208303297054,0.948370875537262
1.57175239444063,1.14996818533299
1.42927311323893,1.03327874941217
1.2730837968303,0.975887453274792
1.3580707116299,0.802170824607463
1.4893752283456,1.05664923778467
1.47646888156145,1.07733682394768
1.44516465661606,1.22010608433107
1.44111843709804,0.981428744136991
1.4987082235564,0.968184590439175
1.46606066473069,0.985370361324099
1.56373603083142,0.972426147685342
1.51792137291869,1.07504775917078
1.41240580147121,1.02982812587226
1.61795458117743,1.04493584016585
1.17583349691788,0.948144072455223
1.49929414648045,1.25422394959842
1.20715340033917,0.956089401041737
1.46566311967539,1.02252842907474
1.61438794850657,1.00773849586539
1.71424405653429,1.19078451242467
1.28763036873513,1.0152058712077
1.51612839610514,1.11351444046802
1.39771295085479,1.08940429246589
1.4222693370243,1.00284636652452
1.52214609382972,1.09650730510386
1.45617541990119,1.03143777179295
1.63547085695675,1.16638393907257
1.42245628861925,0.953711251010774
1.54288514477142,1.08027121071279
1.58763082086691,1.10460181514243
1.81399397669296,1.16738890964205
1.52008785421802,1.12217843815739
1.78910990014735,1.13616334938055
1.44392918417776,1.17287371727633
1.48416064826954,1.15802974252117
1.56232209072858,1.09441457493634
1.69885847620461,1.07964280860746
1.46453557213827,1.08669414588849
1.51071137235949,1.04482884090624
1.4385498436714,1.12942383672098
1.57371630190951,1.10131644257085
1.25993709195244,1.04559606292744
1.53365763970385,1.08423155136478
1.43815403824386,0.917047122898703
1.56847767918735,1.13066092874942
1.65972876885224,1.07723029130119
1.34136311426678,1.06887154168426
1.4276422208654,1.03738319700279
1.52233079301252,1.05761631121176
1.65274670955982,1.35110592864952
1.60897830657542,1.08192280595916
1.47762568281801,1.05911408759517
1.52516621017373,1.07113619686754
1.84876552047411,1.19207356176502
1.60227027140999,1.22838489119201
1.60534455475522,1.08387849024943
1.51968721286875,1.04021582698537
1.49895139152171,1.11112390726858
1.50051686587931,0.995168583909438
1.40055334243488,0.987141162319473
1.49902356067404,0.997116002020627
1.72986265583198,1.08757915797674
1.6081440294798,1.12137713437934
1.69279161148775,1.18403339889778
1.4621673569241,1.12726347968706
1.59522025375209,1.15277441592309
1.38324326804166,0.844662068022117
1.7523941762308,1.11510749996422
1.68076759523683,1.23932182797438
1.61016576743405,0.98880774127112
1.34675428524052,1.19188710179783
1.58917571608415,1.09181108639209
1.61561326912969,1.17541412712998
1.59332404997131,1.06825418296554
1.30690094021521,1.07062333452546
1.66337189890514,1.09960295881372
1.24806278915071,1.03378005820503
1.62015690996665,1.12738495675735
1.49046686017806,0.976283202885376
1.6564685373887,1.2042406916581
1.73255971029768,1.22852134212445
1.49530788061136,1.17510803432708
1.66298122419808,0.985777941351618
1.53561653170844,1.09505671470756
1.64991792361388,1.11385551559548
1.48600859258225,1.09114831937712
1.61106561540094,1.03405899211547
1.56501566916148,1.07516200770952
1.60975224774907,1.10797130695591
1.30486826500084,1.10258032437787
1.62029822213468,1.18801151278414
1.45275507356179,1.07985106496357
1.7682677825829,1.23897236625785
1.4983120016467,1.0278193055766
1.46987630674042,1.03043511916181
1.55600670840392,1.03504607320485
1.34085077212507,1.03315715502206
1.50415846241685,1.06266298702318
1.64262475710366,1.16168079082671
1.53207639688589,0.94621082829344
1.55580688580207,1.07115008663197
1.55392409875675,1.06998868546503
1.5607876241076,1.02548390675023
1.48814243599131,1.02470550100886
1.49724957659169,1.09465055934572
1.4731982533439,1.06844190756416
1.62048552904762,1.13183050944099
1.54460881214631,1.09746558410431
1.52763382928568,0.885980389142282
1.62212825687928,1.14225187860507
1.44064949877059,0.97038770770375
1.58904818712807,1.07890874854602
1.7060257180303,1.07100224424263
1.53463641310453,1.06621792017829
1.55485122578064,1.09659950227655
1.63872234818129,1.13648048812903
1.53669714326163,0.993385146061482
1.55750065393503,1.04827126736617
1.62882364016977,1.11168962903943
1.66000987152072,1.08386515565311
1.40440193871887,0.929703162702188
1.6231489673729,1.24300353742444
1.61440850027429,1.1202580386363
1.55122845921421,1.07049216502088
1.34298241006471,1.05919822674255
1.60447455910157,1.05459244206681
1.51327290756868,1.06893360632439
1.53274018223566,1.05280507536736
1.41034080951508,0.998610067941549
1.49649975605924,1.09570197598028
1.72999244512769,1.15591158146936
1.45199083957777,1.15635230202732
1.54883638212691,1.13343115487782
1.46960805134849,1.04307956890182
1.3038728126945,1.09124096379843
1.61022812092458,1.18235932173917
1.57722704048932,1.1377586446009
1.70389115746924,1.29954000857398
1.65422659522218,1.05744594361997
1.53774615402195,1.11655671417066
1.54319024938739,1.17472422636208
1.60195274873312,1.29394613066884
1.66627941885107,1.05302197002279
1.53788825949095,0.862679421822941
1.52028931960327,1.10907131212568
1.4555219593933,1.0264434821945
1.29077450567277,1.09061524492141
1.48996272313412,1.03448396975006
1.58380207914182,1.14379649389173
1.84831068191349,1.21046302599314
1.63693813041433,1.10583486858748
1.67603655561672,1.16391487770167
1.578410794584,1.11243695249696
1.60458327920981,1.16300853041199
1.43670286562375,1.03940420522739
1.35471861405482,0.84584976268324
1.55977912601039,1.20518661555698
1.6125707234136,1.05805353312703
1.51811926574355,1.0637671589129
1.71509450097774,1.23831501374127
1.55122367839674,1.04548975752983
1.5393912858131,1.16594238641544
1.06915956822954,0.89066602246943
1.56634364009473,1.10803197099067
1.62276983756122,1.10895095184633
1.616093229489,1.18820121028302
1.31902240340374,1.05106379794692
1.61176187316642,1.12579312286607
1.54565041121933,1.11546106101534
1.51616536905448,1.0588133498047
1.34023603866184,1.12346249651475
1.59000014067922,1.17576414371758
1.51866059354496,1.0918365625724
1.41108166210031,0.937801605935085
1.50809439974492,1.22883893780893
1.63467690517903,1.08537031804793
1.51968343862237,1.26622717288397
1.79525093177941,1.22420347298468
1.69581764439029,1.09248344429039
1.59572738905546,1.2368941869693
1.55238835705747,1.08634523505505
1.31417382733169,0.770738720738258
1.50063155633877,1.01484858268001
1.45385738961797,1.05173073344729
1.51833443475202,1.0848453688457
1.36575942391066,1.07549506405233
1.6532124725472,1.14860584192308
1.50376328229628,1.04586150878912
1.62227785105968,1.11269672011707
1.35104409070021,0.905931824603802
1.80476330123118,1.10324401013934
1.63210833247479,1.0491521427874
1.52554632066961,1.07751920113557
1.48897286812515,1.17272022773076
1.60554916080897,1.02936991554885
1.52338140208093,1.06522896273625
1.74029798081343,1.23762675745094
1.44778307397211,1.04774892397013
1.48979970929699,1.19277769296296
1.58306239523537,1.08490313585741
1.73410308371288,1.1889982414823
1.6797051367787,1.22670125563309
1.61870141636438,1.07590911322546
1.53913320339713,1.10765761639085
1.66615705592074,0.984918184856935
1.5672072265081,1.07649693807506
1.70902428338102,1.20451051422994
1.54820027081399,1.03255987058227
1.47347213940296,1.04441101726595
1.55776521366591,1.09412205400982
1.60843565534177,1.14094119824475
1.10619746787519,0.878811000941303
1.54741735055424,1.09825773825582
1.23317688165955,0.803262652545191
1.39141284625176,0.843908434502924
1.45999221799745,1.02977621174427
1.54690232072411,1.17852999247116
1.43598294163487,1.04415375822024
1.65386033753887,1.08232429119446
1.18771342796534,0.950509235984706
1.4131525826599,0.992966798321895
1.45996081709852,1.05876077265543
1.57789414676068,1.14134922684846
1.65635994474161,1.10018171498851
1.60648474552103,1.02492006540757
1.29073952516287,1.04831922748606
1.69389973330368,1.11277187302444
1.50393365011531,1.15956668827807
1.90524781228245,1.29667550962319
1.59300533330248,1.05832790072935
1.61286049425321,1.07752912119811
1.6131469144304,1.14271812414001
1.33281634615599,1.00710146726592
1.48929363470947,1.16554720015771
1.4325216555765,1.05515172353837
1.61706992423993,1.15862135067908
1.35900396340049,1.08515341273711
1.58514770064036,1.09483199182957
1.7076262874462,1.10288991874351
1.66252547650804,1.36768973621857
1.59108778762518,1.14982166474705
1.43479222018121,1.01887638333991
1.54279427388011,1.11553206891068
1.48414949794388,0.932697445053464
1.50496335017553,1.03019226382726
1.6933900402657,1.18761741472382
1.44279504256632,0.999140457937724
1.63085252353426,1.0505859320185
1.43107335285836,1.13649115599304
1.66590133888461,1.22339784334811
1.45425334976894,1.15956462970711
1.56547598330781,1.19263939998235
1.34294084167468,1.01596865289234
1.5590963172181,1.12191608054562
1.57948889066336,1.32995004368551
1.49509333895028,1.05487698287741
1.69963556451902,1.08486193662109
1.57071196408019,1.06402218756915
1.78611997145514,1.12455877323867
1.81177995447499,1.15378115753498
1.55307831154407,1.11577646430288
1.33682459078859,0.921381556746174
1.56954226707396,1.11891809893498
1.82563566491066,1.09335176262832
1.53822384690687,1.03799203552005
1.61882995333188,1.17657143553482
1.60715211100232,1.07385306023602
1.23665299002522,1.02418786592334
1.46229870363676,1.04143737983604
1.64805910628226,1.23250720257806
1.61679653715619,1.11935454956627
1.69952945634226,1.04828033780225
1.20037007083499,0.933461718687115
1.652165703537,1.19093554629086
1.52845781231583,1.07334007346591
1.54639763686339,1.08838999172502
1.1989598938721,0.956373405096949
1.4857793740654,1.15066148398309
1.64778315920581,1.29440529690949
1.34560314240434,1.0809193014335
1.58646911239428,1.15462651542344
1.32059469926359,0.874236449407602
1.70014542334208,1.2004754473285
1.40437782241913,1.22085647650344
1.57022626078529,1.10166779628022
1.64854721603041,1.29896876870128
1.39101414152478,0.932995135534274
1.53488619709664,1.08098972967227
1.68181004114888,1.0568925003938
1.56164376014665,1.02900744828255
1.53540211086588,1.09052696622118
1.54782922333668,1.17704372024028
1.3601853124405,1.11071800593966
1.58404947883168,1.1628581963551
1.35055736173296,1.06372251596172
1.5561317502662,1.11842251823118
1.67912900400883,1.21176701991008
1.73488183580877,1.16708233442461
1.7164907480933,1.17787270331771
1.50555679490555,1.11557831245266
1.4242175626501,1.05557150552732
1.62015478918657,1.20135224844642
1.66742406283216,1.2114136638882
1.39817307866685,0.960591027968763
1.78371452902323,1.13737612303673
1.72747938349602,1.28752729318058
1.19784337598631,1.00732637215437
1.66399013259534,1.24671398557128
1.58690904228142,1.09808085287032
1.90476016869834,1.2510344422948
1.69609011916262,1.19780143001134
1.64927828003979,1.14861958648147
1.55858507158922,1.12083589703957
1.38786111411301,0.934667663416838
1.60268931653609,1.13132746281688
1.56269754228551,1.10922071567949
1.53804912540443,1.10158760810892
1.45271558941893,1.12839993758232
1.62389368935967,1.11756119268229
1.73481326723217,1.29602184649621
1.37458143975582,0.891736258934049
1.6860618949716,1.19794114351239
1.35099358068791,0.92848835276842
1.53358008018674,1.2218957719741
1.58903093445147,1.14255910400008
1.4566687373266,1.01552823634043
1.6891401786045,1.27431813962032
1.54943221608168,1.06799576143116
1.61239191376262,1.16432569411423
1.63400083513613,1.09674386959306
1.56195928942453,1.06697753731632
1.48530879570326,1.03332760116387
1.64357955615591,1.04733911625026
1.79414169873309,1.20201899835329
1.70683116562283,1.19259132996593
1.45155905339254,0.995365466693933
1.58668581539328,1.0644246979432
1.62504838112425,1.17817407888478
1.47593914562428,1.03596895891156
1.73003289025916,1.39877718840096
1.15080338273296,0.968210486954485
1.59880017991926,1.12948316538574
1.66526173877064,1.14645716971473
1.56491091932006,0.98683083020618
1.65433858138169,1.09997385416259
1.2373716046265,1.01238065066744
1.70136442019616,1.19053113108235
1.47997941539433,1.09207698921362
1.48530620415837,1.01833477282567
1.48881573326279,1.02658146081012
1.48558569412114,1.06638874489787
1.54667430070664,1.10695019915402
1.83773583276633,1.36751955557547
1.5789385140756,1.05608793565999
1.53135621178365,1.05224067505498
1.65167832954838,1.0032022771536
1.55591724633331,1.06472048777112
1.40957909824543,0.972740482139709
1.53859761372057,1.1054507807781
1.44016955962009,1.08716995979686
1.50082292871243,0.988168390176546
1.56895821197362,1.15001101235417
1.56276608642151,1.05036212984631
1.28243901080934,1.06624040967289
1.56772449961512,1.11468543502387
1.59440760710701,1.11966458937406
1.63770399021369,1.04537076450482
1.56148038903787,1.16130080967851
1.61735051567516,1.24155645284178
1.52021190279883,1.05393110124049
1.51955258448009,1.06161507293836
1.6774353292878,1.11896717422053
1.45020207461986,0.987304229535905
1.64041542894836,1.09469753985271
1.58707829439484,1.12434874158904
1.61249315527277,0.985679712851646
1.55726551775296,1.1230981058627
1.48718756862957,1.01967573296879
1.76627001367276,1.35602888844714
1.34467188587189,1.05213939565101
1.69784778056532,1.14695048460219
1.55238408721092,1.07938590158632
1.4722299440229,1.11711359390851
1.46294034950669,1.04898035783668
1.36319033972717,0.914647876683004
1.49620496403899,1.00626069752189
1.38491407369739,1.0194119129139
1.61809823597687,1.09400345968413
1.6215316922065,1.10597852743716
1.45514612863693,1.03474107459592
1.36239789248123,1.03320209434538
1.3650691911184,1.08157936175723
1.21775808155763,1.03949149308458
1.32993933585859,0.914367381861836
1.54988295069463,1.04486671352882
1.29380439144559,0.903165246575536
1.65519438352051,1.13614359153331
1.32024651971307,1.00801927727211
1.43922803863452,0.947516255978886
1.59351029221231,1.14153311588363
1.31637985816367,0.983650147425921
1.51239258662991,1.06144014854577
1.41934011750791,0.96724631121959
1.55197225626284,1.11114190530258
1.12763683953271,0.927331889945253
1.68010214796033,1.30318246516258
1.37600353675843,0.916601755018373
1.45808442513139,1.02140090004712
1.44005383690653,0.972396959428898
1.34078222753038,1.03223759284225
1.56029761562003,1.13413351205531
1.35464128209687,1.02711763313382
1.48058708386182,0.9533942475635
1.81299155382289,1.25283991915142
1.48666486156115,1.08849078059754
1.2983081245818,1.01482857808666
1.46750912403809,1.05405635287946
1.59444592586693,1.16386775789187
1.46189432568752,1.09402066113108
1.73337382275903,1.21332837075491
1.50328673304304,1.04444949334264
1.3276207226629,0.825729210281659
1.54995566108266,1.07784411522691
1.64653106445198,1.06143311709375
1.58300289488258,1.23642254756761
1.27765098284072,1.05331414694448
1.51234036684221,1.09568088936806
1.34924834427485,1.04475239539235
1.22515342277698,0.924704179519683
1.49154271657395,1.13033199447562
1.50597913543671,1.04502174460936
1.5363312092728,1.04188660285972
1.49063130818213,1.08726768813113
1.57035954353142,1.19698668780381
1.10090480600437,0.722469817694156
1.53381015655924,1.26287618838427
1.39226367603314,0.969536869860246
1.59814529731394,1.19164583940448
1.48640765229486,1.06174710385323
1.4414231121124,1.04015240533635
1.42643976850488,1.02912996924865
1.32802603689659,0.884156305165141
1.59916099698018,1.11876546592155
1.53555718387964,1.14287659093007
1.38571691411655,1.01293018120606
1.69704369120035,1.14327410074346
1.29050679712136,1.08306748700993
1.26365814438002,1.08317116667257
1.63364855527119,1.16164413495511
1.57306750876295,1.08880714584754
1.31930571537881,1.12012850390048
1.21266899580532,1.00516144248796
1.56092958166448,1.09121907153528
1.6909533509314,1.33079403112783
1.526054714009,1.04933843387346
1.69958413348664,1.20420908782177
1.35730486301615,1.11417918074209
1.39993744810689,0.920875660297155
1.41346023589009,1.10191469205085
1.19811582177838,1.01445913895916
1.28596492899698,1.08372001697149
1.49991710119833,1.01083822150035
1.21947162991676,1.01187957946863
1.62134581764839,1.1929603386682
1.42895429213289,1.04683909810356
1.73020131618195,1.26548786924454
1.76870728282392,1.27486621508074
1.77870289328135,1.09114021616969
1.66989974613005,1.03990029247931
1.44866014939894,0.934778210301978
1.43469141078802,1.01976585188842
1.7998099350504,1.08561309359926
1.39647470111467,0.998750579615013
1.57111478673858,1.08725543825207
1.47499832701099,1.07847722653488
1.65948279129686,1.14731417054163
1.48156821920232,0.99689089202958
1.75323755669548,1.013195063186
1.67312142433903,1.06633551838706
1.40315551261109,1.06264735376101
1.62659904456567,1.14882448083216
1.59922358645144,1.07578806199146
1.72254947338792,1.2938646844851
1.69494339341923,1.135425430052
1.45446844771982,1.13595769517655
1.2915535579986,1.05723895408593
1.6910489361221,1.12280971102606
1.48229905965892,1.15715270750632
1.44652805050366,1.05239876444528
1.60916575037029,1.1503872858187
1.35078573831795,1.012680501305
1.42403380011518,1.00409367990931
1.5789510383579,1.09203055251027
1.4639818517161,1.04099644512224
1.50927641322627,1.26035387144881
1.45291402159778,0.905775196984461
1.54134527590029,1.0246538931034
1.32329938693728,1.01992501563707
1.74845086940944,1.24790824018322
1.40715209272237,0.990168374847262
1.51872534071476,1.06438596599007
1.47047442493697,1.01669674269532
1.52437844308814,1.04326370966497
1.51328122513641,1.03362524909049
1.67253130847165,1.08564117553071
1.26162704145868,1.01475950866964
1.5559499015066,1.11646429231015
1.52758964237666,1.09904950137084
1.43144831349761,1.08243638905186
1.69162779195147,1.21831340075108
1.54374310919243,1.08911553347004
1.32742558347756,1.09312742626069
1.3054476276458,1.08117390211427
1.55045508257041,1.05363316258255
1.49592873396994,1.04141315077952
1.47133836648234,1.05188185614217
1.63229194696879,1.04298292545608
1.65792086239919,1.11323983932784
1.65709349017623,1.04042670409885
1.48786444602205,0.991248383674888
1.53131009559497,1.11838167939239
1.63640393834409,1.15570877217035
1.52485434409966,1.04013860212256
1.59735385421109,1.13120922792875
1.48227312973029,1.02956805988088
1.56485551077994,1.05362946526658
1.33491201324313,0.843095748431615
1.64670966150713,1.2643648407824
1.73545726744813,1.10875470411646
1.4876258233056,0.96673758699371
1.33700216936646,0.860559513223587
1.83108536265102,1.08901590261752
1.72473034384792,1.09609300911521
1.33404840881851,1.06251275164409
1.60254638409663,1.05353955208207
1.68621281287421,1.30036551694729
1.58229647704909,1.06562483402377
1.67617371969357,1.06377732868624
1.46943945653459,0.998229835491141
1.51590916308983,1.04355968063704
1.49415084333746,0.943053552513246
1.30086443426382,1.07473131454201
1.71253094597654,1.11524260592973
1.60919379951827,1.07044356256132
1.1844061602015,0.916651106571941
1.46971575285733,1.05484728795755
1.59742092079738,1.08974661858236
1.66510584289613,1.1506996473441
1.46565126787454,1.03108631769222
1.66540928005568,1.17992471749848
1.48272405085815,1.08089984789004
1.46059756485282,1.02406742367656
1.24815284978039,1.10311218414262
1.54733374591684,1.15464009652509
1.71330605195264,1.14316487084137
1.58802429969906,1.07478194674511
1.56722036463675,1.08702793114464
1.51019361040903,1.07819057120061
1.58153700374926,1.07955120317365
1.55187917688949,1.05314109417274
1.55124467429421,1.24664864086088
1.59251350278498,1.10872069364584
1.53643883172751,1.04142330116272
1.85800285199758,1.34757609059185
1.74199614104895,1.15612706753517
1.75519178221187,1.23725994706642
1.37173883555943,1.05632575989899
1.65845584034243,1.04818503389326
1.56127709810253,1.11825047927788
1.2978449454607,1.073833609932
1.53179214736271,1.02500104822759
1.51399659098309,1.0348296733979
1.44164493769043,1.06919870122784
1.54179259976611,1.07292296421844
1.57250379993044,1.09125637866786
1.42671391066399,1.01019463069559
1.6990785707756,1.32074512927746
1.57274782102991,1.09557647105097
1.77273900576252,1.28750692460653
1.5638704831554,1.17615643451688
1.32933641289193,1.04087024635345
1.76327566471427,1.09740383705562
1.66541576468815,1.21771916614603
1.46015898229139,1.02067455689827
1.33490510913795,1.03316059576469
1.48645896408655,0.981050283943875
1.70480015818208,1.26159025502522
1.40766043413512,1.17215025692171
1.62570231192446,1.13738277579703
1.45910191378309,0.972021797236443
1.66144276475917,1.20058313083
1.35466389400376,0.984363477960268
1.39432056436699,1.08179643267022
1.5778760962804,1.09134496491245
1.28323436234844,1.06555785452129
1.69455340703283,1.13855102534533
1.74453760940724,0.992086362512117
1.4984100975794,1.03782217216301
1.42441363606692,0.90454956416825
1.70423160313807,1.25893961813084
1.38798789860037,1.13949336621552
1.35452831580805,1.08572480196041
1.63867039439039,1.1235433057684
1.65777959791364,1.16677384054016
1.59216332213161,1.09041261047327
1.59035631327598,1.0375775258288
1.52149323155768,1.08603750658512
1.33482675030408,1.09342592737255
1.56096541239173,1.1050900839193
1.5889380353313,1.02707648931833
1.57292026644517,1.08829816963904
1.59942185563159,1.12878880381493
1.5204443788753,1.13353311119042
1.46079756529484,1.00265985018107
1.25711989434559,1.01411317405622
1.40284729737559,1.08263000144108
1.62803145020944,1.09157147589106
1.51137527402929,1.13482108602546
1.81435491134163,1.24797286467522
1.55999251036409,1.13075043028573
1.65537274758775,1.18674770292493
1.58008254802761,1.13914159550569
1.42963437272177,1.03188070868424
1.45221652994273,1.04820418530425
1.68604636856515,1.15843443947512
1.45334783004387,0.919969758076355
1.74859274698605,1.3466418126219
1.45630695106156,1.15556569764374
1.56811448453688,1.06458144003183
1.12443472153099,0.9418887308618
1.52422582900569,1.07048333658988
1.59822035949312,1.11271548133327
1.52565439847105,1.08675215755516
1.52627544791997,0.999504247928193
1.47377363260129,1.1276215448551
1.49422529496094,1.03034250852387
1.60926178308573,1.11887885768047
1.30256800120041,1.09439585623054
1.50173232138086,1.30258094678715
1.52582890319569,1.08351114603334
1.7841594416084,1.2689111341236
1.61858319225851,1.1102274998543
1.62278107206521,1.09890204700542
1.33281323400272,1.11103708027073
1.46270136684473,1.05075298790188
1.24998916129037,1.05837101656848
1.62496174642824,1.10993646676204
1.6580614414077,1.17252298418081
1.25164563559475,1.06764477093595
1.47753029449911,1.02120209490737
1.92580231875749,1.28547105302185
1.68011392782305,1.16710416433303
1.64032656479999,1.11235011677324
1.55345737957348,1.00822039945105
1.67872925298041,1.05082404566858
1.34800362066694,1.0393102619216
1.51796282866282,1.07995458700182
1.63301508009962,1.1447989765352
1.30974561599262,1.01651556763262
1.50288892430032,1.09069649224243
1.37814743872711,1.1984113531187
1.76293439454112,1.37736648677469
1.71894850027134,1.09765541745623
1.54477914251942,1.10005669604668
1.49193489060465,1.06731056726076
1.36404362644243,1.06708483009408
1.24509896550032,1.022314513743
1.66409773527827,1.28846954946552
1.72364198775392,1.21185992742331
1.59535761982859,1.2147032671839
1.59773757173682,1.08187417811336
1.43191764241837,1.01801045258732
1.15961652569054,0.995244116398788
1.51123838533294,1.049061026819
1.52047146598583,1.09270128055805
1.54297979161448,1.08359983658767
1.43335422477191,0.972512808899454
1.23581946349529,0.924283761864864
1.50714454431163,1.0485928335149
1.61120933519761,1.09557745105142
1.5630733818362,1.01125585080678
1.76011398659044,1.25209438109275
1.71865025284758,1.07470704509465
1.15831824049224,0.922013788057709
1.62505082101349,1.16131097837494
1.56004184721886,1.08796673623551
1.36072141513173,1.11880661849085
1.44016268913549,1.04584893362621
1.36000799813332,0.874620233856607
1.56042095651877,1.14055741482899
1.39434877103816,1.00753227208134
1.51606995596374,1.05911866852239
1.52229347092705,1.04788399376044
1.70600624740008,1.03856707499521
1.44399856008562,0.925261747269895
1.45796133419874,0.933741755764032
1.60541282689615,1.10166810785095
1.49585328737565,1.04435053635249
1.61785846032834,1.25845116958008
1.623921337954,1.11802590194165
1.22957297203386,0.890866743056707
1.70223714808237,1.20494859097895
1.33985097128144,1.00406613595736
1.40400772403522,0.944710491343315
1.6130955922324,1.17479537411181
1.31750008706797,1.07567878894652
1.57570115672742,1.10531091011786
1.41885155527765,1.00417055323908
1.23673831174021,1.0035326935131
1.58669622436474,1.1047600320645
1.83532812368433,1.18501025172931
1.56556364192985,1.02612620004347
1.63304463824844,1.15956419011016
1.52789498240263,1.00090052384484
1.25477688842777,0.964239650977358
1.44553029677755,1.01229189673281
1.49446739739684,1.02793314285619
1.49046099253775,1.05563047217781
1.52413618100084,1.13959558650114
1.48025619783735,1.05558226562981
1.5408563755696,1.07290938042746
1.73698513414747,1.28323586770298
1.19147635662099,0.999918572600032
1.37150756490622,0.922980511124582
1.44158673773731,0.980175673780379
1.63770238549109,1.13116184745144
1.70927826305938,1.14824006152703
1.43157998720624,0.911956868115533
1.5886062783862,1.08604995768703
1.42309826278849,0.887230114201429
1.62597489911556,1.11459852388367
1.5268976323072,1.0799668347699
1.72132012011778,1.07100374526918
1.36490880034853,1.00118498677799
1.50457858237519,0.983099154516834
1.33550008174159,1.03109472076213
1.68225425924731,1.17629227984291
1.39990839240231,0.951773795190898
1.39984369362034,1.09161070440396
1.77281372316008,1.16223345626175
1.52584787064746,1.12137699523728
1.5845464103625,1.25028274067967
1.65687683513563,1.18212420544315
1.67540441110887,1.07983895501879
1.60173905044589,1.05888441935017
1.58334237167629,1.04952708061511
1.58339552808359,1.06325352612966
1.5171414634533,1.07527600588618
1.55593842737828,1.13078619684952
1.47407639346967,0.99864448571253
1.69311885527782,1.07030993725068
1.66675609325106,1.20757435965069
1.69504237113565,1.05560723029623
1.55304761862407,1.08017204046373
1.46157930476009,0.993554689966587
1.65301828251231,1.21874645961712
1.5835728938811,1.09193202724578
1.49152250626215,1.02175749286915
1.29641794381829,1.01468114591029
1.56510452203015,1.07819551575929
1.48452623534237,1.05159030006455
1.58134921267462,1.11866950621506
1.59892882084059,1.2145519464568
1.47950234818854,1.0563166508864
1.38657914108245,1.0733421893374
1.57116154455542,1.12075944169322
1.67157156716292,1.21050815969626
1.44512858718208,1.00859330621826
1.33378791080828,1.03843190255334
1.47202019053229,1.10558072277421
1.39518544447622,0.979354810028665
1.3625248421747,1.02489116228624
1.32950909767658,0.990791640651506
1.42849556142766,0.992859751604441
1.50040936885231,1.01708480339486
1.56043956008222,1.09632760890306
1.57443830949786,1.09399431601257
1.73711782898225,1.16849335898098
1.59520530090776,1.04997986987417
1.56963357262802,1.03184039945472
1.73455078224135,1.25694597523997
1.471265148254,1.1001422397447
1.85738413675864,1.18903752969693
1.53445135824001,1.10164241091958
1.55190577781951,1.08893698727157
1.56253581933349,1.12397731456593
1.4952490920493,0.984114530251546
1.74805541267867,1.18479981008081
1.19186710878249,1.01247981805036
1.74307564899643,1.21252367153682
1.55929048164324,1.05527132209888
1.51597945385021,1.01828582273983
1.74899041654739,1.21925646185653
1.47432586099758,1.00120022767894
1.5448371218921,1.04289196143934
1.56607011754287,1.10498783852347
1.55476411055893,0.991476224899201
1.72641045899812,1.20848706335635
1.67901543705629,1.09503358875981
1.54235904044805,1.0684562355985
1.51839875449924,1.07397866063608
1.57629519527251,1.12528391827439
1.38144350107053,1.02969766475478
1.60342673617926,1.00796715757635
1.67753658580531,1.32298471166326
1.39295347332332,1.04634736812507
1.47718768767715,1.13543341901
1.44570665104495,1.09459546923785
1.27402628745079,1.03319892441068
1.62865025789299,1.14029983860882
1.58807811879808,1.14257890080495
1.63450950453867,1.30350803270745
1.60082207196998,1.32411142731736
1.52842816837905,1.03323809109394
1.24515903210676,1.01146067380193
1.70140049881336,1.05558662733088
1.69330694953244,1.12013666422827
1.74445328255767,1.23206408084502
1.29468336229929,0.91875179298093
1.40569261973696,1.07412164196334
1.59808541318642,1.11609796418832
1.62464328109231,1.23592884149503
1.61431346707781,1.13325466934367
1.87901505077294,1.17783007860384
1.75030363183645,1.22139359582752
1.59017033280839,1.14887159541926
1.46699989867148,1.00135977734077
1.43079521927372,0.929590296130396
1.57563256675767,1.04722709372299
1.57018964621414,1.00534120320774
1.37898531581119,1.03450972479887
1.41589911835948,1.05090702917657
1.16939292501496,0.986487987183734
1.53249428448418,1.06321912072752
1.58496860162924,1.20224278350773
1.42879493435737,1.0324185443919
1.55571414475813,1.1262939957788
1.16799932933907,0.99563288859051
1.64349435941237,1.22587243822626
1.18498883889007,1.00049853631906
1.57831389288639,1.06155301407441
1.61469063238553,1.07956229179052
1.57378164611156,1.11505017095937
1.54962184657093,1.0437592639762
1.60278896099231,1.0805706266583
1.6410121633338,1.05856129448793
1.64003454086094,1.23733920252746
1.3383364454079,0.901477676905916
1.69332502730509,1.11723440592816
1.36355313335654,0.796714120107759
1.54840420236204,1.08271208457215
1.66297247322706,1.28351422980404
1.4674394516142,0.989315399143216
1.37129172419117,1.10543047335832
1.51061092529977,1.03367587943472
1.54628379072247,1.15567885011085
1.80128346639113,1.12187919250523
1.48563549751531,0.987207001445066
1.75196969292949,1.21630947504929
1.64617476441393,1.09941264629001
1.55602161286819,1.16976148156625
1.64789906500885,0.965003249898398
1.65274228039702,1.19664741990046
1.40898725321469,1.07413749899967
1.44433418835376,1.07843246623916
1.58652349802862,1.13756735638634
1.52581734516646,1.11459287568167
1.60345380017955,1.18538685657944
1.41331038999832,0.904461750686507
1.60697844737781,1.16234178777896
1.41226526561266,0.931535538758881
1.61130253662719,1.08607455866648
1.67116334628386,1.16674432686884
1.50085218361061,0.972411498092848
1.49520277087729,1.0720903762767
1.68685572195987,1.31752727365712
1.65173976460908,1.17894961959596
1.52687435214678,1.02341691471631
1.44469056912845,0.986186411973812
1.48683580859061,1.08723752898236
1.53024713495549,1.08222057200314
1.74628770583009,1.256504255726
1.54268841503209,1.09528240580476
1.38502729873081,0.902462968520492
1.66095282307025,1.19628445474718
1.59014473174973,1.16257112682381
1.47564989117569,1.12900934347369
1.42626360382003,1.03344724967985
1.57062670442286,1.14475139934521
1.56251868038074,1.10482498807471
1.50496209556305,1.0723204569448
1.64746191792238,1.13244344222101
1.57076158728113,1.05953626999161
1.73873077939566,1.39699762546065
1.65511579218523,1.02793560840625
1.55767082738585,1.20551244385163
1.57302040134094,1.10817052368173
1.60612180913213,1.11466951557953
1.75486162257056,1.32834149085634
1.48887598979101,0.988092107685422
1.54598471452057,1.0071371604219
1.5062388779935,0.98517640008461
1.54708515898703,1.02681960853019
1.49985403101575,1.00259738941669
1.52330789369116,1.06202819603475
1.30950141406931,1.08744523248769
1.40649347265338,1.0142820589135
1.27682799749099,0.796816996784184
1.57459251982359,1.09467239768076
1.71355893379143,1.08564850812402
1.71953607540131,1.34332285272229
1.27941293289125,1.02016213841035
1.42352084507586,1.00694365511851
1.47018424044477,1.03139146017659
1.52184503106986,1.06966425745118
1.63479717539462,1.13338533001467
1.52627094099946,1.08791719466524
1.50844933731698,0.995074189817603
1.57041241571954,1.20998207335168
1.4704378577717,1.09579072946079
1.78357068846522,1.21522940029436
1.48547478396874,1.04750770932082
1.5375364757696,1.08738166195013
1.40165893105884,1.13464388119636
1.43787651108332,0.996490114115912
1.00404505660992,0.80820937042739
1.48279916949837,1.04610745143119
1.4865308025536,1.01512398093706
1.50868394957581,1.01211187371331
1.55970313167077,0.96722172006978
1.59090988009314,1.16511785564235
1.4620976439117,1.07446320621869
1.64267554566197,1.1684589368688
1.5439473338942,1.08163607715556
1.27705864237913,0.989902579394132
1.60666927468717,1.04698575185657
1.28788304316541,1.05959755499182
1.5563642841492,1.08165517846166
1.80328003610096,1.31477173720962
1.42149505218129,1.01036807189031
1.56779961224382,1.09649541982832
1.3272667605757,1.06937375971066
1.70186219072624,1.28301051738653
1.59435358318122,1.18051449994257
1.61940922758481,1.05472724783726
1.67294744856943,1.32084230895247
1.56014679689783,1.0930543650378
1.50719493085929,1.08042187220398
1.6249479944739,1.15498757261547
1.57804836360671,1.14661773034171
1.64713709658477,1.03166414049839
1.85430336219191,1.1706248536113
1.35337281558964,1.11979229503763
1.47836806977774,1.06527648981871
1.71058109601914,1.35779797881349
1.50690083008547,1.10244900518108
1.45721499016864,0.980929351642492
1.52632383537394,1.07720032655963
1.53794507169705,1.06807885475366
1.57694903078474,1.09286431972479
1.69448848775251,1.21866539327966
1.49928522855847,1.23061759938456
1.79490865063984,1.13950131745383
1.7371803719168,1.1910351074101
1.5748494066036,1.05576782904314
1.44744926258737,1.02430061952926
1.23611522667222,0.780718770236563
1.43774995724866,1.04674615503124
1.62700364222309,1.08516559394734
1.57465412218973,1.14410140038551
1.46689018062505,1.03411797662156
1.70188257844331,1.23938221511972
1.29681978283831,0.947591385112011
1.62794167441602,1.10370206859535
1.70727667568902,0.970025042836685
1.70173041272967,1.13216872651819
1.61109790671344,1.12054038662068
1.45205089784106,1.03485041619284
1.5817210288231,1.04112561015593
1.28385633077343,1.08263815473899
1.46180678348271,1.05614580821796
1.59300840079567,1.0322263948409
1.42820966190381,1.04652190735868
1.40380366117654,1.02104367864438
1.3278086948803,1.0024187271614
1.43722194074615,1.0426318878357
1.56922910936526,1.04298154154556
1.46434083654308,1.11252001169759
1.49245592782588,1.29230455402359
1.40210838003209,0.98495427047281
1.47866696781395,1.01681905932376
1.60562739248547,1.141224480501
1.41038250556561,1.07036089655969
1.55094347798306,1.10880598634669
1.58530056385867,1.14238304659369
1.66063873097625,1.16232937408221
1.38285051432138,1.11158525816118
1.66401391019331,1.13741402911786
1.55745713370512,1.30285763075055
1.42243208255742,1.14044896348824
1.50789610873736,1.07777356847031
1.42460441149715,1.03024698214281
1.60621619223424,1.13408663459016
1.4743699575576,0.992198377935
1.35400141401387,0.796710965885094
1.19652939821839,0.871976961389209
1.5455853313686,1.11980817278805
1.61685558255206,1.09849589530146
1.45808412273796,0.934674504575563
1.55132359612536,1.09544699876017
1.5230479277718,1.12655699922279
1.62871938903734,1.12333111741265
1.60019927835705,1.09451848044135
1.31725230523629,1.06316248391158
1.61961620598886,1.16421719640415
1.76230153092267,1.16913409727882
1.2921561995358,0.976668312872828
1.59576790180754,1.08883785428792
1.53483960487155,1.06172348598735
1.60801303726148,1.07457893371733
1.63766797063355,1.10954857160937
1.21780469773695,1.01393536487983
1.54894688681444,1.09571095262455
1.29585809630632,1.07090725130502
1.49932683923438,1.15001679410265
1.60374539315393,1.22310583484011
1.15712632115379,0.94010222380839
1.47291733968063,1.16145497529286
1.33530118921468,1.12228662471246
1.74162861380283,1.09931212773568
1.69996022458786,1.17169920188978
1.66672138985316,1.16769216103899
1.2363577619676,0.782466247521321
1.26230211227194,0.951079354987897
1.37941250744822,1.0788826933784
1.27649754012335,1.02874691024407
1.68590463882704,1.11961937550745
1.54948867307977,1.14182910017783
1.34227697569775,1.06743421440048
1.54684816623908,1.10736906786186
1.53756728683587,1.1066257537405
1.73754619659973,1.17870098208303
1.65777822574695,1.14984255115817
1.48781365933403,1.07378317437771
1.40303767024392,0.943480919588623
1.62748084590652,1.17761971367712
1.56601250356423,1.02971416586555
1.45912857913131,1.00742164688658
1.72981793891318,1.29020993085451
1.61101087049361,1.06371523692469
1.5138287820252,1.05427095130664
1.56294525518581,1.0723338530838
1.44819581737474,1.12735253924454
1.55974991715186,1.11001977024039
1.48807899584459,0.96542246855001
1.50749388410157,1.03082199278518
1.22652224498033,1.01528537331351
1.1712488965064,0.920885258474142
1.48223228383216,1.06184421225348
1.31601354364647,0.983408387778766
1.84519768573215,1.12320539812529
1.65507796206301,1.09440962013604
1.55812592120857,1.06228514801866
1.71240111567161,1.04362419463695
1.67337326443441,1.12114261759237
1.5782465770457,1.13441481480134
1.42453095134027,1.07488336506202
1.50272204928214,1.17886272776564
1.35302011847433,1.06891957254691
1.68818244224577,1.14426692406868
1.49497170773679,1.08568447074232
1.37405996437521,1.13870651427035
1.29781461051022,0.981865199223638
1.56582843030014,1.07923505665494
1.37234106010437,0.895189539856145
1.64950189544583,1.12451358266643
1.50100635463121,1.00193292896469
1.52559946962298,1.03105083157239
1.67419214480998,1.19534406053637
1.54547031203052,1.11733275274208
1.59072766778926,1.10420538852816
1.58615437615516,1.0828622206963
1.71530099691744,1.01236045755995
1.37203731571999,1.03406953141391
1.48627812393548,1.08983409622786
1.47380190335444,1.04187008461629
1.6457184918695,1.09261640115501
1.49839150714159,1.26074062433794
1.50386037644642,1.13298987149673
1.53770568826665,1.09522584118983
1.59759564054147,1.113957027509
1.47363509272008,0.954982511146544
1.61441594807433,1.09133484629454
1.3733790486745,1.03060656557055
1.55574979466096,1.13817512994573
1.57651545723167,1.11298751407637
1.59270891984932,1.13338847294647
1.4974263876351,1.05797970442694
1.39655322595119,0.902913184290979
1.56957661433686,1.16797162234354
1.53980931569069,1.02624540531462
1.61295082512793,1.09681257733851
1.4862055175792,1.15044313361081
1.45717535724045,0.976065224336499
1.6158327871461,1.16424473571684
1.64433544499615,1.2939135887474
1.45879802691913,1.03284188624207
1.55537314781522,1.10807446508118
1.72826037208968,1.22621971974449
1.70663693615832,1.00558114425703
1.61237216627907,1.17982417187068
1.63391404528642,1.10872791498212
1.12914382946386,0.92965490140959
1.49903596117577,1.01442673759033
1.32614835910482,0.911793781671204
1.36306527229656,1.04569738253489
1.51601519352177,1.07505298484102
1.50118764531419,1.01146540006074
1.56629076259646,1.0585289610975
1.51181405013197,1.07954435197556
1.31968811251686,1.0384656504793
1.56851011444745,1.02123526320983
1.84265446119779,1.15724940624555
1.48676669232073,1.07394133872704
1.48353335080833,1.0846364879385
1.63843231475333,1.07564056328893
1.49854462414506,0.990171498344502
1.62165422917451,1.19157199069196
1.64204614255737,1.08703744678878
1.20682868107778,0.971797999159908
1.23270714268048,0.954213084131762
1.67524211000205,1.13118704019899
1.69487831829931,1.24642332456073
1.61794688834634,1.1292004144082
1.62747364668762,1.11383468592914
1.66017472027272,1.21942368579107
1.90934199459154,1.29609436037779
1.74731624460111,1.15784226686563
1.58453927275897,1.14150120871223
1.52912966913797,0.960978147854961
1.64683097568893,1.11500637723746
1.54399691874874,1.00657907270615
1.4455049240234,1.00522774984395
1.32069072281127,1.01386751567514
1.57325806193736,1.06800893566378
1.70123548625457,1.14040087155529
1.59092848522874,1.04996524456412
1.49041436389402,1.05420501864998
1.5724408836028,1.06818257650569
1.67475485346548,1.11476638320467
1.49290965858196,1.00759127487599
1.78094744804462,1.21748374108913
1.60254178259589,1.09680399517957
1.6366915853649,1.14779152430694
1.62735346615482,1.31922144866726
1.6358351275346,1.16095350205469
1.58047544086528,0.935227567723603
1.44575964419019,1.01768388742991
1.5795027333618,1.23557408194455
1.72436725250451,1.10175326772844
1.44791753307835,0.902325119220075
1.51167834002474,1.05542075492255
1.48720005726518,1.07127765520383
1.67815555568795,1.01755108148533
1.58010171674165,1.18046968350244
1.39541085645514,0.922113816894317
1.58106864629242,0.965305295058105
1.50592652725393,1.00399784887623
1.72842975969973,1.10096085096742
1.48645995928742,0.973326062894254
1.66236391739918,1.20845835351358
1.24821461315584,1.04561962864992
1.55907811815812,1.18444151587499
1.5099555004595,0.977721436085438
1.72834009970367,1.10241904689105
1.82866935735654,1.22936841130007
1.33242257945045,1.09668895319439
1.30541481901885,0.91816958472814
1.55715071394358,1.06737403635416
1.5445832465854,1.12226804075709
1.64721033752936,1.16863272614409
1.49353665590039,1.07563426568902
1.24472060606328,1.04177252033033
1.45708370163883,1.08849557901575
1.55152370349185,1.14744621220097
1.45884979271109,1.02119513324819
1.54619858720707,0.976835206787291
1.34602191063377,0.993568897142582
1.43894594920803,1.06713235106095
1.74932284912091,1.13934222847613
1.63151425552194,1.04897812947564
1.63432044890686,1.11889803386077
1.40039475638731,1.08103691436178
1.58726159321672,1.15852778054091
1.49918038027046,1.14004497811351
1.52008049227165,0.956654764417484
1.63591109499604,1.18281853641059
1.31160884122491,1.00234378761399
1.66975150052247,1.14246303192973
1.90260301741809,1.2816021298061
1.26249439454299,1.03344792848002
1.49109780885596,1.16559527269634
1.50976769975552,0.985596969947664
1.653483714508,1.16631773144478
1.36153709048721,1.06814130301407
1.58520924329396,1.09348630447731
1.76043145226475,1.22351350012277
1.60769796521609,1.07712797290247
1.50763762298978,1.05410397834261
1.51517544464633,1.03428805909438
1.33309489367274,1.00081102269855
1.33484750935751,0.887056999928174
1.49343773644365,1.04791958544455
1.50770880774512,1.08250716296786
1.64917382280268,1.02851930964594
1.551822017362,1.0456776985204
1.7126293967804,1.12699865451671
1.52594923129179,1.08327668996141
1.54324163165531,1.01250126608323
1.54633322453542,1.26642836392644
1.44027435622562,1.11299270626288
1.28974138697741,1.12236425813681
1.34231961590897,0.798387601937915
1.55835592478222,1.06958134616074
1.51320273919753,1.08319793941672
1.45140053820018,0.92125774550997
1.44405521617059,1.01570694138007
1.72495052469588,1.13381740510983
1.48360103724229,1.08283849637021
1.61298339161223,1.08565375064726
1.43670714937554,1.15054109743762
1.77512835782698,1.25615746886685
1.52154412313135,1.06871851251403
1.75674991622135,1.08388519875054
1.57202664933003,1.01317632780259
1.79381986878411,1.11386045092053
1.60744491943429,1.14054384570773
1.37117885853295,1.04883327704361
1.56535393404487,1.12501922948129
1.61051493202664,1.13181481631751
1.42308157055127,1.05701034726494
1.68500184514907,1.18589980991448
1.75796529762297,1.11946796238869
1.65303083926983,1.25223842123531
1.54412508701073,1.1042049540796
1.74814201689886,1.18911537120836
1.53424523290697,1.07144142731774
1.22489969372156,0.928863837772052
1.33449186542628,1.10314563267109
1.75142301805991,1.29450559908802
1.12732252365901,0.930056492219079
1.56124462480661,1.05301961430584
1.53081496962815,0.945019281025188
1.36712589749105,0.902862047275618
1.91887014365495,1.28131504228307
1.56240986450014,1.13730246397192
1.71607123498305,1.18321818205899
1.66055363401133,1.10943918323668
1.42809456507664,0.974990643197547
1.29446101204889,0.895948339653239
1.53959397533582,1.10473578490664
1.45059060507988,1.0387221570169
1.62151980854258,1.13315773968223
1.52538746737274,1.03699486773137
1.69984295343253,1.15658219177348
1.25344652617333,1.07142285770256
1.61654375770007,0.97887000843347
1.5188860049338,1.22877750826758
1.23043586414486,1.01216551542727
1.45476074815206,1.02600164829549
1.65580281546984,1.12216850325898
1.29814997912445,1.01274171347641
1.38869141494367,0.909793050744405
1.48925294472179,1.07606863785078
1.50199088074613,0.990198512047635
1.50779829856184,1.09599657043705
1.75153320727909,1.23901055718201
1.38762307238043,1.13420748024513
1.3138783968684,1.08943443901588
1.25496505401291,0.936532207294946
1.6206247971489,1.10950143439115
1.31590722049953,0.94000410251928
1.38529057525189,0.987079351064523
1.64979991127003,1.30406175771424
1.49692979955397,1.2743171510615
1.56633070445205,1.0326996445587
1.50599913796873,1.07578889964957
1.30932055802383,1.04864665397332
1.44095178200718,1.01546125044884
1.4196212967806,1.00845621894049
1.66797681792459,1.16420138930206
1.61600056097733,1.13546955161532
1.45907303554251,0.925545088055887
1.45162808612005,1.0420160435237
1.69163331961713,1.12849789048475
1.28566991020021,0.949843998235848
1.68740423475684,1.2695028649438
1.61412487870378,1.09208475491319
1.58053276386213,1.13035019485632
1.5424348583032,1.11929167554126
1.25061332140866,1.03816840184412
1.39105828614495,1.03457396166201
1.59411021620291,1.12943342456071
1.69081586197296,1.11895112161413
1.62517373918587,1.09723710066426
1.54493506225431,1.04281066217285
1.52833313496105,1.07321432462095
1.4944054791078,1.07626905703433
1.76065287769385,1.26837494903297
1.47527044695738,1.05824582591107
1.26756026768429,0.963201976418362
1.55166971702241,1.10344225199664
1.48222243570132,1.07533637108543
1.69150423391898,1.19230957566467
1.69311538504366,1.12162892487085
1.53682064444304,1.12107977714319
1.50983289424655,1.13762631074729
1.44227096401421,1.01422749547164
1.59313870988422,1.17090513514503
1.39665524727101,1.04096922891225
1.84425635779513,1.17185361274559
1.53410266993483,1.0422076730264
1.59222698721896,1.03131003989179
1.46332473570042,0.985465674508588
1.53535948820938,1.02988688020832
1.5992180073008,1.04076967441165
1.68260653309994,1.23376083720839
1.69296879989909,1.01064226053342
1.61480328828505,1.1592696732122
1.49989199762949,1.02472784227973
1.63443610855461,1.13995774425525
1.37884331105579,1.03775024076285
1.58503189198525,1.12032879185065
1.61901771523725,1.09740781886184
1.60513455243901,1.29442552178674
1.5368441912512,0.985181962252261
1.52224430346335,1.08135133610478
1.53030982491837,0.939850847095689
1.5609878957877,1.01041046552682
1.67859200608676,1.08380634186806
1.55121709804161,1.06910372127428
1.56715094736855,1.08056146825783
1.50468465480446,1.02459874339084
1.52581468405248,1.084500349054
1.52896477492865,1.08372944969366
1.39081653064586,0.924925515081169
1.65171475516101,1.16796305263525
1.48175595904221,1.03204214166592
1.54720641104674,1.11976216518424
1.51266524300604,1.0579821834225
1.50459407932255,1.14355844468384
1.54991665094139,1.11891551982192
1.64665809743037,1.28753815535691
1.13757994512171,0.886333038554354
1.63959889753965,1.16509089448336
1.53848670009029,1.004388219782
1.48387846376386,1.04922501024865
1.43295321756354,0.95578582513075
1.62432706328556,1.047445519678
1.71189121189363,1.17145142507438
1.7312368975363,1.2512668528329
1.50232668855819,1.02485579971175
1.46063084814282,1.0504597648504
1.52923565291522,1.11091553070083
1.49133003686818,1.05701039685546
1.47818098109414,1.06427768970895
1.48421834582865,1.03203455505331
1.75664513224503,1.32902884284308
1.58728547257647,1.17081300855781
1.73964609810332,1.08889002995698
1.48395791708612,1.07565868893086
1.25602455622366,0.879978288641658
1.61577265884192,1.13321777510898
1.55401586613379,1.06769461565834
1.57000190959299,1.1392030306177
1.61903535815501,1.20116619273897
1.69492899304557,1.1838301853417
1.75518032302365,1.05060957398946
1.39617761812465,0.880190681261369
1.5662739759204,1.1351903278843
1.421932329288,0.907703282140624
1.55270545667115,1.08188074935814
1.66292868353221,1.00982831422925
1.32522067058023,1.05995851651832
1.8258962199418,1.24902273804194
1.54896209685287,1.07597705451331
1.62452939837521,1.13913249822594
1.50941561160025,1.06523184088713
1.46810294065645,1.07001577365194
1.60037407940782,1.0135604940973
1.57886669566098,1.07357655494647
1.64799709493832,1.11625833346699
1.43885772731143,1.05767920348261
1.59911936623095,1.10536784052441
1.534505059769,1.09313416379166
1.27084538447211,0.969023508416571
1.8474500772408,1.23822943877735
1.62103999071122,1.08232551193432
1.53477156378637,1.24644608299413
1.79563401829615,1.12378678282149
1.35096694753576,1.00653166439358
1.55619560769894,1.17935555859586
1.50774124322073,1.07596470727969
1.49058752913759,1.04983657996561
1.5212504702333,1.07261119211912
1.45516791722939,1.03038707718813
1.63313620334402,1.07704943006923
1.51437254532062,1.14197663484046
1.52647887628282,0.991474518884027
1.59006837332029,1.11857093132975
1.46358069354012,1.02897997658992
1.37781623636478,1.02068984255972
1.5600452013186,1.01247846580645
1.78434978682634,1.1275736054113
1.65797230657382,1.17821294035674
1.54265058215022,1.01940357773254
1.71297007210124,1.27169549614367
1.6551894055676,1.31404886510893
1.7310270252229,1.0626341458818
1.64331479710592,1.14294679588867
1.61059674658007,1.11412854836548
1.49209036587419,0.971331484444337
1.32464324284079,0.917577226731489
1.53347751182676,1.04463346837479
1.48121364594884,1.01503182976231
1.57128776162299,1.07022154201276
1.46621875804381,0.988261210662235
1.61379715347332,1.16116583332694
1.31532710625568,0.929554429202638
1.39933415722712,1.00123879715517
1.37682748510068,1.13992081470581
1.5960001442002,1.09927047428324
1.86183846509815,1.3648677619637
1.5782021335785,1.05754972481727
1.34897046331392,1.10080881931769
1.64513341449094,1.18791622073554
1.57655325400103,1.05164381296
1.52028235583147,1.04489701388765
1.62649879074227,1.29230211465677
1.57784442435582,1.08982677923444
1.53216746408741,1.02365105942441
1.32507194379005,1.03703330366413
1.42639433605402,1.19276570780949
1.45300897603783,1.05792547601415
1.18506317773227,0.956649503723318
1.67419432606803,1.25056007388591
1.24953880506957,1.04264704312793
1.34669157492132,1.07063486148364
1.61182523937244,1.18703953995112
1.61950628527842,1.0310850862984
1.30574957374328,1.0416836150051
1.76171699011614,1.33450401876323
1.72326095443205,1.21349807874583
1.47918530489761,1.00273525447816
1.72825139379415,1.06133051161059
1.5202192444047,1.1054421063442
1.65527105768102,1.06021443714183
1.42555461694161,0.996633610277205
1.51643242437978,1.06607285133169
1.56203598518333,1.06385656303329
1.71553049752174,1.09097956769213
1.43350852201444,0.934610474337586
1.81366293270289,1.13202061273795
1.50635514139601,0.978817581581231
1.35074025314369,0.835766968289476
1.45491757633542,1.18775218620825
1.65863734409411,1.22031185346671
1.53930426281684,1.04355318908651
1.6912183811439,1.13958829287725
1.50226280052288,1.09809626010711
1.57469032337879,1.05980498602966
1.63879683864262,1.09645048770032
1.52293279546999,1.14887186207022
1.65998987996647,1.12599845623115
1.4631347238798,0.97694736931831
1.37139984491775,1.13485037090219
1.30159347137265,0.854483742216032
1.40225766340698,1.0042582558285
1.74692016941652,1.25534742153909
1.54064719719532,1.0534411327626
1.54248345454114,1.06521697758982
1.40657589405292,0.964758450341573
1.52834313243832,1.11089849604449
1.57747066110816,1.06034584969162
1.44567488316692,1.0181754449653
1.59545653839471,1.10717854194138
1.56982929875325,1.08307992193417
1.36054138325609,1.14918392769715
1.57843968993628,1.12398004332765
1.66276841114094,1.11613240983334
1.54150261807202,1.01099717286339
1.57980657726918,1.13928588074788
1.67225808094208,1.04874068155464
1.64343048299552,1.10707196338365
1.54433094923051,1.25751796172377
1.46791587739764,0.978944551745324
1.71870383745966,1.2896944615371
1.63322992744611,1.37525492311538
1.49637064096962,1.12798460608843
1.44900446539193,1.03797892043725
1.40971214154195,1.01275990290503
1.76550099186668,1.29324623667126
1.52933207085377,1.06653083822022
1.5673842928135,1.14557966374111
1.74051333385182,1.32448592473193
1.28270751111384,1.05532882283785
1.68617154929923,1.13424394772782
1.38159387404908,1.07631902106793
1.59881523623137,1.00396998502633
1.4413583380385,1.14550448137259
1.56036133562443,1.10623034919746
1.81472667138559,1.17203432122554
1.57843791252745,1.09658797172757
1.45432012956227,0.994673545678827
1.64773981618218,1.16614419268539
1.45657270666227,1.02942056411457
1.49831490311145,1.11412630866816
1.61390568710934,1.0899076387637
1.77954532977231,1.26988358534425
1.54432565314519,1.07889097693852
1.72980874645008,1.07055840964096
1.73591480866238,1.1414968818907
1.63470008326362,1.06128760473592
1.75965487070106,1.25360681793654
1.45529911320016,1.04541483601356
1.57046024825626,1.12199196097925
1.32090523569231,1.10391347026332
1.66433675112185,1.24166190893079
1.58214650104777,1.22401143810999
1.26186220200538,1.04700935810122
1.25635474309917,0.991544994038453
1.46315295814984,0.952650294214449
1.39889097106011,0.952113833915984
1.51496415968636,1.07327814123276
1.48359397466574,1.01699283498315
1.82145961759098,1.10529932455247
1.47481086586904,1.05298380283545
1.5700159594017,1.08154149258639
1.3212789985572,1.10270602010391
1.54851133913099,1.13065283075476
1.63322778691359,1.00685757695164
1.59064597105063,1.07819197872752
1.54947345129727,1.01107698617214
1.50100018313309,1.04329575475816
1.41083348426932,1.16931402824457
1.64747449658515,1.13883283140957
1.22981912114196,0.932730849965695
1.65537282512675,1.04237452200253
1.39168318581893,0.953215592036032
1.51108510726182,1.08401126625439
1.54411221880416,1.06385922411468
1.60675722843407,1.02935075190553
1.51010653890853,1.0519074107774
1.68566742898209,1.02734378652781
1.61367174789759,1.16358360450986
