r0,rt
1.84018865729071,1.34555064113325
1.69158016496476,1.15582922880353
1.7178592680262,1.32081979270078
1.53177389049948,1.25592683428753
1.57441346568453,1.27839357972101
1.85838381080663,1.22962291582551
1.89298827634436,1.59789480789822
1.90557932469856,1.52504593599104
1.72461209586204,1.18595650216271
1.79311243170998,1.29590081396258
1.76898589172408,1.21848957607994
1.96948817081886,1.24948599719006
1.69203155547377,1.23126740285627
1.99548362082162,1.3642692598432
1.69525979621851,1.15665497631161
2.02751291286567,1.49831233399063
1.68262472934413,1.20139963472068
1.70989317707048,1.12739625574989
1.40520988769362,1.0507708597831
1.88017839378887,1.48737918700996
1.71288113008483,1.15948556532946
1.56561956873968,1.27300830576176
1.53219700280672,0.934169547528942
1.56510553945499,1.22060433540625
1.78503313302275,1.16598096921774
1.63366234144442,1.14012810323793
1.96867148110723,1.19754298978446
1.78867489565557,1.09339316862774
1.77389279277362,1.20567833285672
1.57021716388393,1.33405248420279
1.7418109873854,1.21124193502929
1.96475998398747,1.24557028085703
1.86082597597432,1.24893038159725
1.77712702820953,1.24381825393907
1.60417554470117,1.27425417132951
1.87064720409939,1.34278702550953
1.93160817130726,1.56269783497095
1.39803488664919,1.12551866901643
1.76507001366951,1.24213070010082
1.84932060472933,1.42087518781225
1.92658717933,1.41732873031952
1.9072769281342,1.22899941365111
1.72543209996829,1.18196710515319
1.75382651945111,1.1736874529413
1.80538698833909,1.30065580408233
1.91703355690618,1.21301260324573
1.72826060416718,1.21596802082946
1.70007094424677,1.08691801609053
1.83283616518652,1.25404742551543
1.64834507561648,1.15225296738277
1.88954553958523,1.28148885849182
1.80428594840169,1.22046747395018
1.94931828818588,1.43724682281375
1.80766360905672,1.26479911544695
1.94944607692372,1.39358679000097
1.64411145364269,1.21510557902492
1.51091448171939,1.23348088551634
1.94718343428146,1.41067232411086
1.54768832308376,1.09654667847353
1.90802979830332,1.30387927587206
1.9557830311735,1.47161929306913
1.80233110230069,1.21435921232878
1.77942604429421,1.25038124267469
1.928905858217,1.50488879186127
1.64220263923019,1.11179283853413
2.19420359029318,1.54383948436956
1.55962987127263,1.32832178322359
1.79269249561389,1.25795191798733
1.81655502538587,1.26475678926205
1.79924426197433,1.18542350413209
1.84145706962383,1.2972742815678
1.72015077453181,1.11994706575796
1.5182016143623,1.23269151317194
1.51397748671205,1.27436025859105
1.70100361758621,1.19881365374992
1.85601303040854,1.27201254984151
1.92262435899793,1.21279270140219
1.84377599307579,1.30379380450722
1.89455180053106,1.34554200112216
1.84066729852263,1.22985560774359
1.69352290895654,1.22007579693912
1.69726663091358,1.22696408097113
1.70403407954649,1.1989164391404
1.69581012077384,1.20075361699734
1.70883716126822,1.32886541334467
1.78255235625251,1.32949287012687
1.85212049745007,1.2569262950836
1.77674949254999,1.22553439878554
1.84202606278558,1.35396461020025
1.71153501674423,1.23834327750003
1.74098681629885,1.20297335026656
1.6882971922006,1.24294638623852
1.52190554353026,1.04333524175366
1.72412044934876,1.22833780707598
1.89799816749172,1.24484170495646
1.72984704605133,1.21425467406192
1.68597290520094,1.03686461858054
1.89903205060938,1.30182176634688
1.77675873733211,1.27250961018102
1.38578505215695,1.1994606533687
1.79451366312753,1.28267767291591
2.00355577779702,1.34118011576458
1.78094763576922,1.40822814926247
1.83869576881303,1.21703849044305
1.74455120797609,1.27407850851344
1.75506185634344,1.22856239570202
1.87046010873344,1.26741172424168
1.8357234444383,1.29588374990899
1.67515960402753,1.15542139897141
1.77778096039365,1.20482287696211
1.55296339760439,1.16209169734139
1.77027035929623,1.21035608452743
1.94198297466994,1.32698792114535
1.72021650723315,1.30136583708979
1.55827648312901,1.2306418665888
1.79967104128865,1.24835094156548
1.77303784222341,1.28616097439013
1.75944561940508,1.21268000430376
1.72144213466963,1.20132626877316
1.65272884140481,1.40042461935384
1.44315527521181,1.11214722244094
1.3868728886739,1.19145749156695
1.80211631852204,1.24916061893061
1.85451282746386,1.26100171601496
1.68001471004547,1.12511016131715
1.78746573674248,1.24861706215044
1.74818628039213,1.23589400548446
1.70376604087023,1.13227714538445
1.66005034874027,1.18717209962324
1.71696869042903,1.24200022966239
1.72969154856649,1.20038763030606
2.08106100431859,1.34094102977405
1.52345943443999,1.17382264661287
1.62519398790973,1.05488086198172
1.83032363351759,1.31019990193566
1.88760522578811,1.33559959088001
1.55427197646397,1.27511062680951
1.8159886240951,1.26628409190207
1.41837703231929,1.20053813576235
1.71904528840587,1.22703659824298
1.73419229035129,1.18517705612059
1.62947244461315,1.18679720838829
1.81681139487431,1.29909838905782
1.8541251940842,1.26299609704691
1.89672493913856,1.26113062926844
1.64936071298031,1.12430176498053
1.86849103788389,1.24813108009058
1.78914587600082,1.19999197005844
1.76380642461474,1.28270833200614
1.78274660147163,1.28012034987872
1.869826961483,1.29421042141146
1.80290708081483,1.25053751957414
1.76413440514057,1.28630058872786
1.71554811685858,1.15076231267635
1.81281342644017,1.19586043413196
1.64399454790443,1.2380861692879
1.4232525213288,1.21168969868908
2.00239644746587,1.23102942509208
1.89020218344576,1.29284190742327
1.5602456286471,1.33168523746882
1.89768092984083,1.2040149358944
1.86357271499746,1.32840298026856
1.7524689835914,1.15887601087438
1.89156815084412,1.29638637305748
1.6837052388283,1.32203268317203
1.59889671158128,1.1549733059077
2.09253598812368,1.34242482053955
1.9260837219518,1.22768819436488
1.97646359243966,1.420735205112
2.12626654226218,1.3921555404638
1.7935149681675,1.33961443752792
1.62014170844323,1.20969146796668
1.6802427621301,1.13525889162886
1.56095799034862,1.24853989500005
1.68555040277222,1.27687729342154
1.67997438319753,1.20488682752746
1.7918420613239,1.23712911241238
1.67454401609701,1.18203346486884
1.63899202890996,1.2106696457188
1.53079336065666,1.054401150769
1.69995038434774,1.1885027863675
1.6679315593127,1.17292226578373
1.36508187381338,1.05930045153512
1.45140225586737,1.13384604766749
1.91936574072973,1.37918691819776
1.89408491123688,1.52030584608481
1.67651934124021,1.15465758848598
1.73447001417973,1.30409392191119
1.80493449331305,1.25924263731113
1.82360730533612,1.26747336683957
1.72345828432819,1.20650377529155
2.00639060765316,1.41164749575024
1.73237118271633,1.25062346029808
1.88790227829148,1.28327444567349
1.68433956772041,1.24903613327741
1.53845516041527,1.06979841128027
1.99499708905929,1.32845093848121
1.85622689018626,1.2792975800312
1.80329661179014,1.26117548112032
1.50925964491712,1.17314345604978
1.75003796458864,1.2114541681569
1.71376451696325,1.17941185236471
1.92359556723904,1.32526622920248
1.56545625590126,1.23946140551585
1.69750103000368,1.15786419648808
1.67397366633316,1.22880216783848
1.86588313823022,1.21564562599208
1.62892032229268,1.30908823570133
1.53041773083855,1.28729597600867
1.54030087501442,1.06887673838263
1.86085000111746,1.21562216020796
1.68106480476067,1.18249415988938
1.99729518426855,1.46043082124047
1.73113081149936,1.28714549179365
1.76238534631255,1.24991505169264
1.74287115379606,1.17226395787504
1.99848203347051,1.290754132836
1.77089142366184,1.26798437983976
1.69593952243312,1.21918590455403
2.05138543477269,1.28739096831159
1.94926433646455,1.30115229337164
1.72679369928883,1.27085192272925
1.60356206485287,1.25853444881448
1.96908517453899,1.24976816952362
1.98705187638488,1.51365600821869
1.47800355922771,1.14011980479683
1.44507973196554,0.927871565969732
2.06170209595294,1.31332486299972
1.74426380486246,1.18858007416939
1.94984655516602,1.27813770330321
1.77117774353135,1.19974791525379
1.78385672055527,1.26001710639052
1.72355594213997,1.08486510808601
1.53550506443005,1.21911166068882
2.07387163876857,1.26612050636857
1.64663741457015,1.11587908246782
1.86545304775216,1.2730171100523
1.67934829893,1.20979710503486
1.88994081694598,1.34955018200446
1.85981236733067,1.49491335763851
1.90280120256775,1.44296640994132
1.6550768006711,1.17496738860356
1.69246723905588,1.21238614000836
1.84900196172367,1.18252251704476
1.67194043934392,1.19225089349993
1.59208154867442,1.15415060554015
1.4559291129941,1.19188558824276
1.79694614592627,1.14827031391838
1.9043395663514,1.2899613083395
1.81529082283119,1.23023855992828
1.66037100834552,1.04737128016816
1.8059137613401,1.14452912603635
1.74716228832244,1.19870065612798
2.10039091042595,1.30057184847007
1.74061791375807,1.1703038945661
1.90127716615352,1.38777842417902
1.77893838699026,1.22074834367906
1.82521346671698,1.10435008937593
1.84365218123245,1.27726078848857
1.76519213306134,1.24075647578
2.00670216676096,1.21863132509864
1.99512228654218,1.28343417167223
1.54134733844439,1.23799535922139
1.71605633747065,1.28856881303195
1.6086951798976,1.06199777704888
1.82269339739121,1.30549912244502
1.77936523951825,1.15145167803095
1.94957513414131,1.41705668601419
1.81637348203474,1.25452465061467
1.79827535258024,1.42774344929541
1.78244278138341,1.34329263740651
1.65888196353029,1.29108367058948
1.55728630623965,1.07366803150268
1.66262063897318,1.17874611164472
1.82525791057515,1.2532845740521
1.46123160894406,1.01677066795191
1.79245013040737,1.36488129389609
1.79129133609404,1.29931978334
1.80678307854323,1.29421966400892
1.7284093726611,1.20435212067649
1.73698602922822,1.37999866770149
1.48191769123744,1.13536398384186
1.72044144124663,1.12851825766723
1.97526745521169,1.4366992295939
1.79596412082493,1.18041391730352
1.81717254536788,1.32931190789412
1.8188717722493,1.26300639761467
1.60388048496747,1.17927835301068
1.64021812947677,1.13034216748829
1.91607242804254,1.43285403618914
1.94878843353698,1.21637697553954
1.76100614393794,1.08638164070071
1.56897131890134,1.18351812185907
1.61127440144932,1.24551212897725
1.69876783281877,1.1644987506319
1.52388278974487,1.19707093648871
1.58869384635908,1.00861328068449
1.86093092855098,1.48021533809634
1.82647820520518,1.35559787464911
2.04754620704987,1.29247931040231
1.67888284493649,1.22830021433235
1.91299667667699,1.30104962715412
1.87054402322764,1.3753066574842
1.81342740513054,1.26697277722493
1.66434157407646,1.2013374186889
1.83973802090688,1.22108320255263
1.90847146733705,1.37108585181646
1.90553538798972,1.25031883785311
1.91552859647799,1.31809828496295
1.58540185751674,1.21601558784307
1.56614918342162,1.16376617879473
1.50909472148608,1.01998937687698
1.80151059331691,1.30183547492478
1.9862148351255,1.40590059444281
1.87652116791348,1.33856825352704
1.69436397046581,1.32635631578675
1.9324286000343,1.42276263399317
1.41654951430027,1.15134688179382
1.81225883335114,1.2785916726428
1.87865329164273,1.23672341819937
1.84256151041278,1.47876180079761
1.95082430254665,1.39649223642752
1.88903219858625,1.24340961891607
1.87743828883151,1.53849973640622
1.78291239748687,1.25120115181268
1.74807026431771,1.42223745807071
1.80241987568338,1.26293099048533
1.66687560361975,1.15009361703564
1.39648576538876,0.942580001349879
2.15080073685009,1.39377776542217
1.5955524452363,1.02178439953122
1.77003071996191,1.20058313952978
1.4433373698816,1.1736782196579
1.86924938831433,1.06143015414795
1.94393578564163,1.53801417571294
1.82999918440722,1.3154475280238
1.88109053716996,1.30309177933252
1.54253934099311,1.21604956968785
1.50548222851024,1.31052244839851
1.6708428665848,1.19745850567631
1.7956330352618,1.19894742757586
1.86545079845509,1.32049588049248
1.87479021210275,1.31148803730285
1.37525494041614,1.15896687703514
1.73005232795167,1.21076245247967
1.97736650463004,1.40025432349726
1.52306949318784,1.30022756886718
1.82953646002964,1.21602705684942
1.93711520675153,1.30541694636339
1.96336280261362,1.1522370825719
1.47660508924674,1.25800537913354
1.84222248707821,1.18357131226479
1.7943687792514,1.22231080514392
1.82694688831864,1.33387844908108
1.89400268337567,1.40698064656393
1.75307837043184,1.12921892944246
1.70533256880195,1.17457036479778
1.74678701882347,1.20532760933341
1.82455527930537,1.26082245545019
1.76617688888259,1.13258162376165
1.51037239223497,0.993438563389869
1.83090487026031,1.22892084802937
2.06233024217418,1.36415739321227
1.9560583535688,1.27255343714874
1.95047176929811,1.20184954202503
1.98587706130687,1.55198944535861
1.30063730947843,1.06040736137476
1.77706758704856,1.23344229775846
1.43576846648842,1.2092265792532
1.56822461248306,1.31432548900275
1.61941999116213,1.2782190878642
1.72766461391717,1.21335409250788
1.66000929777043,1.10537372902773
1.9109278379951,1.24623536818862
1.70854694522389,1.17011489056248
1.81403861009384,1.35305655732893
1.61702839053813,1.11424103546994
1.79747096556927,1.26877178438423
1.68588950377017,1.17546680978941
1.69438243233313,1.06071576330888
1.79487919327059,1.29505941168417
1.49918616213116,1.18240203093847
1.88560694261346,1.26147008936528
1.88643721607591,1.29850011677019
1.7334094459221,1.23658493679915
1.81199384665597,1.24435538615765
1.63885505143352,1.06678153966828
1.78074771971005,1.26501115510499
1.43204926915889,1.1796437523878
1.64596530619756,1.26630694731217
1.87729221529865,1.2722630408786
1.55134425849643,1.07542056713364
1.90494736484696,1.33185137200294
1.70936259292065,1.25796678898069
1.60394243036208,1.24847585537131
1.72614445645478,1.29130761043448
1.85429162581471,1.25726093311672
1.80062389136157,1.18915759924605
1.78430576887563,1.25941598559962
1.73328289133132,1.10220813166959
1.58455618148546,1.311115563603
1.75311064153844,1.22089549233997
1.5337461676288,1.15303060641638
1.71035584749408,1.19373304677188
2.24505174229964,1.38246716657259
1.71925449838602,1.17570422369324
1.96520842530508,1.37288145661098
1.47238749782156,0.919977671389739
1.66110589279577,1.21649431626168
1.99269114185429,1.36021252504674
1.50444447661046,1.17745189907076
1.81972496285732,1.32304244060015
1.45411373182781,1.24887463676337
1.89728172650381,1.50294678174401
1.83258979144824,1.31318484868068
1.89909580030088,1.3207902053593
1.83576036066579,1.33272096796659
1.95857185078681,1.34890950772316
1.79042162624188,1.23450164817833
1.89344141026923,1.32635148095089
1.74490220322991,1.18862527445973
1.35640317291957,1.02177821573616
1.87181406857984,1.40553248844791
1.84967449986905,1.21911791430011
1.72168288936202,1.18294769085326
1.3537699652346,0.811772760665762
1.83107169291806,1.26881785492
1.83959816229606,1.26826583727593
1.64177636843923,1.14281263050005
1.98680057872951,1.3839458791888
1.76901980186854,1.39187296146126
1.95156781904428,1.50766054988606
1.77281673595581,1.27426708211848
2.09860165554153,1.38005369745048
1.53589082225904,1.23780891688126
2.03177921190579,1.33332750776151
1.75315169363981,1.12183410620699
1.82404722528635,1.29672215441723
2.056455850578,1.22632113479551
1.6003582536333,1.17060625727241
1.48890600778328,0.957732645309113
1.94780907887243,1.46175272891032
1.54227617288635,1.23520045120846
1.87519245236769,1.35018157449127
1.81520648018121,1.20294459011479
1.70252396147011,1.1249321099116
1.9711920347021,1.46703706654976
1.7073767170186,1.25716838546172
1.67682730391167,1.1979427845449
1.55797096752742,1.15693279642375
1.817658804604,1.21148240333241
1.73554252461277,1.15964506850984
1.85814930941478,1.43062424664035
1.71772850915273,1.20555115517177
1.76449861698341,1.25803964992468
1.91075229675865,1.16025903977714
1.65026543644257,1.13330481583368
1.50477432576083,1.19007318063686
1.5426652427181,1.23054426901151
1.44595343229012,1.03067224666321
2.13570960575206,1.39524716359161
2.03211155275158,1.388523444981
2.01928510306742,1.29968079890846
1.83451709852595,1.27042071554751
1.73353076904698,1.16061736965779
1.85198745398131,1.21230558316924
1.77354703334788,1.23373784236801
1.8325010893945,1.22360380169277
1.74976071334408,1.20767300660939
1.49817626130989,1.03501463228941
1.96443050884478,1.43848725084964
1.83227912521543,1.26826242466029
1.79967329142794,1.2456580178974
1.68749701423587,1.20566471137511
1.60924615951843,1.2185858628152
1.72152674461931,1.18019986885808
2.15848412934744,1.37503348071988
1.80160239788517,1.29024359300748
1.53118252894533,0.986950826539128
1.6938934081508,1.20592839198984
1.66707764858924,1.08865595509571
1.75722022449559,1.2160921509546
1.49053978478135,1.26619663154609
2.00902152651776,1.34870719531587
1.82633940581964,1.25390376458544
1.82052566507972,1.29772240400321
1.91649001701808,1.21780325943621
1.66864168291482,1.22734641739729
1.50760552696095,1.1836428018013
1.8983210729002,1.47325065483722
1.557936885985,1.06126930924683
1.92838758723779,1.1845905331092
1.80988573054278,1.18476377953389
2.13465117561927,1.41470446118849
2.00740167645612,1.20561140955822
2.18753039051172,1.41531468264247
1.77640759820941,1.28008912158869
1.70426230314977,1.18750492142009
1.93769529780925,1.14935164681211
1.84017876750906,1.31959348437941
1.77457447644682,1.2340175379629
1.78967431351607,1.31880872599854
1.7998835545263,1.2047483688928
1.75702305671469,1.2293205054941
1.7341518645173,1.22985264659584
1.49494806301142,1.05426631453887
1.93618577079333,1.45695724799374
1.64490349913065,1.29376269893514
1.98632005184854,1.28496861729939
1.63155998648043,1.10007668545109
1.78916383245583,1.24925103293472
1.69759967867528,1.29457876050939
1.71941912385952,1.20318047251449
1.88258760584522,1.25477389845418
1.8057251099832,1.31762086677255
1.70333731824926,1.18865751515984
1.60015767014648,1.22773146957622
1.66507089124345,1.13895572676811
1.46690207267299,1.20345791675327
1.75414788753533,1.14493808346673
1.85229106361946,1.22179146858887
1.67527238399747,1.12288191033652
1.80505433449805,1.48505255205718
1.74865382934416,1.26475732307739
1.70207986065958,1.20237285804243
1.90789151747673,1.3351461987417
1.48460738872148,1.06229868925623
1.79642014198476,1.42605357728929
1.81429801853848,1.27161074545231
1.6888209766851,1.10749659787391
1.86432574679421,1.2642136118176
1.90360857387143,1.31399087744648
1.72126940571269,1.16730961167401
1.66708031565218,1.19363155214158
1.62730995771009,1.18300630730942
1.61022957978265,1.17084542719335
1.76238871658513,1.21909296409475
1.35043399063853,0.990479639077144
2.04032702391164,1.41244488580872
1.48332284369753,1.2305378722575
1.83413930440979,1.49748705729234
1.64082221267334,1.12026521529914
1.56400430225918,1.07003998435291
1.75975205393089,1.11173824693933
1.84440631258045,1.30094948932793
1.43909279669307,1.19409039005208
1.80804413659567,1.29538679860869
1.61382851523139,1.24956827094324
1.45331698017169,1.1420880481701
1.82431203060078,1.33088729527043
1.75077747003514,1.23123542238
1.78385786063864,1.0703783270693
1.73426789673537,1.28568760046144
1.82369973087289,1.34869841344888
1.67821791086036,1.43217400734551
1.88820163742021,1.46937868972035
1.86859834626933,1.2696701460835
1.76789612070347,1.28347987075687
1.71505635220992,1.39632314431073
1.41170010396862,0.778098847270192
1.72387175364922,1.16369047177905
1.6613210091516,1.21370400174719
1.65974770726786,1.23529266355709
1.6503663050277,1.16074516998107
1.82429393005819,1.21971482213888
1.67808374422821,1.19140420404766
1.98320175528541,1.2585114928581
1.52573485450118,0.939655860089773
1.90058524413625,1.08937923234564
1.53040393901263,1.05156998935161
2.02601460116073,1.48389206281776
1.7128824537029,1.18569949137581
1.79802187220382,1.20509757628099
1.660142651897,1.18097742303856
1.69344472911789,1.20978924651151
1.5008412876084,1.03901566814757
1.48959473319486,0.947569676403941
1.39449479191318,1.01549698838437
1.87160653453032,1.48116916848298
1.72481602841476,1.21040347538828
2.03995956216946,1.47119047820932
1.69203821197431,1.11383930583526
1.75221508319809,1.23455217338621
1.83393587511772,1.29307149349673
1.78917699198857,1.10830428621331
1.81344893742265,1.31323144830417
1.77125877808212,1.32706486840815
1.65095680242389,1.16420320642304
1.85662781582912,1.2860364891013
1.79852236215622,1.21757589771951
1.72654296373317,1.15159941882459
1.61985477044997,1.15187546661432
1.44345996459081,0.988033376399809
1.57978341507073,1.00452596061526
1.65905799834167,1.16698888965435
1.84253706545355,1.3345730945063
1.66919919269218,1.10838856700443
1.59822588239635,1.10982710635973
1.68647827280025,1.19829966132971
1.87948382883614,1.16795553886573
1.78323955188694,1.22739415045601
1.82400610888137,1.26688897484721
2.06923902740198,1.39190703181189
1.96187812052918,1.35471977956827
1.7493425897357,1.21941963446234
1.84414889963793,1.31713321712981
1.9567563975377,1.3406240969916
1.76274592482206,1.27345531850824
1.64242649941377,1.17455901999827
1.70121150536575,1.22164196134271
1.87821206220692,1.52036939478367
1.78022628897545,1.21151876871439
1.75001582915936,1.06857954355038
1.77529544508963,1.19664626120746
1.78021567571291,1.17891387230088
1.60417449847123,1.20596533414328
1.70805261782023,1.21535710920027
1.69652057440246,1.20320571469724
1.6967979634767,1.09133743719211
1.81594219172981,1.27796776605356
1.61238855307132,1.16901007975599
1.91129190402252,1.19800892301406
1.92620066392901,1.13877886308701
1.70550564594103,1.23978389733673
1.82526573715293,1.38102619584627
2.0677894691169,1.41970664556615
1.80608386969383,1.15879229370814
1.64975194144659,1.26231230948728
1.87486618443093,1.33009622973556
1.82618297208506,1.29950350451025
2.01910380074884,1.22004167242546
1.68949358894004,1.18632312257354
1.63709769268733,1.13648694130514
1.46283720081952,1.18668070887079
1.72796903724671,1.20137713704722
1.43716301494815,1.09602324954443
1.93037665433075,1.366831531894
1.45138289093161,1.13636880632787
1.82358607040927,1.25479192046875
1.74767587280766,1.1240741106951
1.67683909142824,1.16791323611087
1.74963297312939,1.21051423298764
1.83679323437167,1.2852601887583
1.62368485374792,1.1696201384236
1.90164663714631,1.33248224229085
1.80901788944343,1.3029069338705
1.7655412536328,1.24432988146369
1.69350913012512,1.20289814344181
1.7646044024505,1.19890707719479
1.32160731390538,1.06102158619765
1.68977567457536,1.09800300977716
1.60730546348455,1.08659372645261
1.59453340170526,1.14952202559953
1.60817496155935,1.13852379266272
1.70695677679969,1.19947801362912
1.75697354945215,1.18561436548691
1.64160194866936,1.23730759174875
1.44331887979158,1.19936729824846
1.7703320487561,1.23681371487437
1.87466347928458,1.3093640892133
1.30266180490746,1.07586907000384
1.92933141431058,1.35326248587262
1.75867352136985,1.47288376316168
2.00107589541524,1.17527547800731
2.03893597592056,1.25599881947724
1.78642264058403,1.2644511872361
1.50324932470771,1.16874007541347
1.77531316880808,1.25172264836552
1.75155211797785,1.25963954967574
1.90592704289596,1.30180162150255
1.90077849032704,1.35417645288377
1.80442175765963,1.33333557770074
1.63945513065495,1.04647056749641
1.7691780073646,1.30244448552498
1.78052423180602,1.29693394138256
1.70253200342045,1.17872212687942
1.78687626439935,1.40101218503096
1.68021390393472,1.21157710045634
1.56949946523064,1.12222364778231
1.80889384702513,1.28034710400336
1.94815957082737,1.39843212267966
1.82245405321562,1.25407535443478
1.82197192427023,1.24797420804991
1.75779841959552,1.21722751123827
1.76104755765312,1.29334160440667
1.74121628264089,1.27675674995984
1.67011763519799,1.16825902477783
1.87083694515166,1.27825392627656
1.81577737778875,1.26658265973497
1.56056917875962,1.01202310334334
1.79099293565484,1.27953069342749
1.97060619336604,1.37858423811342
1.65520059787679,1.16974366390627
1.77422998780963,1.3059192028633
1.86728798841107,1.26271714485256
1.89724752533713,1.32708402156723
1.91672074242427,1.22700387131574
1.78660851684196,1.22527441727593
1.7749571415725,1.30471315703068
1.76036413159071,1.26993004325633
1.73616557423834,1.2724364107543
2.03725615934314,1.39090256750981
1.49196220011251,1.24364907172779
1.70369279688651,1.16345142118227
1.86124479873111,1.29134695988396
1.83934531156465,1.26589015944628
1.79786053082205,1.1809310454045
1.43667622436472,1.1113457517361
1.67898333651382,0.955660140883695
1.46332009793562,1.12835020907962
1.68906969600452,1.17081768557777
1.70070630666855,1.23936368704299
1.79853345603225,1.27160623534175
1.7269813724536,1.31221611867603
1.73172847215714,1.22024303047035
1.78023374359126,1.26473118932569
1.94436560075235,1.50019230766627
1.77435223477207,1.23000205492387
1.72387868012017,1.17413369549133
1.5767023503952,1.23756959719584
1.70222076085681,1.20661703196459
1.64106477016795,1.06316366859724
1.57419085557159,1.08248642793851
1.83668697766825,1.2859418043355
1.78576980089422,1.25659579868333
1.79609127212659,1.23041733058262
1.70120071847816,1.15078776464349
1.77035635054613,1.17818243106203
1.64630071393644,1.14830866037922
1.78382384191725,1.23998452171517
1.59477915179207,1.09243066124659
1.76119674698617,1.33240830250514
1.74435239915311,1.17131095296336
1.89305105645296,1.4735431924616
1.78451294624538,1.21597327895768
2.00392701746309,1.23059288290475
1.53628181306304,1.20044486638402
1.80824940313672,1.24185187970278
1.8101720459835,1.1778044899084
1.72029405266985,1.21993055175067
1.70436261479179,1.12166050925297
1.80195682827977,1.2849053323263
1.96347822650381,1.26005031324821
1.5097938618615,1.20965663614069
1.68538389751219,1.12439548684867
1.8207311653958,1.09445335460258
1.51384016592377,1.28733036299446
2.01433473603547,1.25948643053447
1.48162299581257,1.2357049186406
1.65779308419906,1.20410704129556
1.65536357206081,1.03936626487749
1.45021483288728,1.19658773334643
1.61146533180491,1.15491063796953
1.73820485814007,1.16315378516808
2.00155565432186,1.47873447052412
1.72436276950501,1.25588318815915
1.70529349040971,1.27383805564585
1.45589883965383,1.19514713769398
1.59542215821557,1.24354606775103
1.91548327619821,1.1302175645115
1.42361097763927,1.13138025220487
1.69847074397895,1.34440444895103
1.79742423400633,1.21828245639801
1.40334274798511,1.18018561328168
1.80828936315131,1.28797589221186
1.65510182441859,1.094455967884
1.70622822636879,1.14831289773265
1.59262869575292,1.07387246253636
1.67716269949728,1.22283809906229
1.5124824631588,1.12606199064024
1.94953710593271,1.5267374589302
1.57670453203533,1.20597233653701
1.92304100206843,1.48705694939788
1.6598872849763,1.14055227638802
1.39593388006056,1.0825284117544
1.83601374642216,1.22529428791282
1.68716043774932,1.20543164745151
1.76437946697913,1.31319521318109
1.52944120116456,1.26439928906653
1.77562521013451,1.21467635545172
1.68149096599496,1.13742466272768
1.99032569523028,1.3118145569497
1.98188678258117,1.34080872061209
1.90581737802391,1.22275547562064
1.49106141194772,1.26976320296467
2.07603777950718,1.39587823984144
1.72819848367993,1.13523730103705
1.68429417641191,1.07976240736339
1.73118701792112,1.1891741651502
1.80917583022247,1.26498324377596
1.75048354573793,1.20283942355427
1.72252926048819,1.21614140709551
1.89756319487359,1.20956373248239
1.81812564996809,1.2576570732892
1.82660410119319,1.36328410099367
1.97994380917302,1.33832608115464
1.87033521355728,1.3334428967741
1.83064519213316,1.36966605042139
1.32165403895326,1.08407721850503
1.54866072739123,1.06469575584228
1.46417888380946,1.11877763152875
1.98729057741137,1.51238738250949
1.87347021022514,1.35767818466563
1.7111760482609,1.21189387185004
2.06311592062204,1.23426719253344
1.7478432506971,1.12049867359331
1.58285304169988,0.97960115843549
2.05770677803695,1.24623736417775
1.95288986076478,1.50604519520828
1.56075073096096,1.25966277778651
1.91024408893627,1.42521751292113
1.73113820625217,1.20141779243655
1.61525409987602,1.05478690026605
1.94630942638525,1.32867979496013
1.70690811533424,1.19044919057896
1.90250598498444,1.50343363146818
1.97336155283564,1.35122241618814
1.74627414180631,1.1941946442225
1.8023990438428,1.15114330477087
1.66927067275099,1.24366678393539
1.90916610118595,1.28816643440661
1.41432823163103,1.12779283192133
1.9513058860285,1.25849775992896
2.01612261996286,1.23318809006601
1.66343288620472,1.16461034794406
1.91357323639792,1.3132194998525
1.18913778870661,0.909519982346051
1.8900577028159,1.25720631482747
1.86089444045204,1.31557616393828
1.85179615407303,1.29599528593113
1.43996758805378,1.23825826810345
1.73563940174179,1.25911183662879
1.67766475761201,1.19161466805953
1.50259832073028,1.18982168114778
2.3255331800521,1.38129846811873
1.77199275101366,1.25541339548163
1.58651248278534,1.16806994992666
1.89938326117463,1.30342732929064
1.77366234183501,1.2580499320844
1.84192861006789,1.29014697239171
1.80345056405499,1.27932722228738
1.76776788311272,1.21649965683448
2.01594222353567,1.45658826038658
1.83478545555881,1.34145357278866
1.71381603947374,1.13553764421149
1.91705704488217,1.39241592900544
1.83213188315857,1.25725826655411
1.86300049423672,1.36572829781221
1.90925392520955,1.14844470064897
1.68992690978154,1.10258032029643
1.50688444929293,1.06336006018371
1.93685763833261,1.51245720603131
1.72149913073756,1.28405314534365
1.81414182122198,1.24523682606479
1.48277532499393,1.16310170037492
1.87183983036403,1.32650247819861
1.84996602407213,1.34040066820254
1.70496653982248,1.19637570011303
1.97132869755719,1.30623279510668
1.86861221916845,1.31881823742657
1.91257437547158,1.2220249563056
1.82558956183856,1.31156598190411
1.89114661587506,1.29462251813707
1.6849045322305,1.2034972183442
1.87943955592752,1.24106151780715
1.691157575574,1.14322671183283
1.97500247735262,1.58368868598434
1.71871123959832,1.26430433818058
1.88646747638856,1.31225496795662
2.11042834964867,1.38543136780363
1.82603393837585,1.28047461733786
1.78400762333461,1.24742089449318
1.617155272406,1.16479638016391
1.71755245677689,1.21755626562584
1.79912820978597,1.25884988172357
1.74639314337309,1.2391889618444
1.70395209084707,1.18356855361023
1.92076742872905,1.28258162886262
1.86875633180833,1.31511639827636
1.85324176917914,1.28884444185458
1.47678414946185,1.22432243147852
1.76677000632696,1.21815354548507
1.67712216037576,1.2716174758539
1.60056472820485,1.03622949256439
1.62213094902334,1.10475651989141
1.71482726262631,1.23587316148564
1.75610302816402,1.25319839452001
1.462516126108,1.21353076814453
1.924009064052,1.48121729746797
1.77088378359466,1.27014056704085
1.68853722435696,1.1325455036861
1.87508267773332,1.40276178789077
1.51176408313669,1.12340315910597
1.70663722918866,1.2205493700806
1.44457532570254,1.15287287755865
1.68057393264402,1.08465478135467
1.91853690782205,1.38423540766332
1.79752788945713,1.2757323901217
1.96832429136416,1.34527734999892
1.68022506371638,1.23055092825513
1.65802096807844,1.15923673376785
1.97450187334217,1.28392580431573
1.9048321295122,1.22709159032571
1.98514669898006,1.30784671141974
1.73551515825319,1.26511653166659
1.65131932462969,1.09799461605894
1.90220027862575,1.28141542605758
1.82161076165294,1.26175385795622
1.67096696309511,1.16003434616077
1.83198061136266,1.27961710561295
1.73143375371405,1.2222149156258
1.79316850388997,1.42866066263194
1.80670044396859,1.25900888274898
1.42657953633188,1.18663525396646
1.95148560135505,1.41549541482774
1.67698821582683,1.16210281071036
1.86064753596732,1.18763251458884
1.84370957667594,1.42244937782262
1.89361441215368,1.31650117885818
1.87452407907712,1.49328878925303
1.73961462794649,1.25733088966964
1.77276327477826,1.32801651068699
1.78744559675169,1.17880022333014
1.87799939912278,1.13638515925951
1.84925056036535,1.4243465347316
1.75646964040661,1.3492380366879
1.70556726683937,1.22197506457091
1.92089707880141,1.43342471932761
1.85128591224254,1.23165155490734
1.97976243898524,1.23259445294166
1.51067915051756,1.05991880448946
1.75556207422181,1.22505757382518
1.98288381605722,1.28467159641276
1.38745081785936,1.02436071716822
1.85383254264105,1.28495671249265
1.67933879432234,1.31928491433801
1.46985296054425,1.28009352355234
1.69647645464371,1.23709479193429
1.96719089940281,1.16234477509952
1.84944082626408,1.40052382958377
1.75938952195032,1.23730355628977
1.69347275774129,1.18069036237749
1.67738394244918,1.20586728282271
1.76813687691902,1.34644227494542
1.67629821368661,1.17024632816334
1.78374574109469,1.23408575751465
1.86283163009064,1.3362396830669
1.75539973677023,1.21874400185955
1.75492660801538,1.24017110620948
1.75477273405063,1.26010713964544
1.66259488208086,1.16014982909487
1.85891797354655,1.2593925835125
1.59804801151732,1.08089803253892
1.46847701982139,1.2534856779048
1.81125913707999,1.34212731858412
1.82583645828767,1.2929725030943
1.79457895147395,1.27526499653822
1.69124322952049,1.3445645918604
2.00116672965551,1.29392560384745
1.70559671914307,1.14239717344562
1.79826531498869,1.16854203279865
1.42712729025917,1.15936704304997
1.60665985813446,1.24037241714224
1.72791542926832,1.12865418900504
2.03717532589939,1.42175312777528
1.81692455153686,1.20737057130595
1.90297645892136,1.32395021323109
1.85470771559606,1.43165293426878
1.74844486986152,1.18369626025643
1.9401595205109,1.32610999689619
1.7216029595528,1.22893707414029
1.65454481668819,1.2232126369509
1.62083320664178,1.23906674423985
1.6073045130384,1.29422246553343
1.87305871459221,1.43731785820397
1.83674889472235,1.24673929233778
1.64383104468849,1.11705876538368
1.82752492862895,1.16323931580764
1.83232994974237,1.20686125075117
2.10069203345833,1.35381314342597
1.55901105623876,1.10671264054919
1.47840481593884,1.04960025152584
1.87682172885532,1.21987957716037
1.90996785588615,1.43869768433425
1.66451603065647,1.09867621221822
1.80422549223912,1.13669208700913
1.47799414678729,1.14052968025892
1.79964916565061,1.1770324044987
1.44748836523107,1.09661241048182
1.5258255728548,1.26082413028191
1.97781081434501,1.24545570452821
1.86174051532366,1.30256036685717
1.62070231804055,1.3187801598601
1.79218311751818,1.30256635246115
1.81333840796256,1.25953310196794
1.81588480893186,1.24254456798397
1.70442840152059,1.23109699805832
1.98583313264502,1.54475283995047
1.54400810420206,1.12900676996853
1.88145855416325,1.31915565759634
2.01579278844758,1.53662162495343
1.63929938175449,1.15265745844468
1.71409117122341,1.1578903333684
1.874727090812,1.21790184587459
1.90699940846319,1.4781553233417
1.67286927381674,1.11998670175746
1.6925902817785,1.13827308266679
1.57721206505,1.23537525418363
1.64379082840762,1.09568635280098
1.75357055377646,1.13973714106745
1.88110003297427,1.33847578170629
1.52329775645698,1.08909187728291
1.69598354076206,1.1480819501073
1.78595175064149,1.27693496445813
1.702699377869,1.25715318212457
1.79250505209608,1.25436759350906
1.57664118767712,0.991600676720313
1.85444902337635,1.30212002087844
1.75714261385814,1.18922215597896
1.64818291488326,1.13065436350596
1.53003994201886,1.20306270155201
1.79844742679985,1.20827361727576
1.89283189119242,1.28026767631934
1.66745783411732,1.11549982260542
2.00643329651465,1.25106279907612
2.03688968858843,1.33488552873792
1.59201543727946,1.23862110312392
1.81080133545892,1.23541205746989
1.95855324889694,1.42093219524342
1.06992316598691,0.88990545708021
1.83165414372767,1.11437246287646
1.77778108262156,1.29858111976948
1.26186417410571,1.02943571722778
1.36551797086779,1.15968642528332
1.69451761245364,1.21365653273711
1.90428891235169,1.53032504832647
1.72869370034408,1.13013150050256
1.525083128924,1.19201319257956
1.93768047974711,1.54604404031134
1.70886279586306,1.28414512242219
1.90637096003442,1.49677594493336
1.57198594388269,1.12918961291155
1.82422012460602,1.43335794455207
1.37807831809731,1.13632813179974
1.74533900239103,1.08534678082898
1.67147159884246,1.18153703150297
1.85909896873913,1.21851384417685
1.49584884766117,1.14536168082023
1.7480056299013,1.1911581823363
1.59062818800283,1.33385836554619
1.65107286814664,1.20713609793131
1.79383064008295,1.20035806821574
1.28761978895388,0.955796377196879
1.60344115775482,1.15306707655224
1.8870501106368,1.22496964039969
1.88942883918063,1.27403850823956
1.8146657958078,1.31222430400866
1.7879031480874,1.25355252739608
1.54807479224996,1.30933464825557
1.62968741460035,1.29393974936268
1.77611619427253,1.22749729222792
1.79255133191921,1.27293201046744
1.6616308560893,1.16523792104549
2.01148281449713,1.11852908659513
2.06231754490072,1.37823960913771
1.91667678926541,1.30518374930965
1.58674039537164,1.13901172322193
1.79548070310257,1.27311328000365
1.51938920347958,1.06812941106825
1.85138774321257,1.21849658559576
1.4802982122262,1.21194804896455
1.75021858256927,1.20454329558652
1.83364707915221,1.16373466174525
1.51982485931664,0.930027757994941
1.95518975333029,1.31413344597103
1.78910038485064,1.24641254356717
1.76255705115276,1.35399834062362
1.68570610020798,1.27361558259806
2.06954306437653,1.51455521223464
1.90565132514265,1.33647021069228
1.63021541927956,1.19878806798025
1.66986261126767,1.12247164224927
1.37886868014962,1.19676163879298
1.77938137094444,1.21670219477692
1.56667882793731,1.23701707856328
1.71440384851075,1.24457912311488
2.01201657085834,1.47139529209508
1.2555129951277,0.92099362453479
1.7947120055268,1.2345598355995
1.22332137560585,1.03947126344019
1.52895953456499,1.3036076473956
1.44691954067956,1.24800610025812
1.92965395327097,1.28592478930153
1.82278048260727,1.3370912924399
1.84390962486922,1.14987232501974
1.87134413044053,1.29310966446881
1.87732823479487,1.35575381969751
2.00794340500821,1.24941780544694
1.80045182201185,1.1774742863356
1.71288487762382,1.16017014040578
1.51194826619817,1.09699300193029
1.76693508143969,1.20858716644902
1.94503261908985,1.24427816647017
1.63073458411993,1.21036331260706
1.75967596282226,1.19275380170971
1.84526718833879,1.44964490356251
1.68686952496784,1.1515394786617
1.95377022429812,1.38128878233112
1.65166578199743,1.28173139420712
1.69020943392945,1.27101719382483
1.64679461329394,1.38451288519717
1.75392288845479,1.16672731639061
1.75149436608918,1.0689007912085
1.59770631669606,1.14932079775367
1.50748251298629,1.2633805372114
1.830594118752,1.26415864405562
1.61734448149738,1.19641732244891
1.64769247815712,1.30121514882956
1.87764415599728,1.34228128861936
1.76573948019794,1.16618082828763
1.76140894111281,1.22550161480493
1.68216546722894,1.23456109331333
1.83921294006537,1.20965345842706
1.9580984468617,1.47178048290135
1.82740647791099,1.27247736625544
1.78980944573841,1.16152069105318
1.93489011865204,1.52542998082655
1.9822028889824,1.48113920739415
1.61197308073101,1.19920736110208
1.6600499803734,1.12258373641483
1.36775001898076,0.960489798530324
1.88290715801369,1.31085456121398
1.83049967713334,1.36730329343307
1.99686652056087,1.26630065989345
1.83907753918424,1.30206569796012
2.04726830087973,1.2652640796118
1.61645516882698,1.19077548207024
1.47010120374382,1.03975614098249
1.670274369508,1.21864310399095
1.87499243430521,1.48926045678987
1.53382577808171,1.14251948630875
1.76156084154725,1.25907920075461
1.775032684484,1.2433472657117
1.56736122541783,0.974405225951796
1.7074831548987,1.24714059110876
1.73760989608611,1.25327500481306
1.79816118654157,1.18735726066522
1.82028470839053,1.19072436070608
1.6612824209521,1.14531291786965
1.44959981092396,1.07338049767324
1.79039833414913,1.46676494718681
1.29461305387711,0.973505925332036
1.28307371594797,0.931107572070127
1.59636582873338,1.25222238593257
1.95447426104259,1.53744677428456
1.96742043951006,1.24996440646581
1.79475484876255,1.28425296812897
1.75782008818205,1.27467082004648
1.70545439827566,1.22548171230897
1.64094209813112,1.12994139380636
1.9225421600127,1.29453662195644
1.68700538588422,1.20103506778775
1.65510714698589,1.07282413374334
1.70020584021924,1.33204403512405
1.85470724341953,1.29688009047704
1.82763788589482,1.34055550005211
1.38844153924168,1.05939923798117
1.64324386558873,1.15399876264234
1.80309173866256,1.20786717562672
1.31108099229805,1.09418836878682
1.84456309085275,1.14971496348637
1.78351030015435,1.27160683911709
1.64266684807569,1.29136689026758
1.78354429968924,1.25923229170537
1.37181558465826,0.992457744510355
1.75122667688372,1.24242304745083
1.78077234791761,1.30263310055178
1.80450922113863,1.18840748015722
1.85180166607318,1.21949670092534
1.74275091706424,1.22792609165898
1.70688045379231,1.21479199172939
1.7291926614958,1.19633954085449
1.78821258598714,1.26926935742112
1.69635941004258,1.21017095730072
1.69523253314324,1.2603214181361
2.14465417615588,1.42228558844054
1.84157989989052,1.33963473898639
1.76581391916557,1.12819784131173
1.531512632267,1.20560840426527
1.83777761733254,1.22263568737962
1.82177426234976,1.20038729892271
1.90701671005459,1.24119529302309
1.59227889048945,1.19069373461701
1.76902490857504,1.23868694278782
2.02426357332456,1.32929198509656
1.84451209203119,1.25811784655519
1.75480550131356,1.27052428847434
1.85453571990009,1.44738999577969
1.55497280809237,1.18267168689796
1.78624395480137,1.32024448469249
1.70778497782251,1.21890352727264
1.87862492507256,1.45262967221638
1.82110141648182,1.28096765008053
1.92950465237335,1.25815316275121
1.58545037823947,1.0933138201729
1.50003193030122,1.19145320959034
1.67619501396599,1.21085277597435
1.87717808304946,1.2754534771748
1.65063259465482,1.03462770085581
1.74420083669495,1.26640863264709
1.95187249433278,1.2722893607175
1.85745757093377,1.35406455981113
1.69593349141506,1.20061708464386
1.6850090222216,1.20925010073928
1.73881216045068,1.25206389949923
2.06556671413535,1.2304341758085
1.88522498626806,1.32473616762289
1.70859314208231,1.24666056327575
1.71726470060563,1.24130813541546
1.55839042599625,1.33719408893925
1.78486038455459,1.31281023440874
1.82983296686491,1.30597981739674
1.84007247210128,1.2415986100566
1.93521755341709,1.46060192574954
1.85581788241655,1.28977412688318
1.68050125873703,1.21416440425574
1.65403903615453,1.09503229116789
1.51463285307979,1.19195259454734
1.82243169131898,1.327664503341
1.72645477399482,1.36801750907713
1.82775834532524,1.09772824805828
1.67413310325915,1.24496737398832
1.63566757692103,1.28418772497906
1.65100293236306,1.40192587205437
1.69840551711547,1.16074305244092
1.98155164255831,1.06851654556624
1.66720540315912,1.08848657486218
1.83179587629454,1.17610125099258
1.75534884931244,1.18881229718741
1.76512161964503,1.23036133684419
1.4087056457206,1.15593823284383
1.74051843092323,1.19137247796015
1.78103982237955,1.27025000362765
1.91115369704016,1.14532740980913
1.7178844984374,1.17193357369913
1.47610051550314,1.08065907362805
1.59383394696966,1.07414099593826
1.7034585406908,1.20832017613988
1.35315774471444,1.08182371266635
1.79969745292299,1.09101314208982
1.74239216009872,1.16073796336612
1.77201841618811,1.19482353637147
1.66077550389542,1.12549902874501
1.77969701051,1.17112542369689
1.62385213370196,1.22256095798868
1.63099831651291,1.17514795242179
1.90214910961922,1.3430854051345
1.91654388096958,1.30878080326469
1.77231369895907,1.2427052429901
1.86271629028061,1.38158247108717
1.87608800160042,1.31827921646339
1.70755066519553,1.22822596535298
1.65527662779267,1.12599656868131
1.75779580083597,1.15404547490432
1.89851670660625,1.33782186193709
1.92442606531528,1.32579730503765
2.02545516054601,1.38982724039712
1.73079893920091,1.13732003188803
1.83547272907131,1.1953449260267
1.79586488519603,1.23391996971091
1.85424311330036,1.31588757955332
1.45409326437222,1.18232970921765
1.80957927029034,1.30147420047113
2.05832502146573,1.30571246981393
1.94563474164822,1.51947759489681
1.91279102453936,1.29205917147906
1.71349140190363,1.17281184084705
2.04673011071787,1.29543714673616
1.66106395981225,1.26126060127349
2.19100835572597,1.41669418508141
1.9763737175122,1.23430093463838
1.65962022673471,1.04559440445505
1.83499258713592,1.16230985954671
1.69128612722576,1.2822385719906
2.02570264526343,1.59695281871293
1.73820509486858,1.19247273294728
1.62883345703587,1.15887030516937
1.78805247471813,1.23890061603608
1.76744318675418,1.20690275667082
1.94172966594711,1.20862915898932
1.4296654572141,1.13029738794263
1.62441165543559,1.1496776910301
1.80151692104575,1.25807527702667
1.7975991158824,1.23420533066696
1.65437851055233,1.17477205633358
1.89382688387444,1.33264728597895
1.80191962281172,1.27890895756007
1.87387974812797,1.2917289908574
1.73334279919557,1.21347748273851
1.75300904254106,1.27385455993696
2.10546227070044,1.30212401344306
1.57966968959556,1.15955939503741
1.88562320767987,1.29572067847503
1.82644664841801,1.26889960517026
1.71431779485835,1.18013235193986
1.69326301845101,1.1116043296347
2.05015034391942,1.28562733158771
1.78530218126418,1.29369635560434
1.74000402751422,1.33076752602075
1.82353210624408,1.28925178804716
1.9876127222283,1.43377023419819
1.90760826041503,1.44738991460008
1.65777616350539,1.18073733747257
1.79330937076186,1.46142817930869
1.86266085230363,1.2407851899993
1.92892504074886,1.29442475704297
1.83485942543307,1.26770836168506
1.73534621859817,1.2036557976367
1.80153932414012,1.25340453020131
1.96853787635798,1.31359869898185
2.04933597027796,1.3312072558411
1.93124645268447,1.31072883867827
1.89256600368489,1.44825029587764
1.77291335448,1.22831562100267
1.85543748942624,1.32985688579087
1.61848352929765,1.19132848993663
1.76230946193933,1.23139732802777
1.73959005663791,1.18441351930974
1.7811550155429,1.19013955054068
1.62896226243843,1.21598929865642
1.72164006960858,1.39685334771687
1.48954077251055,1.21722811550008
1.9203495635727,1.33204519177419
1.66127606796388,1.23494057933159
1.81035614845374,1.30853754266594
2.0062225643852,1.45073881149601
1.55952436332355,1.29166826809767
1.58477061214937,1.24273902293713
1.57102425645002,1.12547362958945
1.82661269705485,1.12381005002728
1.68542547369124,1.25540306850532
2.08222416972772,1.29927361805219
1.80747776894823,1.23981320841263
1.7050574010264,1.18643698010434
1.95920467571664,1.46331517257412
1.79043256958908,1.24500636764892
1.93987355506517,1.40567613112134
1.74511291833688,1.3840835194669
1.79661016152782,1.22756182114172
1.73787230952603,1.1984753559159
1.76300360876068,1.23868882336889
1.914186353828,1.4863178318908
1.23477543759871,0.688156074450058
1.659610131589,1.21429578896328
1.86390701424786,1.4481480948288
1.64914107648757,1.18077535835851
1.61634675455171,1.1685189742715
1.64340200293096,1.10591502384078
1.43523559162577,1.12991156105634
1.83783763706633,1.30060268026985
1.70996118090948,1.24865783664731
1.50659487607525,1.01413444100092
1.61808532771404,1.23851238640632
1.97230334549332,1.09203915758009
1.81184828131188,1.2473339630963
1.64943985594394,1.02259115443255
1.60021646960196,1.14269185126515
1.89380241291882,1.36175285920523
1.72412907886805,1.23878958415246
1.55008331120213,1.22312771278446
1.78806278603442,1.2385837803794
1.96687926094397,1.20700204481054
1.61266532844456,1.09166946178695
1.87405145689869,1.16354196246759
1.53307620501597,1.11552311670211
1.86599724165231,1.4698581877566
1.82740040172767,1.28704225432129
1.63249097887911,1.25991357806002
2.03900944417526,1.39323173752334
1.62322558642886,1.13823851362836
1.94802451162901,1.31284876186636
1.66659377406776,1.2594405061355
1.85770633615166,1.46703438188512
1.85082654338524,1.28643651080611
1.8185745770641,1.23066039659727
1.65646925517193,1.05361288124942
1.85453169018402,1.14690373331284
1.88886639712426,1.25177834745126
1.912524678845,1.14547973624415
1.63248311192075,1.16644733011239
1.91174856542106,1.36188786025824
1.73048913643345,1.19491199914345
1.63081223492556,1.24612150261123
1.8382089209563,1.29097948967025
1.7305734661047,1.20270221543345
1.91347743986655,1.46313294786613
2.08867830660792,1.58882932588636
1.68973689013099,1.18638485521352
1.98272376204942,1.59684655204589
1.990900432844,1.33144951068461
1.30945691986673,1.07345684261477
1.77640603047448,1.24505815214691
2.05236545930241,1.45483855449638
1.74880207086193,1.28395439313871
1.52156595648042,1.03755892680847
1.37932828000719,1.12818059815155
1.86892776798206,1.26955915450268
1.37404517696666,1.10507700285284
1.4165762057525,1.18126385614512
1.68873855592476,1.15457783563431
1.60853863585748,1.07339035188511
1.6144822437585,1.17777510295548
1.88077537993607,1.41185625564731
1.68475922019072,1.14900199607597
1.51733974096843,1.203139847665
1.67113721873913,1.16701777550891
1.75234784937959,0.983586186922211
1.76268487242913,1.22022712711041
1.96594027296937,1.52048319401717
2.02709306431129,1.32879145669107
1.66368905142397,1.1564178653469
1.55316382482068,1.16783540077006
1.54787495140419,1.25672056872997
1.80848325082834,1.26969652250245
1.8408387232646,1.1542492113572
1.79478190612282,1.22626589816293
1.92375902783334,1.20596931629642
1.67159560169343,1.19075797884826
1.99394547560735,1.34425855663676
1.71054543061764,1.16124719854048
1.73289980192644,1.24956456815307
1.81512208017319,1.2028840642056
1.73130572243234,1.21909837312489
1.79518501561261,1.23186762965387
1.66917072367968,1.17161716479511
1.30535975576324,1.08121994242886
2.04428528193903,1.34816879671451
1.31015259415853,1.10380655061675
1.68269566326712,1.19433393269932
1.68482250602612,1.22218935166288
1.95874525245581,1.30811127487052
1.60026595787178,1.17354844919978
1.76409698386965,1.19444585868952
1.70662633759884,1.23942099164361
1.72967509366163,1.2282329686119
1.83433570391441,1.25410809657942
1.93945117977024,1.35043254169934
1.93131385033458,1.49522782527288
1.836774176606,1.29354318002635
1.85370868598598,1.22936887942094
1.4313773672647,0.914389701032653
2.02792833837958,1.53850678727178
1.83155913592549,1.18604102503493
1.49181465340175,1.11635822404217
1.72345744894015,1.36261344783924
1.98578314109417,1.3033819767387
1.94557659676108,1.40694387415176
1.40003691465778,1.17316753103624
1.71263137897405,1.23000259036385
1.63875561592103,1.05788007365522
1.81101587860725,1.25595026125781
1.62190166061592,1.08398892596982
1.64471303117153,1.07250917496322
1.68838214148281,1.15840873860395
1.78898726106064,1.28796799440308
1.87270100639494,1.29749474218951
1.75317904418256,1.23706253979927
1.81632558964823,1.30556035695234
1.89688725184741,1.24011569293075
1.87404459645415,1.28045116928778
1.65959741294327,1.39006039775934
1.78627868035569,1.24008911228202
1.42914756580633,1.20052412642517
1.93743843210882,1.30678766589506
1.71964477312058,1.18378816953908
1.82950778925165,1.30245424284928
1.6661003110534,1.19282024186658
1.69912983979956,1.31311926047625
1.79973982904284,1.21410992161009
1.50664942779041,1.28160645167237
1.51627031866017,1.18273591101825
1.78447774665433,1.20193862582745
1.84105378409662,1.24786821471122
1.73107708539545,1.38659833963588
1.62102704123527,1.15037139856729
1.74803137913875,1.09334770010242
1.71619970802614,1.14686680453487
1.82801233585062,1.20360190143005
1.40751690554506,1.11593620616898
1.74962102359268,1.22126105313862
1.87702368696048,1.17221998986871
1.6871986467901,1.20132697862051
1.64958338952652,1.1165254535367
1.54807829536126,1.23909754463273
1.4276382689458,1.11194476932443
1.64797452438957,1.42835386589674
1.64486990390678,1.12610855542476
1.62016939434117,1.19892867787735
1.85623060351258,1.10539371660013
1.32512756038723,1.12153796997864
1.6245273662546,1.15454427292151
1.7390873953062,1.18383931998703
1.40635374696275,1.05728320640211
1.38785375105521,1.05317171077691
1.89587327281968,1.53136991504263
1.72609895746094,1.11642544842865
1.73161900883693,1.18446583172061
1.85651484895855,1.34396828065353
1.33250833009408,1.00915420913639
1.85668997872083,1.31831002997127
1.54956671566825,1.1102293119376
1.58772292433102,1.15026765771164
1.52243433932493,0.982087392826182
1.6586251251473,0.946082448665939
1.83774497616231,1.4528264723285
1.87573979181173,1.27966941859605
1.44919093996527,1.12269991531167
1.80380928098065,1.44736411919422
1.8376944016536,1.19867292235252
1.74510935557409,1.30513255002905
1.65866996344395,1.14263035585211
1.84370048135789,1.23033400725061
1.9542029351544,1.49168014294052
1.72339249319887,1.19007497721098
1.64770025467653,1.08408830674674
1.93129986414553,1.35910653128462
1.75490781907013,1.28666069174714
1.83419226602458,1.24305879914489
1.44794063770257,1.18286928636839
1.64217374962703,1.21407670608609
1.61137305141252,1.12471338297158
1.82535812973249,1.25615023494205
1.73066987357262,1.26960521759448
1.86606598411309,1.52661601545594
1.87354859527145,1.31576735843247
1.73875649850666,1.22748582380429
1.75215428493497,1.28482632181677
1.73286586676409,1.27907016172361
1.82015184746067,1.31438724718615
1.65099712409672,1.19158560748033
1.79295588819315,1.28666445587132
1.72559959459536,1.19575306273486
1.71904293407892,1.2948829011877
1.98600994384625,1.43909174408523
1.68923124192281,1.21715387200844
1.78583925344786,1.20027295398006
1.70039552031817,1.30395248901011
1.7582478424067,1.38725122318826
1.7752042965088,1.22461016890418
1.84865120783619,1.24235426961895
1.97618870039407,1.3216177621966
1.51302376807339,1.12484606330598
1.79073812648527,1.29641697530763
1.73819305662916,1.19143838953134
1.82973908728167,1.22844792520273
1.89314387432841,1.23052900498108
1.74415592673386,1.21650210383452
1.8947389983654,1.44286624712511
2.16633096653661,1.32640786627861
1.83203510947848,1.28653653977679
1.53416070891289,1.21641762887502
1.68448577351621,1.28177536332067
1.91175681577583,1.31021267710933
1.94110715085679,1.18604067264477
1.68907652251425,1.12615792318947
1.89287176872492,1.33809756480568
1.79838426655744,1.20452946677358
1.69322078529669,1.24230686801377
1.7628573116537,1.15844294577461
1.67315796809354,1.04310195172654
1.20681427041324,1.02048217633461
1.87021236289722,1.46001679149666
1.70459001548299,1.15081102456951
1.71850114453887,1.17985918183956
1.64539355379176,1.25712488685483
1.79347140023153,1.19116958421902
1.76602940842026,1.23404715844832
1.68091416073755,1.2464079192638
1.71763628694152,1.14762964461275
1.72233546729529,1.19412724816799
1.69075954754837,1.1951684936715
1.60709653281243,1.25089318913626
1.72596165303316,1.18939855897812
1.497103119347,1.03685419969184
1.3849493781819,1.0161178914721
1.51572089496079,0.989154106073128
1.78522647684141,1.24899881998711
1.69911021058521,1.20979610539424
1.38912977613225,1.08376448310455
1.74164868658973,1.21385326619553
2.02608250763508,1.45562500826194
1.63015692152573,1.13605683123703
1.8540567726732,1.39964731055909
1.72017820787513,1.18246978837157
1.71357703262346,1.15354937612993
1.7576755967578,1.2131458905104
1.59280039966598,1.0227791629234
1.56294287414468,1.06235548087457
1.71474170360364,1.23846885052925
1.69969296603158,1.22485028484828
1.64772584802766,1.08907300395638
1.61964386678898,1.08107766841148
1.88004267555279,1.34262750477783
1.77815339632152,1.21226644605984
1.89222912547598,1.33761251528251
1.76630448812725,1.15811015965075
1.87586812295668,1.38584992875978
1.46303571501934,1.19424369808178
1.68519357318884,1.16621496787737
1.68882167504903,1.33477668333079
1.68028188869567,1.19460853121394
1.86620314663729,1.40090195060657
1.61064066019902,1.10683426768474
2.03657792043699,1.52562336942011
1.49159984354286,1.17109628410169
1.73203019082827,1.19021966816093
1.78082939656547,1.22379813799024
1.83533408290844,1.26665875028636
1.81819639772635,1.26583634398094
1.99353508340333,1.53985911354512
1.82680188208157,1.27963002904704
1.76095264971341,1.22075702069165
1.676937215161,1.21494965162884
1.6259192340542,1.24419938866174
1.62050260147905,1.19821927279625
1.97227909970379,1.44170756670508
1.81120059299729,1.27224718747503
1.91608780892091,1.39883496952342
1.42955391565809,1.20884812001424
1.7639194552473,0.97058919331892
1.54757910332657,1.26609483391216
1.46217234665552,1.19305832675614
1.45756782870216,1.22582106260667
1.9742988433652,1.19378926215295
1.86364033341993,1.47342961092134
1.69021733871452,1.3257706332491
1.72138677047804,1.15509007052736
1.95955098453621,1.30410053485928
1.88983128886068,1.42182393026795
1.43749480093804,1.11710245323604
1.79869543762016,1.2325808528063
1.66279420999788,1.2324080556083
1.90177535670531,1.31890155597898
1.89669386589516,1.36884664048332
1.62595089745719,1.12935280853265
1.61773774692523,1.08277774789281
1.75483810235589,1.21525445722287
1.90480615516424,1.25185507855277
1.64356312233203,1.09942644000276
1.66913049715468,1.19937261203522
1.61552349351541,1.10824451364173
1.82324993900018,1.28222020330765
1.63710338983755,1.18834296697773
1.65071259874947,1.1692556174684
1.70662302120777,1.21243143906795
1.53033562473527,1.13033023559856
1.78767405167392,1.19598889832017
1.70966566318134,1.10573657784699
1.70698111188697,1.28858228995639
1.75403678215846,1.23235620789925
2.0006992102912,1.3620974224761
1.89746046418835,1.25981118508574
1.86981302329534,1.09194727918836
1.59378702550258,1.25438850614601
1.78067817850117,1.27360337212503
1.63923698281024,1.19360781359239
1.65733464121103,1.17716662735576
1.6921831790424,1.17842078992724
1.9110663786341,1.45851945682902
1.50793584162071,1.22734068547252
1.74138381731063,1.19935678534739
1.71243859425665,1.19678621851082
1.73862957126138,1.22392081313428
1.88631331265838,1.20880025449003
1.82529240239621,1.13852249555955
1.9959454050398,1.28711041451286
1.88972193249357,1.30813415810431
1.47207798179975,1.15129088893799
1.7983204379303,1.19960253921446
2.01071025400613,1.3139673139577
1.80686284768166,1.25153204733383
1.75262478549478,1.36197841063475
1.90105800437315,1.32868680020461
1.85996189204757,1.27348224638599
1.87483608158878,1.25426653065344
1.69026074945965,1.19041961530225
1.87367469214261,1.29200423473196
1.60874184775822,1.12222963941428
1.93548760962236,1.35830462294664
1.62398431103963,1.29539879625199
1.59901753384703,1.16891470622172
1.65592344222528,1.0995628659672
1.62978863442272,1.12375693335737
1.79831710694335,1.23848344428303
1.95190112471906,1.36932565920392
1.73970989901952,1.24887060650822
1.67417577221938,1.3701242469139
1.63336503074722,1.13293404908359
1.81034300320433,1.22156664557519
1.62803284661816,1.23579100619379
1.59406648281032,1.07551179886973
1.74231753538567,1.21749231285075
1.88669860322619,1.38629092715135
2.0629009392343,1.56605512025983
1.90005390738715,1.43325799217662
1.76320782336966,1.21968549908767
1.89023321167799,1.30374124690948
1.6710590962535,1.1975465095844
1.64139909851954,1.03311377156498
1.87350353185444,1.3355280693298
1.65780467655864,1.18705335647872
1.72135669112434,1.32351171973969
1.76499342856216,1.20547357874232
1.87636191305244,1.31787165685746
2.00147862894934,1.28820472869118
1.69142009927989,1.19916631667459
1.43799565274431,1.15037657116053
1.5864205975436,1.30326610819656
1.53121230065658,1.02791825112738
1.8373912956165,1.27069606434263
1.58310622824967,1.10444920764765
2.09269967902954,1.56303932898328
1.92370307812366,1.34777382929539
1.65542937400863,1.19970243549235
1.69004086924085,1.47054036162564
1.74405795430462,1.27651592020268
1.67791694822935,1.01663028546651
1.60190233944926,1.13394429708561
1.82250999881906,1.19307195158284
1.69687323017523,1.20674526638179
1.89597594762293,1.30595160945142
1.72390935360913,1.27840094830802
2.05974591886841,1.48612811798498
1.90664289546677,1.34892200733305
1.79703875969509,1.43565547852938
1.44798441618043,1.13445146873034
1.77837715357811,1.13364418620184
1.91364025624848,1.516790971724
1.81216719614204,1.28991539881755
1.92562896417714,1.4240270868886
1.81152189242145,1.31052974181091
2.00896323125164,1.32503474692349
1.6718511279936,1.20935954402735
1.76662381028465,1.2195049341678
1.95293593963071,1.5302025476291
1.8808233299845,1.18094733947436
1.78546785790637,1.28172561795695
1.78383099968177,1.22969152501021
1.59456115976079,1.29903920758605
1.56926723546934,1.23155355803475
1.8733239811657,1.31990387290553
1.90089509621385,1.33238218898529
1.87882257715172,1.35071316210182
1.96999379282881,1.4058645872881
1.82595303704484,1.30283126981378
1.977766875472,1.49415236970235
1.89479928150649,1.30244241093373
1.91965249377262,1.27304040541539
1.84391913528462,1.29208359843184
1.68308392346448,1.17240658630608
1.87739848589021,1.06888192969386
1.88833923908417,1.40568901211826
1.8808185221437,1.30863405926608
1.78117594444446,1.25016683428784
1.81385356154022,1.24426144534198
1.76031120551172,1.28505991291206
1.75016819860678,1.230903464036
1.87251906120522,1.3923131805174
1.80415243129768,1.30308489767548
1.72819449169832,1.24999869089715
1.1129555832481,0.911238163763294
1.93546369158186,1.40418302772356
1.79940550397975,1.23248995573771
1.76771408315921,1.22577136853439
1.91509477305947,1.27510152631904
1.79343149097211,1.19678378513961
1.64440790605583,1.09448746875855
1.90736762893781,1.3939581711639
1.51328239837799,1.19520678166249
1.48995282203978,1.27604596518991
1.69735842680075,1.18440762882586
1.78667626380834,1.26807003389548
1.82118378150326,1.27357347046021
1.62841069260336,1.16303862198059
2.05400674580142,1.51776142810962
1.63944020421273,1.08773664680114
1.88519318488568,1.33882787612712
1.34919603645208,1.04808881982977
1.7886580653103,1.3037141825005
1.69654775144356,1.15861265914274
1.68730599966505,1.2618721032334
1.68169262735636,1.18374480466842
1.79111239682151,1.26852486647207
1.60944627046487,1.22715448302086
1.70384048805079,1.25924630494531
2.00057039189187,1.35238500686932
1.33231972570169,1.12331403151125
1.77651583227242,1.22792377075348
1.80812764168288,1.25158321698578
1.77856723536986,1.24043880569742
1.95685612659306,1.37975652084211
1.51040671321655,1.06367924358898
1.72266603900172,1.23050123407413
2.02689717400829,1.27146366767035
1.64453865484094,1.22594972483892
1.58819075372211,1.38234339741543
1.6424670027049,1.20765751296282
1.47525448215392,1.11956019282704
1.27227102573644,1.08163290733204
1.71254220964787,1.22566205332912
1.76033517812418,1.24147149625566
1.79347679647036,1.31937543149833
1.78399639260883,1.25501455818632
1.70439378659856,1.13050165751337
1.80708036813293,1.28778641601888
1.76076341802462,1.23463424026087
2.16561966276283,1.52231799832125
1.66685085956725,1.24421765669792
1.60519994208786,1.24610468960305
1.81387214814948,1.30654529378277
1.90482521693631,1.25258658556612
2.07960142958592,1.52909916898776
1.65721845375306,1.09249485102796
1.81060115535359,1.21007432147932
1.76749968729514,1.16904464989335
1.77754145059896,1.44896359600332
1.50728681638105,0.980113570150734
1.98560783718357,1.54201499018351
1.94243380879869,1.34557335620839
1.76649045503429,1.3086510935434
1.54140049670328,1.14355886499734
1.74592023852335,1.22313684624634
1.52522971734468,1.12923630729783
1.77771862197256,1.26834890646955
1.63120257866385,1.22276789665901
1.8453567912986,1.25701779508592
1.7694799583521,1.19891522026846
1.76786335338725,1.29994997638036
1.70570548705174,1.10251692629372
1.77028328439993,1.23306085675942
1.84632083378965,1.14598438534787
1.98481137443154,1.22373653932386
1.74921983847594,1.2512210232121
1.84362113224608,1.29650449819467
1.67673562849628,1.31321810487844
1.60224336198076,1.11873999043458
1.76874598846169,1.28073725228745
1.8100542075781,1.28865958509434
1.87990437423847,1.19648283688661
1.71584717403232,1.18192728743789
1.70185625413895,1.42606959147459
1.74074920630936,1.18226890918556
1.78564242941329,1.36564950368412
1.71776596784883,1.057732701375
1.7749149041902,1.28750753757425
1.5352225663079,1.19079776745155
1.94161782473383,1.55262491283968
1.79185064748324,1.19476161909545
1.89842306787608,1.23636782691347
1.8860587373873,1.35952474286659
1.85666062129739,1.21593076486032
1.40261024483252,1.15063860498356
1.39775207083068,1.05756479326314
1.81626648107173,1.25607561742565
1.79335267845759,1.27197444752632
1.75971412657389,1.21639648780029
1.76419090113832,1.24884318719098
1.63684419820979,1.08820805428662
1.67686506704338,1.31572413380873
1.67149389570104,1.15599818815233
1.73151850666646,1.1728305169385
1.50395591856897,1.12172027098345
1.77459598099127,1.17767562657667
1.69258382035643,1.08356034877189
1.7413792059233,1.17341816729232
1.75916523368299,1.08053376634701
1.81582930586643,1.27072690053276
1.84637736027727,1.57383405419268
1.67680144730303,1.11744913908963
1.54363102440752,1.2084868677002
1.79098502615157,1.2130616033429
1.81147107343802,1.29514672467748
1.91724238458741,1.28500991538703
1.71343093170438,1.20276078457877
1.97235660180087,1.28855865947382
2.04484951981269,1.498212229371
1.83991177605304,1.27518806257536
1.69142118200593,1.20558490063622
1.60752488701543,1.26281634659988
1.87785032465463,1.32576440910606
1.71720824757239,1.2346057778265
1.76875220562315,1.24216991785696
1.5152818010248,1.21932138651849
1.86312713172509,1.34655398672534
1.79637426171326,1.25731618323716
1.69107753915636,1.10594652399074
1.69987554797943,1.22024277945897
1.63210914927065,1.16142333624555
1.82821875661962,1.2341110508718
1.77797403144133,1.29918111888479
1.63663732250631,1.20898434287652
1.8228186673566,1.35749916283916
1.59765960049868,1.21541097197844
1.71370146468509,1.25046893747157
1.85966648688897,1.44240513272856
1.52325215279042,1.13444936383387
1.85437282169617,1.26676660728326
2.00203847687923,1.36928537950991
1.80344468352117,1.19054747169604
1.75078500475029,1.25600106218567
1.73381388740506,1.1750632154843
2.00766176119904,1.61442227697988
1.85890561960527,1.33980238492009
1.81763239586416,1.26305863436912
1.71856451974789,1.29386127458197
1.98246972052509,1.36346455778727
1.8207575341638,1.30538881705929
1.83793966361533,1.48719616957909
1.81784400491395,1.35279246238399
1.48422201757661,1.12685074938156
1.99492392514972,1.33744829209616
1.57738624803127,1.24467482322987
1.98433071451518,1.41860517675153
1.54072226395665,1.05115230697473
1.68392548579806,1.18420650753585
2.11650495786032,1.38936069989879
1.50740933705621,1.25038702677464
1.94653713009607,1.37235266251389
1.85889672224857,1.35724929339945
1.86316778673137,1.27152662095542
2.02177787398652,1.29758917661962
1.69988575227336,1.21258751234172
1.28169550445538,0.93502371948026
1.57737317107933,1.05514067203377
1.67250497481516,1.21912076530485
1.74088412526976,1.20481854980187
1.54482954631519,1.238925801465
1.72203394069522,1.2953717811551
1.8590326859677,1.27237993273193
1.7055456762634,1.23694462456165
1.71152476027592,1.17627843245526
1.89207482357685,1.36470535146187
1.50568480887555,1.25888321311968
1.91501740030763,1.37583871149432
1.58283635763692,1.2102834489336
1.90376494618233,1.44772562535443
1.58352734723534,1.29050529947063
1.69500558609459,1.23511013936137
1.94369581523625,1.33636369488751
2.08505688289932,1.36008404781538
1.61289276923235,1.23739436070919
1.95524935279886,1.34216726650805
1.59505900423305,1.24021415974438
1.78560226127637,1.19963978828358
1.69029702190749,1.26207728649455
2.01221434316616,1.25238780094276
1.6294496603957,1.2020751578941
1.85938358230882,1.36351450204612
1.90237087083932,1.28351790840724
1.58023166196138,1.13413359615406
1.64720037743477,1.14333914355581
2.04375912895837,1.48918915276694
1.65231214617496,1.11882850053403
1.90422014762939,1.33147687649778
1.80904708006834,1.273874139739
1.70931117409449,1.16029796894625
1.83979945687625,1.32811908374037
1.82860802040915,1.30736577873261
1.52470929491994,1.00986312577685
1.69826273041059,1.27067998699434
1.77005249288529,1.22461984837127
1.85183159280085,1.06108939820667
1.80972265774604,1.27730811105622
1.87807011720544,1.41243374165043
1.96823714286346,1.2194451027263
1.75107392871715,1.44431772831016
2.03461017851502,1.59632054229239
1.43522137079649,0.807296622491905
1.48589539379345,1.2209725500509
1.71393803881596,1.05872335580351
1.66761864715601,1.28212443691464
1.64515629615433,1.17879190847324
1.74442952843022,1.19387605595634
1.78823503692423,1.18800054593843
1.76189541275513,1.310648842805
1.62191973357175,1.16058999628477
1.79103269969478,1.27597667324729
1.71059420614671,1.23684830075925
1.6135469891033,1.08263273042402
1.85088160374125,1.22984838001267
1.78422926097508,1.31209574494773
1.81662264594648,1.31061821770094
1.40596776270032,1.18300036240704
1.77508837254874,1.24091846591295
1.76658483557716,1.27736179148523
1.94782289226815,1.24934416819293
1.71583211033683,1.19195923801992
1.42757687341076,1.11708308934229
1.9593430655142,1.5365844316712
1.90700235070124,1.27903061860019
2.00777946108785,1.39758727308947
1.81595778739947,1.22388989173282
1.64078250385995,1.2511520378641
1.97108678332707,1.51908678626411
1.50353260557837,1.03179199357303
1.78844836030719,1.23092247272896
1.66187583407763,1.24916464204313
1.52081790739314,1.15260618432539
1.87872114660647,1.48128437931098
1.61978621676774,1.26920418756321
1.49292419076033,1.23545824464461
1.93736504209754,1.20771483090715
1.67397696643325,1.14322980903928
1.85666265651704,1.3089355237525
2.00135447968143,1.39269213335538
1.88819743442073,1.3501490360118
2.00662075432961,1.45043520402047
1.93116104482444,1.48417716795597
1.68172003271735,1.31989873157203
1.76197742539723,1.23698105424753
1.75448709034986,1.31635104128761
1.52479844737151,1.08206279747628
1.55242475650791,1.05234446560606
1.36444895036126,1.06764711033994
1.81694763904256,1.28790382243607
1.60441321773674,1.23530404911231
1.51921257576273,1.21892774277962
1.70943256825579,1.20472664522419
1.65377954860016,1.22964846676574
1.71335632539947,1.17106854608891
1.50945590126114,1.24176471926937
1.56343001030014,1.08138984093103
1.95186580362649,1.24992125566951
1.73155962715638,1.1956790664681
1.94326235687659,1.46894762380583
1.80191099611479,1.23852708366468
1.87443032047158,1.27161395149367
1.82142688304009,1.34124564620822
1.81842735097077,1.28946699649497
1.76096342524724,1.23126823261091
1.77155415997868,1.21864917493117
1.53464018203114,1.18171120996503
1.55470622985645,1.25428246224042
1.73381749074514,1.12575617532314
1.80550887410189,1.30074276449843
1.71372542396117,1.19256648707353
1.85488877334151,1.24236795886915
2.08024873324329,1.64678066583405
1.60432232579765,1.30461298008245
2.01083845435055,1.31336482643926
1.95507777509689,1.36247593718825
1.91345043836522,1.38432599593814
1.81435146207505,1.22252682390927
1.66351828790532,1.09080699871577
1.60831018581179,1.06481483090886
1.49338084661245,1.12846577972303
1.64536251155222,1.46750697376181
1.55029350286409,1.22697657972468
1.83803971408493,1.27731979397867
1.96298885259084,1.42779485323283
1.7567854674466,1.28502997614546
1.8651919548519,1.4230644425714
1.85626934394635,1.30905488695878
1.77948525503297,1.2316807485221
1.64184558517471,1.12674313621559
1.7099856598985,1.21140493402431
2.04763686675823,1.35745721545671
2.0044214080557,1.46285390802295
1.60689744453593,1.22948620820927
1.27960324249616,0.935135216208472
1.91061794753581,1.4021196167756
1.78199336508953,1.19866257378217
1.91283007188123,1.24117954227209
1.76992061567486,1.19631273983671
1.81469711755039,1.27991288390876
1.45268443068531,1.18626064815864
1.87726982077312,1.25613838205928
1.75548518953532,1.00576483040814
1.7124595601811,1.40593048320704
1.60287369014529,1.18070234595373
1.61425965245889,1.28083563682487
1.88795064032463,1.46336955183496
1.82188746811956,1.27920367462073
1.81391074449104,1.27562428948203
1.75724986773132,1.16177296646117
1.56287922241614,0.949214136687114
1.47113645761637,1.22960326828681
1.84244681886562,1.33067197167141
1.84029467754356,1.41218841133022
1.93665466192746,1.34622046221797
2.0211678590292,1.32270150562808
1.6782224695459,1.19018665811846
1.97736516810721,1.4524848695973
1.77550789411066,1.20837743925923
1.78122862844266,1.16055249951173
1.53801488186765,1.09526786886232
1.64719300559732,1.12498978238975
1.75233359113513,1.19436162551326
1.56691910422084,1.23119252358286
1.61020218893068,1.09012660914953
1.74102079526182,1.17364311370891
1.48264407758316,1.22162303998625
1.76669610618467,1.40212064101279
1.72180648159598,1.24899592408364
1.90314520916055,1.46515564220446
1.62382518286079,1.17770205774323
2.14329608473511,1.46440929072507
1.83597627335374,1.29990919891383
2.03028688862592,1.52613993058115
1.7742557603893,1.26423892433501
1.72694974795186,1.2951833033691
1.59017578447375,1.14398020217289
1.89701853538368,1.37086082646648
1.68701308195198,1.19047750541088
1.80100201858738,1.22119327234977
1.69894572584736,1.23623727570704
1.89709627071708,1.3427708115185
1.48125709868713,0.995694887022568
2.05638738473186,1.35122537130548
1.67154140675941,1.11339425340462
1.70457858323629,1.23508724870882
1.87789679265396,1.3543789240078
1.71847262169037,1.28508858613796
1.67514887974136,1.19733570027928
1.62463303943989,1.22558616939048
1.99050702317357,1.5518832567853
1.85380066384265,1.22711860979718
1.72347495802244,1.0101162559713
1.6835667979676,1.06823247976575
1.72648970010133,1.25981170204995
1.82306056851315,1.01514494259403
1.37528885574803,1.01122830128474
1.61426316523352,1.25172548522754
1.90790779478887,1.2976505968421
1.99485719261212,1.39521149699945
1.86691434400915,1.10946590555329
1.82954044288877,1.34541355638034
1.30858831473916,1.10081489253475
1.8175879078776,1.19528402385717
1.73626120113232,1.15844406899655
1.73967027830613,1.11711254487318
1.82811785055923,1.35571276609662
1.7554130251032,1.22105437043887
1.94849734902261,1.48918883665717
1.79593153507463,1.3104992764369
1.90676989970365,1.25259972677512
1.76603956907109,1.30705852145746
1.75016977933388,1.27540237713015
1.6679751579662,1.15558742320308
1.78703966836901,1.23863583279695
1.80490955795077,1.23604329180497
1.91350265322797,1.28386700358942
1.5905077432695,1.13060852244395
1.83752734684962,1.24845137031376
1.66397729067449,1.17754153931693
1.89889846384,1.36729829310372
1.65417085173777,1.30146991935581
1.58356573913098,1.19631973648786
1.86748511824067,1.48783336088508
1.92643574676877,1.47081741301493
1.31760441922297,0.972537652160608
1.49027526974969,1.21537047154327
1.69192124253401,1.0082058866075
1.73668050444732,1.24039245944292
1.73114246492685,1.44066036184735
1.74587833301984,1.1142764491115
1.82025715913737,1.22712687050651
1.4418559899003,1.17432282887269
1.75915252696313,1.20030360007489
1.87949393638866,1.3327031961969
1.75586877532549,1.18660740465224
1.80754152885206,1.13623335314941
1.61067892900301,1.12181799849134
1.78070832738953,1.23945213622212
1.44960611194551,1.18672026348908
1.84088616736171,1.23701169621992
1.67468215875259,1.04020767324356
1.61864678997072,0.968551774574626
1.48017367319661,0.975493399553276
1.76960123589392,1.2670736611647
1.70141214636003,1.11587788617044
1.48393431073126,1.21651941760508
1.66654826719138,1.10399025001665
1.93770318550575,1.33343816591638
1.68921611210389,1.23685603700355
1.72342712528688,1.24141982303186
1.61596215582847,1.23208417885326
1.67399820951391,1.22591312326457
1.69286823181459,1.17288073175375
1.85752179313499,1.1455903701792
1.8772848145698,1.25999068958241
1.86506283006771,1.29625733833835
1.68154656397642,1.21294311598985
1.80372152081677,1.23013236213562
1.81272368643224,1.4658934952083
1.573668193847,1.2955655982674
1.79670150688325,1.34690538885338
1.87239887972989,1.2603785456964
1.54522443674071,1.0569206940305
1.63181063879189,1.23143707239531
1.77846745121395,1.2363017063788
1.34487610829224,1.02203595083608
1.79904680221848,1.19994911755073
1.82237385938326,1.30000759672583
1.78403905399755,1.22708424866494
1.87975665494753,1.18402641820513
1.72539542515366,1.30171501615485
1.50892444759871,1.24157007917876
1.71194177279656,1.23013299040902
1.6450550522997,1.21918599446293
1.65682734263426,1.18077058988209
1.47869239797647,1.09826904281611
1.7888077411286,1.2642493474812
1.73499914433511,1.44571024241798
1.58163985254118,1.22032226716929
1.59767972699413,1.17696139383467
1.67780490414204,1.2079315012794
1.79052366537419,1.216969426063
1.89925654704,1.12000051465258
2.01579677309027,1.51483145543132
1.85677373751556,1.12302175775711
1.7200566087601,1.18865503809501
1.49588655759116,1.02505663587149
1.62909999198153,1.17486398869124
2.01638247226985,1.19422065200563
1.79732433624052,1.26541691620691
1.89403964416423,1.23384091210205
1.99028815840756,1.26678878721853
1.7472163015449,1.25739618796614
1.53462219661507,1.14518644796809
1.37972572376067,1.13483783016882
1.74183392695367,1.18224523595469
1.69506423339712,1.17360768357421
1.67495095414514,1.1237315143681
1.83639935984368,1.1682178767507
2.09047016182677,1.64560364922573
1.55658300577342,1.23353549013005
1.54000432437164,1.22891226031124
1.92149114064819,1.31836848638555
1.84763352736468,1.32280582517945
1.78219015924788,1.24307874043921
1.866144360243,1.27711624863018
2.04242031348461,1.38103157606473
1.59842768555016,1.16656795546553
1.76245493939895,1.28063256095365
1.69761926613977,1.20280853104004
1.87963809198936,1.29153048573955
1.83140429223176,1.22867434784137
1.7002059225315,1.16148074092855
1.48996849047395,1.07687368232126
1.7713122735519,1.23246100757082
1.73529935365316,1.26739711908045
1.53795986767425,1.0793482003754
1.69997467623059,1.21369509329371
1.89310686687427,1.37939197519269
1.73638384916229,1.32549579189766
1.69840755913238,1.09624764559639
1.556482777831,1.31003902324543
1.66203529369275,1.21062460366066
1.95445826750414,1.43000348434227
1.93299238675026,1.33535109621827
1.9852034756919,1.3297611451948
1.84712348131245,1.22487274399196
1.82080496986446,1.11204292225787
1.71856973045225,1.25888605546788
1.41905689438884,1.23061218830274
2.03406943234374,1.1943756424516
1.79358961894221,1.21290865107482
1.99887538119026,1.34172913490952
1.37912135303368,1.13925397448559
1.523666140599,1.22472898496301
1.81999804817292,1.21194423096896
1.6296398862154,1.21521029745063
1.59096520831235,1.3000070607331
1.73466155166415,1.13418226672562
1.5549720367404,1.21236809839721
1.67863824158041,1.13705037361504
1.53116703571333,1.24123197211303
1.75618130114275,1.20269072702743
2.08543692801961,1.38388176988266
1.86997303115577,1.3651480494259
1.78644504252637,1.26416929475401
1.73045917989363,1.1030271424879
1.80270709932472,1.26959078333299
1.62723160342296,1.16214747546671
1.7892033951561,1.132981381536
1.82601036244954,1.23948886134538
1.71676860194325,1.47698176243232
1.70933183437887,1.18110348224687
1.5502867792548,1.22921617559112
1.75853634484624,1.26705884095169
1.34835380388205,1.13115535227408
1.4337767916721,1.11525155942238
1.43403974976087,1.21662753128677
1.74869167186327,1.17723844543397
1.784725797159,1.26813353351823
1.70210517196692,1.27352571232372
1.65224862791255,1.20159507119618
1.58848782612471,1.31225388863925
1.83866130831385,1.28646905842175
1.98341010606122,1.32963374767157
1.47861184234405,1.04078184346375
1.77784101074657,1.18562976484264
1.73051184567466,1.18174701750873
1.81404334629853,1.26322738039508
1.82312171650892,1.29850051701342
1.60216180883196,1.13635086610368
1.86927460357142,1.28254383725617
1.94347547363465,1.20511143400812
1.85650798051448,1.11890010796705
1.96893151816363,1.39258192031429
1.72500327720429,0.994963170273442
1.84840569430956,1.35630286797442
1.71066036331409,1.22260406474623
1.48872875158243,0.931848058164337
1.91260436620065,1.32427706675547
1.41459743424365,1.18137586385448
1.74777639952549,1.23000292931829
1.93487172979761,1.2761855722089
1.51403703572422,1.12752601892294
1.85638966982589,1.44988253354382
1.82890841700294,1.33353789437039
1.65892372520125,1.12331071206049
1.7442513992491,1.2792105288193
1.65023643508605,1.18559077165316
1.75105713469635,1.17383242718323
1.65490382033253,1.1244067546285
1.92900688057749,1.19340351344647
1.79658364810697,1.25900933496858
1.73841555678386,1.17523043500391
1.70249498329587,1.16143780196376
1.63138732890211,1.17224141847074
1.34439042524062,0.951195050619592
1.82893071958352,1.35407590920647
1.73763005333344,1.16945117512853
1.95349384090806,1.22261839405609
2.09580038397743,1.46443235896697
1.63922159434177,1.20232922148583
1.86253609629071,1.44650729958035
1.87925379391519,1.31286083529527
1.78647633220194,1.23213694453509
1.69990778792815,1.20414060436701
2.04892172213878,1.48925742387594
1.96485309056005,1.27620655603242
1.81130258825424,1.26759389516192
1.93885860559705,1.29436547927905
1.74090983601972,1.26371923378832
1.7402553537543,1.20893731893245
1.7001139570187,1.20902477196136
1.78423866881996,1.2310738735137
1.86824055533695,1.35799103922392
1.85330592381133,1.32921728413863
1.5382718625886,1.13301309814092
1.95050403612733,1.41519349851334
1.65526522668891,1.20969558145822
1.81946069094227,1.23127676488458
1.49547269635565,1.20974515555677
1.79726629370287,1.21659017297024
1.92881006179503,1.17727305893443
1.67230610511721,1.07815578634702
1.86435052813053,1.2106997510493
1.76583768036516,1.23843592914164
1.89541436283394,1.29133817730317
1.40368371701638,0.835595678891183
1.77955893639578,1.11517320168709
1.87769669456294,1.30948076304126
2.14706255091144,1.41150105658611
1.60966091665277,1.27844438273239
1.86499985261818,1.23413849901334
1.41957799074451,1.19143769677992
1.7908547504598,1.24487853667667
1.78676795006632,1.31792124119237
1.76451071815143,1.07781669041206
1.67397056532645,1.12271662834501
1.69042686101958,1.16319825264296
1.78463370504022,1.23258669796863
1.56126133339845,1.26330892893965
1.66654702333681,1.11754570448459
1.9101577010241,1.36866413897433
1.80785120955221,1.44127154127157
1.51208588642206,1.03769970725102
1.67765995442459,1.18650928873374
1.73565289386191,1.22834547648208
1.87345398542366,1.31474310849518
1.80847689754077,1.3097299007644
1.76385383766265,1.32192665295331
1.72290944317552,1.09791677124364
1.79779195399031,1.21434441273771
1.91992082202419,1.33946812042698
1.79787660608809,1.2889067579788
1.71436899711612,1.16814254011339
1.97255305919708,1.29611999708459
1.58642405187678,1.00561792731829
1.75152199625854,1.18847192501555
1.74130702924947,1.22957531135969
1.36430180385347,1.02741749976004
1.7826763621298,1.23181131926333
1.77842260417686,1.21643274113722
1.75321812729684,1.22165769397356
1.46906282336445,1.05045844455792
2.10916189200882,1.58009151334707
1.91155977148042,1.47969976002261
1.74390425107716,1.27120945204028
1.77601498707024,1.23074651254393
1.74830304797127,1.27845680383046
1.75364352355634,1.12044380769739
1.93205424379913,1.47836326223396
1.70445889234739,1.23510298190384
1.95550593692501,1.47441179188216
1.7550767816481,1.21572064849712
1.96702077696306,1.51619709594928
1.79639105599494,1.56307330540054
1.94187298175957,1.36609374455657
1.75456843831203,1.18075315914788
1.88171135702466,1.27560685348272
1.87171369022138,1.32409635883733
1.85141918788338,1.27558743194029
2.01922812846479,1.55413175002417
1.67766828193194,1.16769527562789
1.87999045800266,1.34797538080629
1.69036150733597,1.21923879053179
1.69349181003464,1.22414978189775
1.80485704264914,1.26319879074815
2.19745015270939,1.22382441447151
1.94414051500043,1.54037019581303
1.40747382000583,1.09494883347326
1.73738140438221,1.41342496285902
1.69762202860931,1.22786485207586
1.47232539505465,1.19842083228003
1.92899154017335,1.21568232107308
1.67029592910038,1.18496413123684
1.85510718930727,1.2393622202572
1.84026827986729,1.25621900415962
1.33818242794287,1.1390633826726
1.67045970700066,1.26674092551495
1.81739789584241,1.23627471382108
1.64565534120678,1.34049851122483
1.69248661640327,1.14364154749139
1.78889500135153,1.25814441070212
1.58168529086745,1.0068087737141
1.8806254082617,1.3444875376957
1.44521250346499,1.21536561190724
1.42847142158009,1.04974512823704
1.48103153333505,0.878355360417416
1.57302977863354,1.24530872522839
1.48282592045015,1.17383927834188
2.00549893922501,1.45288933259103
1.67103846692072,1.16561115339096
1.69494363642285,1.21812508160413
1.42251729601027,1.19750700024743
1.79945265862477,1.22329077464208
1.37187812098662,1.17170639824946
1.91263113295913,1.47649214438151
1.58925669050505,1.20937519094202
1.65256830637394,1.15968429463911
1.71831176953727,1.18243731572332
1.63030444023779,1.32451100242226
1.70122828694382,1.16474699064799
1.55624173596335,1.03117619381882
1.76255174151414,1.25917585017892
1.58939308666903,1.20260333636581
1.54084076386952,1.31906220259648
1.84754075293243,1.23605194698302
1.35512360358315,1.13186214563961
1.75779700124812,1.22440766475425
1.66064500308279,1.17050944116673
1.7370881462067,1.21117388499285
1.4282188590638,0.985516799406981
1.79042021505169,1.13646211210281
1.91044072863918,1.21193643602399
1.77006703617829,1.1668053336845
1.57293292392866,1.02139669421767
1.78268717359226,1.23192680590951
1.97781907368168,1.18683150714005
1.99532318879034,1.4891798715262
1.84757193814697,1.29745937714493
1.63191966009855,1.13707154841695
1.69829249595957,1.12719783876181
1.8684274735135,1.37984912364269
1.83889587870312,1.11428856633582
1.80675132956222,1.23651887566528
1.75533099484699,1.28535589253605
1.77338988812828,1.23045834320924
1.70561192838663,1.24450641213905
1.74436025820024,1.18061712720379
1.84153627424823,1.25731718899211
1.88337849415756,1.48434752831979
1.8264287506507,1.30673881398504
1.50293120803943,0.965950491127856
1.7056552838187,1.15991975228696
1.64602601641354,1.22350545104599
1.72341165223597,1.29041773270225
1.66151142731208,1.1511973450967
1.6972887093963,1.09699565893808
1.68579782591757,1.2223515998999
1.95849315212058,1.26253570699384
1.57989621864821,1.15814999737263
1.84023234251564,1.26291199299779
1.90018728676309,1.33719734072319
1.74813704873552,1.16391276996711
2.07310059069518,1.35678971436669
1.48589152344565,1.13031154885014
1.72749380391643,1.17970540506782
1.78975045340311,1.28476212747589
1.6442793446442,1.114903896343
1.54815885781107,1.24213075409525
1.73421108826952,1.22675817818351
1.79824478986077,1.19764667436009
1.84176348865868,1.33455417665462
1.85770160741729,1.30109199444824
1.93362059214682,1.36068177347986
1.72065845588449,1.12012190355783
1.67410251668231,1.11486767219349
1.69445655978255,1.21273297621863
1.47277261500941,1.21899998362871
1.8023792264911,1.25461357260245
1.63220822374209,1.11376233311569
1.99751742771582,1.40625574125298
1.85677959540466,1.37472390001802
1.90166791764146,1.2940554490558
1.52209618991159,1.11637995740443
1.69942439862435,1.22357516237991
1.4515105169244,1.10816599453422
1.50677162009345,1.18298680145252
1.78691841517669,1.23083119735687
1.61011659421309,1.20855425590448
2.00921201934893,1.15906917167395
1.89116791906949,1.43590201081147
1.65691958852934,1.21014290344139
1.86908360416296,1.23890767156711
1.90236057521051,1.33431682548357
1.43080572675246,1.07117851398707
1.77383123592577,1.21708786942731
1.72064064479173,1.20433957020944
1.93655119080541,1.323303265973
1.82433574934587,1.26862946401243
1.73014538540455,1.22942911616285
1.66720132956434,1.25852103210512
1.72414642545924,1.15580207459981
1.62934203841693,1.16864848020972
1.95746529721755,1.28036409553045
1.8881462947774,1.36296849588824
1.65293516381646,1.26699663296169
1.89023445619567,1.34898176658822
1.61164803399678,1.24710500866584
1.76398236588598,1.30178283280106
1.84083623655633,1.34354655254715
1.74942167322484,1.23145598717044
1.68959873050619,1.25854535385377
1.56217126479698,1.07893060697856
1.54444753740233,1.07543512220281
1.80370539118439,1.3350280361477
1.7785076484838,1.1777377231294
1.62048757544547,1.27893230013839
1.86472048779442,1.34186794307799
1.73211379582444,1.22602197279657
1.75579509680312,1.22779406811529
1.63336247458002,1.20822513339753
1.41077874572686,1.04213012976372
1.7126897428665,1.26122315861307
1.70947722776098,1.28465911463034
1.81779612373972,1.30524285260321
1.87025512151314,1.2065579908262
1.66417443766252,1.08002449077627
1.68322388983602,1.10757977283552
1.70451038019339,1.30491799078548
1.62915052913326,1.10842955179826
1.75737466328295,1.27098671758938
1.52358061722494,1.15191823317723
2.03983835270372,1.37579752375926
1.93977701363808,1.3158876532799
1.960381592023,1.24752443220298
1.82613326898348,1.32082989867841
1.96048732509198,1.21243861399954
1.60349918726506,1.12206483498038
1.91555863318469,1.23542916070019
1.40012489778712,1.13404044848854
1.8842363642018,1.4127988332139
1.77893211821661,1.21540716688397
2.02038073599009,1.33165112857034
1.50815556357264,1.17111547318249
1.5826774929686,1.26882401467557
1.65212299794977,1.09629476645001
1.58632813133681,1.02841101667643
1.92198306988527,1.32597946813576
1.54494727279141,1.22426306326397
1.69460345306257,1.22079718231699
2.14403746913889,1.47733753860895
1.58322191235833,1.15851883313496
1.73336763776037,1.22689878062607
1.40222048785265,1.18810362596031
1.67889784469756,1.22779326512568
1.61423369108606,1.14747985999516
1.78883200724878,1.31206361358932
1.97330225175269,1.25006746794164
1.61728758641096,1.26057522238514
1.48922662600186,1.00672468742992
1.67616200933318,1.24371498916409
1.33336723688131,1.09668917956472
1.69866448840071,1.20834789991955
2.0486663893173,1.18584713062757
1.69437589362997,1.15249451255171
1.85153657426978,1.24109201967641
1.69082721595984,1.20714557270639
1.85931218448936,1.26827828756955
1.55635011687812,1.05066115213828
1.54512130643089,1.2289229509395
1.33262973054604,0.978640155265486
1.75550519486775,1.22233511091674
1.68536898687908,1.12941206030856
1.76357457413237,1.30569947805988
1.89388604951163,1.25182721605357
1.28079888616977,1.02543888991962
1.39218417459981,1.12119129023218
1.96868060906943,1.23853959219754
1.58513568431597,1.26625235659936
1.9124730278508,1.37506264001279
1.7424772116441,1.30637907877053
1.64810995590993,1.28193892429751
1.71531282034292,1.2192874505966
1.93746170095546,1.27442689565424
1.85143267246212,1.1899177218507
1.62922349000277,1.28411988712479
1.76313726594607,1.25167416920841
1.4495740919988,1.20802062585597
1.74886962134833,1.26928771196473
1.92863931166323,1.39920904083141
1.43748303760834,1.21484385871219
1.86117867223197,1.08367333037116
1.68713258493347,1.20895056996037
1.65524339588343,1.28380347274181
1.75896929352395,1.23822625601215
1.69031190431115,1.18975801009798
1.83230331829569,1.23831122119273
1.76208512505903,1.07952103757917
1.720353328325,1.23732927655454
1.68200308253915,1.17896817152427
1.54848235779898,1.05853404910758
1.81619358453287,1.2752226819373
1.72959519769874,1.28082144028312
1.81241790983665,1.22321627950096
1.75332004806947,1.18118757171358
1.77390583050248,1.15134179341341
1.60770730042005,1.17628104365548
1.80185388841234,1.30202833969339
1.94554033823543,1.42852619897199
1.77241269627546,1.25298967148107
1.75709886563764,1.27516366875584
1.42861827035362,1.1333479673439
1.87710741461902,1.23804008148444
1.95099142706238,1.4452781731144
1.41584803840031,1.11348087025283
1.91544468743705,1.33389442151276
1.77575083533073,1.25256688651608
1.71819444731632,1.19494392194408
1.72378386092473,1.20722752230693
1.72128560524049,1.3364804689755
1.53610460255101,1.12297806994121
1.50497033256049,1.17364327568747
1.64581782305335,1.07556623299376
2.05226951930279,1.33062609122416
1.74282892984926,1.40338215671285
2.03023181587116,1.55598465120992
1.87234623524199,1.1309496003109
1.5925366804775,1.07311367091844
1.69305128175791,1.21648781289541
1.35802140730756,1.00844178026436
1.68683945564766,1.34120251958355
1.63117083924096,1.14756738847798
1.74518043898935,1.22353066227501
1.55288003404176,1.13901780879857
1.75437979520409,1.14538585468864
1.7835893053018,1.24952360852011
1.49687447501168,1.17403722177165
1.97920625129128,1.37385379427689
1.71271724071495,1.28674045051729
1.83729932429896,1.22265335977521
1.66914252446752,1.12069791372078
1.49102535779021,1.25371358703082
1.61087028953541,1.1310081891291
1.75941765689263,1.24271383886192
1.57320268695519,1.11226755300575
1.8054025647594,1.15365758778284
1.83376939195052,1.27523722994501
1.58153990392213,1.15873450135083
1.62791310667846,1.1255375147298
1.79252637161247,1.27328553582092
1.93559828328225,1.27189336282986
1.50127825047062,1.14869626316623
1.89080096631506,1.51025179845138
1.97626054257025,1.45891840503255
1.81209365877317,1.25377424436613
1.55821007773779,1.24548128865194
1.56984717857034,1.30112405017768
1.51153089699283,1.1698083327312
1.57557243643689,1.24325190674424
1.79692072934375,1.14423840440503
1.68631269573616,1.15641611834579
1.8023697442081,1.10820224589027
1.63088533205887,1.12801781342838
1.60218509998971,1.0806605716243
1.78621621654507,1.26188566196711
1.66041258203026,1.17459346599247
1.79969642910495,1.26451420552075
1.88241399207196,1.24041024813149
1.95793756812968,1.17812634204307
1.71761404321997,1.28494707761465
1.83713728332608,1.31929517511984
1.62867522658741,1.26008368738626
1.70563083724837,1.36680630285102
1.30030041520793,1.09772563011149
2.06750505965987,1.24309357653734
1.72054332957386,1.201826777243
1.59427924675235,1.23311485740752
1.91708697113439,1.48987014894314
1.78735701138932,1.3071616345526
1.88180767560326,1.46500157502338
1.70770050013381,1.2088946454957
1.73805928508806,1.3068757018675
1.96368328900085,1.40145891025578
1.4362272555686,0.933198908680619
1.81942734357733,1.31403379326676
1.79694528051834,1.26965064355704
1.76672468170013,1.24906026434856
1.63800504445902,1.28420042033559
1.90470581597382,1.24014423707556
1.74933397817396,1.17938812711387
1.92183454563085,1.35094864005651
1.76492927097604,1.21691647127763
1.79668569503327,1.23767429049543
1.76474273159872,1.18206399827565
1.47135083758113,1.09321708792275
1.7518444844423,0.975936207760038
1.65967667076547,1.1908403685851
1.83771325949898,1.34855656491967
1.41588118657646,1.19975918000281
1.7213131178182,1.26183270774889
1.84445793286012,1.51013604449717
1.90581138595227,1.25699718842872
1.60191898954713,1.05853192631049
1.77521339260031,1.24087887552064
1.8611195053614,1.44051287121133
1.99230362044106,1.49215136764195
2.06029682405633,1.3951844240574
1.40230007316444,1.01944513571856
1.62763501982998,1.18198290983205
1.82126918284036,1.2440650366666
1.85922905935617,1.22098905334358
1.82946005736406,1.21800969944755
1.71157436645418,1.18335839923069
1.95711097097799,1.34001598890636
1.84409424616577,1.30292252512685
1.88893006699463,1.1680306791164
1.73923446902026,1.13325585448196
1.84361038029288,1.28116734826388
1.83185228998219,1.33391588994708
1.66463792589085,1.19337053239744
1.82325751902443,1.22642627357561
1.82718279549557,1.26045019474929
1.74426153140716,1.37651618627441
1.79713251334076,1.2199079685392
1.59213307034683,1.15451018086225
1.68547861586598,1.11493069713031
1.82744212697384,1.32132315338901
1.63373565017216,1.0931538407136
1.49282321419051,1.01295488471992
1.81007885150637,1.1182562466343
1.72828429406178,1.12533349834374
1.77335782919078,1.17802884190965
1.93583114792795,1.31579283478527
1.62174807369263,1.17404599132287
1.63946738039893,1.30127848994609
2.01935217144106,1.52599847432829
1.73254929226776,1.20520147259545
1.62885760919364,1.10010388157479
1.72770137619766,1.13241238594046
1.83125629191664,1.28539665581217
1.93042320935567,1.29695011121323
1.96586340241121,1.4734916134119
1.65621900624664,1.20624963753435
2.1058281052466,1.5594817724312
1.58355843203695,1.01158408752165
1.67001328612833,1.21573134794564
1.75298749982171,1.25378647448491
1.79515720982956,1.42295243355697
1.89529193935867,1.28066736573768
1.91454503047603,1.49880894976052
1.63277286096425,1.13087848354456
1.9418669915365,1.29393570316988
1.9623060106398,1.32367801686208
1.58850640396995,1.08388568285558
1.9358088056637,1.50142746176713
1.76646947873416,1.51115354801435
1.51219376255859,1.17584730295966
1.94927673634623,1.39062979768153
1.86757673992323,1.28275749621335
1.64682149879156,1.16364529155568
2.04614692510152,1.34579635881385
1.8901057406869,1.20784197329597
1.73843468214989,1.21232127066566
2.1323426394816,1.26517950481621
1.72765635405915,1.199573008451
1.7343407735953,1.25033436771032
1.91804603670314,1.27033913386117
1.6715371506424,1.1553474075926
1.85068950387899,1.27533310598683
1.85203760766349,1.25676342308925
1.80067073299604,1.21279452960361
1.74652198318857,1.29308015443012
1.69784232956507,1.23521991435783
1.69058376622679,1.14585788163199
1.82015977516944,1.21408979603049
1.89099000758178,1.2916553958421
1.95438946966306,1.23940878919527
1.76522833803507,1.27268525142033
1.69838504709481,1.07454390331291
1.82188613483245,1.28475866448053
1.96741515297197,1.34823075001403
1.71556106213419,1.17789848857257
1.53963047054577,1.14270289150716
1.73031840543115,1.47610344034561
1.84978647826058,1.20356916915206
1.92818769585824,1.35177452915802
1.64157425269161,1.24691316869181
1.97840212323331,1.54252874427298
1.75122001546519,1.16965990014559
1.89051170306942,1.36429278697697
2.04092464431904,1.53359591973972
1.84599703676421,1.45825285749934
1.97078990733904,1.34779604717593
1.67151444990289,1.13597686808125
1.87416338998123,1.46043238439838
1.84480946610232,1.27540536696845
1.73006779054825,1.23201903882235
1.92754122958477,1.35336473256178
1.74378475126071,1.24222168379623
1.68213222799029,1.21273121729144
1.69166926787321,1.15862407491062
1.85428061532173,1.28991096402864
2.06141887572663,1.30869724802447
1.88691266190365,1.34981375888992
1.76335915925402,1.2176772078978
1.79677942625741,1.27237892242226
1.81468176621501,1.26773709430699
1.75511409251495,1.34676338134243
1.81630018865327,1.31863503224216
1.71324786800993,1.27982334926061
1.75667879026652,1.14884397319187
1.43187733385075,0.86169038941221
1.86606250404699,1.41617089041291
1.85816975251867,1.19515073563318
1.37935907501665,1.15820172126927
2.00122783917484,1.4077555306978
1.84738726377809,1.3739254538328
1.61409910539744,1.27151669855688
1.67864745914337,1.21141788500628
1.8352114810086,1.23805530703835
1.6963779471142,1.21775497327624
1.77726409170742,1.20368307756463
1.71445290497501,1.25340961291064
1.68739993784782,1.2245744322108
1.58158923067541,1.18993879439488
1.82517441798581,1.28737198115577
1.6886810685535,1.22228269398502
1.70349680448929,1.18590959994167
1.81108517587092,1.28941370433207
1.97030778559711,1.55115937942334
1.89747626830482,1.24839322809346
1.73732688503109,1.25238921759241
1.55994239375026,0.9860115553003
1.68761245495507,1.21208949641921
1.76480005891803,1.22657716141537
1.7832271256975,1.11889206102621
1.74779186062683,1.25586602114888
1.69270005249073,1.19132796691266
1.81601915620598,1.19303534792622
1.77895459081711,1.18188831554863
1.93286505973227,1.20636131755639
1.75506001713755,1.16898747383796
1.87104039821812,1.28695128771144
1.54374633215936,1.19799589430581
1.65004784960627,1.19364850535042
1.82661045721287,1.27478105670727
1.7089410229789,1.17619695918225
1.454379017925,1.12566695368814
1.83134533009221,1.12473717101819
1.71448302263099,1.24452049474893
1.91422246019521,1.31815266908351
1.71337855553346,1.14997401495563
1.97555055269047,1.43239858318865
1.7580238378686,1.28068464573456
1.92870124013971,1.32504315346122
1.74440210550808,1.3210957443878
1.73974880413935,1.2373702739455
1.99655577476599,1.50928978635942
1.64916694866376,1.2536523893786
1.65537226398967,1.31023980057196
1.57438286521746,1.17016079353921
1.48735595822556,1.02149811768194
1.85173330185185,1.22370822613091
1.59950345830026,1.24802272208901
1.76628985722849,1.25732239213904
1.9367943879045,1.53822765528831
1.78744282843085,1.2657112800691
1.99272815593505,1.38293751915589
1.75126944247859,1.22239071836857
1.76534489688123,1.28996135037073
1.98006593061598,1.26598457928779
1.67043716652848,1.08628065242433
1.70861247831953,1.15643895346981
2.12222818699414,1.49390298992815
1.45166013413135,1.19314392580338
1.62108141270736,1.33717085849966
1.56809666246084,1.19065478630969
1.76261501685246,1.25869457384632
1.62993733735114,1.31056949162096
1.72288872522982,1.2022423927588
1.68582028511175,1.05858421158638
1.86136385675898,1.23770415415905
1.7243212500501,1.24996439020837
1.94831547552931,1.41558182604179
1.73106969696751,1.20756207166931
1.83451740969127,1.24132361056162
1.8484369578696,1.25496800872796
1.46441519853333,1.2194356285887
1.62488939843427,1.07962213270271
1.75874543121865,1.33092004991014
1.80428829014817,1.33605761369231
1.56482270423152,1.05424757040538
1.66956526539162,1.17741670885914
1.8595752988319,1.31099144037102
1.54904836226407,1.1429575936889
1.85596449750394,1.5133332493063
1.4740005433124,1.20347994667018
1.81977590345829,1.28630451975413
1.33229201313202,1.11418312296354
1.81664769026284,1.16819061376486
2.16677908975653,1.2880888084005
1.44623873453172,1.18742622778314
1.84692070562214,1.25230870751274
1.58377156083512,1.2360231315381
1.6481728989719,1.18321143618017
1.74627100166115,1.19921087881388
1.82538814831764,1.40967215430933
1.70014574415924,1.30658213531523
2.03397976793112,1.49340906092886
1.7925589420961,1.27489665622074
1.9955459306022,1.38315927925973
1.71162224185195,1.21673991585935
1.48318794418563,1.198775608984
1.78220094242842,1.2311128944585
1.78049904972903,1.26256484383782
1.98253724994661,1.37982321658501
1.6784845757368,1.20585840529967
1.82549264312523,1.22725379613052
1.77148530024637,1.11250659428679
1.66700865512434,1.29821630952571
1.79388241546901,1.23152539722655
1.5991782343052,1.24072751541906
2.11135499712208,1.33400741820928
1.83023754473849,1.30012468688336
1.61699916585837,1.06990993496873
1.64164217783601,1.19252099744059
1.95899682866088,1.4041729523868
1.75762392856423,1.16082379830016
1.80376377745399,1.23681131575
1.80110677765997,1.25053564975999
1.67020354871909,1.08458473828504
1.74560355307143,1.20970808079399
1.90004011734324,1.29593753130247
1.83118470430647,1.34409795615121
1.90118543890048,1.35476714112805
1.97814225441635,1.29313752705856
1.95932254496078,1.22716277931026
2.14636441325752,1.36906346034671
1.86696496121978,1.28974330488149
1.56342824456702,1.21519881610962
1.72657266679448,1.20973291409362
2.03877339127486,1.35619381245416
1.95308271763421,1.26837585745223
1.5213894653371,1.21618924749747
2.022743103176,1.3601802342383
1.72644620459809,1.13292474862534
1.385126897173,1.17666498019768
1.74915355519523,1.30870937640204
1.97538068087525,1.523685907621
1.72988722913713,1.20593497301425
1.69920625261787,1.15028947075334
1.78863543144832,1.30948318204685
1.59977910910348,1.06845594137451
1.86368680304524,1.20980483968363
1.63205524675738,1.07660745099328
1.805787223192,1.18474797445546
1.80252311694818,1.4617764635122
1.45470289922563,1.23075487757041
1.90019630158555,1.3957061964596
2.00739002225861,1.26544965388294
1.61456547480011,1.07217234136609
1.83454774976778,1.2356299467139
1.70783407417161,1.25621858028853
1.88645939890427,1.2502048700716
1.66929286522081,1.13653119112763
1.46649123138358,1.20600002781825
1.87973498961172,1.35663274112378
1.91914054074168,1.45573827139638
1.52904918490789,0.910295894074758
1.65625954851294,1.18427658356139
1.64499549931901,1.13091724120552
1.88657863004799,1.29867555760798
1.75681247945189,1.22647196173691
1.512848077993,1.1960643080056
1.58686978348008,1.28552549649022
1.82637817120399,1.33109992536048
1.61158921238332,1.24215880812724
1.53819741597838,1.06892462610967
1.44976477151121,1.10584870394421
1.5896998807614,1.11650781967436
1.92445646457519,1.35288525528331
2.04594643602017,1.32482878073508
1.63460159323265,1.09306326571814
1.88025830616164,1.07688367520777
1.85037741673547,1.39380389939168
1.97391446369408,1.34159296065818
1.56167034682689,1.28008768482187
1.93761499874063,1.29023804928199
1.68254837126178,1.08995591795803
1.74069846716543,1.22232509684846
1.56710956876823,1.18271250543225
1.67455068890958,1.31048887378792
1.80718942389384,1.22738583246023
1.77302407322742,1.19770192076112
1.78670825161333,1.32816004235635
1.79958794030985,1.28197299454693
1.95594177230161,1.31339501110355
1.6136257290202,1.19188614365145
2.02423776486358,1.29365725564001
1.41713737166537,1.18971518244919
1.75529120455035,1.22186635946874
1.79519546071105,1.07114919144551
1.52982991209131,1.2768956297135
1.88712337716665,1.47964231257649
1.66488515297318,1.16493131289202
1.51540164611837,1.27021010877627
1.93473694260195,1.28596494545758
1.86662777503541,1.27725548681524
1.75345625555338,1.37660248858605
1.88787037425908,1.27546496593132
2.05788204897994,1.26978834344175
1.99018674447639,1.40431329154138
1.39305058586064,0.954429424513838
1.7576329144748,1.29548608130576
1.6383475696989,1.15975967013629
1.74875449329916,1.23522785698141
1.61339196073617,1.21531756712419
2.01304533863408,1.3618483984301
1.84997447759731,1.27992472363243
1.80927296164049,1.34307898286848
1.37741460095232,1.11069034486793
1.52753412163018,1.1945058182321
1.69026481693623,1.24496422333137
1.95094151183791,1.54091264882934
1.79664244685719,1.26673275355089
1.76647434311828,1.31907313781668
1.87420926959504,1.31038758447577
1.67393317257938,1.1328625835925
1.7909571282534,1.27137199995451
1.9332469325373,1.22739944076195
1.59039345135261,1.16745378212483
1.87603447064416,1.30104686611142
1.47120401383176,1.15221855339973
1.81313161509608,1.18499387777017
1.89055181671875,1.23301365937261
1.8063910845512,1.46722255174025
1.65324948916043,1.19779499044648
1.73248373495424,1.14775191931606
1.71911332778868,1.23252462697074
1.65103413974247,1.25583606673665
1.7098148168555,1.19860906238589
1.895262811404,1.32815988886462
1.77665727632535,1.26510898831811
1.63489188569995,1.18828615330722
1.37703165663526,1.13737359514809
1.75409825026148,1.18523279004012
1.81388034719701,1.38612726855319
1.83604716394067,1.24036230375139
2.14810463894314,1.44422369831019
1.78442077693223,1.30417892852393
1.57721826289641,0.955610934014649
1.93563593580534,1.34276146899478
1.65263787190962,1.14988896188643
1.86569259799138,1.27596901127804
1.77086420019596,1.21881614364284
1.88217191544475,1.46532271039846
1.73835659857023,1.19407041972143
1.72913395639465,1.2149827346374
1.70909969189363,1.42968072329653
1.79868548358441,1.31696886281783
1.81886567774196,1.07887532888516
1.33312527848566,1.10522189717639
1.9190931070504,1.34316537061367
1.91826809296185,1.449092970477
1.48540183214665,1.23437317474027
1.42626510024484,0.816663112214112
1.80350867042055,1.30909633513626
1.9983120161204,1.33155849716458
1.62592376704572,1.22753250078234
1.86031406489092,1.2835553267358
1.49776990493991,1.26386950154288
1.75349144483898,1.22033602569713
1.79469610785879,1.1799337542797
1.44840706606722,1.12039544209803
1.65181387335861,1.03891067259094
1.95449419511609,1.52856533386469
1.68444088330582,1.20650519367122
1.72274053655045,1.23200046248153
1.67377408450606,1.25088196103447
2.02653242134375,1.35247261937917
1.68766459564035,1.23608196099005
1.77566850149293,1.37292361137739
1.65719695381705,1.1799822923698
1.87098264364011,1.33921954697281
1.61713108769921,1.04648699365793
1.72051274718368,1.10044882923192
1.80191425939271,1.26183519583462
1.66339907973245,1.1669394781668
1.78787518281703,1.26288545326735
1.7573592402745,1.19869380128557
1.53677140026399,1.01064569012967
2.01267598994689,1.29355481908816
1.5270450487453,1.02460350538051
1.4889448892877,1.19382266852848
1.81234881587572,1.16303944285329
1.68144965831205,1.17106956574727
1.90456080623962,1.49490896605923
1.85479171674409,1.21371930327928
1.59200836125645,1.26430923505077
1.64838430090907,1.16930565085772
2.21410767230236,1.41751560792017
1.50585923306293,1.16508186392948
1.45687341822317,1.2648539784345
1.85405450153595,1.31910724072924
1.84488359074324,1.26235903908508
1.90657270740533,1.52288561699597
1.80398015719373,1.20343517117935
1.6113618065605,1.25272191226517
1.78479624871776,1.20272194963422
1.45155119336576,1.21263217586091
1.85846224761818,1.3337002453984
1.65729530881847,1.14672215389692
1.8576100340406,1.28153979815367
1.89965559324889,1.48699863664821
1.76492775940482,1.21984231754857
1.64225952778137,1.10595057391032
1.61601262136709,1.13451657525191
1.7372317883812,1.30568519033341
1.65910033832356,1.15356138859846
1.65901267136347,1.14062905663084
1.88807184111372,1.24681458754405
1.96545140596088,1.39869098523235
1.79552071548699,1.22867656633243
1.85550467519188,1.20217394097034
1.80885202241878,1.16948635891281
1.82884322858445,1.22005985117602
1.49715145179426,1.17833945128842
1.62844019447848,1.03021635920674
1.84710923154282,1.41078343939877
1.81062076693807,1.26232845960699
1.86732601939998,1.38387851409849
1.921260705875,1.35928700056382
1.76648210943137,1.2880070829634
1.82500650145694,1.27843863913134
1.77112081439472,1.25532245263274
1.79451867338748,1.23775522034102
1.77228163661112,1.17443506501259
1.74746479232064,1.34951353892693
1.79739681468449,1.15713711753002
1.86845835109149,1.30491338634976
1.75438337834819,1.25608826997685
1.85376906219908,1.2954370461786
1.74293467478265,1.21942627374776
1.79422456561377,1.31545115332639
1.67708493417656,1.10599969129458
1.87094072203117,1.30419120365595
1.49104529706214,1.14777388538991
1.85606345120362,1.22829322271338
1.52609162856655,1.0266904308065
1.59800204797397,1.1271348061328
2.18319231950396,1.57778063518364
1.76007893647535,1.22871954128475
1.91247843628631,1.18937794740769
1.90332304206003,1.33550155836996
1.75573408409573,1.15129924246169
1.90359035329061,1.28457185672537
2.02040340161047,1.33960069587967
1.91508590833292,1.29292779174349
1.47987499447709,1.14416577737283
1.85373328560006,1.22912829966129
1.80635511644341,1.217896452682
1.80613287517626,1.25290608109942
1.81401952850567,1.28972472096591
1.71019862681641,1.17917364371554
1.80970552640781,1.24460836047261
1.75412062017741,1.18649101076254
1.84388223065537,1.31357225468851
1.74887235510775,1.2489247680681
1.85008592528307,1.17162526739005
1.75389966297367,1.29909625353215
1.70235170808085,1.23137265297725
1.65889679232157,1.13391049811296
1.86164136038308,1.17120440461451
1.76654077270145,1.11403577818245
1.61215104953971,1.15665157991766
1.5573708369328,1.05247089471604
1.7713829913345,1.2876750906211
1.91602652988041,1.44525502251852
1.98205874927484,1.16851276053553
1.90247154610709,1.19940431560874
1.42839008901554,1.184483814383
1.75713474025454,1.32839779661713
1.65724933660957,1.06341506384676
1.67476084326636,1.29075613152919
1.85684279139938,1.37469096968754
1.70017391039154,1.15915600369884
1.3297581807749,1.00860976311261
1.65226109827331,1.07198423295091
1.89968902274793,1.30931289285168
1.80402823383395,1.23774599366117
1.92093598839379,1.50749510783945
1.73640532439008,1.20008778223857
1.53390721299494,1.24601715039199
1.85293061676095,1.33016165383338
1.85998821188192,1.29085289090644
2.00243086402556,1.32335704012221
1.84002851461488,1.21036090737797
1.3094455836166,1.08509039221197
1.93763024717923,1.41423864349828
1.82527200709632,1.22625089676977
1.71145720614974,1.22955676277303
1.63833199236691,1.05851086717956
1.92177515825614,1.48606592765557
1.71393392969511,1.22356810595675
1.40619794256531,1.14517080911479
1.74857484314811,1.30784849113921
1.76311413793565,1.28387756928854
1.80228819761696,1.50962761591757
1.98783127086568,1.34581908806445
2.00245293541806,1.27712182842097
1.80425563943495,1.21567814192038
2.03544593013732,1.46256804710786
1.8204622658728,1.44745670062823
2.22713684738068,1.37698589745185
1.41653430035845,1.1773956441405
1.74501693930382,1.35876526317288
1.78199988808384,1.23563009753459
1.7581991607429,1.2397432501476
1.6255398567731,1.23708656674725
1.90605434497988,1.36997206617632
1.80807191848555,1.03748576860839
1.43465265512636,1.07229502933516
1.94269260288868,1.32252242547371
1.59156006633509,1.23482328862701
1.63144580523354,1.09434584833262
1.80729383164987,1.38245842332226
1.83015081983293,1.05642401750088
1.7322751686137,1.12099872836559
1.72049099399716,1.19930225943619
1.85877510635126,1.25089197242635
1.76545357028493,1.17658382925112
1.899384962334,1.20168568622904
1.91467336301351,1.27174916256699
1.74358520366957,1.25187684295872
1.69463603675089,1.18788787720073
1.90579079020753,1.34979488386641
1.41653839775077,1.09238869064218
1.58800791164741,1.15882902616798
1.78671477299854,1.24792809575084
1.77909004340111,1.30924902924786
1.91998197869871,1.33941511855702
1.55088914512283,1.22592128172134
1.69455628069378,1.21968678663899
1.75704506736311,1.28907744947037
1.84236561495396,1.30467271610477
1.88409190596845,1.34560989453015
1.79705473117277,1.31820621304571
1.61822770232035,1.14867004726134
1.62810616359254,1.0941895717669
1.71166107011753,1.16767850645717
1.95469431381448,1.21015073607315
1.88501424745312,1.24427519347666
1.85207214220488,1.46878940618723
1.65197953170714,1.11032724168468
1.7271439488576,1.22736999395534
1.96667325269332,1.35710680592507
1.77860936375068,1.29671373755161
1.69560058443769,1.08761513429498
1.78320410364696,1.32970733730189
1.81918201171916,1.36303018952034
1.96265243248001,1.09621489715092
1.71520150242564,1.24846524709871
1.83543723678677,1.21911699693783
1.68145908938928,1.19981227357324
1.75030567759749,1.15629158589419
1.62028241483884,1.14643956769051
1.7035245866831,1.17591776370484
1.74025607379114,1.25902444623959
1.54207308523147,1.26398152378022
1.79928872198393,1.20001291830468
2.12901175599989,1.34959007258099
1.64540738177215,1.17402464236875
1.69532559811626,1.23399977034307
1.79934732301853,1.20507829655421
1.53116052765937,1.06383207931183
1.58537955064078,1.04361169191169
1.72381964092518,1.18365144696667
1.98670392137381,1.3530599888816
1.63244900637389,1.0851550415877
2.1700394237946,1.40074798454504
1.82659357217552,1.15014606728169
1.66898800732956,1.1955802984971
1.89447972182915,1.48023430872094
1.43672398977594,1.18127870584181
1.84559196653044,1.33687882466019
1.59908321096003,0.960971681856805
1.65165918351177,1.11147685569304
1.80724586543007,1.24386938821279
1.7831478774238,1.23385765149092
1.82128498136321,1.19523929978364
1.74325779280139,1.20532892871052
1.61430031906755,1.13677772170035
1.61231324501377,1.16850998798658
1.9439740502778,1.23980661892401
1.6128667874259,1.16697620310462
1.4989653367443,1.15293765598768
1.60730783311137,1.12220136768944
1.5756319610442,1.25847661882457
1.70417945220345,1.17991103538339
1.8965711393016,1.29040124342499
1.86778188084681,1.25521268238317
1.64233344907224,1.13969621302974
1.82729575767823,1.27607947690525
1.78802807907116,1.17334923121127
1.86477489312378,1.29539451373707
1.693082299857,1.22394389440771
1.63821106861323,1.17468048148303
1.745058157819,1.23725692869913
1.92020182615762,1.57053865662234
1.66939063983053,1.20821530103817
1.12778277659451,0.912215105670215
1.8454632588448,1.31490555003307
1.82120801762191,1.21426176999324
1.83819387357939,1.2329857525439
1.77797945742276,1.17634375357817
1.53517005277227,1.17185122008497
1.77735299552235,1.21721762544418
1.72153315956966,1.39899796158724
1.80996782684629,1.25106979000346
1.63536344603451,1.29274008677245
1.91606191751075,1.35211990881776
1.69602508274371,1.25223442540164
1.96469889607323,1.36197501042069
1.73968977219113,1.18897584932946
1.88110669029557,1.30821086629226
2.03518393312634,1.4060430525891
2.01695194751277,1.60160821681325
1.92896914006256,1.33775401267797
1.7773520212766,1.22614879448793
1.93429900918932,1.4772168056295
1.81397240565786,1.25905311945683
1.60411371806649,1.32743868143283
1.79769038025176,1.26366464911635
1.92240269019249,1.15497111564796
1.53102017443209,0.946720679267715
1.77430156154156,1.30434589784401
1.78685737348242,1.30905056095746
1.80941728216889,1.21029997690924
1.59513878165464,1.27084770383513
1.68041606342068,1.31908373296468
1.81837124377933,1.30122876969928
1.59056315493691,1.18653850461125
1.91416116413675,1.28447147698343
1.72486325737976,1.10477588722911
1.81144076481525,1.21744018822432
1.70206968475689,1.12583050027872
1.80834503366506,1.20651492477999
1.83379063285437,1.25262117021947
1.87582978527309,1.3063895235146
1.7783525814508,1.16465567010732
1.7530404390087,1.17725670087471
1.61820870922562,1.19547584998849
1.84366882901962,1.36343858085673
1.75820369177534,1.35117711980449
1.57538505272734,1.16974133378894
1.89544494244865,1.18191842264387
1.4462374018301,1.26862700121716
1.82794781288141,1.20238604340144
1.82898336539938,1.21709747281561
1.97338081384726,1.37771939631008
1.7432289782284,1.22495118143502
1.78493547068007,1.29971056730031
1.74415699502522,1.05153126227049
1.96217126881925,1.17754406932275
1.95274080328864,1.23431488356165
1.80578982030675,1.31096592131021
1.79169132379173,1.2777699249396
1.67100304418836,1.25231840867381
1.36882061731518,1.17471659437051
1.69601944797328,1.11306835849759
1.8584921674649,1.26333036774602
1.58730280684117,1.29471333718909
1.85634136680999,1.2767797921334
1.7981477324563,1.1369811991621
1.68015566269322,1.11541423113847
1.64911850111654,1.17868619318679
1.73954556958488,1.25742434090082
1.81472502877859,1.33281548407163
1.8735374330998,1.40784466970374
1.60942242756872,1.32954004733149
1.66869914257781,1.20933990156441
1.80945032646892,1.29220561707454
1.84118874976552,1.28305608832079
1.64018839307471,1.18761611293919
1.58672396690641,1.17241483849899
1.92219335907009,1.31740453960246
1.84659295307867,1.03243115202354
1.8674696311551,1.2057372884501
1.67005901763404,1.2358440652248
1.40985405577082,1.19642617993735
1.79294868409586,1.29157860398861
1.88987715656703,1.46674838618885
1.6669322278448,1.27828525597797
1.75502978478422,1.16957182713185
1.5277156994135,1.17622879407286
1.54060520763149,1.16188931559164
1.91303672083939,1.39271290552198
1.94127411991762,1.36133177359845
1.93978192631175,1.32151415219914
1.6715786990202,1.33002594374049
1.68208424287744,1.17032270320989
1.7527684733969,1.19132349688081
1.79763202326727,1.15148695057756
1.89005129136544,1.35853373730167
1.87397424836801,1.18196869853488
1.6478838552503,1.18919490603021
1.64609749461991,1.16803276278378
1.73259151485425,1.08042251643486
1.79060399366654,1.31009033772113
1.62828582520891,1.17715300565943
1.45034862930035,1.111770516389
1.54716916514798,0.913865496388246
1.69675658925448,1.20377761266608
1.68205315620924,1.22734574880116
1.64639011513222,1.38999427328855
1.6417804979598,1.11808337939657
1.707389115444,1.10299510303197
1.67019569399699,1.12257382935657
1.78147142752946,1.10782725685672
1.72927751345167,1.2247379534857
1.60906990041023,1.17322191555068
1.84323939627809,1.19043323563198
1.33955714838745,1.08016413317683
1.70805662257266,1.42886272739061
1.3752380510193,1.08921577333869
1.6697427945669,1.16490580527502
1.83917614386825,1.14805651427702
1.9529362669378,1.35658995086354
1.46692067324255,1.15656365074295
1.72723488163876,1.26856075496356
1.59233120983457,1.24109349774594
1.62030683964793,1.14248320236971
1.73409048664145,1.24918553746009
1.65893402267224,1.17505568938437
1.86319464716592,1.32879182932318
1.62051982247763,1.08650648849328
1.75771725353706,1.2306887210652
1.80869334022812,1.25840713117491
2.06657541648565,1.3299367325036
1.73174565670407,1.27843113207803
2.0382264685223,1.29436330942088
1.64498261488605,1.33618524753
1.69081592840834,1.31927439021399
1.77986060969079,1.24680141448444
1.93540839061284,1.22997281993255
1.6684582467398,1.23800598898689
1.72106358876398,1.19031133774128
1.63885425228388,1.28668538360618
1.79284135660576,1.25466430166299
1.43537137057873,1.19118538814518
1.74720490599172,1.23520050155481
1.63840333470819,1.04473722861877
1.78687330540331,1.28809472895503
1.89083024299622,1.22722438249503
1.52813519346848,1.21770175634915
1.62642784655552,1.18182895861077
1.73430090343199,1.20487934188682
1.8828759982327,1.53923460225895
1.83301326065554,1.23257028526993
1.68337103105849,1.20658566941222
1.73753112551437,1.22028174326682
2.10618856762874,1.35805848808673
1.8253711952772,1.39942582540862
1.82887354339203,1.234798280031
1.73128922985048,1.18505600542637
1.70766614223992,1.26583736271104
1.70944959403971,1.13373636141581
1.59556709897644,1.12459119757915
1.70774836026156,1.13595493901084
1.97072960790984,1.23901423060641
1.8320628183947,1.27751825435621
1.92849677258098,1.34889880887088
1.66576028004011,1.284224217365
1.81733952959099,1.31328730927947
1.57584676106012,0.962273242050512
1.99639842861737,1.27037563287063
1.91479852621918,1.41188562680626
1.83436606416537,1.12648983182786
1.53427703381831,1.3578460653393
1.81045334743764,1.24383541487706
1.84057207875534,1.33907938533794
1.81517929743567,1.21699843628986
1.48887448885278,1.21969746971255
1.8949806443223,1.25271223155993
1.42184368384258,1.17772411694244
1.84574837844302,1.28436260896407
1.69800022045602,1.11222137037574
1.88711605525295,1.37191977530669
1.97380220160495,1.39958127583797
1.7035153070256,1.33873067201819
1.89453557187123,1.12303816103349
1.74943655511088,1.24753296612253
1.87965333069936,1.26894932156446
1.69292118142282,1.24308036384735
1.83539120741879,1.1780418897518
1.78292924334852,1.22486811004882
1.83389496579008,1.26224579273458
1.48655878291234,1.25610416701276
1.84590936698887,1.35343083734902
1.65503742557672,1.23021007400912
2.01448228395519,1.41148750586338
1.70693772339497,1.17093338609992
1.67454262793212,1.1739134268932
1.77266587033357,1.17916641251185
1.52755151254755,1.17701448040487
1.713598248323,1.21062871939349
1.87134465999151,1.32343381233423
1.74540349012317,1.07796170311911
1.77243822433147,1.22029756704908
1.77029327706465,1.21897445179559
1.77811248316055,1.16827280515849
1.69535214226858,1.16738601380756
1.70572736573736,1.24707025748247
1.67832712406267,1.21721229975663
1.84612275461121,1.28942716265429
1.75968092522997,1.25027724771376
1.74034233716091,1.00934474712412
1.8479942166979,1.30129960853742
1.64124626442219,1.10550498345997
1.81030806128514,1.22913654897648
1.94357360281933,1.22012913901059
1.7483199642963,1.21467864324109
1.77134949772477,1.24929057221379
1.86689887767489,1.29472460672927
1.75066763156388,1.1317045967789
1.77436783359686,1.1942330894045
1.85562186854783,1.2664818558677
1.89115048654259,1.23478308871874
1.59995157575568,1.05915550181262
1.84915705143748,1.4160799793443
1.8391995572745,1.27624333515528
1.76722229530733,1.21954803609974
1.52997996083321,1.20668152413708
1.82788240910305,1.20143442767104
1.72398179343268,1.2177724629012
1.74615970128113,1.19939818712737
1.60671737792856,1.13765703942708
1.70487313981432,1.24826807390158
1.97087746913281,1.31686129534484
1.65416677926581,1.31736338205644
1.76449714419521,1.2912506827722
1.67423702052359,1.18831849621726
1.48542472332285,1.2431859081248
1.83443709978749,1.34699163236108
1.79684093220302,1.29618073435545
1.94114182496496,1.48048861736277
1.88456194392401,1.20468525222528
1.75186270711361,1.27202663639695
1.75806484107424,1.33829342243782
1.82500946058204,1.47411584506576
1.89829300881766,1.19964528230445
1.75202459942007,0.982799341317272
1.73197517423157,1.26349896318115
1.65818957399236,1.16936599237348
1.47050260139936,1.24247306383452
1.69742588711481,1.17852604148741
1.80433148256663,1.30305929683867
2.10567039711664,1.37900851062509
1.86486622452265,1.25981187560599
1.9094087342469,1.32597897459684
1.79818951281721,1.26733323702185
1.82800626745421,1.32494642705163
1.63675010007768,1.18413137304386
1.54335031980929,0.963626311917613
1.77696356127765,1.37299741012821
1.83710588743321,1.20537744280294
1.72950296097366,1.21188663673621
1.95390512769616,1.41073862324955
1.76721684880641,1.19106428073019
1.75373690788834,1.3282887946505
1.21802988785644,1.01468281040821
1.7844421216269,1.26231490366025
1.84872513139886,1.26336184387557
1.8411188690381,1.35364694842369
1.50268375071311,1.19741445335725
1.83618441246807,1.28254912731578
1.76086755708531,1.27077842394152
1.72727700272029,1.20624305673953
1.52685118328564,1.27989398337123
1.81139256533075,1.33947813841244
1.73011966353223,1.24386443837362
1.60756138720288,1.06838157638174
1.71808222755751,1.39994309370637
1.86229014514066,1.23649783068752
1.73128493007612,1.44253728556402
2.04522258050819,1.39466218441293
1.93194415183704,1.24460139222956
1.81791727867078,1.40911995983845
1.76854369791357,1.23760849563233
1.49716005645382,0.878056770461304
1.70958025405682,1.15615661317976
1.65629322867869,1.19817425329438
1.72974809022381,1.23589978729257
1.55592845761973,1.22524754132543
1.88340661429427,1.30853830092502
1.71314804312234,1.19148779482304
1.84816464044773,1.26762917481691
1.53916415396227,1.03207423056129
2.05605945709882,1.2568602647157
1.85936392307254,1.19523661836539
1.73796416278815,1.22755352028103
1.6962982041932,1.33601038602238
1.82910663889629,1.17269990378983
1.73549779983903,1.21355198286408
1.98261795282543,1.40995453380486
1.64937312224671,1.19363801464951
1.69724017514846,1.3588606628692
1.80348880469852,1.23596559781224
1.97556047511594,1.35455495865072
1.91358813050738,1.397507759582
1.84409022117461,1.22571924291508
1.7534428899461,1.26188842373641
1.89815360801098,1.12205869160916
1.78542595424973,1.22638891679437
1.94698968992774,1.37222716811006
1.763772460421,1.17633402977726
1.67863914615528,1.18983533612576
1.77466923075863,1.246468162796
1.83239505038936,1.29980642838009
1.26022496340212,1.00117708967996
1.76288052594786,1.25117970181042
1.40488505505518,0.91510935100085
1.58515387547668,0.961414672218518
1.66328227366798,1.17316277287321
1.76229378310342,1.34262910534689
1.63592993350808,1.18954225620027
1.88414468833543,1.23302767351268
1.35309124704913,1.08285862327372
1.60992066378975,1.13122799808823
1.66324650049199,1.20618315872138
1.79760092668938,1.30027127109318
1.88699234211069,1.25337157403754
1.83017249489738,1.16763045426179
1.47046275018555,1.19428772751576
1.92975918983963,1.26771479205316
1.71334213304275,1.32102534107629
2.17053548234709,1.47722526412768
1.8148162024965,1.20569001348913
1.83743600611125,1.22756482161809
1.83776230757893,1.30183077433672
1.51839836903847,1.14733078549282
1.69666363447914,1.32783858245815
1.63198669622638,1.20207158377789
1.84223155926067,1.31994837419136
1.54823236336764,1.23625072337139
1.80586446908396,1.24727695271723
1.9453970363311,1.25645686945463
1.89401636564206,1.55812754759078
1.81263165678818,1.30992341553462
1.63457341539631,1.16074524684294
1.75761372973683,1.27085931901216
1.69080322550568,1.06256670955458
1.71451520906073,1.1736367562589
1.92917852688498,1.35298186487524
1.64369055482238,1.13826128119487
1.85793325465928,1.196870049135
1.63033673110446,1.29473675999207
1.89786228480525,1.39374437849784
1.65674432252158,1.32102299586886
1.78345365186965,1.35870311390394
1.52993260443951,1.15743264253557
1.7761856778434,1.27813224365956
1.79941772354054,1.5151329611607
1.70327089247501,1.20175858808818
1.93629368109762,1.23591866197339
1.78941869325591,1.21217717571169
2.03482022064509,1.28114290622127
2.06405311269303,1.31443423010314
1.76932972201223,1.27113774414252
1.5229647236832,1.04967519122982
1.78808612704628,1.27471682157149
2.07983809926531,1.24559061565251
1.75240691419769,1.18252257211145
1.84423665569454,1.34039783795106
1.83093278468618,1.22337690406635
1.40884517850975,1.16679630295064
1.66590991553555,1.18644764791447
1.87753569070131,1.40412212951931
1.84192010562098,1.27521404380967
1.9361727983646,1.19424342281269
1.36751020728036,1.06343740103595
1.88221409263709,1.35676201476173
1.74128105200537,1.22279248875863
1.76171882680639,1.23993796525635
1.36590367656315,1.08953932226235
1.69266004640361,1.3108801716263
1.87722132061421,1.47463894584625
1.53296560527076,1.23142705226601
1.80736987487957,1.31539729605202
1.50447497384459,0.995965575274482
1.93687453292136,1.36763025645019
1.59992410149015,1.39084915044695
1.7888653603883,1.25506457804076
1.87809176509793,1.47983783776095
1.58469965490165,1.06290585060867
1.74860452833794,1.23150728696841
1.91598612282784,1.20405474728407
1.77908782801516,1.17228696639784
1.74919227820164,1.24237249316337
1.76334974810508,1.34093588381804
1.54957820404613,1.26537494347555
1.80461333031456,1.32477516040454
1.53860965260717,1.2118357776779
1.77280832308808,1.27415223595957
1.91293177671892,1.38049407331528
1.97644766104796,1.32958746959766
1.95549578896705,1.34188029491891
1.71519128533543,1.27091200152835
1.62252633719632,1.20254981642353
1.84574596236445,1.36862914379972
1.89959703360625,1.380091515822
1.59285540607615,1.09434420907834
2.03207984319101,1.29574495029501
1.96801448752711,1.4668032453956
1.36463169416162,1.14758700625181
1.89568496118456,1.42030707216982
1.80787106082693,1.25097818681429
2.16997993902341,1.42522911147509
1.93225456613463,1.36458390760785
1.87892462283013,1.30855395928269
1.77560324611429,1.27690165485521
1.58110759835659,1.06481126212045
1.82584858845883,1.28885407156353
1.7802883393126,1.26366916976144
1.75220786438479,1.25497322442788
1.65499244364181,1.28551891623302
1.85000546889077,1.27317097900514
1.97636954494803,1.47648058461594
1.56597885541802,1.01590206714005
1.92083000692967,1.36474307488753
1.53910661091028,1.05777154112858
1.74711654704818,1.39203315794518
1.81028840633711,1.30164961215199
1.65949602986575,1.15693090215999
1.92433691233424,1.45175484260542
1.76517594237152,1.21670403201018
1.83690218023589,1.32644699329469
1.86151993876268,1.24945504130854
1.77944729174947,1.21554402985404
1.69212394447206,1.17720865955377
1.87243240574723,1.19317114509523
2.04395889729085,1.36938873230121
1.94449120134246,1.3586483505941
1.65367487095352,1.13396065825891
1.80761675171386,1.21263573183403
1.85132094052129,1.34222363417253
1.68144965957196,1.18021780129165
1.97092354586486,1.59354363235553
1.31104182842995,1.10302460539118
1.8214179264903,1.28675297322425
1.89713362644756,1.30609044651044
1.78280990808614,1.12423765466527
1.88468952309306,1.25313477056498
1.40966385337196,1.15334504506417
1.93826326351461,1.35630128857483
1.6860524985505,1.24413834214209
1.69212099207915,1.16012822220645
1.69611918979305,1.1695231832014
1.69243939836585,1.21487325368112
1.76203401346325,1.26108250536534
2.09362310061987,1.55793367090876
1.79879071223802,1.20313815454935
1.74458302608264,1.19875519942972
1.88165885644751,1.14288867017499
1.77256395151895,1.21297270758735
1.60584960559606,1.10818535939967
1.75283272449178,1.25937430721556
1.64069949830136,1.23854805546477
1.70979827321669,1.12576145716315
1.78742074781805,1.31013912799842
1.7803664275688,1.19661508463503
1.46100646801064,1.2147042641843
1.78601525272608,1.26989479939428
1.81641372961558,1.27556725371729
1.86573872302826,1.19092871905612
1.77890170903049,1.32300092241855
1.84255122038941,1.41443140197165
1.73188697787209,1.20068100141321
1.73113585573681,1.20943489322091
1.91100227387217,1.27477273012465
1.65212894576946,1.12477697035736
1.86882770386522,1.24712377957903
1.80806387969032,1.28090362965839
1.83701751866518,1.12292625514744
1.77409995693374,1.27947885478029
1.69426431869192,1.16165589831887
2.01220634469048,1.54484303747143
1.53190468010722,1.19863981783026
1.93425696520099,1.30665245081261
1.76853883353142,1.2296801410477
1.67722398686153,1.27266105635147
1.66664090450129,1.19504091399115
1.55300165285373,1.04200391014519
1.70453730080391,1.14637294654392
1.57775021054132,1.16135534382596
1.84340305364453,1.24633305533635
1.84731458605803,1.25997553758664
1.65776141237119,1.17881894574218
1.55209886485203,1.17706567710233
1.555142116464,1.23217901972342
1.38731933342008,1.18423081490648
1.51512076237055,1.0416843590831
1.76568943750021,1.190354483767
1.47395437000129,1.02892243280757
1.88566448755501,1.29434080048098
1.50407831359716,1.14837639182898
1.63962687945704,1.07944889921645
1.81539147214061,1.30048076493071
1.49967325613583,1.12061409200421
1.72297889616065,1.20923561226733
1.61696975412293,1.10192617733877
1.76806965903361,1.2658578668004
1.2846495640246,1.05645405183636
1.91404042172695,1.48463825145104
1.56759896592733,1.04422984748928
1.66110883875727,1.16362127853469
1.64056766229857,1.10779400441267
1.52747342376879,1.17596687792155
1.77755424564307,1.29205083651871
1.54326222011036,1.17013401243093
1.68674477908309,1.0861453453255
2.0654334157476,1.42728598384339
1.69366882962662,1.24005278802251
1.47908520521977,1.1561338231367
1.67184583751175,1.20082369315382
1.81645738389903,1.32592529380087
1.66544923179591,1.24635265192148
1.97472967149762,1.3822728274423
1.71260513890979,1.18987916963086
1.51247930429951,0.940704163612016
1.76577227211948,1.22792367557496
1.87579488355289,1.20922760175237
1.80342101948648,1.40858264912766
1.45555175260334,1.19997814208865
1.72291940526328,1.2482440511788
1.5371183668954,1.19022424791534
1.39574440569529,1.05346045768065
1.69922587964121,1.28771999370639
1.715672432776,1.1905311014537
1.75025074474117,1.18695942097943
1.69818756628344,1.23865939154179
1.78901720149149,1.36365572028282
1.25419534861257,0.823066880917391
1.74737865937128,1.43871970828587
1.58612317522763,1.10453567452433
1.82067185769943,1.35757120944815
1.69337580641186,1.20958530818722
1.64212759607742,1.18498375291483
1.62505796411949,1.1724265472453
1.51294105469231,1.00726667677041
1.82182898390147,1.27454293585999
1.74936894366035,1.30201130612287
1.57866483886695,1.15397109251323
1.93334091402572,1.30246416540393
1.47019761697371,1.23387435228979
1.43961054423041,1.23399246836115
1.86111860727098,1.3233920524805
1.79210222517298,1.24041320413011
1.50300651119104,1.27609576393726
1.38152164079087,1.14512063068248
1.77827420695953,1.24316096757183
1.926402551694,1.51609446584182
1.73854334507354,1.1954488487166
1.93623508878225,1.37188377093619
1.54629667938549,1.26931805400997
1.59486544721038,1.04909885350309
1.61027115481148,1.25534585170349
1.36494207544372,1.15571294311803
1.465023336832,1.2346177408536
1.70876631782088,1.15158784727888
1.38927147712035,1.15277420445793
1.84710283023234,1.35906874025492
1.62792261129063,1.19260150416861
1.97111542349843,1.4416950409115
2.01498298043231,1.45237923237046
2.0263703847509,1.24307113234521
1.90241743230005,1.18469653573592
1.65037232210006,1.06493720160984
1.63445856925218,1.1617585654425
2.05041638170299,1.23677441042953
1.59092054557368,1.1378171160171
1.78987760514522,1.23864543598337
1.68037784089859,1.22864494162201
1.89055001540148,1.30706677656641
1.68786252820516,1.13569848459066
1.99735924180498,1.15427285679418
1.90608769861409,1.21481261588399
1.59853159664553,1.21061090934798
1.85308751912545,1.30878738322651
1.8219002883624,1.22558133644596
1.9623981342394,1.47402305827416
1.93094816971811,1.29352264183139
1.65698937082004,1.29412901982139
1.47139012936549,1.20444944136372
1.92651144621505,1.27915030370057
1.688695131257,1.3182752363996
1.64794334867506,1.19893530126678
1.83322680421931,1.31056779397066
1.53886982846349,1.15368664705633
1.62231698747299,1.14390419230175
1.79880498040774,1.24408543956866
1.66782742600568,1.18594531722787
1.71942882519448,1.4358461826632
1.65521850561772,1.03189579403293
1.75596297254463,1.16732721999122
1.50755626359943,1.16193989123211
1.99190605375759,1.4216676153986
1.60308466259511,1.12803992071207
1.73019342613074,1.21259160682413
1.6752240284092,1.15826211193138
1.73663366934092,1.1885282768335
1.72399126914274,1.1775477521284
1.90541541471453,1.23680640250334
1.43729662950988,1.15605513645909
1.77260115361511,1.27192134566979
1.7402919976443,1.25208171042247
1.63076390145297,1.2331553799325
1.9271709022232,1.3879519755392
1.75869468135846,1.24076453180131
1.51225699383519,1.24533504257546
1.48721881630534,1.23171710367449
1.76634123330807,1.20034157762569
1.70422260832017,1.18642004519185
1.67620826561279,1.19834641838981
1.85957310414165,1.1882083960892
1.88877060273325,1.26824791822159
1.88782802678304,1.18529624517591
1.69503544483524,1.12927031051569
1.74453048865249,1.27410571070019
1.86425765127808,1.31663024677634
1.73717583505025,1.18496802773456
1.8197702136582,1.28871937358972
1.68866559083198,1.17292563783898
1.78274678443284,1.20033736549357
1.52078583787192,0.960488827327153
1.87599834855242,1.44041564139766
1.97710321608014,1.26313827051242
1.69476359617093,1.1013466180941
1.52316702839217,0.980384255571173
2.08604661567837,1.24065102829844
1.9648826702065,1.24871355468822
1.51980198472994,1.21045756516415
1.82568575403413,1.20023493275172
1.92100193871745,1.48142906993995
1.80261623967618,1.21400297547011
1.90956499711926,1.21189822255395
1.67404495048245,1.13722386321775
1.7269851225074,1.18886545895359
1.70219716329584,1.07436480666066
1.48199745675625,1.2243774469466
1.95098462199858,1.27052955105919
1.83325875894486,1.21949266620909
1.34932347364727,1.04428607077816
1.67435971844506,1.20172475843265
1.81984661862992,1.24148348952421
1.89695602355255,1.31092364887303
1.6697292925153,1.1746552986367
1.89730171145583,1.34421803259321
1.689179298446,1.23140489000131
1.663971909326,1.16665909026444
1.42194628455993,1.25671008320045
1.76278528015842,1.31541276819314
1.95186765412326,1.30233972627497
1.80914160725209,1.22443512920329
1.78544092173806,1.23838625067111
1.72047373337737,1.22831837225386
1.80175101692954,1.22986845931175
1.76796361924118,1.19978099336134
1.76724076818327,1.42023262882885
1.81425588924871,1.26309952440665
1.75037335260096,1.18643160891956
2.11671210987066,1.53521326776287
1.98455256575196,1.31710678579955
1.99958557467174,1.40953664855667
1.56274044557403,1.20340909355581
1.88938007127618,1.19413484873916
1.77867011176237,1.27395624221531
1.47855753280333,1.22335474549215
1.74507966155246,1.16772271317067
1.72480624289213,1.17891988108622
1.64238030876124,1.21807446975324
1.75647258201202,1.22231730100835
1.79146002523721,1.24320346936845
1.62537027797162,1.1508546425646
1.93565913126333,1.50464634980976
1.79173802395811,1.24812509360236
2.01957608251426,1.46678004069098
1.78162460106312,1.33992505198126
1.51443388810473,1.18580154647862
2.00879506106689,1.25020690297476
1.89730909901181,1.38727499940687
1.66347225830665,1.16279379899803
1.52077797243563,1.17701840023825
1.69343426288342,1.11765222221454
1.9421773953973,1.43725472091481
1.60366378572355,1.33536105218929
1.85206592497723,1.29575252938902
1.66226800304402,1.10736660444658
1.89278289656108,1.36775293385696
1.54328798051062,1.12142674704334
1.58846646573454,1.23242631570025
1.79758036285109,1.24330439040659
1.46191256470076,1.21392666970779
1.9305038814298,1.29708344659594
1.98744790945128,1.13022496995051
1.70704947825502,1.18232905689456
1.62274971197497,1.03049950348281
1.94152967446108,1.43423500799715
1.58125203638016,1.29815699948603
1.54313352433828,1.23690167311945
1.86683968981184,1.27998604454628
1.88860966850921,1.32923602086854
1.81385694926385,1.24224221446322
1.81179833158022,1.18205034588091
1.73334671949608,1.23725791889443
1.52068870287806,1.24567510713329
1.77831502677539,1.2589633867435
1.81018257189642,1.17008713972974
1.79193448076032,1.23983335781663
1.82212616464358,1.28596192839675
1.73215182403515,1.29136683553339
1.66419975793083,1.14227071539615
1.43216190495067,1.15531880588683
1.59818046536459,1.23337595100882
1.85471937365632,1.24356244088855
1.72181993243843,1.2928341486366
2.06698660785755,1.42174123823759
1.77720665737681,1.28819669273057
1.88586768712528,1.35199105396511
1.80009404205676,1.29775624804445
1.62869738664505,1.17556030103267
1.65442389487147,1.19415666680231
1.92081231861852,1.31973543737672
1.65571271777149,1.04806681299838
1.99206768643981,1.53414890045533
1.65908386829797,1.31646725048021
1.78645953934581,1.21281429877043
1.28100158149099,1.07303779465268
1.73645980519636,1.21953797839353
1.82075737157444,1.26765054835435
1.7380872893974,1.2380720782274
1.73879481408605,1.13867572548781
1.67898261941918,1.28463213970833
1.70228198160107,1.17380792110314
1.83333620857867,1.27467211634484
1.48393822921566,1.24678008937656
1.71083429018072,1.48395297735245
1.73828609224826,1.23437978662026
2.03258670562983,1.44559496292562
1.84395553548438,1.26481613907452
1.84873793020087,1.25191372443655
1.51839482354739,1.26573844587804
1.66636864577247,1.19706036596416
1.42403828501434,1.20573913279953
1.85122224276634,1.26448458238714
1.88893075603408,1.33578567818066
1.42592540763959,1.2163041694207
1.68326236082176,1.16339479166662
2.19395200871106,1.46446069331602
1.91405384182371,1.32961233911358
1.86872646622784,1.26723431024799
1.76976157166599,1.14860551836196
1.91247636415489,1.19714131785028
1.53570032734208,1.1840243490246
1.72932474151461,1.23032801050839
1.86039692669576,1.30420136567301
1.49211525872578,1.15805570996122
1.71215193907631,1.24256562407365
1.57004138589163,1.36527875671751
2.00840627226204,1.56915169379394
1.95829575980279,1.25049351355773
1.75987497249047,1.25322914739495
1.69967266018251,1.21592343105655
1.55397375164327,1.21566626213249
1.41846717588643,1.16466210426418
1.89580754651954,1.46787670192274
1.96364277085889,1.38059991731769
1.81749602258953,1.38383916514621
1.8202073602065,1.23251488645826
1.63129857997029,1.1597587434539
1.3210821178753,1.13382241108722
1.72166398329069,1.19513281536342
1.73218268276866,1.24484956012942
1.75782507905447,1.23448082649227
1.63293519277812,1.10792598482216
1.40789559132375,1.0529815008587
1.71700011377274,1.19459943058659
1.83555493883271,1.24812621005858
1.78071651095263,1.15206362750139
2.00519314928025,1.42643663668794
1.95795598425673,1.2243497982091
1.31960305878862,1.05039545474929
1.85132372014194,1.32301250700942
1.77726286392022,1.23945577545818
1.55018895394754,1.27458981853388
1.64069167116701,1.19147346868808
1.54937620040504,0.996402798064486
1.777694760591,1.2993692067672
1.58849859991688,1.14782157578887
1.72716830426248,1.20659088819006
1.73425838460043,1.19379189162581
1.94355142108869,1.18317768037428
1.64506165073045,1.05409566144671
1.66096860858084,1.06375643061725
1.82895132178041,1.25506493299475
1.7041366565039,1.18976643381929
1.8431298915133,1.43367854762287
1.85003696728937,1.27370039461707
1.40077933522844,1.01491147943169
1.93925751047359,1.37272624288741
1.52641249892822,1.14387281311598
1.59950247041987,1.07625245849238
1.8377038392521,1.33837447683623
1.50094946627996,1.22545684816692
1.79510258361351,1.25921496089376
1.61641316424036,1.14399176951287
1.40894238046353,1.14326509387569
1.80762861003578,1.25858737830133
2.0908801409062,1.35001167918529
1.78355351612261,1.16900453169509
1.8604306005362,1.32102249506221
1.74063985337009,1.14026641957007
1.42949265770252,1.09850086820205
1.64680666721492,1.15324393298674
1.70255779450272,1.17106307413996
1.69799353580249,1.20261699362028
1.73635767455792,1.29827345297598
1.68636782032103,1.20256207476813
1.75540599748435,1.22230182580343
1.97884382371231,1.46191427966163
1.35737812779606,1.13914774093674
1.56247697267796,1.05149678482547
1.64231400501719,1.11665583088904
1.86573689486327,1.28866539583075
1.94727903386511,1.30812158908143
1.63091390947546,1.03893820418225
1.80980462094631,1.23727210369409
1.62125118545524,1.01076848453327
1.85237646734684,1.26979578670292
1.73950363174238,1.23034196366191
1.96099760519747,1.22013084904083
1.55495939280212,1.14059049126606
1.71407686599704,1.11998637856348
1.52145578932586,1.17466487175432
1.91649219407921,1.34007981247926
1.59483234577478,1.08429926034406
1.59475863830165,1.24360713159944
2.0196612036001,1.32406343118428
1.73830770073761,1.27751809583993
1.80517945484336,1.42437274254646
1.8875812045849,1.34672377835296
1.9086885696177,1.2301962778695
1.82476600683709,1.20632402204449
1.80380776520083,1.19566376272607
1.8038683231332,1.21130148546417
1.72838900899743,1.22499798138932
1.77258808182336,1.28823743944882
1.67932753686418,1.13769624954592
1.92886958196207,1.21934043484255
1.89883605560247,1.3757176249185
1.93106092914188,1.20259051552735
1.76929475539451,1.23057574230045
1.66509034719503,1.1318977480632
1.8831853851406,1.38844533374102
1.80407038543416,1.24397319559646
1.69920285523536,1.16402752352181
1.4769318347297,1.15596586242945
1.78303046813561,1.22832400529539
1.69123242001029,1.19801426589632
1.80153707773058,1.27443361467538
1.82156447943864,1.38366677444445
1.68550900426542,1.2033987161997
1.57964712275216,1.22279489924514
1.78993087354414,1.27681455382772
1.90432203854003,1.37905992876789
1.64634902337198,1.14903034885625
1.51950521484488,1.18302368645318
1.67698502718868,1.259522342401
1.5894517721881,1.11572066965291
1.5522434910851,1.1675975266552
1.51463061760623,1.12874997036247
1.62740000668974,1.13110604613164
1.70932712907225,1.15870420639921
1.77771595452405,1.2489808202693
1.79366389689629,1.24632263849533
1.97899499504306,1.3311949659277
1.81732249470504,1.19617959859082
1.78819014603192,1.17551437912563
1.97607051141419,1.43196376926072
1.67612485244126,1.25332660224079
2.11600724440858,1.35459971737624
1.74810914229875,1.25503565800965
1.76799392409817,1.24056112473976
1.78010409797486,1.28048048494853
1.70344833271439,1.12114313572961
1.99145553343139,1.3497719355351
1.35782328848638,1.1534580205637
1.98578238493264,1.38135608149764
1.77640687782141,1.20220783530252
1.72706520058885,1.16007245628589
1.99252072771221,1.38902634895047
1.67961174037699,1.14060785431778
1.75994102494037,1.18810476619672
1.78413051365643,1.25884690464699
1.77125025253548,1.12952987646744
1.96679672544089,1.37675741395026
1.91280239664641,1.24750662010611
1.75711789418132,1.21722862283373
1.72982136588521,1.2235199931297
1.7957793363864,1.28196902081892
1.57379639362466,1.17307328896114
1.8266886867865,1.14831701496039
1.91111762939844,1.50719777278093
1.58690902024176,1.19204130545894
1.68287204925244,1.29353174317595
1.64700757713982,1.24700749660008
1.45142235279204,1.17706206578432
1.85542434443505,1.29907576550371
1.80920292014971,1.301672165474
1.86209943555038,1.4850091511857
1.82372134781389,1.50848137289319
1.74124728043183,1.17710668605639
1.41853560619757,1.1522969701541
1.93830436573674,1.20256704379467
1.92908386655594,1.27610506051322
1.98735184088848,1.40361730729179
1.47495572920172,1.04667925782637
1.60142197185223,1.22368288324937
1.82060363527566,1.27150400983479
1.8508594341558,1.40802019917155
1.83909129160763,1.29104962330291
2.14065005784259,1.3418317351183
1.99401679576304,1.39146105853768
1.81158645509816,1.30884105807257
1.67126570734725,1.14078961975531
1.63001987005867,1.05902691964222
1.79502444314165,1.19304352449454
1.78882364758572,1.14532542137591
1.57099592940515,1.17855538268225
1.6130496285108,1.19723585602394
1.33221978799173,1.12384707400678
1.74587956460222,1.21126228943641
1.80566043223584,1.36964367741386
1.62774106445776,1.17617302525659
1.77233256997762,1.28311974202647
1.3306321473483,1.13426531611577
1.87233534616599,1.39656353721979
1.34998728481146,1.13980845909767
1.79807911847816,1.20936419324932
1.83952097360377,1.22988109191325
1.7929157993676,1.27031032134611
1.76539197710613,1.18909283237795
1.82596210745959,1.23102982783857
1.86950752784863,1.20595590511282
1.86839378072765,1.40962693958824
1.52468708970519,1.02699988508269
1.92910446148681,1.2727986902979
1.55341496205175,0.907648997591116
1.76400478750105,1.23346946343662
1.89452560241057,1.46223140104257
1.67176646386428,1.1270681762391
1.56223107819246,1.25935117218037
1.7209491554048,1.1776054322674
1.76158912867116,1.31659615835413
2.05209508829369,1.27809021930975
1.69249613640984,1.12466620417792
1.99591484004625,1.38566902220805
1.87538897211713,1.25249541982406
1.77268285010299,1.33263966254383
1.87735336519995,1.09937079102349
1.88287095235104,1.36326921254482
1.60517535176357,1.22370094822747
1.64544401204858,1.22859394888006
1.80743183319716,1.29596281107304
1.73827292487318,1.26978935204241
1.82671951919189,1.35044072268543
1.61010044430188,1.03039946280741
1.83073494005067,1.32418684683679
1.60890979626758,1.06124301883923
1.83566111767654,1.23730013012636
1.90385697677907,1.32920239769867
1.70983160158171,1.10781056744755
1.70339556175894,1.22136878310004
1.92173436678972,1.50098043834355
1.88172884575717,1.34310716156501
1.73947711004063,1.16591800410719
1.64585001546279,1.12350350731193
1.69386357940702,1.23862503301788
1.74331952083537,1.23290951240864
1.98944169018617,1.43146054449796
1.75749313104921,1.24779008256239
1.57787920108573,1.02812236920056
1.89222473514332,1.36285570793983
1.81155728933514,1.32444811916637
1.6811201291875,1.28621317610927
1.62485727017471,1.1773449679897
1.78932156200073,1.30414716381099
1.78008457258565,1.25866137881929
1.71451377975537,1.22163090031686
1.87685534953182,1.29012544050495
1.78947522601648,1.2070666366993
1.98083253348872,1.59151628217036
1.88557495312241,1.17106588299446
1.77456170208514,1.37336860691957
1.79204855848968,1.26247274849817
1.82975902306191,1.26987666331845
1.99920944343481,1.51330043262114
1.69618783647077,1.12567455305934
1.76124840894748,1.14737144858191
1.7159683420179,1.12235286085588
1.76250207985863,1.1697944907306
1.70869446571414,1.14219955756332
1.73541405610385,1.20990553978642
1.49183705400301,1.23886165726446
1.60233433593422,1.15551120635716
1.45461417435682,0.907766198868057
1.79383957954586,1.24709513659833
1.95215574735732,1.23681475609066
1.95896514919136,1.53036780689881
1.45755903747104,1.1622100311004
1.62173260831427,1.1471509995021
1.67489343848139,1.1750029293151
1.73374750375047,1.21860485026084
1.86242716184197,1.29119847723191
1.73878967961964,1.23939933569458
1.71848658681681,1.13362882384284
1.78907743562986,1.37846058989432
1.67518236961333,1.24836918546166
2.03191597420088,1.38443855729737
1.69231304502768,1.1933632131503
1.75162383315524,1.23878923513305
1.5968266303202,1.29263226971738
1.6380871645253,1.13524190215737
1.14384879866952,0.920744852385632
1.68926487664371,1.19176798264312
1.69351610417499,1.15647035802956
1.71875386660535,1.15303884347086
1.77687698544771,1.10189816210481
1.8124289773213,1.32734945579507
1.66568086015257,1.22407200708458
1.87140252037439,1.33115575086319
1.75892734241111,1.23224363220253
1.45487693435597,1.12773711576546
1.83038271799803,1.19276857806445
1.46720853018844,1.20713645505396
1.77307323510668,1.23226539318416
2.05436966138083,1.4978412196059
1.61942474299134,1.15105223379909
1.78610082407523,1.24917199727276
1.51207605635205,1.21827390346784
1.93883034386534,1.46165755145301
1.81635218337102,1.34488993664343
1.84489658838776,1.20158800386523
1.90588949837023,1.50475706083192
1.77738242684563,1.24525180827091
1.71705751616881,1.23086036073871
1.85120657598292,1.31580862703027
1.79777661676714,1.30627336368043
1.87648529990669,1.17531357778297
2.11249750123129,1.33362325094958
1.54181713168439,1.27571274118211
1.68421678835439,1.21360612764157
1.94876327394585,1.54685845687613
1.71672246465433,1.25595456286452
1.6601183432301,1.11751445123828
1.7388499390336,1.22719024544768
1.75208932218651,1.21679869528898
1.79652421228641,1.2450353009523
1.93042992275602,1.38835297968568
1.70804646291471,1.40196941702038
2.04483263996943,1.2981660578588
1.97906624648749,1.35687543882163
1.79413223537118,1.2027734761251
1.64899283079573,1.16692475642574
1.40823253671518,0.889426447104944
1.63794298927062,1.19249561965584
1.85354845316554,1.2362646006995
1.79390975945665,1.30340665866703
1.67114071210449,1.17810908729038
1.93885357037845,1.41195442228828
1.47738962601832,1.07953448936811
1.85461709743596,1.25738210346306
1.94499874445584,1.10509182095318
1.9386802170338,1.28981247324857
1.83542799498999,1.27656499741596
1.65423520007209,1.17894351211842
1.80196066574783,1.18609246726625
1.46262113632416,1.23338523957606
1.66534950017017,1.2032040853116
1.81481969710898,1.17595412070482
1.62707429837143,1.1922401476238
1.59926999374542,1.16321431744296
1.51269344986363,1.14199601828513
1.63734145148296,1.18780847981283
1.78772936509966,1.18820681948228
1.66823639606174,1.26742786142763
1.70026624689024,1.47224569445726
1.59733866079605,1.12209980180447
1.68455730510449,1.1584014599891
1.82919576359104,1.30012915500114
1.60676487975829,1.21939848975154
1.76689763314525,1.26319669330635
1.80603861705417,1.30144904042319
1.89186690870711,1.32417270465062
1.57539932011296,1.26636295233552
1.89571204958732,1.29578813443807
1.77431825358811,1.484268186931
1.62049224595149,1.29924565460685
1.71785632640964,1.22784330585225
1.62296705107271,1.17369909358042
1.82986654811495,1.29199743181157
1.67966197696435,1.13035258245759
1.5425332564715,0.907645404172889
1.36313475746399,0.993391475000362
1.76079341548321,1.27573082975853
1.84198737252765,1.25145101996369
1.66110849425843,1.06481905584558
1.76733067913015,1.24797759352424
1.73511789239825,1.28341936620318
1.85550310143494,1.27974431097644
1.82301183610296,1.24691978784457
1.50066718318058,1.21119776648154
1.84513238656958,1.32632338830852
2.00768528839291,1.33192492095055
1.47207668301546,1.11266010327284
1.81796343243897,1.24044818842928
1.74855144858784,1.20955840175774
1.83191358675358,1.22420384853873
1.86569768806353,1.264042676517
1.38737244045982,1.15511623847069
1.76462303561139,1.24827830045835
1.47629403376669,1.22002091920825
1.7080938674822,1.31014571480048
1.82705171371967,1.39341171057734
1.31824517599799,1.0710025334526
1.6780070958387,1.32317655413111
1.5212292029028,1.27855438258381
1.984133863826,1.25238090501533
1.93666354699883,1.33484719202633
1.89879652008588,1.33028220877859
1.40850884274789,0.891417244011629
1.43806569752499,1.08350812593558
1.57148260342202,1.22910686587412
1.45423770393799,1.17199015091097
1.92065085435992,1.27551574424899
1.76524026047062,1.3008179622279
1.52917630142782,1.21606429488662
1.76223208812047,1.26155969756414
1.75165893436998,1.26071288400816
1.97948300878449,1.3428239036389
1.88860810528133,1.30994721018019
1.69497758658307,1.22329728726574
1.5983973458475,1.074851680544
1.85409210293147,1.34159207887267
1.78406487747824,1.17309208769493
1.66229838128883,1.14769554708597
1.97067866458464,1.46985941489753
1.83532883980284,1.21182748510407
1.72461506812997,1.20106817237465
1.78057054388257,1.22164616174104
1.6498433362497,1.28432567762037
1.77693028536288,1.26457948508399
1.69527986868371,1.09984838189242
1.71739809581191,1.17435416899577
1.39730382339531,1.15665422276222
1.33433418589337,1.04910978813509
1.6886190575303,1.20969593801029
1.49925593579978,1.12033866962138
2.10212394577081,1.27960108647185
1.88553185551482,1.24679576977523
1.77508016340216,1.21019826989467
1.95083671405626,1.18893895591551
1.90637460505186,1.27725108333307
1.79800242954574,1.29237130800153
1.62288336228638,1.224550669058
1.7119618282961,1.34300817087224
1.54141532484417,1.21775647505344
1.92324582027998,1.30359522995166
1.70313232526976,1.23685572616214
1.56538476954137,1.29726058587762
1.47852297399897,1.11858060671047
1.78385517375965,1.2295082923917
1.56342652416954,1.01983618464624
1.87917937455854,1.28109142329087
1.71000723945327,1.14144257730154
1.73802471222871,1.17461487141158
1.90730750674554,1.36178437276295
1.76066238079426,1.27291073097198
1.81222139368397,1.25795550591815
1.80701131460714,1.23364050459072
1.95414037623506,1.15332204025816
1.56308048626327,1.17805389654749
1.69322824245814,1.24158314760136
1.67901482660633,1.18694060272741
1.8748691679526,1.24475286207532
1.70702829927522,1.43628678722043
1.71325865671111,1.29074795486969
1.75181660688605,1.24772564186183
1.82004566643965,1.26906496804823
1.67882478917477,1.08795475953404
1.83920804210999,1.2432928628672
1.56460904279374,1.1741087455867
1.77237318379097,1.29665521133058
1.79603026773228,1.26796045907434
1.81447851628403,1.29120205778711
1.70592879603999,1.20529333415727
1.59101000424819,1.02863527324288
1.78812525683946,1.33060058241669
1.75421314445775,1.16914033516855
1.8375389147027,1.24953331595527
1.69314552635605,1.31063141803763
1.66007319179291,1.11197304038335
1.84082216257151,1.32635476220905
1.87329354493232,1.4740787719907
1.66192180281926,1.17665531344033
1.77194409244771,1.26236331464944
1.96890422136798,1.39695917439245
1.94426992726897,1.14559877193839
1.83687968310273,1.34410348694128
1.86142106425034,1.26310775124545
1.2863663879968,1.0591005205932
1.70776248741543,1.15567603016619
1.51080192809409,1.03875240949884
1.55285917097076,1.19130081554607
1.72710591667037,1.22474390678091
1.71021377314274,1.15230235449958
1.784381881439,1.20591906960474
1.72231980394781,1.22986065414936
1.50344215350022,1.18306213345743
1.78691025696545,1.16343257834031
2.09922660136457,1.31838539952024
1.69378483935273,1.22347747449916
1.690101285731,1.23566182170208
1.86656845984557,1.22541329994942
1.70720273636779,1.12804347912664
1.84745418513551,1.35748707800349
1.87068547886282,1.23839709127835
1.37486811768355,1.10711164461255
1.40434990938283,1.08707819711213
1.90850366962258,1.28869409642923
1.93087403350554,1.41997593937298
1.8432306322933,1.28643085185744
1.85408390128969,1.26892559156483
1.89133828891828,1.38921685723033
2.17519974067391,1.4765631953671
1.99061344321646,1.31906081035324
1.8051713233963,1.30044441498862
1.7420464585116,1.0947852317335
1.87613655458233,1.27026042976419
1.7589838314859,1.14673565245004
1.64677776154564,1.14519617070829
1.50458436775967,1.15503894190839
1.79231931106788,1.21671904062963
1.93811637674571,1.29919086632881
1.81245017304539,1.1961629368452
1.69794041456281,1.2009930592215
1.79138834840825,1.21691685931028
1.90794856723915,1.26998701884076
1.70078315534652,1.14788879416251
2.02892747245589,1.38700679364585
1.8256805118181,1.24952353881216
1.86458535041571,1.30761059731171
1.85394698675865,1.50291051113992
1.86360963896346,1.32260525550535
1.80054164149208,1.06544912778638
1.64706794907743,1.15938670719863
1.79943349370331,1.40761604272164
1.96446902184058,1.2551619505767
1.64952630350698,1.02796532569375
1.72216519749654,1.20237807522823
1.69427854625147,1.22044289833347
1.91182278496095,1.15923540928709
1.80011587983225,1.34483887993949
1.5897085706451,1.05050941165175
1.80121744514326,1.09971489310417
1.71561249940321,1.1437950177071
1.96909719459463,1.25425919730466
1.69343539665655,1.10885247671497
1.89383231096109,1.37672470653446
1.42201664789906,1.19121223517079
1.77616494473709,1.34936375226265
1.7202024688779,1.1138598638948
1.96899505029531,1.25592043316701
2.08329420458341,1.4005462913545
1.51794977405748,1.24939247832272
1.48718143938856,1.04601598260168
1.77396916778382,1.21599573761865
1.75965179990742,1.27853321098909
1.87656873895749,1.33135373864517
1.70149745608905,1.22540612546851
1.41803613348982,1.18682945354088
1.65996877401892,1.2400582545749
1.76755864954767,1.30721720377325
1.6619807765063,1.1633868606625
1.76149206137513,1.11285023558046
1.53344268300049,1.13191393345357
1.63930551175597,1.21572039994285
1.9928994483656,1.29798481725129
1.85868712654398,1.19503837535199
1.86188405571667,1.27469396262619
1.59538643132732,1.23156104167798
1.80827270113297,1.31984177529976
1.70792701549798,1.298785418104
1.73173726967657,1.08985985819713
1.8636961841727,1.34751478831586
1.4942379203828,1.14191064411721
1.90224854489902,1.30154016295792
2.16752242490669,1.46005305927277
1.43828475327683,1.17734574130636
1.6987190227473,1.32789334864139
1.71998851870882,1.12283199107962
1.88371562412303,1.32871640291177
1.55111820435252,1.21686983887679
1.8059345809678,1.24574389117668
2.00555481903579,1.39387613938037
1.83155464391706,1.22710781723067
1.7175618489757,1.20087795001057
1.72614924073633,1.17830285213283
1.51871570165249,1.14016445623886
1.52071235243259,1.01057126574096
1.70138476303706,1.19383243911404
1.71764294553241,1.2332360084444
1.87880562091444,1.17173085909031
1.76789850079215,1.19127839071944
1.95109678114222,1.28392251780385
1.73842317488938,1.23411268476616
1.75812337783515,1.15348245503153
1.76164544567326,1.44276649054911
1.64081888683931,1.26796637422353
1.46932563073376,1.27864282572548
1.52922487888363,0.909555495878636
1.77534219278987,1.21851039436034
1.723901854782,1.23402296895575
1.65349428402552,1.0495341404544
1.64512619563739,1.15713449017982
1.9651335091472,1.29169071468208
1.69017839685831,1.23361347687745
1.83757601576077,1.23682072858548
1.63675498030124,1.31074302239729
2.02229812916997,1.43106547086096
1.73340469723825,1.21752741931978
2.00136066404963,1.23480592262719
1.7909164359456,1.1542515126865
2.04359225557683,1.26895494408667
1.83126636391247,1.29935374827463
1.56210249706285,1.19487335359398
1.78331460840553,1.28166747662426
1.83476384661262,1.28940928441235
1.62123216898246,1.20418900321323
1.91962235523311,1.35102509990258
2.002745275773,1.27534324829091
1.8831996903074,1.42660073305288
1.75912984596159,1.25795501097676
1.99155419646705,1.35468839757915
1.74787431596996,1.22062947415945
1.39545534727772,1.05819930885423
1.52030718846032,1.25674818911896
1.99529204589104,1.47475321415091
1.2842914826495,1.05955802911034
1.77863311686829,1.19964259857628
1.74396642109537,1.07660424420591
1.55748519967335,1.02857701588361
2.18605459403729,1.45972599753768
1.77996060512674,1.29566103490471
1.95501786263891,1.3479700808267
1.89176996279771,1.26391805685191
1.62694317540376,1.11074883402252
1.47470241878987,1.02070064011128
1.75396782000283,1.25855975495693
1.65257157540745,1.1833543560952
1.84730104770673,1.29093919710634
1.7377831906778,1.18138655817498
1.93652994694845,1.31762528176726
1.42797705513418,1.22060831890165
1.84163212902539,1.11516836403813
1.73037646131699,1.39987311068458
1.40176237687389,1.15309995428423
1.65732237131247,1.16886263729866
1.88635763787703,1.27841981383935
1.47890503950886,1.15375638244148
1.58205351069531,1.03647309578476
1.69661727879697,1.22590097983
1.71112885148293,1.12807425423148
1.71774489709576,1.24860368783967
1.99541757791288,1.41153101451114
1.58083641157263,1.29213510407673
1.49682349010324,1.24112784191682
1.42970702355901,1.06693542603222
1.84628141447343,1.26398897588866
1.49913480816402,1.07089074970551
1.57817913636291,1.12452077969376
1.87951888625699,1.4856399771428
1.705363062783,1.45175371639918
1.78442738481879,1.17649326595294
1.7156952204707,1.22558229074001
1.49163101547018,1.19466074503289
1.6415906377297,1.15685458911893
1.61729008493992,1.14887417347651
1.90022675459763,1.32630538021753
1.84101329731594,1.29357290690353
1.66223510378261,1.05441845474721
1.65375351583298,1.187106885027
1.92717719956382,1.28563050814717
1.46468723946859,1.08210075748387
1.92235925478627,1.44626908664483
1.83887644409291,1.24414718914161
1.80060694617204,1.28774072831732
1.75720426895301,1.27514241517358
1.42474935350353,1.18272349577178
1.58474994624108,1.17862856391874
1.81607492985141,1.28669630646156
1.92624591870337,1.27475444234521
1.85146375350288,1.25001695012383
1.7600526025682,1.18801214677919
1.74113901451258,1.22264923058083
1.70248725467977,1.22612930548215
2.00580707585375,1.44498411915148
1.6806878509641,1.2055965105316
1.44405600115932,1.09731870731206
1.76772499407616,1.25708610986958
1.68860783814074,1.22506675186948
1.92703013990769,1.35832736468127
1.92886562853075,1.27780510428324
1.75080832911232,1.27717949294794
1.72006279091379,1.29602997426906
1.64309350330733,1.15544904547402
1.81496815050102,1.33394255902598
1.59112623106824,1.18591431141901
2.10105154685521,1.33502310312789
1.74771190245739,1.18732519711868
1.81392947911021,1.17491017202863
1.66707881282327,1.12268241399712
1.74914372074486,1.17328885087024
1.821893932368,1.18568697084871
1.91689351872144,1.40555032087032
1.92869863279643,1.15136460060769
1.83964931576778,1.32068696948225
1.7087377188184,1.16741146588829
1.86201581987235,1.29868603775914
1.57083415183571,1.18224710972983
1.80573253517306,1.27632394008302
1.84445056166269,1.25021143920969
1.82863430024697,1.47466198684566
1.75083515458997,1.12235919750257
1.73420237103419,1.23191924366367
1.74339093978041,1.07071615491914
1.77834064077079,1.15110053034701
1.91232000693429,1.23471608567247
1.7672093521993,1.21796626474285
1.7853618387743,1.23101939421778
1.71419770800508,1.16726439120475
1.73826989322433,1.23550672677038
1.74185860434909,1.23462848699277
1.58447452858389,1.05371261211778
1.88170035398089,1.33059081945787
1.68807640903542,1.17574421202446
1.76264021511653,1.27567841603268
1.72328951734865,1.20529615832943
1.7140945207472,1.30278810153854
1.7657278301864,1.27471388334142
1.8759396046675,1.46681562002686
1.29597715267031,1.00974649961888
1.86789747820973,1.32731874055066
1.75270636719146,1.14423974405544
1.69049445238921,1.19531963192884
1.63247834912302,1.08886992736414
1.85049918602152,1.19329236419013
1.95025581101806,1.3345649146417
1.9722951997249,1.42549388297418
1.71151141734477,1.16755724017794
1.66400982699815,1.19672631438653
1.74216719952367,1.26559997168448
1.69898358630552,1.20418905970875
1.68400364934775,1.2124682540988
1.69088165980479,1.17573556904807
2.0012412898994,1.51408349184655
1.80829990546686,1.33383760468611
1.98187530163669,1.24050762906491
1.69058496883229,1.2254339494149
1.43091405139404,1.00250691111075
1.84075366197181,1.29100759189631
1.77039782217774,1.21636095454747
1.78860977042239,1.29782623741257
1.84447066118925,1.36841718160136
1.93093176422913,1.34866729975637
1.99957251990036,1.19689698302596
1.5905820965977,1.00274887738637
1.78436275737766,1.29325480391882
1.61992290678379,1.03409234674248
1.76890495063802,1.23252237268649
1.89447571541644,1.15043732000801
1.50974506774963,1.20754767704618
2.08013493411092,1.42293729650348
1.76464036350327,1.22579664438225
1.8507296943515,1.29774588405487
1.71958740562054,1.21355526177014
1.67252233745671,1.21900531175537
1.82321097654055,1.15468917049059
1.79870889379099,1.22306189804029
1.87746504486644,1.27168670901302
1.63920500579782,1.2049509913093
1.82178155646564,1.25927981831895
1.74817032125582,1.24534271824366
1.44779853927202,1.10395083237331
2.10468996141357,1.41064113278432
1.84675441979758,1.23302906422897
1.74847393342751,1.42000186670217
2.04565900818549,1.28026342346751
1.53907626934453,1.14668164298003
1.77288107206208,1.3435696237168
1.71767989734007,1.22578257791357
1.69813769142257,1.19601635692285
1.73307015596199,1.22196211760405
1.65778623481829,1.17385869553078
1.86053491520205,1.22701833805355
1.72523454530197,1.30098603969166
1.73902656791713,1.12952793290585
1.81147029871932,1.27432131417313
1.66737041036216,1.17225566953282
1.56966406674468,1.16281121304271
1.77726668504651,1.15345648003266
2.03280355461228,1.28457752515211
1.88882921002081,1.34226790673553
1.75745003029772,1.16134584804973
1.95148489226723,1.44876702092317
1.88565881646942,1.4970176944279
1.9720561046843,1.21059586239699
1.87213078151308,1.30209128645545
1.8348570530659,1.2692603715556
1.69984978390731,1.10658017215177
1.50908723867938,1.04534114437764
1.74699969701783,1.19008876143964
1.68745858399235,1.15636537567858
1.79007466514012,1.21923973140694
1.67037580030307,1.12586720202027
1.83850308623542,1.32284715189145
1.49847391851912,1.05898605858528
1.59417815380305,1.1406517942274
1.56853764125394,1.29864396612054
1.81822801237997,1.25233345171508
2.12108179568143,1.55491264021181
1.79795179774765,1.20480348396904
1.53680179364877,1.25408599669104
1.8742026241036,1.35332227678732
1.79607332734295,1.19807522995443
1.73196724082066,1.19038900316314
1.85297330590891,1.47224291543176
1.79754428091168,1.24157481178608
1.74550723756794,1.166184751243
1.50957563216587,1.18143034594647
1.62500620563116,1.35884700889688
1.65532668156208,1.20523155495283
1.3500719746317,1.08985386500125
1.90730999172307,1.42468869176875
1.42352522096533,1.18782574533562
1.53420559168251,1.21971060169022
1.8362566018167,1.35232352652659
1.84500716044377,1.17465389578298
1.48756280553031,1.18672816899314
2.00701935582851,1.52032103403405
1.96320868226436,1.3824661656598
1.68514781570613,1.14235661902575
1.96889399293004,1.20911070942978
1.73189534172688,1.25936442494909
1.88575183786446,1.20783923218689
1.62404956360437,1.13540537879681
1.72758124296431,1.21451337493483
1.77953466666455,1.21198848953159
1.9544018326197,1.2428881150923
1.63311097444683,1.06474611000484
2.06619827776278,1.28964373603058
1.71610079399545,1.11510863724444
1.53881800991053,0.95213958412725
1.65750103633148,1.3531354020094
1.88958684770214,1.39022869382283
1.75363776776602,1.18885806351628
1.92670448484748,1.29826514378421
1.71143863350708,1.25099573936253
1.7939510013176,1.20737276889455
1.86698374022577,1.24912080877252
1.73498672901644,1.30884136185215
1.8911277113542,1.28278305140257
1.66686234366053,1.11297801567909
1.56235425370376,1.29286751115439
1.48282800536124,0.973462491132186
1.59750873046364,1.14409168385525
1.99016221832261,1.43014263213314
1.75516769300733,1.20012280947637
1.75725963175572,1.21353832889979
1.60242823373118,1.09909190545242
1.74115040404365,1.26558056511397
1.79711847468018,1.20798894268665
1.64697138588636,1.15994670945414
1.81760871462689,1.26134264271803
1.78841312516193,1.23388851865918
1.54998385434238,1.30919687965498
1.79822243157298,1.2804835936644
1.89429312661626,1.27154325170886
1.75614222312002,1.15176893111019
1.79977964499021,1.29792062363682
1.9051041428454,1.19476786506224
1.87226257556452,1.26122122410795
1.75936437254109,1.43261539943214
1.67230922741504,1.11525328679847
1.95801703001733,1.46927217137138
1.86064168949556,1.56674611494157
1.70472604667425,1.28504575377162
1.65076458082625,1.18250763087788
1.60600117390855,1.15377710457535
2.01133024389874,1.47331849747358
1.74227704274479,1.21503513214961
1.78562767535714,1.30509075616076
1.98286329172992,1.50890801551739
1.4613123544335,1.2022733424735
1.9209549295814,1.29217664931017
1.57396770461288,1.22618622653308
1.82143507925092,1.14376327408062
1.64205380282867,1.30500510536117
1.77762683805314,1.26026242313635
2.06741013195827,1.33522897354808
1.79822040667684,1.24927743614533
1.65682040076714,1.13317239381132
1.87717194248603,1.32851870052766
1.65938662784309,1.17275760468748
1.70694102886113,1.2692578200017
1.83862673214988,1.24166693023712
2.02733012252541,1.44670281874661
1.75935833902617,1.22911630284135
1.97066819215832,1.21962350465425
1.97762446556473,1.30043948569826
1.86231655055349,1.20906182818016
2.00467010586196,1.42815966600365
1.65793569858246,1.19097892710405
1.78913192839321,1.2782186897232
1.50482874952289,1.25762294080632
1.89607984305021,1.41455154181988
1.8024453809405,1.39444341050505
1.43756453393018,1.19279547125455
1.43129021365728,1.12960822105646
1.66688311687956,1.08529780353545
1.59367325816974,1.08468664623339
1.72590853635155,1.22272193304997
1.69017035088502,1.15859943225929
2.07508057700238,1.25920176214838
1.68016427757233,1.19960180069861
1.78862577653357,1.23213587763006
1.50525455531833,1.25624736467534
1.76412684204796,1.28808550339149
1.86063925091422,1.14705293576769
1.81212832145009,1.22831997576553
1.76522291919942,1.15185985766446
1.71000020863264,1.1885647839017
1.60727865296504,1.33212990559507
1.87686967965397,1.29740449147926
1.40105975826299,1.0626047657837
1.88586777546085,1.18751527823073
1.58546185726207,1.08594181371193
1.72148936270334,1.23494954383411
1.75911518597942,1.2119915211433
1.83048291846919,1.1726780717911
1.72037453799706,1.1983755312654
1.92038061529605,1.17039165553801
1.83836021912384,1.32560157475806
