r0,rt
1.61527671028851,1.5678682741256
1.48483147813574,1.44687550804353
1.507898690823,1.4573029586962
1.34455708166065,1.26606429628808
1.38198515321198,1.31408433186301
1.63124801170804,1.59289617675412
1.66162304256894,1.578437427434
1.67267518501319,1.60022081471711
1.51382617303446,1.47018624323703
1.5739542456121,1.51591359236048
1.5527765049578,1.51199751364953
1.728772949941,1.67604114814001
1.48522769869365,1.42520147267827
1.75159117827676,1.69997704311286
1.48806137668069,1.44884195869475
1.77970577907098,1.71621469422921
1.47697059575763,1.43262026873076
1.50090623320631,1.45953411567085
1.23346201253107,1.18532872093976
1.65037881232579,1.59043354677259
1.50352899196336,1.46906407089874
1.37426606589373,1.29368048658979
1.34492848024146,1.31139160559988
1.37381486241049,1.32103052863132
1.56686241676442,1.5228554028542
1.43399249971233,1.38657262280079
1.7280560778608,1.69154170777783
1.57005907507545,1.53839467640082
1.55708367365685,1.50931060131296
1.37830173274256,1.29536783339158
1.52892297781608,1.48367698936401
1.72462265261123,1.69076856706513
1.63339169002191,1.58731558814799
1.55992261365059,1.51366376768197
1.40810964479325,1.35067352197545
1.64201254582058,1.58054155593425
1.69552272814748,1.61829563057749
1.22716395605873,1.18861775979717
1.54933923422102,1.50274657515023
1.62329253081797,1.55904789835885
1.69111541296745,1.63355107771311
1.67416530358447,1.63592734470803
1.51454595441662,1.47222199728938
1.53946994485153,1.49484201459266
1.58472857865321,1.52322348681739
1.68272945550654,1.64621441238747
1.51702875254675,1.46455182650054
1.4922844955055,1.45305708360765
1.60882285610818,1.56284230949316
1.44688067748558,1.407037856159
1.65860108474704,1.60490022691055
1.58376211026371,1.53795707275719
1.71106827518539,1.65349285050572
1.58672694572757,1.53628671678694
1.71118044529971,1.66077048044556
1.44316449819748,1.38909906858019
1.32624715617591,1.25116708697662
1.70919434786928,1.65137223664878
1.35852641692908,1.31870598849767
1.67482615628847,1.61809127757317
1.71674288291897,1.66283625973121
1.58204618979727,1.5424153229215
1.56194063888048,1.5184059073478
1.69315069776826,1.63218424779436
1.44148898332428,1.40266638233111
1.92602315147957,1.86997857908677
1.36900844256153,1.29112634246533
1.57358563503886,1.53202438615079
1.59453163339427,1.54795617856317
1.57933662995525,1.53262531605976
1.61639009444759,1.5606812092459
1.50991012431125,1.47187248031304
1.33264363927358,1.27738771999371
1.32893579389169,1.2686352773434
1.49310317543678,1.45012205461952
1.62916699335861,1.58057590605482
1.68763693734263,1.64833558192792
1.61842559392209,1.56905380376471
1.66299546935505,1.61014447971217
1.61569685092542,1.57504041704547
1.48653677563963,1.43832662417536
1.4898229315797,1.44715204578326
1.49576324760193,1.44780768087241
1.48854443934593,1.43956999053879
1.49997928600211,1.44563913294117
1.56468484604387,1.50525226902115
1.6257502144284,1.58247974721136
1.55959122123833,1.51486195182397
1.61688954400068,1.5575957434658
1.50234740358661,1.4585939277117
1.52819953875121,1.48438313114298
1.4819497575983,1.42016855747911
1.33589486598768,1.30553479121542
1.51339461665059,1.47183135168423
1.66602061368718,1.62521376403321
1.51842129597839,1.47879347298599
1.47990955012083,1.45154442994817
1.66692813331268,1.61612850789483
1.55959933610263,1.50600690112916
1.21641132356,1.15974269964194
1.57518421541194,1.52375854415707
1.75867673828849,1.70415046826732
1.5632762580641,1.49598006858134
1.61396628595811,1.57378916682501
1.5313282825568,1.47519910828695
1.54055429612369,1.48918574755918
1.64184831766602,1.59614114504413
1.61135724567362,1.56271288443089
1.4704178746464,1.4293094334761
1.56049662078998,1.51697562898189
1.36315676011941,1.31196836305311
1.55390398204892,1.51250952418775
1.70462949998805,1.6431764058813
1.50996782301576,1.45725877422758
1.36782046852436,1.31125194439287
1.57971124735338,1.53095298534766
1.55633321706278,1.50365443061029
1.54440226592224,1.50533057974174
1.51104365154334,1.46875301626032
1.45072864967756,1.37998551916232
1.2667696304637,1.22673960673184
1.21736620228043,1.16347942528565
1.58185765736935,1.53885093624463
1.62785014855161,1.57717717929351
1.47467957881769,1.4410830905949
1.56899770225173,1.5296914271065
1.5345190683442,1.49175114110861
1.49552796920832,1.4595402282422
1.45715530611646,1.40775672134565
1.50711696159882,1.45847236798642
1.51828480374169,1.47604053748316
1.82670910379077,1.77874414994975
1.33725883689732,1.27992471613485
1.42655916716521,1.39577116467434
1.60661741164322,1.55518483532289
1.65689792041401,1.60345660089966
1.36430540156282,1.28829234318267
1.59403445892793,1.54783343602469
1.24501983948027,1.17441629327473
1.50893975315627,1.46479559969614
1.52223545486392,1.48127364966562
1.43031470138266,1.37390203059486
1.59475666883412,1.55259917998335
1.62750989258502,1.58609511484391
1.66490300213273,1.62122334359711
1.44777218139383,1.39651746494059
1.64011991103142,1.59672383633796
1.57047249115627,1.52730640520637
1.5482300838285,1.50301408303351
1.56485535018066,1.51500731943606
1.64129255507952,1.59139642697004
1.58255177093746,1.53820692258518
1.54851797784561,1.49185349366397
1.50587001368698,1.46348488276541
1.59124734098638,1.54888780670816
1.44306188093833,1.38037792540358
1.24929943538862,1.1710515824693
1.75765910388671,1.72250975827283
1.65917747213573,1.60684898843698
1.36954894070134,1.28990131847668
1.66574214952695,1.62260968858601
1.63580271649777,1.5852389708378
1.53827833004134,1.49683539092418
1.66037648796318,1.61649783375441
1.47791904297151,1.41892963318768
1.40347600238802,1.36630432748613
1.83678158957524,1.77771137861565
1.69067348926881,1.64723730817541
1.73489582003037,1.66834768930197
1.86638952043014,1.81444458726042
1.57430758316925,1.51250362708115
1.42212438852239,1.37282809203749
1.47487975786976,1.43517939726688
1.37017423597268,1.31252755860732
1.47953868687784,1.42229561445187
1.47464418080672,1.42086476488467
1.57283914271764,1.5225879259773
1.46987752524071,1.42700428345867
1.43867078093208,1.38598438901027
1.34369639435418,1.30430836418639
1.49217867070524,1.4484680999168
1.46407325761893,1.41673684906738
1.19823853368064,1.1350188461371
1.27400864681691,1.22621013249441
1.68477659464054,1.62613083796402
1.66258564430793,1.59031257141124
1.4716114217553,1.41892433367269
1.52247923466888,1.46084237055061
1.5843313885748,1.53680823676838
1.60072196801726,1.55505873988846
1.5128133829103,1.47539616356854
1.76116508894,1.71070682124467
1.520636927051,1.4687449185477
1.65715866650031,1.61181530740675
1.47847584277681,1.42518166777306
1.35042175192008,1.31598775748426
1.7511641115076,1.69872048074518
1.62935471471905,1.56208953795958
1.58289369257135,1.5439748517792
1.32479457720503,1.2670821067042
1.53614443558337,1.49342064956962
1.50430440933441,1.45785061124288
1.68848944235427,1.63821271838736
1.37412271351333,1.30431258096254
1.49002868189212,1.43743024121677
1.46937688489244,1.41142272656429
1.63783075466875,1.59571569968227
1.42983006067913,1.36292392428472
1.34336667484718,1.28341090807374
1.35204187917933,1.31600845581308
1.63341277875866,1.58725876743282
1.47560132862326,1.43482256082993
1.75318132841351,1.69908709394786
1.51954815676056,1.4656761127719
1.54698269287436,1.50183882933942
1.52985356833209,1.48782017083653
1.75422311826856,1.70636003452739
1.55444913854762,1.50507208001043
1.48865802524685,1.44086389274102
1.80066054830047,1.74901070633978
1.71102091756333,1.65796299145257
1.51574113604242,1.46371025497467
1.4075711458153,1.35426580992775
1.728419208762,1.69057325268663
1.74418998038228,1.67560066620222
1.29735867976655,1.24717314917745
1.26845887583642,1.23307422689336
1.80971628422536,1.77192259957306
1.53107600649038,1.48606178854475
1.71153197620129,1.67043357999089
1.55470046376641,1.5128227306672
1.56582978804296,1.51674758323337
1.51289910476731,1.48290581546734
1.34783222322193,1.29864476293711
1.82039843847464,1.77770819823892
1.44538173056713,1.40111981990625
1.63745323080467,1.59364385289891
1.47409461794967,1.42508425470223
1.65894805043036,1.60342868995673
1.63250196687914,1.56556790060433
1.67023661114281,1.60221302819332
1.45278963614463,1.42230847960617
1.48561013206016,1.43965235074971
1.62301283306856,1.58458463415916
1.46759216342411,1.42219386440046
1.39749380383644,1.35735413690251
1.27798222140593,1.2372784404523
1.57731939475751,1.54324460136985
1.67158695268623,1.61700460000993
1.59342194448516,1.54985002426919
1.45743677399218,1.42629982553028
1.58519096828742,1.55078920684734
1.53362023086082,1.50024222484674
1.84367646581833,1.80373811637267
1.52787572429876,1.48362413754409
1.66889884584587,1.60978416832255
1.5615125841359,1.52062286346207
1.60213182078491,1.55506906225857
1.61831691463738,1.56541723739028
1.5494464279094,1.51157968423303
1.76143856860129,1.71708345614761
1.75127400707592,1.7045164758758
1.35296044152341,1.28832272372698
1.50631611844646,1.46355687948337
1.41207688013234,1.37427570140262
1.59991975993229,1.54649414552399
1.56188726579935,1.52456586492311
1.71129372885737,1.64766251308891
1.59437227867494,1.54555188075599
1.57848614282044,1.5107398450378
1.56458866365877,1.51893212662866
1.45612972354326,1.39402828826745
1.36695131325481,1.33121944652016
1.45941144976535,1.41991279160055
1.60217083261597,1.55562091817833
1.28263663451756,1.24704589182952
1.57337289224647,1.48939009120842
1.57235572834922,1.52208490131073
1.58595403561017,1.54013131055985
1.51715933822474,1.46790788629006
1.52468773676699,1.45393405187681
1.30079441786398,1.25489141786452
1.51016526509427,1.47209985810675
1.73384587735249,1.67716576667768
1.57645739494632,1.53844203068901
1.59507367871181,1.53843518116938
1.59656522230772,1.54923344011753
1.40785064791589,1.36687983364846
1.43974702476294,1.40186889612563
1.68188579794846,1.62797627407532
1.71060318054913,1.67368386680835
1.54577205967886,1.51279364307544
1.37720815770229,1.32268186055798
1.4143408634944,1.37387686378777
1.49114065325203,1.44515139988004
1.33763044877606,1.282925567796
1.39452015402631,1.36487315676274
1.63348381506142,1.56827187480311
1.60324198012455,1.54450218636971
1.79729055952155,1.75246006525446
1.47368605277758,1.4177574096327
1.67918597174981,1.63855320877672
1.64192197594427,1.59154230927568
1.59178627783681,1.54840649686688
1.460922048356,1.41337528248196
1.61488115168494,1.5659198509922
1.67521384355141,1.61742496544936
1.67263661834654,1.63226623472736
1.68140843468624,1.63459233934448
1.39163051937581,1.3287172278368
1.37473094989231,1.32544900572603
1.32464981108222,1.28696075277485
1.58132596524485,1.52933726813893
1.74345524416573,1.69445517836874
1.64716858072406,1.57913093950243
1.48727504074221,1.4378518938317
1.69624288225233,1.63823628698297
1.24341568477468,1.16862839198899
1.59076053149711,1.54360787186743
1.64904011155307,1.60869106418041
1.617359548029,1.54479969966153
1.71239022112429,1.65554365899602
1.65815048542571,1.61313228502704
1.64797360908544,1.58287442983007
1.56500088223847,1.51638603125076
1.53441723201221,1.46752587747739
1.58212411309985,1.53660558119927
1.46314636317733,1.42387532978719
1.22580417184125,1.19447271543438
1.88792509123509,1.83143485933707
1.40054047970742,1.3723986994951
1.55369363196657,1.50814301689826
1.26692946911829,1.19741171314884
1.64078557418703,1.60393999791157
1.7063436340632,1.64238780195736
1.60633261742412,1.55366211304407
1.65117947151585,1.59639893358232
1.35400675487173,1.29779055154287
1.32147884502566,1.24846077494527
1.46662873844666,1.41791595876701
1.57616677539647,1.52606137721026
1.6374512564217,1.59443812823745
1.64564918617909,1.60467593624877
1.20716822547639,1.14194729163162
1.51860148786869,1.47402708259405
1.73568837628637,1.68382923455296
1.33691655513155,1.27623772701059
1.60592644824824,1.56256378135634
1.70035668148189,1.64944939735023
1.72339623784974,1.683927670688
1.29613113389437,1.24657548828004
1.61706196087976,1.57150180480971
1.57505703956512,1.52924337943414
1.60365337974636,1.55043328065932
1.66251346651865,1.59978097191341
1.53881323626795,1.511653407302
1.49690303261505,1.45706552331289
1.53329082763394,1.49464969739663
1.60155407850139,1.55243246164141
1.55031082468584,1.51112600303855
1.32577132207292,1.29554685998985
1.60712760833961,1.56279012000365
1.81026765701956,1.76089295571946
1.71698455479928,1.67079990954025
1.71208077527278,1.68041403205088
1.74315875381381,1.66588913119988
1.14167052720885,1.09419268331078
1.55987043752041,1.5230310466577
1.26028565391761,1.19527777419446
1.3765527154018,1.30541958949786
1.42149088113121,1.34806147619521
1.51650560554952,1.47752211111135
1.45711927248738,1.42327894021861
1.67736999112904,1.63957691234092
1.49972454080764,1.46192601980556
1.59232277997126,1.52369343506281
1.41939158725014,1.38327274891243
1.57778006977747,1.52744772533372
1.47983634219826,1.44585403420397
1.48729124615908,1.45707682019846
1.57550506964863,1.52705505505922
1.31595229787069,1.25363043422018
1.65514387184959,1.61100831865742
1.65587266744441,1.60161526336762
1.52154829142051,1.46843733742938
1.59052793206469,1.54643041334307
1.4385505451472,1.41415728742207
1.56310077618994,1.52018341462441
1.25702102515058,1.1908858028727
1.44479176877342,1.37619539290523
1.64784538898437,1.59257226990686
1.36173551579131,1.32716646553727
1.672120464699,1.63558817523307
1.50044049823034,1.44004681332419
1.40790502220672,1.36096902326056
1.51517124511031,1.45882964588774
1.62765598265958,1.58325194165396
1.58054763797294,1.54351491658368
1.56622395267972,1.51745795138454
1.52143720461305,1.48915234099504
1.39088820374835,1.31882376601906
1.53884156312819,1.49703269374269
1.3462883026964,1.30369040387435
1.50131235502258,1.45416967037779
1.97065652935191,1.92400272327441
1.50912339302773,1.47419230741473
1.72501628443446,1.67345529131821
1.29242902586559,1.26704200647207
1.45808183923185,1.41199674406319
1.74914000229433,1.69132738632386
1.32056792946919,1.26783730598038
1.59731413406365,1.55193686149921
1.27638872015997,1.20924836834317
1.6653917377089,1.59595948310068
1.60860659471568,1.55590251533386
1.66698409137522,1.61737915670735
1.61138964991775,1.55366349278955
1.71919084680175,1.67692411354712
1.57159231636788,1.52737895205355
1.66202079345855,1.616567206612
1.5316363783907,1.48852835036658
1.19062056289607,1.1436262922555
1.64303679353119,1.58432891069024
1.62360317210729,1.57821304512865
1.51125498066222,1.47051190516743
1.18830919170593,1.16438516155015
1.60727404156142,1.55490404236891
1.61475838690432,1.5716122519511
1.44111481229667,1.39979556968447
1.7439693968848,1.68813669517792
1.55280627052906,1.48518557016756
1.71304286338331,1.64539632903163
1.55613913489455,1.50438821952909
1.84210589764201,1.7813982741676
1.34817083287182,1.28319519765734
1.78345064156175,1.72948881128388
1.5388775977505,1.49367649886528
1.60110811997358,1.54604944290142
1.80511124661847,1.76767739498034
1.40475891152257,1.35869237106312
1.30692860683199,1.27519202993772
1.70974352478803,1.65233229327801
1.35377575175579,1.30083645400511
1.64600226374498,1.59352512576296
1.59334791038129,1.54826810805312
1.49443769951266,1.44913587433726
1.73026856379407,1.6746958902378
1.49869734049411,1.44086161321328
1.47188174454469,1.43053733718772
1.36755229371852,1.32270906420899
1.59550050626351,1.55086963197696
1.52342066049343,1.47738955580011
1.63104217159742,1.57747986844586
1.50778391358962,1.45037624574942
1.54883767490766,1.503950352438
1.67721590493259,1.64860934099154
1.44856632754403,1.40182505651992
1.3208574637234,1.27114205203391
1.35411726860811,1.29733635287351
1.26922579056577,1.23445517950811
1.8746784317157,1.8216386704559
1.78374236297084,1.72851972843785
1.77248359047029,1.73146920895581
1.61029834203944,1.56441782490153
1.52165478616346,1.47176785344103
1.62563343182804,1.59163819845877
1.55678017371647,1.51056379968805
1.60852873402407,1.56241946419
1.53590107060203,1.48713942454482
1.31506582937202,1.2673810247466
1.72433344665265,1.66461133291039
1.60833389880021,1.56237840554366
1.57971322247564,1.52828940190509
1.4812473791626,1.43582211813767
1.41256051779951,1.35428978189532
1.51111792027696,1.468800137513
1.8946694024272,1.84106633423434
1.58140654925477,1.53173310455704
1.3440379976298,1.31779679131505
1.48686199159904,1.44062166983684
1.46332371376166,1.43144734161325
1.54244886372391,1.50092549035652
1.30836269997474,1.24297457245202
1.76347445105448,1.71497103114941
1.60312014510835,1.5545857309508
1.59801697268109,1.55183666166638
1.68225234827143,1.63629429945132
1.46469658833635,1.41343695839629
1.32334262922128,1.25029407538772
1.66630405287907,1.60203558008588
1.36752237769795,1.33531736941061
1.69269577101984,1.65521450069443
1.58867747458756,1.5459943411218
1.87374936526581,1.82727974423143
1.76205258266704,1.72417160937553
1.92016556500474,1.86814903931402
1.55929111398381,1.51078743716198
1.49596357720925,1.45934010822674
1.70086587252146,1.66602711759162
1.61526802925795,1.56093880446891
1.55768204043665,1.51630340793874
1.57093634186411,1.52435087435228
1.57989778675087,1.54194787301831
1.54227579422734,1.50333332400187
1.52219996996519,1.47849833146619
1.31223218864336,1.27523183563573
1.69954084325192,1.63520867543122
1.4438597381258,1.37738064171418
1.74354760106706,1.69899445403868
1.43214709924393,1.38375875209647
1.57048825293345,1.51696991666762
1.49011527350386,1.44132517385095
1.50926789761002,1.46339307520675
1.65249356513081,1.61484825593701
1.58502537431859,1.53514406264398
1.49515164601879,1.45024261500383
1.40458284379525,1.36447871503463
1.46156222675814,1.41920436484851
1.28761404156852,1.2254550315834
1.53975203461435,1.49831102473567
1.62589993362153,1.57401016271624
1.47051687039778,1.4316098329948
1.58443658250385,1.50659991496387
1.53492947242432,1.48404206115192
1.49404787769008,1.44463635329322
1.6747047764518,1.62704128237434
1.30315537454441,1.26686904899422
1.57685768018663,1.50157090900307
1.59255048293933,1.53917054212049
1.48240952397915,1.45126964742576
1.63646371107492,1.59921551139698
1.6709453037316,1.61579306583921
1.51089203390337,1.47259224479735
1.46332605485025,1.41636972418377
1.42841651843442,1.38563072181914
1.41342374225366,1.36798829608036
1.54698565122473,1.49906867501267
1.18538094733826,1.14834641610202
1.79095372098911,1.7383720023019
1.30202782946783,1.24072793329389
1.60996672275971,1.53793817011403
1.44027727556882,1.40259609734928
1.37284822087194,1.33673481771735
1.54467124733934,1.50950246578238
1.61897887437618,1.57499093723417
1.26320367709726,1.19559513884102
1.58706096434509,1.54336407357473
1.41658280781422,1.36092021339142
1.27568934926181,1.22203353646503
1.60134056019402,1.55276674122255
1.53679355703085,1.48708114504625
1.56583078878281,1.53779308166879
1.52230182046772,1.46608001968136
1.60080309709954,1.55125557096599
1.47310238842187,1.40337625728758
1.65742143729107,1.58969792813605
1.64021410394752,1.58767698198501
1.55181992817305,1.51151850545352
1.50543835360649,1.44333243748323
1.23915898015023,1.21874274353312
1.5131763170921,1.46919764211445
1.45827066358862,1.4047823590496
1.45688965415735,1.40874133208971
1.44865486774654,1.40623010104811
1.60132467193997,1.55815374249207
1.47298461993365,1.42791686586477
1.74081042963942,1.70348805683934
1.33925615006215,1.31105214853814
1.66829149207516,1.63436951891367
1.34335456868887,1.30324037597251
1.7783905943522,1.71643894326585
1.50353015380587,1.45386392777162
1.57826364337891,1.54100840072002
1.45723632777626,1.41147909658322
1.48646815111459,1.43405762151423
1.31740513023404,1.27866045021507
1.30753315469327,1.28367989328223
1.22405653956824,1.18560435967857
1.6428546247544,1.57415366773444
1.5140051804974,1.46930939331111
1.79063117123764,1.73016914213327
1.4852335416219,1.44595286335373
1.53805546191833,1.48426270030215
1.60978815704778,1.55445214684752
1.57049980407886,1.54275802943758
1.59180517840433,1.54387854718788
1.55477159409431,1.50074059903046
1.44917319323875,1.41139376401597
1.6297066383389,1.57944489733108
1.57870296233713,1.53699430239322
1.51552104594357,1.47096243313916
1.4218725207283,1.37343477948051
1.26703708002971,1.22632995201605
1.38669877545097,1.36430196521682
1.4562842429888,1.40976806180988
1.61733809078701,1.5621963286508
1.46518595802981,1.42836279702385
1.4028871634368,1.36548061901279
1.48035315056911,1.43251298613881
1.64976913864505,1.6175720487307
1.56528805110076,1.52105676041493
1.60107202890699,1.5471616734252
1.81633203516397,1.75887840594358
1.72209301690895,1.66439393764721
1.53553405099023,1.50053333308985
1.61875292301551,1.55995119222203
1.71759728228309,1.65438973127131
1.54729920067714,1.49136369285509
1.44168548281876,1.39236452586031
1.49328565470993,1.4357873485148
1.64865281015942,1.57273288995495
1.56264307587846,1.5160367787873
1.53612500559544,1.50925951477188
1.55831489068979,1.51229422630876
1.56263375979244,1.51899164717548
1.40810872643586,1.36121946611607
1.49929063119776,1.45317187546357
1.48916805975327,1.44987129304144
1.48941154571843,1.45366640181082
1.59399370162951,1.54888175427999
1.41531884102928,1.37300073129441
1.67768956019755,1.63944425251074
1.69077613833769,1.66212821941923
1.49705495588158,1.44595916703347
1.60217770261202,1.54346431388611
1.81505964511373,1.76546778524847
1.58534028562014,1.55232520882223
1.44811559304757,1.38637116789775
1.64571587300049,1.59901938166912
1.60298283105245,1.561270708012
1.77232444732398,1.73068777547973
1.4829999280696,1.43923687599763
1.43700797469222,1.3990892492499
1.28404598738602,1.21845828568758
1.51677282158323,1.47131264974147
1.2615097575656,1.22257060740362
1.69444172991255,1.63988020578912
1.27399164870664,1.22458380045877
1.60070332847036,1.55703791494852
1.53407104390896,1.49520308422472
1.47189209136479,1.42873195351294
1.53578894308025,1.49097900500322
1.61229628350403,1.56555020305515
1.42523448273429,1.38087419399655
1.66922315927288,1.62532559525984
1.5879157029559,1.52284734815742
1.5497528781888,1.50140538764072
1.48652468088761,1.44090591884832
1.54893053103989,1.51215351449249
1.16007753109473,1.11634242384779
1.4832475365717,1.44892218061599
1.41085701794755,1.38060460272755
1.39964598594129,1.35913452883735
1.41162024403543,1.37220437192342
1.49832872630195,1.45870288489926
1.54223233785244,1.50223784758433
1.44096171049867,1.39587797950438
1.26691323892816,1.20814272079223
1.55395813168592,1.51120328897419
1.64553794292758,1.5962100316148
1.14344758430766,1.0847408600767
1.69352424145039,1.64189000713947
1.54372453542465,1.4552264670719
1.75649995264227,1.72014608304492
1.78973268997471,1.74650452671145
1.56808209562376,1.51639391018346
1.31951885168788,1.26967536761292
1.55833044817598,1.50730396953564
1.53747352578056,1.47911624299974
1.6729804043198,1.62420878525908
1.66846111928707,1.61432218284077
1.58388132061234,1.51966946113918
1.43907728135268,1.40455374893402
1.55294513979782,1.50658058262356
1.56290460347417,1.51129412486177
1.49444475855795,1.45209531543051
1.56848027652832,1.50346406405059
1.47485442678715,1.42497664902525
1.37767175281357,1.33958953154025
1.58780682127762,1.53984304671538
1.71005117883736,1.65513680298174
1.59970966893371,1.55112922203612
1.59928646685943,1.55306501042232
1.54295639053385,1.49784508737011
1.54580841171774,1.48461234155227
1.528400959207,1.47733352648618
1.46599214645158,1.42287384881926
1.64217909629979,1.59327372104339
1.59384903161457,1.54913687715652
1.36983294580011,1.33856772832199
1.57209379907481,1.53333229361978
1.72975432528797,1.68025229608875
1.45289830258074,1.39209771181609
1.55737965596623,1.50666892033195
1.63906390093861,1.59811090301826
1.66536171668482,1.60064215204383
1.68245487390575,1.64257431645883
1.56824525367239,1.52184797091789
1.55801793538031,1.50434790947022
1.54520851550741,1.48621906109699
1.52396755960921,1.45408216842898
1.78825818431232,1.73553709745501
1.30961126454321,1.24954816924273
1.49546367726705,1.45308585431576
1.63375932333064,1.58688095126077
1.61453644015119,1.56131527044577
1.57812202149935,1.53659790966078
1.26108246360903,1.21806707796584
1.47377426205102,1.45036245046591
1.2844698637435,1.23128491930687
1.48262784427063,1.4383643537432
1.49284220252018,1.43374310256376
1.57871270029498,1.5334821993042
1.51590587137594,1.46784021797715
1.52007277000461,1.4733468232417
1.56264961937455,1.5171587516655
1.70672091621596,1.63141488760741
1.55748696163326,1.50865191812187
1.51318239699438,1.46599074531668
1.38399428534689,1.32543010171147
1.49417155675209,1.45300766744595
1.44049018714743,1.3996347080904
1.38178975100173,1.34462211553223
1.61220301373102,1.56419198046168
1.5675090474516,1.52644391249201
1.57656900553334,1.5257180655045
1.49327618621972,1.45344485110748
1.55397946325716,1.5079564132001
1.4450861822331,1.40757794994098
1.56580092790515,1.51723151270885
1.39986169990637,1.35754778571287
1.54593936679897,1.48484724338586
1.53115377258996,1.4979182697037
1.66167814955315,1.59942495926173
1.56640580837094,1.5283863853056
1.75900260421759,1.71759653291311
1.34851403591089,1.29593390962939
1.58724114275335,1.53164864676328
1.58892879591885,1.55088066863747
1.51003589067687,1.45899993507975
1.49605162853946,1.46578866672038
1.58171766037891,1.52757281135839
1.72349755437557,1.67665465313483
1.32526350096731,1.27401493875653
1.4793925322607,1.44832123385862
1.59819735629187,1.56784047740485
1.32881525675531,1.25207213111935
1.76813826829781,1.72054935743598
1.30053574076882,1.23197466637178
1.45517392946362,1.40776620486474
1.45304135769782,1.42253727188116
1.27296635331217,1.21045053927685
1.41450845791765,1.37289853283934
1.52575759770073,1.48858568619848
1.75692107434919,1.69544117168018
1.51360731989884,1.46028998655568
1.49686873047074,1.44219112641906
1.27795564814059,1.20435453044007
1.40042611665589,1.34532703219918
1.68136865355176,1.6504378044984
1.24961408037225,1.18542727060771
1.49087987527042,1.42826325195449
1.57773904985001,1.52722060020894
1.23182307878693,1.16165568332506
1.58727621876615,1.53728871118071
1.4528116014341,1.4180521450837
1.49768922092372,1.45697289999853
1.39797407738312,1.34532783250415
1.4721761473365,1.42775119809461
1.32762349543939,1.28347157429347
1.71126034854094,1.65320329681116
1.38399620034212,1.32505342386852
1.68800265737119,1.6178357094654
1.45701217236809,1.42182773743513
1.22531973916427,1.1889168006272
1.6116120663039,1.56918686070805
1.48095193980219,1.42798561360946
1.54873308768168,1.49760626630447
1.34250949880001,1.26981129583411
1.55860435111807,1.51209962112096
1.47597540348447,1.43274672265111
1.74706366581325,1.70726363297263
1.73965617582126,1.68935212133726
1.6728841429321,1.63378673720783
1.30882057270967,1.24993339228216
1.82229982867853,1.77774323131827
1.5169742245635,1.47201121326551
1.4784359992949,1.45015402979839
1.51959749350855,1.48110054523468
1.58805433986195,1.53545931297014
1.53653555681441,1.49382266598222
1.51199790642852,1.47271774567371
1.66563880438903,1.61723145530182
1.59591029274977,1.54821071277187
1.60335248882514,1.54435909642566
1.73795067694077,1.68945638731854
1.64173868745584,1.58482580826713
1.60689966865022,1.55032683851635
1.16011854530342,1.11615268843857
1.35937997182119,1.32270921054517
1.28522368689942,1.23887874051582
1.74439950683887,1.67809742841519
1.64449051786429,1.59572667387127
1.50203230902901,1.45266763762911
1.81095730810157,1.7747269361173
1.53421796450079,1.5079244981957
1.38939322549212,1.36093356909304
1.80620928294355,1.76226623342903
1.71420332222687,1.64682316593083
1.36999230828795,1.29062424129468
1.67676981139961,1.61143886478888
1.51955464771024,1.46690940109737
1.41783415433562,1.39145544839078
1.70842716316038,1.65199569651858
1.49828601234894,1.45214426840943
1.66997747570857,1.59287205108962
1.73217291860018,1.68330612871834
1.53284063558554,1.4998214719017
1.58210582737312,1.54397918738695
1.46524870163699,1.41955844856073
1.67582357770767,1.63428462987676
1.24146589220946,1.19507946112223
1.7128129444028,1.67299848434012
1.76970763307852,1.73213776921336
1.46012442233526,1.42774383347062
1.6796920630604,1.631114769433
1.04379872564247,0.999364103557678
1.65905065024951,1.62404676848572
1.63345178661901,1.57697963007277
1.62546551301966,1.55999088668009
1.26397154951387,1.20006267312019
1.52350569708446,1.46834027725991
1.47261684279277,1.42595616784069
1.31894741486325,1.25354147561652
2.04130134693463,1.98331833828652
1.5554158592231,1.51678377538768
1.39260540155603,1.35421174738423
1.66723641814217,1.62524441342505
1.55688138894406,1.50982533988163
1.61680400217071,1.56660478643155
1.58302882844827,1.52710823057505
1.55170736406562,1.5145500466738
1.76954928510353,1.71820036433186
1.6105338998794,1.55502807992014
1.50434963464917,1.45950327456403
1.68275007272991,1.63387361137129
1.60820465299475,1.55464372458192
1.63530043383001,1.58288192830155
1.67590066768394,1.64181749411277
1.48338028747491,1.44930868106489
1.32270968326824,1.27301251004571
1.70013059364751,1.63352096805329
1.5110936814252,1.4482157675687
1.59241337640596,1.55484541105536
1.3015472297169,1.25399079979953
1.64305940665288,1.59409200689622
1.62385906557443,1.5565777706851
1.49658174051084,1.46032532158985
1.73038852341131,1.67921419089835
1.64022628127008,1.58684440320797
1.67881528513617,1.64039589757484
1.60246194872496,1.55476589479776
1.66000647393477,1.61341648122388
1.47897175606899,1.4314627882184
1.64973027686971,1.60784544876223
1.4844605385594,1.44407379166795
1.73361328567619,1.66372146893028
1.50864653253631,1.45099764019586
1.65589922927441,1.60916698636877
1.85248710691384,1.79853738268535
1.60285201257436,1.55933591413905
1.56596224714928,1.51566758738552
1.41950296133416,1.37775043471084
1.50762937872638,1.46393909334164
1.57923476192325,1.53536738530591
1.53294509251638,1.48813329091596
1.49569127974354,1.45117907022236
1.68600696521772,1.63682739649827
1.64035278014288,1.59033884771458
1.62673444183503,1.57117504247908
1.29628830897207,1.22508935887065
1.55083144999811,1.50553196634897
1.47214056299651,1.41781065008137
1.40494015031315,1.37653414473373
1.42387049969826,1.38306781784749
1.50523726386087,1.46262480996223
1.54146821361064,1.49119228697686
1.28376415513925,1.21877473552645
1.68885240066787,1.63675184716999
1.55444243226643,1.50767942926031
1.48216045249112,1.44155640987883
1.64590590601036,1.57624598068163
1.32699291741999,1.28427197852183
1.49804823451006,1.45212963823035
1.26801611922779,1.21689276799436
1.47517045198753,1.44388435551258
1.68404906353269,1.61547909134082
1.57783003630126,1.5298101247548
1.72775132241965,1.66816219374885
1.4748642225955,1.42610924276515
1.45537396086885,1.41166451841622
1.73317386660035,1.68803949045173
1.67201931368293,1.63422280446004
1.74251765799361,1.69328900720519
1.52339663891114,1.47228064002937
1.44949140717496,1.41715292568173
1.66970913346039,1.6241791916437
1.5989694463398,1.54832415478236
1.46673766760571,1.42004844080012
1.6080718699739,1.55377900659839
1.51981407270456,1.47530750586008
1.57400346452565,1.50470007422293
1.58588150081687,1.53977811877349
1.25221981522465,1.18749142295903
1.71297069452276,1.65329392842898
1.47202298944799,1.4230325426068
1.63323505934909,1.59342684976158
1.61836729508222,1.56400938399049
1.66217265066823,1.60996607119364
1.64541558052325,1.58311507245085
1.52699506230859,1.47868703443418
1.55609220786092,1.488248540489
1.56898002381537,1.53408173415214
1.64846613923,1.6047723178647
1.62323104743181,1.56445526738593
1.54179001769024,1.4775409796083
1.49710904533678,1.45405247154126
1.68612076917013,1.63238221617895
1.62501763407957,1.58275192384089
1.73779147422038,1.69188449553061
1.32604058767653,1.27447757824399
1.54099337626137,1.49235440547117
1.74053134965022,1.69820319200236
1.21787349567655,1.17267158767232
1.62725300965159,1.57370005129448
1.47408627501628,1.4166729592935
1.29020426536662,1.22217421049429
1.48912933240948,1.44248003446129
1.72675645614247,1.69621742457018
1.62339805860959,1.56300387638011
1.54435302482306,1.50251108682736
1.48649275401736,1.44362752990643
1.47237034948317,1.41879463546523
1.55203125862892,1.49546086107613
1.47141732090269,1.43501807446789
1.56573237273868,1.5154595822808
1.63515220863512,1.58411013431791
1.54085088005387,1.49658506852868
1.54043557814684,1.50156826028127
1.540300511,1.49090868852954
1.45938884093765,1.42634026218045
1.63171688789086,1.58239073991202
1.40273103233187,1.35468924661699
1.28899649517656,1.22309213536195
1.58988302032577,1.53262094244151
1.6026786689414,1.54667410131953
1.57524152407158,1.52543379331694
1.48453572369021,1.42295985200511
1.75657968491984,1.71766453753899
1.49713489791448,1.44570222955279
1.57847733204563,1.54229105701997
1.25270062144971,1.19817110774527
1.41029031991803,1.34687919211628
1.51672576569108,1.48235157050542
1.78818723051169,1.73354742692139
1.59485599523792,1.5410540948848
1.67039044727542,1.61878429496251
1.62802121702321,1.555240552189
1.534746052434,1.48732351688908
1.70302891244846,1.64767967682536
1.51118482005191,1.45658021444591
1.45232267242631,1.40057587386635
1.42273137027446,1.3621461354687
1.41085618366704,1.35653734356506
1.64412931614205,1.59494313416624
1.61225736314518,1.56778952896027
1.44291836144879,1.41254484571794
1.60416077068541,1.56411366500307
1.60837851144053,1.56706362007743
1.84394078492454,1.79169683182975
1.36846526047624,1.32859015230651
1.29771089399077,1.2505724204689
1.64743240643967,1.6045149353885
1.67652734016674,1.62329802653138
1.46107518246512,1.4237018534368
1.58370904318767,1.53487549839226
1.29735041773551,1.25317876218596
1.57969204540442,1.53886036111628
1.27057312059172,1.23017455192438
1.339335780617,1.28182109353025
1.73607838148063,1.69148085277829
1.63419445233966,1.58523522773037
1.42261647916893,1.35720435482309
1.57313851426596,1.50806263136074
1.59170815810047,1.54670270134455
1.59394333228464,1.55662527225285
1.49610937466807,1.44102599746386
1.74312019421063,1.67808588547607
1.35529600257737,1.31312744110176
1.65150250865441,1.60729221603098
1.76941811430398,1.70199611743702
1.43894056842894,1.39971981067243
1.50459113918499,1.46663581984226
1.64559377971276,1.59577615602162
1.67392170298436,1.60231412093957
1.46840747368358,1.43201654925999
1.4857181362278,1.4516175059963
1.38444170154389,1.32769259618315
1.44288306049113,1.40794613738253
1.53924526387045,1.50330217895735
1.65118780672186,1.59238574306047
1.33711691955668,1.29021543362918
1.48869666355781,1.44399264821946
1.56766875889642,1.5256756487569
1.49459167612945,1.44497130399797
1.57342110128434,1.52590125601116
1.38394059807214,1.35312671100399
1.62779414274147,1.57245365094411
1.54238073883103,1.49991518356517
1.44673833639753,1.40859732086781
1.34303506021656,1.30325200287095
1.57863718574654,1.53697782226164
1.6614857711578,1.60804496529904
1.46365743216965,1.41922908965283
1.76120256027398,1.72838960843222
1.78793650442763,1.74462294969773
1.39743577272308,1.3442637741842
1.58948117223617,1.54774744102336
1.71917451847621,1.66813975499423
0.939154779032952,0.866640271291264
1.60778530393873,1.5661565652819
1.56049672807893,1.50554902403844
1.10763633060391,1.04583110260669
1.19862132998395,1.14321892907711
1.48740990426486,1.44529702134081
1.67154248973093,1.59742482147034
1.51740891474647,1.4834555364342
1.33868407983329,1.28149012575698
1.7008528655558,1.63699631151697
1.5000017874798,1.43326706930267
1.67337006491911,1.60348474107613
1.37985432851925,1.33630340194346
1.60125988715417,1.53407074292019
1.20964652366319,1.15668032182442
1.53201979098768,1.4982914140944
1.46718062565061,1.42846996608443
1.6318757614488,1.58717514762074
1.31302287739148,1.25968495460379
1.5343604973578,1.49354346650564
1.39621807613582,1.31680250540637
1.44927507315095,1.4082625028586
1.5745846729617,1.53510180560188
1.13024403697063,1.0924121087293
1.40746501625145,1.36891771968932
1.65641065267008,1.61794870002757
1.65849864772522,1.61037136103323
1.59287330965351,1.53492417777818
1.56938165221005,1.51916685548212
1.35886565097497,1.30358684925652
1.43050339726031,1.3655560015925
1.55903532608367,1.51358585779735
1.57346172468465,1.5259443305345
1.45854264034505,1.41926260310561
1.76563491494748,1.72845783331321
1.81025651163507,1.75103239256159
1.68241629279964,1.64685815731329
1.39280545815955,1.35054241195761
1.57603306161226,1.52314022119366
1.33368607860986,1.30099915623305
1.62510701904215,1.58674545161306
1.29937287517634,1.24098398777808
1.53630297803303,1.48484188538237
1.60953465836694,1.56783777955194
1.33406848762239,1.31288173117384
1.71622211681215,1.6595208799777
1.57043256003556,1.51855754524623
1.54713341156742,1.49089289022905
1.47967535462701,1.4218598926551
1.81659891206384,1.75721989797077
1.67273838540299,1.62030089710167
1.43096686803428,1.38093554171289
1.46576829211274,1.43070297806905
1.21034028590911,1.14928510207574
1.56190142560679,1.52219778377247
1.37519586007831,1.3186666460702
1.50486560035944,1.44853267503538
1.7661034344201,1.70733259122803
1.10206140683432,1.06404334481257
1.57535831596242,1.53064043178755
1.07380431858736,1.02393886353892
1.34208670256261,1.25658416272403
1.27007381904095,1.20518646984102
1.6938073589823,1.64317013614404
1.59999620139972,1.54263504902511
1.61854289294076,1.58095248690733
1.64262429227558,1.59393538771419
1.64787700609772,1.59995194562241
1.76252809995165,1.710529552951
1.58039659932152,1.53680014333035
1.5035322814698,1.46567841218676
1.32715458921839,1.27878512480715
1.55097634926373,1.50771023842224
1.70730641008999,1.66204111676888
1.43142257939416,1.37552414481439
1.54460445625509,1.50553020360069
1.61973453198628,1.55542103757311
1.48069658302733,1.44064644190322
1.7149760857728,1.66265044767471
1.4497955197533,1.38471484963673
1.48362828089363,1.42003311576699
1.44551971611357,1.37434130367234
1.53955453542143,1.49773652645674
1.53742283245606,1.51356581095484
1.40243110021099,1.36231502985671
1.32323465028797,1.24903079898258
1.6068548375712,1.55809741349717
1.41966904486993,1.36827939406905
1.44630784193792,1.37340175204933
1.64815431470873,1.5952399738562
1.54992687706264,1.5092458018108
1.54612562608791,1.50221336667655
1.47656746567874,1.43258605427936
1.61442024739072,1.57527534904554
1.71877530335639,1.66157224568061
1.60405679727743,1.55734322314215
1.57105495792594,1.53375413457286
1.69840354859457,1.62014238035172
1.73993364699567,1.67682268426051
1.41495414864167,1.36715558683704
1.45715498277221,1.4078252594164
1.20058057221644,1.1587665665576
1.65277406092313,1.60470471157383
1.60677193881705,1.54461394644689
1.75280505693677,1.70673749645419
1.61430139550617,1.56606193771929
1.79704661966111,1.75234457602437
1.41888842597035,1.37633844302845
1.29042216773069,1.25650331408071
1.46612972434591,1.41963419447232
1.64582669233458,1.55842017149332
1.34635818298283,1.29659243647073
1.54625896091369,1.48830568208156
1.55808424526929,1.51529967348918
1.37579485342232,1.34552628031718
1.49879076929997,1.4479715924903
1.52523535323114,1.48535103350938
1.57838593040871,1.53107421550548
1.59780546625391,1.55624694276512
1.45823679172463,1.39934183964716
1.27242650069992,1.22540985149086
1.57157187108646,1.5062784439812
1.13638256951436,1.10897872801988
1.12625359510989,1.09772543407599
1.40125444966597,1.34323822146071
1.71559407358183,1.6452722162503
1.72695794134772,1.68758813221731
1.57539592280268,1.53163258340655
1.54297541073758,1.49624501204974
1.49700997181974,1.4584722329502
1.44038250835954,1.40051772828748
1.68756478490004,1.6465110129165
1.4808158387206,1.43521291297467
1.45281627346539,1.40965685417548
1.49240290419245,1.43015863127208
1.62802080255715,1.57467000690202
1.60425992206323,1.54911398378951
1.21874312888992,1.17742683652788
1.44240294868344,1.40502050350876
1.5827138594927,1.5430575279074
1.15083775990607,1.1007643259531
1.61911649085964,1.58287644296624
1.56552570791327,1.52009040871925
1.44189645553311,1.38061851182698
1.56555555194945,1.51636259503517
1.20414923542225,1.15913257715045
1.53718786082016,1.49119250567674
1.56312239428324,1.51157820421309
1.58395809411057,1.544900660629
1.62547035133091,1.57796449629129
1.52974802720083,1.47802939348697
1.49826173166214,1.44879636899437
1.51784689175743,1.47979016275071
1.56965326992204,1.52222290570777
1.4890265932596,1.4327844701711
1.48803744575906,1.43407048605857
1.88252977684794,1.82756162657671
1.61649791212612,1.57207032628396
1.54999221793422,1.51074095525456
1.34432775498993,1.29284026802241
1.6131603529919,1.57210222655352
1.59911296361812,1.55599188515958
1.6739368899368,1.63453247734444
1.3976670260963,1.34980534680298
1.55281075308254,1.5025927506325
1.77685358102934,1.73158123170134
1.61907172522738,1.57420855651593
1.54032927337524,1.4952296386868
1.62787024302341,1.56268311646108
1.3649205759922,1.31795304189767
1.56792524921454,1.51999363624496
1.49905570275532,1.45576203060281
1.64901521200814,1.58808289067108
1.59852235446738,1.54800028208201
1.69367630597217,1.64184134134603
1.39167310978798,1.34455278970786
1.31669469437552,1.24675445022472
1.47132673448126,1.43194135274992
1.64774520623231,1.60458205916169
1.44888861086368,1.40456844377819
1.53102073443223,1.47848142695981
1.71331030058099,1.67750457602505
1.63043497893076,1.56675398827846
1.48865273135322,1.43267654537335
1.47906347506119,1.43849752552385
1.52629067417338,1.48123682468848
1.81310856018547,1.77682925309204
1.65480859905752,1.60468147651138
1.49976509138336,1.44757722947449
1.50737679275383,1.46416837751392
1.36792048504116,1.29744715233602
1.56671078199792,1.52192500436883
1.6061867153592,1.54764301314859
1.61517472551112,1.57371569414246
1.698690963555,1.64246207054554
1.62899569678787,1.58038656605247
1.47510666044695,1.42749837908408
1.45187870951342,1.42332271286176
1.32951105992559,1.27621509564887
1.59969004015777,1.5449448721583
1.51544363495102,1.47021467253818
1.60436565867438,1.56759394524927
1.46951683508303,1.417349863276
1.4357526508529,1.37880850594121
1.44921368507424,1.38431886816324
1.49082262057914,1.44606475034978
1.73936199735674,1.7075136790296
1.46343585388412,1.43575774725348
1.60790971363632,1.57245692310309
1.54080621217426,1.4972961828016
1.54938453279953,1.5092971169049
1.23653051124364,1.18093553568267
1.52778840047706,1.47797250674395
1.56335717742205,1.51515906735287
1.6775682451797,1.64186698525013
1.50792083751728,1.46320403308927
1.29568823027498,1.2594876129904
1.39903202011782,1.36929670915606
1.49525805238415,1.45194684390513
1.18777179813823,1.13765669529389
1.57973443089907,1.55423856522706
1.52943311830888,1.48887879244669
1.5554383875429,1.508214551371
1.45779183119709,1.42214057659629
1.56217848700323,1.52459581426714
1.42538131736061,1.37443102660014
1.431654077828,1.38908811612098
1.66966421844354,1.60851319192626
1.68229962885108,1.63210583234141
1.55569758019741,1.51301997925294
1.63505096591298,1.5791975008123
1.64678835696037,1.59976829485412
1.4988500283383,1.43836843578506
1.45296503995135,1.41315079157542
1.54295409184491,1.5015550852111
1.66647577579882,1.6023749477321
1.68921843511008,1.63855004928476
1.77789952981262,1.72243467825481
1.51925684663191,1.47746773114879
1.61113717329593,1.57168718947924
1.57637028811652,1.523572041092
1.62761339945254,1.57375369702856
1.27637075428229,1.22492443046114
1.58840847058819,1.54914249844997
1.80675196328658,1.76428225477405
1.70783493989122,1.63305666358276
1.67900545487344,1.61976841209037
1.5040646750043,1.46652207818137
1.79657420829679,1.75693936713651
1.45804503139075,1.38880934418518
1.9232184455817,1.86794552322881
1.73481692981627,1.69324044793143
1.45677775457825,1.42440118783744
1.61071571537486,1.57576055166589
1.48457337834262,1.43170919890562
1.77811676639791,1.70468722498547
1.52575780549575,1.48571003264648
1.42975381228704,1.38362679464081
1.56951272780813,1.52661227928765
1.55142235281756,1.50969019541165
1.70440715122024,1.66518444993892
1.25492856799904,1.21022903773055
1.42587245310458,1.38407716897933
1.58133151958461,1.53475691349185
1.57789255727456,1.53434487413373
1.45217669259594,1.40798638870761
1.66235915362313,1.61246489851433
1.58168500224585,1.53372085258153
1.64485000113456,1.60324333235005
1.521489790405,1.46477798791439
1.53875238178604,1.47029109534734
1.84812799317038,1.80852696502725
1.38659894975611,1.34002257100662
1.65515814896344,1.61103387359155
1.60321428027804,1.56031222646353
1.50479006437566,1.46936279478358
1.48630864952922,1.45339892514283
1.79957641299594,1.75879912892994
1.56709858133189,1.50723930048947
1.52733686859582,1.47602884257906
1.60065595992536,1.55206752738761
1.7446822784004,1.68202449831554
1.67445613969765,1.61857955587717
1.45515907685473,1.41126515386962
1.57412711433541,1.48993576923912
1.63500230368875,1.59813932568778
1.69316753576844,1.65454471463705
1.61059882899125,1.56461781137193
1.52324834743617,1.48615619229751
1.58135118452299,1.52136460238497
1.72793880258089,1.68635551787965
1.79886157391065,1.75704382130019
1.6952052195786,1.64605105719809
1.66125238101229,1.59690282037394
1.556223944488,1.51226509532385
1.62866179627415,1.57444454181768
1.42066887571683,1.37567195184352
1.54691608325786,1.50535933729757
1.52697349415995,1.47783722728965
1.56345829142099,1.51276152444525
1.42986687480707,1.37929102174872
1.5112173944342,1.44804580603447
1.30748578920371,1.25725444022426
1.68564017246937,1.6323561062325
1.45823121521274,1.4044158927478
1.58909039697606,1.53366673939474
1.76101758429368,1.69927428923303
1.36891583002845,1.29934463945444
1.39107642622,1.33400630449954
1.37901018066168,1.33437547958115
1.60336003408148,1.56954026622912
1.47942902690675,1.43177630420152
1.82773010453878,1.77719598897475
1.58656381941012,1.54206394819741
1.49666149645651,1.45579260903305
1.71974632646239,1.65167126561556
1.57160192219486,1.52830354515307
1.70277789833498,1.64465405683399
1.53182133942904,1.46486854850009
1.57702447511886,1.53316772016635
1.5254656939173,1.48318124979476
1.54752538991216,1.50363982155993
1.68023024391569,1.61188422432638
1.08385843966998,1.06356759817039
1.45676889328368,1.40990096939596
1.6360961569509,1.56928884782438
1.44757938936132,1.40090602544441
1.41879326232873,1.36872600396105
1.44254175812829,1.41178867375944
1.25981790820485,1.20818733022476
1.61321303698045,1.5593946530813
1.50096592546499,1.44909794357777
1.32245550233272,1.28174200533233
1.42031934321566,1.35953643143077
1.73124404771081,1.7000768471047
1.59040015804043,1.54258051339171
1.44784165132857,1.4142804402372
1.40463445665061,1.3685449318493
1.66233767356208,1.60583547234768
1.51340219145084,1.46815496987646
1.36062868427742,1.29838824626401
1.56952177885243,1.52547579983291
1.7264829068286,1.68698970485039
1.41556178830134,1.37994774034648
1.64500072327773,1.60344777647842
1.34570022440291,1.29715162017169
1.63793091211703,1.54504623510586
1.60405146373874,1.56344252936665
1.43296430368278,1.37804276970526
1.78979717877606,1.73608916178731
1.42483134808755,1.3835498305882
1.70993262687436,1.66155186591264
1.46289897945948,1.41027075307554
1.6306533395109,1.5716818956865
1.62461441030483,1.57751693908475
1.59630435097849,1.55374827521399
1.45401190176203,1.41418751886911
1.6278667058282,1.59066301295563
1.65800494858686,1.60811064156384
1.67877166254173,1.63388487296366
1.43295739824154,1.39175498649192
1.67809040742515,1.624582858309
1.51898490864714,1.46995577164902
1.43149073954577,1.36469117615472
1.61353894172831,1.57229998853126
1.51905893135857,1.47546195697497
1.67960797499398,1.61109373638224
1.83339540246695,1.7574164784985
1.48321349244832,1.43569878430481
1.74039085779894,1.6664628249049
1.74756815771863,1.70311879307561
1.14941218521636,1.10697634357745
1.55928973786093,1.51237202764873
1.80152079205434,1.74958865579821
1.53505959553437,1.48441848671253
1.33559678402171,1.30348892257078
1.21074371245076,1.15083413969623
1.64050326300647,1.59144815006673
1.20610632200407,1.15824759084437
1.24343911393831,1.18323089454541
1.48233717686729,1.44158944125248
1.41193946925268,1.3753566262306
1.41715663618802,1.37545676460872
1.65090283349944,1.59864537990225
1.47884420438964,1.43620923545585
1.33188710596118,1.27536528345221
1.46688711422657,1.42148850667628
1.53817200112209,1.51603724774613
1.54724561024335,1.50224959141007
1.72565868405089,1.66085160622155
1.77933724533991,1.73292348033073
1.46034927847215,1.42692981099532
1.36333269067593,1.31502599097878
1.35869023512146,1.3090866137445
1.58744640906043,1.54486152105231
1.61584732375448,1.57477027796768
1.57541967315226,1.53120188173659
1.68863292443148,1.65105533453919
1.46728947259757,1.42475727942325
1.75024102858868,1.6963032054526
1.50147876687549,1.46453507890638
1.52110093724654,1.4759404969529
1.59327382592981,1.54959957941304
1.51970168969061,1.47802969189772
1.57577351370441,1.52984396899164
1.46516096856327,1.42539397073478
1.1458157856144,1.08490314110799
1.79442819192426,1.73900332518517
1.15002283265027,1.08157467312807
1.47703285997892,1.43265420987344
1.47889975528959,1.43097345852666
1.71934305493343,1.6688169244889
1.40467789635412,1.35808057633426
1.54848513028559,1.50346964252331
1.49803867411454,1.45210933964105
1.51827035999188,1.46575365157288
1.61013911788043,1.5597160258574
1.70240714668721,1.65329876902623
1.69526437973814,1.63266601422776
1.61227955502083,1.54688837182066
1.62714429103214,1.57315670298827
1.25643124459901,1.23070271604617
1.78007043035541,1.71348216916781
1.60770190820126,1.56932203054781
1.30948175131932,1.26879507325602
1.51281264962525,1.43870502486495
1.74307631273822,1.69726944420148
1.7077839016014,1.6491265468203
1.22892129175516,1.16207698913828
1.50330976598834,1.4601065079551
1.43846326286402,1.40994505219302
1.58966949344414,1.54791034315731
1.42366923542953,1.3909367023
1.4436925495839,1.40741833849938
1.48202432419047,1.43761723163623
1.57033326248657,1.50768079642691
1.64381532783556,1.59163683268787
1.53890160544914,1.49173991710738
1.59433023980233,1.54531621032087
1.66504547662162,1.61610851094535
1.64499470133199,1.60100533678741
1.45675772913909,1.39098277190537
1.56795573053445,1.52136006931268
1.25447397443001,1.19179433740146
1.70064040151775,1.64535044534669
1.50946596751695,1.4731153788299
1.60590128167645,1.55640247868353
1.46246582859132,1.4179597538813
1.49145841493517,1.43271404567507
1.57977162771538,1.53832719491089
1.32250338661603,1.24628903708067
1.33094839082393,1.28109289724385
1.56637491095214,1.52390484822561
1.6160360993737,1.5692631388942
1.51950099718045,1.44527578676982
1.42290151397318,1.39042050027486
1.53438309946624,1.50306696073095
1.50644196593405,1.46847628001229
1.60458860591333,1.55982482086865
1.23548706153399,1.19490310572782
1.53577845404247,1.49210253646398
1.64760968077642,1.61416769840174
1.48098547884909,1.43269190006502
1.44796764191773,1.41245086687992
1.35886872592822,1.30716230599357
1.25314914718576,1.21359183075505
1.44655541585306,1.37020570201181
1.44383024898484,1.40591179414628
1.42214869058836,1.37936388164147
1.62935797419438,1.60529861986622
1.1631675252288,1.09813798550306
1.42597402149015,1.385546320528
1.52653226921322,1.48582277722931
1.23446606677842,1.19331556449451
1.2182271814818,1.17346450578
1.66415542836394,1.6028652902353
1.51513130710461,1.47619359880543
1.51997668553464,1.47528212644571
1.62960747853029,1.5770334205429
1.16964620086036,1.13643276332298
1.62976120354384,1.57552224849649
1.36017522819769,1.328621123196
1.39366790024612,1.35295877444535
1.33635903118521,1.30427836229659
1.45590427651818,1.43510225654088
1.61313170129803,1.55113952057904
1.64648270614585,1.59305313300992
1.2720676028584,1.22377869115543
1.58334370219413,1.52328264481572
1.61308730811816,1.58050772365791
1.53181821211504,1.48436395063354
1.45594363457858,1.41250368816852
1.61835931141415,1.57676929056644
1.71535590974664,1.64763744855257
1.51275563291901,1.47279054779645
1.44631466799384,1.41588111909365
1.69525210297219,1.64194699443962
1.54041908562823,1.49280739906325
1.61001321128824,1.56411150787989
1.2709701153167,1.22047108143212
1.44146362467262,1.39430551651164
1.41442745623988,1.37326380050455
1.60225880276519,1.55321388392112
1.51914355569153,1.46925147118769
1.63799125272149,1.55805646041175
1.64455932251606,1.59531517309332
1.52624181535585,1.47605501033956
1.53800209455403,1.48865551218598
1.52107114971515,1.46561827153333
1.59768884388215,1.55400497527908
1.44920858670712,1.40590297815114
1.57381683519177,1.52771619765023
1.51469297747815,1.47502979062385
1.50893768658039,1.46220975269586
1.74327539515394,1.68785305335332
1.4827696456878,1.43447292997439
1.5675700113598,1.52500994889438
1.49256940116817,1.43428877504326
1.54335088389033,1.47961572264026
1.55823488249106,1.51241998305293
1.62270494910067,1.5771029295107
1.73465452590146,1.67601140262793
1.32809864086443,1.28407488447469
1.57187013324818,1.51500870109469
1.5257472385967,1.48553043774263
1.60610430994725,1.56259077332692
1.66175962302161,1.61957253084739
1.53098131346639,1.48494199954934
1.66315978745407,1.59582185382217
1.90155718173769,1.85011214094724
1.60811970720889,1.56177198243894
1.34665217782354,1.28742705416603
1.47860417897534,1.41573031785153
1.67809764940323,1.63240275351343
1.70386072130764,1.67174351986695
1.48263383642918,1.4376182404476
1.66152077476965,1.61486219410031
1.57858174508931,1.53697877709395
1.48627157820487,1.43256912289269
1.54739697356269,1.5019326392799
1.46866088310433,1.43488232855749
1.05931474847385,1.01296711818235
1.64163085187644,1.584160933646
1.49625123581285,1.46398045269278
1.5084621157619,1.45923138823439
1.44428989721721,1.39107163636641
1.57426934020323,1.53344295861829
1.55018136961333,1.50998694740089
1.47546909664741,1.41904265541257
1.50770296298201,1.46713173103804
1.51182779907031,1.46131431270071
1.48411115840357,1.43840232451023
1.41067362324647,1.3295048080163
1.51501078432911,1.472162885978
1.31412384920459,1.27955476932132
1.21567778751522,1.17297543638373
1.33046611891003,1.3030119667482
1.56703212967191,1.51723644088603
1.49144118484702,1.44905793327455
1.21934724793831,1.17765298921746
1.52878051378432,1.48073926280749
1.77845020114636,1.71656998396803
1.43091552000592,1.39234842914829
1.62744983379092,1.56783886726605
1.50993420469039,1.46844293998419
1.50413983974727,1.4651662500963
1.5428485793763,1.4997730657386
1.39812479526236,1.36042535599694
1.37191652286033,1.343522858334
1.50516216205209,1.46027981005513
1.49195271462772,1.44090481567056
1.44633713326873,1.40928246937263
1.42168739418144,1.36886728510195
1.65025968187412,1.58862182011037
1.56082353677111,1.50725581368156
1.6609566768067,1.61181698903765
1.55042282846725,1.51327247081926
1.64659535237309,1.58630759375261
1.2842202387392,1.22612339762295
1.47922546979909,1.43113889421569
1.48241013698749,1.42993243895753
1.47491410229953,1.43757135365629
1.63811165093718,1.57615706035221
1.41378457950804,1.37614238941286
1.78766284127248,1.72302897330157
1.30929319599873,1.25462819422494
1.52033761194927,1.48748803475628
1.56317247031859,1.51964055460083
1.61101547277519,1.56275836412867
1.5959723935598,1.54551586752518
1.74988079543182,1.67955724291673
1.60352609649382,1.54284013884718
1.54572510363733,1.50427737118257
1.47197822219688,1.41143388630964
1.42719577211424,1.37856919123431
1.4224411724094,1.37604316715192
1.73122276529555,1.678570776955
1.58983163163096,1.54425297622111
1.6818992989417,1.6228261526896
1.25483065929988,1.16965166049127
1.54832929960596,1.51965533337273
1.35843054625333,1.2839514774825
1.2834623931754,1.21773692313026
1.27942064963857,1.22128481987486
1.73299565139835,1.69456891370812
1.63586207044638,1.57407722967483
1.48363521953831,1.41428126225065
1.51099505408629,1.47793630122474
1.72005030864845,1.67846921591725
1.65885190911104,1.60061266059454
1.26180099193451,1.21258086268421
1.57885488413326,1.53794433591123
1.4595638065537,1.40826190934755
1.66933614644133,1.6109302903211
1.6648757267302,1.61012895950365
1.42722356554576,1.3937274606893
1.42001424452326,1.37592814446982
1.54035788984573,1.48304788372198
1.6719965139775,1.6239795316837
1.44268318515812,1.40867516217538
1.46512565861355,1.416754606036
1.41807062208575,1.37786503858405
1.60040827978905,1.55095398287287
1.43701297552408,1.38325958226816
1.44895883668009,1.39956643764824
1.49803576306016,1.45130480795879
1.3432946039343,1.28838383226559
1.56918055646933,1.53103788110843
1.50070652657028,1.45940350127315
1.49835008710079,1.45327664383554
1.53965450878354,1.48800046477904
1.75616930681116,1.70280102830028
1.66554862967644,1.6154331141676
1.64128032044814,1.61265086390182
1.39899083349671,1.3461402635849
1.56303973446214,1.51497720070673
1.43888579602233,1.40039401110336
1.45477151839635,1.41266254284234
1.48536079049277,1.44280596877782
1.67749159902328,1.61189992145197
1.3236325720893,1.26006973596102
1.52854801741711,1.47829677894296
1.5031405438475,1.45634388030307
1.52613040144055,1.47352552784652
1.65576390777792,1.61965703362163
1.60220110877001,1.55360256144732
1.7519965222016,1.69981684457001
1.65875591852214,1.61719593145035
1.29215733957979,1.24394975312611
1.57852571773882,1.52735144337981
1.7649567785165,1.72142866428842
1.58602405518723,1.53928881350483
1.53841508948986,1.47886572147074
1.66870647050532,1.62148459701116
1.63263321635288,1.587243362308
1.6456894493946,1.60128865935231
1.4836733245257,1.44063954560005
1.64467000754741,1.59229331638079
1.41211784414333,1.36744342751278
1.69892801289075,1.63821316595648
1.42549733969034,1.36544101194001
1.40358205748795,1.36378133137243
1.45353279928664,1.4243095794267
1.43059224577106,1.39742598693394
1.5785227938725,1.5336986211859
1.71333543169784,1.6588049303752
1.52707868913937,1.48018917112576
1.46955428894812,1.42073620462508
1.43373152698923,1.38896604489126
1.58907885836825,1.54343273520906
1.42905105425372,1.38262705884368
1.39923613491128,1.36273835070545
1.52936761439409,1.47978701410081
1.65610210727633,1.5845281729449
1.81076860221678,1.74887778586142
1.66782509648428,1.60559450455781
1.54770464495782,1.50452852074578
1.65920470802846,1.60474937066645
1.46681854004474,1.41937118886809
1.44078365314493,1.40608462657667
1.64451976685001,1.59154307408978
1.45518410497925,1.41470183867359
1.51096865109803,1.44130563411263
1.54927200951568,1.49933129751946
1.64702879034604,1.60559194582719
1.75685346318887,1.70934502919063
1.48469097603457,1.4404473655845
1.26224062852001,1.20989042148361
1.39252474673272,1.31492039181696
1.34406413057633,1.30137278484088
1.61282124837449,1.56399403569108
1.38961546701916,1.34766140915289
1.83692527381483,1.77543873971045
1.68858381301965,1.6348521799494
1.45309911718535,1.41532303567051
1.48348031855586,1.39555256919571
1.53089531544517,1.47395328460871
1.47283821011243,1.44451558421272
1.40611427573879,1.36848854061586
1.59975877674118,1.5577678214463
1.48947761315381,1.44450804721144
1.66424555402457,1.62264640905192
1.51320932150135,1.46375376039226
1.80799919545116,1.7456637298654
1.67360876379861,1.62569466609506
1.5774006890657,1.51034456184436
1.27100854309171,1.21620698801595
1.56101994591856,1.52057446505455
1.67975089159589,1.61190480853577
1.59068009439135,1.54419044351163
1.69027431299993,1.62965375590735
1.59011366112549,1.53413972651325
1.76342328076533,1.71131348650675
1.4675137679055,1.42595934650499
1.55070312236097,1.50393440620901
1.7142437692314,1.62981197884773
1.65094492298639,1.61923145581185
1.5672440086067,1.52114923105045
1.56580721083178,1.52314576082384
1.39967035134559,1.33427904507084
1.37746790668975,1.3212207745389
1.64436216124545,1.59419577290861
1.66856347334327,1.61754980933538
1.64918870661095,1.60050413023155
1.72921677370529,1.67123697393074
1.60278099918381,1.55651204332765
1.73603981291431,1.66604860636552
1.6632127026557,1.61479540988057
1.6850283000893,1.63723907717941
1.61855124097206,1.58189995744906
1.47737366615215,1.43543141322723
1.64793867094808,1.62002848581322
1.65754222097388,1.59969695025057
1.65094070277058,1.59278738296146
1.5634766623457,1.51590526691849
1.59216034846308,1.54698030863447
1.5451620581714,1.49756357861571
1.5362587521104,1.48766459862807
1.64365562039125,1.58511970180948
1.58364491191685,1.52553862187755
1.51697072049075,1.46924748052591
0.97692767862889,0.936871665788622
1.69890701816631,1.64521275557723
1.57947816460445,1.5361534982327
1.55166013966197,1.49959159149635
1.68102763412998,1.6407104495921
1.57423430874219,1.53095074050238
1.44342471753789,1.40826365049745
1.6742449187343,1.61436192487755
1.32832566079846,1.27452081223865
1.3078474771238,1.23242632741671
1.48990350796955,1.44729176548732
1.56830472045398,1.50918121705269
1.59859465265286,1.54623640143475
1.42938271906295,1.38428892940231
1.80296147687014,1.74733529039693
1.4390641792534,1.3967105500097
1.65478068451077,1.60181970729329
1.18429429866349,1.14949772493073
1.57004430177238,1.5201017098388
1.48919191515602,1.44351030375516
1.4810797108171,1.43230099169771
1.47615241734614,1.43411670505912
1.57219865943221,1.52240366600328
1.41273617074139,1.35445108378336
1.49559331728903,1.44662033799871
1.75605623288286,1.69581724666133
1.16948064811593,1.1175339435032
1.55938611943913,1.51229731944212
1.58713426325498,1.54388709300977
1.56118679549132,1.51245171768218
1.71768482223168,1.66517188117315
1.32580144826786,1.28887961788252
1.51211796756818,1.45512955717657
1.77916529718506,1.7295276741456
1.44353948591593,1.40021432698702
1.39407855048941,1.32680567564808
1.44172103570763,1.39554477857188
1.29494560100178,1.25083039057114
1.11677123370199,1.06206764889181
1.50323149513535,1.45149608441567
1.54518310079789,1.49501617812275
1.57427407690176,1.52338676825919
1.56595238906776,1.52111155045285
1.49607899045874,1.44129600727883
1.58621498980557,1.53859982189634
1.54555900026606,1.4989833468757
1.90093281509182,1.8327464772812
1.46312464339793,1.39893357944378
1.4090088380549,1.36136972236339
1.59217666337565,1.55137573180856
1.67201324597743,1.63072705347773
1.82542792152542,1.76411418340576
1.45466953162768,1.42051034900161
1.58930545858815,1.54477357055485
1.55147194773685,1.51710871883734
1.56028638441465,1.4956565459781
1.3230628721567,1.28983945418
1.74292243486114,1.67340084157625
1.70502523216775,1.65177968599879
1.55058606608565,1.49671956096332
1.35300710266177,1.27788105311317
1.53252998714828,1.48854124314604
1.33881275189145,1.28501653275053
1.56044190150925,1.49842991541811
1.43183337460494,1.38541158063342
1.61981318347321,1.57172805988881
1.55321018566463,1.51294258183924
1.55179116575104,1.49488399470879
1.49723037196764,1.46682751093389
1.55391532741772,1.50838892378315
1.6206593985487,1.58143987516433
1.74222331755658,1.70536871105339
1.53542630266222,1.48984133621186
1.61828966052712,1.55788308698926
1.4718012739023,1.41045544976363
1.40641361773867,1.36663483332959
1.55256592320526,1.51622573265595
1.58882535998522,1.53582798945308
1.65013828405377,1.6082281221548
1.50613251942837,1.45862936269345
1.4938516008553,1.4147698777144
1.52799096998266,1.48458404328387
1.56739724359611,1.51246304876972
1.50781679400064,1.48136148615961
1.55798086034473,1.51228270589071
1.34758425264805,1.29909600300994
1.70430897948858,1.62985501993883
1.57284667945751,1.53205695681423
1.66639358180234,1.6258531210223
1.65554044726219,1.59645048164153
1.62973543424994,1.59369523239319
1.23118010379744,1.17184453747213
1.22691570661804,1.16841222885447
1.59427835560741,1.54961387651484
1.57416512886833,1.5213970366615
1.5446379555482,1.50354760051493
1.54856756877698,1.49953009591526
1.43678546287304,1.40101264739793
1.47191489218252,1.41473695763859
1.46720019733758,1.43639914849649
1.51988846696279,1.48038492647579
1.32013908407721,1.25641354701154
1.55770091664789,1.51442876124849
1.48571246453509,1.45335288877865
1.52854396964378,1.48830702773182
1.54415614956618,1.50275458249404
1.59389461292719,1.54844178576591
1.62070901624339,1.53376284270707
1.47185904818822,1.43728114589781
1.35496501031327,1.29243648079978
1.57208685628861,1.53330527422928
1.59006905335115,1.53097170911222
1.6829127598045,1.63361870678614
1.50401159560718,1.46725302915676
1.7312907949141,1.6937827855283
1.79492346739115,1.73550472625506
1.615033670091,1.56205344695379
1.48469192642743,1.43507790416684
1.41104962304688,1.34635647186166
1.64833528497463,1.60660399724051
1.50732723953576,1.46595600765705
1.55257138049144,1.50839439403762
1.33008069201066,1.27988403300008
1.63541159340314,1.57554761939013
1.57681740750386,1.5295978975874
1.48439028437059,1.45080750130631
1.49211298100417,1.4354262802121
1.43262914213757,1.37599759706778
1.60476979747722,1.55503132763965
1.56066609426517,1.4970445231386
1.43660387197776,1.38447620587846
1.60002971912412,1.55572735287172
1.40239009377107,1.35293454078128
1.5042490634458,1.45559861971302
1.63237391626921,1.57260407760362
1.33707688967159,1.29852857240574
1.62772725459998,1.57832236481273
1.75734488526067,1.71089160548371
1.58302366664636,1.53750843047565
1.53680017083637,1.49100319456521
1.52190330116667,1.48247076351852
1.76228087927472,1.68639764350883
1.63170604387574,1.57955133297509
1.59547732525854,1.54139579812158
1.50851774511204,1.45476240546701
1.74016786579425,1.68714374110939
1.59822050221044,1.52609049803553
1.6133025936179,1.52773226903634
1.59566307098002,1.53691876987355
1.30281710431725,1.24518478445202
1.75109988985364,1.7029371300601
1.38459459549412,1.33028564914204
1.74180140496332,1.67977720325839
1.35241176502861,1.31629444232526
1.47811237086719,1.43713916709387
1.85782101856628,1.81343398619722
1.32317041808267,1.26391292569157
1.70862703641767,1.65933662704445
1.63169823397374,1.57115676876443
1.63544727946421,1.58982137664538
1.77467168938817,1.72535691749259
1.49212193810662,1.4469216160746
1.12504383168861,1.08994433144638
1.3845831168363,1.35393745992607
1.46808770011553,1.42072201322608
1.5281093988479,1.47994421399523
1.35601704621,1.29617720949902
1.51156312572136,1.46010827006528
1.63181757990499,1.58137210342512
1.49709009360898,1.45109732162169
1.50233840068665,1.46244254445599
1.66082123402857,1.60920124177509
1.32165666556855,1.25264100275649
1.68095971804781,1.61942501753243
1.38937858059241,1.33118326253123
1.67108256387116,1.60564427586089
1.38998511590658,1.33106107244115
1.48783823668303,1.43742460659382
1.70613299337404,1.6482931078848
1.83021659721163,1.78227659227304
1.41576143077062,1.35596805321923
1.71627443190122,1.66371913426128
1.40010734816013,1.33061898561201
1.56736198489815,1.52476860240869
1.48370516367435,1.42900860319715
1.76627703455696,1.73038130285097
1.4302947019029,1.3673542325358
1.63212558891552,1.57383169227986
1.66985887551452,1.62169217499561
1.38709223661055,1.33971211720279
1.4458758868594,1.40884964980065
1.79396634653013,1.73424353399972
1.45036288386469,1.4060902697381
1.6714821295858,1.61912448794767
1.58794132583777,1.53688001985187
1.50039536392739,1.45921906114368
1.6149350788136,1.57040709978251
1.60511148458137,1.54953209992285
1.33835593665195,1.30110107824201
1.49069728558263,1.45257201604455
1.55371274375486,1.51253571741801
1.62549662034742,1.60073082686742
1.58853433291041,1.53011551345577
1.64852821399144,1.58434843413652
1.72767482540237,1.68559943129277
1.53705378187394,1.45548604220447
1.78593560114096,1.70541044476373
1.25980542547691,1.24185103933407
1.30428595677425,1.24371911481934
1.50445672296068,1.46307366406305
1.46379859028139,1.40413158151101
1.44408163773547,1.38348647166333
1.53122147495542,1.49228643369277
1.56967297685572,1.53156392327856
1.54655264008506,1.48913419931545
1.42368509946854,1.38429389746579
1.57212870306542,1.52695165259958
1.50152158095101,1.45010934528517
1.41633569043512,1.38592183772067
1.62466274106177,1.57824433871618
1.56615679574479,1.50957295105754
1.59459098921969,1.53908369710831
1.23412725837028,1.17312745986281
1.558133127015,1.50422304712146
1.55066891122884,1.50397488614642
1.70975564987983,1.66864756099
1.50611929685122,1.46820901678223
1.25309525554944,1.20247687983034
1.71986780195135,1.66210446863686
1.67392428561554,1.62913556207259
1.76238419362156,1.71965096159992
1.59400739116175,1.55139089514948
1.44024242005485,1.38139066558188
1.73017617647599,1.66562904871202
1.31976750934102,1.27964221445699
1.56986022738076,1.52900638257091
1.45875767657925,1.4075294011997
1.3349401631562,1.29252457730355
1.64909967313235,1.58993138479515
1.42181234582946,1.35931357591633
1.31045567855629,1.24543726375124
1.70057598139673,1.65986907868859
1.46937978164697,1.43011720898968
1.62973722072052,1.57332451823683
1.75674448772037,1.70048923668918
1.65741774799153,1.60104011072942
1.76136710657821,1.70191217512944
1.69513025045701,1.63654073948978
1.47617647316301,1.41690544305656
1.54662462895979,1.49923300490317
1.5400497793071,1.48884975650566
1.33843419269277,1.30878463235298
1.36268395293473,1.32820688553588
1.19768296753933,1.15251543681538
1.59487626093735,1.54147637386098
1.40831826890225,1.34474063887482
1.33353103872506,1.27356899731103
1.50050192102452,1.45012408827765
1.45165093710458,1.39247426101535
1.50394610785065,1.46332202768934
1.32496684666256,1.26250878563084
1.37234412015235,1.33726518847244
1.7133044276277,1.67100684167585
1.51992456161504,1.47572400532027
1.70575251325834,1.63840411297567
1.58167742992299,1.54102109243283
1.64533328130283,1.59569127866809
1.59880804177963,1.5607588123458
1.59617511918545,1.53986915091994
1.54573456216147,1.50353465313617
1.55503087375906,1.50632522208469
1.34707304867178,1.29628458846623
1.36468657954066,1.30890204325128
1.52190646409851,1.48065273544698
1.58483556726722,1.52924584889857
1.50427009436592,1.4593960105999
1.62818014548866,1.58369761898999
1.82599611029134,1.75227085410603
1.40823848597794,1.33202896608321
1.76506930992993,1.71409897804137
1.71612382480727,1.66158350511821
1.67958427367614,1.62321418072868
1.5925973944881,1.54703099240321
1.46019938605022,1.4226684115943
1.41173894087924,1.37845840396101
1.31085652091538,1.27045706528389
1.44426264902918,1.3782614843528
1.36081318584736,1.3098655068058
1.61339041569677,1.56449255903093
1.72306799282974,1.66894148520957
1.54206724364758,1.49358208668979
1.63722404925889,1.57646131942419
1.62939197968625,1.5830128293818
1.56199261275116,1.51380044951057
1.44117556920891,1.40645642627601
1.50098741257758,1.45891154366072
1.7973701385989,1.74279224338567
1.75943656929334,1.69781423040261
1.41049886798154,1.35143024725929
1.12320729063553,1.08030224969955
1.67709797617032,1.61827407362323
1.56419417602304,1.52371270943677
1.67903972976242,1.64392888730647
1.55359698487015,1.51850421475242
1.59290080318312,1.54447861701918
1.27513411137933,1.21393257711791
1.64782573156751,1.60351261680903
1.54092588859212,1.51622846740715
1.50315894727007,1.43667108271083
1.40696690579419,1.3572014580411
1.41696125049169,1.35311351248218
1.65720111761829,1.59572624728655
1.59921233312717,1.54766464194019
1.59221054238658,1.5447766219709
1.5424748838975,1.5047720392875
1.3718606507875,1.34580769340394
1.29133089057437,1.22482118570397
1.6172588743376,1.5551003635873
1.61536977251046,1.55383660690712
1.69995242546966,1.64694059985877
1.77413623181452,1.72169571183563
1.47310638993473,1.43003158288737
1.73568720311633,1.67380603913981
1.55850137371936,1.51584945792443
1.56352290718856,1.52829428315614
1.35003528519494,1.29826299473635
1.44586941602432,1.40761019631969
1.53815948555195,1.49706493627034
1.37540676926052,1.32516240527433
1.41339969917249,1.37599509062388
1.52822936472982,1.48961203580725
1.30143202365633,1.24030482413375
1.55076658209544,1.48398003101726
1.5113634671787,1.46538969877453
1.67053857248538,1.60809419695603
1.42535766051114,1.3811706240754
1.8813376743786,1.81912377424097
1.61157917327717,1.55613503665908
1.78214071334942,1.72381469845679
1.55740227856394,1.5129276912733
1.51587811209108,1.46353168971789
1.3958209663714,1.3554294122342
1.66516071439235,1.6054940431845
1.48082259415786,1.43256260172281
1.58087954964893,1.53488924716604
1.49129680379935,1.44313451902768
1.66522894874056,1.60667934010132
1.30021456440314,1.26751096714039
1.80505114882019,1.7464784777635
1.46724190148882,1.43411892187646
1.49624120084074,1.44709496774513
1.64837607355181,1.5923113575931
1.50843707903933,1.45839052662359
1.47040846110631,1.43308644126227
1.42606677906391,1.37700010952213
1.74722283145236,1.67279496931508
1.62722502715077,1.58671002756023
1.51282801870859,1.49144955071058
1.47779752266045,1.44714320269032
1.51547429231117,1.46476304450007
1.60024205458377,1.56644649723605
1.20719799560105,1.15538694501666
1.4169643339272,1.36024502435036
1.67471906431467,1.62975684426395
1.75104131351509,1.69753211612976
1.63873592418581,1.60773752886361
1.60592994431348,1.54398005163731
1.14864974293771,1.08606967585172
1.59543827469256,1.55725633359037
1.52405149877171,1.48143261514334
1.52704391095761,1.49040745350975
1.60468122437977,1.55745307674873
1.54086254425725,1.50274443218168
1.71034767303096,1.6370721675013
1.57642879189884,1.52150853164913
1.67372024529543,1.63275213796748
1.55019028840684,1.49788174075705
1.53626013963751,1.48014374061364
1.46411152754811,1.42093605567198
1.56862370890168,1.51496693594656
1.58430950086789,1.54229279787241
1.67963010672233,1.62872009328458
1.39611235242546,1.34853661428536
1.61294067112356,1.56545013232094
1.46060228848095,1.41660528985683
1.66681087381512,1.61051598017132
1.45199441430316,1.38218673839337
1.39001881545942,1.3456820429893
1.63923693712237,1.56034756105063
1.69098248883037,1.63230489385647
1.15656387909572,1.11538711782489
1.30813051455806,1.25085050548534
1.48513086844652,1.46026360551836
1.52441955390376,1.47610556643594
1.51955838588024,1.44029103025354
1.53249320342853,1.49814258719701
1.59778128413169,1.54877514119551
1.26562914669027,1.19684317737732
1.54414499588987,1.50982692820394
1.64977801083005,1.59557525982291
1.5412625916746,1.50099882588016
1.58661978643681,1.54829835010601
1.41381817101376,1.37478615141537
1.56306619848637,1.52422964871649
1.27243203159662,1.2115492778623
1.61588896912862,1.57392362405352
1.46999878379394,1.43606077793962
1.42081218230763,1.38705807887085
1.29926355758369,1.27425617845709
1.55331664039578,1.50983344152441
1.49346177291603,1.45856834774788
1.30256456164189,1.23997854649505
1.46285903453466,1.42419756683284
1.70087279616616,1.6493531742423
1.48275636506897,1.42376175857411
1.51278603219626,1.46500208523012
1.41845567011611,1.35177564514058
1.4693984283511,1.41818299743269
1.48596211459281,1.4477203122198
1.63049135175183,1.58847752650387
1.64783889278905,1.59921169777074
1.63711070639277,1.5905384634586
1.47602420615708,1.4336253640171
1.58326666827251,1.54052256263153
1.59116856920164,1.52159463085369
1.38133097015459,1.31629600952786
1.57710465604197,1.52648728300721
1.64355012776292,1.59270423116794
1.35636367225018,1.31361742044549
1.43236711627289,1.38020341770542
1.56109920717669,1.50757426157137
1.18050236172319,1.13129505928858
1.57916330416955,1.54111164102371
1.59963927656975,1.54817658615651
1.56598983628674,1.51598456543649
1.65000861934284,1.61928530318772
1.51451376207933,1.45448845209465
1.32450034844776,1.26012639679587
1.50270444501032,1.44844557795467
1.44399276812975,1.39442867696431
1.45432622297896,1.41240843408224
1.29796332711269,1.23334763518672
1.57017568387955,1.52388681825357
1.52294369336082,1.45622288283749
1.38832831500837,1.33861785507678
1.40240776036151,1.34852578003917
1.47273986030246,1.42335521361051
1.57168188405068,1.53589006430632
1.66712519129066,1.6359547637411
1.7694216119348,1.70709394106642
1.62983472515255,1.59414063140214
1.50982746768943,1.46429460658922
1.31305597833002,1.27742383584475
1.42998777073934,1.38364642446705
1.76993572565909,1.73242403940778
1.57765136181113,1.52765111569799
1.6625459098775,1.61620117331488
1.74703071682442,1.70310344630617
1.53366764246719,1.48101024888801
1.34705726147323,1.29587440920426
1.21109257974548,1.15237551690826
1.52894311365934,1.48675522693805
1.48788971598191,1.44754812736567
1.47023472641629,1.43362541264634
1.61195054919613,1.57334260551115
1.83496825315905,1.76503263505272
1.36633397173445,1.31548634234796
1.35178157361511,1.29743237780581
1.68664222345786,1.64019272627932
1.62181165179789,1.55526962761406
1.56436691756203,1.51976741958881
1.63806004954663,1.59718976829993
1.79279116405872,1.74561213711076
1.4030643017607,1.3542924684751
1.54704378013909,1.490451542831
1.49013246694491,1.44505249181959
1.64990454741288,1.60826674920842
1.60756598984788,1.55955826446432
1.49240297644431,1.45141022610484
1.30786123052714,1.2573311087469
1.55481855122889,1.50770189164436
1.52320721042888,1.47294619198162
1.3499869949585,1.3010805087698
1.49219999358019,1.43518285799644
1.66172713870076,1.60824698941853
1.52415915648691,1.47144142246428
1.4908244130162,1.45332366147199
1.36624599387388,1.30243308729777
1.45889764668586,1.40278391520399
1.71558003480919,1.65118682950982
1.69673776170301,1.65424920760609
1.74256749532955,1.68803073810558
1.6213639447076,1.57572792696089
1.59826214021436,1.56366524167262
1.50852231895254,1.4544058211932
1.24561660729687,1.18108575335271
1.7854609461684,1.749189812595
1.57437310996038,1.52324570066775
1.7545683901559,1.70001699958347
1.21056207655178,1.1484528144015
1.33744027897024,1.27616187517612
1.59755384228512,1.55455206170002
1.43046167790019,1.37602569549563
1.39651390507417,1.3271343138495
1.52264736201631,1.47979827240963
1.36491989891657,1.31571713847257
1.47347134538725,1.4359477597481
1.34402439801504,1.28444169589605
1.54153691989197,1.49519143999684
1.83055019237277,1.77509284986071
1.64142077179229,1.58429035353778
1.56810175955092,1.5233724276715
1.51895861346219,1.47087635124881
1.58237623162947,1.52523857776019
1.42834774078238,1.38823412992173
1.57052298019259,1.52694980567779
1.60283131815016,1.56298275917252
1.50694132837241,1.42208187039481
1.5004134990659,1.46408227096291
1.36080728401254,1.30179725085894
1.54360412492059,1.49071871403256
1.1835550056298,1.11171862681996
1.25853740602329,1.21243328012979
1.2587682247901,1.18828679592862
1.53496268974664,1.49154780859372
1.5665926441729,1.5234024233506
1.49407009539319,1.44081388520776
1.45030712894546,1.40589156690163
1.39433931404281,1.34591451426792
1.61393603729772,1.56243845524103
1.74099331532041,1.68553638427745
1.29789261716867,1.25565363010543
1.56054933165532,1.51770296731393
1.51900484231443,1.47582881111611
1.59232693730649,1.54783553826525
1.60029572893561,1.54470135180856
1.40634203219694,1.3579827026536
1.64080770757936,1.59092770720454
1.70593958241264,1.66890241355183
1.62960144956271,1.59866422247019
1.7282843326103,1.67723371108125
1.51416954332377,1.48395003427164
1.62248944278284,1.56013277514514
1.50157965224237,1.45745902804231
1.30677301527792,1.27894351596017
1.67884161033169,1.62596671650939
1.24170219228054,1.18467770087535
1.53415928402794,1.48972162749978
1.6983874072668,1.65125441598278
1.32898806469126,1.29007837160655
1.62949759906939,1.5597610411293
1.60537516603591,1.54866784723836
1.45616638100999,1.41017617895184
1.53106511711866,1.46711497201189
1.44854087079776,1.40436423903986
1.53703904045568,1.50068369249727
1.45263779784744,1.40897711988609
1.69323937295136,1.65702964411687
1.57700120222723,1.53041917813758
1.52594254428806,1.48694086267958
1.49441226311526,1.44142555001066
1.43199554425852,1.38395523425976
1.18007603993343,1.14811120875334
1.60539474274554,1.54119656917289
1.52525304681492,1.4740471653915
1.71473348257485,1.67731098578475
1.83964700371352,1.77788474610545
1.43887228836667,1.39533430301343
1.63489279563296,1.5722169889382
1.64956721910333,1.60897051289074
1.56812922493281,1.52954993956206
1.49214128051471,1.44999100927999
1.7984979560996,1.74450078905535
1.7247043794916,1.67525235525607
1.58992116080095,1.54052467765889
1.7018869982463,1.64825328146443
1.52813196717287,1.48583130358288
1.52755747718433,1.48707757827212
1.49232225116086,1.44573746405371
1.56616505374196,1.52592712257309
1.639900043018,1.58381193676241
1.6267907553455,1.58258531501871
1.3502608571611,1.30476241335855
1.71210909837844,1.64394951236171
1.45295503231583,1.41098627585357
1.59708216204933,1.5474431276739
1.3126927001344,1.25563123521657
1.57760041336141,1.53262089978656
1.69306660979786,1.65832881949654
1.46791313671399,1.44047383551887
1.63648546358125,1.60204954206993
1.5500130749872,1.4948911399756
1.66375260737646,1.61998823367506
1.23212237382549,1.21463150217327
1.56205728861408,1.52550026745458
1.64820043189414,1.6013464027902
1.88464379468893,1.82588073362284
1.41292458239521,1.36377230327171
1.63705542618708,1.59365100004006
1.24607401409796,1.17733575023086
1.57197250318139,1.51963106857698
1.56838520061377,1.51749910708121
1.54884829704404,1.51975066973413
1.46937416289766,1.42853011233351
1.48381913356164,1.44402974802178
1.56651180775753,1.51992965359373
1.37044050376086,1.30455325248505
1.46285794270676,1.42299024286691
1.67669398201003,1.62583910330463
1.58689161727361,1.52430546157697
1.3272753891927,1.28303697554033
1.47261262666158,1.42152978578458
1.52351754016768,1.47687190590974
1.64447627609411,1.59140338344112
1.58744083228579,1.53028248707077
1.54827170194833,1.49217789324607
1.51233162234296,1.48033981219858
1.57806182628038,1.53678729379315
1.68526383266568,1.63134204122757
1.57813613201067,1.52803009037647
1.50483500857971,1.44965967103804
1.73146324085077,1.69113735740087
1.39252777886962,1.35512108271445
1.53744708560472,1.49691827914823
1.52848061456342,1.47361604909952
1.19755380560472,1.15423916831913
1.56479369564727,1.51024904111198
1.56105984144414,1.51093104245353
1.53893591173833,1.49727513724905
1.2895107005088,1.25783831653567
1.85137543854108,1.78125441144809
1.67792468829948,1.60263959980774
1.53076039816774,1.47452559898926
1.55894648865054,1.51271473917921
1.53462156433034,1.47959523159022
1.53930931512168,1.50698989237365
1.69591428066813,1.61831874551695
1.49613613883827,1.45433404142434
1.71649965574529,1.66248508229086
1.54056739722445,1.50157701382585
1.72660712644536,1.66013795898654
1.57683214915112,1.48735413693407
1.70453295065562,1.64910421566996
1.54012118474056,1.49856829768522
1.65172441338831,1.60237899697369
1.64294868363877,1.58869658251518
1.62513462047542,1.5727257949829
1.77243357943021,1.70041053444907
1.47261993636249,1.42568455147211
1.650213846469,1.59890406868631
1.48376176755046,1.43823390671513
1.48650947769707,1.4429292938778
1.58426340410313,1.54254702663916
1.92887291182268,1.88420281302325
1.70652334094483,1.62956223630621
1.23544924200511,1.19259482453566
1.52503478829105,1.45054161392731
1.49013489177928,1.4351501960562
1.29237451343687,1.22809726010109
1.6932259074855,1.64703298052195
1.466148648877,1.41874090661691
1.62837186616972,1.58381351997596
1.61534660121685,1.56559250692618
1.17462679786097,1.10966271850919
1.46629240947836,1.41379538353615
1.59527148635056,1.54583707027921
1.44451968839262,1.3917930396995
1.4856271410651,1.43777342607257
1.57025227896413,1.51936667100986
1.38836819976143,1.35695083904641
1.65077119169639,1.59411296904729
1.26857541970816,1.20314890880431
1.25388047005364,1.21033583577868
1.30001656814966,1.27821426366225
1.38077058346722,1.3326817353827
1.30159164128402,1.24828186293021
1.76038240220862,1.70938353305375
1.46680043207486,1.42739685666163
1.48778385863783,1.43855722592212
1.24865407094235,1.18577237881482
1.57951955590396,1.53825724261188
1.20420412842159,1.13192805577753
1.67886510559746,1.60687908577081
1.39501420610999,1.3376752332778
1.45058773559491,1.4043156339628
1.50829588659383,1.47057404252051
1.43104500865317,1.35749084517576
1.49330038520624,1.45375144418274
1.36603441267894,1.33313159912116
1.54712875088464,1.49346218572443
1.39513393163171,1.34520523506095
1.35251578161881,1.29834324065743
1.62173021646291,1.56137169590683
1.18949738536743,1.13168546795178
1.54295514554002,1.49915108643788
1.45767728048379,1.4232514057368
1.52477737278144,1.48187570557745
1.25365877628934,1.22261388568113
1.57159107765649,1.53566854574555
1.67694241736106,1.6365605566904
1.55372550953428,1.51550157658005
1.3806855665596,1.34982753220843
1.56480318570876,1.5163209563419
1.73608563134281,1.70130929668232
1.75145035460486,1.68881076579624
1.62175759015123,1.57242983644005
1.43246281275317,1.39828265029132
1.49072341312008,1.45067409836924
1.64006411563963,1.57269924906871
1.61414193797274,1.58791612846537
1.58592616706017,1.54078173472521
1.54079053992125,1.48844039553112
1.55664223513483,1.51616701318735
1.49714824825049,1.44908328166383
1.53116067108688,1.48502401872027
1.61645961850678,1.57135313938238
1.65318778931608,1.58393383152779
1.60319857001561,1.55498238769967
1.31923961594573,1.29033049099178
1.49718630468531,1.45253751083102
1.44484505885189,1.39661169688467
1.51277245029602,1.44756857626494
1.45843780841838,1.41411552664612
1.4898423115812,1.44251692762848
1.47975586941653,1.43237076132562
1.7191217668614,1.67128650601716
1.38679779192453,1.34177463971253
1.61531505620818,1.56621185226202
1.66794217393649,1.62270313627325
1.53447585389007,1.49552733421101
1.81972162961022,1.77294998768706
1.30428255946896,1.25796150308752
1.51635567232665,1.47269956635504
1.57100317576496,1.5222941639073
1.44331186918769,1.41148070152162
1.35893944185638,1.29979718124925
1.52225195525881,1.47867737766886
1.57845931554446,1.53101738199422
1.61665906226707,1.55083168122155
1.63064918873296,1.58030309785498
1.69728918643999,1.64169125930568
1.51035575572083,1.46629869698145
1.46948998686558,1.42907922266459
1.48735631358691,1.42998763056583
1.29276707317492,1.24061713613574
1.5820884321422,1.54314689888365
1.43271610750695,1.401956940475
1.75337640877278,1.68907989269348
1.62983986707742,1.56717882504284
1.66924183881862,1.62133147719374
1.33606221114462,1.28463878184304
1.49171697212582,1.4417396985367
1.27410367596698,1.21512010779915
1.32261064430425,1.25775089687336
1.56851727554399,1.51438817222922
1.4133245660315,1.35345816411066
1.76364166142851,1.73028777273683
1.66002517340545,1.59343660701191
1.45440719437575,1.41200090093648
1.64064005254305,1.59288949750561
1.66984983824035,1.62025596815685
1.25592947126049,1.21842920202389
1.55702964042373,1.51111640226917
1.51034012153941,1.46337600241213
1.69986160081808,1.65091906989449
1.60136137998137,1.54026990002879
1.51868317163288,1.47881786658614
1.46343227817315,1.41097937504058
1.51341741790312,1.47559792061558
1.43020023372153,1.38342212630573
1.71821953866874,1.66902596452367
1.65737285874906,1.60253354516708
1.45090975490556,1.37805283148203
1.65920580043842,1.60335308207884
1.41466882984162,1.35615899604944
1.54838452116658,1.49837900857743
1.61584514097722,1.56684990659344
1.53560346871959,1.48858182381997
1.48309221899988,1.42055046727134
1.3712392213218,1.33416242630973
1.35568172727538,1.32018388447456
1.58325251003964,1.51561927477872
1.56113449144689,1.52355765540053
1.42242798289102,1.36453761969884
1.63681020595289,1.58008914229273
1.52041099855701,1.46986428757248
1.54119791830497,1.49775394399637
1.43372928324246,1.37668113632847
1.23835023236025,1.19812386691374
1.50336099651615,1.45832881016347
1.50054112214575,1.45248481505409
1.59562104194931,1.54430572909481
1.64166838443932,1.60092843977717
1.460775339726,1.41694403582535
1.47749652552273,1.43888114664548
1.49618133372531,1.45298304482596
1.43003213112809,1.38719859754919
1.54258442665948,1.4921618176874
1.337365208453,1.28403542860956
1.79052477626216,1.73376810374502
1.70269315641565,1.66109351899805
1.72077939744241,1.68216352365721
1.60293920277439,1.54375922830367
1.72087220758074,1.68559336576764
1.407515953266,1.37427881107123
1.6814348002399,1.63537927995651
1.22899852139092,1.16726859226055
1.65394080857714,1.59495504148942
1.56150708154569,1.51948605962305
1.77344531270242,1.7257749654782
1.32382543913599,1.27258110554843
1.38923913271688,1.33189328332764
1.45019685375591,1.41394995091705
1.3924435819512,1.36146510607189
1.68707402801041,1.63743081399653
1.35612038389468,1.29921325990007
1.48748525324382,1.44374982556766
1.88198844513303,1.82023291663086
1.38971701195898,1.34202003906414
1.52151159314521,1.47528534467053
1.23083798378177,1.15595715385046
1.47369921923452,1.43228699558262
1.41693846217554,1.37029841018728
1.5701969841406,1.5141683538566
1.73212086542736,1.68403136170741
1.4196191036274,1.36838950519216
1.30721003837941,1.26787562426907
1.47129776374801,1.42443631988297
1.17040013015138,1.10661626687676
1.49104993981841,1.43573995412264
1.79827383062296,1.76192198059259
1.48728550663075,1.4497911775595
1.62523765963681,1.58115610048047
1.48417055623142,1.43745020922323
1.63206291749623,1.57358074549422
1.36612954703746,1.33701466367009
1.356273146756,1.28898806971455
1.1697527634793,1.11539814681799
1.54094344882836,1.49288180451483
1.47937944403831,1.43294596681156
1.54802657062731,1.49948476908576
1.66241108790466,1.62095399436564
1.12425680008235,1.07041126140963
1.22202833103761,1.17284353752837
1.72806409018317,1.68101366135355
1.39139687845513,1.32408153191707
1.67872632444681,1.61930635176245
1.52950777466538,1.48720192879534
1.44667429463205,1.39542019132032
1.50566347563434,1.45599381185472
1.70066082639423,1.65963503932466
1.62514645693897,1.58046562262375
1.43009617455799,1.36647202797348
1.54764271121934,1.49665336178855
1.27240392519895,1.20538767777679
1.5351188898502,1.49147768323014
1.69291672912662,1.64184822592234
1.2617906663451,1.18712380200283
1.63370127895917,1.60600290859096
1.48092749121938,1.43593670195937
1.45293586971991,1.38933946711308
1.54398415764881,1.49742742768362
1.48371822711757,1.43279996831134
1.60835513494844,1.56702140031844
1.5467191653296,1.51835678271544
1.51008792152973,1.46018494539953
1.47642492800659,1.43242966936643
1.35922340295688,1.31208233693417
1.59421436864553,1.54461356826687
1.51820022909112,1.4660575259321
1.59090016530106,1.54806428809522
1.53902537552765,1.49976070084506
1.55709511788551,1.52540725750175
1.41120974147983,1.36373892889051
1.58162730205084,1.51521742946136
1.70775207467332,1.65329690763456
1.55578447784179,1.50615293307601
1.54234233761526,1.48717900231037
1.25400937064373,1.21090203853667
1.64768317505448,1.61326447072879
1.71253691931031,1.65065245450623
1.24279994481805,1.19499961138281
1.68133478119475,1.63083100288239
1.55871462212364,1.51585500324171
1.50819290375544,1.46534028791466
1.51309916681171,1.46703967793846
1.51090625348888,1.45375174167814
1.34835848446144,1.31196006866636
1.32102951413643,1.26935342373259
1.44466231134684,1.40768309849615
1.80143657805468,1.75143792372585
1.52981650508991,1.46114207214324
1.78209237170913,1.70748072553534
1.64350391760131,1.61278268162258
1.39789330841915,1.3601770525282
1.48612279176528,1.44263982524101
1.19204101308109,1.15193367854895
1.48067018884628,1.41049393371904
1.43180551444484,1.38242227215487
1.53188060755732,1.48834611077859
1.36308358543666,1.31925296090532
1.53995559801248,1.49785137986578
1.56559505687603,1.51174787770146
1.31392315028803,1.25983059822318
1.73730326502235,1.68908554694747
1.50338513351646,1.43632572271545
1.61274051799575,1.56416392811305
1.46513621592149,1.43395722413736
1.30878892517141,1.25015442831514
1.41398614303664,1.36291234522978
1.5443777210502,1.49501875470559
1.38092235854956,1.33938804851602
1.58474225128881,1.55182751096011
1.60964202182324,1.56079743640446
1.38824058233165,1.33930791151144
1.42894594919554,1.37370839262646
1.57343981508206,1.51673148028832
1.69902515976998,1.65374084329031
1.31778868652421,1.27623190562051
1.65970307043211,1.5894170600935
1.73471758736722,1.6771890461277
1.59061554492311,1.54278974288763
1.36776217934762,1.3071376316658
1.37797696785619,1.30839296801727
1.32678823180482,1.26804231279684
1.38300247198349,1.31221092964016
1.57729708464618,1.53639379375808
1.48020781070175,1.44269288935131
1.58208010880489,1.54846143847194
1.43155490258501,1.39813877924496
1.40636247665763,1.37766199259067
1.56790090118956,1.52568367577275
1.45747326644878,1.41124812788853
1.57973353221435,1.52398754672537
1.65234117081873,1.60773328804712
1.7186340875805,1.68403640281772
1.50768343793753,1.4442082595683
1.61259828203067,1.55800258153744
1.42961492111562,1.37010599306723
1.49716484602912,1.43749871492961
1.14137480890474,1.07221012338023
1.81480999681256,1.76942519910484
1.51025470040373,1.47012792219882
1.3994228943715,1.34404343310998
1.68277634132908,1.61169937606108
1.56890226555285,1.52334793921347
1.6518089596962,1.59413384693399
1.49898155011746,1.44320207363106
1.52562981691063,1.47456273789035
1.72367755367853,1.6642938467347
1.26068836877688,1.23353237617701
1.59705289047344,1.539896727663
1.57731863512166,1.51769621160145
1.5507916650479,1.50548534758368
1.43780442791403,1.35798077214911
1.67190843846591,1.63107726428592
1.5355264919527,1.49526435992274
1.68694365672041,1.64053450103677
1.5492156934123,1.50580915276933
1.57709077675143,1.52129642494915
1.54905195329221,1.50404179950297
1.29151906854344,1.24916150550268
1.53773015856602,1.51385455272821
1.45682729989414,1.40601169921328
1.61310386111578,1.55399683953029
1.24282904155045,1.17455511560159
1.5109304034182,1.45572211292896
1.61902418551055,1.54677048903661
1.67287888322477,1.62711407045861
1.40612889082471,1.37721805262218
1.55824286683805,1.5080787907141
1.633649343595,1.57138820893513
1.74879984460938,1.68905296053864
1.80848276778278,1.76154198613215
1.2309078419999,1.17702817916924
1.42870185073966,1.38045562163163
1.59866961604877,1.55368790902415
1.63198995210153,1.59333006034991
1.60585938368623,1.54831360569997
1.50238194388756,1.46315591641397
1.71790851896957,1.65956110941934
1.61870494941218,1.56534342020782
1.65806083658418,1.61978289989268
1.52666136725112,1.49436756545829
1.61828022270154,1.56266694104604
1.60795923231771,1.55238888122042
1.46118217939308,1.42137365831483
1.6004149333659,1.55814714579686
1.60386045382389,1.56237401189322
1.53107401090184,1.4468307584776
1.57748298393244,1.52863912516408
1.39753902841556,1.35165698806637
1.47947567392681,1.43627630517574
1.6040880892326,1.55398105815599
1.43405684848445,1.39073220783454
1.31036704356722,1.28021663728297
1.58884699187781,1.5571805929801
1.51704954700979,1.47402114954027
1.55661409451191,1.51715238671229
1.6992295631812,1.64534082891451
1.4235344202413,1.36832353429068
1.43908803390573,1.38486372431412
1.77254246159827,1.71198064108646
1.52079326765726,1.48051709668495
1.42977501251441,1.39556627535648
1.51653787466239,1.47629764766065
1.60743607846017,1.5644324808159
1.69448259487887,1.64440974041037
1.72559120878317,1.66212397453824
1.4537922388165,1.40668810741972
1.84844911460535,1.79192131958692
1.39001240145466,1.3612871720674
1.46590055115709,1.42175425748062
1.53873347206572,1.48738520970023
1.57574910640595,1.49775530656497
1.66364514677039,1.61504618184095
1.68054508230674,1.62464762168691
1.43321173351306,1.395211198899
1.70452769257093,1.66188554998789
1.72246860933939,1.67295498857346
1.39435562126251,1.34549432912468
1.69920995163814,1.62883401570349
1.55056765355554,1.47579064289421
1.3273700804681,1.27033152019795
1.71103180190391,1.64683415501046
1.63931736059929,1.59221168528046
1.44554331560592,1.39597115271459
1.79606230092245,1.74522278466215
1.65909281682517,1.6207304110001
1.52595933210935,1.47890515964794
1.87172298354497,1.83149621548851
1.5164983552297,1.46733867924292
1.52236579015587,1.47300790359786
1.68361818777276,1.6297938313012
1.46723816556389,1.42572379284207
1.62449412007156,1.57319665991989
1.62567745561574,1.5823328605354
1.58058875451875,1.53574594007551
1.5330581852433,1.47887812754954
1.49032826706267,1.4289818129814
1.48395686146574,1.44810499113807
1.59769580264874,1.55013030880734
1.65986900665512,1.61576427490088
1.71551964559313,1.67966611994641
1.54947820783079,1.50492471351411
1.49080465244989,1.43795636436716
1.59921116279738,1.54466239143785
1.72695330094207,1.67185479818056
1.50588137676224,1.46597238269869
1.35145341303462,1.29468685092432
1.51883504476734,1.43021926822586
1.62370146425096,1.57428778179766
1.6925203108089,1.64117550132493
1.44093739958486,1.37472329545347
1.73659741928257,1.65471669437491
1.537182013575,1.49411988808764
1.65944916158317,1.6113568016849
1.79147829890227,1.73681000660128
1.62037517671526,1.52935377895931
1.72991558533094,1.67900347985554
1.46721823935921,1.42539621839203
1.64509897565019,1.58181202359517
1.61933275357871,1.57063735467497
1.51861506059236,1.47733415583907
1.69195285707997,1.62995477851725
1.53065550388441,1.48100308761821
1.47653828901371,1.41705062000771
1.48490969068871,1.45418425044394
1.62764631789352,1.57214125173052
1.80946767980448,1.75595858702562
1.65629000322654,1.60355932727773
1.54783748423408,1.50944419151246
1.57717305193705,1.52661855351444
1.59288732812207,1.53779468634027
1.54060014787424,1.49430361886689
1.59430794337343,1.5381308133288
1.50385090636427,1.45066736420244
1.54197360478951,1.50121045844863
1.25687010415788,1.23660031563503
1.63798819799681,1.57625273031422
1.63106011609973,1.58432571577374
1.21077074362573,1.16635379254459
1.75663332549793,1.70411099988065
1.62159548709411,1.55271494379753
1.41682032584886,1.362238290017
1.47347943635918,1.42741657084366
1.61090785555199,1.56794753249394
1.48904286468913,1.45086808669517
1.56004292494319,1.5111609002699
1.50490866103363,1.45404706726479
1.48116216766642,1.43139024826341
1.38828388025953,1.34391755072893
1.60209754467644,1.54515405119802
1.4822867157303,1.43994183078096
1.49529163949616,1.45314104320356
1.58973032104226,1.53011360306454
1.72949238957969,1.65463177193176
1.66556250217868,1.6129728180315
1.52498693241618,1.47846087658569
1.36928276784745,1.3447743132884
1.48134871046056,1.43307685884884
1.54910227393916,1.49821618321369
1.56527714366781,1.53406139520939
1.53417285543911,1.48523011612308
1.48581449051965,1.44090256707323
1.59406125933636,1.54733896604798
1.56152680749502,1.51685168585563
1.69662599687611,1.66306082471953
1.54055268170963,1.50589201464087
1.64235768288036,1.59328609733761
1.35506622489544,1.2937659748499
1.44837533465439,1.39859847577746
1.60335806799797,1.55341556309088
1.5000704535037,1.45847143156597
1.27662158240084,1.22450235074541
1.60751423419205,1.57873291673473
1.50493509764275,1.45343071165611
1.68026193728246,1.63361974844897
1.50396562096827,1.46285564678154
1.7340943740283,1.6799723064273
1.54315425768466,1.50090064077187
1.69297108856708,1.64063540144207
1.53119740372377,1.47963426681358
1.52711283918899,1.48406207862843
1.75253229118348,1.69187661377227
1.44760209938263,1.40605822987981
1.45304898727983,1.38842298241198
1.38195829280199,1.33465251456214
1.30556800777577,1.26275725786374
1.62541034273663,1.58475754799676
1.40400859117467,1.33958357648103
1.55040998578945,1.50576259214799
1.70007507382728,1.62637530418674
1.56897759384486,1.5191574712132
1.74917249243188,1.69458837615494
1.53722539950899,1.48862399968825
1.54958052059574,1.49172105779632
1.73805787242959,1.70253039959151
1.46627262395278,1.43418860283231
1.4997820643027,1.45842954851878
1.86284474191707,1.8069883464472
1.2742350066264,1.21275022696932
1.42294924004313,1.35624149509409
1.37644040371563,1.33483536951273
1.54718429257049,1.49435147250699
1.43072277389711,1.37010859378871
1.51231343659062,1.46578010374025
1.47977558359809,1.44119533420418
1.63386382982178,1.58368483526067
1.51357087504398,1.4628035569143
1.71018802852018,1.64830160138251
1.51949451178259,1.47930508828144
1.61029861517345,1.55375649792542
1.6225168852411,1.57921208265123
1.28543111871259,1.22041598087455
1.4262918052923,1.39102524810082
1.54378765629193,1.48930005552909
1.58376416579673,1.53490258257606
1.37356659593656,1.32296462665123
1.46550728851042,1.42162213065805
1.63229387341912,1.58285563157037
1.35972022909847,1.32595428240464
1.62912439225346,1.56297286035875
1.293844921352,1.23151142012957
1.59735884859117,1.53541951077166
1.16945632263811,1.12251216118906
1.59461297256405,1.55439023094349
1.90195053434184,1.852218258482
1.2694762225334,1.21458865842406
1.62118595271277,1.58013427808141
1.3901994811775,1.3283255942426
1.44672954465312,1.40087779649488
1.5328378792359,1.49803388185098
1.60228515241215,1.5435816507619
1.49235015320644,1.43662274419355
1.78538224073954,1.72905920745933
1.5734684047288,1.52421169939771
1.7516458724175,1.69483336497475
1.50242396784783,1.45808938370509
1.30190941767405,1.24246396721222
1.56437638279828,1.51309346022829
1.56288249920659,1.51732406040546
1.74022714161981,1.67938869629868
1.47333646092452,1.43282858478269
1.60237687563215,1.55259279669583
1.55497043021626,1.51760996820831
1.46326315283137,1.38738606192303
1.57463012024503,1.53343380098434
1.40372311677901,1.35137658810492
1.85330049747383,1.80446713047295
1.60654184482601,1.54796450812728
1.41936593447568,1.38596318484769
1.44099702276717,1.39916889248392
1.71956388293566,1.66974927038765
1.54280322618416,1.50051900866905
1.58330376020962,1.53117607971553
1.58097150483487,1.53621485137438
1.46606755943121,1.43455290250579
1.53225200769604,1.48835874727304
1.66781299189018,1.62832984483748
1.60737324044679,1.55454461970975
1.66881832970154,1.61637755478146
1.73636931220991,1.69131206607991
1.71984978946558,1.68192560569156
1.8840309849705,1.83528239640358
1.63878035484847,1.59957252910509
1.37234257023105,1.31158077783912
1.51554711863072,1.47127892539867
1.78958997678571,1.73462002781013
1.71437260770114,1.67238914167797
1.33544186401813,1.27701206689038
1.77551894612115,1.72145842725372
1.515436112925,1.47405771393594
1.21583360974075,1.16534642388756
1.53536812067137,1.48335987933075
1.73394526432384,1.66331120664673
1.51845656779816,1.47580429823305
1.49152548840902,1.45112979525284
1.57002443427131,1.52283399798159
1.40425055132416,1.36875860871926
1.63590286045083,1.59498907794451
1.43258182770926,1.38747895673569
1.58507989591298,1.53524156529366
1.58221473598785,1.51886531350621
1.27690587820916,1.21015451586212
1.66795008694732,1.5991399547104
1.76204235287145,1.72070353759365
1.41722969454677,1.38338552805858
1.61032524701838,1.56874773622273
1.49909879843953,1.45285648120737
1.6558921390382,1.61679075016334
1.46526818169383,1.41128804153958
1.28725341421448,1.22223475783739
1.64998960199251,1.5968888141674
1.68457891909548,1.61820420020195
1.34216539564137,1.31492375509066
1.45382782591692,1.40428939839133
1.44394049384668,1.39381316174886
1.65599679748657,1.6065391188316
1.54209095418555,1.49517655445397
1.32794442401608,1.27380745487764
1.39291903216585,1.31784390512149
1.60315417250129,1.55548706923948
1.41461719753647,1.35936595401682
1.35019550958102,1.32473966721033
1.27257129943762,1.23362210647648
1.39540322866834,1.35705472362299
1.68924511890489,1.63368166149249
1.79588631606215,1.75349111120204
1.43481695405978,1.39304276059059
1.65044895763078,1.62053955243653
1.62422017691225,1.56909505699303
1.73265825146482,1.68149472499872
1.37079952665916,1.31298336780501
1.70079538778344,1.64827670263522
1.47690357032979,1.44076436177693
1.52794643228966,1.48371287492354
1.37557395480767,1.32886945572559
1.4698833824873,1.40701656068188
1.58631071652904,1.53450016977718
1.55632113094407,1.51540597324885
1.56833279863837,1.5166360026485
1.57963830316087,1.53016339210914
1.71688222235364,1.65896591649874
1.4164048065844,1.36901495133513
1.77683092693581,1.73154243896131
1.24393169290627,1.17588675802192
1.54075561288309,1.5002486694504
1.5757826821797,1.54471977732449
1.34285070061349,1.28094134590046
1.65647496440184,1.59177150063533
1.46139918983201,1.415099406157
1.33018588937057,1.25271134915448
1.69826909406171,1.66028121370579
1.63848438030886,1.5981283424798
1.53914493543019,1.46696608725882
1.65713066184964,1.61052655566896
1.8063631318824,1.76687276480501
1.74694169792928,1.6893741248884
1.22278884758878,1.18749817929668
1.54281111381677,1.49193140105572
1.43810508895793,1.3957786572068
1.53501783300705,1.49308233074003
1.41619960997953,1.36238937872227
1.76700646391215,1.70964212630217
1.62386648589098,1.56727833653415
1.58813959966221,1.51775205846716
1.20906392750259,1.16692915283596
1.34083550676427,1.28726637568888
1.48367689486625,1.43141036330316
1.7124931048355,1.63686234291596
1.57705281446354,1.52836595949755
1.55057192340383,1.49078105215547
1.64513924775565,1.59898095820297
1.46934134037524,1.43783534341524
1.57206236813354,1.52487932956795
1.6969611963383,1.65852452806208
1.39601202952062,1.34900955833584
1.64674136867654,1.60127645828799
1.29139018991899,1.24614917815792
1.59152663991767,1.54199657896049
1.65948437245313,1.61619382465749
1.58560995199494,1.51964275490037
1.4511856627075,1.4065512290821
1.52073572290428,1.48672279833806
1.50899947661451,1.46278741192549
1.44924107821839,1.3978434298989
1.50083745035094,1.45407870375086
1.66361957889907,1.61098091313923
1.55951027588559,1.50093673116276
1.43507176633662,1.37552602685385
1.20872778749095,1.16375204735774
1.53970846411841,1.49351771498086
1.59218386031738,1.53962559134341
1.61164139945903,1.57733037850268
1.88555851640565,1.8366947675887
1.56632490419607,1.50773234183709
1.38444714187574,1.35081683115866
1.69905821031803,1.6513808021039
1.45064879867623,1.41133034048183
1.63766350268133,1.59752897423142
1.55442524239423,1.51110534980562
1.65212868133484,1.58691474225611
1.52589079207832,1.47909498616115
1.5177953617242,1.47661971219641
1.50020972955108,1.42575865496042
1.57884614670187,1.51360776817327
1.59655987268461,1.56128326117483
1.17018774444852,1.12082903858707
1.68453728285536,1.63364826791472
1.68381310382207,1.61563015847355
1.30385271932873,1.24200058134649
1.25194381021492,1.22977174647048
1.58307983292471,1.53947731746351
1.7540738808168,1.70745510455602
1.42719975107347,1.35959164280274
1.6329423458487,1.59382407983603
1.31470913878059,1.23811393099713
1.53917582380311,1.49059365448204
1.57534436134272,1.52834826633209
1.27137953577012,1.21885773939165
1.44992551105923,1.42033569421572
1.71561157126857,1.64630674048372
1.47856477534622,1.43328362671878
1.51218335986096,1.46949601163339
1.46920169639977,1.41447711985949
1.77884512540174,1.72216991216465
1.48139447839542,1.43077417257055
1.55864235131047,1.49137840938315
1.45465065946163,1.40835777104175
1.64230698719521,1.58794426228435
1.41948173253597,1.38505342030256
1.51022785586123,1.47480081226628
1.58168029435583,1.53329795301444
1.46009474776515,1.4165172077265
1.56935710491717,1.52333438624404
1.5425708886854,1.50292524118926
1.34894378467617,1.31645393991049
1.76668225784227,1.72945319537321
1.3404062094542,1.30197015471141
1.30696273615254,1.24822703494398
1.59083951615758,1.55644361553701
1.47593914451836,1.42877408630795
1.67178115214367,1.60375225959207
1.62809495136426,1.5946582998823
1.39742956154733,1.32571546235072
1.44691510857574,1.40764469329781
1.9434945123543,1.90365497284441
1.32180977124413,1.27478538385172
1.27881111155146,1.21244127946177
1.62744784023712,1.57449814327858
1.61939781854129,1.57657413355547
1.67354715427802,1.60529588268262
1.58349369353672,1.54150598831975
1.41441758575867,1.35451539968287
1.56665448498559,1.52026868263966
1.27413938084328,1.20554125970844
1.63131686179818,1.58527194924847
1.45473699329622,1.41368457214871
1.63056880765786,1.59079397341707
1.66747546518514,1.60653350874622
1.54921436658868,1.49761311305881
1.44153891883032,1.40987866240884
1.41849996764445,1.38094468924213
1.52490345869017,1.46768108982249
1.45632140808402,1.41578238062198
1.4562444559746,1.41293534045491
1.6573075049776,1.61420791807306
1.72522956745455,1.67161198826925
1.57606818359413,1.52877098040786
1.62872077044621,1.59000393066689
1.58777010856759,1.53682291574396
1.6053179450908,1.56413852753068
1.31416627435274,1.26349872309243
1.42940861515334,1.4012197512451
1.62135143657648,1.56138081822061
1.5893226732012,1.53928940119972
1.63909728369554,1.58712399887715
1.68643995293472,1.63234568735673
1.55057874050087,1.4942189908761
1.60195015127888,1.54999044331003
1.55465049263537,1.50507024337457
1.57518861330679,1.52863861063659
1.55566943658087,1.51778438816305
1.53388576214812,1.47410799033151
1.57771498177861,1.54147061820757
1.64009121929142,1.594952762521
1.53995874321675,1.49326474047217
1.62719728793031,1.57822891742402
1.52990932564255,1.4873913187144
1.57493045203875,1.53266166623381
1.4721078866661,1.43831160145555
1.64227018933847,1.59640160657703
1.30880642742122,1.26766116062923
1.62921125161207,1.58888526525725
1.33956931840842,1.30458486865907
1.40269068655493,1.36342055521447
1.9163577026757,1.8615295913968
1.54495817757281,1.50064149818066
1.67873107185132,1.64414603164036
1.6706946702527,1.62521604156875
1.54114436270625,1.49693870912917
1.67092931011065,1.61997136249833
1.7734652080803,1.73063943370544
1.68101985287001,1.63935006079547
1.29900138404101,1.25589514575556
1.62716588402673,1.59378585032224
1.58557837998922,1.5482056303441
1.58538330154361,1.53318877650369
1.59230603057721,1.55104217496907
1.50117435020552,1.45719833875067
1.58851929540241,1.5429568298029
1.53972809993351,1.49762175241447
1.61851884690861,1.5594385793488
1.53512128948347,1.48984126577547
1.62396431219292,1.58601804958409
1.53953414861022,1.48135189160712
1.49428649931542,1.44003767817563
1.45614273992671,1.42444979082462
1.63410741633626,1.60304500809997
1.55063023381572,1.50325292788173
1.41511036570708,1.37633528424009
1.36702551241879,1.33345954441578
1.55488062572695,1.49783677966851
1.68184550956169,1.62585320014062
1.73980712436348,1.70289233736882
1.66994724602734,1.62718877069804
1.25380907813586,1.17641120714464
1.54237382755677,1.48800635915397
1.45469663991284,1.41461273915415
1.47006785131159,1.41353131896711
1.62989533911724,1.55819847373385
1.49237487689924,1.45631196515128
1.16723218090241,1.12771285166998
1.45031807515102,1.4186691792847
1.66750480885652,1.61703110995383
1.58353589414314,1.52506255902412
1.68615492314566,1.62608387700653
1.52417800696463,1.47688478179911
1.34642966474001,1.28041820631934
1.62646131915684,1.58303420416707
1.63265631931858,1.58422301033632
1.757689313978,1.7051606886024
1.61513614060639,1.57607553506278
1.14940223450791,1.0860261729025
1.700808772524,1.64961166112743
1.60218320622899,1.55150512066614
1.50227910317589,1.4624388438494
1.43809141552207,1.40687972574505
1.68689152780261,1.62428049299364
1.50445311606571,1.45572116535451
1.23432930514066,1.18702165617237
1.53486014009668,1.48477102704626
1.54762240996574,1.4947774531534
1.58200852901933,1.49682017255483
1.74487411553765,1.69981085049946
1.75770868775586,1.7088315120425
1.58373550572624,1.54153290753951
1.78666920534277,1.73235327937174
1.59796132226613,1.52660117123381
1.95493123270083,1.91358835783854
1.24340233031464,1.18746138111833
1.53173709116669,1.47400489392192
1.56419990176249,1.5181862157896
1.54330815220766,1.4971213228034
1.4268627631675,1.38002078969039
1.67309214726012,1.6163837683093
1.58708535067065,1.55796458476474
1.25930621949981,1.19951308387074
1.70525239586895,1.66371906440154
1.39703605822747,1.32199172241325
1.43204687348277,1.40127456400767
1.58640236333711,1.54163727377399
1.60646571963113,1.58425733943093
1.52055264800536,1.4847011447894
1.51020876139751,1.46204653469136
1.63159148224166,1.59246202063529
1.54967591169456,1.5112252181895
1.66723791138207,1.62651850366898
1.6806577297563,1.64872933699163
1.53048034544329,1.48440285015025
1.48751385448134,1.44599418338769
1.67286080473772,1.61924584934161
1.24340592691456,1.17831437025007
1.3939180557794,1.34813902442403
1.56833852296538,1.51278090869868
1.5616457047632,1.50879541085341
1.68531751463554,1.63375508267522
1.3613360273856,1.30606134878553
1.48744384638677,1.44136804043803
1.54229511468539,1.48401339970432
1.61718759534848,1.56267069745639
1.65381400635009,1.60757283140993
1.57741470847388,1.52834127766812
1.4204443164812,1.3777984060683
1.42911541026456,1.39751336049304
1.5024580504365,1.4546616064966
1.71578723101493,1.68414753025781
1.65462361720886,1.61092634335369
1.62570776926873,1.56370098280932
1.45007092227627,1.41443888482516
1.51604857733056,1.4656071353701
1.72630207736413,1.67883397920998
1.56122377484782,1.50825393749374
1.48836051300642,1.44260230270027
1.56525693542344,1.51521548277591
1.59683754362016,1.54579405919031
1.72277269073245,1.69910402227861
1.50556576324028,1.45090742079821
1.61110601895728,1.56788137350492
1.47594742290837,1.42852613894329
1.53637942811336,1.49025527199745
1.42224789746965,1.37748097224648
1.4953160260885,1.46180722070217
1.52755810921667,1.48863794047467
1.3535974859254,1.27361041901521
1.57937565596367,1.53152838134177
1.86879920804434,1.82273918995875
1.44430203511111,1.40044109201617
1.48811913612428,1.43678337238954
1.57942709464961,1.53627830595455
1.34401868538989,1.29633812830896
1.3916109388958,1.36859592011027
1.513130573701,1.47637304490238
1.7438845532059,1.70546193831124
1.43292746115041,1.40109374961646
1.9048123831086,1.85464864375958
1.6033432466874,1.5632977098019
1.4650005842115,1.42222480516875
1.66293220027226,1.59710886477064
1.26112439102555,1.18964450479266
1.62001961506561,1.56195703929586
1.40363970739824,1.38076798925362
1.44978972774922,1.41942633670949
1.58636025965528,1.54689335326856
1.56520758129423,1.52010818826265
1.59868348364104,1.54854165467435
1.530192951459,1.48492946864005
1.41699694673708,1.38284909475698
1.41525273728986,1.36813218421937
1.70637722191051,1.67176718940317
1.4157386245183,1.36485828776128
1.31575846225333,1.26865322339194
1.41085909795331,1.36946720616451
1.38305472136102,1.30671598676209
1.4958908524897,1.45139801059186
1.66476800005363,1.62081291201684
1.63949742874331,1.59438369850416
1.44160380529674,1.40472118359765
1.60395960951756,1.54821999800425
1.56949131385135,1.53447068404127
1.63685796174199,1.58940536747594
1.48615001876336,1.42701568201319
1.43798527133828,1.39560485848794
1.53177327186335,1.4778987423253
1.68551049184948,1.61387164721752
1.46535400607346,1.41275202336902
0.989942659455179,0.949009760716009
1.61990663831932,1.56957897052357
1.59861592657923,1.55472263831709
1.61352573347525,1.56462973863321
1.56067085707109,1.51751889268468
1.34753815743344,1.29136736189874
1.56012096273629,1.51482840333497
1.51112355117782,1.4494721348281
1.58874953689842,1.54022111327816
1.43548569151918,1.3837223910907
1.68187657203722,1.63273965980754
1.48873312818615,1.4400474358911
1.72456903099761,1.67060497223564
1.52706102225666,1.47549269830957
1.65119365037056,1.60447230071655
1.78643923018867,1.73182250214357
1.77043559837233,1.69208810135472
1.69320624516603,1.64477484774582
1.56012010756502,1.51293943274884
1.69788468584396,1.63202354990523
1.59226466718857,1.54694351544508
1.40805537474726,1.34043641510153
1.57797266710988,1.52998954618565
1.68744236139119,1.65254888340703
1.34389548644595,1.31333077274712
1.5574424817976,1.50982152844284
1.56846369450124,1.52586422290014
1.58826628101492,1.54498700445468
1.40017737500797,1.34628786737489
1.47503187789149,1.41827170986694
1.59612586953964,1.53590634308479
1.39616099155573,1.35955302919347
1.68020813296449,1.6309558468682
1.51404663703334,1.474181904726
1.59004244911561,1.53123344408977
1.49403894550884,1.46430720487846
1.587325085106,1.54367387715777
1.60966066661661,1.5667138421713
1.64656170040639,1.60236092153893
1.56099837705126,1.51970446308193
1.53877994090764,1.49032734632214
1.42042764476471,1.36497644505989
1.618331527695,1.55786497678805
1.54331212944725,1.48841276203864
1.38283799072734,1.33550366123988
1.66377944948271,1.62567871464959
1.26947505271753,1.19182769181307
1.6045319690848,1.56550715578988
1.60544095407279,1.56499492219889
1.73218982548815,1.69231738046909
1.53016765866715,1.48557291638337
1.56677669093028,1.50220203542278
1.5309822511888,1.50214776209599
1.72235033596357,1.68912345789616
1.7140724828867,1.6727521304884
1.5850821756026,1.52764765565545
1.57270682866163,1.53645814994166
1.46676933878756,1.41045971884897
1.20152031964333,1.14910412610469
1.48872818210988,1.44970737168495
1.63134312477474,1.58105931440711
1.39329913044947,1.3286385138002
1.62945519975544,1.57475643056341
1.57837412071165,1.54097064955393
1.47480330391961,1.44092324180931
1.4475595732023,1.41234316351399
1.52693444441339,1.48150574149756
1.59292530303899,1.53490540164169
1.64454952460983,1.5858292135475
1.41271524197699,1.32135175209356
1.46474702515163,1.42813656447297
1.58829528656717,1.53841756241986
1.61615456923862,1.58090182762173
1.43972092281002,1.39790229088011
1.39279103761785,1.34234271373857
1.68725861518375,1.6470727116709
1.6208982588135,1.59629928553127
1.63922334290281,1.59718519879622
1.46594069325655,1.41408490996329
1.2375385600655,1.17018964018831
1.57381051159525,1.53016068134422
1.65889217076439,1.59706587883402
1.46319606666377,1.41484957564262
1.5405261444217,1.50083099816831
1.3409948917074,1.28390328590061
1.35230901558764,1.30453232563663
1.67922112162569,1.62708231342473
1.70400728303881,1.65089397534486
1.70269746865143,1.65591569105662
1.46727463580662,1.40543057289848
1.47649616874798,1.43405720672231
1.53854121553728,1.49744142710401
1.57792144264572,1.53174303285479
1.65904502242077,1.61033580165293
1.64493295134525,1.60237402429381
1.44647582849748,1.40953381162084
1.44490780083303,1.40635265611413
1.5208303297054,1.48959770798883
1.57175239444063,1.51940027193734
1.42927311323893,1.37935686926796
1.2730837968303,1.22047360781565
1.3580707116299,1.33324955160078
1.4893752283456,1.43971033912262
1.47646888156145,1.42748272282897
1.44516465661606,1.37819001310154
1.44111843709804,1.40895762256173
1.4987082235564,1.46995173172274
1.46606066473069,1.4249735547379
1.56373603083142,1.52578443006417
1.51792137291869,1.47600782564944
1.41240580147121,1.36443017893969
1.61795458117743,1.58370808511416
1.17583349691788,1.11073697001471
1.49929414648045,1.43271485861773
1.20715340033917,1.16577524522127
1.46566311967539,1.41595186742118
1.61438794850657,1.57667117243962
1.71424405653429,1.66322512593175
1.28763036873513,1.23929772030513
1.51612839610514,1.44627702963612
1.39771295085479,1.33230375468057
1.4222693370243,1.38378125944663
1.52214609382972,1.4697663090454
1.45617541990119,1.40977424688078
1.63547085695675,1.58585547110656
1.42245628861925,1.38771793273349
1.54288514477142,1.49840490614539
1.58763082086691,1.54303446393514
1.81399397669296,1.76003613608415
1.52008785421802,1.47181463481421
1.78910990014735,1.73483874522999
1.44392918417776,1.38888887856498
1.48416064826954,1.4206195171342
1.56232209072858,1.51473588046793
1.69885847620461,1.65987205395042
1.46453557213827,1.41530890386067
1.51071137235949,1.46670882408254
1.4385498436714,1.39323800606412
1.57371630190951,1.52190117425084
1.25993709195244,1.19632599670052
1.53365763970385,1.48455584969732
1.43815403824386,1.40952310462795
1.56847767918735,1.51975795652957
1.65972876885224,1.61036058361255
1.34136311426678,1.27809409839855
1.4276422208654,1.38220336377676
1.52233079301252,1.47583435005911
1.65274670955982,1.57860838583958
1.60897830657542,1.57567747473113
1.47762568281801,1.4347612650928
1.52516621017373,1.4726277866841
1.84876552047411,1.80899564461828
1.60227027140999,1.53830404720313
1.60534455475522,1.56038133684673
1.51968721286875,1.47725378500709
1.49895139152171,1.44729267438555
1.50051686587931,1.4654421556697
1.40055334243488,1.35566775101158
1.49902356067404,1.45823047988881
1.72986265583198,1.69015143880862
1.6081440294798,1.54655983116721
1.69279161148775,1.63986467761648
1.4621673569241,1.39749018398059
1.59522025375209,1.54260213055485
1.38324326804166,1.35972821162107
1.7523941762308,1.71215339314944
1.68076759523683,1.62710677794723
1.61016576743405,1.57988037161174
1.34675428524052,1.281793383205
1.58917571608415,1.54205542020237
1.61561326912969,1.55168070879313
1.59332404997131,1.5460083121399
1.30690094021521,1.24250014213936
1.66337189890514,1.61579422965823
1.24806278915071,1.194702054025
1.62015690996665,1.57535151360269
1.49046686017806,1.45565429836832
1.6564685373887,1.59898157069566
1.73255971029768,1.68887740352691
1.49530788061136,1.42947032236349
1.66298122419808,1.62895886403811
1.53561653170844,1.49495956804892
1.64991792361388,1.60974592063023
1.48600859258225,1.43751556389854
1.61106561540094,1.57759383933105
1.56501566916148,1.52193558596813
1.60975224774907,1.56364911089034
1.30486826500084,1.23656724912314
1.62029822213468,1.55930836532744
1.45275507356179,1.40658088161623
1.7682677825829,1.71425125152578
1.4983120016467,1.45524907300687
1.46987630674042,1.41914450736394
1.55600670840392,1.52015896652469
1.34085077212507,1.28458976625801
1.50415846241685,1.4622378099348
1.64262475710366,1.58501463877595
1.53207639688589,1.50085957049562
1.55580688580207,1.5170508712029
1.55392409875675,1.51122075444729
1.5607876241076,1.52867180991665
1.48814243599131,1.45352979923191
1.49724957659169,1.45043330627354
1.4731982533439,1.42606053967593
1.62048552904762,1.56978470187248
1.54460881214631,1.49679513660176
1.52763382928568,1.49547749609408
1.62212825687928,1.56828456106728
1.44064949877059,1.40248965719751
1.58904818712807,1.54152835199714
1.7060257180303,1.66699238105262
1.53463641310453,1.48405537307508
1.55485122578064,1.51634105241334
1.63872234818129,1.58381064323369
1.53669714326163,1.50402719893424
1.55750065393503,1.51929863630752
1.62882364016977,1.57622766407637
1.66000987152072,1.61117922149921
1.40440193871887,1.36742790136843
1.6231489673729,1.55763591062777
1.61440850027429,1.56833566959721
1.55122845921421,1.50880657000869
1.34298241006471,1.29163497535323
1.60447455910157,1.56423316790156
1.51327290756868,1.4613041613842
1.53274018223566,1.48795385532829
1.41034080951508,1.37117768975467
1.49649975605924,1.43439892170426
1.72999244512769,1.67537741880558
1.45199083957777,1.38841044037258
1.54883638212691,1.49492205051149
1.46960805134849,1.43068114641207
1.3038728126945,1.24208892042252
1.61022812092458,1.56274094387829
1.57722704048932,1.52214380899528
1.70389115746924,1.64133301077254
1.65422659522218,1.62203251917189
1.53774615402195,1.48185773390456
1.54319024938739,1.49720162130577
1.60195274873312,1.53596311786234
1.66627941885107,1.63145622297302
1.53788825949095,1.51527718346571
1.52028931960327,1.46643935720961
1.4555219593933,1.41270588705755
1.29077450567277,1.23565073662879
1.48996272313412,1.44838321337283
1.58380207914182,1.52958953796513
1.84831068191349,1.79480534512108
1.63693813041433,1.58685555258314
1.67603655561672,1.62703571592564
1.578410794584,1.53148214572867
1.60458327920981,1.54672991148283
1.43670286562375,1.39210419701712
1.35471861405482,1.32229651001518
1.55977912601039,1.50978741995511
1.6125707234136,1.57297728980549
1.51811926574355,1.46397227566793
1.71509450097774,1.65247532460224
1.55122367839674,1.50882073037895
1.5393912858131,1.46707337382711
1.06915956822954,1.00884333840319
1.56634364009473,1.51542097676102
1.62276983756122,1.57929911814766
1.616093229489,1.55629535807897
1.31902240340374,1.26858547939099
1.61176187316642,1.56026142692654
1.54565041121933,1.49865700521644
1.51616536905448,1.46529958908024
1.34023603866184,1.26358401424133
1.59000014067922,1.53525059003641
1.51866059354496,1.47056178058662
1.41108166210031,1.37598391326032
1.50809439974492,1.43147935097176
1.63467690517903,1.58889588504888
1.51968343862237,1.44462235411916
1.79525093177941,1.74768691638303
1.69581764439029,1.64820479852309
1.59572738905546,1.53780558708492
1.55238835705747,1.509908570053
1.31417382733169,1.2937606654018
1.50063155633877,1.46388860848719
1.45385738961797,1.40283511764271
1.51833443475202,1.46260775741265
1.36575942391066,1.31122755663935
1.6532124725472,1.60669421827429
1.50376328229628,1.45956022059195
1.62227785105968,1.57100098618616
1.35104409070021,1.31342844936584
1.80476330123118,1.76096000326019
1.63210833247479,1.58463224621356
1.52554632066961,1.47458103619922
1.48897286812515,1.42695847830379
1.60554916080897,1.56435630717655
1.52338140208093,1.48161727722643
1.74029798081343,1.68874313894251
1.44778307397211,1.40142973614292
1.48979970929699,1.43030878430247
1.58306239523537,1.5307997915305
1.73410308371288,1.68429485960827
1.6797051367787,1.62270456257447
1.61870141636438,1.57835694563668
1.53913320339713,1.489538031281
1.66615705592074,1.63483629955586
1.5672072265081,1.51902640977902
1.70902428338102,1.6513693006004
1.54820027081399,1.51127778556477
1.47347213940296,1.41755114115262
1.55776521366591,1.51622626580339
1.60843565534177,1.55586288437003
1.10619746787519,1.06289092676156
1.54741735055424,1.50598856572408
1.23317688165955,1.20585856953095
1.39141284625176,1.3660724036097
1.45999221799745,1.41945379640676
1.54690232072411,1.47956236816507
1.43598294163487,1.38758293000077
1.65386033753887,1.61908748400082
1.18771342796534,1.14646227136737
1.4131525826599,1.37631447956927
1.45996081709852,1.40381120981649
1.57789414676068,1.53044087873522
1.65635994474161,1.61080902207072
1.60648474552103,1.56695012029878
1.29073952516287,1.23061974233597
1.69389973330368,1.64363192082456
1.50393365011531,1.44793876098452
1.90524781228245,1.83838467115586
1.59300533330248,1.55830976560242
1.61286049425321,1.56583906849061
1.6131469144304,1.5600815780513
1.33281634615599,1.28595788233336
1.48929363470947,1.43714882814611
1.4325216555765,1.3819268459335
1.61706992423993,1.5516156107636
1.35900396340049,1.29055990039365
1.58514770064036,1.53932732921935
1.7076262874462,1.66301679339333
1.66252547650804,1.56239233076343
1.59108778762518,1.53260072885347
1.43479222018121,1.3914036374654
1.54279427388011,1.49294020863179
1.48414949794388,1.44842627854018
1.50496335017553,1.46317299143168
1.6933900402657,1.63506393703494
1.44279504256632,1.40034428877133
1.63085252353426,1.59386892980594
1.43107335285836,1.36619086834683
1.66590133888461,1.60928921420185
1.45425334976894,1.3840301774726
1.56547598330781,1.5120368246702
1.34294084167468,1.29880492637741
1.5590963172181,1.51165236749832
1.57948889066336,1.50402121242759
1.49509333895028,1.45117298610544
1.69963556451902,1.65976613228414
1.57071196408019,1.52825316941959
1.78611997145514,1.74271861116601
1.81177995447499,1.7648716810728
1.55307831154407,1.49728617516185
1.33682459078859,1.29995488220677
1.56954226707396,1.51471276515059
1.82563566491066,1.79362422207701
1.53822384690687,1.49949824435919
1.61882995333188,1.56765394109789
1.60715211100232,1.55802500781721
1.23665299002522,1.18135706198178
1.46229870363676,1.41778534508369
1.64805910628226,1.58246876649938
1.61679653715619,1.56700254354747
1.69952945634226,1.6540995420221
1.20037007083499,1.13426756749341
1.652165703537,1.60164640489905
1.52845781231583,1.48632878821845
1.54639763686339,1.49614672027369
1.1989598938721,1.14536932783418
1.4857793740654,1.4310387108018
1.64778315920581,1.58297045915324
1.34560314240434,1.28115980260411
1.58646911239428,1.52512264606772
1.32059469926359,1.28569927226277
1.70014542334208,1.64193122356152
1.40437782241913,1.32202975411288
1.57022626078529,1.5213005593113
1.64854721603041,1.58144055413003
1.39101414152478,1.35596968374561
1.53488619709664,1.47968285021115
1.68181004114888,1.65053479706043
1.56164376014665,1.51284643245521
1.53540211086588,1.48509245233619
1.54782922333668,1.50039515140983
1.3601853124405,1.29814754082225
1.58404947883168,1.5289467991347
1.35055736173296,1.29770410948582
1.5561317502662,1.50511349693848
1.67912900400883,1.62302874188363
1.73488183580877,1.68712561401088
1.7164907480933,1.66591880265598
1.50555679490555,1.45341342998974
1.4242175626501,1.37327623794317
1.62015478918657,1.56264731632181
1.66742406283216,1.60963652034057
1.39817307866685,1.36923197804776
1.78371452902323,1.73271904078731
1.72747938349602,1.66856428793314
1.19784337598631,1.13526688022369
1.66399013259534,1.60815139421405
1.58690904228142,1.53172635534754
1.90476016869834,1.8450879194121
1.69609011916262,1.64616771776198
1.64927828003979,1.60528687024517
1.55858507158922,1.51296332146333
1.38786111411301,1.35182874963141
1.60268931653609,1.5408653823545
1.56269754228551,1.51392424074961
1.53804912540443,1.49152827349441
1.45271558941893,1.39047873832614
1.62389368935967,1.57383839257253
1.73481326723217,1.67237934414295
1.37458143975582,1.33705724173884
1.6860618949716,1.63481417304785
1.35099358068791,1.31691953919464
1.53358008018674,1.47264623684143
1.58903093445147,1.5482727671569
1.4566687373266,1.41822882671576
1.6891401786045,1.63073839421116
1.54943221608168,1.50276631830994
1.61239191376262,1.551508312079
1.63400083513613,1.58804000143484
1.56195928942453,1.51726923706361
1.48530879570326,1.44558921329159
1.64357955615591,1.61209237452609
1.79414169873309,1.73960542548574
1.70683116562283,1.65801163312174
1.45155905339254,1.41018845965921
1.58668581539328,1.54848162087059
1.62504838112425,1.56233725951795
1.47593914562428,1.43071974311139
1.73003289025916,1.64206463687561
1.15080338273296,1.09894641123732
1.59880017991926,1.54467109731665
1.66526173877064,1.60851386679993
1.56491091932006,1.53103264533037
1.65433858138169,1.60097338083324
1.2373716046265,1.18872129113884
1.70136442019616,1.65187899303733
1.47997941539433,1.42688636942849
1.48530620415837,1.4214593208117
1.48881573326279,1.45499736901768
1.48558569412114,1.44183601200252
1.54667430070664,1.4972466839723
1.83773583276633,1.76841560379983
1.5789385140756,1.53355749837654
1.53135621178365,1.49209691980897
1.65167832954838,1.6141108792468
1.55591724633331,1.51114792261287
1.40957909824543,1.35660292226687
1.53859761372057,1.48883542688607
1.44016955962009,1.37762877711911
1.50082292871243,1.45123127366567
1.56895821197362,1.50756848032992
1.56276608642151,1.52300060240058
1.28243901080934,1.21873653307932
1.56772449961512,1.52417316630157
1.59440760710701,1.54747624911144
1.63770399021369,1.60048479257701
1.56148038903787,1.50907516083608
1.61735051567516,1.55275910357479
1.52021190279883,1.4723775045626
1.51955258448009,1.46538450745296
1.6774353292878,1.63251122484364
1.45020207461986,1.41792213411961
1.64041542894836,1.59756553977975
1.58707829439484,1.5375726888683
1.61249315527277,1.58505968006499
1.55726551775296,1.50594419001613
1.48718756862957,1.44282252478908
1.76627001367276,1.69629406932021
1.34467188587189,1.28639353044361
1.69784778056532,1.65478973428401
1.55238408721092,1.50914775138842
1.4722299440229,1.42418772164331
1.46294034950669,1.41920433231574
1.36319033972717,1.31534518259723
1.49620496403899,1.45803860414478
1.38491407369739,1.32879907180456
1.61809823597687,1.56660664339368
1.6215316922065,1.57339828360632
1.45514612863693,1.41688929315526
1.36239789248123,1.31298662454525
1.3650691911184,1.30809682365569
1.21775808155763,1.15675880255667
1.32993933585859,1.28330899462171
1.54988295069463,1.50814731803059
1.29380439144559,1.24840534561617
1.65519438352051,1.60750507468952
1.32024651971307,1.27228237901931
1.43922803863452,1.40996317062762
1.59351029221231,1.54155212460211
1.31637985816367,1.28067152423185
1.51239258662991,1.46968243007252
1.41934011750791,1.38413285243748
1.55197225626284,1.50349703671101
1.12763683953271,1.07082283716363
1.68010214796033,1.61790353323311
1.37600353675843,1.34166694546166
1.45808442513139,1.41707867843286
1.44005383690653,1.40490718955802
1.34078222753038,1.28694295089212
1.56029761562003,1.50711293983181
1.35464128209687,1.30756480129554
1.48058708386182,1.43489809636548
1.81299155382289,1.74599575980731
1.48666486156115,1.43961528330099
1.2983081245818,1.23534990069862
1.46750912403809,1.42089468329455
1.59444592586693,1.54384576138562
1.46189432568752,1.400352130339
1.73337382275903,1.68010805929101
1.50328673304304,1.45879995043547
1.3276207226629,1.30012424235994
1.54995566108266,1.49386917948048
1.64653106445198,1.606575847592
1.58300289488258,1.52049801599291
1.27765098284072,1.22710015151712
1.51234036684221,1.46028761550298
1.34924834427485,1.29238432749304
1.22515342277698,1.17410176318375
1.49154271657395,1.44060750462366
1.50597913543671,1.46653849239312
1.5363312092728,1.49059116867734
1.49063130818213,1.43207288615798
1.57035954353142,1.52092083203146
1.10090480600437,1.07566907816699
1.53381015655924,1.4537159648216
1.39226367603314,1.3530678196087
1.59814529731394,1.5388079619142
1.48640765229486,1.44177593167607
1.4414231121124,1.3861500374123
1.42643976850488,1.37868136207251
1.32802603689659,1.29452570129773
1.59916099698018,1.55965937291678
1.53555718387964,1.48125194330269
1.38571691411655,1.33727935288692
1.69704369120035,1.64563508036668
1.29050679712136,1.21779418164664
1.26365814438002,1.2011352500766
1.63364855527119,1.5871272811967
1.57306750876295,1.52434475889888
1.31930571537881,1.26375839830394
1.21266899580532,1.14645211087556
1.56092958166448,1.51573044635203
1.6909533509314,1.62510695580826
1.526054714009,1.48163581952336
1.69958413348664,1.63669664187269
1.35730486301615,1.28828867552085
1.39993744810689,1.36023257444728
1.41346023589009,1.34944759966507
1.19811582177838,1.11669647688054
1.28596492899698,1.22339594826493
1.49991710119833,1.46031546120375
1.21947162991676,1.1650905207673
1.62134581764839,1.56438025813875
1.42895429213289,1.37303034194381
1.73020131618195,1.66359553107225
1.76870728282392,1.70912663800986
1.77870289328135,1.73707651480747
1.66989974613005,1.6351211550097
1.44866014939894,1.42003870553459
1.43469141078802,1.39595465401702
1.7998099350504,1.75833103692456
1.39647470111467,1.36245162903554
1.57111478673858,1.52616650921491
1.47499832701099,1.4351738376489
1.65948279129686,1.60779796362275
1.48156821920232,1.44072480521819
1.75323755669548,1.71497148066183
1.67312142433903,1.63206584251023
1.40315551261109,1.34965171926174
1.62659904456567,1.57948432009508
1.59922358645144,1.5565106544792
1.72254947338792,1.64656472019903
1.69494339341923,1.64807895909469
1.45446844771982,1.39942368740721
1.2915535579986,1.22910998556781
1.6910489361221,1.65501997594331
1.48229905965892,1.43283298846398
1.44652805050366,1.40469654390856
1.60916575037029,1.55886142446941
1.35078573831795,1.30173960917137
1.42403380011518,1.38857438987788
1.5789510383579,1.52757207332203
1.4639818517161,1.41509787996644
1.50927641322627,1.43231057230222
1.45291402159778,1.42903087837071
1.54134527590029,1.49516252597031
1.32329938693728,1.26685442098115
1.74845086940944,1.69118061362077
1.40715209272237,1.36902841731509
1.51872534071476,1.47873387582358
1.47047442493697,1.42815214940964
1.52437844308814,1.48156272707386
1.51328122513641,1.46227516700674
1.67253130847165,1.62768167904005
1.26162704145868,1.21413010474928
1.5559499015066,1.50157613209183
1.52758964237666,1.4745208423302
1.43144831349761,1.3790672472189
1.69162779195147,1.63310583397267
1.54374310919243,1.49409359912658
1.32742558347756,1.25865015783798
1.3054476276458,1.23033968943353
1.55045508257041,1.50543741067128
1.49592873396994,1.44500807688593
1.47133836648234,1.41465641217277
1.63229194696879,1.59651553119482
1.65792086239919,1.60428984928491
1.65709349017623,1.61158575531069
1.48786444602205,1.45112433091304
1.53131009559497,1.48003859122177
1.63640393834409,1.58408523151333
1.52485434409966,1.48222466426746
1.59735385421109,1.5487669901245
1.48227312973029,1.44248749140031
1.56485551077994,1.51903718863564
1.33491201324313,1.3038904306044
1.64670966150713,1.57708142504473
1.73545726744813,1.69532272235487
1.4876258233056,1.45146957460718
1.33700216936646,1.30403181784569
1.83108536265102,1.79522256465346
1.72473034384792,1.68386060971278
1.33404840881851,1.27899331944152
1.60254638409663,1.55939167463003
1.68621281287421,1.61481523348164
1.58229647704909,1.54064780572624
1.67617371969357,1.64029040599467
1.46943945653459,1.42692136826607
1.51590916308983,1.46458535076044
1.49415084333746,1.45825868234099
1.30086443426382,1.24272802608671
1.71253094597654,1.67098151369105
1.60919379951827,1.57667892043461
1.1844061602015,1.1433829311549
1.46971575285733,1.423540731765
1.59742092079738,1.55462460274337
1.66510584289613,1.61640037587087
1.46565126787454,1.4222887864659
1.66540928005568,1.61047811825315
1.48272405085815,1.4257113152789
1.46059756485282,1.41519306670286
1.24815284978039,1.19185274450591
1.54733374591684,1.48474462009622
1.71330605195264,1.67068833812688
1.58802429969906,1.54460868134955
1.56722036463675,1.52953402892784
1.51019361040903,1.46462170158745
1.58153700374926,1.54051734055595
1.55187917688949,1.51647006611217
1.55124467429421,1.49065497108744
1.59251350278498,1.5469601249743
1.53643883172751,1.50059494122416
1.85800285199758,1.78946538248666
1.74199614104895,1.69655924321853
1.75519178221187,1.70978550608672
1.37173883555943,1.32047141661041
1.65845584034243,1.61834055673096
1.56127709810253,1.50493394897318
1.2978449454607,1.23293807254532
1.53179214736271,1.49049108185801
1.51399659098309,1.47537660417226
1.44164493769043,1.39457089848483
1.54179259976611,1.49492165015964
1.57250379993044,1.52359056192856
1.42671391066399,1.39076189909957
1.6990785707756,1.6392209605441
1.57274782102991,1.525798536193
1.77273900576252,1.71826812337347
1.5638704831554,1.51769574958001
1.32933641289193,1.2753288777622
1.76327566471427,1.72581119678802
1.66541576468815,1.60419377649136
1.46015898229139,1.41106897592773
1.33490510913795,1.27394677551904
1.48645896408655,1.45258480817738
1.70480015818208,1.63499945601772
1.40766043413512,1.33390427764174
1.62570231192446,1.5780392708235
1.45910191378309,1.42071271160202
1.66144276475917,1.60936320937916
1.35466389400376,1.30382622547979
1.39432056436699,1.33862342318704
1.5778760962804,1.5331360281914
1.28323436234844,1.22198871830754
1.69455340703283,1.65561018898805
1.74453760940724,1.7155403680256
1.4984100975794,1.44931094136197
1.42441363606692,1.38829368755401
1.70423160313807,1.6489770833916
1.38798789860037,1.32711734883306
1.35452831580805,1.29327275437166
1.63867039439039,1.58770450476033
1.65777959791364,1.60450854061495
1.59216332213161,1.54655729077025
1.59035631327598,1.55414947862108
1.52149323155768,1.47306869794416
1.33482675030408,1.27438554747588
1.56096541239173,1.50462114183088
1.5889380353313,1.5501019118667
1.57292026644517,1.51997263854657
1.59942185563159,1.54768796636168
1.5204443788753,1.46414842107197
1.46079756529484,1.4216428954114
1.25711989434559,1.1900221448475
1.40284729737559,1.34728150692282
1.62803145020944,1.5775246094121
1.51137527402929,1.4634888668933
1.81435491134163,1.76501887595619
1.55999251036409,1.50878415915345
1.65537274758775,1.60089561542202
1.58008254802761,1.51839077698515
1.42963437272177,1.38388518992146
1.45221652994273,1.39771515484122
1.68604636856515,1.63605640642859
1.45334783004387,1.41770849874628
1.74859274698605,1.68051957822723
1.45630695106156,1.38944674336498
1.56811448453688,1.52835427264578
1.12443472153099,1.07825794648742
1.52422582900569,1.48180776176512
1.59822035949312,1.55366190275108
1.52565439847105,1.47127525347332
1.52627544791997,1.48970043874152
1.47377363260129,1.40926888269419
1.49422529496094,1.45339134409773
1.60926178308573,1.55664722432247
1.30256800120041,1.24860817374903
1.50173232138086,1.39288096367172
1.52582890319569,1.48598692416446
1.7841594416084,1.71497338455841
1.61858319225851,1.56944603016964
1.62278107206521,1.5796025143691
1.33281323400272,1.27059955238214
1.46270136684473,1.41248206799931
1.24998916129037,1.17433963673561
1.62496174642824,1.56744530586353
1.6580614414077,1.60984022005814
1.25164563559475,1.18775794856401
1.47753029449911,1.44254011544765
1.92580231875749,1.86649622839722
1.68011392782305,1.6240297365967
1.64032656479999,1.6018980371768
1.55345737957348,1.51141604682126
1.67872925298041,1.64001849843999
1.34800362066694,1.28942971238691
1.51796282866282,1.47673740888242
1.63301508009962,1.58550120051796
1.30974561599262,1.25947236499937
1.50288892430032,1.44278333024851
1.37814743872711,1.30667154525945
1.76293439454112,1.68166108794477
1.71894850027134,1.6790750276209
1.54477914251942,1.49597264062737
1.49193489060465,1.44078896058386
1.36404362644243,1.31060298121436
1.24509896550032,1.19600296106814
1.66409773527827,1.60478660883578
1.72364198775392,1.67257331759225
1.59535761982859,1.52383615038369
1.59773757173682,1.55636209088086
1.43191764241837,1.39270581802815
1.15961652569054,1.09045044718417
1.51123838533294,1.46079064720778
1.52047146598583,1.47917740290473
1.54297979161448,1.49120415802534
1.43335422477191,1.38773608032538
1.23581946349529,1.19985734586839
1.50714454431163,1.4615236242928
1.61120933519761,1.56140694211949
1.5630733818362,1.52155067046759
1.76011398659044,1.69738739889178
1.71865025284758,1.66849857383465
1.15831824049224,1.09328944351232
1.62505082101349,1.569355838596
1.56004184721886,1.5182406644666
1.36072141513173,1.28515951555866
1.44016268913549,1.3927391802328
1.36000799813332,1.32532300714727
1.56042095651877,1.50758672710703
1.39434877103816,1.35599584668283
1.51606995596374,1.47536954161028
1.52229347092705,1.47228260558508
1.70600624740008,1.67270810649368
1.44399856008562,1.41007949841661
1.45796133419874,1.42568919562613
1.60541282689615,1.55454567679084
1.49585328737565,1.45432535684326
1.61785846032834,1.55511810601935
1.623921337954,1.58188516861826
1.22957297203386,1.19257384175655
1.70223714808237,1.65038044947502
1.33985097128144,1.29899913321625
1.40400772403522,1.36542325252076
1.6130955922324,1.56913915455385
1.31750008706797,1.25456211527574
1.57570115672742,1.52551120292736
1.41885155527765,1.38169688080841
1.23673831174021,1.16822887774615
1.58669622436474,1.52903885135742
1.83532812368433,1.79319970617402
1.56556364192985,1.52087282191047
1.63304463824844,1.57509114279777
1.52789498240263,1.49073525706278
1.25477688842777,1.19425044751937
1.44553029677755,1.40060153039273
1.49446739739684,1.4534208632289
1.49046099253775,1.43531689397114
1.52413618100084,1.46230836025582
1.48025619783735,1.42927798980646
1.5408563755696,1.50167570700016
1.73698513414747,1.67634666928785
1.19147635662099,1.13326710046014
1.37150756490622,1.32338796922455
1.44158673773731,1.41150737202876
1.63770238549109,1.58878542261746
1.70927826305938,1.65855600962201
1.43157998720624,1.3938819796056
1.5886062783862,1.54558696943669
1.42309826278849,1.38749567975268
1.62597489911556,1.57928535577198
1.5268976323072,1.48472128654704
1.72132012011778,1.68694812866814
1.36490880034853,1.32873515753249
1.50457858237519,1.45976905953291
1.33550008174159,1.28671248255405
1.68225425924731,1.61920315302137
1.39990839240231,1.36618150311967
1.39984369362034,1.34730073344518
1.77281372316008,1.72596182395872
1.52584787064746,1.47312557951774
1.5845464103625,1.52240047718879
1.65687683513563,1.60230332273566
1.67540441110887,1.63147801824777
1.60173905044589,1.56233303452038
1.58334237167629,1.54697200550926
1.58339552808359,1.53965444684738
1.5171414634533,1.47169888214386
1.55593842737828,1.50763570569139
1.47407639346967,1.42883205137326
1.69311885527782,1.66046443727232
1.66675609325106,1.61847080895208
1.69504237113565,1.64782436385202
1.55304761862407,1.50253154185345
1.46157930476009,1.42094034332961
1.65301828251231,1.58722147502908
1.5835728938811,1.53808973188039
1.49152250626215,1.44827748892828
1.29641794381829,1.24254964579506
1.56510452203015,1.51752552144949
1.48452623534237,1.444135733706
1.58134921267462,1.53166459326874
1.59892882084059,1.54990031495313
1.47950234818854,1.43223585894308
1.38657914108245,1.33871581873188
1.57116154455542,1.52444984660017
1.67157156716292,1.61056288463626
1.44512858718208,1.39847515470772
1.33378791080828,1.28937164327539
1.47202019053229,1.41724661820016
1.39518544447622,1.35303234749335
1.3625248421747,1.31186250319517
1.32950909767658,1.27073491004434
1.42849556142766,1.39405239879778
1.50040936885231,1.46305821848673
1.56043956008222,1.51557492351335
1.57443830949786,1.52620651719934
1.73711782898225,1.68220165650878
1.59520530090776,1.53642207900326
1.56963357262802,1.53214872451644
1.73455078224135,1.67568104551199
1.471265148254,1.41784009362314
1.85738413675864,1.80108307660629
1.53445135824001,1.49022834870653
1.55190577781951,1.5018087714392
1.56253581933349,1.51741774690849
1.4952490920493,1.46390463127125
1.74805541267867,1.69258418314261
1.19186710878249,1.1412753691102
1.74307564899643,1.69341176192035
1.55929048164324,1.51803180376478
1.51597945385021,1.46945251759025
1.74899041654739,1.6987151178251
1.47432586099758,1.43092946067476
1.5448371218921,1.51049386232667
1.56607011754287,1.51978263522841
1.55476411055893,1.52734672400217
1.72641045899812,1.65793808081876
1.67901543705629,1.64289672794447
1.54235904044805,1.50357327319824
1.51839875449924,1.47989822143291
1.57629519527251,1.53418177320657
1.38144350107053,1.33405280710756
1.60342673617926,1.56797927980541
1.67753658580531,1.60749283747793
1.39295347332332,1.33094288678933
1.47718768767715,1.41788702306965
1.44570665104495,1.38753643931056
1.27402628745079,1.20784974332059
1.62865025789299,1.58057890233053
1.58807811879808,1.53799526500245
1.63450950453867,1.56731265498274
1.60082207196998,1.51641701889168
1.52842816837905,1.49035425050049
1.24515903210676,1.20174547244768
1.70140049881336,1.66453378480825
1.69330694953244,1.65138396753994
1.74445328255767,1.69136397956358
1.29468336229929,1.26147591255266
1.40569261973696,1.34339153671969
1.59808541318642,1.54756419270867
1.62464328109231,1.5659282054095
1.61431346707781,1.56254288468183
1.87901505077294,1.83292170811407
1.75030363183645,1.6966330209733
1.59017033280839,1.54103896142338
1.46699989867148,1.42534565187838
1.43079521927372,1.38422934302786
1.57563256675767,1.53263609296713
1.57018964621414,1.53575676064058
1.37898531581119,1.3358539219884
1.41589911835948,1.35799835592229
1.16939292501496,1.10160752453732
1.53249428448418,1.48990841792038
1.58496860162924,1.53370382031419
1.42879493435737,1.38248859384119
1.55571414475813,1.49991087377744
1.16799932933907,1.10895878446641
1.64349435941237,1.58311752519019
1.18498883889007,1.10956741918742
1.57831389288639,1.53533281333464
1.61469063238553,1.56589254901703
1.57378164611156,1.52735050442791
1.54962184657093,1.51296067062015
1.60278896099231,1.55825917725737
1.6410121633338,1.60657720677334
1.64003454086094,1.58251655009698
1.3383364454079,1.29839279270049
1.69332502730509,1.6532924850811
1.36355313335654,1.34385147565551
1.54840420236204,1.50591216217971
1.66297247322706,1.59427553234096
1.4674394516142,1.4307985273421
1.37129172419117,1.30418018455525
1.51061092529977,1.46546494865503
1.54628379072247,1.48645273912724
1.80128346639113,1.75065774462315
1.48563549751531,1.4491817570014
1.75196969292949,1.69685412855567
1.64617476441393,1.60018199551561
1.55602161286819,1.49286323116545
1.64789906500885,1.61204795091485
1.65274228039702,1.59298968428691
1.40898725321469,1.36047555648324
1.44433418835376,1.3943934730276
1.58652349802862,1.53241925966934
1.52581734516646,1.47655847889991
1.60345380017955,1.55760659216143
1.41331038999832,1.37307781024996
1.60697844737781,1.56354794942113
1.41226526561266,1.36859347593357
1.61130253662719,1.56797145076482
1.67116334628386,1.61553183041723
1.50085218361061,1.4661316885523
1.49520277087729,1.45845292530284
1.68685572195987,1.62137103699835
1.65173976460908,1.6007385087326
1.52687435214678,1.48221712808575
1.44469056912845,1.40593107291453
1.48683580859061,1.43700298261792
1.53024713495549,1.48519663674537
1.74628770583009,1.68878040975463
1.54268841503209,1.49512204796518
1.38502729873081,1.35082052464382
1.66095282307025,1.60590835714859
1.59014473174973,1.53917754608986
1.47564989117569,1.42535125801699
1.42626360382003,1.38103815058719
1.57062670442286,1.51552868608924
1.56251868038074,1.51146255387439
1.50496209556305,1.46064126198604
1.64746191792238,1.6009419272996
1.57076158728113,1.52785861349274
1.73873077939566,1.64562128048437
1.65511579218523,1.61945201046019
1.55767082738585,1.5042614160295
1.57302040134094,1.52733600937668
1.60612180913213,1.55928579607916
1.75486162257056,1.69835654799341
1.48887598979101,1.45363855592821
1.54598471452057,1.50953531748964
1.5062388779935,1.47044260920526
1.54708515898703,1.50822374004435
1.49985403101575,1.45487440798507
1.52330789369116,1.4826912909858
1.30950141406931,1.24418718732267
1.40649347265338,1.35978158115128
1.27682799749099,1.25168222119925
1.57459251982359,1.53751419976878
1.71355893379143,1.67554598751764
1.71953607540131,1.65029188187351
1.27941293289125,1.21384710973307
1.42352084507586,1.37864929819116
1.47018424044477,1.42363744853187
1.52184503106986,1.46877038124252
1.63479717539462,1.59013893424288
1.52627094099946,1.48277701528303
1.50844933731698,1.46805603050534
1.57041241571954,1.50607446114037
1.4704378577717,1.42023741342959
1.78357068846522,1.7276250629878
1.48547478396874,1.44806211949758
1.5375364757696,1.47911766196671
1.40165893105884,1.32617531643563
1.43787651108332,1.40523163890436
1.00404505660992,0.961272803534732
1.48279916949837,1.4339387789279
1.4865308025536,1.44727376468867
1.50868394957581,1.47184522508117
1.55970313167077,1.5246207932078
1.59090988009314,1.53345489227105
1.4620976439117,1.40569402521894
1.64267554566197,1.59622933980656
1.5439473338942,1.50066737910151
1.27705864237913,1.22762696224331
1.60666927468717,1.56895032980122
1.28788304316541,1.22154460028941
1.5563642841492,1.51626137990392
1.80328003610096,1.74704483552975
1.42149505218129,1.3831320293493
1.56779961224382,1.52706389474277
1.3272667605757,1.25930410822134
1.70186219072624,1.63850736842913
1.59435358318122,1.54150722352127
1.61940922758481,1.57825213915568
1.67294744856943,1.60995960947737
1.56014679689783,1.51258324390396
1.50719493085929,1.46368041443226
1.6249479944739,1.57777621405947
1.57804836360671,1.52708721835474
1.64713709658477,1.60761085297017
1.85430336219191,1.81016928544071
1.35337281558964,1.29853319792836
1.47836806977774,1.41919452641317
1.71058109601914,1.63686188731752
1.50690083008547,1.45578824126064
1.45721499016864,1.41670036710471
1.52632383537394,1.48638508419856
1.53794507169705,1.488572151594
1.57694903078474,1.52906273974536
1.69448848775251,1.62784540972985
1.49928522855847,1.42863517119395
1.79490865063984,1.74695316794679
1.7371803719168,1.68300568298126
1.5748494066036,1.53300949741744
1.44744926258737,1.40217312159202
1.23611522667222,1.21469966805219
1.43774995724866,1.39337499756522
1.62700364222309,1.57884573305858
1.57465412218973,1.51850502540364
1.46689018062505,1.43013339697824
1.70188257844331,1.64399558905209
1.29681978283831,1.2460992266464
1.62794167441602,1.58789452563927
1.70727667568902,1.68023687252494
1.70173041272967,1.66409810643651
1.61109790671344,1.56224875122268
1.45205089784106,1.39636257920558
1.5817210288231,1.54213686476469
1.28385633077343,1.2076636839481
1.46180678348271,1.40036983411527
1.59300840079567,1.55395358771597
1.42820966190381,1.38581691459966
1.40380366117654,1.3562681421546
1.3278086948803,1.28174969839958
1.43722194074615,1.39435265771775
1.56922910936526,1.530306908182
1.46434083654308,1.40695478155415
1.49245592782588,1.40320297165538
1.40210838003209,1.360968968007
1.47866696781395,1.43737700545255
1.60562739248547,1.54933592001604
1.41038250556561,1.357565953621
1.55094347798306,1.50148625676075
1.58530056385867,1.53315713497753
1.66063873097625,1.6096900244967
1.38285051432138,1.32479919292531
1.66401391019331,1.6174746103655
1.55745713370512,1.47933680788752
1.42243208255742,1.35796692027509
1.50789610873736,1.4617049264804
1.42460441149715,1.3753174835829
1.60621619223424,1.55303995508604
1.4743699575576,1.4337219428582
1.35400141401387,1.32579791514977
1.19652939821839,1.14946836247721
1.5455853313686,1.49916872190356
1.61685558255206,1.56653558251467
1.45808412273796,1.43063900562245
1.55132359612536,1.50643044320055
1.5230479277718,1.46837382241689
1.62871938903734,1.57920510376118
1.60019927835705,1.55149080267883
1.31725230523629,1.25294012528323
1.61961620598886,1.57017243464654
1.76230153092267,1.7139694635708
1.2921561995358,1.24384383263945
1.59576790180754,1.54751281966693
1.53483960487155,1.49226446258122
1.60801303726148,1.56075872007144
1.63766797063355,1.5989085403373
1.21780469773695,1.14262444950214
1.54894688681444,1.49902809831305
1.29585809630632,1.2437247827374
1.49932683923438,1.43339392782671
1.60374539315393,1.53789952445179
1.15712632115379,1.09551311775374
1.47291733968063,1.42236164819312
1.33530118921468,1.25685116882807
1.74162861380283,1.6965049966036
1.69996022458786,1.65354139976051
1.66672138985316,1.61160193127057
1.2363577619676,1.21331930608614
1.26230211227194,1.2241094631302
1.37941250744822,1.32565076067736
1.27649754012335,1.2180280176037
1.68590463882704,1.637661723682
1.54948867307977,1.49323856184442
1.34227697569775,1.28768897888287
1.54684816623908,1.50052739841564
1.53756728683587,1.48897715046286
1.73754619659973,1.69322844624821
1.65777822574695,1.60993114725354
1.48781365933403,1.44099522849219
1.40303767024392,1.36686717128811
1.62748084590652,1.5725608530281
1.56601250356423,1.52423252702793
1.45912857913131,1.41210085034965
1.72981793891318,1.66675454369434
1.61101087049361,1.55565485635885
1.5138287820252,1.46644737846037
1.56294525518581,1.52241897089396
1.44819581737474,1.39710923024744
1.55974991715186,1.51410867093168
1.48807899584459,1.45889926677517
1.50749388410157,1.46869835434299
1.22652224498033,1.17099147906276
1.1712488965064,1.12724055248833
1.48223228383216,1.43306977879057
1.31601354364647,1.273413611946
1.84519768573215,1.80050132328135
1.65507796206301,1.60721764119495
1.55812592120857,1.50827505155362
1.71240111567161,1.67606029034528
1.67337326443441,1.6281091190378
1.5782465770457,1.52647423178862
1.42453095134027,1.37416714928982
1.50272204928214,1.44709427932222
1.35302011847433,1.28016598531324
1.68818244224577,1.63749368173021
1.49497170773679,1.44641641282032
1.37405996437521,1.2956294572627
1.29781461051022,1.25063294429748
1.56582843030014,1.52309338501466
1.37234106010437,1.33290386537072
1.64950189544583,1.59996812597351
1.50100635463121,1.45936293828903
1.52559946962298,1.48151264633139
1.67419214480998,1.6136508334046
1.54547031203052,1.49829649586915
1.59072766778926,1.54180516934931
1.58615437615516,1.54828036764678
1.71530099691744,1.68374302839388
1.37203731571999,1.32420086594287
1.48627812393548,1.43132429062789
1.47380190335444,1.43369937805612
1.6457184918695,1.60323441892813
1.49839150714159,1.41910607241395
1.50386037644642,1.45198540951747
1.53770568826665,1.48451395488471
1.59759564054147,1.55632495373939
1.47363509272008,1.43329501202775
1.61441594807433,1.56299943468529
1.3733790486745,1.31925707942708
1.55574979466096,1.49762513635558
1.57651545723167,1.53124707883805
1.59270891984932,1.53448729385769
1.4974263876351,1.45379778515222
1.39655322595119,1.35900954119619
1.56957661433686,1.52164610775046
1.53980931569069,1.49897622801334
1.61295082512793,1.57160949449808
1.4862055175792,1.42478209748263
1.45717535724045,1.42303513877697
1.6158327871461,1.56202325913023
1.64433544499615,1.57931097489731
1.45879802691913,1.4086561709992
1.55537314781522,1.51008920728323
1.72826037208968,1.66424081137908
1.70663693615832,1.67462061538088
1.61237216627907,1.56959283506138
1.63391404528642,1.58602807784664
1.12914382946386,1.0562567683771
1.49903596117577,1.46092874758242
1.32614835910482,1.28686234346714
1.36306527229656,1.30729334558638
1.51601519352177,1.46928563581996
1.50118764531419,1.46399310771389
1.56629076259646,1.5213485021058
1.51181405013197,1.4602951828645
1.31968811251686,1.26377354592851
1.56851011444745,1.5281883589434
1.84265446119779,1.79673367799006
1.48676669232073,1.43894434108655
1.48353335080833,1.42903637927212
1.63843231475333,1.59495899410991
1.49854462414506,1.47165304290172
1.62165422917451,1.56266119646452
1.64204614255737,1.59978026233319
1.20682868107778,1.16208424260539
1.23270714268048,1.1872673742468
1.67524211000205,1.62429908752003
1.69487831829931,1.64138116252768
1.61794688834634,1.56929963745774
1.62747364668762,1.56663999512738
1.66017472027272,1.60705051365153
1.90934199459154,1.853557612055
1.74731624460111,1.69726178777819
1.58453927275897,1.53396855697315
1.52912966913797,1.49367131579585
1.64683097568893,1.60720653026719
1.54399691874874,1.50332862992719
1.4455049240234,1.40370136592743
1.32069072281127,1.27144548601308
1.57325806193736,1.52754903842762
1.70123548625457,1.65531628519688
1.59092848522874,1.5462797873792
1.49041436389402,1.43468079001823
1.5724408836028,1.52635424673167
1.67475485346548,1.62943975081498
1.49290965858196,1.4511165714729
1.78094744804462,1.73474610050435
1.60254178259589,1.55724171188314
1.6366915853649,1.58375368472895
1.62735346615482,1.55492913418095
1.6358351275346,1.56340533804485
1.58047544086528,1.54397590344965
1.44575964419019,1.39344180142339
1.5795027333618,1.50861298901762
1.72436725250451,1.68124785798552
1.44791753307835,1.40300328730507
1.51167834002474,1.46439380691043
1.48720005726518,1.42957117356978
1.67815555568795,1.64482976251144
1.58010171674165,1.5252318396877
1.39541085645514,1.35128356483125
1.58106864629242,1.5487032800021
1.50592652725393,1.46243646082573
1.72842975969973,1.68801916721497
1.48645995928742,1.43928122855872
1.66236391739918,1.6166241357136
1.24821461315584,1.18341679077831
1.55907811815812,1.50169546669075
1.5099555004595,1.47690260337718
1.72834009970367,1.68792543666356
1.82866935735654,1.76984852716442
1.33242257945045,1.27679937117047
1.30541481901885,1.27473343593227
1.55715071394358,1.51865892382295
1.5445832465854,1.48520029109548
1.64721033752936,1.59402875720569
1.49353665590039,1.44950522384903
1.24472060606328,1.1724068402571
1.45708370163883,1.40896901435248
1.55152370349185,1.49685862717822
1.45884979271109,1.41629497956861
1.54619858720707,1.51003729067921
1.34602191063377,1.3019607457354
1.43894594920803,1.38730125940168
1.74932284912091,1.69620717478641
1.63151425552194,1.59064295194164
1.63432044890686,1.58963058592611
1.40039475638731,1.32055648565039
1.58726159321672,1.53023295407343
1.49918038027046,1.43866075676971
1.52008049227165,1.48716231725252
1.63591109499604,1.57827469492757
1.31160884122491,1.26149459957246
1.66975150052247,1.62760096402849
1.90260301741809,1.84849849113916
1.26249439454299,1.20001943950747
1.49109780885596,1.41436115380577
1.50976769975552,1.47677382387331
1.653483714508,1.60682572277428
1.36153709048721,1.31184830655909
1.58520924329396,1.53573694120738
1.76043145226475,1.70783137422821
1.60769796521609,1.57029668403047
1.50763762298978,1.45876336493477
1.51517544464633,1.4768120874737
1.33309489367274,1.28561584783354
1.33484750935751,1.29152955003563
1.49343773644365,1.44680079828488
1.50770880774512,1.45964008376978
1.64917382280268,1.61530331378416
1.551822017362,1.50407718455207
1.7126293967804,1.6732927096391
1.52594923129179,1.47671895898028
1.54324163165531,1.50054753387169
1.54633322453542,1.4687097551991
1.44027435622562,1.38824056751647
1.28974138697741,1.21046297700926
1.34231961590897,1.31997668241285
1.55835592478222,1.50950481556095
1.51320273919753,1.46661806426633
1.45140053820018,1.41964914893628
1.44405521617059,1.40322803030169
1.72495052469588,1.67902805285564
1.48360103724229,1.43571512490789
1.61298339161223,1.56975584697463
1.43670714937554,1.37694509270091
1.77512835782698,1.71829391700231
1.52154412313135,1.4766851077652
1.75674991622135,1.71152830784582
1.57202664933003,1.54078789737125
1.79381986878411,1.74723364898438
1.60744491943429,1.55894597675659
1.37117885853295,1.30329995946822
1.56535393404487,1.51833567353043
1.61051493202664,1.56729239808802
1.42308157055127,1.37866534366918
1.68500184514907,1.63340603157225
1.75796529762297,1.71534744084015
1.65303083926983,1.59397203260672
1.54412508701073,1.49371175165285
1.74814201689886,1.69716277820161
1.53424523290697,1.49221135902754
1.22489969372156,1.17969933243668
1.33449186542628,1.27180916998413
1.75142301805991,1.69112706522829
1.12732252365901,1.05835097246838
1.56124462480661,1.51720145809611
1.53081496962815,1.50122448624893
1.36712589749105,1.33677148086375
1.91887014365495,1.85587977142348
1.56240986450014,1.51177391099247
1.71607123498305,1.66968746377149
1.66055363401133,1.61085178251909
1.42809456507664,1.39366422745932
1.29446101204889,1.25307689082674
1.53959397533582,1.48274543243583
1.45059060507988,1.40505319013321
1.62151980854258,1.5795166040416
1.52538746737274,1.48239776981764
1.69984295343253,1.65464634258825
1.25344652617333,1.18955081597123
1.61654375770007,1.58661790034119
1.5188860049338,1.4492174379781
1.23043586414486,1.1640697171862
1.45476074815206,1.41179734359312
1.65580281546984,1.61183586469044
1.29814997912445,1.23949996776964
1.38869141494367,1.3388508134904
1.48925294472179,1.4472241930401
1.50199088074613,1.46376293156673
1.50779829856184,1.44961798549981
1.75153320727909,1.70294158278312
1.38762307238043,1.31624617907052
1.3138783968684,1.26014681089833
1.25496505401291,1.20040848027936
1.6206247971489,1.57093577592537
1.31590722049953,1.25673758214429
1.38529057525189,1.34854187354575
1.64979991127003,1.5817753453847
1.49692979955397,1.40867487817998
1.56633070445205,1.51437812596417
1.50599913796873,1.46433082108737
1.30932055802383,1.25336170385037
1.44095178200718,1.39613801693264
1.4196212967806,1.36732506948609
1.66797681792459,1.62189948099455
1.61600056097733,1.55481257273396
1.45907303554251,1.41807668859185
1.45162808612005,1.40307273175866
1.69163331961713,1.64380022390288
1.28566991020021,1.24836823703725
1.68740423475684,1.62190541095656
1.61412487870378,1.57554746664955
1.58053276386213,1.5256693407863
1.5424348583032,1.48759739151145
1.25061332140866,1.19068430209424
1.39105828614495,1.33704204467999
1.59411021620291,1.5405766680613
1.69081586197296,1.64193789757467
1.62517373918587,1.56987329466062
1.54493506225431,1.49902417224736
1.52833313496105,1.47899356120752
1.4944054791078,1.44923116969288
1.76065287769385,1.70128547581808
1.47527044695738,1.42626788555156
1.26756026768429,1.206472328937
1.55166971702241,1.49666179746165
1.48222243570132,1.43605397311728
1.69150423391898,1.64486744777623
1.69311538504366,1.64406994753991
1.53682064444304,1.48395302676513
1.50983289424655,1.4506167442416
1.44227096401421,1.40196870260848
1.59313870988422,1.53374965316722
1.39665524727101,1.34160767177239
1.84425635779513,1.79732282173231
1.53410266993483,1.49774344765605
1.59222698721896,1.54987508769878
1.46332473570042,1.4297562758391
1.53535948820938,1.49059513708553
1.5992180073008,1.55717659576942
1.68260653309994,1.62787725621114
1.69296879989909,1.65455786344244
1.61480328828505,1.56804103063461
1.49989199762949,1.46124263400078
1.63443610855461,1.58211999332898
1.37884331105579,1.33438131213728
1.58503189198525,1.52283029983034
1.61901771523725,1.57460062524426
1.60513455243901,1.52301411231499
1.5368441912512,1.50183492075347
1.52224430346335,1.47132406548531
1.53030982491837,1.49373606190071
1.5609878957877,1.52744043697855
1.67859200608676,1.63797154070263
1.55121709804161,1.50346914047093
1.56715094736855,1.51796506780777
1.50468465480446,1.46349319922487
1.52581468405248,1.4778942983141
1.52896477492865,1.48725871359943
1.39081653064586,1.36544003737787
1.65171475516101,1.60220075346595
1.48175595904221,1.43664050756473
1.54720641104674,1.50190383239011
1.51266524300604,1.46880174178688
1.50459407932255,1.45463041514074
1.54991665094139,1.50031354247466
1.64665809743037,1.57719696894283
1.13757994512171,1.09777927876701
1.63959889753965,1.57945491355433
1.53848670009029,1.50138083880051
1.48387846376386,1.43277874727389
1.43295321756354,1.40194385912701
1.62432706328556,1.59006568153444
1.71189121189363,1.66594059662494
1.7312368975363,1.67799538975086
1.50232668855819,1.45139726381473
1.46063084814282,1.41521313263008
1.52923565291522,1.48226484215654
1.49133003686818,1.44536968581791
1.47818098109414,1.41851230397066
1.48421834582865,1.43900933381513
1.75664513224503,1.69310947846398
1.58728547257647,1.53326171354827
1.73964609810332,1.70638155263033
1.48395791708612,1.44050494312282
1.25602455622366,1.21022448588922
1.61577265884192,1.56967873431604
1.55401586613379,1.51398480763188
1.57000190959299,1.5221861323523
1.61903535815501,1.56221939006218
1.69492899304557,1.64369952569133
1.75518032302365,1.71588498504879
1.39617761812465,1.36703547717927
1.5662739759204,1.50521768216321
1.421932329288,1.38783784029731
1.55270545667115,1.50576745727388
1.66292868353221,1.62706097610436
1.32522067058023,1.26878200866767
1.8258962199418,1.77509262910332
1.54896209685287,1.50733875186308
1.62452939837521,1.58010967780147
1.50941561160025,1.46938264675131
1.46810294065645,1.41454413396922
1.60037407940782,1.56690776628108
1.57886669566098,1.53922585164136
1.64799709493832,1.59726538695413
1.43885772731143,1.3961962693759
1.59911936623095,1.54047751462093
1.534505059769,1.4870538515738
1.27084538447211,1.21530116545338
1.8474500772408,1.80317461572641
1.62103999071122,1.57996989458883
1.53477156378637,1.47063795080079
1.79563401829615,1.74885597853292
1.35096694753576,1.29495931791873
1.55619560769894,1.516025595086
1.50774124322073,1.45229167669343
1.49058752913759,1.43930924414166
1.5212504702333,1.46256850625741
1.45516791722939,1.39170880271273
1.63313620334402,1.58624594446082
1.51437254532062,1.4583239089344
1.52647887628282,1.49513200558065
1.59006837332029,1.53868049488557
1.46358069354012,1.41714438683884
1.37781623636478,1.33058335290171
1.5600452013186,1.52116295651345
1.78434978682634,1.74771359214846
1.65797230657382,1.60425402645313
1.54265058215022,1.50430541424581
1.71297007210124,1.65320468867523
1.6551894055676,1.56360340736205
1.7310270252229,1.69262467028402
1.64331479710592,1.5983979870914
1.61059674658007,1.56116080747571
1.49209036587419,1.45602027090473
1.32464324284079,1.28038421050027
1.53347751182676,1.49038994006686
1.48121364594884,1.44018796792004
1.57128776162299,1.52771618186908
1.46621875804381,1.43093435267824
1.61379715347332,1.56353628482704
1.31532710625568,1.28175461100569
1.39933415722712,1.35423095523624
1.37682748510068,1.30708907321442
1.5960001442002,1.55108845401622
1.86183846509815,1.79473413674933
1.5782021335785,1.53844611235012
1.34897046331392,1.29224851130497
1.64513341449094,1.5909520448285
1.57655325400103,1.53608208309354
1.52028235583147,1.48159487899242
1.62649879074227,1.56638851429787
1.57784442435582,1.52981559651699
1.53216746408741,1.49628410105732
1.32507194379005,1.27394900391336
1.42639433605402,1.35139356898544
1.45300897603783,1.40479220251827
1.18506317773227,1.12597642030744
1.67419432606803,1.61723453903342
1.24953880506957,1.182442902414
1.34669157492132,1.28420489842721
1.61182523937244,1.54680850748907
1.61950628527842,1.57532522041698
1.30574957374328,1.25247545897935
1.76171699011614,1.68616695127803
1.72326095443205,1.66813244302388
1.47918530489761,1.44670331263718
1.72825139379415,1.69691253675752
1.5202192444047,1.47362455165983
1.65527105768102,1.61637416241602
1.42555461694161,1.38502311058934
1.51643242437978,1.47284146499855
1.56203598518333,1.51831253490237
1.71553049752174,1.67136726566526
1.43350852201444,1.39319402593179
1.81366293270289,1.7708873832358
1.50635514139601,1.45726236935958
1.35074025314369,1.32240700583593
1.45491757633542,1.39445549882538
1.65863734409411,1.60262241104689
1.53930426281684,1.48973938069922
1.6912183811439,1.63920186961649
1.50226280052288,1.46247749428015
1.57469032337879,1.53146260695952
1.63879683864262,1.60022540843431
1.52293279546999,1.46042167599707
1.65998987996647,1.61353652071221
1.4631347238798,1.42787135328996
1.37139984491775,1.31443579534344
1.30159347137265,1.25974530409127
1.40225766340698,1.35955044681202
1.74692016941652,1.6922663385638
1.54064719719532,1.49993081265842
1.54248345454114,1.49449859960905
1.40657589405292,1.36841310566784
1.52834313243832,1.48310838051098
1.57747066110816,1.52895855831824
1.44567488316692,1.40440710674168
1.59545653839471,1.55188186531878
1.56982929875325,1.52092302364741
1.36054138325609,1.30172236311335
1.57843968993628,1.52141556042504
1.66276841114094,1.61387126679002
1.54150261807202,1.50427390254549
1.57980657726918,1.5290227965812
1.67225808094208,1.6282269518322
1.64343048299552,1.60124653539272
1.54433094923051,1.46786152224544
1.46791587739764,1.43310230234835
1.71870383745966,1.66597297514756
1.63322992744611,1.54553659078367
1.49637064096962,1.43526072355139
1.44900446539193,1.40320673450151
1.40971214154195,1.36605840394771
1.76550099186668,1.70386078004239
1.52933207085377,1.48999684196963
1.5673842928135,1.51669404518096
1.74051333385182,1.6807855291271
1.28270751111384,1.22225088405079
1.68617154929923,1.6394627383869
1.38159387404908,1.3296741421384
1.59881523623137,1.56045413488243
1.4413583380385,1.37121044142052
1.56036133562443,1.52077483487939
1.81472667138559,1.7648753784554
1.57843791252745,1.54025316376732
1.45432012956227,1.41017713067534
1.64773981618218,1.60033260337291
1.45657270666227,1.40866937542323
1.49831490311145,1.45069788668068
1.61390568710934,1.56519213878662
1.77954532977231,1.72705016147285
1.54432565314519,1.49128204892055
1.72980874645008,1.69472301519611
1.73591480866238,1.69132750360174
1.63470008326362,1.58811859510397
1.75965487070106,1.70672384785566
1.45529911320016,1.41756217108908
1.57046024825626,1.52242774222711
1.32090523569231,1.23942470229942
1.66433675112185,1.59905897309662
1.58214650104777,1.52354464880865
1.26186220200538,1.18689106485039
1.25635474309917,1.21716946405086
1.46315295814984,1.42790000662207
1.39889097106011,1.36448445301143
1.51496415968636,1.4689866842431
1.48359397466574,1.44099624066292
1.82145961759098,1.78138573436755
1.47481086586904,1.43637651173583
1.5700159594017,1.51815362957614
1.3212789985572,1.26273508811808
1.54851133913099,1.49844577800072
1.63322778691359,1.59936978855639
1.59064597105063,1.53880215413227
1.54947345129727,1.50990639091544
1.50100018313309,1.4598046889289
1.41083348426932,1.34105865783849
1.64747449658515,1.59725151163809
1.22981912114196,1.19251237451602
1.65537282512675,1.6161650184187
1.39168318581893,1.35522574309941
1.51108510726182,1.46716142819652
1.54411221880416,1.49548173498881
1.60675722843407,1.5710053639195
1.51010653890853,1.46765376786662
1.68566742898209,1.64831696947136
1.61367174789759,1.57221378234014
