r0,rt
1.84018865729071,1.78617904647219
1.69158016496476,1.6483391863787
1.7178592680262,1.66021856053997
1.53177389049948,1.44235172994844
1.57441346568453,1.49705809959076
1.85838381080663,1.81469184693506
1.89298827634436,1.79821985403873
1.90557932469856,1.8230363711967
1.72461209586204,1.67489572014345
1.79311243170998,1.72699016851194
1.76898589172408,1.72252881301844
1.96948817081886,1.90941396623545
1.69203155547377,1.62364724735499
1.99548362082162,1.93668270734377
1.69525979621851,1.65057944661427
2.02751291286567,1.95518129722315
1.68262472934413,1.63209904032618
1.70989317707048,1.66276038494147
1.40520988769362,1.35037449220985
1.88017839378887,1.81188631910801
1.71288113008483,1.67361729596059
1.56561956873968,1.47381321257064
1.53219700280672,1.49399043675936
1.56510553945499,1.50497148831416
1.78503313302275,1.73489856021364
1.63366234144442,1.57963969686166
1.96867148110723,1.92707283164563
1.78867489565557,1.75260153007689
1.77389279277362,1.71946777364767
1.57021716388393,1.47573550639547
1.7418109873854,1.69026492459191
1.96475998398747,1.92619203842863
1.86082597597432,1.80833421434581
1.77712702820953,1.72442707710604
1.60417554470117,1.53874198706063
1.87064720409939,1.80061696245675
1.93160817130726,1.84362793356929
1.39803488664919,1.3541214985031
1.76507001366951,1.71198976915849
1.84932060472933,1.77613051711767
1.92658717933,1.86100755688835
1.9072769281342,1.86371469650282
1.72543209996829,1.67721493362081
1.75382651945111,1.70298457358657
1.80538698833909,1.73531789637424
1.91703355690618,1.87543414069458
1.72826060416718,1.66847676436769
1.70007094424677,1.65538148765428
1.83283616518653,1.78045326397955
1.64834507561648,1.60295451967481
1.88954553958523,1.82836734711328
1.80428594840169,1.75210299428034
1.94931828818588,1.88372603222171
1.80766360905672,1.75020005709904
1.94944607692372,1.89201700303923
1.64411145364269,1.58251792623059
1.51091448171939,1.42538022566956
1.94718343428146,1.8813101430176
1.54768832308376,1.50232327803532
1.90802979830332,1.84339512634918
1.9557830311735,1.89437042247859
1.80233110230069,1.75718201345487
1.77942604429421,1.72982951470003
1.928905858217,1.85945040887964
1.64220263923019,1.59797435961772
2.19420359029318,2.13035534326341
1.55962987127263,1.47090342812506
1.79269249561389,1.74534423738698
1.81655502538587,1.76349438064158
1.79924426197433,1.74602884108074
1.84145706962383,1.77799125103963
1.72015077453181,1.67681674972371
1.5182016143623,1.45525183290422
1.51397748671205,1.44528069570767
1.70100361758621,1.65203778374375
1.85601303040854,1.80065609550549
1.92262435899793,1.87785066295586
1.84377599307579,1.78752964985852
1.89455180053106,1.83434181233032
1.84066729852263,1.7943498422037
1.69352290895654,1.63859995159218
1.69726663091358,1.64865422937333
1.70403407954649,1.64940115542427
1.69581012077384,1.6400164449176
1.70883716126822,1.64693065778108
1.78255235625251,1.7148443571127
1.85212049745007,1.80282502846863
1.77674949254999,1.72579209701465
1.84202606278558,1.77447616344204
1.71153501674423,1.66168928473484
1.74098681629885,1.69106938990972
1.6882971922006,1.61791354649518
1.52190554353025,1.48731811657453
1.72412044934876,1.67676989432381
1.89799816749172,1.85150935143023
1.72984704605133,1.68470142492074
1.68597290520094,1.65365821133336
1.89903205060938,1.84115905962702
1.77675873733211,1.71570406457752
1.38578505215695,1.32122586035157
1.79451366312753,1.73592745536881
2.00355577779702,1.94143724232985
1.78094763576922,1.70428109078886
1.83869576881303,1.792924367269
1.74455120797609,1.68060657906108
1.75506185634344,1.69654072506742
1.87046010873344,1.81838864625281
1.8357234444383,1.78030581770608
1.67515960402753,1.62832720269428
1.77778096039365,1.72820008365025
1.55296339760439,1.4946475022124
1.77027035929623,1.72311211616326
1.94198297466994,1.87197312062426
1.72021650723315,1.66016822380357
1.55827648312901,1.49383132905516
1.79967104128865,1.74412365419353
1.77303784222341,1.71302403487248
1.75944561940508,1.71493357185767
1.72144213466963,1.67326292991682
1.65272884140481,1.57213540157732
1.44315527521181,1.39755145070716
1.3868728886739,1.32548288956593
1.80211631852204,1.75312131977236
1.85451282746386,1.79678412830906
1.68001471004547,1.64174022979166
1.78746573674248,1.74268643594412
1.74818628039213,1.69946332531361
1.70376604087023,1.66276734863035
1.66005034874027,1.60377348001402
1.71696869042903,1.66155079897187
1.72969154856649,1.68156516928461
2.08106100431859,2.0264173860187
1.52345943443999,1.45814208167262
1.62519398790973,1.59011904836317
1.83032363351759,1.77172955922861
1.88760522578811,1.82672270988568
1.55427197646397,1.46767482134734
1.8159886240951,1.7633545473699
1.41837703231929,1.33794261259146
1.71904528840587,1.66875448066649
1.73419229035129,1.68752694265703
1.62947244461315,1.56520484498149
1.81681139487431,1.76878387593039
1.8541251940842,1.8069438017209
1.89672493913856,1.84696330283214
1.64936071298031,1.59096926385637
1.86849103788389,1.81905247177742
1.78914587600082,1.73996932238701
1.76380642461474,1.71229452497488
1.78274660147163,1.72595770568664
1.869826961483,1.81298327123169
1.80290708081483,1.75238763332489
1.76413440514057,1.69957992949059
1.71554811685858,1.66726125884666
1.81281342644017,1.76455572916119
1.64399454790442,1.5725824466623
1.42325252132881,1.33410939774983
2.00239644746587,1.96235288917157
1.89020218344576,1.83058745518137
1.5602456286471,1.46950783117596
1.89768092984083,1.84854268319925
1.86357271499746,1.80596844778988
1.7524689835914,1.7052555086478
1.89156815084412,1.84157981060629
1.6837052388283,1.61650211375811
1.59889671158128,1.55654923384495
2.09253598812368,2.02524081108111
1.9260837219518,1.87659946500996
1.97646359243966,1.90064926629337
2.12626654226218,2.06708877029667
1.7935149681675,1.72310539794054
1.62014170844323,1.56398137067561
1.6802427621301,1.63501450321542
1.56095799034862,1.49528456043872
1.68555040277222,1.62033677595783
1.67997438319753,1.61870669417241
1.7918420613239,1.73459383972098
1.67454401609701,1.62570108242126
1.63899202890996,1.57896955710031
1.53079336065666,1.485920921225
1.69995038434774,1.65015353155079
1.6679315593127,1.61400400526664
1.36508187381338,1.29305944496631
1.45140225586737,1.39694825220882
1.91936574072973,1.85255411919952
1.89408491123688,1.81174849907609
1.67651934124021,1.61649607633597
1.73447001417973,1.66425080189309
1.80493449331305,1.75079419378677
1.82360730533612,1.77158590620204
1.72345828432819,1.68083107241986
2.00639060765316,1.94890650521544
1.73237118271633,1.67325370467459
1.88790227829148,1.83624528691908
1.68433956772041,1.62362468480474
1.53845516041527,1.49922655915928
1.99499708905929,1.93525118059577
1.85622689018626,1.77959567615648
1.80329661179014,1.75895869190035
1.50925964491712,1.44351126080225
1.75003796458864,1.70136529697804
1.71376451696325,1.66084246850454
1.92359556723904,1.86631828677041
1.56545625590126,1.4859257251472
1.69750103000368,1.63757875581657
1.67397366633316,1.60794994165552
1.86588313823022,1.81790396166334
1.62892032229268,1.55269814159019
1.53041773083855,1.46211369274223
1.54030087501442,1.49925013953388
1.86085000111746,1.80826948188548
1.68106480476067,1.63460798069232
1.99729518426855,1.93566884120642
1.73113081149936,1.66975759682875
1.76238534631255,1.71095562836136
1.74287115379606,1.69498500475048
1.99848203347051,1.94395446971474
1.77089142366184,1.71463907849289
1.69593952243312,1.64149051071762
2.05138543477269,1.99254384266557
1.94926433646455,1.88881859785735
1.72679369928883,1.66751801199646
1.60356206485287,1.54283446700629
1.96908517453899,1.92596952837717
1.98705187638488,1.90891215136962
1.47800355922771,1.42083016994899
1.44507973196554,1.40476810658737
2.06170209595294,2.01864599951361
1.74426380486246,1.69298178441807
1.94984655516602,1.90302559745798
1.77117774353135,1.72346893367149
1.78385672055527,1.72794028469624
1.72355594213997,1.68938637205139
1.53550506443005,1.47946871727012
2.07387163876857,2.02523718786713
1.64663741457015,1.59621245305774
1.86545304775216,1.81554362988483
1.67934829893,1.62351370788861
1.88994081694598,1.82669091260894
1.85981236733067,1.78355836777707
1.90280120256775,1.82530598148606
1.6550768006711,1.62035143246272
1.69246723905588,1.64011027300599
1.84900196172367,1.80522300094081
1.67194043934392,1.62022085817774
1.59208154867442,1.54635281419272
1.4559291129941,1.40955771697097
1.79694614592627,1.75812676105425
1.9043395663514,1.84215713925181
1.81529082283119,1.76565192638262
1.66037100834552,1.62489853541424
1.8059137613401,1.76672188121848
1.74716228832244,1.70913671185072
2.10039091042595,2.05489152498151
1.74061791375807,1.69020471365783
1.90127716615352,1.83393133100038
1.77893838699026,1.73235516090615
1.82521346671698,1.77159766586418
1.84365218123245,1.78338672614082
1.76519213306134,1.72205280482244
2.00670216676096,1.95617102599094
1.99512228654218,1.94185421302306
1.54134733844439,1.46770943209402
1.71605633747065,1.66734328042409
1.6086951798976,1.56563054590172
1.82269339739121,1.76182877338176
1.77936523951825,1.73684718788709
1.94957513414131,1.8770838756709
1.81637348203474,1.76075530719037
1.79827535258024,1.72109602599242
1.78244278138341,1.73042900501999
1.65888196353029,1.58813349296291
1.55728630623965,1.5165791162888
1.66262063897318,1.6176221676462
1.82525791057515,1.77222636248164
1.46123160894406,1.4206851932235
1.79245013040737,1.69677352162985
1.79129133609404,1.73402077364513
1.80678307854323,1.75457997405551
1.7284093726611,1.67230012362159
1.73698602922822,1.65638056542927
1.48191769123744,1.42962313427603
1.72044144124663,1.67707578771655
1.97526745521169,1.91069517722774
1.79596412082493,1.75265547800014
1.81717254536788,1.75264767474992
1.8188717722493,1.76494948874148
1.60388048496747,1.55720487377673
1.64021812947677,1.59706583102919
1.91607242804254,1.85465651476935
1.94878843353698,1.90672845585761
1.76100614393794,1.72343579590873
1.56897131890134,1.50685275253441
1.61127440144932,1.56517617393544
1.69876783281877,1.64637501252157
1.52388278974487,1.46156077343848
1.58869384635908,1.55491878618539
1.86093092855098,1.7866388447124
1.82647820520518,1.75955945282625
2.04754620704987,1.99647349206204
1.67888284493649,1.61516666920181
1.91299667667699,1.86670618721398
1.87054402322764,1.81314946626343
1.81342740513054,1.76400740149391
1.66434157407646,1.61017437244779
1.83973802090689,1.78395932391517
1.90847146733705,1.84263603658788
1.90553538798972,1.85954381171472
1.91552859647799,1.86219380431649
1.58540185751674,1.51372848740901
1.56614918342162,1.51000519639674
1.50909472148608,1.46615781961691
1.80151059331691,1.74228296370258
1.9862148351255,1.93039197535679
1.87652116791348,1.79900993107872
1.69436397046581,1.63805911955509
1.9324286000343,1.86634513706921
1.41654951430027,1.33134880100011
1.81225883335114,1.75854061351985
1.87865329164273,1.832686022484
1.84256151041278,1.75989839201946
1.95082430254665,1.88606239632457
1.88903219858625,1.83774564117004
1.87743828883151,1.80327466689502
1.78291239748687,1.72752839003251
1.74807026431771,1.67186492370841
1.80241987568338,1.75056332035359
1.66687560361975,1.62213645165629
1.39648576538876,1.36079170112777
2.15080073685009,2.08644477645995
1.5955524452363,1.56349218929822
1.77003071996191,1.71813761418789
1.4433373698816,1.3641399263721
1.86924938831433,1.8272734153423
1.94393578564162,1.87107471109066
1.82999918440722,1.76999481232869
1.88109053716995,1.81868232939757
1.54253934099311,1.47849556504883
1.50548222851024,1.42229708538068
1.6708428665848,1.61534729479786
1.7956330352618,1.73855093606232
1.86545079845509,1.81644850052367
1.87479021210275,1.82811182610618
1.37525494041614,1.30095261071957
1.73005232795167,1.67927135991727
1.97736650463004,1.91828646974388
1.52306949318784,1.45394171431586
1.82953646002964,1.78013595344393
1.93711520675153,1.87911956660153
1.96336280261362,1.91839861217619
1.47660508924674,1.42014929044562
1.84222248707821,1.79031851180852
1.7943687792514,1.74217600188699
1.82694688831864,1.76631639568784
1.89400268337567,1.82253528445831
1.75307837043184,1.72213679312886
1.70533256880195,1.65994806453367
1.74678701882347,1.70276547804679
1.82455527930537,1.76859394364211
1.76617688888259,1.72153595282873
1.51037239223497,1.47593946074793
1.83090487026031,1.78039380759909
2.06233024217418,2.0060805824652
1.9560583535688,1.90344293491927
1.95047176929811,1.91439573271619
1.98587706130687,1.89784837731631
1.30063730947843,1.24654862655658
1.77706758704856,1.73509866074928
1.43576846648842,1.36170885667723
1.56822461248306,1.48718687411148
1.61941999116213,1.5357662387034
1.72766461391717,1.68325303797496
1.66000929777043,1.62145702050221
1.9109278379951,1.86787243178079
1.70854694522389,1.66548533901899
1.81403861009384,1.7358532804513
1.61702839053813,1.57588034686225
1.79747096556927,1.74013032000044
1.68588950377017,1.64717548200452
1.69438243233313,1.65996093440331
1.79487919327059,1.73968297411809
1.49918616213116,1.42818657063059
1.88560694261346,1.8353259326477
1.88643721607591,1.82462498358336
1.7334094459221,1.67290329580561
1.81199384665597,1.76175616709969
1.63885505143352,1.61106526415171
1.78074771971005,1.73185452298984
1.43204926915889,1.35670534504484
1.64596530619756,1.56781753622115
1.87729221529865,1.8143228391344
1.55134425849643,1.5119617961817
1.90494736484696,1.86332830089842
1.70936259292065,1.64055966074907
1.60394243036208,1.55047103915759
1.72614445645478,1.66195782442907
1.85429162581471,1.80370474365641
1.80062389136157,1.75843471509533
1.78430576887563,1.72874956486846
1.73328289133132,1.69650266695638
1.58455618148546,1.50245745495842
1.75311064153844,1.70548028401065
1.5337461676288,1.48521691580622
1.71035584749408,1.65664899156963
2.24505174229964,2.19190183664173
1.71925449838602,1.67945959072564
1.96520842530508,1.90646805340049
1.47238749782156,1.4434655769935
1.66110589279577,1.60860388564161
1.99269114185429,1.92682866796389
1.50444447661046,1.44437161440802
1.81972496285732,1.76802933588518
1.45411373182781,1.37762472342893
1.89728172650381,1.81818168960836
1.83258979144824,1.77254716936769
1.89909580030088,1.84258384941343
1.83576036066579,1.76999638419062
1.95857185078681,1.91041987619291
1.79042162624188,1.74005197069392
1.89344141026923,1.84165884297569
1.74490220322991,1.69579179155686
1.35640317291957,1.30286539624044
1.87181406857984,1.80493167040661
1.84967449986905,1.79796422862757
1.72168288936202,1.67526672740593
1.3537699652346,1.3265147410065
1.83107169291806,1.77140966852155
1.83959816229606,1.79044433766581
1.64177636843923,1.59470381356458
1.98680057872951,1.92319370336725
1.76901980186854,1.69198356095038
1.95156781904428,1.87450214699806
1.77281673595581,1.71385999693187
2.09860165554153,2.0294410718365
1.53589082225904,1.46186794669824
2.03177921190579,1.97030370905758
1.75315169363981,1.70165677085917
1.82404722528635,1.76132215014085
2.056455850578,2.01380969048392
1.6003582536333,1.54787738475545
1.48890600778328,1.4527504138531
1.94780907887244,1.88240387841798
1.54227617288635,1.48196558051215
1.87519245236769,1.81540837112236
1.81520648018121,1.76384974335165
1.70252396147011,1.65091428721967
1.9711920347021,1.9078813939418
1.7073767170186,1.64148791378728
1.67682730391167,1.62972608034043
1.55797096752742,1.50688374403556
1.817658804604,1.76681350478388
1.73554252461277,1.68310202559506
1.85814930941478,1.79712896405225
1.71772850915273,1.65232736857529
1.76449861698341,1.71336116100531
1.91075229675865,1.8781625403701
1.65026543644257,1.59701588717459
1.50477432576083,1.44813651497534
1.5426652427181,1.47797812352679
1.44595343229012,1.40634134374342
2.13570960575206,2.07528456127887
2.03211155275158,1.9691996906254
2.01928510306742,1.97255985830409
1.83451709852595,1.78224815495111
1.73353076904698,1.67669755455306
1.85198745398131,1.81325870710492
1.77354703334788,1.72089546799904
1.8325010893945,1.77997154148227
1.74976071334408,1.69420947100044
1.49817626130989,1.44385180034422
1.96443050884478,1.89639265774601
1.83227912521543,1.77992476580923
1.79967329142794,1.74108919204377
1.68749701423587,1.6357467168657
1.60924615951843,1.54286177684276
1.72152674461931,1.67331661235658
2.15848412934744,2.09741734279862
1.80160239788517,1.74501239759663
1.53118252894533,1.50128748377664
1.6938934081508,1.64121456057361
1.66707764858924,1.63076279424294
1.75722022449559,1.70991511559603
1.49053978478135,1.41604698127445
2.00902152651776,1.95376446586642
1.82633940581964,1.7710470352604
1.82052566507972,1.76791518417688
1.91649001701808,1.86413274621036
1.66864168291482,1.61024463614768
1.50760552696095,1.424385655505
1.89832107290021,1.8251038254143
1.557936885985,1.5212476360374
1.92838758723779,1.88568740585441
1.80988573054278,1.76125937596154
2.13465117561927,2.08171110102314
2.00740167645612,1.96424613726327
2.18753039051172,2.12827105744635
1.7764075982094,1.72115024486807
1.70426230314977,1.66253936380261
1.93769529780925,1.89800557700311
1.84017876750905,1.77828471395192
1.77457447644682,1.7274342622087
1.78967431351608,1.73660226192031
1.7998835545263,1.75664947559047
1.75702305671469,1.71265821721732
1.7341518645173,1.6843651877463
1.49494806301142,1.45279576211665
1.93618577079333,1.86289595935202
1.64490349913065,1.56916781967438
1.98632005184854,1.93556330206938
1.63155998648043,1.57643402137573
1.78916383245583,1.72819357595046
1.69759967867528,1.64201602084286
1.71941912385952,1.66715666795705
1.88258760584522,1.83970054473836
1.8057251099832,1.74889829921466
1.70333731824926,1.65217513101702
1.60015767014648,1.55446942219136
1.66507089124345,1.61681509919449
1.46690207267299,1.39608801066463
1.75414788753533,1.70693661045835
1.85229106361946,1.79317613474002
1.67527238399747,1.63094791100673
1.80505433449805,1.71637964995884
1.74865382934416,1.69068082916041
1.70207986065958,1.64578825058721
1.90789151747673,1.85359133435051
1.48460738872148,1.44326853682886
1.79642014198476,1.71065040266172
1.81429801853848,1.7534854277322
1.6888209766851,1.65334516795339
1.86432574679421,1.82189108893326
1.90360857387143,1.84077691044974
1.72126940571269,1.67763673457926
1.66708031565218,1.61358576172834
1.62730995771009,1.5785666451104
1.61022957978265,1.55846767907888
1.76238871658513,1.70779975634355
1.35043399063853,1.30824275252128
2.04032702391164,1.98042380009077
1.48332284369753,1.4134875189424
1.83413930440979,1.75208145962358
1.64082221267334,1.59789428811943
1.56400430225918,1.52286245056406
1.75975205393089,1.71968635342296
1.84440631258045,1.79429347279842
1.43909279669307,1.36207041133787
1.80804413659567,1.75826286862944
1.61382851523139,1.55041543297756
1.45331698017169,1.39219010483358
1.82431203060078,1.76897476848138
1.75077747003514,1.69414307663496
1.78385786063864,1.75191616898976
1.73426789673537,1.67021774394079
1.82369973087289,1.76725318211315
1.67821791086036,1.59878307792255
1.88820163742021,1.81104827256006
1.86859834626933,1.80874592884368
1.76789612070347,1.72198310747869
1.71505635220992,1.64430277687963
1.41170010396862,1.38844110022761
1.72387175364922,1.6737694657
1.66132100915159,1.60038496600588
1.65974770726786,1.60489518845663
1.6503663050277,1.60203429233328
1.82429393005819,1.77511185853527
1.67808374422821,1.62674073326366
1.98320175528541,1.94068259639924
1.52573485450118,1.49360371352446
1.90058524413625,1.86193995825607
1.53040393901263,1.48470422579147
2.02601460116074,1.95543677080919
1.7128824537029,1.65630067720817
1.79802187220382,1.75557919069369
1.66014265189699,1.60801416066442
1.69344472911789,1.633736530839
1.5008412876084,1.45670177872603
1.48959473319486,1.46242013158735
1.39449479191318,1.35068851102622
1.87160653453032,1.79333962146961
1.72481602841476,1.67389677718987
2.03995956216946,1.97107876951892
1.69203821197431,1.64728807217514
1.75221508319809,1.69093219021764
1.83393587511772,1.77089485083894
1.78917699198857,1.75757243859978
1.81344893742265,1.75884897780898
1.77125877808212,1.70970447990812
1.65095680242389,1.6079169463473
1.85662781582912,1.79936760455439
1.79852236215622,1.75100616728341
1.72654296373317,1.67577998712056
1.61985477044997,1.56467253358538
1.44345996459081,1.39708475546132
1.57978341507073,1.55426806163941
1.65905799834167,1.6060648805429
1.84253706545355,1.77971733643762
1.66919919269218,1.62724875610312
1.59822588239635,1.55561083178671
1.68647827280025,1.63197681965181
1.87948382883614,1.84280359981977
1.78323955188694,1.73284947389042
1.82400610888137,1.76258924820592
2.06923902740198,2.0037855257585
1.96187812052918,1.89614499225632
1.7493425897357,1.70946835415299
1.84414889963793,1.77715958607573
1.95675639753769,1.88474779511921
1.76274592482206,1.69902192856909
1.64242649941378,1.58623806743579
1.70121150536575,1.63570710590294
1.87821206220692,1.79172101387273
1.78022628897545,1.7271305074792
1.75001582915936,1.71940957379075
1.77529544508963,1.72286684009858
1.78021567571291,1.73049681323789
1.60417449847123,1.55075635380312
1.70805261782023,1.65551226318634
1.69652057440246,1.65175210599657
1.6967979634767,1.65607564763258
1.81594219172981,1.76454883398985
1.61238855307133,1.56417804831008
1.91129190402252,1.8677213003287
1.92620066392901,1.89356379427507
1.70550564594103,1.64729525358243
1.82526573715293,1.75837706645253
2.0677894691169,2.0112924135742
1.80608386969383,1.76847175688608
1.64975194144659,1.57941019127592
1.87486618443093,1.82166765000279
1.82618297208506,1.7786628319124
2.01910380074884,1.97166961763513
1.68949358894004,1.63963694733907
1.63709769268733,1.59389914471507
1.46283720081952,1.38811703432763
1.72796903724671,1.6761789680599
1.43716301494815,1.39280195780159
1.93037665433075,1.86821795596228
1.45138289093161,1.39509546887707
1.82358607040927,1.77384066259957
1.74767587280766,1.70339591873702
1.67683909142824,1.62766931412867
1.74963297312939,1.69858367658595
1.83679323437167,1.7835382060122
1.62368485374792,1.57314781594543
1.90164663714631,1.85163675409348
1.80901788944343,1.7348893839768
1.7655412536328,1.71046183402107
1.69350913012512,1.64153838856138
1.7646044024505,1.72270653549777
1.32160731390538,1.27178250818103
1.68977567457536,1.65067083867644
1.60730546348455,1.57284068665163
1.59453340170526,1.54838110880205
1.60817496155935,1.56327080345705
1.70695677679969,1.66181341317637
1.75697354945214,1.71141020610874
1.64160194866936,1.59024073614423
1.44331887979158,1.37636512495317
1.7703320487561,1.72162400009718
1.87466347928458,1.81846712462445
1.30266180490746,1.23578072666966
1.92933141431058,1.87050760307028
1.75867352136985,1.65785293717051
2.00107589541524,1.95966009460813
2.03893597592056,1.98968870131684
1.78642264058403,1.72753736603179
1.50324932470771,1.44646560867295
1.77531316880808,1.71718173744566
1.75155211797785,1.68506913759464
1.90592704289596,1.85036443890274
1.90077849032704,1.83910122095784
1.80442175765963,1.73126900636108
1.63945513065495,1.60012452410205
1.7691780073646,1.71635762577367
1.78052423180601,1.72172748401973
1.70253200342045,1.65428580238919
1.78687626439935,1.71280716157662
1.68021390393472,1.62339111914269
1.56949946523064,1.52611465618509
1.80889384702513,1.75425157220739
1.94815957082737,1.88559888947287
1.82245405321562,1.76710924029431
1.82197192427023,1.76931456883556
1.75779841959552,1.7064057957381
1.76104755765312,1.69133051569246
1.74121628264089,1.68303819473109
1.67011763519799,1.62099552397131
1.87083694515166,1.81512196068234
1.81577737778875,1.76483948030489
1.56056917875962,1.52495057656936
1.79099293565484,1.74683425855417
1.97060619336604,1.9142114765568
1.65520059787679,1.58593410206895
1.77422998780963,1.7164582636693
1.86728798841107,1.82063267432459
1.89724752533713,1.82351637574613
1.91672074242427,1.87128719596576
1.78660851684196,1.73375085294443
1.7749571415725,1.71381407408
1.76036413159071,1.69316095568011
1.73616557423834,1.65654930580517
2.03725615934314,1.9771941616576
1.49196220011251,1.4235358890107
1.70369279688651,1.65541426441035
1.86124479873111,1.80783905839835
1.83934531156465,1.77871359924202
1.79786053082205,1.7505545806262
1.43667622436472,1.38767135464462
1.67898333651382,1.65231165242952
1.46332009793562,1.40272965490656
1.68906969600452,1.63864293464415
1.70070630666855,1.63337821811062
1.79853345603225,1.747005037182
1.7269813724536,1.67222303313853
1.73172847215714,1.67849638090826
1.78023374359126,1.72840870442905
1.94436560075235,1.85857392259072
1.77435223477207,1.71871737507554
1.72387868012017,1.67011603896836
1.5767023503952,1.50998366017762
1.70222076085681,1.6553251907612
1.64106477016795,1.5945205535207
1.57419085557159,1.53184797972026
1.83668697766825,1.7819908638171
1.78576980089422,1.73898673575039
1.79609127212659,1.73815982146081
1.70120071847816,1.65582324809713
1.77035635054613,1.71792502769632
1.64630071393644,1.60356981638845
1.78382384191725,1.72849159675691
1.59477915179207,1.5465734267615
1.76119674698617,1.69159812537629
1.74435239915311,1.70648916801687
1.89305105645296,1.82212970042475
1.78451294624538,1.74119967946207
2.00392701746309,1.95675554382506
1.53628181306304,1.47638040337525
1.80824940313672,1.7449161798569
1.8101720459835,1.76682607819459
1.72029405266985,1.66215182477439
1.70436261479179,1.669885822846
1.80195682827977,1.74027282306652
1.96347822650381,1.91011289597639
1.5097938618615,1.45140942389984
1.68538389751219,1.64998621578829
1.8207311653958,1.78614737932198
1.51384016592377,1.42641128861698
2.01433473603547,1.9601195211296
1.48162299581257,1.40351544270203
1.65779308419906,1.60378428402312
1.65536357206081,1.62061208188993
1.45021483288728,1.3789942852521
1.61146533180491,1.56406161969039
1.73820485814007,1.69585711085903
2.00155565432186,1.93151525887616
1.724362769505,1.66362150367102
1.70529349040971,1.64300254908501
1.45589883965383,1.37204946505831
1.59542215821557,1.53265104934084
1.91548327619821,1.88024560006147
1.42361097763927,1.35048676398346
1.69847074397895,1.6271353503279
1.79742423400633,1.73987156985829
1.40334274798511,1.32340520885133
1.80828936315131,1.75134156969955
1.65510182441859,1.61550244376623
1.70622822636879,1.65984254430213
1.59262869575292,1.53265196108068
1.67716269949728,1.6265519978293
1.5124824631588,1.46218280615712
1.94953710593271,1.8833961609241
1.57670453203533,1.5095545335211
1.92304100206843,1.84310397280868
1.6598872849763,1.61980375150837
1.39593388006056,1.35446217792972
1.83601374642216,1.78768123371803
1.68716043774932,1.62681905347912
1.76437946697913,1.70613372110636
1.52944120116456,1.44662046360848
1.77562521013451,1.72264513798591
1.68149096599496,1.63224310175443
1.99032569523028,1.94498388566501
1.98188678258117,1.92457836608042
1.90581737802391,1.86127602973044
1.49106141194772,1.42397475070119
2.07603777950718,2.02527709897018
1.72819848367993,1.67697479992273
1.68429417641191,1.65207421116272
1.73118701792113,1.68732973507748
1.80917583022247,1.74925744515585
1.75048354573793,1.7018232903595
1.72252926048819,1.67777971026118
1.89756319487359,1.84241558198941
1.81812564996809,1.76378435632239
1.82660410119319,1.75939643896595
1.97994380917302,1.92469715010973
1.87033521355728,1.80549775625369
1.83064519213316,1.76619513248698
1.32165403895326,1.27156635391735
1.54866072739123,1.50688391074766
1.46417888380946,1.41138084362561
1.98729057741137,1.9117565640173
1.87347021022514,1.81791646390397
1.7111760482609,1.6549378150205
2.06311592062204,2.02184081329818
1.7478432506971,1.71788866883054
1.58285304169988,1.55043064833384
2.05770677803695,2.00764507605839
1.95288986076478,1.87612765738955
1.56075073096096,1.47033141413318
1.91024408893627,1.83581642824049
1.73113820625217,1.6711626088451
1.61525409987602,1.58520240955911
1.94630942638525,1.88202041375535
1.70690811533424,1.65434157160568
1.90250598498444,1.81466436200083
1.97336155283564,1.91769052638797
1.74627414180631,1.70865737305257
1.8023990438428,1.75896363120032
1.66927067275099,1.6172184857021
1.90916610118595,1.86184324922669
1.41432823163103,1.36148293039241
1.9513058860285,1.90594764038747
2.01612261996287,1.97332150923041
1.66343288620472,1.62654360775134
1.91357323639792,1.85823201580975
1.18913778870661,1.13851606734419
1.8900577028159,1.85017986283183
1.86089444045204,1.79655907223479
1.85179615407303,1.77720480761022
1.43996758805378,1.36716000735212
1.73563940174179,1.672792720929
1.67766475761201,1.62450702665395
1.50259832073028,1.4280852253859
2.3255331800521,2.25947658792135
1.77199275101366,1.72798151626444
1.58651248278534,1.54277287676684
1.89938326117463,1.85154426845891
1.773662341835,1.72005418467527
1.84192861006789,1.78473963011189
1.80345056405499,1.73974355381968
1.76776788311272,1.72543676203344
2.01594222353566,1.95744345303629
1.83478545555881,1.77155097712421
1.71381603947374,1.66272524950332
1.91705704488217,1.8613750002964
1.83213188315857,1.77111310395408
1.86300049423672,1.80328320945745
1.90925392520955,1.87042499329302
1.68992690978154,1.65111115564354
1.50688444929293,1.45026741650776
1.93685763833261,1.86097325474425
1.72149913073756,1.64986606431877
1.81414182122198,1.77134287335421
1.48277532499393,1.42859711369567
1.87183983036403,1.81605418507164
1.84996602407213,1.77331644761593
1.70496653982247,1.66366175877324
1.97132869755719,1.91302882507407
1.86861221916845,1.80779742137617
1.91257437547158,1.86880545293336
1.82558956183856,1.77125228521263
1.89114661587506,1.83806940898923
1.6849045322305,1.63078039164121
1.87943955592752,1.83172266314684
1.691157575574,1.64514735759639
1.97500247735262,1.89537888865475
1.71871123959832,1.65303528629908
1.88646747638856,1.83322821231885
2.11042834964867,2.04896663850229
1.82603393837585,1.77645863636094
1.78400762333462,1.72670990967971
1.617155272406,1.56958910283513
1.71755245677689,1.66777871393352
1.79912820978597,1.7491527174371
1.74639314337309,1.69534172382831
1.70395209084707,1.65324197873433
1.92076742872905,1.86474007196005
1.86875633180833,1.81177843410522
1.85324176917914,1.78994625092552
1.47678414946185,1.39567142149821
1.76677000632696,1.71516299963807
1.67712216037576,1.6152273228775
1.60056472820485,1.56820345602577
1.62213094902334,1.57564688109208
1.71482726262631,1.66628142907088
1.75610302816402,1.69882665604959
1.462516126108,1.38847754680228
1.92400906405201,1.86465400310506
1.77088378359466,1.7176094763725
1.68853722435696,1.64227945429233
1.87508267773332,1.79572326913096
1.51176408313669,1.46309465907549
1.70663722918866,1.65432490431306
1.44457532570254,1.38633353315813
1.68057393264402,1.64493154425484
1.91853690782205,1.8404192179832
1.79752788945713,1.74282166111306
1.96832429136416,1.90043794224552
1.68022506371638,1.62468141580839
1.65802096807844,1.60822540072733
1.97450187334217,1.92308296380576
1.9048321295122,1.86177281520763
1.98514669898006,1.92906342592996
1.73551515825319,1.67728174180561
1.65131932462969,1.61447801659944
1.90220027862575,1.85033072465738
1.82161076165294,1.76391359405585
1.67096696309511,1.617776704709
1.83198061136266,1.77012798220069
1.73143375371405,1.68073006996719
1.79316850388997,1.71421527443119
1.80670044396859,1.754177603666
1.42657953633188,1.35283832995332
1.95148560135505,1.88349941213428
1.67698821582683,1.62117631436218
1.86064753596732,1.81529641112078
1.84370957667594,1.78178284252081
1.89361441215368,1.83413856211933
1.87452407907712,1.80354881671615
1.73961462794649,1.68458016581109
1.77276327477826,1.69547302081025
1.78744559675169,1.74768805156572
1.87799939912278,1.82822162794713
1.84925056036535,1.78229081094599
1.75646964040661,1.68327453373097
1.70556726683937,1.65651547390777
1.92089707880141,1.85967594248235
1.85128591224254,1.80313510310987
1.97976243898524,1.92746334933867
1.51067915051756,1.45193648154378
1.75556207422181,1.70015058851146
1.98288381605722,1.93466186430648
1.38745081785936,1.33595497329758
1.85383254264105,1.79282284324687
1.67933879432234,1.61393121944829
1.46985296054425,1.3923503663859
1.69647645464371,1.64333168482931
1.96719089940281,1.93239959761159
1.84944082626408,1.78063732752164
1.75938952195032,1.7117214913223
1.69347275774129,1.64463895812125
1.67738394244918,1.61634831888444
1.76813687691901,1.70368958856775
1.67629821368661,1.63483071774822
1.78374574109469,1.72647294183889
1.86283163009064,1.80468243150142
1.75539973677023,1.7049703312352
1.75492660801538,1.71064738513056
1.75477273405063,1.69850356921087
1.66259488208086,1.62494460248406
1.85891797354655,1.80272362774787
1.59804801151732,1.54331686323454
1.46847701982139,1.39339610357689
1.81125913707999,1.74602385847766
1.82583645828767,1.76203378631339
1.79457895147395,1.73783596706993
1.69124322952049,1.62109350228429
2.00116672965551,1.95683301744947
1.70559671914307,1.64700253999685
1.79826531498869,1.75704044470629
1.42712729025917,1.36500505945663
1.60665985813446,1.5344193327907
1.72791542926832,1.68875495374035
2.03717532589939,1.97492744839146
1.81692455153686,1.75563124733712
1.90297645892136,1.8441846398307
1.85470771559606,1.77179303413936
1.74844486986152,1.69441919645591
1.9401595205109,1.87710342929472
1.7216029595528,1.65939518101432
1.65454481668819,1.59559276769583
1.62083320664178,1.55181205306561
1.6073045130384,1.54542229013741
1.8730587145922,1.81702382373369
1.83674889472235,1.78608933679018
1.64383104468849,1.60922830524828
1.82752492862895,1.78190164367438
1.83232994974237,1.78526235198695
2.10069203345833,2.04117360588199
1.55901105623876,1.51358371781754
1.47840481593884,1.42470275749622
1.87682172885532,1.82792840740462
1.90996785588615,1.84932686566866
1.66451603065647,1.62193882037104
1.80422549223912,1.74859233994055
1.47799414678729,1.42767200755362
1.79964916565061,1.75313205696792
1.44748836523107,1.40146467940752
1.5258255728548,1.46030251161674
1.97781081434501,1.92700350316514
1.86174051532366,1.80596418349029
1.62070231804055,1.54618217638073
1.79218311751818,1.71804603572742
1.81333840796256,1.76206636862037
1.81588480893186,1.77337056332603
1.70442840152059,1.64167518698414
1.98583313264503,1.9117434138335
1.54400810420206,1.49596797087542
1.88145855416325,1.83109239800997
2.01579278844758,1.93898291859913
1.63929938175449,1.59461750582935
1.71409117122341,1.67085093399751
1.874727090812,1.81797283597399
1.90699940846319,1.82542115043749
1.67286927381674,1.63141125865062
1.6925902817785,1.65374146252743
1.57721206505,1.5125611855251
1.64379082840761,1.60398927043579
1.75357055377646,1.71262273552103
1.88110003297427,1.81411034019547
1.52329775645698,1.46986568388135
1.69598354076206,1.64505491569306
1.78595175064149,1.73811149858381
1.702699377869,1.64616983999769
1.79250505209608,1.73836851950638
1.57664118767711,1.54153675937163
1.85444902337635,1.79140289348062
1.75714261385814,1.7087641331755
1.64818291488326,1.60473112503928
1.53003994201886,1.48471747162513
1.79844742679985,1.75098739244997
1.89283189119242,1.83194996046726
1.66745783411733,1.61684326669309
2.00643329651465,1.9690514526443
2.03688968858843,1.98754513256703
1.59201543727946,1.53143974274149
1.81080133545892,1.76325657838103
1.95855324889694,1.90041237910735
1.06992316598691,0.987311701471058
1.83165414372767,1.78422899842242
1.77778108262156,1.71518243244885
1.26186417410571,1.19145315486838
1.36551797086779,1.30240131160684
1.69451761245364,1.64654091038826
1.90428891235169,1.81985106243456
1.72869370034408,1.69001263644402
1.525083128924,1.45992545972314
1.93768047974711,1.86493250679147
1.70886279586306,1.63283590173721
1.90637096003442,1.82675476831457
1.57198594388269,1.52237096423938
1.82422012460602,1.74767552990908
1.3780783180973,1.31773707549617
1.74533900239102,1.70691426922146
1.67147159884246,1.62737084743795
1.85909896873914,1.80817421880843
1.49584884766117,1.43508412549798
1.7480056299013,1.70150521500642
1.59062818800283,1.5001547529946
1.65107286814664,1.60434968680093
1.79383064008295,1.74885015828062
1.28761978895388,1.24452012386883
1.60344115775482,1.55952651610175
1.8870501106368,1.84323269623394
1.88942883918063,1.8346002847214
1.8146657958078,1.74864779746881
1.7879031480874,1.73069641763785
1.54807479224996,1.48509894219097
1.62968741460035,1.555696710675
1.77611619427253,1.72433831900963
1.79255133191921,1.73841759174816
1.6616308560893,1.61688144657601
2.01148281449713,1.96912917719226
2.06231754490072,1.99484702950054
1.91667678926541,1.87616752098982
1.58674039537164,1.53859262121753
1.79548070310257,1.7352230368029
1.51938920347958,1.48215093748069
1.85138774321257,1.80768469171108
1.4802982122262,1.41377922658262
1.75021858256927,1.69159202132168
1.83364707915221,1.78614430581866
1.51982485931664,1.49568804817273
1.95518975333029,1.89059340756954
1.78910038485064,1.73000226673621
1.76255705115276,1.69848557114702
1.68570610020798,1.61984038403745
2.06954306437653,2.00189608629581
1.90565132514265,1.84591241441963
1.63021541927956,1.57321770574886
1.66986261126767,1.62991478514195
1.37886868014962,1.30931214160527
1.77938137094444,1.73414937391801
1.56667882793731,1.50227845754832
1.71440384851075,1.65022709814157
2.01201657085834,1.94506244570282
1.2555129951277,1.21220127890039
1.7947120055268,1.74376758051746
1.22332137560585,1.16651262934813
1.52895953456499,1.43155157778686
1.44691954067956,1.37299724412268
1.92965395327097,1.87196597788561
1.82278048260727,1.7574323343324
1.84390962486922,1.80108511166657
1.87134413044053,1.8158757581554
1.87732823479487,1.82273006463311
2.00794340500821,1.9487045539948
1.80045182201185,1.75078497341432
1.71288487762382,1.66976021641529
1.51194826619817,1.45684381307144
1.76693508143969,1.71764457541773
1.94503261908985,1.89346456340758
1.63073458411993,1.56705282320627
1.75967596282226,1.71516099144382
1.84526718833879,1.77199865039975
1.68686952496784,1.64124278191505
1.95377022429812,1.89415873785726
1.65166578199743,1.57752324642158
1.69020943392945,1.61775924581049
1.64679461329394,1.56570528266469
1.75392288845479,1.70628211874819
1.75149436608918,1.72431548083462
1.59770631669606,1.55200446439372
1.50748251298629,1.42294647985357
1.830594118752,1.77504768626259
1.61734448149738,1.55879930969892
1.64769247815712,1.56463490739797
1.87764415599728,1.81736199553239
1.76573948019794,1.71939395143002
1.76140894111281,1.71138231646695
1.68216546722894,1.63206006183725
1.83921294006537,1.79461748625442
1.9580984468617,1.89293040647158
1.82740647791099,1.77418848206068
1.78980944573841,1.74731483685515
1.93489011865204,1.84573182571715
1.9822028889824,1.91030432384109
1.61197308073101,1.5575190229789
1.6600499803734,1.60385156136045
1.36775001898076,1.32011381000233
1.88290715801369,1.82814460812208
1.83049967713335,1.75968677443317
1.99686652056087,1.94438448963135
1.83907753918424,1.78412119487007
2.04726830087973,1.99634192205307
1.61645516882698,1.56798050471595
1.47010120374382,1.43145947173751
1.670274369508,1.61730477851277
1.87499243430521,1.77541538524555
1.53382577808171,1.47713062382741
1.76156084154725,1.69553811882709
1.775032684484,1.72629076726615
1.56736122541784,1.53287804086767
1.7074831548987,1.64958789017882
1.73760989608611,1.69217206349169
1.79816118654157,1.74426176449991
1.82028470839053,1.77293955504887
1.6612824209521,1.59418690592715
1.44959981092396,1.39603653967314
1.79039833414913,1.71601341719377
1.29461305387711,1.26339348761758
1.28307371594797,1.25057327932708
1.59636582873338,1.53027139153752
1.95447426104259,1.87436075269021
1.96742043951006,1.92256875822225
1.79475484876255,1.74489787983024
1.75782008818205,1.70458292511995
1.70545439827566,1.66155064513313
1.64094209813112,1.59552652589713
1.9225421600127,1.87577204003145
1.68700538588422,1.63505268566734
1.65510714698589,1.60593818830117
1.70020584021924,1.62929464322136
1.85470724341953,1.79392785596433
1.82763788589482,1.76481339925387
1.38844153924168,1.3413723454115
1.64324386558873,1.60065626982011
1.80309173866256,1.75791363938818
1.31108099229805,1.25403530804783
1.84456309085275,1.80327696034128
1.78351030015435,1.73174856689535
1.64266684807569,1.57285653246111
1.78354429968924,1.72750169054639
1.37181558465826,1.32053078409544
1.75122667688372,1.69882690520135
1.78077234791761,1.72205111872376
1.80450922113863,1.76001341084316
1.85180166607318,1.79768107172426
1.74275091706424,1.68383095460541
1.70688045379231,1.65052750898092
1.7291926614958,1.68583689427296
1.78821258598714,1.73417799384429
1.69635941004258,1.63228610525821
1.69523253314324,1.633751186649
2.14465417615588,2.0820322328089
1.84157989989052,1.7909661945007
1.76581391916557,1.72109729079633
1.531512632267,1.47285600154451
1.83777761733254,1.79100253657995
1.82177426234976,1.77264898309319
1.90701671005459,1.86212560710126
1.59227889048945,1.53775292673757
1.76902490857504,1.71181452603702
2.02426357332456,1.97268747915342
1.84451209203119,1.79340215299283
1.75480550131356,1.70342617065584
1.85453571990009,1.78027190482908
1.55497280809237,1.50146549076949
1.78624395480137,1.73163831977273
1.70778497782251,1.65846307283864
1.87862492507256,1.80920835646072
1.82110141648182,1.76354462515672
1.92950465237335,1.87045216102712
1.58545037823948,1.53176900093301
1.50003193030122,1.42035317114208
1.67619501396599,1.63132559174041
1.87717808304946,1.82800487752597
1.65063259465482,1.60014126506376
1.74420083669495,1.68434592944788
1.95187249433277,1.91108116256018
1.85745757093378,1.78490960689951
1.69593349141506,1.63216315295697
1.6850090222216,1.63879464933096
1.73881216045068,1.68748499015143
2.06556671413535,2.02423585795295
1.88522498626806,1.82811813779777
1.70859314208231,1.64913861585701
1.71726470060563,1.66803992375003
1.55839042599625,1.47810435076255
1.78486038455459,1.73383861257208
1.82983296686491,1.76313760991611
1.84007247210128,1.79284066421292
1.93521755341709,1.87115932087467
1.85581788241655,1.80044039170534
1.68050125873703,1.62626397617173
1.65403903615453,1.62150688807036
1.51463285307979,1.45391593175187
1.82243169131898,1.76006377840818
1.72645477399483,1.67492810795488
1.82775834532524,1.78586651990423
1.67413310325915,1.61470237588405
1.63566757692103,1.57079450043935
1.65100293236306,1.57707212828723
1.69840551711547,1.64741553837316
1.98155164255831,1.94526874826156
1.66720540315912,1.635673382947
1.83179587629454,1.79140662125668
1.75534884931244,1.70578046141955
1.76512161964503,1.71945241166381
1.4087056457206,1.34536959761317
1.74051843092323,1.68376614692348
1.78103982237955,1.72613058306023
1.91115369704017,1.87048137560141
1.7178844984374,1.66694130351942
1.47610051550314,1.43485930593842
1.59383394696966,1.55995827625373
1.7034585406908,1.65411665761343
1.35315774471444,1.29606458957531
1.79969745292299,1.7706515300055
1.74239216009872,1.69619102936965
1.77201841618811,1.71821910915683
1.66077550389542,1.62016015055273
1.77969701051,1.73688130739294
1.62385213370196,1.56580749865839
1.63099831651291,1.58250544874542
1.90214910961922,1.83248338320713
1.91654388096958,1.85936107481933
1.77231369895907,1.72369364725018
1.86271629028061,1.79908576041907
1.87608800160042,1.82252084223887
1.70755066519553,1.63864758507159
1.65527662779267,1.60991862331376
1.75779580083597,1.71063237555695
1.89851670660625,1.8254904467834
1.92442606531528,1.86670258779277
2.02545516054601,1.96226735497383
1.73079893920091,1.68319108611887
1.83547272907131,1.79052970953331
1.79586488519603,1.73571498352252
1.85424311330036,1.79288395864013
1.45409326437222,1.39548352837345
1.80957927029034,1.76484588431009
2.05832502146573,2.00994180923626
1.94563474164822,1.86044430028415
1.91279102453936,1.84530578592574
1.71349140190363,1.67072135489016
2.04673011071787,2.00157649420615
1.66106395981225,1.58218786046413
2.19100835572597,2.12803920367839
1.9763737175122,1.92900810523834
1.65962022673471,1.62273553044772
1.83499258713592,1.79517024873328
1.69128612722576,1.63106111267728
2.02570264526343,1.94204873732522
1.73820509486857,1.69258104985041
1.62883345703587,1.57628369009713
1.78805247471813,1.7391785460239
1.76744318675418,1.71990022262087
1.94172966594711,1.89704557587977
1.4296654572141,1.37874194171835
1.62441165543559,1.57679677478658
1.80151692104575,1.74845724321856
1.7975991158824,1.74798783129159
1.65437851055233,1.60403512637575
1.89382688387444,1.83698532742139
1.80191962281172,1.74727692066249
1.87387974812797,1.82647974571525
1.73334279919557,1.66873441661133
1.75300904254106,1.67501517191469
2.10546227070044,2.0603471753475
1.57966968959556,1.52660799228602
1.88562320767986,1.83535504586379
1.82644664841801,1.77757089090782
1.71431779485835,1.6739576143104
1.69326301845101,1.6557709273779
2.05015034391942,2.00369521017335
1.78530218126418,1.71710806384876
1.74000402751422,1.68155184597615
1.82353210624408,1.76817819575803
1.9876127222283,1.91623044111897
1.90760826041504,1.84395139277146
1.65777616350539,1.60777042845906
1.79330937076186,1.69739518014583
1.86266085230363,1.82066505458101
1.92892504074886,1.88492435844727
1.83485942543307,1.78247598763891
1.73534621859817,1.69308933299716
1.80153932414012,1.73320017993223
1.96853787635798,1.92116451404011
2.04933597027796,2.00169549262047
1.93124645268447,1.87524803984592
1.89256600368489,1.81925637764119
1.77291335448,1.72283365290059
1.85543748942624,1.79367099700748
1.61848352929765,1.56722121096097
1.76230946193933,1.71496633363014
1.73959005663791,1.68361203108947
1.7811550155429,1.7233992050642
1.62896226243843,1.57134420199222
1.72164006960858,1.64967243725446
1.48954077251055,1.43231518506561
1.9203495635727,1.85964619697374
1.66127606796388,1.59996747275066
1.81035614845374,1.74721527272818
2.0062225643852,1.93588210165788
1.55952436332355,1.4802660449481
1.58477061214937,1.51975401778428
1.57102425645002,1.52017459699118
1.82661269705485,1.78808384760279
1.68542547369123,1.63113756174857
2.08222416972772,2.02465365832566
1.80747776894823,1.75678171313628
1.7050574010264,1.65849790902499
1.95920467571664,1.88165080892911
1.79043256958908,1.74110530460476
1.93987355506517,1.87365652044379
1.74511291833688,1.66883758689883
1.79661016152782,1.74664676980977
1.73787230952604,1.68970015799403
1.76300360876068,1.71300739165055
1.914186353828,1.83632379986549
1.23477543759871,1.21165928905487
1.659610131589,1.60621629424857
1.86390701424786,1.78779742157208
1.64914107648757,1.59596888974679
1.61634675455171,1.55930810577842
1.64340200293096,1.60836684352341
1.43523559162577,1.37641594582567
1.83783763706633,1.77652555414325
1.70996118090948,1.65087107496202
1.50659487607525,1.46021241113809
1.61808532771404,1.54883897251606
1.97230334549332,1.93679640809395
1.81184828131187,1.75737020512979
1.64943985594394,1.61120556482719
1.60021646960196,1.55910182109414
1.89380241291882,1.82943281659861
1.72412907886805,1.67258161125167
1.55008331120212,1.47917648308558
1.78806278603442,1.73788382259445
1.96687926094397,1.92188700552576
1.61266532844456,1.57209236242004
1.87405145689869,1.82671265674756
1.53307620501597,1.47776766855002
1.86599724165231,1.76017925518389
1.82740040172768,1.78113705877213
1.63249097887911,1.56992214270219
2.03900944417526,1.97782309570706
1.62322558642886,1.57619600953086
1.94802451162901,1.8929071890144
1.66659377406776,1.60663756679492
1.85770633615166,1.79052367863018
1.85082654338524,1.79717119642566
1.8185745770641,1.77009297176277
1.65646925517193,1.61109970504075
1.85453169018402,1.81214773627856
1.88886639712427,1.83202478152843
1.912524678845,1.8613878299586
1.63248311192075,1.58554365549712
1.91174856542106,1.85079059807354
1.73048913643345,1.67463315757484
1.63081223492556,1.55471146650537
1.8382089209563,1.79122783503561
1.7305734661047,1.68090602693351
1.91347743986655,1.83542324397977
2.08867830660792,2.00212003879576
1.68973689013099,1.63560620996751
1.98272376204942,1.89850195242331
1.990900432844,1.94026191616209
1.30945691986673,1.26111229015153
1.77640603047447,1.72295547453652
2.05236545930241,1.99320226609922
1.74880207086193,1.69110966840668
1.52156595648042,1.48498738014393
1.37932828000719,1.31107686800836
1.86892776798206,1.81304219627855
1.37404517696666,1.31952257184801
1.4165762057525,1.34798456340616
1.68873855592476,1.64231708497117
1.60853863585748,1.56686197925006
1.6144822437585,1.56697606094664
1.88077537993607,1.82124157204053
1.68475922019072,1.63618773659527
1.51733974096843,1.45294779127467
1.67113721873913,1.6194172860869
1.75234784937959,1.72713104173609
1.76268487242913,1.71142358515071
1.96594027296937,1.89210942480935
2.02709306431129,1.97421662316158
1.66368905142397,1.62561624037441
1.55316382482068,1.49813087579861
1.54787495140419,1.49136449667095
1.80848325082834,1.759968821452
1.8408387232646,1.79404208882393
1.79478190612282,1.74440720704168
1.92375902783334,1.88094911529781
1.67159560169343,1.62314120440622
1.99394547560735,1.93249732266752
1.71054543061764,1.66845768483005
1.73289980192644,1.68145119906027
1.81512208017319,1.7653666094579
1.73130572243234,1.68383129456702
1.79518501561261,1.74286021783858
1.66917072367968,1.62386654893835
1.30535975576324,1.23596560379391
2.04428528193903,1.98114302869196
1.31015259415853,1.23217367824716
1.68269566326712,1.63213770745075
1.68482250602612,1.63022292743544
1.95874525245581,1.90118383802533
1.60026595787178,1.54718040341877
1.76409698386965,1.71281351679871
1.70662633759884,1.6543017793379
1.72967509366163,1.66984593217164
1.83433570391441,1.77689167502742
1.93945117977024,1.88350492673874
1.93131385033458,1.85999925671517
1.836774176606,1.76227789194758
1.85370868598598,1.7922038388474
1.4313773672647,1.40206638536905
2.02792833837958,1.95206829398864
1.83155913592549,1.78783522467473
1.49181465340175,1.44546274168407
1.72345744894015,1.63903104098539
1.98578314109417,1.93359810098903
1.94557659676108,1.87875176220034
1.40003691465778,1.3238851774993
1.71263137897405,1.6634124774172
1.63875561592103,1.6062665151566
1.81101587860725,1.7634421630906
1.62190166061592,1.58461143299999
1.64471303117152,1.60338798056891
1.68838214148281,1.63779178287671
1.78898726106064,1.71761103390408
1.87270100639494,1.81325715116339
1.75317904418256,1.69945053847676
1.81632558964823,1.76048682188453
1.89688725184741,1.84113627829216
1.87404459645415,1.82393013051729
1.65959741294327,1.58466391736055
1.78627868035569,1.73319501567267
1.42914756580633,1.35774038438141
1.93743843210882,1.87444987444559
1.71964477312058,1.67823271005938
1.82950778925165,1.77311674786731
1.6661003110534,1.61539718796603
1.69912983979956,1.63220587481969
1.79973982904284,1.75252465243012
1.50664942779041,1.4198229536362
1.51627031866017,1.45947292091071
1.78447774665433,1.73609413088993
1.84105378409662,1.78776813291744
1.73107708539545,1.64651671910486
1.62102704123527,1.58402335474351
1.74803137913875,1.71235476538969
1.71619970802614,1.6729476607735
1.82801233585062,1.77701561871112
1.40751690554506,1.36128201918359
1.74962102359268,1.69986364913618
1.87702368696048,1.83892522602729
1.6871986467901,1.63218064564369
1.64958338952652,1.60912124074927
1.54807829536126,1.48917224733445
1.4276382689458,1.38257297174626
1.64797452438957,1.56099383773497
1.64486990390678,1.60167166421728
1.62016939434117,1.57142720693332
1.85623060351258,1.82882121250582
1.32512756038723,1.25104327462374
1.6245273662546,1.57847049174076
1.7390873953062,1.69270949304605
1.40635374696275,1.35947342790514
1.38785375105521,1.33685829772404
1.89587327281968,1.82604906482502
1.72609895746094,1.68173954294289
1.73161900883693,1.6807011567103
1.85651484895855,1.79662035251723
1.33250833009408,1.29467023669706
1.85668997872083,1.79489876410992
1.54956671566825,1.51361900110936
1.58772292433102,1.54134543924154
1.52243433932493,1.48588674185688
1.6586251251473,1.63492662137568
1.83774497616232,1.76712097281156
1.87573979181173,1.8148706578594
1.44919093996527,1.39417825574669
1.80380928098065,1.73538529156221
1.83769440165359,1.80057841935711
1.74510935557409,1.69104753869644
1.65866996344395,1.60918141690084
1.84370048135789,1.79631944494911
1.9542029351544,1.87705532113584
1.72339249319887,1.67786264938836
1.64770025467653,1.61302912301808
1.93129986414553,1.87057252531096
1.75490781907013,1.70066665716066
1.83419226602457,1.78189918619228
1.44794063770257,1.39041009277077
1.64217374962703,1.5884493226082
1.61137305141252,1.56447774741025
1.82535812973249,1.76948417155571
1.73066987357262,1.67383078996065
1.86606598411309,1.77500103084882
1.87354859527145,1.81744766554934
1.73875649850666,1.68158165734886
1.75215428493497,1.69593665945238
1.73286586676409,1.66969170174682
1.82015184746067,1.77038541487489
1.65099712409672,1.60166162067851
1.79295588819315,1.74043617453824
1.72559959459536,1.68041368552084
1.71904293407892,1.66580857902059
1.98600994384625,1.92287056711138
1.68923124192281,1.63420966705943
1.78583925344786,1.73735310633536
1.70039552031817,1.63399987030244
1.7582478424067,1.6856381650332
1.7752042965088,1.72301010727548
1.84865120783619,1.79669953994889
1.97618870039407,1.9093800789432
1.51302376807339,1.46287012155344
1.79073812648527,1.72595927972812
1.73819305662916,1.69237644806122
1.82973908728167,1.78016670379016
1.89314387432841,1.8450826300793
1.74415592673386,1.69170607543596
1.8947389983654,1.81802489675942
2.16633096653661,2.10772269221837
1.83203510947848,1.77923390404436
1.53416070891289,1.46668904904991
1.68448577351621,1.61285732413465
1.91175681577583,1.85969933944568
1.94110715085679,1.90451793402563
1.68907652251425,1.63779293215549
1.89287176872492,1.83971642365858
1.79838426655744,1.75098848023362
1.69322078529669,1.63204077291572
1.7628573116537,1.71106250044545
1.67315796809354,1.63467607050854
1.20681427041324,1.15401317261281
1.87021236289721,1.80474030415367
1.70459001548299,1.66782583218165
1.71850114453887,1.66241550558348
1.64539355379176,1.58476515535414
1.79347140023153,1.74696033260311
1.76602940842026,1.72023829450733
1.68091416073755,1.61663087325483
1.71763628694152,1.67141589611928
1.72233546729529,1.66478845750713
1.69075954754837,1.63868619248
1.60709653281243,1.51462573065148
1.72596165303316,1.67714759162051
1.49710311934699,1.45772062327745
1.3849493781819,1.33630113005741
1.51572089496079,1.48444401275111
1.78522647684141,1.72849721113598
1.69911021058521,1.65082549360392
1.38912977613225,1.3416299877161
1.74164868658973,1.6869181475022
2.02608250763508,1.95558605768509
1.63015692152573,1.58621972940944
1.85405677267319,1.78614554498664
1.72017820787513,1.672909678463
1.71357703262346,1.66917674061604
1.7576755967578,1.7086022267908
1.59280039966598,1.54985167138892
1.56294287414468,1.53059566139316
1.71474170360364,1.66360991018939
1.69969296603158,1.64153713177659
1.64772584802766,1.60551167396881
1.61964386678898,1.5594690589769
1.88004267555279,1.80982232670801
1.77815339632152,1.71712687634608
1.89222912547598,1.83624720270112
1.76630448812725,1.72398129587005
1.87586812295668,1.80718586630044
1.46303571501934,1.39684944032994
1.68519357318884,1.63041139847357
1.68882167504903,1.6290369557744
1.68028188869567,1.63773951682362
1.86620314663729,1.79562196748986
1.61064066019902,1.56775715249566
2.036577920437,1.96294439996381
1.49159984354286,1.4293232592436
1.73203019082827,1.69460662187423
1.78082939656548,1.7312360748617
1.83533408290844,1.78035763002
1.81819639772635,1.76071427945906
1.99353508340333,1.91341964382918
1.82680188208157,1.75766598096514
1.76095264971341,1.71373371400545
1.676937215161,1.60796265528946
1.6259192340542,1.57052186343148
1.62050260147905,1.56764411447687
1.97227909970379,1.91229582184746
1.81120059299729,1.75927554253038
1.91608780892091,1.84878928787423
1.42955391565809,1.33251454992676
1.7639194552473,1.73125291143728
1.54757910332657,1.46272953130918
1.46217234665552,1.38729522888258
1.45756782870216,1.39133713656629
1.9742988433652,1.93052154726241
1.86364033341993,1.79325254013588
1.69021733871453,1.61120650129821
1.72138677047804,1.68372490012945
1.95955098453621,1.9121801193994
1.88983128886068,1.82348277789251
1.43749480093804,1.38142123596936
1.79869543762016,1.7520884839495
1.66279420999788,1.6043490106491
1.90177535670531,1.83523703960631
1.89669386589516,1.83432413108011
1.62595089745719,1.58779077800047
1.61773774692523,1.56751307597827
1.75483810235589,1.68954822196175
1.90480615516424,1.85010326394345
1.64356312233203,1.60481980500993
1.66913049715468,1.61402423472457
1.61552349351541,1.56971966420968
1.82324993900018,1.76690960074125
1.63710338983755,1.57586534688778
1.65071259874947,1.59444277706761
1.70662302120777,1.65338522425684
1.53033562473527,1.46777904941649
1.78767405167392,1.74422037088301
1.70966566318134,1.6626115837289
1.70698111188697,1.65563161955948
1.75403678215846,1.69519040291283
2.0006992102912,1.93989990565854
1.89746046418835,1.84036683892511
1.86981302329534,1.83719718672359
1.59378702550258,1.53357751547646
1.78067817850117,1.72592339321019
1.63923698281024,1.59538558226965
1.65733464121103,1.60936239057988
1.6921831790424,1.64370300240511
1.9110663786341,1.83634168266679
1.50793584162071,1.43552248400623
1.74138381731063,1.68413557094768
1.71243859425665,1.65912593958577
1.73862957126138,1.67869996843274
1.88631331265838,1.84517889906261
1.82529240239621,1.76992696873745
1.9959454050398,1.93650020267469
1.88972193249357,1.84237511177887
1.47207798179975,1.41715794659936
1.7983204379303,1.74002063169851
2.01071025400614,1.96112126311339
1.80686284768166,1.75362016728397
1.75262478549478,1.68478373332109
1.90105800437315,1.84726093330385
1.85996189204757,1.80825193174329
1.87483608158878,1.82425290305959
1.69026074945965,1.64123492536714
1.87367469214261,1.81400504397812
1.60874184775822,1.55784694273608
1.93548760962237,1.86631879665927
1.62398431103963,1.55556570980507
1.59901753384703,1.55367493447492
1.65592344222528,1.62263116643548
1.62978863442272,1.59200428891208
1.79831710694335,1.74725159375608
1.95190112471906,1.88977776878187
1.73970989901952,1.68629146077618
1.67417577221938,1.61856023311718
1.63336503074722,1.58236638025586
1.81034300320433,1.75834109074449
1.62803284661816,1.5751447505814
1.59406648281032,1.55248672865177
1.74231753538567,1.68583330720345
1.8866986032262,1.80515867803849
2.0629009392343,1.9923924142725
1.90005390738715,1.82915829633167
1.76320782336966,1.71401983376101
1.89023321167799,1.82819548556937
1.6710590962535,1.61700515187504
1.64139909851954,1.60186856192279
1.87350353185444,1.81315033757063
1.65780467655864,1.61168563899523
1.72135669112434,1.64199376038148
1.76499342856216,1.70809894654116
1.87636191305244,1.82915538132211
2.00147862894934,1.94735509654629
1.69142009927989,1.64101598610892
1.43799565274431,1.37835617637373
1.5864205975436,1.49801057295603
1.53121230065658,1.48257659032505
1.8373912956165,1.78176535711642
1.58310622824967,1.53531046612355
2.09269967902954,2.02265172878406
1.92370307812366,1.86248982525881
1.65542937400863,1.61239333177653
1.69004086924085,1.58987001553941
1.74405795430462,1.67918728626309
1.67791694822935,1.64565066555879
1.60190233944926,1.5590375779168
1.82250999881906,1.77467220164768
1.69687323017523,1.64564207910164
1.89597594762293,1.84858451664143
1.72390935360913,1.66756757513042
2.05974591886841,1.98873083149222
1.90664289546677,1.85205721453868
1.79703875969509,1.72064570336699
1.44798441618043,1.38555226482829
1.77837715357811,1.73230002347986
1.91364025624848,1.83634725023062
1.81216719614204,1.75920430273476
1.92562896417713,1.85656757002103
1.81152189242145,1.74775411881256
2.00896323125164,1.94959764285579
1.6718511279936,1.62451064791707
1.76662381028464,1.71334299441533
1.95293593963071,1.85674782400374
1.8808233299845,1.84469406358311
1.78546785790637,1.73295482018406
1.78383099968177,1.735229347774
1.59456115976079,1.52006473489083
1.56926723546934,1.50518822415823
1.8733239811657,1.81617239951614
1.90089509621385,1.8427782637998
1.87882257715172,1.82335913570682
1.96999379282881,1.90394085637678
1.82595303704484,1.77324156834795
1.977766875472,1.89803005788476
1.89479928150649,1.83964034037027
1.91965249377262,1.86520907526769
1.84391913528462,1.80216450848626
1.68308392346448,1.63530161000571
1.87739848589021,1.84560207244545
1.88833923908416,1.8224395635766
1.8808185221437,1.81456790463964
1.78117594444446,1.72698068383118
1.81385356154022,1.76238263008989
1.76031120551172,1.7060850895622
1.75016819860678,1.69480777058894
1.87251906120523,1.80583257168169
1.80415243129768,1.7379553920124
1.72819449169832,1.67382624363711
1.1129555832481,1.06732215089843
1.93546369158186,1.87429301268291
1.79940550397975,1.75004828912586
1.76771408315921,1.70839548398319
1.91509477305947,1.86916380333276
1.79343149097211,1.74412109677486
1.64440790605582,1.60435099423759
1.90736762893781,1.83914649669595
1.51328239837799,1.45198573546175
1.48995282203978,1.40402999325954
1.69735842680075,1.64881340371973
1.78667626380833,1.71932037385749
1.82118378150326,1.76153514087502
1.62841069260336,1.57703802083808
2.05400674580142,1.99063514095852
1.63944020421273,1.59118923418826
1.88519318488568,1.82485789438475
1.34919603645208,1.30955437017425
1.7886580653103,1.7317614415885
1.69654775144356,1.64450540934131
1.68730599966505,1.63173530699738
1.68169262735636,1.63380384120659
1.79111239682151,1.73438392329487
1.60944627046487,1.54304553848737
1.70384048805079,1.64804848632764
2.00057039189187,1.9319436987281
1.33231972570169,1.27313993563656
1.77651583227242,1.7228703639214
1.80812764168288,1.75885871355544
1.77856723536986,1.72304626065059
1.95685612659306,1.8970312570327
1.51040671321655,1.46834386847376
1.72266603900172,1.65774253349229
2.02689717400829,1.97034798320384
1.64453865484094,1.59518087884597
1.58819075372211,1.51155076972566
1.64246700270489,1.58986114014517
1.47525448215392,1.4249966474861
1.27227102573644,1.20995048607927
1.71254220964787,1.65360313414443
1.76033517812418,1.70318298773478
1.79347679647036,1.73550391320667
1.78399639260883,1.73291189292097
1.70439378659856,1.64198279310246
1.80708036813293,1.75283524013507
1.76076341802462,1.70770254707358
2.16561966276283,2.08793902475073
1.66685085956725,1.59372179936633
1.60519994208786,1.55092753180639
1.81387214814948,1.76739007421228
1.90482521693631,1.85779031408855
2.07960142958592,2.00975033552555
1.65721845375306,1.61830292924234
1.81060115535359,1.75986862468274
1.76749968729513,1.72835170500456
1.77754145059896,1.70391252073454
1.50728681638105,1.46943735286329
1.98560783718357,1.90640602204889
1.94243380879869,1.88177432582141
1.76649045503429,1.70512355046454
1.54140049670328,1.45581385797703
1.74592023852335,1.69580647953346
1.52522971734468,1.463942885412
1.77771862197256,1.70707205553961
1.63120257866385,1.57831699059504
1.84535679129859,1.79057627075941
1.7694799583521,1.72360547298141
1.76786335338725,1.70303239903533
1.70570548705174,1.6710693162538
1.77028328439993,1.71841776127194
1.84632083378965,1.80164036411126
1.98481137443154,1.94282511385829
1.74921983847594,1.69728759821603
1.84362113224609,1.77480351682321
1.67673562849628,1.60684798074337
1.60224336198076,1.55692575948941
1.76874598846169,1.72734577138019
1.81005420757809,1.74967745633895
1.87990437423847,1.83215862017635
1.71584717403232,1.66172965370139
1.70185625413895,1.61176315182653
1.74074920630936,1.69129827715883
1.78564242941329,1.72305916948449
1.71776596784883,1.68762700954892
1.77491490419019,1.72285371557169
1.5352225663079,1.47998278823917
1.94161782473383,1.85679685815816
1.79185064748324,1.74538134320608
1.89842306787608,1.85223773281021
1.8860587373873,1.81874105503465
1.85666062129739,1.81560216348591
1.40261024483252,1.33501276420875
1.39775207083068,1.3311025392013
1.81626648107173,1.76538289729538
1.79335267845759,1.73323713037386
1.75971412657389,1.71290232970055
1.76419090113833,1.70832542572624
1.6368441982098,1.59609035779511
1.67686506704338,1.61172564794269
1.67149389570104,1.63640409322385
1.73151850666646,1.68651447320026
1.50395591856897,1.43135720545618
1.77459598099127,1.72529858876409
1.69258382035643,1.65571848088707
1.7413792059233,1.69553965184638
1.75916523368299,1.7119988914489
1.81582930586643,1.76404760403712
1.84637736027727,1.74732475751438
1.67680144730303,1.63740890038991
1.54363102440752,1.47239599078456
1.79098502615157,1.74680347697007
1.81147107343802,1.74414498506455
1.91724238458741,1.86108460266774
1.71343093170438,1.67155408384947
1.97235660180087,1.92962595819679
2.0448495198127,1.97715728307538
1.83991177605304,1.77955455982077
1.69142118200593,1.63489887816476
1.60752488701543,1.53382382870315
1.87785032465463,1.83030835128666
1.71720824757239,1.67007646441942
1.76875220562315,1.71842399320741
1.5152818010248,1.45809573379756
1.86312713172509,1.79492766765964
1.79637426171326,1.74257988332741
1.69107753915637,1.65281867237427
1.69987554797943,1.63529576226695
1.63210914927065,1.56759219919114
1.82821875661962,1.77155467705783
1.77797403144133,1.70549376053765
1.63663732250631,1.57725137378558
1.82281866735659,1.77234761719563
1.59765960049868,1.54131783126981
1.71370146468509,1.65827690853381
1.85966648688897,1.79157426562437
1.52325215279042,1.47933634831033
1.85437282169617,1.79808877003982
2.00203847687923,1.94911701890548
1.80344468352117,1.75159188282036
1.75078500475029,1.69861123431479
1.73381388740506,1.68889074324894
2.00766176119904,1.92121250526322
1.85890561960527,1.79948886035137
1.81763239586416,1.7560205295056
1.71856451974789,1.6573242593928
1.98246972052509,1.92206248987146
1.8207575341638,1.73858411168604
1.83793966361533,1.74045448371228
1.81784400491395,1.75092011757746
1.48422201757661,1.41856494431242
1.99492392514972,1.94005495829632
1.57738624803127,1.51551529649092
1.98433071451517,1.91367023156019
1.54072226395665,1.49957594695283
1.68392548579806,1.63724715238542
2.11650495786032,2.06593745262973
1.50740933705621,1.43990080142077
1.94653713009607,1.89038349916456
1.85889672224857,1.7899254327696
1.86316778673137,1.81118891010233
2.02177787398652,1.9655964882827
1.69988575227336,1.64839171451537
1.28169550445538,1.24170873202752
1.57737317107933,1.54246039738413
1.67250497481516,1.61854406570059
1.74088412526976,1.68601239569077
1.54482954631519,1.47665758044192
1.72203394069522,1.66341448488449
1.8590326859677,1.80156315580077
1.7055456762634,1.65314884741712
1.71152476027592,1.66607378482327
1.89207482357685,1.83326723746528
1.50568480887555,1.42705937022891
1.91501740030763,1.84491457693568
1.58283635763692,1.51653789402292
1.90376494618233,1.8292149978162
1.58352734723534,1.51639869012283
1.69500558609459,1.63757233662587
1.94369581523625,1.87780227480547
2.08505688289932,2.03044168739966
1.61289276923235,1.54477373151558
1.95524935279886,1.89537622890525
1.59505900423305,1.51589504689976
1.78560226127638,1.73707815464281
1.69029702190749,1.62798448465498
2.01221434316616,1.97132047160237
1.6294496603957,1.55774532820534
1.85938358230882,1.79297281398971
1.90237087083932,1.84749741455195
1.58023166196138,1.52625431073736
1.64720037743477,1.60501858838049
2.04375912895837,1.97572048177183
1.65231214617496,1.60187499084088
1.90422014762939,1.84457220145937
1.80904708006834,1.75087597198314
1.70931117409449,1.66240146206242
1.83979945687625,1.78907137949906
1.82860802040916,1.76528973408932
1.52470929491994,1.48226705116178
1.69826273041059,1.65482887903809
1.77005249288529,1.72314195655217
1.85183159280085,1.82361739769706
1.80972265774604,1.74316957229138
1.87807011720544,1.80495391230742
1.96823714286346,1.92030314957403
1.75107392871715,1.65814865567598
2.03461017851502,1.94287265859159
1.43522137079649,1.41476700683627
1.48589539379345,1.41689519409798
1.71393803881596,1.66679278184398
1.66761864715601,1.59964357387329
1.64515629615433,1.57612382847721
1.74442952843022,1.70007315230822
1.78823503692423,1.74481965943126
1.76189541275513,1.69648199922013
1.62191973357175,1.57704368065723
1.79103269969478,1.73956517384762
1.71059420614671,1.65202330475525
1.6135469891033,1.57889829613747
1.85088160374125,1.79799987955007
1.78422926097508,1.71976665310352
1.81662264594648,1.75338649037655
1.40596776270032,1.3364743213627
1.77508837254874,1.71367182583457
1.76658483557716,1.71338911079972
1.94782289226816,1.90099089226709
1.71583211033683,1.67264318367595
1.42757687341076,1.36991036942697
1.9593430655142,1.89353673642174
1.90700235070124,1.85597722261434
2.00777946108785,1.95909603220244
1.81595778739947,1.76740734890447
1.64078250385995,1.57373620129581
1.97108678332707,1.89755208081116
1.50353260557837,1.45782024431808
1.78844836030719,1.74190600546052
1.66187583407763,1.60351450769585
1.52081790739314,1.47249635389012
1.87872114660647,1.81131423584258
1.61978621676773,1.54858508648696
1.49292419076033,1.4188525789571
1.93736504209754,1.89099008964523
1.67397696643325,1.62924745327938
1.85666265651704,1.79239502077613
2.00135447968143,1.93726621901299
1.88819743442073,1.82396974640061
2.00662075432961,1.93888728812214
1.93116104482444,1.86441350068455
1.68172003271735,1.61419607436823
1.76197742539723,1.70798696761121
1.75448709034986,1.69615795044948
1.52479844737151,1.49102046723757
1.55242475650791,1.51314708478771
1.36444895036126,1.31299226978967
1.81694763904256,1.75611232465175
1.60441321773674,1.53198300631309
1.51921257576273,1.45090138934168
1.70943256825579,1.65204010056947
1.65377954860016,1.58636308216939
1.71335632539947,1.66707572774735
1.50945590126114,1.43830114818703
1.56343001030014,1.52346667041164
1.95186580362649,1.90367868039021
1.73155962715638,1.68120456302309
1.94326235687659,1.8665363312381
1.80191099611479,1.75559364960702
1.87443032047158,1.81787614025478
1.82142688304009,1.77807965963446
1.81842735097077,1.75428131117462
1.76096342524724,1.71288757952222
1.77155415997868,1.71606670870408
1.53464018203114,1.47677991091089
1.55470622985645,1.4911542264888
1.73381749074514,1.6868195720282
1.80550887410189,1.7421788152009
1.71372542396117,1.66260305005052
1.85488877334151,1.80421247733037
2.08024873324329,1.9962579350575
1.60432232579765,1.51750135376567
2.01083845435055,1.95277098764207
1.95507777509689,1.89294323367897
1.91345043836522,1.84923134513394
1.81435146207505,1.76244037109226
1.66351828790532,1.62076148156313
1.6083101858118,1.57039565008216
1.49338084661245,1.44735615032342
1.64536251155222,1.570171311288
1.55029350286409,1.49225184319648
1.83803971408493,1.78233329509852
1.96298885259084,1.90132574264381
1.7567854674466,1.70154921268456
1.8651919548519,1.79596859174907
1.85626934394635,1.8034323372704
1.77948525503297,1.72458279058165
1.64184558517471,1.60229213120052
1.7099856598985,1.66205112568942
2.04763686675823,1.98545951778114
2.00442140805571,1.93421874349664
1.60689744453593,1.53960407915615
1.27960324249616,1.23072408193619
1.91061794753581,1.84360337501381
1.78199336508953,1.73587523859885
1.91283007188123,1.87283037794407
1.76992061567486,1.72994151047744
1.81469711755039,1.75953260166741
1.45268443068531,1.38296116380521
1.87726982077312,1.82678652547864
1.75548518953532,1.72734888691953
1.7124595601811,1.63671389169588
1.60287369014529,1.54617887624935
1.61425965245889,1.54152172308096
1.88795064032463,1.81791597792138
1.82188746811956,1.76316225031161
1.81391074449104,1.75987210097951
1.75724986773132,1.71429725994779
1.56287922241614,1.53319863805512
1.47113645761637,1.39536590776402
1.84244681886562,1.77163332560578
1.84029467754356,1.77019360280558
1.93665466192746,1.87626144287708
2.02116785902919,1.96142549449628
1.67822246954589,1.62914990455522
1.97736516810721,1.90686763952637
1.77550789411066,1.72691710396454
1.78122862844266,1.74109475296269
1.53801488186765,1.47903379147179
1.64719300559732,1.60360655276926
1.75233359113513,1.70551701600418
1.56691910422084,1.50967868955303
1.61020218893068,1.56758934374872
1.74102079526182,1.69702636990699
1.48264407758316,1.41300549584857
1.76669610618467,1.69061016191839
1.72180648159598,1.66943130240136
1.90314520916055,1.8320060471651
1.62382518286078,1.57348552109856
2.14329608473511,2.0724194896416
1.83597627335374,1.77281206707996
2.03028688862592,1.96383952988748
1.7742557603893,1.72358850904553
1.72694974795186,1.6673145832229
1.59017578447375,1.54416008988707
1.89701853538368,1.82904384666589
1.68701308195198,1.63203334373484
1.80100201858738,1.74860800310055
1.69894572584736,1.64407730015812
1.89709627071708,1.83039418492555
1.48125709868713,1.44399983598272
2.05638738473186,1.98965902530019
1.67154140675941,1.6338063666947
1.70457858323629,1.64858920376027
1.87789679265396,1.81402559725796
1.71847262169037,1.66145756197624
1.67514887974136,1.63263012295701
1.62463303943989,1.56873430198723
1.99050702317357,1.9057157878273
1.85380066384265,1.8076443351952
1.72347495802244,1.69911974131585
1.6835667979676,1.64864415496366
1.72648970010133,1.66871739246843
1.82306056851315,1.78455930064867
1.37528885574803,1.31626360824683
1.61426316523351,1.54964623027256
1.90790779478887,1.85668501245261
1.99485719261212,1.93389734748959
1.86691434400915,1.8315997164269
1.82954044288877,1.75896461578934
1.30858831473916,1.237294567426
1.8175879078776,1.77408949396371
1.73626120113232,1.68770804256836
1.73967027830613,1.69793254197313
1.82811785055923,1.77431363173905
1.7554130251032,1.71198732780191
1.94849734902261,1.86501892500148
1.79593153507463,1.73336414998002
1.90676989970365,1.86009737236801
1.76603956907109,1.70644755276119
1.75016977933388,1.68623970449655
1.66797515796619,1.61878791152504
1.78703966836901,1.72591169917963
1.80490955795077,1.75704242795591
1.91350265322797,1.85550390374192
1.5905077432695,1.5363075352618
1.83752734684962,1.78342420137829
1.66397729067449,1.61385412768499
1.89889846384001,1.8347650407015
1.65417085173777,1.57464311968865
1.58356573913098,1.53305549201313
1.86748511824067,1.77761114550072
1.92643574676877,1.85958785376053
1.31760441922297,1.27069418486379
1.49027526974969,1.42501956321114
1.69192124253401,1.66359144932471
1.73668050444732,1.6816392529017
1.73114246492685,1.64083788256732
1.74587833301984,1.70674471959154
1.82025715913737,1.76442737604551
1.4418559899003,1.36349222739188
1.75915252696313,1.72005599415639
1.87949393638865,1.81774396688686
1.75586877532549,1.70999866239512
1.80754152885206,1.76388419632329
1.61067892900301,1.5662120712327
1.78070832738953,1.73646415676562
1.44960611194551,1.38024601275452
1.84088616736171,1.79307754639008
1.67468215875259,1.63601860777931
1.61864678997072,1.58019274808072
1.48017367319661,1.45168425393845
1.76960123589392,1.7200634143949
1.70141214636003,1.6616601430039
1.48393431073126,1.41263378714626
1.66654826719138,1.62250355715133
1.93770318550575,1.87900994533933
1.68921611210389,1.62200706672999
1.72342712528688,1.66898971735077
1.61596215582847,1.53999757041331
1.67399820951391,1.61565151606256
1.69286823181459,1.64930162151622
1.85752179313499,1.80965794158669
1.8772848145698,1.82188674429578
1.86506283006771,1.8120058444465
1.68154656397642,1.6332440855891
1.80372152081677,1.75502570426377
1.81272368643224,1.73346223768142
1.573668193847,1.49957773237351
1.79670150688325,1.73903614519809
1.87239887972989,1.81447317474829
1.54522443674071,1.49652617519106
1.63181063879189,1.57238364042389
1.77846745121395,1.71748966508131
1.34487610829224,1.28881715615154
1.79904680221848,1.75569680622954
1.82237385938326,1.76374547789982
1.78403905399755,1.72707102391499
1.87975665494753,1.84475540869486
1.72539542515366,1.65701216061416
1.50892444759871,1.43558703432441
1.71194177279656,1.65012787361923
1.64505505229971,1.58858963198465
1.65682734263426,1.60907289958736
1.47869239797647,1.40507958438993
1.7888077411286,1.73607359041545
1.73499914433511,1.65898809437183
1.58163985254118,1.52500768299887
1.59767972699413,1.53629519244968
1.67780490414204,1.62154391423982
1.79052366537419,1.74974817452618
1.89925654704,1.86374593337593
2.01579677309027,1.94479056577187
1.85677373751556,1.81610958007838
1.7200566087601,1.66818372902569
1.49588655759116,1.45529297754465
1.62909999198153,1.57630605319031
2.01638247226985,1.97364763983164
1.79732433624052,1.74036203054202
1.89403964416423,1.84124184301695
1.99028815840756,1.9402444325007
1.7472163015449,1.68722686582178
1.53462219661507,1.4763126180808
1.37972572376067,1.31283286736383
1.74183392695367,1.69377177752436
1.69506423339712,1.64910546155582
1.67495095414514,1.6332441409895
1.83639935984369,1.79241562653169
2.09047016182677,2.01079667284488
1.55658300577342,1.49865532672552
1.54000432437164,1.47808751901927
1.92149114064819,1.86857399196378
1.84763352736468,1.77182615804133
1.78219015924788,1.73138060459485
1.866144360243,1.81958328034168
2.04242031348461,1.98867205493631
1.59842768555016,1.54286483750328
1.76245493939895,1.6979827703138
1.69761926613977,1.64626233245269
1.87963809198936,1.83220262568047
1.83140429223176,1.77671194685809
1.7002059225315,1.65350532087893
1.48996849047395,1.43240252895217
1.7713122735519,1.71763506643028
1.73529935365316,1.67803996554868
1.53795986767425,1.48224361758585
1.69997467623059,1.63501844581873
1.89310686687427,1.83218011452743
1.73638384916229,1.67632567116184
1.69840755913238,1.65568518395542
1.556482777831,1.48378452983291
1.66203529369275,1.59810825782733
1.95445826750414,1.88109891969473
1.93299238675026,1.88458770486769
1.9852034756919,1.9230729927785
1.84712348131245,1.79513308134785
1.82080496986446,1.78139078165235
1.71856973045225,1.65691802414415
1.41905689438884,1.34554073166764
2.03406943234374,1.99274788776645
1.79358961894221,1.73534320329237
1.99887538119026,1.93672822737356
1.37912135303368,1.30836396577386
1.523666140599,1.45385530083355
1.81999804817292,1.7710086778861
1.6296398862154,1.56762421005831
1.59096520831235,1.51192516767665
1.73466155166415,1.6858461331249
1.5549720367404,1.49891825901939
1.67863824158041,1.63588985287758
1.53116703571333,1.46328800798284
1.75618130114275,1.70338265316096
2.08543692801961,2.0222576770565
1.86997303115577,1.80488774453671
1.78644504252637,1.73548757582829
1.73045917989363,1.67568191914421
1.80270709932472,1.73761356960022
1.62723160342296,1.58153255307538
1.7892033951561,1.73956306975951
1.82601036244954,1.78061326994337
1.71676860194325,1.62009327007003
1.70933183437887,1.66794182767927
1.5502867792548,1.48306015920638
1.75853634484624,1.69828714256873
1.34835380388205,1.26651489131388
1.4337767916721,1.38125310394533
1.43403974976087,1.35374445105792
1.74869167186327,1.69923168067638
1.784725797159,1.73552174812094
1.70210517196692,1.6414335401101
1.65224862791255,1.60164862052084
1.58848782612471,1.53332033271029
1.83866130831385,1.77999317685687
1.98341010606122,1.92023132386038
1.47861184234406,1.4304914773353
1.77784101074657,1.72902869693991
1.73051184567466,1.68132396203101
1.81404334629853,1.7633569423275
1.82312171650892,1.75978635016164
1.60216180883196,1.54706890175726
1.86927460357142,1.81244928668871
1.94347547363465,1.90128123062867
1.85650798051448,1.82126303825717
1.96893151816363,1.91077258224446
1.72500327720429,1.69057598841072
1.84840569430956,1.77736645269699
1.71066036331409,1.66039636106085
1.48872875158243,1.4570242586888
1.91260436620065,1.85236714539044
1.41459743424365,1.34963282378204
1.74777639952549,1.69715122120228
1.93487172979762,1.8811759169424
1.51403703572422,1.46970953727328
1.85638966982588,1.77694295824857
1.82890841700294,1.76430514242345
1.65892372520125,1.60652982412235
1.7442513992491,1.67139680355785
1.65023643508605,1.59990862675427
1.75105713469635,1.70963964968043
1.65490382033253,1.60516380746517
1.92900688057749,1.88775529076604
1.79658364810697,1.74351551939724
1.73841555678386,1.69398326128053
1.70249498329587,1.64213037342987
1.63138732890211,1.57665786181491
1.34439042524062,1.30797479478228
1.82893071958352,1.75579355981722
1.73763005333344,1.67929423905361
1.95349384090806,1.91086061671681
2.09580038397743,2.02543831834798
1.63922159434177,1.5896213578634
1.86253609629071,1.79113327853718
1.87925379391519,1.83300438177426
1.78647633220194,1.74252524760235
1.69990778792815,1.6518884915848
2.04892172213879,1.98740596221496
1.96485309056005,1.90851534143096
1.81130258825424,1.75502811378861
1.93885860559705,1.87775690293415
1.74090983601972,1.69271920661341
1.7402553537543,1.6941390132214
1.7001139570187,1.64704268056752
1.78423866881996,1.7383979877415
1.86824055533696,1.8043427127673
1.85330592381133,1.80294529559094
1.5382718625886,1.48643819243378
1.95050403612733,1.87285387484246
1.65526522668891,1.60745271932684
1.81946069094227,1.76290989228672
1.49547269635565,1.43046596417077
1.79726629370287,1.74602380988342
1.92881006179503,1.8892353639834
1.67230610511721,1.64104614173035
1.86435052813053,1.82511973147207
1.76583768036516,1.70304053921271
1.89541436283394,1.84555621557918
1.40368371701638,1.38375740753917
1.77955893639578,1.73791169710016
1.87769669456294,1.82431868672301
2.14706255091144,2.08011729146906
1.60966091665277,1.55366464929688
1.86499985261818,1.81555177219754
1.41957799074451,1.34126857621237
1.7908547504598,1.73122526799909
1.78676795006632,1.72879645110518
1.76451071815143,1.73136152248192
1.67397056532645,1.6274393684812
1.69042686101958,1.64509718129063
1.78463370504022,1.73156542814475
1.56126133339845,1.48619990789436
1.66654702333681,1.62112812478509
1.9101577010241,1.85222176325844
1.80785120955221,1.73655052584717
1.51208588642206,1.46168769365353
1.67765995442459,1.61946431291914
1.73565289386191,1.68251229787185
1.87345398542366,1.81299119632533
1.80847689754077,1.74335979539708
1.76385383766265,1.69994949863476
1.72290944317552,1.68646307718826
1.79779195399031,1.75077033470105
1.91992082202419,1.85849093304407
1.79787660608809,1.74079377384661
1.71436899711612,1.65151101763827
1.97255305919708,1.92661217931745
1.58642405187678,1.54380882840886
1.75152199625854,1.70534993827014
1.74130702924947,1.67880309391084
1.36430180385347,1.31495601454078
1.7826763621298,1.72053688227947
1.77842260417686,1.72131384583314
1.75321812729684,1.7057564854736
1.46906282336445,1.43298036061025
2.10916189200882,2.02927717759909
1.91155977148042,1.82579194914805
1.74390425107716,1.67983928998776
1.77601498707024,1.72334590539403
1.74830304797127,1.68561482079898
1.75364352355634,1.71682392802061
1.93205424379913,1.84365426704463
1.70445889234739,1.65683624972392
1.95550593692502,1.89397034691364
1.7550767816481,1.71065735752312
1.96702077696306,1.891296408972
1.79639105599494,1.69445408005147
1.94187298175957,1.87872632164932
1.75456843831203,1.70722970622366
1.88171135702466,1.82549505984345
1.87171369022138,1.80990749906793
1.85141918788338,1.79171293099317
2.01922812846479,1.93717655823312
1.67766828193194,1.62419759028467
1.87999045800266,1.82153628078187
1.69036150733597,1.63849432410584
1.69349181003464,1.64384349935446
1.80485704264914,1.75733205566486
2.19745015270939,2.14656016673534
1.94414051500043,1.85646330718429
1.40747382000583,1.35865233174948
1.73738140438221,1.652515762702
1.69762202860931,1.63498123601339
1.47232539505466,1.39909814441897
1.92899154017335,1.87636668667057
1.67029592910038,1.61628710880408
1.85510718930727,1.80434451642831
1.8402682798673,1.78358640029564
1.33818242794287,1.26417271728894
1.67045970700066,1.61065296858549
1.81739789584241,1.7610802066472
1.64565534120678,1.58558700725259
1.69248661640327,1.63796972590546
1.78889500135153,1.73092405558085
1.58168529086745,1.54589336093895
1.8806254082617,1.81607806600324
1.44521250346499,1.37067597205555
1.42847142158009,1.37886361038078
1.48103153333505,1.45619346493167
1.57302977863354,1.51824501499295
1.48282592045015,1.42209326156606
2.00549893922501,1.9473989617068
1.67103846692072,1.62614831771578
1.69494363642285,1.63886266244292
1.42251729601027,1.35087992523207
1.79945265862476,1.75244495993759
1.37187812098662,1.28953829139212
1.91263113295913,1.83062174328319
1.58925669050505,1.52393381006331
1.65256830637394,1.59985325388168
1.71831176953727,1.67533751679552
1.63030444023778,1.54650855779517
1.70122828694382,1.65617253134742
1.55624173596335,1.51875751798613
1.76255174151414,1.70141261664809
1.58939308666903,1.53251229310742
1.54084076386952,1.47912521087555
1.84754075293243,1.77877788141285
1.35512360358315,1.28926192551469
1.75779700124812,1.70789364277732
1.66064500308279,1.62142565210521
1.7370881462067,1.68821282913887
1.4282188590638,1.39285126216838
1.79042021505169,1.74949581160885
1.91044072863918,1.86443607724222
1.77006703617829,1.72652078344562
1.57293292392866,1.53777820125011
1.78268717359226,1.72745425406039
1.97781907368168,1.93820046457479
1.99532318879034,1.92396163191977
1.84757193814697,1.79137576303296
1.63191966009855,1.5929802345091
1.69829249595957,1.6526666943447
1.8684274735135,1.79168268881245
1.83889587870312,1.80901837420105
1.80675132956222,1.755320963611
1.75533099484699,1.69569158984558
1.77338988812828,1.72727887578305
1.70561192838663,1.65085437151576
1.74436025820024,1.69179951499777
1.84153627424823,1.79014914613182
1.88337849415756,1.80448158022153
1.82642875065069,1.77149892269582
1.50293120803943,1.46999676188936
1.7056552838187,1.65478956930115
1.64602601641354,1.59107661670405
1.72341165223597,1.64912875777018
1.66151142731208,1.61101768858419
1.6972887093963,1.64337371501978
1.68579782591757,1.63181479138362
1.95849315212058,1.903997285336
1.5798962186482,1.52860401992567
1.84023234251564,1.78429198358964
1.90018728676309,1.84864914258978
1.74813704873552,1.70376531745557
2.07310059069518,2.01981644166879
1.48589152344565,1.43312069971995
1.72749380391643,1.67775899964498
1.78975045340311,1.7342591740716
1.6442793446442,1.60801598907525
1.54815885781107,1.48078159889155
1.73421108826952,1.68456916443287
1.79824478986077,1.74419701746177
1.84176348865868,1.76677026974607
1.85770160741729,1.80034530135377
1.93362059214682,1.87028118148748
1.72065845588449,1.67046686997887
1.67410251668231,1.62806493721282
1.69445655978255,1.62909983229019
1.47277261500941,1.41336129433185
1.8023792264911,1.75801545442442
1.63220822374209,1.59716613471836
1.99751742771582,1.92426823218245
1.85677959540466,1.78539359815008
1.90166791764146,1.84708649300553
1.52209618991159,1.46351253627687
1.69942439862435,1.64248826415573
1.4515105169244,1.38431404685979
1.50677162009344,1.4328807685899
1.78691841517669,1.72525234810923
1.61011659421309,1.5419143641767
2.00921201934893,1.97121391830778
1.89116791906949,1.81530752697559
1.65691958852934,1.60860862132004
1.86908360416296,1.81468423766462
1.90236057521051,1.84586122954577
1.43080572675246,1.38808390103987
1.77383123592577,1.72152501524336
1.72064064479173,1.66713721793787
1.93655119080541,1.88079387709499
1.82433574934587,1.75473786079229
1.73014538540455,1.68472921509813
1.66720132956434,1.60744485764116
1.72414642545924,1.68106092222028
1.62934203841693,1.57605052363944
1.95746529721755,1.90142198490039
1.8881462947774,1.82567112740554
1.65293516381646,1.56993360548585
1.89023445619567,1.82660477705183
1.61164803399678,1.54499126132214
1.76398236588598,1.70701406040467
1.84083623655633,1.78501888092924
1.74942167322484,1.69585271068098
1.68959873050619,1.61834863360025
1.56217126479698,1.51993187807438
1.54444753740233,1.50400695699633
1.80370539118439,1.72665487000108
1.7785076484838,1.73569859476009
1.62048757544547,1.55453652877083
1.86472048779442,1.8001015545107
1.73211379582444,1.67452893520915
1.75579509680312,1.70630196151485
1.63336247458002,1.56837091480459
1.41077874572686,1.3649512407878
1.7126897428665,1.66138725208496
1.70947722776098,1.65472953613757
1.81779612373972,1.75933564074092
1.87025512151314,1.82384252632843
1.66417443766252,1.61424004081369
1.68322388983602,1.6392316860518
1.70451038019339,1.65529713967514
1.62915052913326,1.58035283265097
1.75737466328295,1.69993118470715
1.52358061722494,1.46282517183367
2.03983835270372,1.97517885236774
1.93977701363808,1.89238502164334
1.960381592023,1.91638882441961
1.82613326898348,1.75871304490291
1.96048732509198,1.92029623948211
1.60349918726506,1.56563408856216
1.91555863318469,1.86309031893779
1.40012489778712,1.32979966206898
1.88423636420181,1.81703738903858
1.77893211821661,1.73106006792499
2.02038073599009,1.9660727454815
1.50815556357264,1.44977594302985
1.5826774929686,1.51734677847453
1.65212299794977,1.61082905800676
1.58632813133681,1.55103619679076
1.92198306988527,1.8654275096163
1.54494727279141,1.48011637203805
1.69460345306257,1.64477828229227
2.1440374691389,2.07368306957945
1.58322191235833,1.52888358880725
1.73336763776037,1.68070482304237
1.40222048785265,1.31691321324736
1.67889784469756,1.63171936205615
1.61423369108606,1.56109945464374
1.78883200724878,1.72500192211512
1.97330225175269,1.91851674118566
1.61728758641096,1.55892475275056
1.48922662600186,1.44441526815464
1.67616200933318,1.62277555429706
1.33336723688132,1.26070207618871
1.69866448840071,1.63565311229161
2.0486663893173,2.0072528892827
1.69437589362997,1.65166083519436
1.85153657426978,1.80131707649674
1.69082721595984,1.63760150417836
1.85931218448936,1.79268692524658
1.55635011687812,1.52318126240896
1.54512130643089,1.46846742119379
1.33262973054604,1.27070674953948
1.75550519486775,1.700751422865
1.68536898687908,1.63247008877266
1.76357457413237,1.70827378756605
1.89388604951163,1.84665644927731
1.28079888616977,1.21945586742869
1.39218417459981,1.33615086553865
1.96868060906943,1.91507885470657
1.58513568431597,1.50844731484223
1.9124730278508,1.8447793880838
1.7424772116441,1.69428067837444
1.64810995590993,1.58971920530163
1.71531282034292,1.65872712742943
1.93746170095546,1.89072346252176
1.85143267246212,1.80053045615364
1.62922349000277,1.55674028503307
1.76313726594607,1.70504813368315
1.44957409199881,1.3732264683533
1.74886962134833,1.69915179102168
1.92863931166323,1.87046000421532
1.43748303760834,1.35241952126904
1.86117867223197,1.8296235667492
1.68713258493347,1.63587725539675
1.65524339588343,1.58279179797692
1.75896929352395,1.70592998090538
1.69031190431115,1.63230376136734
1.83230331829569,1.78521425352733
1.76208512505903,1.72977354992899
1.720353328325,1.66350183653111
1.68200308253915,1.63188190180986
1.54848235779898,1.49477734587437
1.81619358453287,1.75968634359517
1.72959519769874,1.67019211815049
1.81241790983665,1.76361754339962
1.75332004806947,1.70858814020323
1.77390583050248,1.7378057363944
1.60770730042005,1.55362662784995
1.80185388841234,1.72619707153826
1.94554033823543,1.88350280616596
1.77241269627546,1.71587043008659
1.75709886563764,1.69425455959409
1.42861827035362,1.37950865149747
1.87710741461902,1.83789623247584
1.95099142706237,1.88049013804508
1.41584803840031,1.36139196233485
1.91544468743705,1.85790873746095
1.77575083533073,1.72692342141461
1.71819444731632,1.66937501154834
1.72378386092473,1.67131102549951
1.72128560524049,1.65617287026623
1.53610460255101,1.49463805291105
1.50497033256049,1.44609883716371
1.64581782305335,1.60368960588169
2.05226951930279,1.99530902702944
1.74282892984926,1.66459223408724
2.03023181587116,1.94523120630608
1.87234623524199,1.83734735881052
1.5925366804775,1.54956879401946
1.69305128175791,1.64351372495811
1.35802140730756,1.31232950720767
1.68683945564766,1.60689182322422
1.63117083924096,1.57491144929035
1.74518043898935,1.69558417683637
1.55288003404176,1.50294641115796
1.75437979520409,1.70641296440405
1.7835893053018,1.72224441763457
1.49687447501168,1.43525004860868
1.97920625129128,1.92427467373763
1.71271724071495,1.63632044359988
1.83729932429896,1.78195890544524
1.66914252446752,1.63362215408053
1.49102535779021,1.42422656390332
1.61087028953541,1.55268495026178
1.75941765689263,1.70318592308232
1.57320268695519,1.52588511856255
1.8054025647594,1.76790475932165
1.83376939195052,1.7781236617266
1.58153990392213,1.52579382324088
1.62791310667846,1.56498424476432
1.79252637161247,1.72792193956897
1.93559828328225,1.88400855564719
1.50127825047062,1.45393508235248
1.89080096631506,1.81072829630904
1.97626054257025,1.91072169812016
1.81209365877317,1.75760856784666
1.55821007773779,1.48914413734078
1.56984717857034,1.49057426736145
1.51153089699283,1.44460516647741
1.57557243643689,1.49492384389385
1.79692072934375,1.75032204352186
1.68631269573616,1.643574177742
1.8023697442081,1.76406999319587
1.63088533205887,1.5928163307854
1.60218509998971,1.56948834598937
1.78621621654507,1.73812064328541
1.66041258203026,1.60775103177174
1.79969642910495,1.73618834437067
1.88241399207196,1.83159488511697
1.95793756812968,1.91852248422272
1.71761404321997,1.64530054887527
1.83713728332608,1.77493964985277
1.62867522658741,1.56088024526647
1.70563083724837,1.63765676384386
1.30030041520793,1.22150520385089
2.06750505965987,2.01580085973968
1.72054332957387,1.67482927845435
1.59427924675235,1.53118872126453
1.91708697113439,1.83611321323413
1.78735701138932,1.73545967758496
1.88180767560326,1.81610185093746
1.70770050013381,1.64415426109868
1.73805928508806,1.67988160012824
1.96368328900085,1.89603096463446
1.4362272555686,1.40529004880925
1.81942734357733,1.75431272771733
1.79694528051834,1.72902100055861
1.76672468170013,1.71510988965228
1.63800504445902,1.54706670244835
1.90470581597382,1.85818928842699
1.74933397817396,1.70346572649426
1.92183454563085,1.86896335561151
1.76492927097604,1.71547878163594
1.79668569503327,1.73312250943574
1.76474273159872,1.71346534120591
1.47135083758113,1.42309538601571
1.7518444844423,1.72464442715872
1.65967667076547,1.60178548011639
1.83771325949898,1.77037614630032
1.41588118657646,1.3381007646094
1.7213131178182,1.65841759700767
1.84445793286012,1.762143595105
1.90581138595227,1.85367425748449
1.60191898954713,1.56898259159488
1.77521339260031,1.71806444511733
1.8611195053614,1.79018909878686
1.99230362044106,1.92423754998072
2.06029682405633,2.00681998420117
1.40230007316444,1.3409181788004
1.62763501982998,1.57267096135249
1.82126918284036,1.77002420015409
1.85922905935617,1.81518614470243
1.82946005736406,1.76390157611388
1.71157436645418,1.66688648705389
1.95711097097799,1.890639238579
1.84409424616577,1.7833026306165
1.88893006699463,1.84532229101697
1.73923446902026,1.7024440619145
1.84361038029288,1.78025347714106
1.83185228998219,1.76854429506124
1.66463792589085,1.61928644618144
1.82325751902443,1.77510434331287
1.82718279549557,1.77991976038468
1.74426153140716,1.64828820586055
1.79713251334076,1.74148761094642
1.59213307034683,1.53986239146801
1.68547861586598,1.63626414513691
1.82744212697384,1.77035816751948
1.63373565017216,1.58437846462162
1.49282321419051,1.45847465006921
1.81007885150636,1.77400320719252
1.72828429406178,1.67926460074208
1.77335782919078,1.72840145321653
1.93583114792795,1.87443891901653
1.62174807369263,1.55884959602735
1.63946738039893,1.57769285048444
2.01935217144106,1.95035769237698
1.73254929226776,1.68666504685627
1.62885760919364,1.58988563015294
1.72770137619766,1.6818580796134
1.83125629191664,1.78226485156242
1.93042320935567,1.87337818527763
1.96586340241121,1.8935589583347
1.65621900624664,1.60255607174398
2.1058281052466,2.04142935142813
1.58355843203695,1.55083348716539
1.67001328612833,1.61972004016779
1.75298749982171,1.69448947940532
1.79515720982956,1.7063035138082
1.89529193935866,1.83992602994539
1.91454503047603,1.85086437913698
1.63277286096425,1.58948111266974
1.9418669915365,1.89328733542924
1.9623060106398,1.90589808824825
1.58850640396995,1.53284164077494
1.9358088056637,1.85563368877612
1.76646947873416,1.68128047924657
1.51219376255859,1.44721312427615
1.94927673634623,1.8761401765942
1.86757673992323,1.81391204652204
1.64682149879156,1.5903468828394
2.04614692510152,1.98822848885561
1.8901057406869,1.84640173405074
1.73843468214989,1.68482866289006
2.1323426394816,2.08651467587299
1.72765635405915,1.67165165989699
1.7343407735953,1.6781102699216
1.91804603670313,1.85672714958365
1.6715371506424,1.62424229564286
1.85068950387899,1.7922493594024
1.85203760766349,1.80265768921754
1.80067073299604,1.7495839823645
1.74652198318857,1.68479786682858
1.69784232956507,1.62795396415602
1.69058376622679,1.64973986332185
1.82015977516944,1.76597123788178
1.89099000758178,1.84074411064658
1.95438946966307,1.9135436809516
1.76522833803507,1.71447119261101
1.69838504709481,1.63817813662081
1.82188613483245,1.7597419649292
1.96741515297197,1.90464470678798
1.71556106213419,1.67009511953015
1.53963047054577,1.47495970358466
1.73031840543115,1.62936372329528
1.84978647826058,1.79349240964289
1.92818769585824,1.86969360910435
1.64157425269161,1.56614046317484
1.97840212323331,1.8851202847309
1.75122001546519,1.70216189782136
1.89051170306942,1.83572293862837
2.04092464431904,1.97864431131791
1.84599703676421,1.74230177349795
1.97078990733904,1.91278877451897
1.67151444990289,1.62386910956054
1.87416338998123,1.80206433067804
1.84480946610233,1.78933369519933
1.73006779054825,1.68303891171539
1.92754122958477,1.85691050717155
1.74378475126071,1.68721870741315
1.68213222799029,1.61436146583157
1.69166926787321,1.65666560177157
1.85428061532173,1.79104699564236
2.06141887572662,2.00045914977602
1.88691266190365,1.82683973993665
1.76335915925402,1.71961996501419
1.79677942625741,1.7391856938772
1.81468176621501,1.75191799709651
1.75511409251495,1.70237121136734
1.81630018865327,1.75230092657711
1.71324786800993,1.65265902250911
1.75667879026652,1.71023976278958
1.43187733385075,1.40878516971079
1.86606250404699,1.79573095858582
1.85816975251867,1.80492803062831
1.37935907501665,1.32875748517739
2.00122783917484,1.94139227834504
1.84738726377809,1.76891575875668
1.61409910539744,1.55191703925988
1.67864745914336,1.62617077691049
1.8352114810086,1.78626934081588
1.6963779471142,1.65288769370335
1.77726409170742,1.72157570916824
1.71445290497501,1.6565093171371
1.68739993784782,1.63069775118616
1.58158923067541,1.53104531095701
1.82517441798581,1.76030208364331
1.6886810685535,1.64044006038337
1.70349680448929,1.65547713782684
1.81108517587092,1.7431673958963
1.97030778559711,1.88502353764377
1.89747626830482,1.83756396990929
1.73732688503109,1.68432251762926
1.55994239375026,1.53202136956906
1.68761245495507,1.63261920628349
1.76480005891803,1.70682856315483
1.7832271256975,1.74766488061829
1.74779186062683,1.69203430950731
1.69270005249073,1.64153457008342
1.81601915620598,1.76279122714326
1.77895459081711,1.72805888262034
1.93286505973227,1.89462625600959
1.75506001713755,1.71557318123643
1.87104039821812,1.81513606025803
1.54374633215936,1.47391060425938
1.65004784960626,1.59334003569584
1.82661045721287,1.76971393263518
1.7089410229789,1.66154973216376
1.454379017925,1.39500267806438
1.83134533009221,1.79855648741931
1.71448302263099,1.6558071398614
1.91422246019521,1.86108578937224
1.71337855553346,1.6665444077258
1.97555055269047,1.91389250099312
1.7580238378686,1.70988680594263
1.92870124013971,1.86907830544033
1.74440210550808,1.68565929130661
1.73974880413935,1.69070363388049
1.99655577476599,1.9274543701203
1.64916694866376,1.60183848973649
1.65537226398967,1.581747701482
1.57438286521746,1.52049020646319
1.48735595822556,1.43858421781945
1.85173330185185,1.80541999138871
1.59950345830026,1.52610787194041
1.76628985722849,1.71542573789012
1.9367943879045,1.85283262502287
1.78744282843085,1.73068572669858
1.99272815593505,1.93054371967018
1.75126944247859,1.69590075913851
1.76534489688123,1.69942905318567
1.98006593061598,1.93959159447134
1.67043716652848,1.63388575006212
1.70861247831953,1.66150201729987
2.12222818699413,2.05859431873732
1.45166013413135,1.38161418262328
1.62108141270736,1.54508524757554
1.56809666246084,1.52069852222968
1.76261501685246,1.70242572817252
1.62993733735114,1.56088320811371
1.72288872522982,1.66987606755219
1.68582028511175,1.64186810225792
1.86136385675898,1.8041979135881
1.7243212500501,1.66648506483907
1.94831547552931,1.8778119509421
1.73106969696751,1.68528427778898
1.83451740969127,1.7701023394087
1.8484369578696,1.79910237264063
1.46441519853333,1.39034731998367
1.62488939843427,1.58471230796295
1.75874543121865,1.69667094933694
1.80428829014817,1.74862319533981
1.56482270423152,1.50717489112166
1.66956526539162,1.61956951593955
1.8595752988319,1.80325325115612
1.54904836226407,1.51058082805591
1.85596449750394,1.78060199281376
1.4740005433124,1.40298769381849
1.81977590345829,1.74921210087911
1.33229201313202,1.27881132287361
1.81664769026284,1.77082431373309
2.16677908975653,2.11012206662507
1.44623873453172,1.38370859820462
1.84692070562214,1.80015297502946
1.58377156083512,1.51328232255486
1.6481728989719,1.59593673018404
1.74627100166115,1.70662087805808
1.82538814831764,1.75851074137431
1.70014574415924,1.63665882249899
2.03397976793112,1.96981428697898
1.7925589420961,1.7364437081746
1.99554593060221,1.93082282085731
1.71162224185195,1.66111448776528
1.48318794418563,1.41546527910253
1.78220094242842,1.72377735975375
1.78049904972903,1.72859703084166
1.98253724994661,1.9132276286947
1.6784845757368,1.63233636241065
1.82549264312524,1.76877660383069
1.77148530024637,1.72892274859174
1.66700865512434,1.58056639965915
1.79388241546901,1.74694989985557
1.5991782343052,1.53954294847396
2.11135499712208,2.05572204737424
1.83023754473849,1.76350387001842
1.61699916585837,1.5789454004594
1.64164217783601,1.59398987751332
1.95899682866088,1.90224600423909
1.75762392856423,1.70945203519259
1.80376377745399,1.74437781233414
1.80110677765997,1.75011818511005
1.67020354871909,1.63430077500659
1.74560355307143,1.6955985728427
1.90004011734324,1.85505931690346
1.83118470430647,1.77100019966933
1.90118543890049,1.84144278392824
1.97814225441635,1.92681121452142
1.95932254496078,1.91611777863596
2.14636441325752,2.09082804653573
1.86696496121978,1.82229781796782
1.56342824456702,1.49420594943696
1.72657266679449,1.67614054792253
2.03877339127486,1.97614939877103
1.95308271763421,1.90525345254452
1.5213894653371,1.45482387367259
2.022743103176,1.96115517028904
1.72644620459809,1.67930625638272
1.385126897173,1.32760984999848
1.74915355519523,1.68990365999705
1.97538068087526,1.8949115012431
1.72988722913713,1.6812960359617
1.69920625261787,1.65318584269311
1.78863543144832,1.73487417491574
1.59977910910348,1.55934525043965
1.86368680304524,1.81707616474691
1.63205524675738,1.58067222919255
1.805787223192,1.74900937818265
1.80252311694818,1.73035288880454
1.45470289922563,1.37865704338722
1.90019630158555,1.82180501169539
2.00739002225861,1.96029516941048
1.61456547480011,1.57600882943382
1.83454774976778,1.78718096531704
1.70783407417161,1.65515295327421
1.88645939890427,1.84191351284431
1.66929286522081,1.60779650301977
1.46649123138358,1.39241934437171
1.87973498961172,1.81924042120337
1.91914054074168,1.84352377238196
1.52904918490789,1.49801440453366
1.65625954851294,1.59982336525594
1.64499549931901,1.58788841211896
1.88657863004798,1.83023443917524
1.75681247945189,1.70336569494756
1.512848077993,1.4511730498606
1.58686978348008,1.50134115773334
1.82637817120399,1.77207387634877
1.61158921238332,1.54864475774068
1.53819741597838,1.50919708922696
1.44976477151121,1.40539227320105
1.5896998807614,1.54601171045656
1.92445646457519,1.86115632321929
2.04594643602017,1.9976481013694
1.63460159323265,1.58701073991333
1.88025830616164,1.84618430024414
1.85037741673547,1.78757664720725
1.97391446369408,1.91562690189727
1.56167034682689,1.49580383673988
1.93761499874063,1.87778358528063
1.68254837126178,1.64137712101169
1.74069846716543,1.69030580687491
1.56710956876823,1.51390191158611
1.67455068890958,1.60293025900467
1.80718942389384,1.74816475037906
1.77302407322742,1.72641186825818
1.78670825161332,1.72781316757423
1.79958794030984,1.74322411759269
1.95594177230161,1.88996117069476
1.6136257290202,1.55963728633115
2.02423776486358,1.97264328489263
1.41713737166537,1.3396178255946
1.75529120455035,1.70914405380425
1.79519546071104,1.75980734125575
1.52982991209131,1.45930026748154
1.88712337716665,1.81341057034404
1.66488515297318,1.61213856397633
1.51540164611837,1.42713951169497
1.93473694260195,1.8914596105509
1.86662777503541,1.82065254206559
1.75345625555338,1.67122718801637
1.88787037425908,1.83477708873679
2.05788204897994,2.01289302319558
1.99018674447639,1.92460343341716
1.39305058586063,1.35284602704685
1.75763291447479,1.69966868474702
1.6383475696989,1.59012758415965
1.74875449329916,1.70097987046332
1.61339196073617,1.55208916563297
2.01304533863408,1.94769356161007
1.84997447759731,1.78550696567181
1.80927296164049,1.72908462357017
1.37741460095232,1.32941295892704
1.52753412163018,1.46650599762024
1.69026481693623,1.63072066705423
1.95094151183791,1.86477988433464
1.79664244685719,1.74117640955417
1.76647434311828,1.69835816068344
1.87420926959504,1.82162387643376
1.67393317257938,1.63804026465027
1.79095712825339,1.73720429950779
1.9332469325373,1.88945832310869
1.59039345135261,1.53684633228133
1.87603447064416,1.8242390031129
1.47120401383176,1.41966362068624
1.81313161509608,1.7567049633727
1.89055181671875,1.84123347112878
1.8063910845512,1.73123858153206
1.65324948916043,1.60240013439733
1.73248373495424,1.69373483354969
1.71911332778868,1.66646667181384
1.65103413974247,1.59247985684684
1.7098148168555,1.65654535870351
1.895262811404,1.83529471117127
1.77665727632535,1.70992792157782
1.63489188569995,1.56705496730186
1.37703165663526,1.32579347167338
1.75409825026147,1.70147587782629
1.81388034719701,1.75400383823932
1.83604716394067,1.79695865905368
2.14810463894314,2.09243707699978
1.78442077693223,1.71766975652326
1.57721826289641,1.53890525068708
1.93563593580534,1.88131990113103
1.65263787190962,1.60784469168816
1.86569259799139,1.81996971747883
1.77086420019596,1.72151242382918
1.88217191544476,1.80787755446898
1.73835659857023,1.68504492094308
1.72913395639465,1.68222498857818
1.70909969189363,1.62428201198022
1.79868548358441,1.7243632801974
1.81886567774196,1.77867713298398
1.33312527848566,1.2768938414283
1.9190931070504,1.86111827990285
1.91826809296185,1.84059131977999
1.48540183214665,1.41493737115423
1.42626510024484,1.40100578711827
1.80350867042055,1.75383491862931
1.9983120161204,1.94520201784864
1.62592376704572,1.54890187154742
1.86031406489092,1.81574895171194
1.49776990493991,1.41050954164229
1.75349144483898,1.69814466966308
1.79469610785879,1.74115625278339
1.44840706606722,1.3885721081677
1.65181387335861,1.61810395543563
1.95449419511609,1.8755393246017
1.68444088330582,1.63285476461634
1.72274053655045,1.67410938034183
1.67377408450606,1.61142963021967
2.02653242134375,1.96196572271921
1.68766459564035,1.62999589280189
1.77566850149293,1.69903869423397
1.65719695381705,1.60445822017414
1.87098264364011,1.80905042538723
1.61713108769921,1.57790895983835
1.72051274718368,1.68015282410083
1.80191425939271,1.74679513634557
1.66339907973245,1.61375378095424
1.78787518281703,1.73544423749322
1.7573592402745,1.71219331274726
1.53677140026399,1.49975765306258
2.01267598994689,1.97026313396948
1.5270450487453,1.48325713827882
1.4889448892877,1.42203079930326
1.81234881587572,1.7731636126371
1.68144965831205,1.62771731351539
1.90456080623962,1.82705953624413
1.85479171674409,1.81669932897983
1.59200836125645,1.51030875457677
1.64838430090907,1.60364585312409
2.21410767230236,2.1687208551392
1.50585923306293,1.45228714616018
1.45687341822317,1.38126221710834
1.85405450153595,1.79373206196293
1.84488359074324,1.79609711417711
1.90657270740533,1.82881809419538
1.80398015719373,1.75614606264275
1.6113618065605,1.54311880976529
1.78479624871776,1.7319516637667
1.45155119336576,1.37340143511088
1.85846224761818,1.80600601813117
1.65729530881847,1.61052672776435
1.8576100340406,1.81229693174096
1.89965559324889,1.83022804793872
1.76492775940482,1.70614152120624
1.64225952778138,1.60619088122525
1.61601262136709,1.5732281269847
1.7372317883812,1.67204174789903
1.65910033832356,1.61291663615163
1.65901267136347,1.60967317267015
1.88807184111372,1.83897104590601
1.96545140596088,1.90436808790168
1.79552071548699,1.7416378257811
1.85550467519188,1.81139688303822
1.80885202241878,1.75081091667033
1.82884322858445,1.78192996807292
1.49715145179426,1.43942892504201
1.62844019447848,1.59632629888682
1.84710923154283,1.77878827392221
1.81062076693807,1.7536208368098
1.86732601939998,1.80811594808789
1.921260705875,1.85963432736842
1.76648210943137,1.70227479973226
1.82500650145694,1.76581189744181
1.77112081439472,1.71463698612292
1.79451867338748,1.74148702477586
1.77228163661112,1.7291214548693
1.74746479232064,1.67936353328905
1.79739681468449,1.75610576757825
1.86845835109149,1.81703479274544
1.75438337834819,1.70118767901892
1.85376906219908,1.79798231098938
1.74293467478265,1.69449643904172
1.79422456561377,1.74607025267143
1.67708493417656,1.63858283710126
1.87094072203117,1.81868537458142
1.49104529706214,1.44417094248899
1.85606345120362,1.81012245409054
1.52609162856655,1.48623592632046
1.59800204797397,1.55326392366205
2.18319231950396,2.12072991424951
1.76007893647536,1.70959158020582
1.91247843628631,1.87307775756497
1.90332304206003,1.85151194609098
1.75573408409573,1.70537321293196
1.90359035329061,1.84553699525126
2.02040340161047,1.97161454472771
1.91508590833292,1.8676139933113
1.47987499447709,1.43076662174684
1.85373328560006,1.81570539910129
1.80635511644341,1.7637785662148
1.80613287517626,1.74667075804217
1.81401952850567,1.76701007274957
1.71019862681641,1.66009937326026
1.80970552640781,1.75779892002862
1.75412062017741,1.70615136351015
1.84388223065537,1.77657559672648
1.74887235510774,1.69728751797205
1.85008592528307,1.80685600585529
1.75389966297367,1.68761607904608
1.70235170808085,1.6405492536178
1.65889679232157,1.62279090093943
1.86164136038308,1.82625380669617
1.76654077270145,1.7125666267007
1.61215104953971,1.56797690609631
1.5573708369328,1.51913112654962
1.7713829913345,1.70639633126793
1.91602652988041,1.852237822945
1.98205874927484,1.94000392864801
1.90247154610709,1.85375935902309
1.42839008901554,1.34021529927871
1.75713474025454,1.6951971180235
1.65724933660957,1.61158413321359
1.67476084326636,1.61035213553215
1.85684279139938,1.7751628181778
1.70017391039154,1.65908958055209
1.3297581807749,1.28473616013035
1.65226109827331,1.61620539412181
1.89968902274793,1.84218734045373
1.80402823383395,1.73741304192622
1.92093598839379,1.85250061937453
1.73640532439008,1.68252696660659
1.53390721299494,1.45870428568026
1.85293061676095,1.8034566882916
1.85998821188192,1.80481102443378
2.00243086402556,1.94258812625589
1.84002851461488,1.79552909057785
1.3094455836166,1.2372450071041
1.93763024717923,1.87930442406922
1.82527200709632,1.7675374792399
1.71145720614974,1.66606956894236
1.63833199236691,1.60277437110195
1.92177515825614,1.85044613125857
1.71393392969511,1.65841651749248
1.40619794256531,1.35230315260144
1.74857484314811,1.69151129663498
1.76311413793564,1.70291102257982
1.80228819761696,1.70523817126499
1.98783127086568,1.93649337398672
2.00245293541806,1.94677007701044
1.80425563943495,1.75617673010829
2.03544593013733,1.97356702713236
1.8204622658728,1.73916589127901
2.22713684738069,2.18003736968947
1.41653430035845,1.35280410507152
1.74501693930382,1.67924608168319
1.78199988808384,1.72957923317802
1.7581991607429,1.70558125382666
1.6255398567731,1.57217558319158
1.90605434497988,1.84144986263084
1.80807191848555,1.7748963623902
1.43465265512636,1.36653389301729
1.94269260288868,1.89537614931821
1.59156006633509,1.50606651920496
1.63144580523354,1.5963887438062
1.80729383164987,1.75629562835011
1.83015081983293,1.8048501335289
1.7322751686137,1.69143168393729
1.72049099399717,1.6656226344585
1.85877510635126,1.81419723869843
1.76545357028493,1.72164898274753
1.899384962334,1.85299576367352
1.91467336301351,1.87829924467401
1.74358520366957,1.69109185460155
1.69463603675089,1.64733514563154
1.90579079020753,1.84471046127525
1.41653839775077,1.34238345977856
1.58800791164741,1.53585458478686
1.78671477299853,1.7234212883909
1.77909004340111,1.71888084780768
1.91998197869871,1.86123996760467
1.55088914512283,1.48791799228731
1.69455628069378,1.64206485619522
1.75704506736311,1.69064817687833
1.84236561495396,1.78025775659588
1.88409190596845,1.83141208641638
1.79705473117277,1.74114829101431
1.61822770232035,1.5696437537487
1.62810616359254,1.59210382840979
1.71166107011753,1.6572094251227
1.95469431381448,1.91864908510383
1.88501424745312,1.83523254306117
1.85207214220488,1.78143149940302
1.65197953170714,1.6113860713198
1.7271439488576,1.66967901497859
1.96667325269332,1.9125956725177
1.77860936375068,1.71826397942325
1.69560058443769,1.6434709777598
1.78320410364696,1.72619485379534
1.81918201171916,1.7610312066725
1.96265243248001,1.93568812664652
1.71520150242564,1.65293250470681
1.83543723678677,1.78619396981573
1.68145908938928,1.62743484183412
1.75030567759749,1.69775917063001
1.62028241483884,1.5692821202808
1.7035245866831,1.66534999826829
1.74025607379114,1.69591664104709
1.54207308523147,1.45094857862493
1.79928872198393,1.74477916861721
2.12901175599989,2.07653831767452
1.64540738177215,1.59543921875259
1.69532559811626,1.6368418166463
1.79934732301853,1.75019047513809
1.53116052765937,1.47684090566844
1.58537955064078,1.55915990898638
1.72381964092518,1.68194397520524
1.98670392137381,1.94293132212673
1.63244900637389,1.59618275272762
2.1700394237946,2.11289085997927
1.82659357217552,1.78097207445785
1.66898800732956,1.62025610715427
1.89447972182915,1.81949111176401
1.43672398977594,1.35529120799164
1.84559196653044,1.77944472831173
1.59908321096003,1.57302682320032
1.65165918351177,1.61706797852979
1.80724586543007,1.76228356701481
1.7831478774238,1.73176882207137
1.82128498136321,1.76416137874292
1.74325779280139,1.69169179971651
1.61430031906755,1.5753977028877
1.61231324501377,1.55863160227522
1.9439740502778,1.90454489932007
1.6128667874259,1.55490184681664
1.4989653367443,1.44530114057309
1.60730783311137,1.56015251335196
1.57563196104419,1.48866378238719
1.70417945220345,1.65349140447173
1.8965711393016,1.84649572255083
1.86778188084681,1.81638649196676
1.64233344907224,1.60031527245301
1.82729575767823,1.76379493443522
1.78802807907116,1.74813115903436
1.86477489312378,1.81071497560549
1.693082299857,1.62571406811629
1.63821106861323,1.58992958561917
1.745058157819,1.68368211150983
1.92020182615762,1.83858795252629
1.66939063983053,1.6094643304204
1.12778277659451,1.08115036030938
1.84546325884479,1.7881279411028
1.82120801762191,1.77120300567769
1.83819387357939,1.78248957565808
1.77797945742276,1.72881899166609
1.53517005277227,1.4711780072264
1.77735299552235,1.72575387721705
1.72153315956966,1.6512973687915
1.80996782684629,1.7546822809498
1.63536344603451,1.5763925974451
1.91606191751075,1.86008315674277
1.69602508274371,1.64056037000251
1.96469889607323,1.90322085444567
1.73968977219113,1.6809410487071
1.88110669029557,1.82787983625936
2.03518393312634,1.9729623442142
2.01695194751277,1.92769530534081
1.92896914006256,1.87379413034334
1.7773520212766,1.72360188541006
1.93429900918932,1.85926733533507
1.81397240565786,1.76234071379819
1.60411371806649,1.52707946024225
1.79769038025176,1.74302606527479
1.92240269019249,1.88265062666623
1.53102017443209,1.49619961452204
1.77430156154156,1.72004984252981
1.78685737348241,1.73832632988623
1.80941728216889,1.76011177722684
1.59513878165464,1.53374567169291
1.68041606342068,1.61575258086107
1.81837124377933,1.74976671997001
1.59056315493691,1.54885788135965
1.91416116413675,1.85805096478655
1.72486325737976,1.67944773956127
1.81144076481525,1.7444431641529
1.70206968475689,1.6681980815071
1.80834503366506,1.75861580942024
1.83379063285437,1.78486387082806
1.87582978527309,1.82547446757599
1.7783525814508,1.73130888199207
1.7530404390087,1.69784128062015
1.61820870922562,1.55503645639734
1.84366882901962,1.77478288494841
1.75820369177534,1.69566010865161
1.57538505272734,1.52145986723531
1.89544494244865,1.85203904200585
1.4462374018301,1.35777838307817
1.82794781288141,1.78348916482391
1.82898336539938,1.78290560756836
1.97338081384726,1.92795650939516
1.7432289782284,1.6924248414494
1.78493547068007,1.71136940744367
1.74415699502522,1.71130757707138
1.96217126881925,1.924317863426
1.95274080328864,1.90566698410071
1.80578982030675,1.7403580887214
1.79169132379173,1.75039536069302
1.67100304418836,1.60685284425832
1.36882061731518,1.30910596644837
1.69601944797328,1.6515653601474
1.8584921674649,1.80120681388152
1.58730280684117,1.51363881319011
1.85634136680999,1.79402631330008
1.79814773245631,1.75553618303612
1.68015566269322,1.64155812358022
1.64911850111654,1.60899854071214
1.73954556958488,1.68779135107316
1.8147250287786,1.74862640693356
1.8735374330998,1.80664087619335
1.60942242756872,1.50533743909393
1.66869914257781,1.6269910228173
1.80945032646892,1.7526276027568
1.84118874976552,1.8010273985564
1.64018839307471,1.59254691366088
1.58672396690641,1.52925119286673
1.92219335907009,1.87641195000482
1.84659295307867,1.81856880630144
1.8674696311551,1.81957807457797
1.67005901763404,1.61098280881893
1.40985405577082,1.33312743818921
1.79294868409586,1.74322102937949
1.88987715656703,1.81944214044381
1.6669322278448,1.61185394693463
1.75502978478422,1.70980746626769
1.5277156994135,1.46267462950702
1.54060520763149,1.48617606718097
1.91303672083939,1.85363807858513
1.94127411991762,1.88076528836755
1.93978192631175,1.88648623031766
1.6715786990202,1.60112343747928
1.68208424287744,1.63373605829123
1.7527684733969,1.70594592961217
1.79763202326727,1.74502370831558
1.89005129136543,1.83455977403498
1.87397424836801,1.8254893947651
1.6478838552503,1.60579801323893
1.64609749461991,1.60217391202875
1.73259151485425,1.69701004707588
1.79060399366654,1.73096233511849
1.62828582520891,1.57141921815337
1.45034862930035,1.39041297092922
1.54716916514798,1.51889189422874
1.69675658925448,1.64017633570931
1.68205315620924,1.62624613993173
1.64639011513222,1.57008988834352
1.6417804979598,1.60514159532349
1.707389115444,1.67462855512717
1.67019569399699,1.62338759400519
1.78147142752946,1.73823542665538
1.72927751345167,1.6815279026386
1.60906990041023,1.55441412790597
1.84323939627809,1.80422440076297
1.33955714838745,1.26539654811802
1.70805662257266,1.6322068009569
1.3752380510193,1.32809838063183
1.6697427945669,1.61310972237856
1.83917614386825,1.79620766480462
1.9529362669378,1.89481343460579
1.46692067324255,1.41185816237293
1.72723488163876,1.64765737553482
1.59233120983457,1.51781440406647
1.62030683964793,1.57645966266071
1.73409048664145,1.67441731410235
1.65893402267224,1.6060719268262
1.86319464716592,1.80667078986823
1.62051982247763,1.5809444803293
1.75771725353706,1.7070435639631
1.80869334022812,1.75788736397674
2.06657541648565,2.00510445883004
1.73174565670407,1.67675084978833
2.0382264685223,1.97639857051517
1.64498261488605,1.58227846925124
1.69081592840834,1.61842729800098
1.77986060969079,1.72564847141917
1.93540839061284,1.89099347918402
1.6684582467398,1.61237723224633
1.72106358876398,1.67093410338517
1.63885425228388,1.58723317146545
1.79284135660576,1.73381146433639
1.43537137057873,1.36290303421578
1.74720490599172,1.69126615788302
1.63840333470819,1.60578581539892
1.78687330540331,1.73136982389445
1.89083024299622,1.83458800664721
1.52813519346848,1.45605656779581
1.62642784655552,1.57466205999883
1.73430090343199,1.68133027221924
1.8828759982327,1.79841461677926
1.83301326065554,1.79507560412407
1.68337103105849,1.63453815010571
1.73753112551437,1.67767722533632
2.10618856762873,2.06088111412209
1.8253711952772,1.75249828162381
1.82887354339203,1.77764962425577
1.73128922985048,1.68294735000808
1.70766614223992,1.64881443917342
1.70944959403971,1.66949106342117
1.59556709897644,1.54443161507648
1.70774836026156,1.66127523025307
1.97072960790984,1.92548898092121
1.8320628183947,1.7619036051272
1.92849677258098,1.86820026563902
1.66576028004011,1.59207742478802
1.81733952959099,1.75739483227768
1.57584676106012,1.54905745627716
1.99639842861737,1.95055449852468
1.91479852621918,1.85366594956013
1.83436606416536,1.79986371449438
1.53427703381831,1.46027094289177
1.81045334743764,1.7567719976989
1.84057207875534,1.7677375163466
1.81517929743567,1.76127529231128
1.48887448885278,1.41550649104484
1.8949806443223,1.8407782363195
1.42184368384258,1.36105297293987
1.84574837844302,1.79470425600306
1.69800022045602,1.65834033991327
1.88711605525295,1.82162457421024
1.97380220160495,1.92403754832179
1.7035153070256,1.62851049383182
1.89453557187123,1.85577592105607
1.74943655511088,1.7031184952456
1.87965333069936,1.83388775768001
1.69292118142282,1.63767595887176
1.83539120741879,1.79725880430119
1.78292924334852,1.73385066755863
1.83389496579008,1.78137240481178
1.48655878291234,1.40874749900104
1.84590936698887,1.77642725163886
1.65503742557672,1.60243391576533
2.01448228395519,1.95294446376354
1.70693772339497,1.65787869076731
1.67454262793212,1.61674690712347
1.77266587033357,1.73182667072433
1.52755151254755,1.46345669573697
1.713598248323,1.66584054296369
1.87134465999151,1.80571287961817
1.74540349012317,1.70984001702033
1.77243822433147,1.72828580263621
1.77029327706465,1.72164389747159
1.77811248316055,1.74152484674049
1.69535214226858,1.65592002444142
1.70572736573736,1.65239237423568
1.67832712406267,1.62462593127638
1.84612275461121,1.7883623185889
1.75968092522997,1.70520964929315
1.74034233716091,1.70370853985402
1.8479942166979,1.78665329741842
1.64124626442219,1.59777302718703
1.81030806128514,1.7561715402499
1.94357360281933,1.89910524423716
1.7483199642963,1.69069599464248
1.77134949772477,1.727477148319
1.86689887767489,1.80434123912698
1.75066763156388,1.7134487076466
1.77436783359686,1.7308465476921
1.85562186854783,1.79570240211231
1.89115048654259,1.83552063208771
1.59995157575568,1.55782925472353
1.84915705143748,1.77452192349999
1.8391995572745,1.78671152232593
1.76722229530733,1.7188935607694
1.52997996083321,1.4714828833138
1.82788240910305,1.78203778621697
1.72398179343268,1.66477689271618
1.74615970128113,1.69513730353855
1.60671737792856,1.56210116554329
1.70487313981432,1.63412535384029
1.97087746913281,1.90865781889243
1.65416677926581,1.58173341308269
1.76449714419521,1.70307575374726
1.67423702052359,1.629889913634
1.48542472332285,1.41503801060793
1.83443709978749,1.78033778416514
1.79684093220302,1.7340878836655
1.94114182496496,1.86987305024719
1.88456194392401,1.84788514842366
1.75186270711361,1.68819235508115
1.75806484107424,1.70567273313315
1.82500946058204,1.74983140009633
1.89829300881766,1.85862101351357
1.75202459942007,1.72626514572042
1.73197517423157,1.67062711580841
1.65818957399236,1.60941177006556
1.47050260139936,1.40770337084292
1.69742588711481,1.65005682536145
1.80433148256663,1.7425703597071
2.10567039711664,2.04471495013793
1.86486622452265,1.80781012319597
1.9094087342469,1.85358499282668
1.79818951281721,1.74472649513393
1.82800626745421,1.76209736751208
1.63675010007768,1.58594149027266
1.54335031980929,1.50641374558691
1.77696356127765,1.72001098475899
1.83710588743321,1.7919994440822
1.72950296097366,1.66781651658371
1.95390512769616,1.88256682549622
1.76721684880641,1.71890969283677
1.75373690788834,1.67134941322075
1.21802988785644,1.14931519564921
1.7844421216269,1.72642896086698
1.84872513139886,1.79920152700366
1.8411188690381,1.77299471173554
1.50268375071311,1.44522396386315
1.83618441246807,1.77751301801757
1.76086755708531,1.70733076543644
1.72727700272029,1.66932864578762
1.52685118328564,1.43952609217367
1.81139256533075,1.74901965953515
1.73011966353223,1.67532354750374
1.60756138720288,1.5675766100434
1.71808222755751,1.63079926060073
1.86229014514066,1.81013455258733
1.73128493007612,1.64577230216107
2.04522258050819,1.99103572752497
1.93194415183704,1.87770166920352
1.81791727867078,1.75193041566637
1.76854369791357,1.72014900385784
1.49716005645382,1.47390455552103
1.70958025405682,1.66772119954237
1.65629322867869,1.59816658971953
1.72974809022381,1.66626200211568
1.55592845761973,1.4938035455385
1.88340661429427,1.83041113474286
1.71314804312234,1.66279012472501
1.84816464044773,1.78974795894626
1.53916415396227,1.4963108916826
2.05605945709882,2.00615696573946
1.85936392307254,1.80527724252178
1.73796416278815,1.67990244630291
1.6962982041932,1.62564889933342
1.82910663889629,1.78217807146695
1.73549779983903,1.6879184170934
1.98261795282543,1.92388458866868
1.64937312224671,1.59656552218814
1.69724017514846,1.62946570363572
1.80348880469852,1.74394912959171
1.97556047511594,1.91881692866764
1.91358813050738,1.8486507674899
1.84409022117461,1.7981281659152
1.7534428899461,1.69694206095303
1.89815360801098,1.86247173367123
1.78542595424973,1.73053641620395
1.94698968992774,1.88130679815235
1.763772460421,1.72170886963075
1.67863914615528,1.61493167979412
1.77466923075863,1.72734637876335
1.83239505038936,1.77250202016838
1.26022496340212,1.21088839757646
1.76288052594786,1.71568317614135
1.40488505505518,1.37376292731374
1.58515387547668,1.55628501677054
1.66328227366798,1.61709926172921
1.76229378310342,1.68557738145387
1.63592993350808,1.58079067974771
1.88414468833543,1.84453004506423
1.35309124704913,1.30609625851979
1.60992066378975,1.56795320457259
1.66324650049199,1.59927859346182
1.79760092668938,1.74354024159709
1.88699234211069,1.83509888590335
1.83017249489738,1.78513304844165
1.47046275018555,1.40197185835743
1.92975918983963,1.87249206169886
1.71334213304275,1.64955048719755
2.17053548234709,2.09436228359529
1.8148162024965,1.77528960638251
1.83743600611125,1.78386729321715
1.83776230757893,1.77730812689388
1.51839836903847,1.46501530898737
1.69666363447914,1.63725815864747
1.63198669622638,1.57434703967108
1.84223155926067,1.76766335403448
1.54823236336764,1.47025811437251
1.80586446908396,1.75366404594609
1.9453970363311,1.89457609373924
1.89401636564206,1.77994062998365
1.81263165678818,1.74600083033939
1.63457341539631,1.58514338445425
1.75761372973683,1.70081795920077
1.69080322550568,1.6501058869445
1.71451520906073,1.66690593960571
1.92917852688498,1.86273106750816
1.64369055482238,1.59532893657493
1.85793325465928,1.81580004661435
1.63033673110446,1.55641997659765
1.89786228480525,1.83336745921729
1.65674432252158,1.57674324015866
1.78345365186965,1.72257359772554
1.52993260443951,1.47965118194895
1.7761856778434,1.72213560854239
1.79941772354054,1.71344188757573
1.70327089247501,1.6532350474619
1.93629368109762,1.8908728089313
1.78941869325591,1.74104791452865
2.03482022064509,1.98537563297394
2.06405311269303,2.01061330755129
1.76932972201223,1.70576906031097
1.5229647236832,1.48096125821024
1.78808612704628,1.72562213751333
2.07983809926531,2.04336936692318
1.75240691419769,1.70828913914338
1.84423665569454,1.78593486960519
1.83093278468618,1.7749651987791
1.40884517850975,1.34584981744759
1.66590991553555,1.61519849439914
1.87753569070131,1.80281251879676
1.84192010562098,1.78519277113003
1.9361727983646,1.88441719977201
1.36751020728036,1.29220355790388
1.88221409263709,1.8246604612774
1.74128105200537,1.69328596126153
1.7617188268064,1.70447094714724
1.36590367656315,1.30485113297565
1.69266004640361,1.63029726547041
1.87722132061421,1.80338406738976
1.53296560527076,1.45954914220721
1.80736987487957,1.73748149552019
1.50447497384459,1.46472068991962
1.93687453292136,1.8705545584878
1.59992410149015,1.5061098464577
1.7888653603883,1.73312721946857
1.87809176509793,1.80164113761649
1.58469965490165,1.54477558907728
1.74860452833794,1.68571463948105
1.91598612282784,1.88035609791695
1.77908782801516,1.72349593570846
1.74919227820164,1.69187747734503
1.76334974810508,1.70931093198588
1.54957820404613,1.47890226169623
1.80461333031456,1.74183812559649
1.53860965260717,1.478397086756
1.77280832308808,1.71468626233498
1.91293177671892,1.8490200856902
1.97644766104796,1.92204183874657
1.95549578896705,1.89788218024099
1.71519128533543,1.65578745188705
1.62252633719632,1.56449191664412
1.84574596236445,1.78023111986029
1.89959703360625,1.83376312443861
1.59285540607616,1.55988453195315
2.03207984319102,1.97398371735263
1.96801448752711,1.90089602422763
1.36463169416162,1.29334201544471
1.89568496118456,1.83207120859828
1.80787106082693,1.74500470862378
2.16997993902341,2.10199889553277
1.93225456613463,1.87538094428579
1.87892462283013,1.82880782686158
1.77560324611429,1.72362910040126
1.58110759835659,1.54005806920033
1.82584858845883,1.75541625837854
1.7802883393126,1.72472381857551
1.75220786438479,1.69920942549996
1.65499244364181,1.58408970189054
1.85000546889077,1.79298044723452
1.97636954494803,1.90524229079577
1.56597885541802,1.52322976906956
1.92083000692967,1.86244652625704
1.53910661091028,1.5002880826268
1.74711654704818,1.67769824450289
1.81028840633711,1.7638550511914
1.65949602986575,1.61570372663821
1.92433691233424,1.85780323391144
1.76517594237153,1.71201226136576
1.83690218023589,1.76754111502671
1.86151993876268,1.80915949530551
1.77944729174947,1.72853457386993
1.69212394447206,1.64687378729421
1.87243240574723,1.8365609330044
2.04395889729085,1.98182896574324
1.94449120134246,1.88887401241718
1.65367487095352,1.60654381480163
1.80761675171386,1.76409298580194
1.85132094052129,1.77987789059007
1.68144965957196,1.62993388455728
1.97092354586486,1.8707065483393
1.31104182842995,1.25196426596656
1.8214179264903,1.75975188301897
1.89713362644756,1.83248415205055
1.78280990808614,1.74421440607258
1.88468952309306,1.82389372499989
1.40966385337196,1.35423944560121
1.93826326351461,1.88188746042227
1.6860524985505,1.62556674998183
1.69212099207915,1.61938403636776
1.69611918979305,1.65759193938723
1.69243939836585,1.6425979883573
1.76203401346325,1.70572407034819
2.09362310061986,2.01465068787322
1.79879071223802,1.74709082093529
1.74458302608264,1.69985725041528
1.88165885644751,1.83886049534445
1.77256395151895,1.72156092449567
1.60584960559606,1.54549700005086
1.75283272449178,1.6961416255664
1.64069949830136,1.56945050557873
1.70979827321669,1.65330145101153
1.78742074781804,1.71748307885686
1.7803664275688,1.73506397741838
1.46100646801064,1.38843402502707
1.78601525272608,1.73639980971065
1.81641372961558,1.76294762556999
1.86573872302826,1.82333710546748
1.77890170903049,1.71919955031958
1.84255122038941,1.76896606736369
1.73188697787209,1.6773920938055
1.73113585573681,1.66942538823755
1.91100227387217,1.85982291437883
1.65212894576946,1.61535433000967
1.86882770386522,1.82001137443262
1.80806387969032,1.75166508858413
1.83701751866518,1.80576419247909
1.77409995693374,1.71563262153736
1.69426431869192,1.64372186368376
2.01220634469048,1.93248691441542
1.53190468010722,1.46551161696106
1.93425696520099,1.88520349475393
1.76853883353142,1.71928224841718
1.67722398686153,1.62249234111263
1.66664090450129,1.61681506213185
1.55300165285373,1.49849451181963
1.70453730080391,1.66105663763328
1.57775021054132,1.51382172737228
1.84340305364453,1.78474174563837
1.84731458605803,1.79247905727302
1.65776141237119,1.61417767574649
1.55209886485203,1.49580754695029
1.555142116464,1.49023688770901
1.38731933342008,1.31782648392532
1.51512076237055,1.46199758880954
1.76568943750021,1.71814251421207
1.4739543700013,1.42223393804373
1.88566448755501,1.8313348952159
1.50407831359716,1.44943562166757
1.63962687945704,1.60628715641121
1.81539147214061,1.75619862296442
1.49967325613583,1.45899287570716
1.72297889616065,1.67432175577881
1.61696975412293,1.57686021163764
1.76806965903361,1.71284472536697
1.2846495640246,1.21992475119907
1.91404042172695,1.84318124039215
1.56759896592733,1.52848133027278
1.66110883875727,1.61439343112603
1.64056766229857,1.60052717797748
1.52747342376879,1.46613753899102
1.77755424564307,1.71696410866915
1.54326222011036,1.48963078628605
1.68674477908309,1.63469403383409
2.0654334157476,1.98910909345136
1.69366882962662,1.64006804426694
1.47908520521977,1.40736064636551
1.67184583751175,1.61874077843683
1.81645738389903,1.75881162689501
1.66544923179591,1.59533787000645
1.97472967149762,1.91404715615431
1.71260513890979,1.66192399416699
1.51247930429951,1.48115420015689
1.76577227211948,1.7018762804208
1.87579488355289,1.83027628206683
1.80342101948648,1.73221292961218
1.45555175260334,1.39796219793089
1.72291940526328,1.66361880247175
1.5371183668954,1.47233657562498
1.39574440569529,1.33758428717136
1.69922587964121,1.64119842298898
1.715672432776,1.67074005462508
1.75025074474117,1.69814183773368
1.69818756628344,1.63147543992681
1.78901720149149,1.73269461877001
1.25419534861257,1.22544578525353
1.74737865937128,1.65613211182207
1.58612317522763,1.54146966790864
1.82067185769943,1.7530723616744
1.69337580641186,1.64252954241577
1.64212759607742,1.57915827046971
1.62505796411949,1.570649652994
1.51294105469231,1.47477611540248
1.82182898390147,1.77682713370266
1.74936894366035,1.68750221388914
1.57866483886695,1.52348280708637
1.93334091402572,1.87477414218989
1.4701976169737,1.38736046010377
1.43961054423041,1.36838193046701
1.86111860727098,1.80811968743928
1.79210222517298,1.73659529494809
1.50300651119104,1.43972475756145
1.38152164079087,1.30608468327596
1.77827420695953,1.72678152116054
1.926402551694,1.85138767117397
1.73854334507354,1.68793954122915
1.93623508878225,1.8645911109942
1.54629667938549,1.46767064299843
1.59486544721038,1.54963204683867
1.61027115481148,1.53734536670704
1.36494207544372,1.27218585973732
1.465023336832,1.39374221954233
1.70876631782088,1.66365052542199
1.38927147712035,1.32731831479819
1.84710283023234,1.78220535737325
1.62792261129063,1.5642117819613
1.97111542349843,1.8952354151456
2.01498298043231,1.94710629646693
2.0263703847509,1.97894792826167
1.90241743230005,1.86279625254269
1.65037232210006,1.61776561390017
1.63445856925218,1.59032808685483
2.05041638170299,2.00316194080013
1.59092054557368,1.55216008371137
1.78987760514522,1.73867070670053
1.68037784089859,1.63500816947343
1.89055001540148,1.83166856615249
1.68786252820516,1.64133205657768
1.99735924180498,1.95376497796917
1.90608769861409,1.8593155167838
1.59853159664553,1.5375779080197
1.85308751912545,1.79941251656401
1.8219002883624,1.77323998611555
1.9623981342394,1.87583322554319
1.93094816971811,1.8775583078294
1.65698937082004,1.59428015021074
1.47139012936548,1.40025188229244
1.92651144621505,1.88546579537844
1.688695131257,1.63234137926276
1.64794334867506,1.60028720192114
1.83322680421931,1.77591807850945
1.53886982846349,1.48299449146105
1.62231698747298,1.58192019100011
1.79880498040774,1.74027198226561
1.66782742600568,1.61213682527822
1.71942882519448,1.63174622161013
1.65521850561771,1.62800986143499
1.75596297254463,1.70334971313073
1.50755626359943,1.44325187200384
1.99190605375759,1.92666145855531
1.60308466259511,1.55965262732099
1.73019342613074,1.68463352941927
1.6752240284092,1.62700877780845
1.73663366934092,1.68785627134996
1.72399126914274,1.66588310165324
1.90541541471453,1.8543209001722
1.43729662950988,1.38318619528399
1.77260115361512,1.710656353016
1.7402919976443,1.67983387100909
1.63076390145297,1.57108926898356
1.9271709022232,1.86050031718406
1.75869468135846,1.70213194837205
1.51225699383519,1.43390524310656
1.48721881630534,1.40165281074706
1.76634123330807,1.71505527797993
1.70422260832017,1.64621173316118
1.67620826561279,1.61163388728543
1.85957310414166,1.81881516212068
1.88877060273325,1.82767198019799
1.88782802678304,1.83598377187294
1.69503544483524,1.65317961749587
1.7445304886525,1.68611991405011
1.86425765127808,1.80465406121771
1.73717583505025,1.68861037701355
1.8197702136582,1.76441809001525
1.68866559083198,1.6433401800763
1.78274678443284,1.73054869591402
1.52078583787192,1.48544479435945
1.87599834855242,1.7966750411902
1.97710321608014,1.93138031660682
1.69476359617093,1.65357293309678
1.52316702839217,1.48560586843179
2.08604661567837,2.04519026352926
1.96488267020649,1.91832221359684
1.51980198472994,1.45708099683211
1.82568575403413,1.77652216097092
1.92100193871745,1.83966292421959
1.80261623967618,1.75516838627039
1.90956499711926,1.86868527265215
1.67404495048245,1.62560662207526
1.7269851225074,1.66851495656253
1.70219716329584,1.66130735962898
1.48199745675625,1.4157661056684
1.95098462199858,1.90364982572398
1.83325875894486,1.79621649163436
1.34932347364727,1.30258814941698
1.67435971844506,1.62175526403607
1.81984661862992,1.77109131958105
1.89695602355255,1.84146878263771
1.6697292925153,1.62032899723963
1.89730171145583,1.83472190687068
1.689179298446,1.62422808069748
1.663971909326,1.61224526586402
1.42194628455993,1.35780692412066
1.76278528015842,1.69148121276785
1.95186765412326,1.90331582824581
1.80914160725209,1.75968077622101
1.78544092173806,1.74250712156336
1.72047373337737,1.66855636889709
1.80175101692954,1.75501975506374
1.76796361924118,1.72762412595057
1.76724076818327,1.69821452402367
1.81425588924871,1.76235963604667
1.75037335260096,1.70953854063511
2.11671210987066,2.03863144840252
1.98455256575196,1.93278901126162
1.99958557467174,1.94785690566841
1.56274044557403,1.50433452525237
1.88938007127619,1.84367911526312
1.77867011176237,1.71448171402008
1.47855753280333,1.40461299403898
1.74507966155245,1.69802781477494
1.72480624289213,1.68080878956333
1.64238030876124,1.5887516565017
1.75647258201202,1.70307529765021
1.79146002523721,1.73573608320975
1.62537027797162,1.58441229011343
1.93565913126333,1.86746691707556
1.79173802395811,1.73825149692874
2.01957608251426,1.95752064688116
1.78162460106312,1.72902047420508
1.51443388810473,1.45290631643795
2.00879506106689,1.96611402165724
1.89730909901181,1.82756253018003
1.66347225830665,1.60754693460121
1.52077797243563,1.45133176957865
1.69343426288342,1.65484345235397
1.9421773953973,1.86265760812145
1.60366378572355,1.51963778465514
1.85206592497723,1.79776625790019
1.66226800304402,1.61853346891369
1.89278289656108,1.83345175752055
1.54328798051062,1.48537164928077
1.58846646573454,1.52501402641561
1.79758036285109,1.74661066502818
1.46191256470076,1.39213904617315
1.9305038814298,1.88613818998638
1.98744790945128,1.95441307749751
1.70704947825502,1.65111373066553
1.62274971197497,1.58160040354254
1.94152967446108,1.87858148740814
1.58125203638016,1.51190584044272
1.54313352433828,1.47334870751201
1.86683968981184,1.80877728390417
1.88860966850921,1.82792112221957
1.81385694926386,1.76190071100408
1.81179833158022,1.77055003893541
1.73334671949608,1.67817952930347
1.52068870287806,1.45183163636493
1.77831502677539,1.7141253514529
1.81018257189642,1.76593888693674
1.79193448076032,1.73161439834419
1.82212616464358,1.76318882243736
1.73215182403515,1.668017188563
1.66419975793083,1.61959317198766
1.43216190495067,1.35572143083892
1.59818046536459,1.5348776661146
1.85471937365632,1.79717993477327
1.72181993243843,1.66726579772654
2.06698660785755,2.01078099792477
1.77720665737681,1.71886802941532
1.88586768712528,1.82380513149343
1.80009404205676,1.72981227757802
1.62869738664505,1.57657806446748
1.65442389487147,1.59233372070519
1.92081231861853,1.86386172884269
1.65571271777149,1.61511094793879
1.99206768643981,1.91451597519557
1.65908386829797,1.58291401142845
1.78645953934581,1.74116309541924
1.28100158149099,1.22839512890972
1.73645980519636,1.6881354247957
1.82075737157444,1.76999457275439
1.7380872893974,1.67613636471644
1.73879481408605,1.69712708211059
1.67898261941918,1.60549619547439
1.70228198160107,1.65576229074425
1.83333620857867,1.77339557201294
1.48393822921566,1.42246500806851
1.71083429018072,1.58682641430956
1.73828609224826,1.69289649588356
2.03258670562983,1.95376714696528
1.84395553548438,1.78797649006667
1.84873793020087,1.7995471682686
1.51839482354739,1.44751847739738
1.66636864577247,1.60915678632832
1.42403828501434,1.33785528235702
1.85122224276634,1.78569718389515
1.88893075603408,1.83399518740801
1.42592540763959,1.35314196671849
1.68326236082176,1.64340013152263
2.19395200871106,2.12638810830062
1.91405384182371,1.85016045941397
1.86872646622784,1.8249471309609
1.76976157166599,1.7218663824546
1.91247636415489,1.86837550455188
1.53570032734208,1.46897055841546
1.7293247415146,1.68235907341035
1.86039692669576,1.80626719046349
1.49211525872578,1.43484193480941
1.71215193907631,1.64367721167551
1.57004138589164,1.48861315282722
2.00840627226204,1.91581642930416
1.95829575980279,1.91287028463141
1.75987497249047,1.70427262856282
1.69967266018251,1.64140514496895
1.55397375164327,1.49309200391509
1.41846717588643,1.36253501893839
1.89580754651955,1.82823790880025
1.96364277085889,1.90546327320635
1.81749602258953,1.73601586752572
1.8202073602065,1.77307073644655
1.63129857997029,1.58662688129789
1.3210821178753,1.2422853195769
1.72166398329069,1.66419187656582
1.73218268276866,1.68513881343577
1.75782507905446,1.69884018002887
1.63293519277813,1.58096515480107
1.40789559132375,1.36692609022981
1.71700011377274,1.66502691375128
1.83555493883271,1.778818035326
1.78071651095263,1.73341215622889
2.00519314928025,1.93373247975012
1.95795598425673,1.90082116006479
1.31960305878862,1.24551961919125
1.85132372014194,1.78787374017266
1.77726286392022,1.72964126331637
1.55018895394754,1.46410577721873
1.64069167116701,1.58666488887281
1.54937620040504,1.50986165371207
1.777694760591,1.71750386632446
1.58849859991688,1.54480539495512
1.72716830426248,1.68080074360664
1.73425838460043,1.6772839810463
1.94355142108869,1.90561683018267
1.64506165073045,1.60641968174044
1.66096860858084,1.62420288109306
1.82895132178042,1.77100140393893
1.7041366565039,1.65682635589738
1.8431298915133,1.77165353850305
1.85003696728937,1.80214766045118
1.40077933522844,1.35862842731759
1.93925751047359,1.88018025889559
1.52641249892822,1.47987243024636
1.59950247041987,1.55554547755529
1.8377038392521,1.78762688493477
1.50094946627996,1.42924797942806
1.79510258361351,1.7379241552337
1.61641316424036,1.57408505408553
1.40894238046353,1.33089365819181
1.80762861003578,1.74194299521731
2.09088014090619,2.0428857412109
1.78355351612261,1.73263992369547
1.8604306005362,1.79440763103543
1.74063985337009,1.69830598905886
1.42949265770252,1.36053848451574
1.64680666721492,1.59562199664994
1.70255779450272,1.65579592013419
1.69799353580249,1.63517114503041
1.73635767455792,1.66592091674714
1.68636782032103,1.62829138079216
1.75540599748435,1.71076979278499
1.97884382371231,1.90976202830261
1.35737812779606,1.29106378533433
1.56247697267796,1.50765718012923
1.64231400501719,1.60804637319732
1.86573689486327,1.81000870931103
1.94727903386511,1.88949418817698
1.63091390947546,1.58796681220891
1.80980462094631,1.76079528163673
1.62125118545524,1.5806912807309
1.85237646734684,1.79918584834783
1.73950363174238,1.69145463024347
1.96099760519747,1.92183964025484
1.55495939280212,1.51374891364461
1.71407686599704,1.66302804250585
1.52145578932586,1.46587498012486
1.91649219407921,1.84466181989776
1.59483234577478,1.55640930735152
1.59475863830165,1.53489956974768
2.0196612036001,1.96628562223145
1.73830770073761,1.67824433109616
1.80517945484336,1.73438029046825
1.8875812045849,1.82540884868619
1.9086885696177,1.8586458435734
1.82476600683709,1.7798730773017
1.80380776520083,1.76237317083332
1.8038683231332,1.75403671159827
1.72838900899743,1.67661897965756
1.77258808182336,1.71755966471171
1.67932753686418,1.62778334966573
1.92886958196207,1.8916683462596
1.89883605560247,1.84382750386946
1.93106092914188,1.87726826261622
1.76929475539451,1.71174479451658
1.66509034719503,1.61879279619828
1.8831853851406,1.80822699686856
1.80407038543416,1.75225412492702
1.69920285523536,1.64993637979171
1.4769318347297,1.41556288761462
1.78303046813561,1.72882654342347
1.69123242001029,1.64521792447519
1.80153707773058,1.74493434676185
1.82156447943864,1.76570921956686
1.68550900426542,1.63166110512503
1.57964712275216,1.5251192871629
1.78993087354414,1.73671501511411
1.90432203854003,1.83481847616789
1.64634902337198,1.5931995433379
1.51950521484488,1.46890440373146
1.67698502718868,1.61458475491157
1.5894517721881,1.541429256638
1.5522434910851,1.49452690237425
1.51463061760623,1.44767268232899
1.62740000668974,1.58816096065569
1.70932712907225,1.6667751856178
1.77771595452405,1.72660434324305
1.79366389689629,1.73871628541696
1.97899499504306,1.91643226690873
1.81732249470504,1.7503542672189
1.78819014603192,1.74548588868962
1.97607051141419,1.90900372273518
1.67612485244126,1.61526086615294
2.11600724440858,2.05186679613375
1.74810914229875,1.69772849852642
1.76799392409817,1.7109213851839
1.78010409797486,1.72870376230081
1.70344833271439,1.66773945334698
1.99145553343139,1.92826046180803
1.35782328848638,1.30018712936605
1.98578238493265,1.92920327307381
1.77640687782141,1.72940332074469
1.72706520058885,1.67405983016611
1.99252072771221,1.93524507093998
1.67961174037699,1.63017280330036
1.75994102494037,1.72081579252405
1.78413051365643,1.73139793886781
1.77125025253549,1.74001525519234
1.96679672544089,1.88879021865427
1.91280239664641,1.8716545001899
1.75711789418132,1.71293157706128
1.72982136588521,1.68595999910078
1.7957793363864,1.74780202010875
1.57379639362466,1.519806995439
1.8266886867865,1.78630550863907
1.91111762939844,1.83132095408879
1.58690902024176,1.51626404824101
1.68287204925244,1.61531433007934
1.64700757713982,1.58073771567026
1.45142235279204,1.37603135315004
1.85542434443505,1.80065950898414
1.80920292014971,1.75214650443317
1.86209943555038,1.78554606263856
1.82372134781389,1.72756369240824
1.74124728043183,1.69787193094993
1.41853560619757,1.36907712051002
1.93830436573674,1.89630431180687
1.92908386655594,1.88132350732398
1.98735184088848,1.92687035646483
1.47495572920172,1.43712445733848
1.60142197185223,1.53044605449079
1.82060363527566,1.76304781447823
1.8508594341558,1.78396884160575
1.83909129160763,1.78011214710588
2.14065005784259,2.0881386548135
1.99401679576304,1.93287306186832
1.81158645509816,1.75561400668486
1.67126570734725,1.62381150213992
1.63001987005867,1.57697013762667
1.79502444314165,1.74604111857014
1.78882364758572,1.74959630959054
1.57099592940515,1.5218588984678
1.6130496285108,1.54708673459501
1.33221978799173,1.25499591402986
1.74587956460222,1.69736402041562
1.80566043223584,1.74725751681363
1.62774106445776,1.57498700564186
1.77233256997762,1.70875922329076
1.3306321473483,1.26337076711363
1.87233534616599,1.80355161097617
1.34998728481146,1.26406414844136
1.79807911847816,1.74911333164706
1.83952097360377,1.78392822039915
1.7929157993676,1.74001956200647
1.76539197710613,1.72362608045334
1.82596210745959,1.77523197409068
1.86950752784863,1.83027783050127
1.86839378072765,1.80286695580668
1.52468708970519,1.47918166257018
1.92910446148681,1.88349776781391
1.55341496205174,1.5309700355569
1.76400478750105,1.71559613412878
1.89452560241057,1.81626326469223
1.67176646386428,1.63002363874416
1.56223107819246,1.48577489379712
1.7209491554048,1.66951703011332
1.76158912867117,1.69342717115762
2.05209508829369,1.99442021539345
1.69249613640984,1.65096655860919
1.99591484004625,1.93312495658241
1.87538897211713,1.82299214678993
1.77268285010299,1.70073026335304
1.87735336519995,1.83651032382704
1.88287095235104,1.81479837450407
1.60517535176357,1.54990886181635
1.64544401204858,1.58854952623398
1.80743183319716,1.74579409329419
1.73827292487318,1.68215522912648
1.82671951919189,1.77448852271555
1.61010044430188,1.56426585977843
1.83073494005067,1.78125715756838
1.60890979626758,1.55915712448127
1.83566111767654,1.78629658947891
1.90385697677907,1.84047930047532
1.70983160158171,1.67027660721148
1.70339556175894,1.66152864907918
1.92173436678972,1.84713156113736
1.88172884575717,1.82362614918904
1.73947711004063,1.68860179149009
1.64585001546279,1.60169362737098
1.69386357940702,1.63709200551409
1.74331952083537,1.69199616844409
1.98944169018617,1.92392704908755
1.75749313104921,1.70330359894766
1.57787920108573,1.53890945845498
1.89222473514332,1.82951584991611
1.81155728933514,1.75349340693781
1.6811201291875,1.62381788888011
1.62485727017471,1.57333460193478
1.78932156200073,1.72655166769659
1.78008457258565,1.72191936517335
1.71451377975537,1.66402169087017
1.87685534953182,1.8238578918603
1.78947522601648,1.74059842043476
1.98083253348872,1.87475842080497
1.88557495312241,1.84494532837237
1.77456170208514,1.71371553724879
1.79204855848968,1.74000304865697
1.82975902306191,1.77640153983702
1.99920944343481,1.93483657366338
1.69618783647077,1.65604392447517
1.76124840894748,1.71972377941857
1.7159683420179,1.6751877826389
1.76250207985863,1.71822957726571
1.70869446571414,1.65745185719818
1.73541405610385,1.68914197707242
1.49183705400301,1.41742844125367
1.60233433593422,1.54911825700779
1.45461417435682,1.42596708744218
1.79383957954586,1.75159845543279
1.95215574735732,1.9088498591973
1.95896514919136,1.8800793590964
1.45755903747104,1.38286379589843
1.62173260831427,1.57061312452157
1.67489343848139,1.62186544769454
1.73374750375047,1.67328271280794
1.86242716184197,1.8115506845805
1.73878967961964,1.68923963766421
1.71848658681681,1.67246889551241
1.78907743562986,1.7157810316789
1.67518236961333,1.61799198998308
2.03191597420088,1.96818045150509
1.69231304502768,1.64969102221243
1.75162383315524,1.68507075413929
1.5968266303202,1.51083263897729
1.6380871645253,1.6008968038151
1.14384879866952,1.09512091541932
1.68926487664371,1.63360114055077
1.69351610417499,1.64879289648076
1.71875386660535,1.67678569945956
1.77687698544771,1.73690976441394
1.8124289773213,1.74697392790373
1.66568086015257,1.60142357303423
1.8714025203744,1.81848912129861
1.75892734241111,1.70962106479918
1.45487693435597,1.39856236204934
1.83038271799803,1.78741176812796
1.46720853018844,1.3916330889373
1.77307323510668,1.72738638216902
2.05436966138083,1.99030424300857
1.61942474299134,1.5757200334359
1.78610082407523,1.73969304464365
1.51207605635205,1.43465024987241
1.93883034386534,1.86665396403319
1.81635218337102,1.75614746983435
1.84489658838776,1.79800876612672
1.90588949837023,1.83413120067042
1.77738242684563,1.72319610065008
1.71705751616881,1.66748401644181
1.85120657598292,1.79746657297914
1.79777661676714,1.73971961584717
1.8764852999067,1.83145540211792
2.11249750123129,2.06221817328688
1.5418171316844,1.47934161789307
1.68421678835439,1.61680389085044
1.94876327394585,1.86477936529844
1.71672246465433,1.65849293308174
1.6601183432301,1.61396244353701
1.73884993903361,1.69335009592241
1.75208932218651,1.69584169168936
1.79652421228641,1.74197020983648
1.93042992275601,1.85450742880615
1.70804646291471,1.62755905579057
2.04483263996943,1.99019981158494
1.97906624648749,1.91734824643434
1.79413223537118,1.74646651604518
1.64899283079573,1.59741241700356
1.40823253671518,1.38383506486957
1.63794298927062,1.58738923773253
1.85354845316554,1.79868501234522
1.79390975945665,1.72994243400415
1.67114071210449,1.62926589529166
1.93885357037845,1.87290636727453
1.47738962601832,1.41960671390096
1.85461709743596,1.80899376338651
1.94499874445584,1.91419390540815
1.9386802170338,1.89580796935805
1.83542799498999,1.77977705835495
1.65423520007209,1.59079281175319
1.80196066574783,1.75686478264331
1.46262113632416,1.37581938677631
1.66534950017017,1.59535803886549
1.81481969710898,1.77032687208149
1.62707429837143,1.57877876346796
1.59926999374542,1.54511560498626
1.51269344986363,1.46022117539193
1.63734145148296,1.58850302777972
1.78772936509966,1.74338761691619
1.66823639606174,1.60285987771992
1.70026624689024,1.59858566391119
1.59733866079605,1.5504709762105
1.68455730510449,1.63751810747759
1.82919576359104,1.76506623799296
1.60676487975829,1.54659412437835
1.76689763314525,1.71055396339832
1.80603861705417,1.74663471073389
1.89186690870711,1.83382407854054
1.57539932011296,1.50926490333263
1.89571204958732,1.84269259408728
1.77431825358811,1.68532041404907
1.62049224595149,1.54705092183238
1.71785632640964,1.66523346054729
1.62296705107271,1.56681738636027
1.82986654811495,1.76928602478157
1.67966197696435,1.63335411211694
1.54253325647149,1.51040268814531
1.36313475746399,1.30952091927783
1.76079341548321,1.70791373381418
1.84198737252765,1.78466079020658
1.66110849425843,1.6298419051395
1.76733067913015,1.71618658086139
1.73511789239825,1.67283093693063
1.85550310143495,1.7990944220064
1.82301183610296,1.76752116760879
1.50066718318058,1.42740014272773
1.84513238656958,1.78880403947074
2.0076852883929,1.95262343951104
1.47207668301546,1.41703727769051
1.81796343243897,1.76298928822815
1.74855144858784,1.70004812192796
1.83191358675358,1.77807955451176
1.86569768806353,1.82154137506781
1.38737244045982,1.30172405639484
1.76462303561139,1.70775352972373
1.47629403376669,1.41690165121982
1.7080938674822,1.63298042410638
1.82705171371967,1.75203743291976
1.31824517599799,1.24805291895996
1.6780070958387,1.62041200427064
1.5212292029028,1.43185576195603
1.984133863826,1.93272721132056
1.93666354699883,1.88378134149932
1.89879652008588,1.83600220018166
1.40850884274789,1.38226250060446
1.43806569752499,1.39455508457871
1.57148260342202,1.51023504380965
1.45423770393799,1.38762685549788
1.92065085435992,1.86569057128329
1.76524026047062,1.70115785526579
1.52917630142782,1.46698744429694
1.76223208812047,1.70946159313174
1.75165893436998,1.69630308280579
1.97948300878449,1.92899443243467
1.88860810528133,1.83409877535213
1.69497758658307,1.64164013372528
1.5983973458475,1.55719044830292
1.85409210293147,1.79152502243707
1.78406487747824,1.7364674358546
1.66229838128883,1.6087224877401
1.97067866458463,1.89883429028469
1.83532883980284,1.7722650262316
1.72461506812997,1.6706362539422
1.78057054388257,1.73440135924627
1.64984333624969,1.59164342686417
1.77693028536287,1.72493392890951
1.69527986868371,1.66203713936411
1.71739809581191,1.67320065684644
1.39730382339531,1.33404092551454
1.33433418589337,1.28419809777151
1.6886190575303,1.63261114039431
1.49925593579978,1.45072436803974
2.10212394577081,2.05120403918129
1.88553185551482,1.83100743933601
1.77508016340216,1.71828803341551
1.95083671405626,1.90943577381108
1.90637460505186,1.85480785713167
1.79800242954574,1.73902127672121
1.62288336228638,1.56550687893777
1.7119618282961,1.64858841948101
1.54141532484417,1.45841694529356
1.92324582027998,1.86549913108505
1.70313232526976,1.64781616650416
1.56538476954137,1.47603355890687
1.47852297399897,1.42477170869333
1.78385517375965,1.73516967913062
1.56342652416954,1.51849807447297
1.87917937455854,1.82274849794451
1.71000723945327,1.66256537273433
1.73802471222871,1.68779921733955
1.90730750674554,1.83833639248625
1.76066238079426,1.70692005858511
1.81222139368397,1.75648690179036
1.80701131460714,1.76386370997734
1.95414037623506,1.91818826019556
1.56308048626327,1.50858326499821
1.69322824245814,1.63062260957608
1.67901482660633,1.63332840538038
1.8748691679526,1.82646959118395
1.70702829927522,1.61670312047159
1.7132586567111,1.65416059312117
1.75181660688605,1.69121842961548
1.82004566643964,1.77302842831069
1.67882478917477,1.63286773522149
1.83920804210999,1.78063226736299
1.56460904279374,1.50295110314477
1.77237318379097,1.70615521863294
1.79603026773228,1.74445869741044
1.81447851628404,1.74815008161002
1.70592879603999,1.65622532485696
1.59101000424819,1.54823871781845
1.78812525683946,1.73352088224736
1.75421314445775,1.70769443697722
1.8375389147027,1.79044119626364
1.69314552635605,1.62316947814476
1.66007319179291,1.62117927202439
1.84082216257151,1.77952016862937
1.87329354493232,1.79921503469313
1.66192180281926,1.60479816949276
1.77194409244771,1.72035479310748
1.96890422136798,1.89597054460908
1.94426992726897,1.90779563777568
1.83687968310273,1.78814373614587
1.86142106425034,1.8068674304582
1.2863663879968,1.20333049561948
1.70776248741543,1.66434920610655
1.51080192809409,1.46604570774737
1.55285917097076,1.48932153294651
1.72710591667037,1.67386971169362
1.71021377314274,1.66784024929431
1.784381881439,1.73318183784204
1.72231980394781,1.66362742351651
1.50344215350022,1.43974201434893
1.78691025696545,1.74097407980893
2.09922660136457,2.04691178505196
1.69378483935273,1.63930367971885
1.690101285731,1.62801612828468
1.86656845984557,1.81704189202394
1.70720273636779,1.67656675773613
1.84745418513551,1.7802469326811
1.87068547886282,1.82253447607578
1.37486811768355,1.32389344094285
1.40434990938283,1.35258308458496
1.90850366962258,1.85046731489624
1.93087403350554,1.8699279066771
1.8432306322933,1.78780971355945
1.85408390128969,1.78477974128435
1.89133828891828,1.83081704086883
2.17519974067391,2.11164791246772
1.99061344321646,1.93358937848148
1.8051713233963,1.74755911553902
1.7420464585116,1.70165086609653
1.87613655458233,1.83099478131706
1.7589838314859,1.71265286953731
1.64677776154564,1.59915345485403
1.50458436775967,1.4484821992554
1.79231931106788,1.74024573998083
1.93811637674571,1.88580336288251
1.81245017304539,1.76158456790036
1.69794041456281,1.63444646964103
1.79138834840825,1.73888458488418
1.90794856723915,1.85632376675124
1.70078315534652,1.65317077762735
2.02892747245589,1.97629302589103
1.8256805118181,1.77407283632257
1.86458535041571,1.8042763496912
1.85394698675865,1.77143825413019
1.86360963896346,1.78109468891185
1.80054164149208,1.75895989000593
1.64706794907743,1.58746534339373
1.79943349370331,1.7186730254631
1.96446902184058,1.91534566099616
1.64952630350698,1.59835817541084
1.72216519749654,1.66829674204985
1.69427854625147,1.62862538761114
1.91182278496095,1.87385669146873
1.80011587983225,1.7376058933151
1.5897085706451,1.53943697259256
1.80121744514326,1.76434550886315
1.71561249940321,1.66606685410526
1.96909719459463,1.92305981075123
1.69343539665655,1.63968747557322
1.89383231096109,1.84172369891423
1.42201664789906,1.34819634392465
1.77616494473709,1.7107923038249
1.7202024688779,1.6825472696702
1.96899505029531,1.92295302911039
2.08329420458341,2.01628313221262
1.51794977405748,1.45458156209294
1.48718143938856,1.45222796498613
1.77396916778382,1.73011776131728
1.75965179990742,1.69200033162776
1.87656873895749,1.81598212846218
1.70149745608905,1.65133506514447
1.41803613348982,1.33565336231821
1.65996877401892,1.60515457331295
1.76755864954768,1.70528198032962
1.6619807765063,1.61350060963511
1.76149206137513,1.72029564760922
1.53344268300049,1.48324641919222
1.63930551175597,1.58046978919178
1.9928994483656,1.93238792064274
1.85868712654398,1.81212488195883
1.86188405571667,1.8109715535867
1.59538643132732,1.50443143934854
1.80827270113297,1.7433033654001
1.70792701549798,1.63898060897815
1.73173726967657,1.69423555130034
1.8636961841727,1.79803446257571
1.4942379203828,1.43714574634837
1.90224854489902,1.85422894636156
2.16752242490669,2.10588435699397
1.43828475327683,1.36711075386927
1.6987190227473,1.61129751699391
1.71998851870882,1.68240055884301
1.88371562412303,1.83056094999601
1.55111820435252,1.49451072899136
1.8059345809678,1.74957373048942
2.00555481903579,1.94563067950049
1.83155464391706,1.7889455894018
1.7175618489757,1.66188231448265
1.72614924073633,1.68244415028649
1.51871570165249,1.46462564943061
1.52071235243259,1.4713627785216
1.70138476303706,1.64825407399543
1.71764294553241,1.66288110809215
1.87880562091444,1.84021896507056
1.76789850079216,1.71350565328717
1.95109678114222,1.90628283376606
1.73842317488938,1.68233805453449
1.75812337783515,1.70948453225888
1.76164544567326,1.67321364516352
1.64081888683931,1.58153988704407
1.46932563073376,1.37900845482066
1.52922487888363,1.50377090401463
1.77534219278987,1.71968903038589
1.723901854782,1.67083070612619
1.65349428402552,1.61732181524386
1.64512619563739,1.59861421173611
1.9651335091472,1.91281676907604
1.69017839685831,1.63562482584443
1.83757601576077,1.78832944592046
1.63675498030124,1.56867162459597
2.02229812916997,1.95755003202795
1.73340469723825,1.68229948985908
2.00136066404963,1.94984237602687
1.7909164359456,1.75532798434699
2.04359225557683,1.99051934694423
1.83126636391247,1.77601440389991
1.56210249706285,1.48477210572328
1.78331460840553,1.72974950149036
1.83476384661262,1.78552298516356
1.62123216898246,1.57063140418008
1.91962235523311,1.8608423144494
2.002745275773,1.95419328703307
1.8831996903074,1.81591750550132
1.75912984596159,1.70169693226275
1.99155419646705,1.93347658276133
1.74787431596996,1.69998762420859
1.39545534727772,1.34396126480128
1.52030718846032,1.44889652276673
1.99529204589104,1.92660045405754
1.2842914826495,1.20571629774878
1.77863311686829,1.72845735732468
1.74396642109537,1.71025574382789
1.55748519967335,1.52290421870553
2.18605459403729,2.11429341048244
1.77996060512674,1.7222740758142
1.95501786263891,1.90217559163841
1.89176996279771,1.8351476003382
1.62694317540376,1.58771874014352
1.47470241878987,1.42755595157476
1.75396782000283,1.68920365720538
1.65257157540745,1.60069350774668
1.84730104770673,1.79944929574359
1.7377831906778,1.68880758586819
1.93652994694845,1.88504013712585
1.42797705513418,1.35518447389127
1.84163212902539,1.80753938013553
1.73037646131699,1.65100720782314
1.40176237687389,1.32615537400959
1.65732237131247,1.60837672054912
1.88635763787703,1.83626870660936
1.47890503950886,1.4120885708768
1.58205351069531,1.52527307865995
1.69661727879697,1.64873642245074
1.71112885148293,1.66757802330386
1.71774489709576,1.65146352778459
1.99541757791287,1.94006003101875
1.58083641157263,1.49952096349806
1.49682349010324,1.43561029089683
1.42970702355901,1.36755396487521
1.84628141447343,1.78967366877573
1.49913480816402,1.43172635940489
1.57817913636291,1.53631352682427
1.87951888625699,1.80202254537497
1.705363062783,1.60481948147086
1.78442738481879,1.72524090299715
1.7156952204707,1.6682249860489
1.49163101547018,1.42788042210802
1.6415906377297,1.59053698131567
1.61729008493992,1.55771210447782
1.90022675459763,1.84773358594316
1.84101329731594,1.77130546260831
1.66223510378261,1.61553040472489
1.65375351583297,1.5984372893453
1.92717719956382,1.87268379938303
1.46468723946859,1.4221916624475
1.92235925478627,1.84774034159607
1.83887644409291,1.79492749365138
1.80060694617204,1.73810431228818
1.75720426895301,1.69473120551938
1.42474935350353,1.35647578719596
1.58474994624108,1.52321245596454
1.81607492985141,1.75508734336098
1.92624591870337,1.87056216179392
1.85146375350288,1.78846324708171
1.7600526025682,1.70774905699066
1.74113901451258,1.68492937352755
1.70248725467977,1.65102285154885
2.00580707585375,1.93817332688136
1.6806878509641,1.62486214809672
1.44405600115932,1.37446214689025
1.76772499407617,1.70505774394365
1.68860783814074,1.63601085545006
1.92703013990769,1.87389962404886
1.92886562853075,1.87299107947584
1.75080832911232,1.69057939758052
1.72006279091379,1.65260135419928
1.64309350330733,1.59717953461725
1.81496815050101,1.74730973145633
1.59112623106824,1.528413803285
2.10105154685521,2.04758296146718
1.74771190245739,1.70629000365879
1.81392947911021,1.76568047965684
1.66707881282327,1.62883626361416
1.74914372074486,1.69814635870503
1.821893932368,1.7739986534082
1.91689351872144,1.85454370960763
1.92869863279643,1.88493933809898
1.83964931576778,1.78637585768499
1.7087377188184,1.66470679822873
1.86201581987235,1.80241518227352
1.57083415183571,1.52018124167538
1.80573253517306,1.73486996183203
1.84445056166269,1.7938488135694
1.82863430024697,1.73507936846011
1.75083515458997,1.71095117554193
1.73420237103419,1.67619197333769
1.74339093978041,1.70172462748182
1.77834064077079,1.740122016811
1.91232000693429,1.86604352738274
1.7672093521993,1.7128129448403
1.7853618387743,1.72932729243923
1.71419770800508,1.66727073329415
1.73826989322433,1.68367704871226
1.74185860434909,1.6943453699234
1.58447452858389,1.55556459954441
1.88170035398089,1.82529199761943
1.68807640903542,1.63667905925095
1.76264021511654,1.71102968246974
1.72328951734865,1.67331844001037
1.7140945207472,1.65717389066666
1.7657278301864,1.70921795978125
1.8759396046675,1.79680667347917
1.29597715267031,1.25063462138013
1.86789747820973,1.79937901544164
1.75270636719146,1.71043386698792
1.69049445238921,1.63227958550189
1.63247834912302,1.59715123191684
1.85049918602152,1.81146723212784
1.95025581101806,1.89790700881322
1.9722951997249,1.91164031743769
1.71151141734477,1.65349055371298
1.66400982699815,1.6122681257811
1.74216719952367,1.68865614929225
1.69898358630552,1.64662369270394
1.68400364934775,1.61602667540961
1.69088165980479,1.63937772206786
2.0012412898994,1.92885889951592
1.80829990546686,1.74675385087777
1.98187530163669,1.94397898400923
1.69058496883229,1.64108158077282
1.43091405139404,1.37873675607633
1.84075366197181,1.78824159605625
1.77039782217774,1.72479281882113
1.78860977042239,1.73413610014819
1.84447066118925,1.77974360893159
1.93093176422913,1.87256907990152
1.99957251990036,1.9548056791695
1.5905820965977,1.55738218919157
1.78436275737766,1.71480495436314
1.61992290678379,1.58108108388301
1.76890495063802,1.7154312804386
1.89447571541644,1.85361377024547
1.50974506774963,1.44544785797583
2.08013493411091,2.02225742556074
1.76464036350327,1.71722136288198
1.8507296943515,1.80012494939408
1.71958740562054,1.67398023047618
1.67252233745671,1.61150597540797
1.82321097654055,1.78508479702908
1.79870889379099,1.75354843857876
1.87746504486644,1.81966942817559
1.63920500579782,1.59060334485862
1.82178155646564,1.75497438374536
1.74817032125582,1.69411198280559
1.44779853927202,1.38452031507347
2.10468996141357,2.05424956221995
1.84675441979758,1.79996570269613
1.74847393342751,1.6754103236971
2.04565900818549,1.99236757048054
1.53907626934453,1.47527010902134
1.77288107206208,1.72711776655367
1.71767989734007,1.65450950509378
1.69813769142257,1.63971939206012
1.73307015596198,1.66621728560971
1.65778623481829,1.58549104106514
1.86053491520205,1.80711563293004
1.72523454530197,1.66138166840628
1.73902656791713,1.70331494306656
1.81147029871932,1.75292714607217
1.66737041036216,1.61446828880374
1.56966406674468,1.51585445267284
1.77726668504651,1.73297045678747
2.03280355461228,1.99106611763748
1.8888292100208,1.82763116937697
1.75745003029772,1.71376566179902
1.95148489226723,1.88339774659204
1.88565881646942,1.78132033750107
1.9720561046843,1.92830658639951
1.87213078151308,1.82095973212944
1.8348570530659,1.77853762876979
1.69984978390731,1.65875727065096
1.50908723867938,1.45866555626613
1.74699969701782,1.69791258994959
1.68745858399235,1.64072046978232
1.79007466514012,1.74043615655971
1.67037580030307,1.63017837646889
1.83850308623542,1.7812438687903
1.49847391851912,1.4602267720318
1.59417815380305,1.54279475912989
1.56853764125394,1.48908881758605
1.81822801237997,1.76706279571467
2.12108179568143,2.04463382667645
1.79795179774765,1.75266012799382
1.53680179364877,1.47218184832211
1.8742026241036,1.81247701309576
1.79607332734295,1.74996693010656
1.73196724082066,1.68789290011794
1.85297330590891,1.78449324413681
1.79754428091168,1.7428278947662
1.74550723756794,1.70462745690074
1.50957563216587,1.45133430825572
1.62500620563116,1.53956229378088
1.65532668156208,1.6003961800841
1.3500719746317,1.28275794718569
1.90730999172307,1.84241909510136
1.42352522096533,1.34708685085139
1.53420559168251,1.46301823871454
1.8362566018167,1.76218690726603
1.84500716044377,1.79467430174086
1.48756280553031,1.42687077605242
2.00701935582851,1.9209496913294
1.96320868226436,1.90040404901454
1.68514781570613,1.64814301439678
1.96889399293004,1.93319149757186
1.73189534172688,1.67881278037195
1.88575183786446,1.84143891920812
1.62404956360437,1.57787442978532
1.72758124296431,1.67792065632746
1.77953466666455,1.72972314102802
1.9544018326197,1.90408928999838
1.63311097444683,1.58718306751722
2.06619827776278,2.01746663912939
1.71610079399545,1.66017231952357
1.53881800991053,1.50653962690169
1.65750103633148,1.58862018853524
1.88958684770214,1.82577236701544
1.75363776776602,1.6971714463662
1.92670448484748,1.86744516791752
1.71143863350708,1.66611360107866
1.7939510013176,1.74470423577667
1.86698374022577,1.82304160454542
1.73498672901644,1.66377152961691
1.8911277113542,1.83820616283669
1.66686234366053,1.62668888349489
1.56235425370376,1.49745850102418
1.48282800536124,1.43515287807866
1.59750873046364,1.5488549394061
1.99016221832261,1.92789836038914
1.75516769300733,1.70878193847161
1.75725963175572,1.70259334132677
1.60242823373118,1.55895163936842
1.74115040404365,1.68961714235427
1.79711847468018,1.7418515221347
1.64697138588636,1.5999574633766
1.81760871462689,1.76796668200873
1.78841312516193,1.73269711554768
1.54998385434238,1.48297484405319
1.79822243157298,1.73325823339561
1.89429312661626,1.83858751912787
1.75614222312002,1.71372976239359
1.79977964499021,1.74192470496592
1.9051041428454,1.85494209702402
1.87226257556452,1.82420491373854
1.75936437254109,1.67224730382392
1.67230922741504,1.63264819254875
1.95801703001733,1.89794389573773
1.86064168949556,1.76073788823456
1.70472604667425,1.63510715341297
1.65076458082625,1.59858995069792
1.60600117390855,1.55626906778853
2.01133024389874,1.94110721776981
1.74227704274479,1.69746475667427
1.78562767535714,1.72787929197831
1.98286329172992,1.9148189572334
1.46131235443349,1.39243771600722
1.9209549295814,1.86774236018761
1.57396770461288,1.51481864294248
1.82143507925092,1.77773255872682
1.64205380282867,1.56213847756768
1.77762683805314,1.73252829290056
2.06741013195827,2.01061751975931
1.79822040667684,1.7547187941653
1.65682040076714,1.6065309083643
1.87717194248603,1.82316372536154
1.65938662784309,1.60481321250748
1.70694102886113,1.65269379495268
1.83862673214988,1.78313028469362
2.02733012252541,1.9675255004121
1.75935833902617,1.69892891649176
1.97066819215832,1.93069710591962
1.97762446556473,1.9268288015716
1.86231655055349,1.80924903239692
2.00467010586196,1.94436894059505
1.65793569858246,1.61494424554453
1.78913192839321,1.7344113519043
1.50482874952289,1.4120028254044
1.89607984305021,1.8217127541607
1.8024453809405,1.73568377712377
1.43756453393018,1.35215437767766
1.43129021365728,1.38664875651364
1.66688311687956,1.62672152653147
1.59367325816974,1.55447595912694
1.72590853635155,1.67352913394783
1.69017035088502,1.64164128683116
2.07508057700238,2.02942678598834
1.68016427757233,1.63637830450917
1.78862577653357,1.7295421096437
1.50525455531833,1.43855896114718
1.76412684204795,1.70709012683626
1.86063925091422,1.82206684772247
1.81212832145009,1.75306574521398
1.76522291919943,1.72014652129607
1.71000020863264,1.66306863295697
1.60727865296504,1.52778834437296
1.87686967965397,1.81965362085352
1.40105975826299,1.35855840134737
1.88586777546085,1.84120065389472
1.58546185726207,1.54392806175881
1.72148936270334,1.67144972832514
1.75911518597942,1.70371336897459
1.83048291846919,1.7897529462374
1.72037453799706,1.67201062162019
1.92038061529605,1.87782945889143
1.83836021912384,1.79112962545079
