r0,rt
1.84018865729071,1.28652837662774
1.69158016496476,1.10789629289141
1.7178592680262,1.26745308167815
1.53177389049948,1.19707650494235
1.57441346568453,1.20493073289115
1.85838381080663,1.17175991841002
1.89298827634436,1.50371003390765
1.90557932469856,1.45218782748387
1.72461209586204,1.13716901765451
1.79311243170998,1.22711233964227
1.76898589172408,1.1632975427904
1.96948817081886,1.17087405883828
1.69203155547377,1.16930069469723
1.99548362082162,1.30191499469391
1.69525979621851,1.10314891545604
2.02751291286567,1.40887403975664
1.68262472934413,1.14439101140212
1.70989317707048,1.07311167926583
1.40520988769362,1.01410123788453
1.88017839378887,1.41421059021221
1.71288113008483,1.11228926315906
1.56561956873968,1.21098706282656
1.53219700280672,0.886911210835857
1.56510553945499,1.1671263750979
1.78503313302275,1.11237048478826
1.63366234144442,1.08484647771242
1.96867148110723,1.14122357500828
1.78867489565557,1.04059377155674
1.77389279277362,1.14147199426246
1.57021716388393,1.26415263957116
1.7418109873854,1.15580336529436
1.96475998398747,1.19163706394222
1.86082597597432,1.19252753523178
1.77712702820953,1.18392294813333
1.60417554470117,1.22278613180117
1.87064720409939,1.27434864131609
1.93160817130726,1.48075879520347
1.39803488664919,1.08217775410303
1.76507001366951,1.18450124450482
1.84932060472933,1.34695503339208
1.92658717933,1.3499437912583
1.9072769281342,1.16575990116292
1.72543209996829,1.13198573101648
1.75382651945111,1.11626056400838
1.80538698833909,1.23315155148443
1.91703355690618,1.16313879771632
1.72826060416718,1.15356263892263
1.70007094424677,1.03832290074267
1.83283616518652,1.18943929311421
1.64834507561648,1.10869404148248
1.88954553958523,1.22250233755187
1.80428594840169,1.16362023946857
1.94931828818588,1.36472899818504
1.80766360905672,1.20575771832166
1.94944607692372,1.33825795996686
1.64411145364269,1.1579951424974
1.51091448171939,1.17399415082002
1.94718343428146,1.34150635350159
1.54768832308376,1.04590498076014
1.90802979830332,1.23889456969101
1.9557830311735,1.40531557866527
1.80233110230069,1.16010009435034
1.77942604429421,1.18703204559095
1.928905858217,1.4334452431105
1.64220263923019,1.05550626485578
2.19420359029318,1.47027375246512
1.55962987127263,1.26104253420763
1.79269249561389,1.20660976611275
1.81655502538587,1.2033028609608
1.79924426197433,1.13190076679208
1.84145706962383,1.22360912000314
1.72015077453181,1.06566608387965
1.5182016143623,1.17791294412374
1.51397748671205,1.21886605072109
1.70100361758621,1.14460913826847
1.85601303040854,1.21129999727463
1.92262435899793,1.15208502024039
1.84377599307579,1.24871489403531
1.89455180053106,1.28602346870694
1.84066729852263,1.17785457503802
1.69352290895654,1.15832921438738
1.69726663091358,1.1670818957613
1.70403407954649,1.14132481332496
1.69581012077384,1.1472710052309
1.70883716126822,1.2630730442683
1.78255235625251,1.26783521041878
1.85212049745007,1.20722643305952
1.77674949254999,1.17069999782536
1.84202606278558,1.2928822592522
1.71153501674423,1.18847354839506
1.74098681629885,1.14643595027299
1.6882971922006,1.18657362048368
1.52190554353026,1.00103656150042
1.72412044934876,1.17747420832677
1.89799816749172,1.19494395524702
1.72984704605133,1.16337085520514
1.68597290520094,0.995057686515778
1.89903205060938,1.2362201930647
1.77675873733211,1.21849244319839
1.38578505215695,1.14517457633515
1.79451366312753,1.22320630064312
2.00355577779702,1.28035393269093
1.78094763576922,1.32663238805316
1.83869576881303,1.16418561863985
1.74455120797609,1.2103067496549
1.75506185634344,1.16692344297205
1.87046010873344,1.21220248410449
1.8357234444383,1.23684313246152
1.67515960402753,1.1012025842013
1.77778096039365,1.14443244463138
1.55296339760439,1.10499665312884
1.77027035929623,1.15681023585944
1.94198297466994,1.25319577754652
1.72021650723315,1.24691441264365
1.55827648312901,1.17752726297016
1.79967104128865,1.18371407521169
1.77303784222341,1.22219940095974
1.75944561940508,1.15605160712837
1.72144213466963,1.1504628594968
1.65272884140481,1.33172130264832
1.44315527521181,1.06639521383502
1.3868728886739,1.13174191093873
1.80211631852204,1.19629903051756
1.85451282746386,1.20083904674892
1.68001471004547,1.07249428306615
1.78746573674248,1.19898974112603
1.74818628039213,1.18526326803796
1.70376604087023,1.0802371854918
1.66005034874027,1.12949459604551
1.71696869042903,1.18948786769485
1.72969154856649,1.14534235769364
2.08106100431859,1.28791924109113
1.52345943443999,1.11823307124424
1.62519398790973,1.0059260287108
1.83032363351759,1.25334458979887
1.88760522578811,1.27118205228825
1.55427197646397,1.20689310161522
1.8159886240951,1.21077892984778
1.41837703231929,1.14399459569661
1.71904528840587,1.1801241207959
1.73419229035129,1.13300930457057
1.62947244461315,1.12759183234682
1.81681139487431,1.24907752991151
1.8541251940842,1.20906321177643
1.89672493913856,1.20681709213005
1.64936071298031,1.06871809248259
1.86849103788389,1.18598769567871
1.78914587600082,1.14136066933502
1.76380642461474,1.22195958346178
1.78274660147163,1.22433159354969
1.869826961483,1.23955977045722
1.80290708081483,1.1983865514685
1.76413440514057,1.22550672845898
1.71554811685858,1.09692725333433
1.81281342644017,1.14468585705269
1.64399454790443,1.17494037110127
1.4232525213288,1.14826738877961
2.00239644746587,1.17441112671352
1.89020218344576,1.23133606653771
1.5602456286471,1.26800500374793
1.89768092984083,1.14267810749417
1.86357271499746,1.27534124178301
1.7524689835914,1.11066654716265
1.89156815084412,1.24321706771724
1.6837052388283,1.26304344200246
1.59889671158128,1.10853357147086
2.09253598812368,1.27001918517643
1.9260837219518,1.1652730715455
1.97646359243966,1.3574623922245
2.12626654226218,1.33422857100921
1.7935149681675,1.26563012026882
1.62014170844323,1.15756762502498
1.6802427621301,1.07946093786885
1.56095799034862,1.18846190451947
1.68555040277222,1.22060563249139
1.67997438319753,1.14544256852581
1.7918420613239,1.18286726810807
1.67454401609701,1.12501992249497
1.63899202890996,1.1519225739777
1.53079336065666,1.01367731929513
1.69995038434774,1.13830958365964
1.6679315593127,1.11405548331021
1.36508187381338,0.998838444251688
1.45140225586737,1.08014772140201
1.91936574072973,1.30297776575176
1.89408491123688,1.44738807246341
1.67651934124021,1.09556097657722
1.73447001417973,1.23602845052545
1.80493449331305,1.20814855339282
1.82360730533612,1.2067007273206
1.72345828432819,1.15631626675532
2.00639060765316,1.35354755716078
1.73237118271633,1.18511605273406
1.88790227829148,1.22495768480771
1.68433956772041,1.19398889744695
1.53845516041527,1.02286067109216
1.99499708905929,1.25768375098465
1.85622689018626,1.21402764406747
1.80329661179014,1.20649023795003
1.50925964491712,1.11520427059706
1.75003796458864,1.15868472610851
1.71376451696325,1.12370440862289
1.92359556723904,1.25848732819074
1.56545625590126,1.17302033312461
1.69750103000368,1.08838492076788
1.67397366633316,1.16980082720142
1.86588313823022,1.15663271295739
1.62892032229268,1.24508852578306
1.53041773083855,1.21954313214399
1.54030087501442,1.02691684096883
1.86085000111746,1.16200686192719
1.68106480476067,1.13309018981324
1.99729518426855,1.38056529564614
1.73113081149936,1.22770624444805
1.76238534631255,1.19400044633131
1.74287115379606,1.11684852279372
1.99848203347051,1.23058945649215
1.77089142366184,1.20301680768805
1.69593952243312,1.15926440188084
2.05138543477269,1.22716594355849
1.94926433646455,1.23604886811809
1.72679369928883,1.21330748096424
1.60356206485287,1.1899918155874
1.96908517453899,1.19900645020564
1.98705187638488,1.42329305881025
1.47800355922771,1.08631339700588
1.44507973196554,0.892062203301262
2.06170209595294,1.2626397134569
1.74426380486246,1.13988212785274
1.94984655516602,1.22062434505307
1.77117774353135,1.14452872566441
1.78385672055527,1.19237062380017
1.72355594213997,1.0381818695848
1.53550506443005,1.1688528627055
2.07387163876857,1.21023528258931
1.64663741457015,1.05665844439892
1.86545304775216,1.20924040036441
1.67934829893,1.15606878704698
1.88994081694598,1.29279276201375
1.85981236733067,1.41577108335928
1.90280120256775,1.36207649099452
1.6550768006711,1.12771946229389
1.69246723905588,1.15716436742948
1.84900196172367,1.13250435984072
1.67194043934392,1.13744011977594
1.59208154867442,1.10611649123961
1.4559291129941,1.14361156754384
1.79694614592627,1.08937898261144
1.9043395663514,1.22533370427222
1.81529082283119,1.17389666848452
1.66037100834552,0.996242087377308
1.8059137613401,1.0956202279626
1.74716228832244,1.15262526755983
2.10039091042595,1.24272953550123
1.74061791375807,1.11287493302021
1.90127716615352,1.31886521617262
1.77893838699026,1.16758557892829
1.82521346671698,1.04123212874045
1.84365218123245,1.22219773739148
1.76519213306134,1.19088233948038
2.00670216676096,1.15639985192005
1.99512228654218,1.23404813272209
1.54134733844439,1.17041279346773
1.71605633747065,1.2343688710624
1.6086951798976,1.01478051052276
1.82269339739121,1.24114814750521
1.77936523951825,1.09513641284064
1.94957513414131,1.34304576516518
1.81637348203474,1.19038600035371
1.79827535258024,1.3554129742336
1.78244278138341,1.27512204448508
1.65888196353029,1.23795962744852
1.55728630623965,1.02023415885602
1.66262063897318,1.12120771099302
1.82525791057515,1.20116169115682
1.46123160894406,0.976173095189826
1.79245013040737,1.29639008427114
1.79129133609404,1.24153268080199
1.80678307854323,1.23377862285208
1.7284093726611,1.14677298719333
1.73698602922822,1.31124292040093
1.48191769123744,1.08672119345862
1.72044144124663,1.07977256696422
1.97526745521169,1.35919315418493
1.79596412082493,1.11854880154764
1.81717254536788,1.26839381935623
1.8188717722493,1.2043916938566
1.60388048496747,1.12708840236194
1.64021812947677,1.08256700731838
1.91607242804254,1.35706201700817
1.94878843353698,1.16574902608914
1.76100614393794,1.03375130849819
1.56897131890134,1.12814284266303
1.61127440144932,1.19305005284557
1.69876783281877,1.1007720459576
1.52388278974487,1.14049091917724
1.58869384635908,0.971874833640873
1.86093092855098,1.40584960927709
1.82647820520518,1.27991073377892
2.04754620704987,1.23323187671002
1.67888284493649,1.16181871399893
1.91299667667699,1.24274291051629
1.87054402322764,1.31906445100754
1.81342740513054,1.21618092292439
1.66434157407646,1.14378267172946
1.83973802090688,1.16045471249914
1.90847146733705,1.29440263928406
1.90553538798972,1.19100871671861
1.91552859647799,1.25411649616239
1.58540185751674,1.15732377506459
1.56614918342162,1.11421567288072
1.50909472148608,0.969520479562824
1.80151059331691,1.24180271801474
1.9862148351255,1.34460906178277
1.87652116791348,1.27110282688735
1.69436397046581,1.27086197855245
1.9324286000343,1.33470059205483
1.41654951430027,1.08677254216552
1.81225883335114,1.21409231028559
1.87865329164273,1.17695173475924
1.84256151041278,1.39551943293798
1.95082430254665,1.33966809318496
1.88903219858625,1.18117578669405
1.87743828883151,1.46921055442165
1.78291239748687,1.19497777673071
1.74807026431771,1.34766322658128
1.80241987568338,1.20930985499937
1.66687560361975,1.09222096273223
1.39648576538876,0.898240428754333
2.15080073685009,1.33179132561663
1.5955524452363,0.984370363747301
1.77003071996191,1.14262432021984
1.4433373698816,1.12251931744139
1.86924938831433,1.00268021957327
1.94393578564163,1.46109581820965
1.82999918440722,1.25083718539904
1.88109053716996,1.23483841104988
1.54253934099311,1.15915156992331
1.50548222851024,1.24818777010421
1.6708428665848,1.14446161101702
1.7956330352618,1.13865036802795
1.86545079845509,1.26543062821679
1.87479021210275,1.2630165995997
1.37525494041614,1.10162835413324
1.73005232795167,1.16029011721167
1.97736650463004,1.33075427575414
1.52306949318784,1.24658569137325
1.82953646002964,1.15631973369484
1.93711520675153,1.24819657950237
1.96336280261362,1.09428989180263
1.47660508924674,1.20601977311246
1.84222248707821,1.11964313851812
1.7943687792514,1.17381121009754
1.82694688831864,1.26828342742457
1.89400268337567,1.33672170534494
1.75307837043184,1.08560017252039
1.70533256880195,1.12575474259037
1.74678701882347,1.15201953160597
1.82455527930537,1.19585270276595
1.76617688888259,1.07404006012408
1.51037239223497,0.943572667214086
1.83090487026031,1.17760326741883
2.06233024217418,1.30215889297111
1.9560583535688,1.21540444942159
1.95047176929811,1.15430612748113
1.98587706130687,1.47019344987
1.30063730947843,1.00730215618918
1.77706758704856,1.18393237610495
1.43576846648842,1.15475802607803
1.56822461248306,1.26178544144358
1.61941999116213,1.21292394082287
1.72766461391717,1.16618846263965
1.66000929777043,1.06352353039635
1.9109278379951,1.1904574240886
1.70854694522389,1.12318417418945
1.81403861009384,1.26735964418384
1.61702839053813,1.06288449916724
1.79747096556927,1.20468222086469
1.68588950377017,1.12562216232342
1.69438243233313,1.00647362787317
1.79487919327059,1.2411102646457
1.49918616213116,1.11817143952931
1.88560694261346,1.20989453727581
1.88643721607591,1.23888744105654
1.7334094459221,1.17894998962378
1.81199384665597,1.19442387952144
1.63885505143352,1.03102747664735
1.78074771971005,1.21277229679501
1.43204926915889,1.11964619620929
1.64596530619756,1.1994308730306
1.87729221529865,1.21909630422687
1.55134425849643,1.02716543018696
1.90494736484696,1.28277562321308
1.70936259292065,1.19809766600455
1.60394243036208,1.19641832029693
1.72614445645478,1.23524146191841
1.85429162581471,1.19664376119696
1.80062389136157,1.13742445766803
1.78430576887563,1.20658631679864
1.73328289133132,1.05734669681337
1.58455618148546,1.24679281268569
1.75311064153844,1.16562113413688
1.5337461676288,1.1047817574027
1.71035584749408,1.14110940443286
2.24505174229964,1.32044869114239
1.71925449838602,1.13238305858927
1.96520842530508,1.31679525824815
1.47238749782156,0.880182189698712
1.66110589279577,1.16685424889223
1.99269114185429,1.29720006430421
1.50444447661046,1.12913408261651
1.81972496285732,1.2660899814593
1.45411373182781,1.18374568910327
1.89728172650381,1.42528966502508
1.83258979144824,1.25259688273067
1.89909580030088,1.26109111254785
1.83576036066579,1.27200830350886
1.95857185078681,1.29081874907205
1.79042162624188,1.18231885801549
1.89344141026923,1.27247995540507
1.74490220322991,1.13537494218658
1.35640317291957,0.96505299799194
1.87181406857984,1.33381089603335
1.84967449986905,1.16488086996556
1.72168288936202,1.13597040460563
1.3537699652346,0.778672939294054
1.83107169291806,1.21564247883991
1.83959816229606,1.21401680073973
1.64177636843923,1.09851562272801
1.98680057872951,1.31421812353118
1.76901980186854,1.32318309329591
1.95156781904428,1.43482091127161
1.77281673595581,1.212008985675
2.09860165554153,1.30764795731661
1.53589082225904,1.17052061596997
2.03177921190579,1.27355118802788
1.75315169363981,1.06088526550554
1.82404722528635,1.24209136875456
2.056455850578,1.16722685128275
1.6003582536333,1.11874334037543
1.48890600778328,0.906189729744081
1.94780907887243,1.38728749127456
1.54227617288635,1.18162923747292
1.87519245236769,1.28089241326042
1.81520648018121,1.14970795892447
1.70252396147011,1.06285899897917
1.9711920347021,1.40183443944103
1.7073767170186,1.19375365037419
1.67682730391167,1.14165667780427
1.55797096752742,1.10696467939171
1.817658804604,1.15285715924406
1.73554252461277,1.10038266283218
1.85814930941478,1.36192615764948
1.71772850915273,1.14230993864947
1.76449861698341,1.19898282557445
1.91075229675865,1.11456149159606
1.65026543644257,1.07697290966213
1.50477432576083,1.13932051105526
1.5426652427181,1.17772464622309
1.44595343229012,0.990870014830807
2.13570960575206,1.32499931908976
2.03211155275158,1.32054410780639
2.01928510306742,1.24083536485294
1.83451709852595,1.21609658522
1.73353076904698,1.10443986683416
1.85198745398131,1.15838957824425
1.77354703334788,1.17963920393047
1.8325010893945,1.17346068354579
1.74976071334408,1.14842120350487
1.49817626130989,0.969634265415506
1.96443050884478,1.36778826183351
1.83227912521543,1.20750156538822
1.79967329142794,1.17860108148195
1.68749701423587,1.15765570145206
1.60924615951843,1.15911241966603
1.72152674461931,1.12893812632685
2.15848412934744,1.30478791938297
1.80160239788517,1.2267327199475
1.53118252894533,0.958423090900914
1.6938934081508,1.14759415078296
1.66707764858924,1.0458522507055
1.75722022449559,1.16019534838892
1.49053978478135,1.21244635606028
2.00902152651776,1.28350162013094
1.82633940581964,1.19607214253739
1.82052566507972,1.23918944853284
1.91649001701808,1.1608887427065
1.66864168291482,1.16441001175891
1.50760552696095,1.1227614500213
1.8983210729002,1.39669351173969
1.557936885985,1.01559380446603
1.92838758723779,1.13483407136264
1.80988573054278,1.13018307944678
2.13465117561927,1.34301603230609
2.00740167645612,1.1452653866135
2.18753039051172,1.35317296797999
1.77640759820941,1.22084676387022
1.70426230314977,1.13342399451475
1.93769529780925,1.09915088572431
1.84017876750906,1.25224139509465
1.77457447644682,1.18462949798006
1.78967431351607,1.2674370563418
1.7998835545263,1.15362230520772
1.75702305671469,1.18051817564161
1.7341518645173,1.17839609940412
1.49494806301142,1.01187989842335
1.93618577079333,1.38018832194807
1.64490349913065,1.23480676907873
1.98632005184854,1.22383321010153
1.63155998648043,1.04121819386382
1.78916383245583,1.19251904473285
1.69759967867528,1.2248996952168
1.71941912385952,1.15273054624776
1.88258760584522,1.20423536562208
1.8057251099832,1.25857461485951
1.70333731824926,1.12950431097727
1.60015767014648,1.17991200073086
1.66507089124345,1.08338324700275
1.46690207267299,1.15165936621331
1.75414788753533,1.08942589678158
1.85229106361946,1.16079365524913
1.67527238399747,1.06976524214017
1.80505433449805,1.40412829667898
1.74865382934416,1.20051902818554
1.70207986065958,1.15074031274921
1.90789151747673,1.27131481941329
1.48460738872148,1.01955217859627
1.79642014198476,1.33491326161282
1.81429801853848,1.20592567537931
1.6888209766851,1.05695662691357
1.86432574679421,1.21298248833098
1.90360857387143,1.24724164505578
1.72126940571269,1.11551953862603
1.66708031565218,1.14085168842014
1.62730995771009,1.13092103442907
1.61022957978265,1.11579907607263
1.76238871658513,1.16248404850668
1.35043399063853,0.953777295428926
2.04032702391164,1.34803967715117
1.48332284369753,1.17781479051549
1.83413930440979,1.41972607208289
1.64082221267334,1.07516922028025
1.56400430225918,1.01928240873677
1.75975205393089,1.06537975254284
1.84440631258045,1.24775542528566
1.43909279669307,1.13708276217824
1.80804413659567,1.2414447117816
1.61382851523139,1.18636197542773
1.45331698017169,1.08577206375306
1.82431203060078,1.27296026844932
1.75077747003514,1.17754671778637
1.78385786063864,1.02180107720025
1.73426789673537,1.22786344989835
1.82369973087289,1.29540405418382
1.67821791086036,1.3642513561965
1.88820163742021,1.38122030639673
1.86859834626933,1.2062046251678
1.76789612070347,1.22992197302999
1.71505635220992,1.32004101247366
1.41170010396862,0.741899730125486
1.72387175364922,1.11126246448703
1.6613210091516,1.15594109666095
1.65974770726786,1.18386835216818
1.6503663050277,1.10718046443319
1.82429393005819,1.15911829540844
1.67808374422821,1.13934532101123
1.98320175528541,1.20509320269369
1.52573485450118,0.890403245282894
1.90058524413625,1.03082848175162
1.53040393901263,0.993744906863098
2.02601460116073,1.41552474692549
1.7128824537029,1.12636031306345
1.79802187220382,1.15627622483697
1.660142651897,1.12794257571371
1.69344472911789,1.15009654801719
1.5008412876084,1.00045312651281
1.48959473319486,0.908579964514365
1.39449479191318,0.969429460839413
1.87160653453032,1.40171240778758
1.72481602841476,1.15076664630629
2.03995956216946,1.39342916536424
1.69203821197431,1.06225776777786
1.75221508319809,1.18367578270422
1.83393587511772,1.23222896704117
1.78917699198857,1.05902629631575
1.81344893742265,1.26117881128997
1.77125877808212,1.26492693994449
1.65095680242389,1.11139458577086
1.85662781582912,1.2227860845952
1.79852236215622,1.16802213953829
1.72654296373317,1.0895707135542
1.61985477044997,1.09655184848373
1.44345996459081,0.927248388277076
1.57978341507073,0.962969732849543
1.65905799834167,1.12307786537778
1.84253706545355,1.27917141648395
1.66919919269218,1.05550657424691
1.59822588239635,1.05775572358203
1.68647827280025,1.1461437455071
1.87948382883614,1.11508858454064
1.78323955188694,1.17740502953735
1.82400610888137,1.2082810631695
2.06923902740198,1.33165295988797
1.96187812052918,1.28630096023089
1.7493425897357,1.17611354723366
1.84414889963793,1.25038063394347
1.9567563975377,1.26964682336123
1.76274592482206,1.21114781011681
1.64242649941377,1.11129108408754
1.70121150536575,1.16242519675978
1.87821206220692,1.43635460951909
1.78022628897545,1.15601316089965
1.75001582915936,1.02660628301269
1.77529544508963,1.13839352394655
1.78021567571291,1.11661277513797
1.60417449847123,1.15761814622856
1.70805261782023,1.15653052544354
1.69652057440246,1.15638191076309
1.6967979634767,1.04326744823526
1.81594219172981,1.23003026883246
1.61238855307132,1.11722690920276
1.91129190402252,1.14362914698473
1.92620066392901,1.09375443173755
1.70550564594103,1.17705175143808
1.82526573715293,1.30612801621332
2.0677894691169,1.36025126698626
1.80608386969383,1.10404608258404
1.64975194144659,1.19849646961223
1.87486618443093,1.27839054828247
1.82618297208506,1.24959140398241
2.01910380074884,1.16119349221914
1.68949358894004,1.12055930568486
1.63709769268733,1.07725814621868
1.46283720081952,1.12894697537694
1.72796903724671,1.13975034432092
1.43716301494815,1.04340396828335
1.93037665433075,1.30292025112628
1.45138289093161,1.08805890934734
1.82358607040927,1.20346911366125
1.74767587280766,1.0754065842075
1.67683909142824,1.10806979304543
1.74963297312939,1.15638148007508
1.83679323437167,1.22548047274222
1.62368485374792,1.12034706152813
1.90164663714631,1.27629419711609
1.80901788944343,1.233331489072
1.7655412536328,1.1871570661818
1.69350913012512,1.15363826416661
1.7646044024505,1.15255252683755
1.32160731390538,1.01600262509144
1.68977567457536,1.04906867815569
1.60730546348455,1.04126281882799
1.59453340170526,1.09662252356043
1.60817496155935,1.08589360083397
1.70695677679969,1.15357893398888
1.75697354945215,1.13230629813658
1.64160194866936,1.16907442717303
1.44331887979158,1.13666406923835
1.7703320487561,1.18065672573479
1.87466347928458,1.24948653805039
1.30266180490746,1.03214582264888
1.92933141431058,1.29192155511053
1.75867352136985,1.38742328065125
2.00107589541524,1.11716534247767
2.03893597592056,1.19761068425117
1.78642264058403,1.20740616316698
1.50324932470771,1.11511681138386
1.77531316880808,1.18820975492767
1.75155211797785,1.19692098992739
1.90592704289596,1.23385283467314
1.90077849032704,1.29884392261903
1.80442175765963,1.27517389878456
1.63945513065495,0.994163798310837
1.7691780073646,1.24855026133963
1.78052423180602,1.23941791253418
1.70253200342045,1.12981367141019
1.78687626439935,1.32285257946311
1.68021390393472,1.16237471861264
1.56949946523064,1.07639063653185
1.80889384702513,1.21940966309842
1.94815957082737,1.34019714708832
1.82245405321562,1.19383266838943
1.82197192427023,1.19083503361141
1.75779841959552,1.16236122599957
1.76104755765312,1.22699860278544
1.74121628264089,1.21043133549178
1.67011763519799,1.11822117980496
1.87083694515166,1.22466658923693
1.81577737778875,1.20949553962437
1.56056917875962,0.971522998050249
1.79099293565484,1.22409942367051
1.97060619336604,1.32468189861974
1.65520059787679,1.10423473859038
1.77422998780963,1.24895114344184
1.86728798841107,1.2038757839791
1.89724752533713,1.27390909872691
1.91672074242427,1.16902122524847
1.78660851684196,1.16981625500742
1.7749571415725,1.24390109940941
1.76036413159071,1.20491595908057
1.73616557423834,1.20673385658681
2.03725615934314,1.32934249419301
1.49196220011251,1.18616303372773
1.70369279688651,1.10806069355794
1.86124479873111,1.23337031352303
1.83934531156465,1.20695291177033
1.79786053082205,1.12189786107083
1.43667622436472,1.06675894005949
1.67898333651382,0.913773725950394
1.46332009793562,1.07260112428505
1.68906969600452,1.11663341736561
1.70070630666855,1.17538110329912
1.79853345603225,1.21708130020492
1.7269813724536,1.24381861197386
1.73172847215714,1.16320758253864
1.78023374359126,1.20692052324127
1.94436560075235,1.4139845150007
1.77435223477207,1.17623651598135
1.72387868012017,1.11328773464031
1.5767023503952,1.18339995295003
1.70222076085681,1.15612765561873
1.64106477016795,1.01191213660725
1.57419085557159,1.02879956541697
1.83668697766825,1.22929448192628
1.78576980089422,1.21232757834292
1.79609127212659,1.17341801440601
1.70120071847816,1.09724112345947
1.77035635054613,1.11734185067213
1.64630071393644,1.09712248916065
1.78382384191725,1.17880152369266
1.59477915179207,1.04404651458472
1.76119674698617,1.27116880524979
1.74435239915311,1.11738867253243
1.89305105645296,1.38441592853063
1.78451294624538,1.16667614337122
2.00392701746309,1.17828146133907
1.53628181306304,1.15003030600885
1.80824940313672,1.17720574863091
1.8101720459835,1.12309180682047
1.72029405266985,1.1612702771499
1.70436261479179,1.07789869479584
1.80195682827977,1.21902884975989
1.96347822650381,1.19497479505899
1.5097938618615,1.15734862863339
1.68538389751219,1.08238985691923
1.8207311653958,1.04594282651953
1.51384016592377,1.21996092991598
2.01433473603547,1.1930006451125
1.48162299581257,1.18177418696335
1.65779308419906,1.15299677853459
1.65536357206081,0.992458219324885
1.45021483288728,1.13870843593705
1.61146533180491,1.1014797643321
1.73820485814007,1.11150693791431
2.00155565432186,1.40895255686718
1.72436276950501,1.1952033629225
1.70529349040971,1.21437447320451
1.45589883965383,1.13722813501053
1.59542215821557,1.18831492662071
1.91548327619821,1.08013520288096
1.42361097763927,1.07542255187981
1.69847074397895,1.27475455910006
1.79742423400633,1.16024629619406
1.40334274798511,1.12081266354526
1.80828936315131,1.22856772862691
1.65510182441859,1.05063223272678
1.70622822636879,1.10045474221881
1.59262869575292,1.01278311619276
1.67716269949728,1.17393703215571
1.5124824631588,1.07549454240274
1.94953710593271,1.44380830773945
1.57670453203533,1.14681215800965
1.92304100206843,1.40740378245113
1.6598872849763,1.09659293025304
1.39593388006056,1.03728763082262
1.83601374642216,1.1652805684768
1.68716043774932,1.13178683112543
1.76437946697913,1.25629915327455
1.52944120116456,1.19704490787413
1.77562521013451,1.16188692830283
1.68149096599496,1.08337290460212
1.99032569523028,1.25277895406363
1.98188678258117,1.27469065977902
1.90581737802391,1.16982135385745
1.49106141194772,1.21948787343275
2.07603777950718,1.33763441048291
1.72819848367993,1.08153239921654
1.68429417641191,1.03707690921316
1.73118701792112,1.14169020481361
1.80917583022247,1.19974124729871
1.75048354573793,1.15361130897016
1.72252926048819,1.16986746397144
1.89756319487359,1.14568793374192
1.81812564996809,1.19540707671499
1.82660410119319,1.30593268192713
1.97994380917302,1.28243444834264
1.87033521355728,1.27326235415543
1.83064519213316,1.30530957386049
1.32165403895326,1.03406882646819
1.54866072739123,1.00587900585113
1.46417888380946,1.06921306777759
1.98729057741137,1.44032546008271
1.87347021022514,1.28760359264649
1.7111760482609,1.15568302595159
2.06311592062204,1.17958713789357
1.7478432506971,1.07438084764851
1.58285304169988,0.945230467237457
2.05770677803695,1.18823660448458
1.95288986076478,1.43025818622102
1.56075073096096,1.1768739561837
1.91024408893627,1.34212588258983
1.73113820625217,1.13944942718394
1.61525409987602,1.01849392146526
1.94630942638525,1.26664872747182
1.70690811533424,1.13078256592371
1.90250598498444,1.4168969241252
1.97336155283564,1.28618885638936
1.74627414180631,1.14827685596337
1.8023990438428,1.09271777667808
1.66927067275099,1.19022693768667
1.90916610118595,1.23717966887334
1.41432823163103,1.08143459711233
1.9513058860285,1.20650671400535
2.01612261996286,1.1733108695389
1.66343288620472,1.12117660786487
1.91357323639792,1.25693757952856
1.18913778870661,0.865003800148721
1.8900577028159,1.20636132022769
1.86089444045204,1.25545937480097
1.85179615407303,1.23055036126088
1.43996758805378,1.18429950555901
1.73563940174179,1.19816136182672
1.67766475761201,1.13391181176926
1.50259832073028,1.1270035933755
2.3255331800521,1.30460181553138
1.77199275101366,1.20380706709568
1.58651248278534,1.11775214956185
1.89938326117463,1.24755124089005
1.77366234183501,1.20097605717433
1.84192861006789,1.23020813687111
1.80345056405499,1.22467638153837
1.76776788311272,1.15923862218224
2.01594222353567,1.39287974914944
1.83478545555881,1.28708107021884
1.71381603947374,1.08671113934061
1.91705704488217,1.32565327529232
1.83213188315857,1.20025273371854
1.86300049423672,1.30529887502659
1.90925392520955,1.09332160644058
1.68992690978154,1.05125464771982
1.50688444929293,1.00281698161744
1.93685763833261,1.43068930886485
1.72149913073756,1.22238092940831
1.81414182122198,1.18314016713725
1.48277532499393,1.11464473234202
1.87183983036403,1.26229593472505
1.84996602407213,1.2690677073641
1.70496653982248,1.15124279263906
1.97132869755719,1.24240065980367
1.86861221916845,1.25873277174833
1.91257437547158,1.1708995324657
1.82558956183856,1.25608045983475
1.89114661587506,1.23711778392718
1.6849045322305,1.14753819042125
1.87943955592752,1.19109060557023
1.691157575574,1.08828426204418
1.97500247735262,1.50284642696726
1.71871123959832,1.19289369326208
1.88646747638856,1.25412697675545
2.11042834964867,1.32363164437386
1.82603393837585,1.22830336711855
1.78400762333461,1.18659534429579
1.617155272406,1.11594672515377
1.71755245677689,1.15536719178907
1.79912820978597,1.20178071466195
1.74639314337309,1.18267875078665
1.70395209084707,1.13351974583703
1.92076742872905,1.22252296072247
1.86875633180833,1.25810074909775
1.85324176917914,1.21850609569556
1.47678414946185,1.15890444367134
1.76677000632696,1.15932459445329
1.67712216037576,1.21584018715144
1.60056472820485,0.994945858903816
1.62213094902334,1.05277095157605
1.71482726262631,1.17999498127326
1.75610302816402,1.19775412312134
1.462516126108,1.15460400841174
1.924009064052,1.41228619554109
1.77088378359466,1.21118728334457
1.68853722435696,1.07990390056608
1.87508267773332,1.32688880817611
1.51176408313669,1.07247217538825
1.70663722918866,1.16548268490574
1.44457532570254,1.10241438062249
1.68057393264402,1.03405015050608
1.91853690782205,1.32159405222395
1.79752788945713,1.21378006483084
1.96832429136416,1.2690579341741
1.68022506371638,1.17126243615443
1.65802096807844,1.11044521498103
1.97450187334217,1.22245923391
1.9048321295122,1.17268593434637
1.98514669898006,1.24720758013046
1.73551515825319,1.20817601321978
1.65131932462969,1.04459404960225
1.90220027862575,1.22545692217556
1.82161076165294,1.19679380906689
1.67096696309511,1.09784444702665
1.83198061136266,1.21394156452845
1.73143375371405,1.16992418317258
1.79316850388997,1.34983467498522
1.80670044396859,1.20518237674001
1.42657953633188,1.13192398688045
1.95148560135505,1.34534480011299
1.67698821582683,1.10377196489908
1.86064753596732,1.13220226048891
1.84370957667594,1.35260272951573
1.89361441215368,1.25156268707195
1.87452407907712,1.40946137903295
1.73961462794649,1.19891626770644
1.77276327477826,1.25660550503352
1.78744559675169,1.12945940225059
1.87799939912278,1.07849031837031
1.84925056036535,1.35896623040197
1.75646964040661,1.27221103590317
1.70556726683937,1.16834100777709
1.92089707880141,1.36937176798159
1.85128591224254,1.17715161093797
1.97976243898524,1.1688826970972
1.51067915051756,0.995118640074557
1.75556207422181,1.165496569522
1.98288381605722,1.21967393446358
1.38745081785936,0.976972193640634
1.85383254264105,1.22412610787104
1.67933879432234,1.25673341453739
1.46985296054425,1.21889795651144
1.69647645464371,1.179543799946
1.96719089940281,1.11307136549802
1.84944082626408,1.33161105638239
1.75938952195032,1.18961541899777
1.69347275774129,1.13079545426036
1.67738394244918,1.14450103803067
1.76813687691902,1.28736497396215
1.67629821368661,1.11546818794434
1.78374574109469,1.17375017369817
1.86283163009064,1.28322982795774
1.75539973677023,1.16550277497728
1.75492660801538,1.18890849299012
1.75477273405063,1.20100234028834
1.66259488208086,1.1049252479124
1.85891797354655,1.1982890801552
1.59804801151732,1.03011830019963
1.46847701982139,1.19062433148313
1.81125913707999,1.27850078587396
1.82583645828767,1.23212680977089
1.79457895147395,1.20782493573011
1.69124322952049,1.28417368654912
2.00116672965551,1.24278072627512
1.70559671914307,1.07324395854066
1.79826531498869,1.11954309706821
1.42712729025917,1.10160811901582
1.60665985813446,1.16839754764413
1.72791542926832,1.07685534464582
2.03717532589939,1.35457600869257
1.81692455153686,1.14243950634551
1.90297645892136,1.25758057725204
1.85470771559606,1.34190304748518
1.74844486986152,1.12377260801596
1.9401595205109,1.2580911084097
1.7216029595528,1.16592939871685
1.65454481668819,1.16679909132546
1.62083320664178,1.17679274866375
1.6073045130384,1.23939089281817
1.87305871459221,1.36913198905932
1.83674889472235,1.18940064066366
1.64383104468849,1.0711812057467
1.82752492862895,1.10636719541962
1.83232994974237,1.15162169730141
2.10069203345833,1.29212415511718
1.55901105623876,1.06452495169973
1.47840481593884,0.990101590262314
1.87682172885532,1.16333332491636
1.90996785588615,1.36791340911563
1.66451603065647,1.04966322567003
1.80422549223912,1.0670409404496
1.47799414678729,1.08767838902539
1.79964916565061,1.12849752306962
1.44748836523107,1.04512757893306
1.5258255728548,1.20069638455726
1.97781081434501,1.17886157290035
1.86174051532366,1.24605632811058
1.62070231804055,1.25472161128304
1.79218311751818,1.23713820762622
1.81333840796256,1.19693037298191
1.81588480893186,1.19364619265205
1.70442840152059,1.1644352905679
1.98583313264502,1.46206008097372
1.54400810420206,1.08557166173623
1.88145855416325,1.26394378639564
2.01579278844758,1.45885523768067
1.63929938175449,1.10470726660854
1.71409117122341,1.10637309723209
1.874727090812,1.15148241079147
1.90699940846319,1.39930835295572
1.67286927381674,1.07674782969928
1.6925902817785,1.08866709542572
1.57721206505,1.18196145705209
1.64379082840762,1.03659715612181
1.75357055377646,1.08935037637926
1.88110003297427,1.27341240195943
1.52329775645698,1.03785550613982
1.69598354076206,1.08613057645403
1.78595175064149,1.22077011162698
1.702699377869,1.19532886204061
1.79250505209608,1.18993112491524
1.57664118767712,0.959346106265404
1.85444902337635,1.24821046523393
1.75714261385814,1.14062564204655
1.64818291488326,1.08891620838817
1.53003994201886,1.15682373269316
1.79844742679985,1.15625854612458
1.89283189119242,1.21118624601139
1.66745783411732,1.06707624232887
2.00643329651465,1.1902232394135
2.03688968858843,1.2719917340267
1.59201543727946,1.18612957515081
1.81080133545892,1.18628097278663
1.95855324889694,1.35812092812773
1.06992316598691,0.842661390632827
1.83165414372767,1.05971535856038
1.77778108262156,1.23805999826654
1.26186417410571,0.975043297842649
1.36551797086779,1.10192179277284
1.69451761245364,1.16665424797813
1.90428891235169,1.44321019854404
1.72869370034408,1.07485547057654
1.525083128924,1.13282771771159
1.93768047974711,1.47272805003186
1.70886279586306,1.21316187574256
1.90637096003442,1.42576232428082
1.57198594388269,1.07133874868768
1.82422012460602,1.34673648107141
1.37807831809731,1.07906313925924
1.74533900239103,1.03507295739617
1.67147159884246,1.13525200399232
1.85909896873913,1.15374184210327
1.49584884766117,1.08682070315809
1.7480056299013,1.1354137497922
1.59062818800283,1.27470722995261
1.65107286814664,1.15717405837715
1.79383064008295,1.15165053735429
1.28761978895388,0.917883857385573
1.60344115775482,1.10511681839139
1.8870501106368,1.17269403495375
1.88942883918063,1.2116487203432
1.8146657958078,1.24581348463168
1.7879031480874,1.19599012664533
1.54807479224996,1.2597740998451
1.62968741460035,1.24075105289888
1.77611619427253,1.17307477012578
1.79255133191921,1.20784449722166
1.6616308560893,1.11425637918354
2.01148281449713,1.06385882853516
2.06231754490072,1.31100344518503
1.91667678926541,1.24804119982322
1.58674039537164,1.08621980485829
1.79548070310257,1.21031942174465
1.51938920347958,1.02261985048109
1.85138774321257,1.15694881113797
1.4802982122262,1.15961913922423
1.75021858256927,1.15090681965672
1.83364707915221,1.10315134340457
1.51982485931664,0.898163080489315
1.95518975333029,1.25140145929074
1.78910038485064,1.1907331690411
1.76255705115276,1.29965018566133
1.68570610020798,1.20956607295661
2.06954306437653,1.43526219709261
1.90565132514265,1.27874845375284
1.63021541927956,1.14003797161056
1.66986261126767,1.07421128739753
1.37886868014962,1.14671612767785
1.77938137094444,1.16328825368658
1.56667882793731,1.18060151331615
1.71440384851075,1.18691829628915
2.01201657085834,1.38047295943711
1.2555129951277,0.885687739153436
1.7947120055268,1.1780571489285
1.22332137560585,0.989210840516984
1.52895953456499,1.24054655977425
1.44691954067956,1.18187989748685
1.92965395327097,1.22472614434364
1.82278048260727,1.27254677675927
1.84390962486922,1.10281328012875
1.87134413044053,1.2348209093624
1.87732823479487,1.29392523763165
2.00794340500821,1.18532749063658
1.80045182201185,1.12066390132916
1.71288487762382,1.10476940003307
1.51194826619817,1.03587918033514
1.76693508143969,1.15874439117959
1.94503261908985,1.18587847937998
1.63073458411993,1.14831906266901
1.75967596282226,1.13146159121503
1.84526718833879,1.37479171169815
1.68686952496784,1.09292406269471
1.95377022429812,1.31783127693989
1.65166578199743,1.21702237900862
1.69020943392945,1.20601990949923
1.64679461329394,1.30146078104005
1.75392288845479,1.11620563035405
1.75149436608918,1.02632079416737
1.59770631669606,1.09685236690598
1.50748251298629,1.20388420411507
1.830594118752,1.2061872850288
1.61734448149738,1.14329947983836
1.64769247815712,1.23303395653205
1.87764415599728,1.27121019759903
1.76573948019794,1.11082468427591
1.76140894111281,1.17521730883435
1.68216546722894,1.17923010816571
1.83921294006537,1.15628141384266
1.9580984468617,1.40300473688909
1.82740647791099,1.21424579025762
1.78980944573841,1.10749425011969
1.93489011865204,1.44381648423285
1.9822028889824,1.40331811322911
1.61197308073101,1.14671716895596
1.6600499803734,1.06252737923972
1.36775001898076,0.92218649498508
1.88290715801369,1.25040801828327
1.83049967713334,1.29777310900846
1.99686652056087,1.20717821661224
1.83907753918424,1.25116083106796
2.04726830087973,1.20878405130009
1.61645516882698,1.1319081323635
1.47010120374382,0.995594555399475
1.670274369508,1.1641291077132
1.87499243430521,1.40341952131029
1.53382577808171,1.09295144057292
1.76156084154725,1.19784227365568
1.775032684484,1.1930291097283
1.56736122541783,0.924153372974406
1.7074831548987,1.18625716532808
1.73760989608611,1.1990039528779
1.79816118654157,1.12569202297846
1.82028470839053,1.13374342211858
1.6612824209521,1.08789068494208
1.44959981092396,1.02371464539676
1.79039833414913,1.39106372055088
1.29461305387711,0.931251788297392
1.28307371594797,0.898782558098657
1.59636582873338,1.18707982521659
1.95447426104259,1.45886770350161
1.96742043951006,1.19795461690963
1.79475484876255,1.22060745387973
1.75782008818205,1.21921477410308
1.70545439827566,1.17678380651931
1.64094209813112,1.08553906279922
1.9225421600127,1.21414815482175
1.68700538588422,1.13819596375173
1.65510714698589,1.00990009667596
1.70020584021924,1.26195826390913
1.85470724341953,1.23507780947901
1.82763788589482,1.28521729614868
1.38844153924168,1.00449677362164
1.64324386558873,1.09840920215073
1.80309173866256,1.16173699736707
1.31108099229805,1.04507458830272
1.84456309085275,1.08833483888018
1.78351030015435,1.21959555109808
1.64266684807569,1.23451356932506
1.78354429968924,1.20096255271397
1.37181558465826,0.94282850948188
1.75122667688372,1.18435656475469
1.78077234791761,1.2500622987289
1.80450922113863,1.13671141519993
1.85180166607318,1.16554192555977
1.74275091706424,1.16898146343336
1.70688045379231,1.15255247127845
1.7291926614958,1.14299741952667
1.78821258598714,1.21258329904969
1.69635941004258,1.15010150097208
1.69523253314324,1.1992852494861
2.14465417615588,1.36012533387334
1.84157989989052,1.28880266603076
1.76581391916557,1.07244998608309
1.531512632267,1.15336523220672
1.83777761733254,1.17268253150174
1.82177426234976,1.14003633029972
1.90701671005459,1.17699933738974
1.59227889048945,1.147464119853
1.76902490857504,1.17415618033777
2.02426357332456,1.27023707677034
1.84451209203119,1.20240853428251
1.75480550131356,1.21864426776567
1.85453571990009,1.37523091687441
1.55497280809237,1.13141241109345
1.78624395480137,1.24492536389271
1.70778497782251,1.16927299994875
1.87862492507256,1.3808495413268
1.82110141648182,1.21943397915014
1.92950465237335,1.1890241667031
1.58545037823947,1.03146885357399
1.50003193030122,1.12703296577735
1.67619501396599,1.15956726774102
1.87717808304946,1.22220777578427
1.65063259465482,0.986677529127847
1.74420083669495,1.21251934769725
1.95187249433278,1.21931744453035
1.85745757093377,1.28547325067071
1.69593349141506,1.13609544976536
1.6850090222216,1.15931022268906
1.73881216045068,1.20009253276543
2.06556671413535,1.1790293808719
1.88522498626806,1.25475034992
1.70859314208231,1.19411044641071
1.71726470060563,1.19095001278001
1.55839042599625,1.27619737442235
1.78486038455459,1.26313435667975
1.82983296686491,1.23849858240852
1.84007247210128,1.18282232858661
1.93521755341709,1.39131349399998
1.85581788241655,1.23228656376483
1.68050125873703,1.16274448274393
1.65403903615453,1.05248353464088
1.51463285307979,1.13542825708877
1.82243169131898,1.26970051213961
1.72645477399482,1.30247885876069
1.82775834532524,1.0379786917865
1.67413310325915,1.18229492285702
1.63566757692103,1.22549728280946
1.65100293236306,1.33943782690511
1.69840551711547,1.11378888380475
1.98155164255831,1.01543169191058
1.66720540315912,1.04488001946369
1.83179587629454,1.12004205094562
1.75534884931244,1.14072759597094
1.76512161964503,1.17904500467798
1.4087056457206,1.10356083348341
1.74051843092323,1.14064129369223
1.78103982237955,1.20499861771418
1.91115369704016,1.0938273079757
1.7178844984374,1.11398240734155
1.47610051550314,1.03687638074431
1.59383394696966,1.02649619735105
1.7034585406908,1.1585886389464
1.35315774471444,1.03031308151121
1.79969745292299,1.04741117112202
1.74239216009872,1.10969910559958
1.77201841618811,1.13430875342613
1.66077550389542,1.08105676170428
1.77969701051,1.12141849325212
1.62385213370196,1.16035038354259
1.63099831651291,1.11767104319811
1.90214910961922,1.27488645337343
1.91654388096958,1.24683034199176
1.77231369895907,1.18543356654857
1.86271629028061,1.31398700995223
1.87608800160042,1.26257324293236
1.70755066519553,1.16574506546349
1.65527662779267,1.06860627780804
1.75779580083597,1.09931719167693
1.89851670660625,1.27069571877901
1.92442606531528,1.25773369259702
2.02545516054601,1.31257257677853
1.73079893920091,1.08978615581838
1.83547272907131,1.13951835138371
1.79586488519603,1.16920094353862
1.85424311330036,1.24908151052225
1.45409326437222,1.13210219869352
1.80957927029034,1.25173702971917
2.05832502146573,1.24469894781313
1.94563474164822,1.43735140458994
1.91279102453936,1.22756302479774
1.71349140190363,1.11924427531753
2.04673011071787,1.23634413142922
1.66106395981225,1.19749170341388
2.19100835572597,1.34757856493176
1.9763737175122,1.18125455862303
1.65962022673471,0.990188172591862
1.83499258713592,1.11552884238235
1.69128612722576,1.22362527718717
2.02570264526343,1.52236162880771
1.73820509486858,1.14376971059121
1.62883345703587,1.10061059797473
1.78805247471813,1.18372526068426
1.76744318675418,1.15815991253756
1.94172966594711,1.1560202193678
1.4296654572141,1.08421183149674
1.62441165543559,1.09819977918369
1.80151692104575,1.20113539822379
1.7975991158824,1.17281835260806
1.65437851055233,1.12538780902091
1.89382688387444,1.27298700107985
1.80191962281172,1.22909098481667
1.87387974812797,1.23704102739747
1.73334279919557,1.15092723827621
1.75300904254106,1.21450604607146
2.10546227070044,1.24393906807254
1.57966968959556,1.09658306898835
1.88562320767987,1.24140330313736
1.82644664841801,1.21273050675133
1.71431779485835,1.12785706965652
1.69326301845101,1.06685989802115
2.05015034391942,1.23223764611434
1.78530218126418,1.22848477479146
1.74000402751422,1.25907516059673
1.82353210624408,1.22642013599694
1.9876127222283,1.35656118498519
1.90760826041503,1.37722592560394
1.65777616350539,1.12296927294125
1.79330937076186,1.38557272432321
1.86266085230363,1.17798151010263
1.92892504074886,1.23609598033915
1.83485942543307,1.20529418140526
1.73534621859817,1.15572357496741
1.80153932414012,1.18689274359911
1.96853787635798,1.26279569896482
2.04933597027796,1.2727535954141
1.93124645268447,1.25282820527827
1.89256600368489,1.38029664873184
1.77291335448,1.17133485320996
1.85543748942624,1.26268877699264
1.61848352929765,1.13691575424544
1.76230946193933,1.17887073916218
1.73959005663791,1.13299709319064
1.7811550155429,1.12776704997415
1.62896226243843,1.15898721078978
1.72164006960858,1.32148492126585
1.48954077251055,1.16751854611098
1.9203495635727,1.26166288568146
1.66127606796388,1.177186833405
1.81035614845374,1.24020648738767
2.0062225643852,1.37727997997397
1.55952436332355,1.22508486225449
1.58477061214937,1.18708538082249
1.57102425645002,1.07037535399659
1.82661269705485,1.06349006489385
1.68542547369124,1.20307541974164
2.08222416972772,1.23835869193098
1.80747776894823,1.18400995629743
1.7050574010264,1.13690840466339
1.95920467571664,1.39025960467089
1.79043256958908,1.19402186882598
1.93987355506517,1.33281368229162
1.74511291833688,1.3065007747247
1.79661016152782,1.17315875187962
1.73787230952603,1.13839512660052
1.76300360876068,1.18066664373739
1.914186353828,1.39938957786551
1.23477543759871,0.660073715015056
1.659610131589,1.16167736206567
1.86390701424786,1.36877626970049
1.64914107648757,1.12409788796583
1.61634675455171,1.10705202224358
1.64340200293096,1.06293584954538
1.43523559162577,1.08602465626823
1.83783763706633,1.23405160393743
1.70996118090948,1.18604479425963
1.50659487607525,0.970517305457176
1.61808532771404,1.1739874163599
1.97230334549332,1.04911103494245
1.81184828131188,1.19182416668355
1.64943985594394,0.975340517385364
1.60021646960196,1.09772656544707
1.89380241291882,1.30459851195219
1.72412907886805,1.17937668369727
1.55008331120213,1.15989626585125
1.78806278603442,1.18075288190699
1.96687926094397,1.14387533758829
1.61266532844456,1.0443182150563
1.87405145689869,1.10239846213893
1.53307620501597,1.06562750795816
1.86599724165231,1.38972044264269
1.82740040172767,1.23235793103754
1.63249097887911,1.19774227621808
2.03900944417526,1.33202585702247
1.62322558642886,1.08457182161152
1.94802451162901,1.25349027764289
1.66659377406776,1.20837095817912
1.85770633615166,1.39744561741712
1.85082654338524,1.23181471880497
1.8185745770641,1.17477231120565
1.65646925517193,0.998576406053725
1.85453169018402,1.09132943381343
1.88886639712426,1.18236348798483
1.912524678845,1.08059914341632
1.63248311192075,1.11322206298952
1.91174856542106,1.30425656322275
1.73048913643345,1.13310644708389
1.63081223492556,1.19026504012477
1.8382089209563,1.23663563929662
1.7305734661047,1.15257406119068
1.91347743986655,1.38124011361846
2.08867830660792,1.50486127034982
1.68973689013099,1.1240084897147
1.98272376204942,1.51578410976091
1.990900432844,1.27382216974653
1.30945691986673,1.02911598101522
1.77640603047448,1.18012858037386
2.05236545930241,1.37743461396845
1.74880207086193,1.22815354231513
1.52156595648042,1.00534813209185
1.37932828000719,1.07243328284959
1.86892776798206,1.21202642020579
1.37404517696666,1.05243568135139
1.4165762057525,1.12721001859949
1.68873855592476,1.10047256487186
1.60853863585748,1.02358343763192
1.6144822437585,1.12711607989861
1.88077537993607,1.34307827744499
1.68475922019072,1.09701021210303
1.51733974096843,1.15335559163873
1.67113721873913,1.10677536201563
1.75234784937959,0.944564667817493
1.76268487242913,1.16534571673832
1.96594027296937,1.45003102532928
2.02709306431129,1.26536943500288
1.66368905142397,1.10480424695426
1.55316382482068,1.11724116066288
1.54787495140419,1.2041935772005
1.80848325082834,1.21982088387369
1.8408387232646,1.09283231467435
1.79478190612282,1.1664261526221
1.92375902783334,1.15382475720683
1.67159560169343,1.14020466580975
1.99394547560735,1.27602644387922
1.71054543061764,1.11327681488637
1.73289980192644,1.19144135166289
1.81512208017319,1.15246510390402
1.73130572243234,1.16541899156753
1.79518501561261,1.16847211690532
1.66917072367968,1.11969938462221
1.30535975576324,1.03204962746537
2.04428528193903,1.27760406499776
1.31015259415853,1.04431515054646
1.68269566326712,1.14701548926889
1.68482250602612,1.17077725941416
1.95874525245581,1.24443351378329
1.60026595787178,1.11673008186019
1.76409698386965,1.14416449411422
1.70662633759884,1.18665366539146
1.72967509366163,1.16908880593409
1.83433570391441,1.19393023484979
1.93945117977024,1.29916489786383
1.93131385033458,1.4223726376546
1.836774176606,1.22508857853931
1.85370868598598,1.16491054023501
1.4313773672647,0.878548358487344
2.02792833837958,1.46787975455994
1.83155913592549,1.13737675779195
1.49181465340175,1.06822370420237
1.72345744894015,1.2965150381956
1.98578314109417,1.25026207816197
1.94557659676108,1.33361113897907
1.40003691465778,1.11875020414455
1.71263137897405,1.17247780319381
1.63875561592103,1.01632004580064
1.81101587860725,1.20765737466473
1.62190166061592,1.04021801266371
1.64471303117153,1.02940411418184
1.68838214148281,1.09538674870364
1.78898726106064,1.21807029873457
1.87270100639494,1.24315379983243
1.75317904418256,1.18169057818089
1.81632558964823,1.2543940998105
1.89688725184741,1.18678803165496
1.87404459645415,1.22455491781423
1.65959741294327,1.31922702789679
1.78627868035569,1.18167805460059
1.42914756580633,1.14859280309606
1.93743843210882,1.2418823955763
1.71964477312058,1.13020570864067
1.82950778925165,1.23891586580183
1.6661003110534,1.13865133545798
1.69912983979956,1.24574947345768
1.79973982904284,1.16373814265075
1.50664942779041,1.20984717186004
1.51627031866017,1.12802266694463
1.78447774665433,1.15065096713529
1.84105378409662,1.19359773311258
1.73107708539545,1.30817288048863
1.62102704123527,1.10056567351576
1.74803137913875,1.04434950483129
1.71619970802614,1.0925157233749
1.82801233585062,1.14335377523307
1.40751690554506,1.06597192553945
1.74962102359268,1.15697693372627
1.87702368696048,1.1234946237231
1.6871986467901,1.1498283451796
1.64958338952652,1.06483786568438
1.54807829536126,1.18297498420418
1.4276382689458,1.06012925623732
1.64797452438957,1.35636275796496
1.64486990390678,1.08354953893762
1.62016939434117,1.15023511120486
1.85623060351258,1.06527038948821
1.32512756038723,1.06983361495706
1.6245273662546,1.11221215266999
1.7390873953062,1.12474206328514
1.40635374696275,1.00950325802191
1.38785375105521,1.004583459748
1.89587327281968,1.45796305572625
1.72609895746094,1.05870203879007
1.73161900883693,1.1225706222482
1.85651484895855,1.28379116287138
1.33250833009408,0.967818007963253
1.85668997872083,1.24846455876861
1.54956671566825,1.0650596980004
1.58772292433102,1.09708729969777
1.52243433932493,0.941694675726737
1.6586251251473,0.915935800594333
1.83774497616231,1.37050614586602
1.87573979181173,1.21298576586964
1.44919093996527,1.06975034984547
1.80380928098065,1.37429862888056
1.8376944016536,1.14734448368619
1.74510935557409,1.24657397492377
1.65866996344395,1.0881398773051
1.84370048135789,1.18036559108928
1.9542029351544,1.40743983991102
1.72339249319887,1.13006619803278
1.64770025467653,1.03601848881895
1.93129986414553,1.2953526713062
1.75490781907013,1.23073299635424
1.83419226602458,1.18715119861409
1.44794063770257,1.12894559636431
1.64217374962703,1.15447728224242
1.61137305141252,1.07402134333854
1.82535812973249,1.18687853675078
1.73066987357262,1.21086017090666
1.86606598411309,1.4422517014828
1.87354859527145,1.25133652857819
1.73875649850666,1.16936787035897
1.75215428493497,1.23221868516619
1.73286586676409,1.21776697892682
1.82015184746067,1.25996811886392
1.65099712409672,1.14045287508137
1.79295588819315,1.23549017153789
1.72559959459536,1.14494607370828
1.71904293407892,1.22544229644286
1.98600994384625,1.36685594086206
1.68923124192281,1.16208635291954
1.78583925344786,1.14368309571744
1.70039552031817,1.24154438569627
1.7582478424067,1.31807215084587
1.7752042965088,1.16461771897873
1.84865120783619,1.18455280780475
1.97618870039407,1.25990227806078
1.51302376807339,1.06922468274007
1.79073812648527,1.23250009862044
1.73819305662916,1.14061128447396
1.82973908728167,1.17741499393952
1.89314387432841,1.17512611945888
1.74415592673386,1.15503333445876
1.8947389983654,1.363671131465
2.16633096653661,1.26240782593939
1.83203510947848,1.23341550233447
1.53416070891289,1.15920197957668
1.68448577351621,1.20978595022129
1.91175681577583,1.24105285311674
1.94110715085679,1.13787600977248
1.68907652251425,1.07100954967556
1.89287176872492,1.28246076242843
1.79838426655744,1.15071140869322
1.69322078529669,1.18432768871518
1.7628573116537,1.09878954908731
1.67315796809354,0.993007116652288
1.20681427041324,0.973004465003325
1.87021236289722,1.38554756505301
1.70459001548299,1.10160617005476
1.71850114453887,1.12901856464539
1.64539355379176,1.20322435890355
1.79347140023153,1.13386856576501
1.76602940842026,1.18715206528764
1.68091416073755,1.18529911842036
1.71763628694152,1.0983355337396
1.72233546729529,1.13407533556541
1.69075954754837,1.14192530498014
1.60709653281243,1.18822276208204
1.72596165303316,1.13723170804713
1.497103119347,0.981272988725746
1.3849493781819,0.965307093423919
1.51572089496079,0.946544856040064
1.78522647684141,1.18951115345922
1.69911021058521,1.15187072128178
1.38912977613225,1.03530375586069
1.74164868658973,1.15842878413804
2.02608250763508,1.38517589839363
1.63015692152573,1.08691518594992
1.8540567726732,1.32945252481477
1.72017820787513,1.13464996375805
1.71357703262346,1.09993981664582
1.7576755967578,1.15690316055186
1.59280039966598,0.964958427978839
1.56294287414468,1.02260231456168
1.71474170360364,1.18465650623262
1.69969296603158,1.16440037179229
1.64772584802766,1.03990998226581
1.61964386678898,1.01386126037364
1.88004267555279,1.26830406892137
1.77815339632152,1.14600973395447
1.89222912547598,1.27978071986182
1.76630448812725,1.10532509621818
1.87586812295668,1.32281002847822
1.46303571501934,1.1451326551186
1.68519357318884,1.11326136472983
1.68882167504903,1.26003141009226
1.68028188869567,1.1451834184392
1.86620314663729,1.34065798264296
1.61064066019902,1.05536334009724
2.03657792043699,1.4411208615975
1.49159984354286,1.12096863565198
1.73203019082827,1.14525185695154
1.78082939656547,1.17433011526704
1.83533408290844,1.2104485706829
1.81819639772635,1.20892295691007
1.99353508340333,1.46594463364288
1.82680188208157,1.22543000959057
1.76095264971341,1.1690028071192
1.676937215161,1.15191204874877
1.6259192340542,1.18342343458781
1.62050260147905,1.13841800706283
1.97227909970379,1.36502113488693
1.81120059299729,1.21936164111745
1.91608780892091,1.32954160206848
1.42955391565809,1.14136884289955
1.7639194552473,0.914095864077593
1.54757910332657,1.20250922196992
1.46217234665552,1.14219284144842
1.45756782870216,1.17633887186368
1.9742988433652,1.13736835913614
1.86364033341993,1.39369609477663
1.69021733871452,1.26261638766851
1.72138677047804,1.10086862471851
1.95955098453621,1.2463716363626
1.88983128886068,1.36629548684185
1.43749480093804,1.06299921099087
1.79869543762016,1.18064804602313
1.66279420999788,1.1790873053889
1.90177535670531,1.25380597207928
1.89669386589516,1.30105562319551
1.62595089745719,1.08435584123205
1.61773774692523,1.02950913628443
1.75483810235589,1.14219850559539
1.90480615516424,1.19881044929718
1.64356312233203,1.05252065875966
1.66913049715468,1.13748213664144
1.61552349351541,1.05760450056151
1.82324993900018,1.23037198456271
1.63710338983755,1.12747597428529
1.65071259874947,1.1091205270843
1.70662302120777,1.14975046114365
1.53033562473527,1.07383004762094
1.78767405167392,1.14415092924191
1.70966566318134,1.05168398904352
1.70698111188697,1.22550131769834
1.75403678215846,1.16039913720707
2.0006992102912,1.28701309451648
1.89746046418835,1.20552146789959
1.86981302329534,1.03740984280996
1.59378702550258,1.19776804714207
1.78067817850117,1.21711727415197
1.63923698281024,1.14845990996028
1.65733464121103,1.11966777570059
1.6921831790424,1.11949251475077
1.9110663786341,1.38685285511663
1.50793584162071,1.16070392537776
1.74138381731063,1.14147093431434
1.71243859425665,1.14356121259477
1.73862957126138,1.16626615865642
1.88631331265838,1.15351797050479
1.82529240239621,1.07159161664239
1.9959454050398,1.22110076980796
1.88972193249357,1.25890603481633
1.47207798179975,1.09727121193309
1.7983204379303,1.12988100882701
2.01071025400613,1.25948876790079
1.80686284768166,1.19884865542651
1.75262478549478,1.30182385944313
1.90105800437315,1.27020679844018
1.85996189204757,1.20243616546834
1.87483608158878,1.19811303211707
1.69026074945965,1.14128383506513
1.87367469214261,1.22538630991337
1.60874184775822,1.07521765088209
1.93548760962236,1.29230575257593
1.62398431103963,1.2333864290433
1.59901753384703,1.1190584979117
1.65592344222528,1.05235190361962
1.62978863442272,1.07094205734021
1.79831710694335,1.18259221000692
1.95190112471906,1.30534796141714
1.73970989901952,1.19513697384284
1.67417577221938,1.3150173592089
1.63336503074722,1.0845130881467
1.81034300320433,1.16894633163507
1.62803284661816,1.17131486264439
1.59406648281032,1.01979240819442
1.74231753538567,1.15594825355652
1.88669860322619,1.3003168422196
2.0629009392343,1.4883624367029
1.90005390738715,1.3582875578078
1.76320782336966,1.17207299168092
1.89023321167799,1.2432566097456
1.6710590962535,1.14469208243731
1.64139909851954,1.00108411895319
1.87350353185444,1.2668195478403
1.65780467655864,1.13842429689586
1.72135669112434,1.24247801950209
1.76499342856216,1.14653560623767
1.87636191305244,1.25931590299864
2.00147862894934,1.22533041252886
1.69142009927989,1.14599130011681
1.43799565274431,1.08531883084619
1.5864205975436,1.23763719648624
1.53121230065658,0.980503786953503
1.8373912956165,1.21826763589784
1.58310622824967,1.0553833876923
2.09269967902954,1.48812419212701
1.92370307812366,1.26482574025612
1.65542937400863,1.14835582009904
1.69004086924085,1.39291418504666
1.74405795430462,1.21834331856399
1.67791694822935,0.966530467019053
1.60190233944926,1.08714824333637
1.82250999881906,1.13235649279328
1.69687323017523,1.15016114698034
1.89597594762293,1.25489721636123
1.72390935360913,1.22287487970566
2.05974591886841,1.40204037509175
1.90664289546677,1.2951451386051
1.79703875969509,1.36181944263816
1.44798441618043,1.07668161798025
1.77837715357811,1.08211012186829
1.91364025624848,1.43352716521053
1.81216719614204,1.23507442379581
1.92562896417714,1.34476154128953
1.81152189242145,1.25197590641047
2.00896323125164,1.25635790633431
1.6718511279936,1.15695823026909
1.76662381028465,1.16403943537767
1.95293593963071,1.44144375192944
1.8808233299845,1.13382373180519
1.78546785790637,1.2308059023114
1.78383099968177,1.17211429833955
1.59456115976079,1.23606849775766
1.56926723546934,1.17574008006252
1.8733239811657,1.25512436643756
1.90089509621385,1.26883131758694
1.87882257715172,1.29371458166047
1.96999379282881,1.34822687685944
1.82595303704484,1.24931810775316
1.977766875472,1.42174076946463
1.89479928150649,1.24776166469975
1.91965249377262,1.20888049887021
1.84391913528462,1.23681589089166
1.68308392346448,1.11807931098222
1.87739848589021,1.01906095200335
1.88833923908417,1.32981619830107
1.8808185221437,1.24506629864511
1.78117594444446,1.19781476747772
1.81385356154022,1.19276945802181
1.76031120551172,1.23156088668056
1.75016819860678,1.17072864969514
1.87251906120522,1.33244128148495
1.80415243129768,1.24265560273763
1.72819449169832,1.19231199154928
1.1129555832481,0.867563865028764
1.93546369158186,1.34439552891202
1.79940550397975,1.17491629172561
1.76771408315921,1.1599072110818
1.91509477305947,1.21570242172158
1.79343149097211,1.14533995037426
1.64440790605583,1.04443285882574
1.90736762893781,1.3260490337817
1.51328239837799,1.14610812417073
1.48995282203978,1.2116282162346
1.69735842680075,1.13153403997768
1.78667626380834,1.20334289889169
1.82118378150326,1.20997797428601
1.62841069260336,1.11029645987302
2.05400674580142,1.43938770596483
1.63944020421273,1.03638117908332
1.88519318488568,1.27164765784133
1.34919603645208,1.00311140382131
1.7886580653103,1.24692534016914
1.69654775144356,1.10565546071489
1.68730599966505,1.20211183790709
1.68169262735636,1.12839453291602
1.79111239682151,1.2073527777886
1.60944627046487,1.16414879701883
1.70384048805079,1.20102918397751
2.00057039189187,1.29453603169476
1.33231972570169,1.07649768477325
1.77651583227242,1.16449030984888
1.80812764168288,1.19679513568141
1.77856723536986,1.17961257861199
1.95685612659306,1.31247369738548
1.51040671321655,1.0148803619493
1.72266603900172,1.16167204195987
2.02689717400829,1.21529732595174
1.64453865484094,1.17908302072152
1.58819075372211,1.32200583767381
1.6424670027049,1.15070325066494
1.47525448215392,1.06828727808748
1.27227102573644,1.02444572942658
1.71254220964787,1.16492934493494
1.76033517812418,1.17982067711983
1.79347679647036,1.2583845949229
1.78399639260883,1.19670401870776
1.70439378659856,1.07026905661869
1.80708036813293,1.23413132542066
1.76076341802462,1.176695393289
2.16561966276283,1.43504786272883
1.66685085956725,1.1862198178349
1.60519994208786,1.19015086174677
1.81387214814948,1.25741602053361
1.90482521693631,1.19896086283509
2.07960142958592,1.45021298745713
1.65721845375306,1.04302706900765
1.81060115535359,1.14698762541947
1.76749968729514,1.12308664068025
1.77754145059896,1.3775281797287
1.50728681638105,0.933046365444798
1.98560783718357,1.46888662961762
1.94243380879869,1.28393594769329
1.76649045503429,1.24679262902987
1.54140049670328,1.07530089542542
1.74592023852335,1.17213925432832
1.52522971734468,1.0696729455264
1.77771862197256,1.20545960858646
1.63120257866385,1.1648950003268
1.8453567912986,1.2027513177301
1.7694799583521,1.15110025153745
1.76786335338725,1.23054282899415
1.70570548705174,1.05742245771927
1.77028328439993,1.1777010357591
1.84632083378965,1.09042793623828
1.98481137443154,1.17182171212103
1.74921983847594,1.1981691716825
1.84362113224608,1.24268766902773
1.67673562849628,1.25426967857431
1.60224336198076,1.07562776541674
1.76874598846169,1.23199105597471
1.8100542075781,1.22735232250988
1.87990437423847,1.1420955542378
1.71584717403232,1.12345951321653
1.70185625413895,1.35134165798724
1.74074920630936,1.1262883964997
1.78564242941329,1.30624273313988
1.71776596784883,1.01430202767191
1.7749149041902,1.23705706120397
1.5352225663079,1.129437428415
1.94161782473383,1.47107469240823
1.79185064748324,1.14477362428477
1.89842306787608,1.17993180920336
1.8860587373873,1.29583730474275
1.85666062129739,1.16153335546661
1.40261024483252,1.09235079585782
1.39775207083068,0.991377938435197
1.81626648107173,1.2056716024625
1.79335267845759,1.20837066220661
1.75971412657389,1.15726993513808
1.76419090113832,1.19208023845434
1.63684419820979,1.03282032189781
1.67686506704338,1.25839121902796
1.67149389570104,1.11199994412476
1.73151850666646,1.12252653467838
1.50395591856897,1.0616751198437
1.77459598099127,1.12585905137682
1.69258382035643,1.03713417673591
1.7413792059233,1.12554607065184
1.75916523368299,1.03151493871587
1.81582930586643,1.20817811780995
1.84637736027727,1.48939018900228
1.67680144730303,1.06400773371673
1.54363102440752,1.14332395331809
1.79098502615157,1.15758196242592
1.81147107343802,1.23212193958609
1.91724238458741,1.2187854969083
1.71343093170438,1.15830426732118
1.97235660180087,1.23148842000544
2.04484951981269,1.42277350912811
1.83991177605304,1.21892302660605
1.69142118200593,1.14745751723523
1.60752488701543,1.2004557239572
1.87785032465463,1.27511543099822
1.71720824757239,1.18290793256732
1.76875220562315,1.18454225313534
1.5152818010248,1.16762944165327
1.86312713172509,1.27947809899519
1.79637426171326,1.2055639812781
1.69107753915636,1.05905281864048
1.69987554797943,1.16764203950526
1.63210914927065,1.10736257373328
1.82821875661962,1.17413895990739
1.77797403144133,1.23524778892422
1.63663732250631,1.15051394974473
1.8228186673566,1.28475380871205
1.59765960049868,1.15971475984085
1.71370146468509,1.18943212577584
1.85966648688897,1.36743792699641
1.52325215279042,1.08539553711987
1.85437282169617,1.20706066871668
2.00203847687923,1.31306485032179
1.80344468352117,1.13452621906175
1.75078500475029,1.20613272988692
1.73381388740506,1.12412781049344
2.00766176119904,1.53901698546705
1.85890561960527,1.28435942292145
1.81763239586416,1.1989480695689
1.71856451974789,1.24318270926758
1.98246972052509,1.2984547619404
1.8207575341638,1.23890893180555
1.83793966361533,1.39510453671926
1.81784400491395,1.27852245686886
1.48422201757661,1.06811321305337
1.99492392514972,1.28158273488504
1.57738624803127,1.18164132438138
1.98433071451518,1.34018215234007
1.54072226395665,1.00067487740492
1.68392548579806,1.12135732465993
2.11650495786032,1.31394175818836
1.50740933705621,1.18998547990026
1.94653713009607,1.31559716114448
1.85889672224857,1.28842701540384
1.86316778673137,1.21869267938791
2.02177787398652,1.23484401776086
1.69988575227336,1.15427518236476
1.28169550445538,0.89925754455422
1.57737317107933,1.01062216589981
1.67250497481516,1.16002447678576
1.74088412526976,1.14254140722396
1.54482954631519,1.18657873301977
1.72203394069522,1.23979037401346
1.8590326859677,1.20799906343321
1.7055456762634,1.17831693768493
1.71152476027592,1.12269625440836
1.89207482357685,1.30593112026416
1.50568480887555,1.20192942031636
1.91501740030763,1.31213183344859
1.58283635763692,1.1481378671094
1.90376494618233,1.38129120159489
1.58352734723534,1.23600248101286
1.69500558609459,1.17376420430373
1.94369581523625,1.26727253691536
2.08505688289932,1.29603958755352
1.61289276923235,1.17805945525343
1.95524935279886,1.28165061414789
1.59505900423305,1.17326154305631
1.78560226127637,1.13814272270871
1.69029702190749,1.20323127752379
2.01221434316616,1.19551881935926
1.6294496603957,1.14050289868039
1.85938358230882,1.2908681068852
1.90237087083932,1.22667482482707
1.58023166196138,1.08176464443153
1.64720037743477,1.09719379621883
2.04375912895837,1.41072211027445
1.65231214617496,1.05784367692454
1.90422014762939,1.26793268197212
1.80904708006834,1.2226877545851
1.70931117409449,1.10558593603346
1.83979945687625,1.27454823769413
1.82860802040915,1.241351393006
1.52470929491994,0.953834481374709
1.69826273041059,1.2191431289962
1.77005249288529,1.16656982887783
1.85183159280085,1.0192676639511
1.80972265774604,1.21039575010193
1.87807011720544,1.33522103090747
1.96823714286346,1.1560369690435
1.75107392871715,1.37340046298815
2.03461017851502,1.50531843150626
1.43522137079649,0.778644872633164
1.48589539379345,1.1642064584734
1.71393803881596,1.00225812909797
1.66761864715601,1.21942388495589
1.64515629615433,1.12329767840462
1.74442952843022,1.13694819031062
1.78823503692423,1.1378083283316
1.76189541275513,1.25100123849479
1.62191973357175,1.10515345801212
1.79103269969478,1.22637096083572
1.71059420614671,1.17658076946523
1.6135469891033,1.03999264874658
1.85088160374125,1.16759763908163
1.78422926097508,1.25839854730709
1.81662264594648,1.24305414183456
1.40596776270032,1.12791067053429
1.77508837254874,1.18027909381716
1.76658483557716,1.22215222763781
1.94782289226815,1.19868924746225
1.71583211033683,1.1473263297531
1.42757687341076,1.06810652154683
1.9593430655142,1.46065991107127
1.90700235070124,1.22604284603728
2.00777946108785,1.34104491116738
1.81595778739947,1.16573480216322
1.64078250385995,1.19121883408283
1.97108678332707,1.43226373445037
1.50353260557837,0.978965097621261
1.78844836030719,1.18197742551825
1.66187583407763,1.19050241426237
1.52081790739314,1.10735644909937
1.87872114660647,1.40707712239482
1.61978621676774,1.21203048931383
1.49292419076033,1.1705842761711
1.93736504209754,1.14907507111864
1.67397696643325,1.0845268584055
1.85666265651704,1.24075188692561
2.00135447968143,1.3300635616678
1.88819743442073,1.28103750219016
2.00662075432961,1.36877233866708
1.93116104482444,1.40014863408834
1.68172003271735,1.26139781948207
1.76197742539723,1.17754875738575
1.75448709034986,1.25838361235802
1.52479844737151,1.04142940584955
1.55242475650791,1.00713683207905
1.36444895036126,1.01641303815239
1.81694763904256,1.22303215197082
1.60441321773674,1.16723138530474
1.51921257576273,1.15788384458815
1.70943256825579,1.13696083099247
1.65377954860016,1.16376686536097
1.71335632539947,1.1148230929183
1.50945590126114,1.17373422382808
1.56343001030014,1.03611305063935
1.95186580362649,1.18955213722088
1.73155962715638,1.13931498259269
1.94326235687659,1.39740810085652
1.80191099611479,1.18388403542116
1.87443032047158,1.20559163148442
1.82142688304009,1.28595584651751
1.81842735097077,1.21378874685302
1.76096342524724,1.18012993394379
1.77155415997868,1.15743428006096
1.53464018203114,1.13184822234317
1.55470622985645,1.20232123378369
1.73381749074514,1.06045444880312
1.80550887410189,1.23831272476112
1.71372542396117,1.131989232971
1.85488877334151,1.18682036816266
2.08024873324329,1.55655776616311
1.60432232579765,1.24776397294343
2.01083845435055,1.25576464648242
1.95507777509689,1.29782331110259
1.91345043836522,1.32364082489985
1.81435146207505,1.17045706376164
1.66351828790532,1.03310469167875
1.60831018581179,1.01215139623374
1.49338084661245,1.07662376767418
1.64536251155222,1.39634593974905
1.55029350286409,1.17536797146326
1.83803971408493,1.2191466084611
1.96298885259084,1.3617370111745
1.7567854674466,1.22416218787689
1.8651919548519,1.34383835324633
1.85626934394635,1.25712453133783
1.77948525503297,1.17417211319255
1.64184558517471,1.0771479188382
1.7099856598985,1.1544133208095
2.04763686675823,1.2915790663168
2.0044214080557,1.3778990563035
1.60689744453593,1.17172811389567
1.27960324249616,0.901495478453479
1.91061794753581,1.32200361556394
1.78199336508953,1.14561983572799
1.91283007188123,1.18419225082482
1.76992061567486,1.14436236972442
1.81469711755039,1.22402571626061
1.45268443068531,1.12919435010488
1.87726982077312,1.2023796153232
1.75548518953532,0.966476785444674
1.7124595601811,1.33682211287106
1.60287369014529,1.12465135466825
1.61425965245889,1.21380488127431
1.88795064032463,1.39179675233192
1.82188746811956,1.21380290150315
1.81391074449104,1.21733209179396
1.75724986773132,1.106373743269
1.56287922241614,0.918012225682507
1.47113645761637,1.17109976229525
1.84244681886562,1.26763992716539
1.84029467754356,1.33293912836026
1.93665466192746,1.27880778608439
2.0211678590292,1.2486100974135
1.6782224695459,1.13236194486723
1.97736516810721,1.37493066140129
1.77550789411066,1.15575075197374
1.78122862844266,1.11153261186596
1.53801488186765,1.03124127771043
1.64719300559732,1.0829743926788
1.75233359113513,1.13968385873278
1.56691910422084,1.18138400542821
1.61020218893068,1.03973452901853
1.74102079526182,1.11720745716627
1.48264407758316,1.16083647020362
1.76669610618467,1.31803293580904
1.72180648159598,1.19618752354861
1.90314520916055,1.39249058532312
1.62382518286079,1.12913243634043
2.14329608473511,1.39198162769203
1.83597627335374,1.23102207998822
2.03028688862592,1.45298322820371
1.7742557603893,1.21030546334286
1.72694974795186,1.24397942027999
1.59017578447375,1.08733200505542
1.89701853538368,1.30893333280619
1.68701308195198,1.13583985305418
1.80100201858738,1.16134912347598
1.69894572584736,1.18115379412596
1.89709627071708,1.27293237315533
1.48125709868713,0.959331138933372
2.05638738473186,1.27688848934658
1.67154140675941,1.06491219942027
1.70457858323629,1.17745859518313
1.87789679265396,1.29451054951849
1.71847262169037,1.22656494109969
1.67514887974136,1.14365368723256
1.62463303943989,1.16927520992373
1.99050702317357,1.46205464860736
1.85380066384265,1.16909242065119
1.72347495802244,0.978939498130986
1.6835667979676,1.01573607667123
1.72648970010133,1.19899661113798
1.82306056851315,0.960574095139157
1.37528885574803,0.970065326912783
1.61426316523352,1.1951045799349
1.90790779478887,1.24349588654106
1.99485719261212,1.33348251688282
1.86691434400915,1.05788662931573
1.82954044288877,1.2835876206467
1.30858831473916,1.04764921875598
1.8175879078776,1.14499214510438
1.73626120113232,1.10170895089833
1.73967027830613,1.06118978943606
1.82811785055923,1.30440198701764
1.7554130251032,1.17058010556025
1.94849734902261,1.40300422534367
1.79593153507463,1.25696469298632
1.90676989970365,1.20233939420627
1.76603956907109,1.24328379453677
1.75016977933388,1.20789232962949
1.6679751579662,1.10607174349386
1.78703966836901,1.17671996787174
1.80490955795077,1.1791261491656
1.91350265322797,1.21459987288939
1.5905077432695,1.07178045418705
1.83752734684962,1.18972023616961
1.66397729067449,1.12641074958247
1.89889846384,1.29657316993998
1.65417085173777,1.23869456199769
1.58356573913098,1.1439156563552
1.86748511824067,1.40141988306245
1.92643574676877,1.40206081685874
1.31760441922297,0.935524111517995
1.49027526974969,1.16022872437847
1.69192124253401,0.961100299575178
1.73668050444732,1.18790499154756
1.73114246492685,1.36514579563313
1.74587833301984,1.06617647568088
1.82025715913737,1.17057370979291
1.4418559899003,1.11918175220472
1.75915252696313,1.15301385352586
1.87949393638866,1.2763406751722
1.75586877532549,1.13481950237956
1.80754152885206,1.08290900782708
1.61067892900301,1.06816369025446
1.78070832738953,1.1846509368419
1.44960611194551,1.13275193341754
1.84088616736171,1.1747319109746
1.67468215875259,0.992725920852499
1.61864678997072,0.917162321859063
1.48017367319661,0.94428708689053
1.76960123589392,1.21015936462559
1.70141214636003,1.06918767787613
1.48393431073126,1.15865754962341
1.66654826719138,1.04772950758272
1.93770318550575,1.26897436828705
1.68921611210389,1.18423709341372
1.72342712528688,1.18508307919212
1.61596215582847,1.1616687721891
1.67399820951391,1.15934952080168
1.69286823181459,1.12005602481668
1.85752179313499,1.09606943403859
1.8772848145698,1.20064440074914
1.86506283006771,1.2388165506478
1.68154656397642,1.15992080190462
1.80372152081677,1.16989058747952
1.81272368643224,1.392670671075
1.573668193847,1.23990571843199
1.79670150688325,1.29556614061657
1.87239887972989,1.19162716526144
1.54522443674071,1.00740504483308
1.63181063879189,1.18040181495127
1.77846745121395,1.17877100771999
1.34487610829224,0.965999259198317
1.79904680221848,1.14915155050857
1.82237385938326,1.23310702090272
1.78403905399755,1.16692651592439
1.87975665494753,1.13958465757317
1.72539542515366,1.22904622219959
1.50892444759871,1.18953121066344
1.71194177279656,1.16800270744138
1.6450550522997,1.15676885604745
1.65682734263426,1.13724264608913
1.47869239797647,1.04349087484709
1.7888077411286,1.21390631131428
1.73499914433511,1.37155207804688
1.58163985254118,1.16927131026761
1.59767972699413,1.12782508848428
1.67780490414204,1.14916711780719
1.79052366537419,1.16394016684814
1.89925654704,1.07134974657841
2.01579677309027,1.4324444166128
1.85677373751556,1.07898178486142
1.7200566087601,1.12997629727019
1.49588655759116,0.982094172868163
1.62909999198153,1.12348153833889
2.01638247226985,1.13185101928568
1.79732433624052,1.20033845902263
1.89403964416423,1.17585956519155
1.99028815840756,1.20671886859597
1.7472163015449,1.19681197238663
1.53462219661507,1.08664790263402
1.37972572376067,1.07899892700015
1.74183392695367,1.12503687136724
1.69506423339712,1.12143730057661
1.67495095414514,1.07317649689268
1.83639935984368,1.11063861241163
2.09047016182677,1.56084005546562
1.55658300577342,1.17881038273173
1.54000432437164,1.16647820662591
1.92149114064819,1.25203457343918
1.84763352736468,1.2469540322652
1.78219015924788,1.1887055085918
1.866144360243,1.22781159132672
2.04242031348461,1.32001358483142
1.59842768555016,1.1144735347187
1.76245493939895,1.21967736380867
1.69761926613977,1.14678977074127
1.87963809198936,1.24294914715188
1.83140429223176,1.17040805916636
1.7002059225315,1.11318087258628
1.48996849047395,1.01321908521731
1.7713122735519,1.18092785851714
1.73529935365316,1.21279419741835
1.53795986767425,1.02414773958445
1.69997467623059,1.14855316488987
1.89310686687427,1.31424774611356
1.73638384916229,1.26612728516501
1.69840755913238,1.04060068345489
1.556482777831,1.25193829643285
1.66203529369275,1.15433386090422
1.95445826750414,1.36107540875937
1.93299238675026,1.27850142979251
1.9852034756919,1.26221188322091
1.84712348131245,1.17571975417208
1.82080496986446,1.05819242305904
1.71856973045225,1.19772650732141
1.41905689438884,1.16434916489893
2.03406943234374,1.14119345203661
1.79358961894221,1.14958314322999
1.99887538119026,1.27950858408435
1.37912135303368,1.09183310702581
1.523666140599,1.17145276391399
1.81999804817292,1.15699861325663
1.6296398862154,1.1531445337623
1.59096520831235,1.24087542333639
1.73466155166415,1.08358499704211
1.5549720367404,1.1576050919056
1.67863824158041,1.0876754063072
1.53116703571333,1.17993997054061
1.75618130114275,1.14720250375255
2.08543692801961,1.32145504111035
1.86997303115577,1.30495886878297
1.78644504252637,1.20694192082167
1.73045917989363,1.03752820804334
1.80270709932472,1.21012125934903
1.62723160342296,1.11867353550752
1.7892033951561,1.06971379107554
1.82601036244954,1.18775749866116
1.71676860194325,1.39426536476165
1.70933183437887,1.1318011650756
1.5502867792548,1.17101215500188
1.75853634484624,1.20345811179674
1.34835380388205,1.07501872252253
1.4337767916721,1.06438088865375
1.43403974976087,1.15527799193755
1.74869167186327,1.1272476143735
1.784725797159,1.21761044848664
1.70210517196692,1.22446752853385
1.65224862791255,1.1532611446386
1.58848782612471,1.25056006784432
1.83866130831385,1.22707167789769
1.98341010606122,1.26415813383368
1.47861184234405,0.987073609351111
1.77784101074657,1.12809897848454
1.73051184567466,1.12525957262659
1.81404334629853,1.21260661629058
1.82312171650892,1.2325043402931
1.60216180883196,1.08358269372491
1.86927460357142,1.22161663883226
1.94347547363465,1.15368530492699
1.85650798051448,1.06879060969186
1.96893151816363,1.32910430424244
1.72500327720429,0.940695214958024
1.84840569430956,1.29596924548178
1.71066036331409,1.16492843141775
1.48872875158243,0.894737316550844
1.91260436620065,1.26275823876814
1.41459743424365,1.13271372954973
1.74777639952549,1.17715801040138
1.93487172979761,1.21398440665282
1.51403703572422,1.07948278857149
1.85638966982589,1.37759717987634
1.82890841700294,1.2698662121598
1.65892372520125,1.0753727018499
1.7442513992491,1.21088425054801
1.65023643508605,1.13281343689923
1.75105713469635,1.12641938794951
1.65490382033253,1.07351524327035
1.92900688057749,1.13513255989577
1.79658364810697,1.2008359450235
1.73841555678386,1.12684622981349
1.70249498329587,1.09661513525627
1.63138732890211,1.11916977984586
1.34439042524062,0.918203280932558
1.82893071958352,1.29625091539924
1.73763005333344,1.09247993838202
1.95349384090806,1.16931232738346
2.09580038397743,1.39422431336197
1.63922159434177,1.14927390841309
1.86253609629071,1.36274933107689
1.87925379391519,1.25298456273607
1.78647633220194,1.17198308059719
1.69990778792815,1.15459920440664
2.04892172213878,1.4174368749118
1.96485309056005,1.21102294678252
1.81130258825424,1.21309150138454
1.93885860559705,1.2266227610876
1.74090983601972,1.20818518308246
1.7402553537543,1.16243148977806
1.7001139570187,1.15475008298081
1.78423866881996,1.18324865697874
1.86824055533695,1.28486915987892
1.85330592381133,1.26714239810091
1.5382718625886,1.07564332237074
1.95050403612733,1.33937000649092
1.65526522668891,1.15433225006282
1.81946069094227,1.17533547669335
1.49547269635565,1.153724316978
1.79726629370287,1.1669007331002
1.92881006179503,1.12476990905331
1.67230610511721,1.03402985513222
1.86435052813053,1.15689365386786
1.76583768036516,1.17480529841646
1.89541436283394,1.23373112435026
1.40368371701638,0.807690509820704
1.77955893639578,1.06704729838687
1.87769669456294,1.25362607746068
2.14706255091144,1.34241004490026
1.60966091665277,1.22497752358873
1.86499985261818,1.18240537157897
1.41957799074451,1.13642760745886
1.7908547504598,1.18014161174233
1.78676795006632,1.25867550318675
1.76451071815143,1.03410905022483
1.67397056532645,1.06295407166808
1.69042686101958,1.11049383061997
1.78463370504022,1.17789634406071
1.56126133339845,1.19940609166854
1.66654702333681,1.06058405607107
1.9101577010241,1.31360457598809
1.80785120955221,1.36073593334221
1.51208588642206,0.980136939234606
1.67765995442459,1.1165699791245
1.73565289386191,1.17437365389107
1.87345398542366,1.258284622484
1.80847689754077,1.24766344954864
1.76385383766265,1.26298171546017
1.72290944317552,1.04571900394533
1.79779195399031,1.16125335228538
1.91992082202419,1.27533592236921
1.79787660608809,1.23219213691042
1.71436899711612,1.09561977963556
1.97255305919708,1.24438629824713
1.58642405187678,0.953473767377811
1.75152199625854,1.1348555670428
1.74130702924947,1.164981814949
1.36430180385347,0.985183228280922
1.7826763621298,1.17291315983122
1.77842260417686,1.16079283479816
1.75321812729684,1.16563143873213
1.46906282336445,1.00618963053868
2.10916189200882,1.50649580121159
1.91155977148042,1.39511041192082
1.74390425107716,1.20504187664463
1.77601498707024,1.17808127752653
1.74830304797127,1.22066025043277
1.75364352355634,1.07641944972572
1.93205424379913,1.39392882805475
1.70445889234739,1.18394097133673
1.95550593692501,1.40292446560223
1.7550767816481,1.16525740927408
1.96702077696306,1.4450499882738
1.79639105599494,1.48630251366851
1.94187298175957,1.2976216814635
1.75456843831203,1.12742296087225
1.88171135702466,1.2149734644788
1.87171369022138,1.26350186720579
1.85141918788338,1.20399847656078
2.01922812846479,1.47064480942198
1.67766828193194,1.10736004616465
1.87999045800266,1.28673810162709
1.69036150733597,1.16019557460582
1.69349181003464,1.16601432020761
1.80485704264914,1.20885224771021
2.19745015270939,1.16193280704161
1.94414051500043,1.46491553780615
1.40747382000583,1.04860128159382
1.73738140438221,1.35363003550897
1.69762202860931,1.17387721092484
1.47232539505465,1.13669063716654
1.92899154017335,1.15015744170552
1.67029592910038,1.13324177801257
1.85510718930727,1.18386004708462
1.84026827986729,1.19686648735603
1.33818242794287,1.08876428260699
1.67045970700066,1.21686412541769
1.81739789584241,1.18112990831511
1.64565534120678,1.28117422719593
1.69248661640327,1.08591333810474
1.78889500135153,1.20263423587338
1.58168529086745,0.968269089829262
1.8806254082617,1.28356419150645
1.44521250346499,1.16111992733164
1.42847142158009,1.00200411640643
1.48103153333505,0.843666013963354
1.57302977863354,1.19015983104205
1.48282592045015,1.12081045544664
2.00549893922501,1.39456977147743
1.67103846692072,1.11701295324808
1.69494363642285,1.15994125494895
1.42251729601027,1.14092447282225
1.79945265862477,1.17670307765022
1.37187812098662,1.11514693831772
1.91263113295913,1.39141688928382
1.58925669050505,1.14974351964704
1.65256830637394,1.10648253019609
1.71831176953727,1.13452212047089
1.63030444023779,1.26079592656568
1.70122828694382,1.11281367939162
1.55624173596335,0.986953852206098
1.76255174151414,1.19638549119403
1.58939308666903,1.15472833447718
1.54084076386952,1.24716817858915
1.84754075293243,1.17451971138028
1.35512360358315,1.0817293773851
1.75779700124812,1.17162431212701
1.66064500308279,1.12402239323118
1.7370881462067,1.15921192473027
1.4282188590638,0.937498112628648
1.79042021505169,1.09027628563076
1.91044072863918,1.15234928016195
1.77006703617829,1.11824557630202
1.57293292392866,0.982836378137775
1.78268717359226,1.16775935639883
1.97781907368168,1.13962048506027
1.99532318879034,1.40574734978456
1.84757193814697,1.23744775770471
1.63191966009855,1.08840802377587
1.69829249595957,1.07970762036015
1.8684274735135,1.31764837542529
1.83889587870312,1.0702191615356
1.80675132956222,1.18374308520042
1.75533099484699,1.23124613331643
1.77338988812828,1.18273346034019
1.70561192838663,1.18049555979931
1.74436025820024,1.12452017335255
1.84153627424823,1.19799581227738
1.88337849415756,1.40290544576862
1.8264287506507,1.24712137940009
1.50293120803943,0.926309262883211
1.7056552838187,1.09932872959801
1.64602601641354,1.16979565806955
1.72341165223597,1.22251818806929
1.66151142731208,1.09921005140035
1.6972887093963,1.03365596098627
1.68579782591757,1.16826721352845
1.95849315212058,1.20767407923736
1.57989621864821,1.10639208265806
1.84023234251564,1.19756915138234
1.90018728676309,1.2740389062596
1.74813704873552,1.11992878181134
2.07310059069518,1.30447073268075
1.48589152344565,1.0787796216372
1.72749380391643,1.12217261549417
1.78975045340311,1.22496359966407
1.6442793446442,1.06959661803882
1.54815885781107,1.1828347482674
1.73421108826952,1.17649266336218
1.79824478986077,1.1328941552003
1.84176348865868,1.265160144782
1.85770160741729,1.24075128220327
1.93362059214682,1.30155531492436
1.72065845588449,1.07293341834784
1.67410251668231,1.07079179996523
1.69445655978255,1.148317479694
1.47277261500941,1.15576838744639
1.8023792264911,1.20184668514196
1.63220822374209,1.0671735468653
1.99751742771582,1.34017156097431
1.85677959540466,1.30121714461381
1.90166791764146,1.23955725701624
1.52209618991159,1.05593041132831
1.69942439862435,1.17121431951893
1.4515105169244,1.04599955289089
1.50677162009345,1.12106518126376
1.78691841517669,1.17170306273995
1.61011659421309,1.14833593854722
2.00921201934893,1.1097696574186
1.89116791906949,1.34863332627249
1.65691958852934,1.16061749653128
1.86908360416296,1.18261090748682
1.90236057521051,1.27192234836945
1.43080572675246,1.02625459350663
1.77383123592577,1.1545303406964
1.72064064479173,1.14954488538334
1.93655119080541,1.26699878867266
1.82433574934587,1.19212444390911
1.73014538540455,1.18056687216884
1.66720132956434,1.19231004983444
1.72414642545924,1.10986833222698
1.62934203841693,1.11853212555674
1.95746529721755,1.22595640464791
1.8881462947774,1.29900880635778
1.65293516381646,1.2110471367517
1.89023445619567,1.28368985341042
1.61164803399678,1.1938158397398
1.76398236588598,1.24274508764876
1.84083623655633,1.2810088783777
1.74942167322484,1.17435889636232
1.68959873050619,1.19697622548359
1.56217126479698,1.03129498431593
1.54444753740233,1.0270924995652
1.80370539118439,1.26721459368573
1.7785076484838,1.12322870053214
1.62048757544547,1.21739549644457
1.86472048779442,1.28299022269009
1.73211379582444,1.16165522802113
1.75579509680312,1.1713595336601
1.63336247458002,1.15763199533175
1.41077874572686,0.996737902864075
1.7126897428665,1.20989460757197
1.70947722776098,1.22905796249546
1.81779612373972,1.24981373828458
1.87025512151314,1.15142717897852
1.66417443766252,1.02084727238698
1.68322388983602,1.05333477042179
1.70451038019339,1.24597264840525
1.62915052913326,1.061491954976
1.75737466328295,1.21303214635206
1.52358061722494,1.10286629158992
2.03983835270372,1.31243370532426
1.93977701363808,1.26164853673027
1.960381592023,1.18890548456636
1.82613326898348,1.2490601932414
1.96048732509198,1.16296375709237
1.60349918726506,1.0797897799364
1.91555863318469,1.17624505727355
1.40012489778712,1.08362622821626
1.8842363642018,1.34060734773441
1.77893211821661,1.16544982604879
2.02038073599009,1.27236619805198
1.50815556357264,1.12014382822139
1.5826774929686,1.20832091552344
1.65212299794977,1.04565632121416
1.58632813133681,0.987835700753618
1.92198306988527,1.27276106175083
1.54494727279141,1.16251620403838
1.69460345306257,1.17060493616064
2.14403746913889,1.40680480896958
1.58322191235833,1.10042278575189
1.73336763776037,1.16824858025953
1.40222048785265,1.12655344392638
1.67889784469756,1.17821139274886
1.61423369108606,1.09350952219623
1.78883200724878,1.24490937532549
1.97330225175269,1.18954245254952
1.61728758641096,1.20795276814465
1.48922662600186,0.951958457525432
1.67616200933318,1.18928344895579
1.33336723688131,1.04490323417384
1.69866448840071,1.1450831750102
2.0486663893173,1.13732257449116
1.69437589362997,1.10426370311893
1.85153657426978,1.19086983457539
1.69082721595984,1.14845542769133
1.85931218448936,1.19945929981059
1.55635011687812,1.0168852447478
1.54512130643089,1.1621822829433
1.33262973054604,0.918435264386845
1.75550519486775,1.16262801261922
1.68536898687908,1.07549370192888
1.76357457413237,1.25613721956186
1.89388604951163,1.19048513764204
1.28079888616977,0.970507770113074
1.39218417459981,1.07182488543057
1.96868060906943,1.17662758679787
1.58513568431597,1.21186885883391
1.9124730278508,1.30432276703956
1.7424772116441,1.23909369376326
1.64810995590993,1.22645165480811
1.71531282034292,1.15612398248995
1.93746170095546,1.22189225978833
1.85143267246212,1.13271106286815
1.62922349000277,1.21835768883957
1.76313726594607,1.19760399710377
1.4495740919988,1.15493565951054
1.74886962134833,1.20793134301215
1.92863931166323,1.33612679993847
1.43748303760834,1.15621182435752
1.86117867223197,1.03670524311529
1.68713258493347,1.15405459569833
1.65524339588343,1.22499241839621
1.75896929352395,1.1896634142653
1.69031190431115,1.12635110603527
1.83230331829569,1.18813469115957
1.76208512505903,1.0376558476396
1.720353328325,1.17993244329977
1.68200308253915,1.12741138796861
1.54848235779898,0.99413084991476
1.81619358453287,1.21690675181438
1.72959519769874,1.22503652721518
1.81241790983665,1.16585904333936
1.75332004806947,1.12923077593666
1.77390583050248,1.10602377646639
1.60770730042005,1.11694068658037
1.80185388841234,1.23795771731174
1.94554033823543,1.35264880495801
1.77241269627546,1.19384484117056
1.75709886563764,1.20415097963097
1.42861827035362,1.08808004302378
1.87710741461902,1.18943295676204
1.95099142706238,1.36738592253711
1.41584803840031,1.06226431603868
1.91544468743705,1.27382486236824
1.77575083533073,1.19371625825875
1.71819444731632,1.14363167918899
1.72378386092473,1.15747203531203
1.72128560524049,1.28327293142219
1.53610460255101,1.07591085747186
1.50497033256049,1.1196944035091
1.64581782305335,1.02448674143131
2.05226951930279,1.26070283595113
1.74282892984926,1.31804235437391
2.03023181587116,1.4754916667107
1.87234623524199,1.08370411762181
1.5925366804775,1.02095155658877
1.69305128175791,1.16876221304494
1.35802140730756,0.968696575663148
1.68683945564766,1.28203102820522
1.63117083924096,1.09012499410554
1.74518043898935,1.17004609015453
1.55288003404176,1.08875830635976
1.75437979520409,1.08657077571482
1.7835893053018,1.19245538031246
1.49687447501168,1.11504769176634
1.97920625129128,1.30658809912838
1.71271724071495,1.222242293364
1.83729932429896,1.15928494348336
1.66914252446752,1.07533938352081
1.49102535779021,1.19517151170742
1.61087028953541,1.0773440496027
1.75941765689263,1.1852582026045
1.57320268695519,1.05346139213748
1.8054025647594,1.10355373643654
1.83376939195052,1.21575223243292
1.58153990392213,1.09949650918353
1.62791310667846,1.064432383078
1.79252637161247,1.2136191781535
1.93559828328225,1.2199398331104
1.50127825047062,1.0998473129908
1.89080096631506,1.43391709102946
1.97626054257025,1.38866351954112
1.81209365877317,1.19373636267756
1.55821007773779,1.1834588029261
1.56984717857034,1.23670798783465
1.51153089699283,1.10958698757822
1.57557243643689,1.18396883028819
1.79692072934375,1.08370000492124
1.68631269573616,1.10910027356503
1.8023697442081,1.05041722423777
1.63088533205887,1.0863420298567
1.60218509998971,1.03643208254864
1.78621621654507,1.20626260411576
1.66041258203026,1.11406074201337
1.79969642910495,1.20709035529254
1.88241399207196,1.18218780830902
1.95793756812968,1.12220198796037
1.71761404321997,1.22392784876689
1.83713728332608,1.26298743951605
1.62867522658741,1.19944758044524
1.70563083724837,1.2917095993758
1.30030041520793,1.04040985785685
2.06750505965987,1.17696366602063
1.72054332957386,1.14453887029701
1.59427924675235,1.17408101553434
1.91708697113439,1.40254438338175
1.78735701138932,1.2521823341226
1.88180767560326,1.39161191384696
1.70770050013381,1.15812218283576
1.73805928508806,1.25789313753635
1.96368328900085,1.32841317717457
1.4362272555686,0.897781987935329
1.81942734357733,1.25329631701134
1.79694528051834,1.20573590827296
1.76672468170013,1.19272278649157
1.63800504445902,1.21595468060871
1.90470581597382,1.18168074388714
1.74933397817396,1.12377592075323
1.92183454563085,1.29234665876803
1.76492927097604,1.16428325826902
1.79668569503327,1.17104991781796
1.76474273159872,1.1241965312491
1.47135083758113,1.03483535778725
1.7518444844423,0.940269560409398
1.65967667076547,1.13740829973059
1.83771325949898,1.28951881863976
1.41588118657646,1.13569418242829
1.7213131178182,1.20292822401517
1.84445793286012,1.42490008420185
1.90581138595227,1.19245823682636
1.60191898954713,1.00266307904177
1.77521339260031,1.18120566824663
1.8611195053614,1.372173772272
1.99230362044106,1.41918448394522
2.06029682405633,1.33056328620334
1.40230007316444,0.961151585655335
1.62763501982998,1.13159969786447
1.82126918284036,1.19016019205244
1.85922905935617,1.16587726628411
1.82946005736406,1.15161788335422
1.71157436645418,1.13417654879551
1.95711097097799,1.27177735923279
1.84409424616577,1.24673392538625
1.88893006699463,1.11208468598266
1.73923446902026,1.08390155991242
1.84361038029288,1.22578349861349
1.83185228998219,1.27662508021279
1.66463792589085,1.1410756971566
1.82325751902443,1.15978262828502
1.82718279549557,1.20887567518487
1.74426153140716,1.3065037320759
1.79713251334076,1.16471159466113
1.59213307034683,1.09950401352993
1.68547861586598,1.05759416031319
1.82744212697384,1.26173642418257
1.63373565017216,1.03709758012889
1.49282321419051,0.96428473372714
1.81007885150637,1.06811075503347
1.72828429406178,1.07309712598801
1.77335782919078,1.1277903039179
1.93583114792795,1.24972863850519
1.62174807369263,1.1191154852348
1.63946738039893,1.24535917839962
2.01935217144106,1.44837357618394
1.73254929226776,1.14815135166982
1.62885760919364,1.05384665275132
1.72770137619766,1.07784111146719
1.83125629191664,1.22840613651715
1.93042320935567,1.23403192266708
1.96586340241121,1.39651110040934
1.65621900624664,1.14732079693773
2.1058281052466,1.48916375300488
1.58355843203695,0.967563760663248
1.67001328612833,1.1636210122745
1.75298749982171,1.189164379402
1.79515720982956,1.36184412030467
1.89529193935867,1.2182901411288
1.91454503047603,1.4261662092983
1.63277286096425,1.08283907822278
1.9418669915365,1.23001926017073
1.9623060106398,1.26405761273032
1.58850640396995,1.03468302056061
1.9358088056637,1.41631330641069
1.76646947873416,1.43424652038951
1.51219376255859,1.11761752832
1.94927673634623,1.32516462980254
1.86757673992323,1.22208825223404
1.64682149879156,1.1156087662964
2.04614692510152,1.27813980602887
1.8901057406869,1.15553891991716
1.73843468214989,1.15990482462261
2.1323426394816,1.2048951612537
1.72765635405915,1.13486065963359
1.7343407735953,1.19361468552176
1.91804603670314,1.20339075929191
1.6715371506424,1.10955892536207
1.85068950387899,1.21681372450735
1.85203760766349,1.20134634889336
1.80067073299604,1.16224256863336
1.74652198318857,1.23077210541642
1.69784232956507,1.17369674632986
1.69058376622679,1.09623759953875
1.82015977516944,1.15810843080898
1.89099000758178,1.22816711456247
1.95438946966306,1.18693996457451
1.76522833803507,1.21913916081544
1.69838504709481,1.01163210857529
1.82188613483245,1.22622845405276
1.96741515297197,1.27705055652768
1.71556106213419,1.12472012097447
1.53963047054577,1.08453853956505
1.73031840543115,1.38932231787629
1.84978647826058,1.13296657329111
1.92818769585824,1.28758478442049
1.64157425269161,1.18845061895467
1.97840212323331,1.45337035407991
1.75122001546519,1.11694216094738
1.89051170306942,1.30851987872091
2.04092464431904,1.46300856592603
1.84599703676421,1.37444190662445
1.97078990733904,1.28898531508544
1.67151444990289,1.07253297731777
1.87416338998123,1.38124402052294
1.84480946610232,1.22185714338449
1.73006779054825,1.17230997968824
1.92754122958477,1.28064610406493
1.74378475126071,1.18295327455891
1.68213222799029,1.15123740025838
1.69166926787321,1.1180352894786
1.85428061532173,1.2253009601256
2.06141887572663,1.24094916380471
1.88691266190365,1.29111895531361
1.76335915925402,1.16107868719432
1.79677942625741,1.20847591149173
1.81468176621501,1.20231781639261
1.75511409251495,1.27685586846177
1.81630018865327,1.25454783731384
1.71324786800993,1.22708943527252
1.75667879026652,1.09028123375056
1.43187733385075,0.83387251513732
1.86606250404699,1.33838371588161
1.85816975251867,1.13560277957997
1.37935907501665,1.10987103189286
2.00122783917484,1.34424327838985
1.84738726377809,1.29759439004838
1.61409910539744,1.2168221544361
1.67864745914337,1.15578954642803
1.8352114810086,1.18617178522996
1.6963779471142,1.16350137164513
1.77726409170742,1.15473585458891
1.71445290497501,1.20051461052268
1.68739993784782,1.17205246462875
1.58158923067541,1.13621986266946
1.82517441798581,1.22166881917275
1.6886810685535,1.16530345438541
1.70349680448929,1.13039744123107
1.81108517587092,1.22614066148227
1.97030778559711,1.47824017959828
1.89747626830482,1.19589578015664
1.73732688503109,1.20117055684021
1.55994239375026,0.949705735779897
1.68761245495507,1.15251022089769
1.76480005891803,1.17253210515371
1.7832271256975,1.0724539532242
1.74779186062683,1.19548482362766
1.69270005249073,1.13425830839703
1.81601915620598,1.13245051816971
1.77895459081711,1.12306481107127
1.93286505973227,1.15895691735164
1.75506001713755,1.1155374453964
1.87104039821812,1.21834733282743
1.54374633215936,1.13576704079941
1.65004784960627,1.14015579186845
1.82661045721287,1.21985721670356
1.7089410229789,1.12775755120468
1.454379017925,1.06815521422249
1.83134533009221,1.08269995445605
1.71448302263099,1.19424676546786
1.91422246019521,1.26075934889181
1.71337855553346,1.09422692968294
1.97555055269047,1.36256356063588
1.7580238378686,1.22948333220752
1.92870124013971,1.26524331605435
1.74440210550808,1.2666811761384
1.73974880413935,1.18825382686391
1.99655577476599,1.43731634504483
1.64916694866376,1.20489341873104
1.65537226398967,1.24589081057616
1.57438286521746,1.11233621647049
1.48735595822556,0.982947153276033
1.85173330185185,1.17295482987286
1.59950345830026,1.18551066847155
1.76628985722849,1.20558560807681
1.9367943879045,1.4454807277606
1.78744282843085,1.20130103470956
1.99272815593505,1.31807070793317
1.75126944247859,1.16333687630212
1.76534489688123,1.22376745604011
1.98006593061598,1.21170207549196
1.67043716652848,1.03609465842153
1.70861247831953,1.10542219964122
2.12222818699414,1.41110121437347
1.45166013413135,1.13607079316642
1.62108141270736,1.27421593438795
1.56809666246084,1.13571389309369
1.76261501685246,1.20439900960216
1.62993733735114,1.25719495118137
1.72288872522982,1.14116224368117
1.68582028511175,1.01571847749411
1.86136385675898,1.18136666363862
1.7243212500501,1.199879702562
1.94831547552931,1.35459472066742
1.73106969696751,1.15254957952421
1.83451740969127,1.16510308241548
1.8484369578696,1.20449743716212
1.46441519853333,1.16777857148196
1.62488939843427,1.02676381728474
1.75874543121865,1.27482253354649
1.80428829014817,1.2873298569278
1.56482270423152,0.996809326489117
1.66956526539162,1.12008839783776
1.8595752988319,1.25799131893183
1.54904836226407,1.09419704679265
1.85596449750394,1.43751421417089
1.4740005433124,1.14509960684675
1.81977590345829,1.21091535670366
1.33229201313202,1.06257485181343
1.81664769026284,1.11037945472752
2.16677908975653,1.21925713222616
1.44623873453172,1.13372895827397
1.84692070562214,1.20080516055771
1.58377156083512,1.17036080250238
1.6481728989719,1.12628322798011
1.74627100166115,1.1513691486789
1.82538814831764,1.34144074075125
1.70014574415924,1.24644036327708
2.03397976793112,1.4245810184944
1.7925589420961,1.21892951367728
1.9955459306022,1.31588809184071
1.71162224185195,1.16187301784416
1.48318794418563,1.14371664317934
1.78220094242842,1.16823227417893
1.78049904972903,1.20493221382868
1.98253724994661,1.32059281923806
1.6784845757368,1.15746725323858
1.82549264312523,1.17706786337324
1.77148530024637,1.05574016026098
1.66700865512434,1.22837202802171
1.79388241546901,1.18363392009005
1.5991782343052,1.17370036326764
2.11135499712208,1.27556247836031
1.83023754473849,1.23358585681791
1.61699916585837,1.02169602358255
1.64164217783601,1.14432925276795
1.95899682866088,1.34221875875461
1.75762392856423,1.10748726184175
1.80376377745399,1.17075237650048
1.80110677765997,1.1953351425022
1.67020354871909,1.03468700159149
1.74560355307143,1.15464898881795
1.90004011734324,1.24178915346262
1.83118470430647,1.27199625004498
1.90118543890048,1.2992898796137
1.97814225441635,1.23000452080956
1.95932254496078,1.17765898620017
2.14636441325752,1.31129059333657
1.86696496121978,1.2414466989284
1.56342824456702,1.15329118149294
1.72657266679448,1.14524096453992
2.03877339127486,1.28601473472717
1.95308271763421,1.20510773551014
1.5213894653371,1.16307998866152
2.022743103176,1.29476853781111
1.72644620459809,1.07948214791905
1.385126897173,1.12594516580797
1.74915355519523,1.25556166702063
1.97538068087525,1.44156384582324
1.72988722913713,1.14137381834811
1.69920625261787,1.09420065729857
1.78863543144832,1.25622819715228
1.59977910910348,1.01481383736096
1.86368680304524,1.15870121871491
1.63205524675738,1.02826824167367
1.805787223192,1.12764451505598
1.80252311694818,1.37916512722036
1.45470289922563,1.16842554754235
1.90019630158555,1.3124222421181
2.00739002225861,1.21161442936299
1.61456547480011,1.0214921817914
1.83454774976778,1.17491574047587
1.70783407417161,1.20289608540536
1.88645939890427,1.19207373965255
1.66929286522081,1.07159244167584
1.46649123138358,1.14263072308072
1.87973498961172,1.29381250211024
1.91914054074168,1.37003508497358
1.52904918490789,0.864694942724579
1.65625954851294,1.12491608845518
1.64499549931901,1.0740560406509
1.88657863004799,1.22792832587931
1.75681247945189,1.16801162416518
1.512848077993,1.1394134255075
1.58686978348008,1.21274467516337
1.82637817120399,1.27532537015988
1.61158921238332,1.18522966275058
1.53819741597838,1.02859955808624
1.44976477151121,1.05253325142269
1.5896998807614,1.06535267607592
1.92445646457519,1.28181015296576
2.04594643602017,1.27088294388706
1.63460159323265,1.04132708954643
1.88025830616164,1.02438052728757
1.85037741673547,1.32693323028141
1.97391446369408,1.28917538645668
1.56167034682689,1.21761898650356
1.93761499874063,1.2265019864662
1.68254837126178,1.03228486966022
1.74069846716543,1.17373982987287
1.56710956876823,1.13055610558485
1.67455068890958,1.24761462648205
1.80718942389384,1.17355222447487
1.77302407322742,1.14129892414367
1.78670825161333,1.2697649866956
1.79958794030985,1.21988137516351
1.95594177230161,1.24963658217038
1.6136257290202,1.14032845554498
2.02423776486358,1.23780057844482
1.41713737166537,1.1229345667163
1.75529120455035,1.16548607520665
1.79519546071105,1.01653689128029
1.52982991209131,1.22463673666146
1.88712337716665,1.40585294723246
1.66488515297318,1.09866693168987
1.51540164611837,1.20000788067093
1.93473694260195,1.23370532966702
1.86662777503541,1.22675130906431
1.75345625555338,1.3023936130729
1.88787037425908,1.2188308577618
2.05788204897994,1.22044082785566
1.99018674447639,1.3408430142961
1.39305058586064,0.900962663164039
1.7576329144748,1.23675843579053
1.6383475696989,1.10748922359056
1.74875449329916,1.18704216100906
1.61339196073617,1.15756594620581
2.01304533863408,1.29638197109668
1.84997447759731,1.21832934771297
1.80927296164049,1.26841145440707
1.37741460095232,1.06459330741095
1.52753412163018,1.13845082207467
1.69026481693623,1.18481851425388
1.95094151183791,1.45891720328551
1.79664244685719,1.20216165416274
1.76647434311828,1.24889572031145
1.87420926959504,1.25629728446136
1.67393317257938,1.08884724642135
1.7909571282534,1.21786432407247
1.9332469325373,1.16598341964731
1.59039345135261,1.11571807387823
1.87603447064416,1.25256652132909
1.47120401383176,1.10116815163771
1.81313161509608,1.12467642383069
1.89055181671875,1.17789513444109
1.8063910845512,1.38834955592856
1.65324948916043,1.14097361518224
1.73248373495424,1.0996175394036
1.71911332778868,1.18164271896387
1.65103413974247,1.19828896033143
1.7098148168555,1.13518447743092
1.895262811404,1.26361883075698
1.77665727632535,1.20355927186421
1.63489188569995,1.12418252115612
1.37703165663526,1.09041996816192
1.75409825026148,1.12725237513353
1.81388034719701,1.30815474241328
1.83604716394067,1.18887803643185
2.14810463894314,1.36999644037081
1.78442077693223,1.24203120773087
1.57721826289641,0.904157914885821
1.93563593580534,1.27582254745412
1.65263787190962,1.09444397358136
1.86569259799138,1.22615930015967
1.77086420019596,1.16050758944615
1.88217191544475,1.39326917934473
1.73835659857023,1.13867865047378
1.72913395639465,1.16168155058844
1.70909969189363,1.3471662156293
1.79868548358441,1.25436021852036
1.81886567774196,1.02490271092946
1.33312527848566,1.04706635793422
1.9190931070504,1.26914966964755
1.91826809296185,1.37411955173692
1.48540183214665,1.1804541624728
1.42626510024484,0.781414421007077
1.80350867042055,1.24921914754155
1.9983120161204,1.26623266488354
1.62592376704572,1.1650821870413
1.86031406489092,1.2306219850935
1.49776990493991,1.19711513728161
1.75349144483898,1.16076845365167
1.79469610785879,1.12494312520925
1.44840706606722,1.06659939724313
1.65181387335861,0.99458953012174
1.95449419511609,1.45119487196793
1.68444088330582,1.14834915889401
1.72274053655045,1.18447897465804
1.67377408450606,1.19132305621481
2.02653242134375,1.28573520395637
1.68766459564035,1.17936621882432
1.77566850149293,1.29164235275441
1.65719695381705,1.12278384709626
1.87098264364011,1.2824139839826
1.61713108769921,0.99757664352961
1.72051274718368,1.04695909166651
1.80191425939271,1.19596622609697
1.66339907973245,1.10740825538723
1.78787518281703,1.20620236599317
1.7573592402745,1.13779879076962
1.53677140026399,0.956390131995298
2.01267598994689,1.23756708350145
1.5270450487453,0.973102656753493
1.4889448892877,1.1323644400202
1.81234881587572,1.10973966102871
1.68144965831205,1.11432572179766
1.90456080623962,1.4207201411767
1.85479171674409,1.15475465761455
1.59200836125645,1.20441766984091
1.64838430090907,1.11435384995502
2.21410767230236,1.35531497033113
1.50585923306293,1.11736159431226
1.45687341822317,1.21140616043569
1.85405450153595,1.25371798640223
1.84488359074324,1.20432071998683
1.90657270740533,1.43727592999843
1.80398015719373,1.15211057887475
1.6113618065605,1.19556411824086
1.78479624871776,1.14745014329836
1.45155119336576,1.15559880345805
1.85846224761818,1.27200224855546
1.65729530881847,1.09501077823195
1.8576100340406,1.22755404153511
1.89965559324889,1.41175926832947
1.76492775940482,1.16865685229089
1.64225952778137,1.06361616189087
1.61601262136709,1.08442854768405
1.7372317883812,1.24590254028949
1.65910033832356,1.09358254866958
1.65901267136347,1.08359596745826
1.88807184111372,1.19425058619881
1.96545140596088,1.3333721389393
1.79552071548699,1.17139729175261
1.85550467519188,1.14072524348824
1.80885202241878,1.1001153711003
1.82884322858445,1.1657236420257
1.49715145179426,1.12299406845867
1.62844019447848,0.983326840106947
1.84710923154282,1.32870111261222
1.81062076693807,1.19623519899023
1.86732601939998,1.32653820205042
1.921260705875,1.29253964873859
1.76648210943137,1.21697161952512
1.82500650145694,1.21043225076556
1.77112081439472,1.19186575656825
1.79451867338748,1.18082369797667
1.77228163661112,1.11978556507556
1.74746479232064,1.29460715936063
1.79739681468449,1.10999914109189
1.86845835109149,1.24952367608207
1.75438337834819,1.19898527075315
1.85376906219908,1.23653025160898
1.74293467478265,1.1668586498035
1.79422456561377,1.25672301756776
1.67708493417656,1.05646557206935
1.87094072203117,1.24291846807568
1.49104529706214,1.09872416600746
1.85606345120362,1.17782542060302
1.52609162856655,0.974526444481848
1.59800204797397,1.07405066220581
2.18319231950396,1.50120349318243
1.76007893647535,1.17335735865384
1.91247843628631,1.13713822216187
1.90332304206003,1.27742837717638
1.75573408409573,1.09549134149098
1.90359035329061,1.22316718657276
2.02040340161047,1.28696999592174
1.91508590833292,1.2389805940102
1.47987499447709,1.09724379604017
1.85373328560006,1.18241524409567
1.80635511644341,1.16720550251377
1.80613287517626,1.19417697129289
1.81401952850567,1.23696458969643
1.71019862681641,1.12034044267777
1.80970552640781,1.17716864079841
1.75412062017741,1.13331674605351
1.84388223065537,1.24832360203218
1.74887235510775,1.1969157380679
1.85008592528307,1.11484978988871
1.75389966297367,1.23043696305078
1.70235170808085,1.16470511486663
1.65889679232157,1.08446204298678
1.86164136038308,1.12168156845512
1.76654077270145,1.05722843787099
1.61215104953971,1.10706226388821
1.5573708369328,1.01393941754423
1.7713829913345,1.22952750187523
1.91602652988041,1.37206464348926
1.98205874927484,1.11621135230881
1.90247154610709,1.13918181175112
1.42839008901554,1.12478614712493
1.75713474025454,1.26235321270561
1.65724933660957,1.01261716082589
1.67476084326636,1.22257520376465
1.85684279139938,1.29853199397112
1.70017391039154,1.10017384525688
1.3297581807749,0.974888741614353
1.65226109827331,1.01909060284362
1.89968902274793,1.24744846505252
1.80402823383395,1.17351086153187
1.92093598839379,1.43669179266095
1.73640532439008,1.13556790374581
1.53390721299494,1.18952944553419
1.85293061676095,1.27439506309522
1.85998821188192,1.22638269105883
2.00243086402556,1.25934914587914
1.84002851461488,1.16067398021789
1.3094455836166,1.04230234277566
1.93763024717923,1.3496013544585
1.82527200709632,1.16885139946469
1.71145720614974,1.17960160592906
1.63833199236691,1.00566159326474
1.92177515825614,1.41075578987458
1.71393392969511,1.17268351443224
1.40619794256531,1.09531784263756
1.74857484314811,1.24750235790735
1.76311413793565,1.22697554270476
1.80228819761696,1.41163708283238
1.98783127086568,1.28719229521078
2.00245293541806,1.2121165575692
1.80425563943495,1.15690402939433
2.03544593013732,1.3907503822914
1.8204622658728,1.36392179503237
2.22713684738068,1.313244765364
1.41653430035845,1.1283388848827
1.74501693930382,1.29214619207555
1.78199988808384,1.18362013887155
1.7581991607429,1.17837789205794
1.6255398567731,1.18497869229136
1.90605434497988,1.30539013377359
1.80807191848555,0.989780261081014
1.43465265512636,1.00494470326386
1.94269260288868,1.27045571783924
1.59156006633509,1.17192432148291
1.63144580523354,1.05431701116946
1.80729383164987,1.31945713143019
1.83015081983293,1.01457567125041
1.7322751686137,1.0667883169312
1.72049099399716,1.14956513221572
1.85877510635126,1.19992571462721
1.76545357028493,1.12975033162734
1.899384962334,1.14368920973204
1.91467336301351,1.22291714271899
1.74358520366957,1.20003727308842
1.69463603675089,1.13992374230865
1.90579079020753,1.28423456316822
1.41653839775077,1.03433318253899
1.58800791164741,1.10116986711055
1.78671477299854,1.19194754291508
1.77909004340111,1.25252025224551
1.91998197869871,1.27405126092747
1.55088914512283,1.15855031464036
1.69455628069378,1.16948150225062
1.75704506736311,1.2326383719153
1.84236561495396,1.24252145063788
1.88409190596845,1.28585659069027
1.79705473117277,1.26398886166231
1.61822770232035,1.10191495655447
1.62810616359254,1.05220618089607
1.71166107011753,1.10244684778667
1.95469431381448,1.15409444042122
1.88501424745312,1.18714586409084
1.85207214220488,1.39424685276654
1.65197953170714,1.076257908838
1.7271439488576,1.16888132980236
1.96667325269332,1.29759207428937
1.77860936375068,1.23795915885908
1.69560058443769,1.03046272655414
1.78320410364696,1.26837294879628
1.81918201171916,1.30228390007487
1.96265243248001,1.05045273825614
1.71520150242564,1.18880153567365
1.83543723678677,1.16315261381369
1.68145908938928,1.15080448775399
1.75030567759749,1.09443146120256
1.62028241483884,1.08948732579163
1.7035245866831,1.13103732299934
1.74025607379114,1.20620719893734
1.54207308523147,1.19946975242012
1.79928872198393,1.1421683538917
2.12901175599989,1.28167242601924
1.64540738177215,1.11552083601488
1.69532559811626,1.1780240845371
1.79934732301853,1.14967976801498
1.53116052765937,1.00589015469027
1.58537955064078,1.0009219825224
1.72381964092518,1.13459581146524
1.98670392137381,1.30063746766703
1.63244900637389,1.04162049816898
2.1700394237946,1.33805937855593
1.82659357217552,1.09452638482339
1.66898800732956,1.14590157998071
1.89447972182915,1.40325665711823
1.43672398977594,1.12102316535388
1.84559196653044,1.26556144271634
1.59908321096003,0.930389601268441
1.65165918351177,1.05402538367063
1.80724586543007,1.19472336387695
1.7831478774238,1.1782528423854
1.82128498136321,1.13487605737118
1.74325779280139,1.15007573818406
1.61430031906755,1.08943591105032
1.61231324501377,1.11115426118825
1.9439740502778,1.18964773963634
1.6128667874259,1.10520539432486
1.4989653367443,1.09701762601414
1.60730783311137,1.07632759011124
1.5756319610442,1.1934864658256
1.70417945220345,1.12735594228402
1.8965711393016,1.23178351183724
1.86778188084681,1.19920186485955
1.64233344907224,1.08524447043051
1.82729575767823,1.20608744275764
1.78802807907116,1.1260344718681
1.86477489312378,1.23836812264972
1.693082299857,1.16687043534647
1.63821106861323,1.11914783418936
1.745058157819,1.18317448282049
1.92020182615762,1.49199648426878
1.66939063983053,1.15135094587162
1.12778277659451,0.869230062692596
1.8454632588448,1.2579981780958
1.82120801762191,1.16408498929422
1.83819387357939,1.17298115113562
1.77797945742276,1.11965258196915
1.53517005277227,1.1151918666845
1.77735299552235,1.16188178292755
1.72153315956966,1.33059949353267
1.80996782684629,1.19538998577803
1.63536344603451,1.23812805510978
1.91606191751075,1.28647270778569
1.69602508274371,1.19937425311684
1.96469889607323,1.2997689912323
1.73968977219113,1.13664566784853
1.88110669029557,1.24387839722794
2.03518393312634,1.33768224346515
2.01695194751277,1.5184691370396
1.92896914006256,1.27615145041946
1.7773520212766,1.16573132204305
1.93429900918932,1.39816514328972
1.81397240565786,1.20396466751896
1.60411371806649,1.244324535573
1.79769038025176,1.20905922544045
1.92240269019249,1.1012252229758
1.53102017443209,0.897352838359515
1.77430156154156,1.2441695705444
1.78685737348242,1.25794092984176
1.80941728216889,1.16002803214366
1.59513878165464,1.21464683870559
1.68041606342068,1.26205916405507
1.81837124377933,1.22901988518958
1.59056315493691,1.13611535814504
1.91416116413675,1.23043196070835
1.72486325737976,1.04671179854285
1.81144076481525,1.15541673471958
1.70206968475689,1.0796282760562
1.80834503366506,1.15375754667428
1.83379063285437,1.19296775055594
1.87582978527309,1.24903435290036
1.7783525814508,1.10037836778054
1.7530404390087,1.11162933295631
1.61820870922562,1.13472020975478
1.84366882901962,1.2887712407392
1.75820369177534,1.29328659574484
1.57538505272734,1.11099692940259
1.89544494244865,1.12477924439801
1.4462374018301,1.2069982373184
1.82794781288141,1.15651902894185
1.82898336539938,1.16883926655034
1.97338081384726,1.30959126570734
1.7432289782284,1.17295859297425
1.78493547068007,1.22952174400555
1.74415699502522,1.00529636754769
1.96217126881925,1.12832041756796
1.95274080328864,1.18147249680527
1.80578982030675,1.25244800655358
1.79169132379173,1.22733454687984
1.67100304418836,1.19791313207017
1.36882061731518,1.12525875041767
1.69601944797328,1.05827553744652
1.8584921674649,1.20089202601889
1.58730280684117,1.23734563288505
1.85634136680999,1.21553877249843
1.7981477324563,1.08103252603567
1.68015566269322,1.06411654135446
1.64911850111654,1.13188624086036
1.73954556958488,1.20721845482667
1.81472502877859,1.26736839741649
1.8735374330998,1.32975875300722
1.60942242756872,1.26371247439009
1.66869914257781,1.1522111194332
1.80945032646892,1.23687005579389
1.84118874976552,1.23344623947693
1.64018839307471,1.13052050939886
1.58672396690641,1.11258072277254
1.92219335907009,1.26045730253736
1.84659295307867,0.984383143776328
1.8674696311551,1.14528392159784
1.67005901763404,1.17647626814826
1.40985405577082,1.13500396999255
1.79294868409586,1.24156834249594
1.88987715656703,1.38718878725745
1.6669322278448,1.23102522855758
1.75502978478422,1.1172888692196
1.5277156994135,1.12531641479772
1.54060520763149,1.10261235949749
1.91303672083939,1.33150622818863
1.94127411991762,1.29736042225778
1.93978192631175,1.26187232378889
1.6715786990202,1.2637030698037
1.68208424287744,1.11819501844555
1.7527684733969,1.14265170162457
1.79763202326727,1.08900487791786
1.89005129136544,1.29686615254471
1.87397424836801,1.12491483681951
1.6478838552503,1.14091182556125
1.64609749461991,1.10952105068515
1.73259151485425,1.03494485490041
1.79060399366654,1.25260886231483
1.62828582520891,1.11733099564079
1.45034862930035,1.05246972370094
1.54716916514798,0.866440798964963
1.69675658925448,1.14388668115968
1.68205315620924,1.16965004239223
1.64639011513222,1.31214708970871
1.6417804979598,1.07294258844192
1.707389115444,1.05620538547965
1.67019569399699,1.06877260855983
1.78147142752946,1.05384211506978
1.72927751345167,1.17085663045937
1.60906990041023,1.11576386961902
1.84323939627809,1.14236483418562
1.33955714838745,1.0138593681857
1.70805662257266,1.35474845944543
1.3752380510193,1.04558481051933
1.6697427945669,1.10539938584443
1.83917614386825,1.0953319912222
1.9529362669378,1.29195621551347
1.46692067324255,1.10375825476362
1.72723488163876,1.20211403623183
1.59233120983457,1.18495679327237
1.62030683964793,1.09269483078535
1.73409048664145,1.19320686414803
1.65893402267224,1.12005701650339
1.86319464716592,1.26161100715871
1.62051982247763,1.04258716558829
1.75771725353706,1.17950745761145
1.80869334022812,1.20238173808856
2.06657541648565,1.26677101437408
1.73174565670407,1.21284032609855
2.0382264685223,1.23347490783267
1.64498261488605,1.27124592103247
1.69081592840834,1.2608847122379
1.77986060969079,1.18859900399782
1.93540839061284,1.16957147351696
1.6684582467398,1.186626682599
1.72106358876398,1.1325139085644
1.63885425228388,1.22037789060804
1.79284135660576,1.19560460433867
1.43537137057873,1.13568262765967
1.74720490599172,1.18188395490152
1.63840333470819,0.992738705453699
1.78687330540331,1.23236373209559
1.89083024299622,1.17059938161915
1.52813519346848,1.15873776528489
1.62642784655552,1.13000258269972
1.73430090343199,1.1484361340816
1.8828759982327,1.455823597459
1.83301326065554,1.18702680416499
1.68337103105849,1.15931078739775
1.73753112551437,1.16302415866587
2.10618856762874,1.30053239136581
1.8253711952772,1.32331061681021
1.82887354339203,1.17656548484232
1.73128922985048,1.12605081777103
1.70766614223992,1.20315893013422
1.70944959403971,1.08581756546376
1.59556709897644,1.07364580862571
1.70774836026156,1.08876283109911
1.97072960790984,1.18326241219683
1.8320628183947,1.20896540109262
1.92849677258098,1.28133964368237
1.66576028004011,1.2152873107145
1.81733952959099,1.25516542026477
1.57584676106012,0.921011143928577
1.99639842861737,1.21930356681653
1.91479852621918,1.34927631306425
1.83436606416537,1.07433325058901
1.53427703381831,1.28903041119748
1.81045334743764,1.19207065852485
1.84057207875534,1.27795788534683
1.81517929743567,1.1583805177492
1.48887448885278,1.16106669692946
1.8949806443223,1.1901399314509
1.42184368384258,1.12397962937255
1.84574837844302,1.22284314245929
1.69800022045602,1.06170274059058
1.88711605525295,1.3057360075703
1.97380220160495,1.33750827587635
1.7035153070256,1.26839048787856
1.89453557187123,1.06943082633753
1.74943655511088,1.19604043887017
1.87965333069936,1.2042763032847
1.69292118142282,1.19057478867918
1.83539120741879,1.12443157016369
1.78292924334852,1.17173138228571
1.83389496579008,1.20966585707432
1.48655878291234,1.20138584423175
1.84590936698887,1.28504653414396
1.65503742557672,1.17157678784397
2.01448228395519,1.34518344865099
1.70693772339497,1.10974736437166
1.67454262793212,1.11199420441929
1.77266587033357,1.12915720468734
1.52755151254755,1.11875343245664
1.713598248323,1.15928280721996
1.87134465999151,1.26334130460737
1.74540349012317,1.03331068075202
1.77243822433147,1.17045068768382
1.77029327706465,1.16207593929602
1.77811248316055,1.11974361291728
1.69535214226858,1.11607163642845
1.70572736573736,1.19220766277636
1.67832712406267,1.15958630130449
1.84612275461121,1.2290154733059
1.75968092522997,1.19399929069346
1.74034233716091,0.958381864031616
1.8479942166979,1.24499027064511
1.64124626442219,1.05082854963228
1.81030806128514,1.16424433251004
1.94357360281933,1.15849986642752
1.7483199642963,1.1555008620062
1.77134949772477,1.19697091303674
1.86689887767489,1.23435904920222
1.75066763156388,1.08474621957775
1.77436783359686,1.13829055022427
1.85562186854783,1.2076692816629
1.89115048654259,1.16990290172933
1.59995157575568,1.00587750673846
1.84915705143748,1.34604343158458
1.8391995572745,1.21766217819899
1.76722229530733,1.16711281620596
1.52997996083321,1.1506728973421
1.82788240910305,1.15302074302565
1.72398179343268,1.16741430818911
1.74615970128113,1.13902035646606
1.60671737792856,1.08109471877799
1.70487313981432,1.18207264761049
1.97087746913281,1.26207711218245
1.65416677926581,1.25333888225042
1.76449714419521,1.23637716256921
1.67423702052359,1.13307904069719
1.48542472332285,1.18782337183665
1.83443709978749,1.28194457487694
1.79684093220302,1.23166275355223
1.94114182496496,1.40945971962835
1.88456194392401,1.1557017474533
1.75186270711361,1.20989064187745
1.75806484107424,1.26396313922363
1.82500946058204,1.38711844458479
1.89829300881766,1.13827097937638
1.75202459942007,0.947055699756761
1.73197517423157,1.20511206982303
1.65818957399236,1.12107528638557
1.47050260139936,1.19240192650078
1.69742588711481,1.12802746580976
1.80433148256663,1.24600668559438
2.10567039711664,1.30889691132825
1.86486622452265,1.20085761277212
1.9094087342469,1.26853906829778
1.79818951281721,1.21566688685528
1.82800626745421,1.25703299687793
1.63675010007768,1.13295635230499
1.54335031980929,0.926472530710402
1.77696356127765,1.30955081732997
1.83710588743321,1.15343096576049
1.72950296097366,1.14753483402538
1.95390512769616,1.33934562537361
1.76721684880641,1.13590505861515
1.75373690788834,1.24256438763921
1.21802988785644,0.958991160903015
1.7844421216269,1.20639270695888
1.84872513139886,1.20444448119172
1.8411188690381,1.29129910562129
1.50268375071311,1.14553557791403
1.83618441246807,1.2174102417041
1.76086755708531,1.21201195592462
1.72727700272029,1.14368353773601
1.52685118328564,1.20560410100071
1.81139256533075,1.27207092875134
1.73011966353223,1.1872126889166
1.60756138720288,1.03215541918534
1.71808222755751,1.3297024441028
1.86229014514066,1.17748298447576
1.73128493007612,1.36145213074955
2.04522258050819,1.32560650868373
1.93194415183704,1.18353449880505
1.81791727867078,1.32937235008573
1.76854369791357,1.18264898987643
1.49716005645382,0.839720650198885
1.70958025405682,1.09382065581907
1.65629322867869,1.13396235432103
1.72974809022381,1.17613036674631
1.55592845761973,1.17061925482892
1.88340661429427,1.2527834383684
1.71314804312234,1.1403853584128
1.84816464044773,1.20774558905692
1.53916415396227,0.977729240522768
2.05605945709882,1.19237919729938
1.85936392307254,1.13653279636208
1.73796416278815,1.17245642719723
1.6962982041932,1.27069865258501
1.82910663889629,1.11201618243719
1.73549779983903,1.16176335415073
1.98261795282543,1.35260076627402
1.64937312224671,1.13672275848084
1.69724017514846,1.28277119297927
1.80348880469852,1.16867096066019
1.97556047511594,1.29363465724007
1.91358813050738,1.33072139274885
1.84409022117461,1.1722318427437
1.7534428899461,1.20598180050613
1.89815360801098,1.06264876924122
1.78542595424973,1.17582373549113
1.94698968992774,1.30460952062599
1.763772460421,1.12687435536471
1.67863914615528,1.12781082813582
1.77466923075863,1.19738604938777
1.83239505038936,1.22600395934844
1.26022496340212,0.961707069146028
1.76288052594786,1.19914643753907
1.40488505505518,0.881238897015635
1.58515387547668,0.924737643854598
1.66328227366798,1.11737739885257
1.76229378310342,1.27312806884348
1.63592993350808,1.13126466019335
1.88414468833543,1.18357130887709
1.35309124704913,1.03664273520645
1.60992066378975,1.07424633718782
1.66324650049199,1.14766115811196
1.79760092668938,1.2349665592644
1.88699234211069,1.19276121318107
1.83017249489738,1.11204842403881
1.47046275018555,1.14154234389056
1.92975918983963,1.20988752348683
1.71334213304275,1.25639172511128
2.17053548234709,1.41365613994502
1.8148162024965,1.1491670254679
1.83743600611125,1.17673322158473
1.83776230757893,1.24836667166595
1.51839836903847,1.09332260583647
1.69666363447914,1.27272120395007
1.63198669622638,1.14861748365413
1.84223155926067,1.24873779596496
1.54823236336764,1.1795650050973
1.80586446908396,1.19051812334812
1.9453970363311,1.20190517981951
1.89401636564206,1.45861815257915
1.81263165678818,1.24715359240703
1.63457341539631,1.10581865080529
1.75761372973683,1.21920974451334
1.69080322550568,1.01477412383339
1.71451520906073,1.11762518605036
1.92917852688498,1.29323069339186
1.64369055482238,1.09190337995199
1.85793325465928,1.13627673966871
1.63033673110446,1.23908040274466
1.89786228480525,1.33383601020634
1.65674432252158,1.25268786704107
1.78345365186965,1.29730062967121
1.52993260443951,1.11121017811185
1.7761856778434,1.22424940934815
1.79941772354054,1.44513853621323
1.70327089247501,1.13983316728212
1.93629368109762,1.1747108735182
1.78941869325591,1.16263981443129
2.03482022064509,1.22296982637548
2.06405311269303,1.24951112351232
1.76932972201223,1.20839554979194
1.5229647236832,1.00266519658694
1.78808612704628,1.20592843263454
2.07983809926531,1.19139171077044
1.75240691419769,1.13349353675182
1.84423665569454,1.27346793272972
1.83093278468618,1.15803997601571
1.40884517850975,1.11303300549832
1.66590991553555,1.13055374832007
1.87753569070131,1.33154812899372
1.84192010562098,1.21985471400469
1.9361727983646,1.1203327475373
1.36751020728036,0.999608984215941
1.88221409263709,1.29440017649759
1.74128105200537,1.16786910172737
1.76171882680639,1.18583978554851
1.36590367656315,1.03061802042654
1.69266004640361,1.25667150193927
1.87722132061421,1.4061365457523
1.53296560527076,1.17263010977632
1.80736987487957,1.24727614690369
1.50447497384459,0.940010116937274
1.93687453292136,1.3078180352401
1.59992410149015,1.31185130595132
1.7888653603883,1.19919203790563
1.87809176509793,1.38902962938489
1.58469965490165,1.01302364209285
1.74860452833794,1.17120154153619
1.91598612282784,1.14286339281323
1.77908782801516,1.11986164911686
1.74919227820164,1.1881266266532
1.76334974810508,1.26845251556787
1.54957820404613,1.20947283038101
1.80461333031456,1.25792118911941
1.53860965260717,1.16110592187177
1.77280832308808,1.21867635387678
1.91293177671892,1.32348108045669
1.97644766104796,1.27074993615146
1.95549578896705,1.28057052452866
1.71519128533543,1.20938066543689
1.62252633719632,1.1393068973856
1.84574596236445,1.29772963101538
1.89959703360625,1.31421419826492
1.59285540607615,1.04958893369364
2.03207984319101,1.22689040274692
1.96801448752711,1.395586340757
1.36463169416162,1.08418886454984
1.89568496118456,1.35410514955666
1.80787106082693,1.19720130275176
2.16997993902341,1.35910076319944
1.93225456613463,1.30532661054574
1.87892462283013,1.25206432388485
1.77560324611429,1.22716572918498
1.58110759835659,1.02150124940204
1.82584858845883,1.22510608942024
1.7802883393126,1.20587435424484
1.75220786438479,1.19427042643746
1.65499244364181,1.22808990991948
1.85000546889077,1.21082028144142
1.97636954494803,1.39976362694735
1.56597885541802,0.959088503074153
1.92083000692967,1.3056644486636
1.53910661091028,1.00760280217396
1.74711654704818,1.3315776034326
1.81028840633711,1.244197267839
1.65949602986575,1.11142423919223
1.92433691233424,1.37847618435003
1.76517594237152,1.15770320357453
1.83690218023589,1.26797829395272
1.86151993876268,1.1938492463906
1.77944729174947,1.1487895126636
1.69212394447206,1.12448099213636
1.87243240574723,1.14324285948773
2.04395889729085,1.31100010169428
1.94449120134246,1.29928909872492
1.65367487095352,1.08215293946332
1.80761675171386,1.15831814156745
1.85132094052129,1.27937706482195
1.68144965957196,1.12181772324999
1.97092354586486,1.51320226927073
1.31104182842995,1.05409504348704
1.8214179264903,1.2253417096975
1.89713362644756,1.24227280301838
1.78280990808614,1.07748705907462
1.88468952309306,1.18943383481001
1.40966385337196,1.10636937994803
1.93826326351461,1.29747532489118
1.6860524985505,1.18539241120944
1.69212099207915,1.09990237986932
1.69611918979305,1.11780057276941
1.69243939836585,1.15793629227304
1.76203401346325,1.2026858536238
2.09362310061987,1.47249950500466
1.79879071223802,1.15429583859648
1.74458302608264,1.14287060637461
1.88165885644751,1.08479806999811
1.77256395151895,1.159374014525
1.60584960559606,1.04571364414257
1.75283272449178,1.20649873360471
1.64069949830136,1.1743702892369
1.70979827321669,1.06959826877633
1.78742074781805,1.25552972921768
1.7803664275688,1.13909473508607
1.46100646801064,1.16203199244962
1.78601525272608,1.21681495964392
1.81641372961558,1.21844026293701
1.86573872302826,1.13918839183386
1.77890170903049,1.26590364857064
1.84255122038941,1.3427529221871
1.73188697787209,1.14587325402237
1.73113585573681,1.15312452092376
1.91100227387217,1.22083451394288
1.65212894576946,1.08145401578288
1.86882770386522,1.19592309426777
1.80806387969032,1.21759728365047
1.83701751866518,1.07086612712416
1.77409995693374,1.21622181324396
1.69426431869192,1.09738637419304
2.01220634469048,1.47324328508329
1.53190468010722,1.13935418044162
1.93425696520099,1.25026176405632
1.76853883353142,1.17957674326444
1.67722398686153,1.2209272058341
1.66664090450129,1.14740742862514
1.55300165285373,0.985556753003108
1.70453730080391,1.0956934683608
1.57775021054132,1.10278109778434
1.84340305364453,1.17813992120348
1.84731458605803,1.19845824933102
1.65776141237119,1.12604369130043
1.55209886485203,1.12779007395119
1.555142116464,1.17520961695216
1.38731933342008,1.12533419641719
1.51512076237055,0.990044763006117
1.76568943750021,1.13731815479902
1.47395437000129,0.970316426194237
1.88566448755501,1.2313831956231
1.50407831359716,1.0936360630685
1.63962687945704,1.03073165364
1.81539147214061,1.23566081608655
1.49967325613583,1.07358229861389
1.72297889616065,1.15387664338739
1.61696975412293,1.05083043219928
1.76806965903361,1.21160177134579
1.2846495640246,1.00749157568523
1.91404042172695,1.40992212551437
1.56759896592733,1.00444788362428
1.66110883875727,1.10937644118566
1.64056766229857,1.06266515304541
1.52747342376879,1.11524680823117
1.77755424564307,1.22349052560202
1.54326222011036,1.11570631267829
1.68674477908309,1.0307509064087
2.0654334157476,1.35207892271405
1.69366882962662,1.1874467014023
1.47908520521977,1.09759259926283
1.67184583751175,1.14441509505744
1.81645738389903,1.26696825111697
1.66544923179591,1.18685809727764
1.97472967149762,1.31505211387436
1.71260513890979,1.13418374963759
1.51247930429951,0.905928430520468
1.76577227211948,1.16830386515174
1.87579488355289,1.15497799449168
1.80342101948648,1.33712552524917
1.45555175260334,1.14197536627144
1.72291940526328,1.1899333184891
1.5371183668954,1.13502071053571
1.39574440569529,1.00292960271002
1.69922587964121,1.21746853440937
1.715672432776,1.14449742810574
1.75025074474117,1.13684167627551
1.69818756628344,1.18117117351436
1.78901720149149,1.29264826216533
1.25419534861257,0.793609079453753
1.74737865937128,1.35664254918035
1.58612317522763,1.05194323871527
1.82067185769943,1.29753045500083
1.69337580641186,1.15435119575027
1.64212759607742,1.12464688629059
1.62505796411949,1.11480868837547
1.51294105469231,0.956737052412889
1.82182898390147,1.22595030594592
1.74936894366035,1.24690961850809
1.57866483886695,1.10441197076008
1.93334091402572,1.23729525775958
1.47019761697371,1.16622481897284
1.43961054423041,1.17772628672338
1.86111860727098,1.26142522203039
1.79210222517298,1.18291164323119
1.50300651119104,1.22307346988113
1.38152164079087,1.097680839731
1.77827420695953,1.19471230850942
1.926402551694,1.44406221703369
1.73854334507354,1.14572817632852
1.93623508878225,1.30111534271812
1.54629667938549,1.20021679091263
1.59486544721038,1.0009993707309
1.61027115481148,1.1946863498066
1.36494207544372,1.09149810831036
1.465023336832,1.18172278136956
1.70876631782088,1.09725972013328
1.38927147712035,1.10440600136517
1.84710283023234,1.30088155336329
1.62792261129063,1.13143838460121
1.97111542349843,1.38383003482214
2.01498298043231,1.371029786272
2.0263703847509,1.18475992318175
1.90241743230005,1.131903842883
1.65037232210006,1.02150197327266
1.63445856925218,1.11321981063926
2.05041638170299,1.17595053001232
1.59092054557368,1.09440433186632
1.78987760514522,1.18803964180195
1.68037784089859,1.17844529161767
1.89055001540148,1.25271465149216
1.68786252820516,1.08459532607729
1.99735924180498,1.09453730796329
1.90608769861409,1.16015421934444
1.59853159664553,1.16055197969191
1.85308751912545,1.2576956362228
1.8219002883624,1.17049402130906
1.9623981342394,1.39211898904301
1.93094816971811,1.23339811737474
1.65698937082004,1.24099042124684
1.47139012936549,1.14115088787927
1.92651144621505,1.23168663411635
1.688695131257,1.26730817052614
1.64794334867506,1.14379427160049
1.83322680421931,1.25131826251639
1.53886982846349,1.09388124092376
1.62231698747299,1.09466014014238
1.79880498040774,1.19005549990933
1.66782742600568,1.12935225104898
1.71942882519448,1.36036855153959
1.65521850561772,0.990378866167171
1.75596297254463,1.10515586475755
1.50755626359943,1.10576284116731
1.99190605375759,1.35970046555363
1.60308466259511,1.08097622688651
1.73019342613074,1.15728979612362
1.6752240284092,1.10068784498951
1.73663366934092,1.1334758195108
1.72399126914274,1.11546806940757
1.90541541471453,1.17947551079094
1.43729662950988,1.10891043744692
1.77260115361511,1.21314435926304
1.7402919976443,1.18977977959672
1.63076390145297,1.17945879289169
1.9271709022232,1.32461626739849
1.75869468135846,1.18701167633989
1.51225699383519,1.18629368949654
1.48721881630534,1.1673607343471
1.76634123330807,1.14437221888416
1.70422260832017,1.14109155769102
1.67620826561279,1.13929680570682
1.85957310414165,1.13983073090518
1.88877060273325,1.19775791770087
1.88782802678304,1.12487936722754
1.69503544483524,1.0829979676334
1.74453048865249,1.21302693294424
1.86425765127808,1.2561946791305
1.73717583505025,1.12710766624696
1.8197702136582,1.22919558642042
1.68866559083198,1.116216382583
1.78274678443284,1.14286605703327
1.52078583787192,0.926725528981248
1.87599834855242,1.3611464350765
1.97710321608014,1.21398526869911
1.69476359617093,1.04911761806672
1.52316702839217,0.935585428263213
2.08604661567837,1.18682577839384
1.9648826702065,1.19018243442733
1.51980198472994,1.15764836361943
1.82568575403413,1.14437156665704
1.92100193871745,1.40247656387249
1.80261623967618,1.16196532172393
1.90956499711926,1.15726329871165
1.67404495048245,1.08885633683518
1.7269851225074,1.12467572470908
1.70219716329584,1.02691981213952
1.48199745675625,1.17452035135788
1.95098462199858,1.21362314775991
1.83325875894486,1.16750784302819
1.34932347364727,0.991424705545123
1.67435971844506,1.14127987563226
1.81984661862992,1.18931292074409
1.89695602355255,1.25603035959386
1.6697292925153,1.12795335284879
1.89730171145583,1.27328976110715
1.689179298446,1.17476404291528
1.663971909326,1.10916945406467
1.42194628455993,1.19690680067694
1.76278528015842,1.24981445850762
1.95186765412326,1.24255151506349
1.80914160725209,1.16737650042767
1.78544092173806,1.18681482169086
1.72047373337737,1.17546913697964
1.80175101692954,1.17354107371455
1.76796361924118,1.1430231969326
1.76724076818327,1.35508965699316
1.81425588924871,1.20533544560795
1.75037335260096,1.13762470334281
2.11671210987066,1.44348928207903
1.98455256575196,1.25677989362896
1.99958557467174,1.33237786195556
1.56274044557403,1.15011575012089
1.88938007127618,1.13983926903036
1.77867011176237,1.20617600578487
1.47855753280333,1.16429340311393
1.74507966155246,1.11244201547559
1.72480624289213,1.1266747402057
1.64238030876124,1.16487447210543
1.75647258201202,1.16707716828595
1.79146002523721,1.18505182278749
1.62537027797162,1.10181802548023
1.93565913126333,1.43597811102789
1.79173802395811,1.18303515549848
2.01957608251426,1.38166807974357
1.78162460106312,1.26904041500611
1.51443388810473,1.12997282379643
2.00879506106689,1.19726152131778
1.89730909901181,1.32604737547266
1.66347225830665,1.10860663532538
1.52077797243563,1.11696047006865
1.69343426288342,1.06597105319037
1.9421773953973,1.36221238065891
1.60366378572355,1.26938951146658
1.85206592497723,1.24374673048096
1.66226800304402,1.05948705514804
1.89278289656108,1.30660057243645
1.54328798051062,1.06425252523454
1.58846646573454,1.18215071568781
1.79758036285109,1.19323086384566
1.46191256470076,1.16253877159699
1.9305038814298,1.24460747604754
1.98744790945128,1.08085390102988
1.70704947825502,1.12460591199602
1.62274971197497,0.981335487796485
1.94152967446108,1.3574195810344
1.58125203638016,1.24243492581672
1.54313352433828,1.17786952114788
1.86683968981184,1.21670258744964
1.88860966850921,1.27313382098296
1.81385694926385,1.19168265446334
1.81179833158022,1.13132696509656
1.73334671949608,1.18168135707024
1.52068870287806,1.19036274510941
1.77831502677539,1.19358119994578
1.81018257189642,1.11973607890455
1.79193448076032,1.1857354522403
1.82212616464358,1.22108592141857
1.73215182403515,1.23097646231422
1.66419975793083,1.09191325222058
1.43216190495067,1.08463334621921
1.59818046536459,1.17191837950714
1.85471937365632,1.17205395372416
1.72181993243843,1.24440886375145
2.06698660785755,1.34782516315072
1.77720665737681,1.23050795282282
1.88586768712528,1.28614297921939
1.80009404205676,1.23021464506073
1.62869738664505,1.11808367930785
1.65442389487147,1.13049198281741
1.92081231861852,1.26146682965871
1.65571271777149,0.995651054874792
1.99206768643981,1.45692375962094
1.65908386829797,1.2502077644103
1.78645953934581,1.15771870557428
1.28100158149099,1.0231343510664
1.73645980519636,1.15660325774545
1.82075737157444,1.20890198525246
1.7380872893974,1.17328651111254
1.73879481408605,1.09198841593162
1.67898261941918,1.22563567017669
1.70228198160107,1.11958990031504
1.83333620857867,1.21248013044742
1.48393822921566,1.19363994187819
1.71083429018072,1.39663514423679
1.73828609224826,1.17792492750505
2.03258670562983,1.37162284766958
1.84395553548438,1.2081247643856
1.84873793020087,1.19991883921945
1.51839482354739,1.21286638662228
1.66636864577247,1.13882450457311
1.42403828501434,1.14077450001241
1.85122224276634,1.20387320640754
1.88893075603408,1.28193472199427
1.42592540763959,1.1630949886287
1.68326236082176,1.10937628960909
2.19395200871106,1.39998066795007
1.91405384182371,1.26734102978708
1.86872646622784,1.2095499883286
1.76976157166599,1.09232702563442
1.91247636415489,1.14131362811359
1.53570032734208,1.12989123624474
1.72932474151461,1.17420414543929
1.86039692669576,1.24916147920949
1.49211525872578,1.10211406101007
1.71215193907631,1.18124063829533
1.57004138589163,1.29290005608163
2.00840627226204,1.48722106342923
1.95829575980279,1.18856202418655
1.75987497249047,1.20270685505619
1.69967266018251,1.16176486185628
1.55397375164327,1.15688546632375
1.41846717588643,1.11621125694829
1.89580754651954,1.38993505772912
1.96364277085889,1.31908583771611
1.81749602258953,1.31789028589027
1.8202073602065,1.18407865897865
1.63129857997029,1.10624132330178
1.3210821178753,1.07053912875497
1.72166398329069,1.14540313537794
1.73218268276866,1.19383602807391
1.75782507905447,1.17544989060084
1.63293519277812,1.04765058009286
1.40789559132375,1.00596146023455
1.71700011377274,1.13751933557613
1.83555493883271,1.18446195314678
1.78071651095263,1.09509150874572
2.00519314928025,1.36460969312431
1.95795598425673,1.15981220131735
1.31960305878862,0.995895332179713
1.85132372014194,1.26831726572161
1.77726286392022,1.19019079896987
1.55018895394754,1.20301060363122
1.64069167116701,1.13724523195775
1.54937620040504,0.963078578546839
1.777694760591,1.24159405443124
1.58849859991688,1.10121260790777
1.72716830426248,1.15269581528568
1.73425838460043,1.12900140241811
1.94355142108869,1.13434849493085
1.64506165073045,1.01170581442832
1.66096860858084,1.01449369858512
1.82895132178041,1.19156699528533
1.7041366565039,1.13908834452476
1.8431298915133,1.36153791789223
1.85003696728937,1.21532975420241
1.40077933522844,0.975608238116731
1.93925751047359,1.31182915416989
1.52641249892822,1.09531140466089
1.59950247041987,1.02142793886875
1.8377038392521,1.2781678398369
1.50094946627996,1.16411771013653
1.79510258361351,1.20695061163753
1.61641316424036,1.10235729741581
1.40894238046353,1.09292820683561
1.80762861003578,1.18993897965879
2.0908801409062,1.29731462427815
1.78355351612261,1.11035457258581
1.8604306005362,1.25583495610068
1.74063985337009,1.08938655101312
1.42949265770252,1.04098889619723
1.64680666721492,1.09323406066587
1.70255779450272,1.12231169724754
1.69799353580249,1.1416692904262
1.73635767455792,1.2384825772625
1.68636782032103,1.15002160714714
1.75540599748435,1.1661971888576
1.97884382371231,1.38271574891276
1.35737812779606,1.08825780705464
1.56247697267796,0.98941334575001
1.64231400501719,1.0716399630582
1.86573689486327,1.23276416128421
1.94727903386511,1.24442437983445
1.63091390947546,0.984218666696789
1.80980462094631,1.18700545315898
1.62125118545524,0.967542796490193
1.85237646734684,1.21607447671131
1.73950363174238,1.17894045664893
1.96099760519747,1.17385967545326
1.55495939280212,1.09267099416226
1.71407686599704,1.06102421336804
1.52145578932586,1.11966716627416
1.91649219407921,1.26835432193633
1.59483234577478,1.0346698766692
1.59475863830165,1.19407810893024
2.0196612036001,1.26134517300675
1.73830770073761,1.22000266229809
1.80517945484336,1.34516202138606
1.8875812045849,1.28228809984463
1.9086885696177,1.17554671334057
1.82476600683709,1.14375914317005
1.80380776520083,1.14640485798555
1.8038683231332,1.16154372780875
1.72838900899743,1.16320559699353
1.77258808182336,1.23335825695941
1.67932753686418,1.08630791562684
1.92886958196207,1.1608840796455
1.89883605560247,1.32421150119597
1.93106092914188,1.14572172499041
1.76929475539451,1.17447785232271
1.66509034719503,1.08455795649488
1.8831853851406,1.31970387600355
1.80407038543416,1.19019583040107
1.69920285523536,1.11114266618323
1.4769318347297,1.10331993068047
1.78303046813561,1.16624297407825
1.69123242001029,1.14976474456231
1.80153707773058,1.22074321178727
1.82156447943864,1.32059865178367
1.68550900426542,1.14509138164164
1.57964712275216,1.16632387939899
1.78993087354414,1.21926709614549
1.90432203854003,1.30495864847544
1.64634902337198,1.09142775840617
1.51950521484488,1.13127119955815
1.67698502718868,1.19714374490658
1.5894517721881,1.07027960104484
1.5522434910851,1.10572841958547
1.51463061760623,1.05937367154147
1.62740000668974,1.07892243614262
1.70932712907225,1.10669363729924
1.77771595452405,1.19967882634682
1.79366389689629,1.18620510841705
1.97899499504306,1.26591149682047
1.81732249470504,1.12919964472321
1.78819014603192,1.12414929950036
1.97607051141419,1.35444615941468
1.67612485244126,1.19091385158306
2.11600724440858,1.29308404905175
1.74810914229875,1.20223163430157
1.76799392409817,1.18526587246432
1.78010409797486,1.22310454686188
1.70344833271439,1.07369972584919
1.99145553343139,1.28063267098247
1.35782328848638,1.1010901169367
1.98578238493264,1.32706809219849
1.77640687782141,1.15037860213308
1.72706520058885,1.09961202517024
1.99252072771221,1.33235510983933
1.67961174037699,1.08587795116227
1.75994102494037,1.13482781077158
1.78413051365643,1.19897330417164
1.77125025253548,1.08186070610092
1.96679672544089,1.29895431387868
1.91280239664641,1.19676489338734
1.75711789418132,1.15892724487562
1.72982136588521,1.17578949927596
1.7957793363864,1.23268459326841
1.57379639362466,1.11711510706768
1.8266886867865,1.09713312512251
1.91111762939844,1.42523553374331
1.58690902024176,1.13609518754915
1.68287204925244,1.23264049224718
1.64700757713982,1.18576860202235
1.45142235279204,1.1181163008235
1.85542434443505,1.24182828052918
1.80920292014971,1.23898427610198
1.86209943555038,1.40295530420109
1.82372134781389,1.42751040306149
1.74124728043183,1.12650964341001
1.41853560619757,1.10426784280004
1.93830436573674,1.15205430770891
1.92908386655594,1.22490793314911
1.98735184088848,1.33988680791819
1.47495572920172,0.993335180803764
1.60142197185223,1.16278632564421
1.82060363527566,1.20995305538222
1.8508594341558,1.33560617066401
1.83909129160763,1.22845511371767
2.14065005784259,1.28452448479555
1.99401679576304,1.3257470428506
1.81158645509816,1.26052952235606
1.67126570734725,1.08363338670071
1.63001987005867,0.999788929079454
1.79502444314165,1.13514822473352
1.78882364758572,1.09608777791351
1.57099592940515,1.12191556598566
1.6130496285108,1.13638440194367
1.33221978799173,1.07388154100172
1.74587956460222,1.15537293566015
1.80566043223584,1.29482157715513
1.62774106445776,1.12150559360036
1.77233256997762,1.2296018563387
1.3306321473483,1.08377972825086
1.87233534616599,1.33114683816032
1.34998728481146,1.07885968268525
1.79807911847816,1.15508754761094
1.83952097360377,1.16415446501614
1.7929157993676,1.21450347120616
1.76539197710613,1.14174615933649
1.82596210745959,1.17233518111998
1.86950752784863,1.15546000421884
1.86839378072765,1.33689255979782
1.52468708970519,0.968442404527701
1.92910446148681,1.21305402133021
1.55341496205175,0.878247296694845
1.76400478750105,1.18412789114979
1.89452560241057,1.37331442714165
1.67176646386428,1.07897909232216
1.56223107819246,1.20017075977109
1.7209491554048,1.12304337490713
1.76158912867116,1.25420584605695
2.05209508829369,1.21509221925099
1.69249613640984,1.07117397025716
1.99591484004625,1.32634204760106
1.87538897211713,1.19864901061631
1.77268285010299,1.26834590729863
1.87735336519995,1.04751264574666
1.88287095235104,1.28906003331292
1.60517535176357,1.16939846123037
1.64544401204858,1.17733078844239
1.80743183319716,1.23098768690038
1.73827292487318,1.20820846493266
1.82671951919189,1.29964290100835
1.61010044430188,0.976371464027469
1.83073494005067,1.25179500475723
1.60890979626758,1.01042898933139
1.83566111767654,1.18417528835675
1.90385697677907,1.25643532336177
1.70983160158171,1.05943010941443
1.70339556175894,1.17942541088434
1.92173436678972,1.4253396440383
1.88172884575717,1.28980335730594
1.73947711004063,1.10856580763374
1.64585001546279,1.07509031103745
1.69386357940702,1.18251579149274
1.74331952083537,1.17582734397944
1.98944169018617,1.35429656364713
1.75749313104921,1.18046298407402
1.57787920108573,0.987216623537055
1.89222473514332,1.29919371876899
1.81155728933514,1.26387313540605
1.6811201291875,1.22115470186386
1.62485727017471,1.12184628319124
1.78932156200073,1.23656308167163
1.78008457258565,1.19479913971478
1.71451377975537,1.1641105503607
1.87685534953182,1.23649261507746
1.78947522601648,1.15080806605692
1.98083253348872,1.50181198614992
1.88557495312241,1.11680566014921
1.77456170208514,1.30929996160048
1.79204855848968,1.20748567816141
1.82975902306191,1.20672114360315
1.99920944343481,1.43924789576036
1.69618783647077,1.07637149929026
1.76124840894748,1.09486741224146
1.7159683420179,1.06817834886717
1.76250207985863,1.11734758275146
1.70869446571414,1.09336778286866
1.73541405610385,1.15962599472699
1.49183705400301,1.18023829083214
1.60233433593422,1.10040003001807
1.45461417435682,0.874592040156924
1.79383957954586,1.19999573338506
1.95215574735732,1.18174419130559
1.95896514919136,1.44733224958435
1.45755903747104,1.11307810848006
1.62173260831427,1.09169159793124
1.67489343848139,1.12340047729262
1.73374750375047,1.1631923982517
1.86242716184197,1.24119281544761
1.73878967961964,1.18886889303817
1.71848658681681,1.07795015367613
1.78907743562986,1.30966217514034
1.67518236961333,1.18887599748452
2.03191597420088,1.31671147491801
1.69231304502768,1.14760437972504
1.75162383315524,1.17127565451864
1.5968266303202,1.22944568674246
1.6380871645253,1.08575579826642
1.14384879866952,0.876077508601677
1.68926487664371,1.13489670260821
1.69351610417499,1.10450916960824
1.71875386660535,1.10441094503541
1.77687698544771,1.04613941076833
1.8124289773213,1.2623895988037
1.66568086015257,1.1570343267355
1.87140252037439,1.27730672445539
1.75892734241111,1.18175356935828
1.45487693435597,1.07780704033343
1.83038271799803,1.13739502548489
1.46720853018844,1.14870030000974
1.77307323510668,1.17934299636973
2.05436966138083,1.41609000741213
1.61942474299134,1.10094336592989
1.78610082407523,1.20127961178779
1.51207605635205,1.16516510985743
1.93883034386534,1.38442804295927
1.81635218337102,1.28691426631151
1.84489658838776,1.14123348872875
1.90588949837023,1.43204943489586
1.77738242684563,1.19312298457244
1.71705751616881,1.1808052130387
1.85120657598292,1.26425759078606
1.79777661676714,1.24091282395805
1.87648529990669,1.11798738129874
2.11249750123129,1.28320208977391
1.54181713168439,1.21676503857258
1.68421678835439,1.1523274497313
1.94876327394585,1.46556996183907
1.71672246465433,1.19783385424125
1.6601183432301,1.06309697106223
1.7388499390336,1.17604103639755
1.75208932218651,1.16155611506407
1.79652421228641,1.18851082074755
1.93042992275602,1.31342500850854
1.70804646291471,1.33110455927082
2.04483263996943,1.23659497552578
1.97906624648749,1.28862992438558
1.79413223537118,1.15305094233488
1.64899283079573,1.11377628272534
1.40823253671518,0.861513117367091
1.63794298927062,1.13834880548564
1.85354845316554,1.17280288462669
1.79390975945665,1.24516557344314
1.67114071210449,1.12379726168717
1.93885357037845,1.34752014547775
1.47738962601832,1.01328776639854
1.85461709743596,1.20774945775766
1.94499874445584,1.06227147752745
1.9386802170338,1.2285287817814
1.83542799498999,1.21630095341342
1.65423520007209,1.11574226740653
1.80196066574783,1.13193183538751
1.46262113632416,1.17693752153376
1.66534950017017,1.14481442579691
1.81481969710898,1.12513323388012
1.62707429837143,1.14152086148952
1.59926999374542,1.1148152595529
1.51269344986363,1.08573588938753
1.63734145148296,1.12564127257788
1.78772936509966,1.13957954472458
1.66823639606174,1.20708195631443
1.70026624689024,1.38816960570538
1.59733866079605,1.0659088853556
1.68455730510449,1.10163822726208
1.82919576359104,1.24333389065764
1.60676487975829,1.16685515187386
1.76689763314525,1.20332811557224
1.80603861705417,1.23732124245005
1.89186690870711,1.26854322501476
1.57539932011296,1.20867003984179
1.89571204958732,1.23223235167506
1.77431825358811,1.41191137576532
1.62049224595149,1.23529964983413
1.71785632640964,1.1717292530622
1.62296705107271,1.11570710230937
1.82986654811495,1.22498149908546
1.67966197696435,1.08199454153252
1.5425332564715,0.85971081175175
1.36313475746399,0.937362991131108
1.76079341548321,1.21718352166111
1.84198737252765,1.1977316098385
1.66110849425843,1.02210051824892
1.76733067913015,1.19008706297055
1.73511789239825,1.22212920811251
1.85550310143494,1.21575162253154
1.82301183610296,1.19006935420402
1.50066718318058,1.1457988703744
1.84513238656958,1.26781071837219
2.00768528839291,1.2745206465117
1.47207668301546,1.05269796716131
1.81796343243897,1.17788114023425
1.74855144858784,1.15487332007032
1.83191358675358,1.16271697748793
1.86569768806353,1.21044759408722
1.38737244045982,1.09372417659939
1.76462303561139,1.18957379294155
1.47629403376669,1.16179424141402
1.7080938674822,1.24347557794331
1.82705171371967,1.31991600846611
1.31824517599799,1.01912172727765
1.6780070958387,1.25751598735922
1.5212292029028,1.20257373678194
1.984133863826,1.18385420916184
1.93666354699883,1.27874626860776
1.89879652008588,1.27302090027371
1.40850884274789,0.857238116572845
1.43806569752499,1.03257149078236
1.57148260342202,1.16553838651447
1.45423770393799,1.11235694745552
1.92065085435992,1.21314508817497
1.76524026047062,1.2377750839461
1.52917630142782,1.16018968473707
1.76223208812047,1.20813937008752
1.75165893436998,1.20441532821745
1.97948300878449,1.2810355895868
1.88860810528133,1.25399991809015
1.69497758658307,1.168110498431
1.5983973458475,1.02454178127664
1.85409210293147,1.27131284666489
1.78406487747824,1.11674108809653
1.66229838128883,1.08604866893889
1.97067866458464,1.39538135709284
1.83532883980284,1.14621608927984
1.72461506812997,1.14936114382174
1.78057054388257,1.169392753324
1.6498433362497,1.22684782946621
1.77693028536288,1.20765522612515
1.69527986868371,1.05784759071795
1.71739809581191,1.12292477947276
1.39730382339531,1.0994474086441
1.33433418589337,1.00860437691119
1.6886190575303,1.14836457966272
1.49925593579978,1.06968955967473
2.10212394577081,1.21811105133302
1.88553185551482,1.18650147125324
1.77508016340216,1.14929039065738
1.95083671405626,1.13490998098958
1.90637460505186,1.22100230955415
1.79800242954574,1.23281813895643
1.62288336228638,1.17081945421336
1.7119618282961,1.26714023583886
1.54141532484417,1.15075400459214
1.92324582027998,1.2409212214241
1.70313232526976,1.17706332570343
1.56538476954137,1.23157856719433
1.47852297399897,1.06399261199117
1.78385517375965,1.17043191992233
1.56342652416954,0.960364205893385
1.87917937455854,1.21815567848219
1.71000723945327,1.08261384614785
1.73802471222871,1.11137853381147
1.90730750674554,1.28438362760007
1.76066238079426,1.21675911390366
1.81222139368397,1.20396718606552
1.80701131460714,1.18394102050301
1.95414037623506,1.10703589250819
1.56308048626327,1.12353050015608
1.69322824245814,1.17687458681823
1.67901482660633,1.13570955305501
1.8748691679526,1.18962732884477
1.70702829927522,1.35046016349826
1.71325865671111,1.23062582362315
1.75181660688605,1.19056214419061
1.82004566643965,1.21381261522285
1.67882478917477,1.03446954336215
1.83920804210999,1.19295639103952
1.56460904279374,1.11469087322272
1.77237318379097,1.23708751276231
1.79603026773228,1.21168915861905
1.81447851628403,1.23365340768691
1.70592879603999,1.15534448021237
1.59101000424819,0.969874250094092
1.78812525683946,1.27596827215688
1.75421314445775,1.11581432130426
1.8375389147027,1.19630505906345
1.69314552635605,1.24647774063086
1.66007319179291,1.06057324692736
1.84082216257151,1.26816488204294
1.87329354493232,1.38432923807323
1.66192180281926,1.11692767734948
1.77194409244771,1.20894868509047
1.96890422136798,1.32703601324965
1.94426992726897,1.09221495599806
1.83687968310273,1.28067134597985
1.86142106425034,1.20539197889017
1.2863663879968,1.00658245061875
1.70776248741543,1.10755065053341
1.51080192809409,0.99006903263191
1.55285917097076,1.12875236330367
1.72710591667037,1.16135040077072
1.71021377314274,1.097230279825
1.784381881439,1.14734248962339
1.72231980394781,1.17803322042094
1.50344215350022,1.12297876595866
1.78691025696545,1.11008664317256
2.09922660136457,1.2495148688883
1.69378483935273,1.16859171217773
1.690101285731,1.17349084201972
1.86656845984557,1.16639294173815
1.70720273636779,1.08086903773613
1.84745418513551,1.29066364504761
1.87068547886282,1.18617355628814
1.37486811768355,1.04998895245027
1.40434990938283,1.02774547840151
1.90850366962258,1.23152480325764
1.93087403350554,1.35211182532148
1.8432306322933,1.22971518224622
1.85408390128969,1.21435453701686
1.89133828891828,1.33340430250448
2.17519974067391,1.40986784214606
1.99061344321646,1.25811912486171
1.8051713233963,1.23180045934681
1.7420464585116,1.04339016705396
1.87613655458233,1.21159500152436
1.7589838314859,1.09272511102973
1.64677776154564,1.09439225210268
1.50458436775967,1.10550428548559
1.79231931106788,1.15725216737784
1.93811637674571,1.2376183382835
1.81245017304539,1.13590398986608
1.69794041456281,1.14284023440983
1.79138834840825,1.15668655149292
1.90794856723915,1.21569395107379
1.70078315534652,1.08521610145081
2.02892747245589,1.33112176781715
1.8256805118181,1.18970332973165
1.86458535041571,1.23916045485419
1.85394698675865,1.42396511245488
1.86360963896346,1.25719019358052
1.80054164149208,1.01453815702158
1.64706794907743,1.10066318813514
1.79943349370331,1.32940714833906
1.96446902184058,1.20096294935842
1.64952630350698,0.976921667293659
1.72216519749654,1.13862642567622
1.69427854625147,1.15710927728547
1.91182278496095,1.10507081469374
1.80011587983225,1.28155916946654
1.5897085706451,0.993229134385835
1.80121744514326,1.05021830085874
1.71561249940321,1.09189599130343
1.96909719459463,1.19627492190262
1.69343539665655,1.05208802744849
1.89383231096109,1.32370132474111
1.42201664789906,1.13837636868546
1.77616494473709,1.28627796630625
1.7202024688779,1.06633093812677
1.96899505029531,1.19860325268952
2.08329420458341,1.33633490753846
1.51794977405748,1.20313507229355
1.48718143938856,0.997972583097901
1.77396916778382,1.16581536954011
1.75965179990742,1.20853048777072
1.87656873895749,1.2545659460966
1.70149745608905,1.17467610510913
1.41803613348982,1.1206050369546
1.65996877401892,1.18451839043522
1.76755864954767,1.24147932677172
1.6619807765063,1.09914046103671
1.76149206137513,1.06273523210674
1.53344268300049,1.08244911203706
1.63930551175597,1.15508763167691
1.9928994483656,1.23265669565156
1.85868712654398,1.14585058150489
1.86188405571667,1.22088324324388
1.59538643132732,1.17136212594472
1.80827270113297,1.25645909084506
1.70792701549798,1.24218176729376
1.73173726967657,1.04545567636668
1.8636961841727,1.28689698572489
1.4942379203828,1.08972421396303
1.90224854489902,1.24329963641444
2.16752242490669,1.39954882903695
1.43828475327683,1.1110818882896
1.6987190227473,1.24348766290819
1.71998851870882,1.07321489890392
1.88371562412303,1.26371006200879
1.55111820435252,1.16889293705689
1.8059345809678,1.19080235977584
2.00555481903579,1.33411467875981
1.83155464391706,1.17649395030628
1.7175618489757,1.14343772575034
1.72614924073633,1.13015782098354
1.51871570165249,1.08530050071343
1.52071235243259,0.950223100317153
1.70138476303706,1.13760378193099
1.71764294553241,1.18097959291438
1.87880562091444,1.11784158524818
1.76789850079215,1.12872905637515
1.95109678114222,1.22315884473525
1.73842317488938,1.17628409592784
1.75812337783515,1.09684094686041
1.76164544567326,1.36651637296345
1.64081888683931,1.21486798644509
1.46932563073376,1.20670885926073
1.52922487888363,0.880525985761318
1.77534219278987,1.15885865276608
1.723901854782,1.18116815846238
1.65349428402552,1.00194985028538
1.64512619563739,1.10205092769259
1.9651335091472,1.23074766225346
1.69017839685831,1.18040319238872
1.83757601576077,1.18317586688946
1.63675498030124,1.25809184067109
2.02229812916997,1.37055751710719
1.73340469723825,1.16662744998209
2.00136066404963,1.17801345463846
1.7909164359456,1.10780585690364
2.04359225557683,1.20849894751794
1.83126636391247,1.23692262261794
1.56210249706285,1.12805429388494
1.78331460840553,1.23540110919124
1.83476384661262,1.23496054592095
1.62123216898246,1.15245034677627
1.91962235523311,1.2917166322161
2.002745275773,1.22172863134802
1.8831996903074,1.36009415623441
1.75912984596159,1.20474452813876
1.99155419646705,1.29666779714263
1.74787431596996,1.17184187780468
1.39545534727772,1.0147238124555
1.52030718846032,1.20301910230464
1.99529204589104,1.40252206965739
1.2842914826495,1.01167280057683
1.77863311686829,1.14345593240931
1.74396642109537,1.03302367795826
1.55748519967335,0.981722098417325
2.18605459403729,1.38751741539787
1.77996060512674,1.23747937138208
1.95501786263891,1.29610544619823
1.89176996279771,1.21135640473662
1.62694317540376,1.05803896992767
1.47470241878987,0.969851556763561
1.75396782000283,1.19283279302775
1.65257157540745,1.12763716028764
1.84730104770673,1.24125966629281
1.7377831906778,1.1257287075965
1.93652994694845,1.26378236761574
1.42797705513418,1.15765073492626
1.84163212902539,1.07107617122818
1.73037646131699,1.33432663428683
1.40176237687389,1.09096121828322
1.65732237131247,1.11836291670511
1.88635763787703,1.22513706414125
1.47890503950886,1.08900734929537
1.58205351069531,0.972088385842604
1.69661727879697,1.17760456815508
1.71112885148293,1.074181192534
1.71774489709576,1.1899826061178
1.99541757791288,1.34901972109322
1.58083641157263,1.23039138439842
1.49682349010324,1.17832609775824
1.42970702355901,1.00833742502422
1.84628141447343,1.20130385961465
1.49913480816402,1.01161610384445
1.57817913636291,1.08065431860963
1.87951888625699,1.40672128595014
1.705363062783,1.37290383882309
1.78442738481879,1.11258366073439
1.7156952204707,1.17428894345735
1.49163101547018,1.14176253152309
1.6415906377297,1.09812981613733
1.61729008493992,1.09842822513176
1.90022675459763,1.27027800923541
1.84101329731594,1.22950939270826
1.66223510378261,1.00384966161412
1.65375351583298,1.12772695114663
1.92717719956382,1.22366187593069
1.46468723946859,1.03827175429609
1.92235925478627,1.36603550601464
1.83887644409291,1.19620637195497
1.80060694617204,1.22643779600674
1.75720426895301,1.20835404540106
1.42474935350353,1.12764077651542
1.58474994624108,1.12172204153695
1.81607492985141,1.22033371299334
1.92624591870337,1.216307810454
1.85146375350288,1.18924386415433
1.7600526025682,1.12895275185179
1.74113901451258,1.15835222540967
1.70248725467977,1.17187680597682
2.00580707585375,1.36712645868806
1.6806878509641,1.15085598227198
1.44405600115932,1.03914667632255
1.76772499407616,1.19396064017215
1.68860783814074,1.17422933098937
1.92703013990769,1.30440079500313
1.92886562853075,1.21771008316362
1.75080832911232,1.22057831653007
1.72006279091379,1.23453052879952
1.64309350330733,1.10199003360353
1.81496815050102,1.27230918388599
1.59112623106824,1.1335925815421
2.10105154685521,1.27600089137769
1.74771190245739,1.1317682459335
1.81392947911021,1.11619157130802
1.66707881282327,1.07263219804918
1.74914372074486,1.12658511506938
1.821893932368,1.13603134364825
1.91689351872144,1.34787281900485
1.92869863279643,1.09011250924587
1.83964931576778,1.2576362367381
1.7087377188184,1.11732775082817
1.86201581987235,1.23581114472676
1.57083415183571,1.13613154160995
1.80573253517306,1.20811461956475
1.84445056166269,1.18811577868926
1.82863430024697,1.39202325165927
1.75083515458997,1.07363675841265
1.73420237103419,1.17724524524211
1.74339093978041,1.01666357271044
1.77834064077079,1.10149416582758
1.91232000693429,1.17804502164638
1.7672093521993,1.15963229665216
1.7853618387743,1.17635502553386
1.71419770800508,1.11719287883054
1.73826989322433,1.17712929326154
1.74185860434909,1.18056538438069
1.58447452858389,1.01419580085978
1.88170035398089,1.26386563509081
1.68807640903542,1.12627049792806
1.76264021511653,1.21760273100825
1.72328951734865,1.14756522196531
1.7140945207472,1.25335187939488
1.7657278301864,1.22116203557207
1.8759396046675,1.38279573273459
1.29597715267031,0.970970828541395
1.86789747820973,1.2622905176012
1.75270636719146,1.095814424053
1.69049445238921,1.13280540390334
1.63247834912302,1.04502588036532
1.85049918602152,1.14562366588982
1.95025581101806,1.27205671621523
1.9722951997249,1.36452810887666
1.71151141734477,1.10856578660519
1.66400982699815,1.13802530364068
1.74216719952367,1.21369313795077
1.69898358630552,1.14800693796515
1.68400364934775,1.14063569306737
1.69088165980479,1.12540099102652
2.0012412898994,1.4389355451746
1.80829990546686,1.26535565914177
1.98187530163669,1.19304723062682
1.69058496883229,1.17494370209018
1.43091405139404,0.947580019805937
1.84075366197181,1.23168042750467
1.77039782217774,1.16617664205574
1.78860977042239,1.23407859327272
1.84447066118925,1.30956753193098
1.93093176422913,1.29191597064907
1.99957251990036,1.13914053444193
1.5905820965977,0.965251963810823
1.78436275737766,1.22849481751395
1.61992290678379,0.998541760712446
1.76890495063802,1.17007627378412
1.89447571541644,1.10186721301408
1.50974506774963,1.14756854272646
2.08013493411092,1.3561931843784
1.76464036350327,1.17235201664188
1.8507296943515,1.24098743928026
1.71958740562054,1.16307280602124
1.67252233745671,1.16995222058237
1.82321097654055,1.102107577384
1.79870889379099,1.16806605345421
1.87746504486644,1.20570555750151
1.63920500579782,1.14834108276763
1.82178155646564,1.1907476517457
1.74817032125582,1.18936391688045
1.44779853927202,1.05388235165307
2.10468996141357,1.3474468035437
1.84675441979758,1.1757652937986
1.74847393342751,1.34292030957626
2.04565900818549,1.21324974881057
1.53907626934453,1.09659073237467
1.77288107206208,1.27974321599802
1.71767989734007,1.16541961112323
1.69813769142257,1.1395251308726
1.73307015596199,1.15665284628022
1.65778623481829,1.10975009098788
1.86053491520205,1.16516094685431
1.72523454530197,1.23558237386812
1.73902656791713,1.07968595419402
1.81147029871932,1.21725276829888
1.66737041036216,1.11553874780447
1.56966406674468,1.11474408263626
1.77726668504651,1.09885715111974
2.03280355461228,1.23559586526521
1.88882921002081,1.27140843962349
1.75745003029772,1.10408203405074
1.95148489226723,1.37754077977707
1.88565881646942,1.40514721409657
1.9720561046843,1.15376420846172
1.87213078151308,1.25082143423855
1.8348570530659,1.21101420009449
1.69984978390731,1.0508640736365
1.50908723867938,0.998910989074958
1.74699969701783,1.14038937154521
1.68745858399235,1.09968654727456
1.79007466514012,1.1543691028594
1.67037580030307,1.07650153828922
1.83850308623542,1.26149301636631
1.49847391851912,1.0137318984162
1.59417815380305,1.08706722843591
1.56853764125394,1.23205489762405
1.81822801237997,1.19473409356786
2.12108179568143,1.47366876248285
1.79795179774765,1.15241704390802
1.53680179364877,1.19597263732163
1.8742026241036,1.28746142623841
1.79607332734295,1.14340706954651
1.73196724082066,1.14171201713113
1.85297330590891,1.40257612118751
1.79754428091168,1.18390277317827
1.74550723756794,1.12121961518077
1.50957563216587,1.13332809624585
1.62500620563116,1.28484614831599
1.65532668156208,1.14252266566199
1.3500719746317,1.02913941584164
1.90730999172307,1.33949032965493
1.42352522096533,1.12871353603789
1.53420559168251,1.16105205978075
1.8362566018167,1.28240725978985
1.84500716044377,1.11383948517177
1.48756280553031,1.12937236758931
2.00701935582851,1.42879582723524
1.96320868226436,1.31644804629405
1.68514781570613,1.09618222574604
1.96889399293004,1.16227733159708
1.73189534172688,1.20271796066998
1.88575183786446,1.15441709084461
1.62404956360437,1.08860739542579
1.72758124296431,1.160415169559
1.77953466666455,1.15512026673936
1.9544018326197,1.18547909852035
1.63311097444683,1.01552781853313
2.06619827776278,1.22798760496637
1.71610079399545,1.05107779910753
1.53881800991053,0.908705517626765
1.65750103633148,1.29467228564618
1.88958684770214,1.32807590836462
1.75363776776602,1.13259224026094
1.92670448484748,1.23862520739592
1.71143863350708,1.19023268039668
1.7939510013176,1.14457990058778
1.86698374022577,1.19926066620379
1.73498672901644,1.24589483784037
1.8911277113542,1.22826595050591
1.66686234366053,1.06064696662749
1.56235425370376,1.21575111186336
1.48282800536124,0.916521230454883
1.59750873046364,1.09052812338664
1.99016221832261,1.36397022184519
1.75516769300733,1.14894335348281
1.75725963175572,1.15104618982803
1.60242823373118,1.05810710368549
1.74115040404365,1.20795681966806
1.79711847468018,1.15499629641327
1.64697138588636,1.10720209501589
1.81760871462689,1.20694602978923
1.78841312516193,1.18195629636292
1.54998385434238,1.24986486800483
1.79822243157298,1.21408856225149
1.89429312661626,1.21237949206231
1.75614222312002,1.09405076655747
1.79977964499021,1.238003451876
1.9051041428454,1.14094441784821
1.87226257556452,1.20537239541161
1.75936437254109,1.35581510833777
1.67230922741504,1.06829948130775
1.95801703001733,1.38677807440183
1.86064168949556,1.48707583371964
1.70472604667425,1.22345079694088
1.65076458082625,1.12406262284582
1.60600117390855,1.09497984754277
2.01133024389874,1.39351863281684
1.74227704274479,1.16489139891249
1.78562767535714,1.23991873475748
1.98286329172992,1.43369337142606
1.4613123544335,1.14284258881424
1.9209549295814,1.23613309786973
1.57396770461288,1.17503104859185
1.82143507925092,1.08473784075038
1.64205380282867,1.24699251810389
1.77762683805314,1.20073776482036
2.06741013195827,1.27130576030201
1.79822040667684,1.19542851856565
1.65682040076714,1.07251071525433
1.87717194248603,1.27661129866862
1.65938662784309,1.11942866761011
1.70694102886113,1.20670507728853
1.83862673214988,1.17827676258509
2.02733012252541,1.37771741851024
1.75935833902617,1.17104563120158
1.97066819215832,1.17301296443653
1.97762446556473,1.23921150150982
1.86231655055349,1.15340382406319
2.00467010586196,1.36832126282658
1.65793569858246,1.1402393984793
1.78913192839321,1.22155111819808
1.50482874952289,1.19932736493558
1.89607984305021,1.33549812129325
1.8024453809405,1.32229273133657
1.43756453393018,1.13105260876858
1.43129021365728,1.08060694094306
1.66688311687956,1.03391051584763
1.59367325816974,1.04090069335207
1.72590853635155,1.16804626617741
1.69017035088502,1.10443945665622
2.07508057700238,1.19690692690859
1.68016427757233,1.15154883673791
1.78862577653357,1.17298472538048
1.50525455531833,1.19527747167888
1.76412684204796,1.22789832596483
1.86063925091422,1.09203233948065
1.81212832145009,1.16092193036539
1.76522291919942,1.09661008979427
1.71000020863264,1.13130985128186
1.60727865296504,1.26532567603844
1.87686967965397,1.23404242342374
1.40105975826299,1.01513570159016
1.88586777546085,1.13196490900635
1.58546185726207,1.03534364106731
1.72148936270334,1.18703690385553
1.75911518597942,1.15213512209158
1.83048291846919,1.12554060271691
1.72037453799706,1.14638646104787
1.92038061529605,1.11835299855496
1.83836021912384,1.26438580910684
