r0,rt
1.61527671028851,1.12928601948435
1.48483147813574,0.972486745982466
1.507898690823,1.11254214947304
1.34455708166065,1.05076715433829
1.38198515321198,1.05766142109335
1.63124801170804,1.02854481727102
1.66162304256894,1.31992325198561
1.67267518501319,1.27469820412473
1.51382617303446,0.998181693274517
1.5739542456121,1.07713194257489
1.5527765049578,1.02111673200491
1.728772949941,1.02776722942471
1.48522769869365,1.02638616534534
1.75159117827676,1.14279205089799
1.48806137668069,0.968319603566969
1.77970577907098,1.23667832378639
1.47697059575763,1.00452099889741
1.50090623320631,0.94195358513334
1.23346201253107,0.890155531031981
1.65037881232579,1.24136262918628
1.50352899196336,0.976342797661842
1.37426606589373,1.06297753292554
1.34492848024146,0.778510951733698
1.37381486241049,1.02447759591927
1.56686241676442,0.976414092203032
1.43399249971233,0.952254130436455
1.7280560778608,1.00174069361838
1.57005907507545,0.913410088366478
1.55708367365685,1.00195875051927
1.37830173274256,1.10964509473468
1.52892297781608,1.01453850953616
1.72462265261123,1.04599253390484
1.63339169002191,1.04677416981456
1.55992261365059,1.03922125447259
1.40810964479325,1.07333449346991
1.64201254582058,1.11859491848857
1.69552272814748,1.2997771646786
1.22716395605873,0.949911584157107
1.54933923422102,1.03972887017646
1.62329253081797,1.18232719597749
1.69111541296745,1.18495066121562
1.67416530358447,1.02327813546523
1.51454595441662,0.993631919447804
1.53946994485153,0.979828717296248
1.58472857865321,1.08243302852523
1.68272945550654,1.02097738910655
1.51702875254675,1.01257164972098
1.4922844955055,0.911416768429677
1.60882285610818,1.04406337951136
1.44688067748558,0.973186991967957
1.65860108474704,1.07308538518442
1.58376211026371,1.02139998797797
1.71106827518539,1.19792878729576
1.58672694572757,1.05838733052679
1.71118044529971,1.17469309819314
1.44316449819748,1.01646240285883
1.32624715617591,1.03050597683091
1.70919434786928,1.1775444658514
1.35852641692908,0.918072149778349
1.67482615628847,1.08747412228433
1.71674288291897,1.2335547857173
1.58204618979727,1.01831008281864
1.56194063888048,1.04195035112984
1.69315069776826,1.25824638006366
1.44148898332428,0.926499943595633
1.92602315147957,1.29057362716383
1.36900844256153,1.10691511336003
1.57358563503886,1.05913523914341
1.59453163339427,1.05623251128782
1.57933662995525,0.993557339739714
1.61639009444759,1.07405689422498
1.50991012431125,0.935418006961028
1.33264363927358,1.03394580650861
1.32893579389169,1.06989353341073
1.49310317543678,1.00471246581344
1.62916699335861,1.06325221982995
1.68763693734263,1.01127462887768
1.61842559392209,1.09609418476433
1.66299546935505,1.12884282253165
1.61569685092542,1.03389457142226
1.48653677563963,1.01675564374004
1.4898229315797,1.02443855294603
1.49576324760193,1.00182955836302
1.48854443934593,1.00704899348046
1.49997928600211,1.10869744996884
1.56468484604387,1.11287757358982
1.6257502144284,1.05967653568558
1.55959122123833,1.0276144425356
1.61688954400068,1.13486331645471
1.50234740358661,1.04321567025789
1.52819953875121,1.00631600079518
1.4819497575983,1.0415479557579
1.33589486598768,0.878687648428144
1.51339461665059,1.03356069397572
1.66602061368718,1.04889524960572
1.51842129597839,1.02118108401341
1.47990955012083,0.873439524830519
1.66692813331268,1.08512661391235
1.55959933610263,1.0695655890297
1.21641132356,1.00520879478308
1.57518421541194,1.0737033083423
1.75867673828849,1.12386622980649
1.5632762580641,1.16448842951333
1.61396628595811,1.02189626525054
1.5313282825568,1.06238036914153
1.54055429612369,1.0242994666088
1.64184831766602,1.06404440271394
1.61135724567362,1.08567341627178
1.4704178746464,0.966611157243363
1.56049662078998,1.00455736806532
1.36315676011941,0.969941506635316
1.55390398204892,1.01542231814329
1.70462949998805,1.10002740473528
1.50996782301576,1.09451376220943
1.36782046852436,1.0336072641627
1.57971124735338,1.0390379104636
1.55633321706278,1.07281947417578
1.54440226592224,1.01475641070157
1.51104365154334,1.00985073222497
1.45072864967756,1.16895536565797
1.2667696304637,0.936058021032964
1.21736620228043,0.993417899601779
1.58185765736935,1.05008470456542
1.62785014855161,1.05406982992405
1.47467957881769,0.941411648469178
1.56899770225173,1.05244655054396
1.5345190683442,1.04039775749999
1.49552796920832,0.948208196153918
1.45715530611646,0.991445256528836
1.50711696159882,1.04410601719881
1.51828480374169,1.00535606953109
1.82670910379077,1.13050688940221
1.33725883689732,0.981560140314389
1.42655916716521,0.882979514090595
1.60661741164322,1.10015802882345
1.65689792041401,1.11581535700857
1.36430540156282,1.05938394475114
1.59403445892793,1.06279483842194
1.24501983948027,1.00417303400036
1.50893975315627,1.03588672825418
1.52223545486392,0.994530389567498
1.43031470138266,0.98977505283777
1.59475666883412,1.09641249847788
1.62750989258502,1.06128881922598
1.66490300213273,1.05931722531416
1.44777218139383,0.938096992290274
1.64011991103142,1.04103364398465
1.57047249115627,1.00186103197185
1.5482300838285,1.07260896770534
1.56485535018066,1.07469106544917
1.64129255507952,1.08805802073467
1.58255177093746,1.05191708406679
1.54851797784561,1.07572257275844
1.50587001368698,0.962858366815689
1.59124734098638,1.00477980785737
1.44306188093833,1.03133654796667
1.24929943538862,1.00792359681766
1.75765910388671,1.03087198900409
1.65917747213573,1.0808394361831
1.36954894070134,1.11302661440096
1.66574214952695,1.00301744991155
1.63580271649777,1.11946620112065
1.53827833004134,0.97491841362055
1.66037648796318,1.09126831499624
1.47791904297151,1.10867146575771
1.40347600238802,0.973046134957754
1.83678158957524,1.11479461809932
1.69067348926881,1.0228508072455
1.73489582003037,1.19155032206372
1.86638952043014,1.17115619010808
1.57430758316925,1.11094199445819
1.42212438852239,1.01608713752193
1.47487975786976,0.947526823240441
1.37017423597268,1.04320544952265
1.47953868687784,1.07142049963133
1.47464418080672,1.00544403237266
1.57283914271764,1.03829460200597
1.46987752524071,0.987517487523366
1.43867078093208,1.0111320371582
1.34369639435418,0.88978342471462
1.49217867070524,0.999182856767911
1.46407325761893,0.977893146461186
1.19823853368064,0.87675818995426
1.27400864681691,0.948129666563991
1.68477659464054,1.14372492771543
1.66258564430793,1.27048508582899
1.4716114217553,0.961659079440004
1.52247923466888,1.08495830657234
1.5843313885748,1.06048595242258
1.60072196801726,1.05921508287031
1.5128133829103,1.01498872304078
1.76116508894,1.18811396684113
1.520636927051,1.04026853517768
1.65715866650031,1.07524063444232
1.47847584277681,1.04805692109232
1.35042175192008,0.897844366847561
1.7511641115076,1.10396684808653
1.62935471471905,1.06564648757034
1.58289369257135,1.05903031997836
1.32479457720503,0.978901526412976
1.53614443558337,1.01706770402858
1.50430440933441,0.986362758680094
1.68848944235427,1.10467221030077
1.37412271351333,1.02965118129827
1.49002868189212,0.955360097118471
1.46937688489244,1.02682517054347
1.63783075466875,1.01526649248482
1.42983006067913,1.09291103929847
1.34336667484718,1.07048786043751
1.35204187917933,0.901404782628199
1.63341277875866,1.01998380102498
1.47560132862326,0.994601388836065
1.75318132841351,1.21182953728939
1.51954815676056,1.07765325901551
1.54698269287436,1.04806705844638
1.52985356833209,0.980344814452262
1.75422311826856,1.08018407847645
1.55444913854762,1.05598142008173
1.48865802524685,1.01757653053985
1.80066054830047,1.07717899490135
1.71102091756333,1.08497622868144
1.51574113604242,1.06501434440194
1.4075711458153,1.04454837146005
1.728419208762,1.05246121740273
1.74418998038228,1.249335018289
1.29735867976655,0.953541759594052
1.26845887583642,0.783032378453331
1.80971628422536,1.10831708181217
1.53107600649038,1.00056320111518
1.71153197620129,1.07143692510214
1.55470046376641,1.00464188141654
1.56582978804296,1.04663643644681
1.51289910476731,0.911292974413323
1.34783222322193,1.02599306837482
1.82039843847464,1.06231763693951
1.44538173056713,0.927511301194605
1.63745323080467,1.06144435143098
1.47409461794967,1.01477149085235
1.65894805043036,1.13478475776763
1.63250196687914,1.24273239539314
1.67023661114281,1.19560047542853
1.45278963614463,0.989887083569086
1.48561013206016,1.01573316696588
1.62301283306856,0.994087160304636
1.46759216342411,0.998419660692217
1.39749380383644,0.970924475643663
1.27798222140593,1.0038368203996
1.57731939475751,0.956232662514491
1.67158695268623,1.07557069597228
1.59342194448516,1.03042040900308
1.45743677399218,0.874479165586749
1.58519096828742,0.961711088989394
1.53362023086082,1.01174884596919
1.84367646581833,1.09084037005108
1.52787572429876,0.976856885651075
1.66889884584587,1.15767057864041
1.5615125841359,1.02488067483706
1.60213182078491,0.913970424116619
1.61831691463738,1.07281801393252
1.5494464279094,1.04533005354389
1.76143856860129,1.01506209224093
1.75127400707592,1.08322002761162
1.35296044152341,1.02736234093279
1.50631611844646,1.08350156459922
1.41207688013234,0.890751781458867
1.59991975993229,1.08945226281013
1.56188726579935,0.961286406826787
1.71129372885737,1.17889572720055
1.59437227867494,1.04489437808826
1.57848614282044,1.18975138849394
1.56458866365877,1.11927379460357
1.45612972354326,1.08665345076037
1.36695131325481,0.895538872773616
1.45941144976535,0.984171212982766
1.60217083261597,1.05435304001544
1.28263663451756,0.856863050222184
1.57337289224647,1.13794240730467
1.57235572834922,1.08978979759286
1.58595403561017,1.08298345783683
1.51715933822474,1.00661184431415
1.52468773676699,1.15097989679637
1.30079441786398,0.95389971425812
1.51016526509427,0.947800364335261
1.73384587735249,1.19306954645122
1.57645739494632,0.981837281358486
1.59507367871181,1.11336790810158
1.59656522230772,1.05718826460746
1.40785064791589,0.989333153184371
1.43974702476294,0.950253261979466
1.68188579794846,1.19119888159606
1.71060318054913,1.02326858956713
1.54577205967886,0.907403926348414
1.37720815770229,0.990258717448661
1.4143408634944,1.04723282416445
1.49114065325203,0.966233240340565
1.33763044877606,1.00109758461114
1.39452015402631,0.853090131751434
1.63348381506142,1.234023545921
1.60324198012455,1.12347719965039
1.79729055952155,1.08250353622324
1.47368605277758,1.01981864895462
1.67918597174981,1.09085211034208
1.64192197594427,1.15784546255107
1.59178627783681,1.0675365879003
1.460922048356,1.00398701185142
1.61488115168494,1.01862135874925
1.67521384355141,1.13619787226046
1.67263661834654,1.04544098467523
1.68140843468624,1.10083559107588
1.39163051937581,1.01587309144558
1.37473094989231,0.978033757306408
1.32464981108222,0.851023532060703
1.58132596524485,1.09002683025738
1.74345524416573,1.18026795423154
1.64716858072406,1.11574581471223
1.48727504074221,1.11553440339604
1.69624288225233,1.17157051969257
1.24341568477468,0.953944787011955
1.59076053149711,1.06570325013957
1.64904011155307,1.03310207828867
1.617359548029,1.22495594669001
1.71239022112429,1.17593088179569
1.65815048542571,1.03680985720923
1.64797360908544,1.28964037554789
1.56500088223847,1.04892493735251
1.53441723201221,1.18294883222135
1.58212411309985,1.06150531716612
1.46314636317733,0.958727289509402
1.22580417184125,0.788455487462137
1.88792509123509,1.16901683026349
1.40054047970742,0.86405843040041
1.55369363196657,1.00297023663742
1.26692946911829,0.985322511976334
1.64078557418703,0.880130414958763
1.7063436340632,1.28251744042847
1.60633261742412,1.09795708496138
1.65117947151585,1.08391371636601
1.35400675487173,1.0174774891549
1.32147884502566,1.09563148709147
1.46662873844666,1.0045829696705
1.57616677539647,0.999481989713422
1.6374512564217,1.11076688476808
1.64564918617909,1.10864790409308
1.20716822547639,0.966984888628071
1.51860148786869,1.01847688066358
1.73568837628637,1.16810653093975
1.33691655513155,1.09422521798318
1.60592644824824,1.01499176624325
1.70035668148189,1.09563921978542
1.72339623784974,0.960543349471196
1.29613113389437,1.05861735639871
1.61706196087976,0.98279786603257
1.57505703956512,1.03034539553006
1.60365337974636,1.11327100851713
1.66251346651865,1.173344608025
1.53881323626795,0.952915706990118
1.49690303261505,0.988162496273771
1.53329082763394,1.01121714440969
1.60155407850139,1.04969292798345
1.55031082468584,0.942768497220027
1.32577132207292,0.828247118999034
1.60712760833961,1.03367397917875
1.81026765701956,1.14300613938575
1.71698455479928,1.06685501671451
1.71208077527278,1.01322426745566
1.74315875381381,1.29050313933033
1.14167052720885,0.884187448210505
1.55987043752041,1.03922953013657
1.26028565391761,1.01362093400183
1.3765527154018,1.10756722082269
1.42149088113121,1.06467768138897
1.51650560554952,1.02365431720591
1.45711927248738,0.93353732112569
1.67736999112904,1.04495707225555
1.49972454080764,0.985906108455185
1.59232277997126,1.11246013211693
1.41939158725014,0.932976393713469
1.57778006977747,1.05744328275901
1.47983634219826,0.988046120261676
1.48729124615908,0.88346018446645
1.57550506964863,1.0894190100779
1.31595229787069,0.981506041364619
1.65514387184959,1.06201853827544
1.65587266744441,1.08746786492741
1.52154829142051,1.03485610200309
1.59052793206469,1.04843873869104
1.4385505451472,0.905013007279342
1.56310077618994,1.06454457163118
1.25702102515058,0.982800550005935
1.44479176877342,1.05283376632687
1.64784538898437,1.07009564482137
1.36173551579131,0.901622988719664
1.672120464699,1.12599193593149
1.50044049823034,1.05166350682621
1.40790502220672,1.05018941448286
1.51517124511031,1.08426750546172
1.62765598265958,1.05038730149511
1.58054763797294,0.998405912841939
1.56622395267972,1.05911465585659
1.52143720461305,0.928115433869513
1.39088820374835,1.09440702446855
1.53884156312819,1.02315632885349
1.3462883026964,0.969752875942369
1.50131235502258,1.0016404772244
1.97065652935191,1.15906051778054
1.50912339302773,0.993980684761695
1.72501628443446,1.15585361557338
1.29242902586559,0.772604366513314
1.45808183923185,1.02423872958318
1.74914000229433,1.13865338977814
1.32056792946919,0.991128805852271
1.59731413406365,1.11134565039206
1.27638872015997,1.03906566043509
1.6653917377089,1.25108759485535
1.60860659471568,1.0995017081747
1.66698409137522,1.10695775434756
1.61138964991775,1.11654062196889
1.71919084680175,1.13305201307435
1.57159231636788,1.0378132198136
1.66202079345855,1.11695462752223
1.5316363783907,0.99660689369711
1.19062056289607,0.847102076015148
1.64303679353119,1.17078956429595
1.62360317210729,1.02250654141421
1.51125498066222,0.99712957737605
1.18830919170593,0.683501802269226
1.60727404156142,1.06706395364837
1.61475838690432,1.06563696953821
1.44111481229667,0.964252602172363
1.7439693968848,1.15359146398849
1.55280627052906,1.16146071522641
1.71304286338331,1.25945391100508
1.55613913489455,1.0638745540925
1.84210589764201,1.14782431808902
1.34817083287182,1.0274569851292
1.78345064156175,1.11789493171337
1.5388775977505,0.931221510832646
1.60110811997358,1.09028020146234
1.80511124661847,1.02456579168152
1.40475891152257,0.982008043218432
1.30692860683199,0.795433207219806
1.70974352478803,1.21773013122989
1.35377575175579,1.03720788622623
1.64600226374498,1.12433889608415
1.59334791038129,1.00918809727815
1.49443769951266,0.932954010215052
1.73026856379407,1.2304991190649
1.49869734049411,1.04785042643957
1.47188174454469,1.00212086162819
1.36755229371852,0.971668996354949
1.59550050626351,1.01195239533646
1.52342066049343,0.965891448486028
1.63104217159742,1.19546851615899
1.50778391358962,1.00269427948121
1.54883767490766,1.05244048022646
1.67721590493259,0.978337309289873
1.44856632754403,0.945342887370096
1.3208574637234,1.00007022637073
1.35411726860811,1.03378052279582
1.26922579056577,0.86976367968482
1.8746784317157,1.16305495786768
1.78374236297084,1.15914427240783
1.77248359047029,1.08917770914869
1.61029834203944,1.06746255813755
1.52165478616346,0.969452771998875
1.62563343182804,1.01680862979218
1.55678017371647,1.03546107900564
1.60852873402407,1.03003771111242
1.53590107060203,1.00805861196539
1.31506582937202,0.85112341075361
1.72433344665265,1.20061414094275
1.60833389880021,1.05991804072966
1.57971322247564,1.03454983818971
1.4812473791626,1.01616444905236
1.41256051779951,1.01744312392907
1.51111792027696,0.990956799775791
1.8946694024272,1.14531384034727
1.58140654925477,1.07679872084281
1.3440379976298,0.841282490901912
1.48686199159904,1.00733264346505
1.46332371376166,0.918025864508163
1.54244886372391,1.01839369469694
1.30836269997474,1.06425846809736
1.76347445105448,1.12662919989271
1.60312014510835,1.04988554733838
1.59801697268109,1.08773296037883
1.68225234827143,1.01900234082015
1.46469658833635,1.02209323254394
1.32334262922128,0.985535050574255
1.66630405287907,1.2259865269715
1.36752237769795,0.891465672809075
1.69269577101984,0.996132129307211
1.58867747458756,0.992049591958838
1.87374936526581,1.17886962835757
1.76205258266704,1.0052885060274
1.92016556500474,1.18778516078244
1.55929111398381,1.0716321593972
1.49596357720925,0.994894395185173
1.70086587252146,0.964810221913564
1.61526802925795,1.09918966902753
1.55768204043665,1.03984144822694
1.57093634186411,1.11252808278891
1.57989778675087,1.01262402346011
1.54227579422734,1.03623262084097
1.52219996996519,1.03436990947695
1.31223218864336,0.888205688616058
1.69954084325192,1.21149863815442
1.4438597381258,1.08388594174689
1.74354760106706,1.07425359553357
1.43214709924393,0.913958192391573
1.57048825293345,1.04676671704329
1.49011527350386,1.07518973246809
1.50926789761002,1.01184125726192
1.65249356513081,1.05705104315717
1.58502537431859,1.1047488285989
1.49515164601879,0.991453784080051
1.40458284379525,1.03570053397487
1.46156222675814,0.950969739035748
1.28761404156852,1.01090099923168
1.53975203461435,0.956273842730498
1.62589993362153,1.01891887516312
1.47051687039778,0.939016156989705
1.58443658250385,1.23251261597377
1.53492947242432,1.05378892474064
1.49404787769008,1.01009427452431
1.6747047764518,1.11593189704056
1.30315537454441,0.894940245656729
1.57685768018663,1.17175719630459
1.59255048293933,1.05853475949962
1.48240952397915,0.927773039179693
1.63646371107492,1.06472907309053
1.6709453037316,1.09480099954896
1.51089203390337,0.979178261682849
1.46332605485025,1.00141425983546
1.42841651843442,0.992697352443293
1.41342374225366,0.97942363344153
1.54698565122473,1.02040266480031
1.18538094733826,0.837204514876504
1.79095372098911,1.18327927216603
1.30202782946783,1.03385964945249
1.60996672275971,1.24620399660609
1.44027727556882,0.943759648912668
1.37284822087194,0.894703447668946
1.54467124733934,0.935166671676492
1.61897887437618,1.09525198441742
1.26320367709726,0.998105980134236
1.58706096434509,1.08971258034162
1.41658280781422,1.04136217843101
1.27568934926181,0.953066589294358
1.60134056019402,1.11737623563885
1.53679355703085,1.03362434116803
1.56583078878281,0.896914278875776
1.52230182046772,1.07779125046633
1.60080309709954,1.1370768920058
1.47310238842187,1.19750952377248
1.65742143729107,1.21240449117047
1.64021410394752,1.05877961542507
1.55181992817305,1.07959817632632
1.50543835360649,1.15870266650466
1.23915898015023,0.651223096443483
1.5131763170921,0.975441496605287
1.45827066358862,1.01465940706906
1.45688965415735,1.03917333134763
1.44865486774654,0.971858407669135
1.60132467193997,1.01744828152519
1.47298461993365,1.00009200399875
1.74081042963942,1.05780403347558
1.33925615006215,0.781576181970543
1.66829149207516,0.904838333981976
1.34335456868887,0.872287196024276
1.7783905943522,1.24251616674571
1.50353015380587,0.988694052577918
1.57826364337891,1.01495357513467
1.45723632777626,0.990082927570922
1.48646815111459,1.00952919214842
1.31740513023404,0.878175522161243
1.30753315469327,0.797531302184833
1.22405653956824,0.850943637847931
1.6428546247544,1.23039200239132
1.5140051804974,1.01011738953552
1.79063117123764,1.22312115626417
1.4852335416219,0.932426262827236
1.53805546191833,1.03900429815148
1.60978815704778,1.08162320440281
1.57049980407886,0.929589748988269
1.59180517840433,1.10703473435453
1.55477159409431,1.11032475839572
1.44917319323875,0.975557469732201
1.6297066383389,1.07333445203357
1.57870296233713,1.02526387803917
1.51552104594357,0.956400959675353
1.4218725207283,0.962528844780169
1.26703708002971,0.813918029709878
1.38669877545097,0.845273432167932
1.4562842429888,0.985812792942722
1.61733809078701,1.12282824335813
1.46518595802981,0.926500215172286
1.4028871634368,0.928474468477562
1.48035315056911,1.00605950994512
1.64976913864505,0.97879997976345
1.56528805110076,1.03349997037168
1.60107202890699,1.0606022665599
1.81633203516397,1.16889537590167
1.72209301690895,1.12908639842489
1.53553405099023,1.0323663359051
1.61875292301551,1.09755633423927
1.71759728228309,1.11446776717264
1.54729920067714,1.06311863332476
1.44168548281876,0.975466618254618
1.49328565470993,1.0203510060447
1.64865281015942,1.26080015724454
1.56264307587846,1.01472266345636
1.53612500559544,0.901132181755588
1.55831489068979,0.999256537686422
1.56263375979244,0.980137880398883
1.40810872643586,1.01613148391173
1.49929063119776,1.015176794556
1.48916805975327,1.01504634389205
1.48941154571843,0.915756982339846
1.59399370162951,1.07969323597517
1.41531884102928,0.980676953633538
1.67768956019755,1.00385225124215
1.69077613833769,0.960073334525182
1.49705495588158,1.03318987070676
1.60217770261202,1.14649014756502
1.81505964511373,1.19399833435461
1.58534028562014,0.969107116934878
1.44811559304757,1.05201356777074
1.64571587300049,1.1221428146035
1.60298283105245,1.0968635657179
1.77232444732398,1.01926984317014
1.4829999280696,0.983602057212271
1.43700797469222,0.945593261680843
1.28404598738602,0.990964567275311
1.51677282158323,1.00044752445948
1.2615097575656,0.91587681660428
1.69444172991255,1.14367444265529
1.27399164870664,0.955073931538219
1.60070332847036,1.05637844421376
1.53407104390896,0.943968001693254
1.47189209136479,0.972639040562106
1.53578894308025,1.01504596584368
1.61229628350403,1.07569952607373
1.42523448273429,0.983415754008025
1.66922315927288,1.12030268413524
1.5879157029559,1.08259097374098
1.5497528781888,1.04206009142625
1.48652468088761,1.01263803187958
1.54893053103989,1.01168499577962
1.16007753109473,0.891824526469155
1.4832475365717,0.920849173047773
1.41085701794755,0.913997363193458
1.39964598594129,0.962590881791934
1.41162024403543,0.953173271843152
1.49832872630195,1.01258595316802
1.54223233785244,0.993913306142108
1.44096171049867,1.02618755274077
1.26691323892816,0.997738460775888
1.55395813168592,1.03635423703388
1.64553794292758,1.09677151673312
1.14344758430766,0.905994666547357
1.69352424145039,1.13402003170814
1.54372453542465,1.21784932412721
1.75649995264227,0.980622911730402
1.78973268997471,1.05123604506491
1.56808209562376,1.0598342987799
1.31951885168788,0.978824756659172
1.55833044817598,1.04298411821429
1.53747352578056,1.05063064671404
1.6729804043198,1.0830485993242
1.66846111928707,1.14009633207671
1.58388132061234,1.11931931115534
1.43907728135268,0.872654889628401
1.55294513979782,1.09594967384257
1.56290460347417,1.08793350100222
1.49444475855795,0.991725333793394
1.56848027652832,1.16117059752873
1.47485442678715,1.02030669744888
1.37767175281357,0.944831780955735
1.58780682127762,1.07037070427528
1.71005117883736,1.1763952735553
1.59970966893371,1.04791978669739
1.59928646685943,1.04528852950335
1.54295639053385,1.02029485393296
1.54580841171774,1.07703210688945
1.528400959207,1.06248972782056
1.46599214645158,0.981549702273244
1.64217909629979,1.07498511721909
1.59384903161457,1.06166830700361
1.36983294580011,0.852781298288554
1.57209379907481,1.07448727188856
1.72975432528797,1.16277633323289
1.45289830258074,0.969272714984887
1.55737965596623,1.09630155924339
1.63906390093861,1.05673541038166
1.66536171668482,1.1182090977714
1.68245487390575,1.02614085327366
1.56824525367239,1.02683871272874
1.55801793538031,1.09186874281493
1.54520851550741,1.05764845297072
1.52396755960921,1.05924416300398
1.78825818431232,1.16686730045831
1.30961126454321,1.04118755182768
1.49546367726705,0.972631053234197
1.63375932333064,1.08262505298133
1.61453644015119,1.05943644477618
1.57812202149935,0.984777011384398
1.26108246360903,0.936377291829999
1.47377426205102,0.802090270556457
1.2844698637435,0.941505431316879
1.48262784427063,0.980155999687595
1.49284220252018,1.03172341289589
1.57871270029498,1.06832691906877
1.51590587137594,1.09179633717706
1.52007277000461,1.02103776689503
1.56264961937455,1.05940801484511
1.70672091621596,1.24116418538951
1.55748696163326,1.03247427513918
1.51318239699438,0.977219233739827
1.38399428534689,1.0387621809228
1.49417155675209,1.01482316437644
1.44049018714743,0.888233986577473
1.38178975100173,0.903057396310454
1.61220301373102,1.07904737857974
1.5675090474516,1.06415420765657
1.57656900553334,1.03000025708972
1.49327618621972,0.96313387503665
1.55397946325716,0.980777846701097
1.4450861822331,0.963029740485461
1.56580092790515,1.034725781908
1.39986169990637,0.916440829468811
1.54593936679897,1.1158037290526
1.53115377258996,0.980818945889579
1.66167814955315,1.21520953726578
1.56640580837094,1.02408239251474
1.75900260421759,1.03426928273096
1.34851403591089,1.00947104638555
1.58724114275335,1.03332504602047
1.58892879591885,0.985825030431305
1.51003589067687,1.01933724327603
1.49605162853946,0.946155520987465
1.58171766037891,1.07003643478924
1.72349755437557,1.04892232010734
1.32526350096731,1.01589490735597
1.4793925322607,0.950097763295767
1.59819735629187,0.91810536994492
1.32881525675531,1.07085459403736
1.76813826829781,1.04718945515431
1.30053574076882,1.03733511966783
1.45517392946362,1.01207495004703
1.45304135769782,0.871157770296291
1.27296635331217,0.999532960433637
1.41450845791765,0.966854459802622
1.52575759770073,0.975656089947008
1.75692107434919,1.2367472443612
1.51360731989884,1.04912295189864
1.49686873047074,1.06595092647952
1.27795564814059,0.99823358517591
1.40042611665589,1.04307643558929
1.68136865355176,0.948118678084396
1.24961408037225,0.943982017761169
1.49087987527042,1.11895122409894
1.57773904985001,1.01843841554812
1.23182307878693,0.983824449111953
1.58727621876615,1.07840945068362
1.4528116014341,0.92222162650462
1.49768922092372,0.965954718169849
1.39797407738312,0.888998513102535
1.4721761473365,1.03045583933668
1.32762349543939,0.94404520944241
1.71126034854094,1.26734284790463
1.38399620034212,1.00664622758625
1.68800265737119,1.23538776459599
1.45701217236809,0.962564905444337
1.22531973916427,0.910508031499855
1.6116120663039,1.02285738788519
1.48095193980219,0.993457329543435
1.54873308768168,1.10275147898544
1.34250949880001,1.05073941913396
1.55860435111807,1.01987852595471
1.47597540348447,0.950960660706304
1.74706366581325,1.09966152634474
1.73965617582126,1.11889513469492
1.6728841429321,1.02684318838598
1.30882057270967,1.07043935556875
1.82229982867853,1.17414576031278
1.5169742245635,0.949345105978961
1.4784359992949,0.910323064753772
1.51959749350855,1.00215029089195
1.58805433986195,1.0531062059622
1.53653555681441,1.01261437120714
1.51199790642852,1.02688366281938
1.66563880438903,1.0056594085068
1.59591029274977,1.04930176733872
1.60335248882514,1.14631868746937
1.73795067694077,1.12569246021187
1.64173868745584,1.11764139975865
1.60689966865022,1.14577173705532
1.16011854530342,0.907682636566524
1.35937997182119,0.882938238469325
1.28522368689942,0.93853147060478
1.74439950683887,1.26428568162816
1.64449051786429,1.13022982021192
1.50203230902901,1.01443287833529
1.81095730810157,1.03541537659547
1.53421796450079,0.943067632935919
1.38939322549212,0.829702299019546
1.80620928294355,1.04300768615869
1.71420332222687,1.25544885234956
1.36999230828795,1.03303380598347
1.67676981139961,1.17808827471774
1.51955464771024,1.00018338608368
1.41783415433562,0.894011331063953
1.70842716316038,1.11183610522526
1.49828601234894,0.992575807866367
1.66997747570857,1.24372063339879
1.73217291860018,1.128987996164
1.53284063558554,1.00793190690118
1.58210582737312,0.959163381750757
1.46524870163699,1.04475475641386
1.67582357770767,1.08596882045549
1.24146589220946,0.949259257465273
1.7128129444028,1.05904478229359
1.76970763307852,1.02990620770637
1.46012442233526,0.984143911348054
1.6796920630604,1.10331187536396
1.04379872564247,0.759281113463878
1.65905065024951,1.05891715886653
1.63345178661901,1.10201434010308
1.62546551301966,1.08014976155122
1.26397154951387,1.03955178821291
1.52350569708446,1.05171941760346
1.47261684279277,0.995322590330801
1.31894741486325,0.989258709740722
2.04130134693463,1.14515048252199
1.5554158592231,1.05667509222843
1.39260540155603,0.981137997948733
1.66723641814217,1.09507275589238
1.55688138894406,1.05419009463081
1.61680400217071,1.07984936458686
1.58302882844827,1.07499371268368
1.55170736406562,1.01755390169331
1.76954928510353,1.22263889092007
1.6105338998794,1.12977116163654
1.50434963464917,0.953890888976761
1.68275007272991,1.16362898608993
1.60820465299475,1.05355517737517
1.63530043383001,1.14576234585668
1.67590066768394,0.959693410097841
1.48338028747491,0.922767968554068
1.32270968326824,0.880250461641981
1.70013059364751,1.25582728222582
1.5110936814252,1.07297881581396
1.59241337640596,1.03853414670937
1.3015472297169,0.978410376166889
1.64305940665288,1.10801532048088
1.62385906557443,1.1139594320196
1.49658174051084,1.0105353402054
1.73038852341131,1.09055169027211
1.64022628127008,1.10488765520132
1.67881528513617,1.02778958960879
1.60246194872496,1.10255951474384
1.66000647393477,1.08591449922497
1.47897175606899,1.0072835227031
1.64973027686971,1.04551286488943
1.4844605385594,0.955271741127674
1.73361328567619,1.3191651970046
1.50864653253631,1.04709557519672
1.65589922927441,1.10084479070757
1.85248710691384,1.16185444339483
1.60285201257436,1.07817740002629
1.56596224714928,1.04156702443742
1.41950296133416,0.979553236523864
1.50762937872638,1.01415564612596
1.57923476192325,1.05489640509216
1.53294509251638,1.03812912569051
1.49569127974354,0.994978443568063
1.68600696521772,1.07310348774528
1.64035278014288,1.10433287976359
1.62673444183503,1.06957757288833
1.29628830897207,1.01726056722262
1.55083144999811,1.01762936624233
1.47214056299651,1.06723749761071
1.40494015031315,0.873341365037796
1.42387049969826,0.924098946383421
1.50523726386087,1.03577337245097
1.54146821361064,1.05136195251762
1.28376415513925,1.01348574071697
1.68885240066787,1.23967343830829
1.55444243226643,1.0631532820469
1.48216045249112,0.94791564605245
1.64590590601036,1.16471350939904
1.32699291741999,0.941392242840801
1.49804823451006,1.02303480119504
1.26801611922779,0.967674845213073
1.47517045198753,0.907666243222005
1.68404906353269,1.16006589028547
1.57783003630126,1.06542916801818
1.72775132241965,1.1139508533306
1.4748642225955,1.02810813840222
1.45537396086885,0.974724133150018
1.73317386660035,1.07304754976545
1.67201931368293,1.02935765348182
1.74251765799361,1.09477109811452
1.52339663891114,1.06051005604847
1.44949140717496,0.916921443539752
1.66970913346039,1.07567885390966
1.5989694463398,1.05051901018094
1.46673766760571,0.963663459056727
1.6080718699739,1.06557092886386
1.51981407270456,1.02693344967371
1.57400346452565,1.18485488137591
1.58588150081687,1.05788230847179
1.25221981522465,0.993577721817281
1.71297069452276,1.18091376898807
1.47202298944799,0.968866502522527
1.63323505934909,0.993821984206932
1.61836729508222,1.18728461813048
1.66217265066823,1.0985939142076
1.64541558052325,1.23719387715115
1.52699506230859,1.05238205720899
1.55609220786092,1.10302038775165
1.56898002381537,0.99141436419774
1.64846613923,0.946674835013938
1.62323104743181,1.19287035779728
1.54179001769024,1.11671857595946
1.49710904533678,1.02554377349323
1.68612076917013,1.20200410745051
1.62501763407957,1.03327752515667
1.73779147422038,1.02601925634087
1.32604058767653,0.873493028509889
1.54099337626137,1.02304698880265
1.74053134965022,1.07060267580692
1.21787349567655,0.857564481084558
1.62725300965159,1.07451069468681
1.47408627501628,1.10313266387171
1.29020426536662,1.06992153960448
1.48912933240948,1.03537733550816
1.72675645614247,0.977029309714929
1.62339805860959,1.16885859393565
1.54435302482306,1.04421797889805
1.48649275401736,0.992587120961875
1.47237034948317,1.00461757782692
1.55203125862892,1.13002036603345
1.47141732090269,0.979133187195589
1.56573237273868,1.03029181913506
1.63515220863512,1.1263906267629
1.54085088005387,1.0230524358134
1.54043557814684,1.043597454958
1.540300511,1.05421316536421
1.45938884093765,0.969878828723107
1.63171688789086,1.05183152591401
1.40273103233187,0.904214952397455
1.28899649517656,1.04510357985742
1.58988302032577,1.12223957871159
1.6026786689414,1.08153353302111
1.57524152407158,1.06020188802976
1.48453572369021,1.12721912485979
1.75657968491984,1.09088530417483
1.49713489791448,0.942069696941245
1.57847733204563,0.982710051870988
1.25270062144971,0.966967126691662
1.41029031991803,1.02559340293208
1.51672576569108,0.945239691411328
1.78818723051169,1.18901671874125
1.59485599523792,1.0028080111255
1.67039044727542,1.10387628447679
1.62802121702321,1.17789267501477
1.534746052434,0.986422622591791
1.70302891244846,1.10432441738185
1.51118482005191,1.02342691665146
1.45232267242631,1.0241903134968
1.42273137027446,1.03296252382707
1.41085618366704,1.08790978369595
1.64412931614205,1.20179363484096
1.61225736314518,1.04402945124921
1.44291836144879,0.940259058377662
1.60416077068541,0.971144538201665
1.60837851144053,1.01086793429791
1.84394078492454,1.13419786949175
1.36846526047624,0.93441634649199
1.29771089399077,0.869089173674699
1.64743240643967,1.02114814075991
1.67652734016674,1.20072399244594
1.46107518246512,0.921371053643698
1.58370904318767,0.936624825505764
1.29735041773551,0.954739919255624
1.57969204540442,0.990570048027779
1.27057312059172,0.917389763730129
1.339335780617,1.05394460422249
1.73607838148063,1.03477849176809
1.63419445233966,1.09376055467484
1.42261647916893,1.10136674768178
1.57313851426596,1.08593242669413
1.59170815810047,1.05063888295079
1.59394333228464,1.04775610243903
1.49610937466807,1.02211542172072
1.74312019421063,1.28336384885471
1.35529600257737,0.952890680857354
1.65150250865441,1.10946176805839
1.76941811430398,1.28055070863082
1.43894056842894,0.969687489578608
1.50459113918499,0.971149718681503
1.64559377971276,1.01074567169473
1.67392170298436,1.22828177648335
1.46840747368358,0.945145317180476
1.4857181362278,0.955607783762579
1.38444170154389,1.03749950119017
1.44288306049113,0.90990194815137
1.53924526387045,0.956207552599576
1.65118780672186,1.11777310838661
1.33711691955668,0.91100649983384
1.48869666355781,0.95338128377632
1.56766875889642,1.07156487576146
1.49459167612945,1.04923311223565
1.57342110128434,1.04449509853671
1.38394059807214,0.842092693277412
1.62779414274147,1.09565140837201
1.54238073883103,1.00121584135197
1.44673833639753,0.955826449585171
1.34303506021656,1.015434165364
1.57863718574654,1.0149380571538
1.6614857711578,1.06315237149888
1.46365743216965,0.936655812710901
1.76120256027398,1.04475151015185
1.78793650442763,1.11652607764566
1.39743577272308,1.04115818263238
1.58948117223617,1.04129107611271
1.71917451847621,1.19212837024545
0.939154779032952,0.739669442888815
1.60778530393873,0.930194592514113
1.56049672807893,1.08674155403397
1.10763633060391,0.855871339217437
1.19862132998395,0.967242462545053
1.48740990426486,1.02406317322525
1.67154248973093,1.26681784094421
1.51740891474647,0.943484246394964
1.33868407983329,0.994370996657952
1.7008528655558,1.29272795502797
1.5000017874798,1.06488653537403
1.67337006491911,1.2515024846465
1.37985432851925,0.940397346070294
1.60125988715417,1.18213535560712
1.20964652366319,0.947177644460893
1.53201979098768,0.908564040381086
1.46718062565061,0.996498981282149
1.6318757614488,1.01272895029065
1.31302287739148,0.953987061660993
1.5343604973578,0.996640958150934
1.39621807613582,1.11890967962507
1.44927507315095,1.01574167346439
1.5745846729617,1.01089324945543
1.13024403697063,0.805698052594004
1.40746501625145,0.970046985032441
1.65641065267008,1.02936476401496
1.65849864772522,1.06355832119015
1.59287330965351,1.09354739206559
1.56938165221005,1.04981355561091
1.35886565097497,1.10580170986403
1.43050339726031,1.08910370198902
1.55903532608367,1.02969896488818
1.57346172468465,1.06021905867235
1.45854264034505,0.978069488394446
1.76563491494748,0.933831638380866
1.81025651163507,1.15076969077353
1.68241629279964,1.09550283095594
1.39280545815955,0.95345960648672
1.57603306161226,1.0623914924203
1.33368607860986,0.897632979866732
1.62510701904215,1.01554395644333
1.29937287517634,1.01788791109683
1.53630297803303,1.01024043058757
1.60953465836694,0.96832173476623
1.33406848762239,0.788387592873958
1.71622211681215,1.09845239204409
1.57043256003556,1.04519911504719
1.54713341156742,1.14080405185828
1.47967535462701,1.06173021959525
1.81659891206384,1.2598412618924
1.67273838540299,1.12245697607194
1.43096686803428,1.0006999973026
1.46576829211274,0.942918796715614
1.21034028590911,1.00656193429501
1.56190142560679,1.021108578236
1.37519586007831,1.03630577279973
1.50486560035944,1.04185050452048
1.7661034344201,1.21174848661702
1.10206140683432,0.777437015479128
1.57535831596242,1.03407238628169
1.07380431858736,0.868307293342687
1.34208670256261,1.08892420246851
1.27007381904095,1.03742791001623
1.6938073589823,1.07503739336831
1.59999620139972,1.11701328182203
1.61854289294076,0.968024990335237
1.64262429227558,1.08389835377366
1.64787700609772,1.1357788196989
1.76252809995165,1.04045413066989
1.58039659932152,0.983693868944489
1.5035322814698,0.969742028917922
1.32715458921839,0.909271724960846
1.55097634926373,1.01712007670209
1.70730641008999,1.04093777634465
1.43142257939416,1.00796895500946
1.54460445625509,0.993171841177634
1.61973453198628,1.20676161360171
1.48069658302733,0.959344455032023
1.7149760857728,1.15676300975834
1.4497955197533,1.06827519935201
1.48362828089363,1.05861747611599
1.44551971611357,1.14239335224626
1.53955453542143,0.979780497755223
1.53742283245606,0.900881585991364
1.40243110021099,0.96279263317303
1.32323465028797,1.0567428013899
1.6068548375712,1.05876439463639
1.41966904486993,1.00356287674701
1.44630784193792,1.08232980628925
1.64815431470873,1.11584006233692
1.54992687706264,0.975057222864409
1.54612562608791,1.0315796377546
1.47656746567874,1.03510198383435
1.61442024739072,1.01495812992856
1.71877530335639,1.2315263801582
1.60405679727743,1.06583797144835
1.57105495792594,0.972133841771731
1.69840354859457,1.26735002504884
1.73993364699567,1.23180145494556
1.41495414864167,1.00656284830579
1.45715498277221,0.932662921777088
1.20058057221644,0.809474812264684
1.65277406092313,1.09758037160421
1.60677193881705,1.13915639568521
1.75280505693677,1.05963421235964
1.61430139550617,1.09824117393744
1.79704661966111,1.06104377836342
1.41888842597035,0.993563805074634
1.29042216773069,0.873910776406207
1.46612972434591,1.02184666121492
1.64582669233458,1.2318904687057
1.34635818298283,0.95936848672512
1.54625896091369,1.05143932909776
1.55808424526929,1.04721444076151
1.37579485342232,0.811201294055313
1.49879076929997,1.04127017845465
1.52523535323114,1.05245902530394
1.57838593040871,0.988107442392205
1.59780546625391,0.995174781637426
1.45823679172463,0.954926267893602
1.27242650069992,0.898593966514933
1.57157187108646,1.22104482137244
1.13638256951436,0.817432125283267
1.12625359510989,0.788931356553265
1.40125444966597,1.04199229102346
1.71559407358183,1.28056165085142
1.72695794134772,1.05153794150957
1.57539592280268,1.07142209840554
1.54297541073758,1.07019963504603
1.49700997181974,1.03295467461139
1.44038250835954,0.95286206623487
1.68756478490004,1.06575226923243
1.4808158387206,0.999083123737634
1.45281627346539,0.886467862637785
1.49240290419245,1.10771892054246
1.62802080255715,1.08412385498713
1.60425992206323,1.12813518217495
1.21874312888992,0.881724945734553
1.44240294868344,0.964159188554534
1.5827138594927,1.0197469199111
1.15083775990607,0.917343249732385
1.61911649085964,0.955316136350384
1.56552570791327,1.07053387263054
1.44189645553311,1.08362857751866
1.56555555194945,1.0541782407156
1.20414923542225,0.827593913878541
1.53718786082016,1.0396018735069
1.56312239428324,1.09727690666203
1.58395809411057,0.997780020008826
1.62547035133091,1.02308680132468
1.52974802720083,1.02610595123595
1.49826173166214,1.01168494701109
1.51784689175743,1.00329773491785
1.56965326992204,1.06437867361028
1.4890265932596,1.00953353974216
1.48803744575906,1.05270594121558
1.88252977684794,1.1938877930666
1.61649791212612,1.13128234018256
1.54999221793422,0.941372765561829
1.34432775498993,1.01239837049256
1.6131603529919,1.02935466654042
1.59911296361812,1.00069855659642
1.6739368899368,1.03314386281988
1.3976670260963,1.0072185052043
1.55281075308254,1.03064820274093
1.77685358102934,1.11498587849841
1.61907172522738,1.05544749120354
1.54032927337524,1.06969885726098
1.62787024302341,1.20714713814532
1.3649205759922,0.993128671959807
1.56792524921454,1.09276781941693
1.49905570275532,1.02636185551057
1.64901521200814,1.21207904183131
1.59852235446738,1.07039204836512
1.69367630597217,1.04369899077272
1.39167310978798,0.90540043813717
1.31669469437552,0.989284492182346
1.47132673448126,1.01784237946156
1.64774520623231,1.07282682541064
1.44888861086368,0.866083608901113
1.53102073443223,1.06432253853426
1.71331030058099,1.07028975686553
1.63043497893076,1.12835985336651
1.48865273135322,0.997239339238488
1.47906347506119,1.01761675102707
1.52629067417338,1.05341455653855
1.81310856018547,1.03492578987645
1.65480859905752,1.10139197381867
1.49976509138336,1.04816361407163
1.50737679275383,1.04538945566246
1.36792048504116,1.12021769532628
1.56671078199792,1.10875126864111
1.6061867153592,1.08712653344748
1.61517472551112,1.03825515509269
1.698690963555,1.22126406695554
1.62899569678787,1.08167376152691
1.47510666044695,1.02063126818634
1.45187870951342,0.923846658184777
1.32951105992559,0.99665369233348
1.59969004015777,1.11451489398922
1.51544363495102,1.14328699824549
1.60436565867438,0.911114629457041
1.46951683508303,1.03779221006338
1.4357526508529,1.07571428157719
1.44921368507424,1.17572875917226
1.49082262057914,0.977659131339733
1.73936199735674,0.891323374010402
1.46343585388412,0.917172461529244
1.60790971363632,0.983148022496709
1.54080621217426,1.00130533424116
1.54938453279953,1.03493950410622
1.23653051124364,0.968681176057658
1.52778840047706,1.00122958001874
1.56335717742205,1.05772100888245
1.6775682451797,0.96013730366756
1.50792083751728,0.97782900199981
1.29568823027498,0.910147045320006
1.39903202011782,0.901035551008144
1.49525805238415,1.01698336085295
1.18777179813823,0.904385927104286
1.57973443089907,0.919394250207104
1.52943311830888,0.974069214915191
1.5554383875429,0.995671016896272
1.45779183119709,0.948927601940424
1.56217848700323,0.984356232965752
1.42538131736061,1.01852978110961
1.431654077828,0.98106680458501
1.66966421844354,1.11906699796112
1.68229962885108,1.09443996685944
1.55569758019741,1.04054724174819
1.63505096591298,1.15338859762474
1.64678835696037,1.10825873546285
1.4988500283383,1.02326511301796
1.45296503995135,0.937998843853722
1.54295409184491,0.964956201583085
1.66647577579882,1.11538846426158
1.68921843511008,1.10401068572406
1.77789952981262,1.15214703961671
1.51925684663191,0.956590070107244
1.61113717329593,1.00024388621459
1.57637028811652,1.02629860599501
1.62761339945254,1.09641599256953
1.27637075428229,0.993734152186532
1.58840847058819,1.09874694830905
1.80675196328658,1.09256907641375
1.70783493989122,1.26167512180673
1.67900545487344,1.07752754398913
1.5040646750043,0.982447752778722
1.79657420829679,1.08523540425454
1.45804503139075,1.05113160632997
1.9232184455817,1.18287451810677
1.73481692981627,1.036879001458
1.45677775457825,0.869165173719525
1.61071571537486,0.9791864283134
1.48457337834262,1.07407107664207
1.77811676639791,1.33629520750899
1.52575780549575,1.00397563485229
1.42975381228704,0.966091524888935
1.56951272780813,1.03904772882286
1.55142235281756,1.01660703433853
1.70440715122024,1.01472885922285
1.25492856799904,0.951697052091582
1.42587245310458,0.963975361727911
1.58133151958461,1.0543299606631
1.57789255727456,1.0294738872893
1.45217669259594,0.987840410140581
1.66235915362313,1.11739970094787
1.58168500224585,1.07886875333907
1.64485000113456,1.08584712404889
1.521489790405,1.010258353598
1.53875238178604,1.06606641821829
1.84812799317038,1.09190207086368
1.38659894975611,0.962556249445335
1.65515814896344,1.08967623275391
1.60321428027804,1.06450788925951
1.50479006437566,0.990007872254055
1.48630864952922,0.936465910485232
1.79957641299594,1.08163082270037
1.56709858133189,1.07833663565028
1.52733686859582,1.1051881965238
1.60065595992536,1.07652434159731
1.7446822784004,1.1907592623759
1.67445613969765,1.20889831247457
1.45515907685473,0.985717472915095
1.57412711433541,1.21622494690593
1.63500230368875,1.0340059922012
1.69316753576844,1.08501758274215
1.61059882899125,1.0579804481224
1.52324834743617,1.01446847136028
1.58135118452299,1.041828074937
1.72793880258089,1.10845400242467
1.79886157391065,1.11719482264127
1.6952052195786,1.09970475796648
1.66125238101229,1.21159372499795
1.556223944488,1.0281717044843
1.62866179627415,1.10836014869354
1.42066887571683,0.997959384282109
1.54691608325786,1.03478653770903
1.52697349415995,0.994519670689567
1.56345829142099,0.98992885497731
1.42986687480707,1.01733321835992
1.5112173944342,1.15997009755558
1.30748578920371,1.02482183491964
1.68564017246937,1.10745964409817
1.45823121521274,1.0333084426555
1.58909039697606,1.08862569448473
1.76101758429368,1.20894576019938
1.36891583002845,1.07535226797894
1.39107642622,1.04199716761085
1.37901018066168,0.939551699619228
1.60336003408148,0.93350794585127
1.47942902690675,1.05603286843989
1.82773010453878,1.08700374069497
1.58656381941012,1.03929762830552
1.49666149645651,0.997952932982313
1.71974632646239,1.22033898632222
1.57160192219486,1.04808586263614
1.70277789833498,1.16991423223376
1.53182133942904,1.1468173467028
1.57702447511886,1.02977268220544
1.5254656939173,0.999257944460457
1.54752538991216,1.03636294283615
1.68023024391569,1.22835307390418
1.08385843966998,0.57939803873544
1.45676889328368,1.01969457336875
1.6360961569509,1.20148139229266
1.44757938936132,0.986708146103343
1.41879326232873,0.971745663969364
1.44254175812829,0.933021467934281
1.25981790820485,0.953288309391005
1.61321303698045,1.0832230745673
1.50096592546499,1.04108376385012
1.32245550233272,0.851898523679078
1.42031934321566,1.03050006547147
1.73124404771081,0.92088635289393
1.59040015804043,1.04615676853334
1.44784165132857,0.856132231927154
1.40463445665061,0.963559985225768
1.66233767356208,1.14514758271359
1.51340219145084,1.03523064457872
1.36062868427742,1.01813116669166
1.56952177885243,1.03643864078503
1.7264829068286,1.00406835188306
1.41556178830134,0.916679322104971
1.64500072327773,0.967660872321955
1.34570022440291,0.935384145874382
1.63793091211703,1.21986572187525
1.60405146373874,1.08173640613295
1.43296430368278,1.05135155356921
1.78979717877606,1.16922269671972
1.42483134808755,0.952013043414555
1.70993262687436,1.10028591037542
1.46289897945948,1.06068117440168
1.6306533395109,1.22664670862169
1.62461441030483,1.08125958650659
1.59630435097849,1.03118902872496
1.45401190176203,0.87652817864716
1.6278667058282,0.957944725236239
1.65800494858686,1.03785239500891
1.67877166254173,0.948525914776547
1.43295739824154,0.977161588624138
1.67809040742515,1.14484742771775
1.51898490864714,0.994615659106971
1.43149073954577,1.04478820188729
1.61353894172831,1.08549128338259
1.51905893135857,1.01170389815627
1.67960797499398,1.21242187750954
1.83339540246695,1.3209337817515
1.48321349244832,0.986629674305123
1.74039085779894,1.3305216074568
1.74756815771863,1.11813279344418
1.14941218521636,0.903335138891139
1.55928973786093,1.03589064277261
1.80152079205434,1.20908149448342
1.53505959553437,1.07804588714328
1.33559678402171,0.882472249280622
1.21074371245076,0.941358103834643
1.64050326300647,1.06388985773619
1.20610632200407,0.923804653630668
1.24343911393831,0.989439905215106
1.48233717686729,0.965970362498631
1.41193946925268,0.898478795254685
1.41715663618802,0.989357447911008
1.65090283349944,1.17892426575727
1.47884420438964,0.962931186179332
1.33188710596118,1.01238990821622
1.46688711422657,0.971502817769278
1.53817200112209,0.829117875084244
1.54724561024335,1.02291457358142
1.72565868405089,1.27280501112237
1.77933724533991,1.11071317072475
1.46034927847215,0.969772616770964
1.36333269067593,0.980689463248533
1.35869023512146,1.05701436220933
1.58744640906043,1.07073166473357
1.61584732375448,0.959263920658595
1.57541967315226,1.02386295619052
1.68863292443148,1.01280173132599
1.46728947259757,1.00084631776634
1.75024102858868,1.12006765629398
1.50147876687549,0.977209648622488
1.52110093724654,1.0458207420152
1.59327382592981,1.01160825787131
1.51970168969061,1.02297889259817
1.57577351370441,1.02565885817245
1.46516096856327,0.98284723761283
1.1458157856144,0.90591022855294
1.79442819192426,1.12145245705359
1.15002283265027,0.916676632146339
1.47703285997892,1.00682470724714
1.47889975528959,1.02768226104132
1.71934305493343,1.09233608432089
1.40467789635412,0.980240849632831
1.54848513028559,1.00432216705582
1.49803867411454,1.04161821739917
1.51827035999188,1.02620017409771
1.61013911788043,1.04800542836815
1.70240714668721,1.14037807701381
1.69526437973814,1.24852709305238
1.61227955502083,1.07535553005117
1.62714429103214,1.0225325853174
1.25643124459901,0.771170225783337
1.78007043035541,1.28847222900262
1.60770190820126,0.998364042950707
1.30948175131932,0.937663029244302
1.51281264962525,1.13805208908281
1.74307631273822,1.09745226860884
1.7077839016014,1.17061422199274
1.22892129175516,0.982014068082443
1.50330976598834,1.02917496058124
1.43846326286402,0.89210315131389
1.58966949344414,1.06005480665015
1.42366923542953,0.913080255560374
1.4436925495839,0.90358805578184
1.48202432419047,0.961506146084309
1.57033326248657,1.06919504000035
1.64381532783556,1.09121277985291
1.53890160544914,1.03726172973656
1.59433023980233,1.10107926538922
1.66504547662162,1.04173616111936
1.64499470133199,1.07488709452582
1.45675772913909,1.15798816893163
1.56795573053445,1.03725073681607
1.25447397443001,1.00820923827321
1.70064040151775,1.09009676945031
1.50946596751695,0.992069455362371
1.60590128167645,1.08749281553716
1.46246582859132,0.99948283890201
1.49145841493517,1.09349120447952
1.57977162771538,1.02150348077121
1.32250338661603,1.06197696196603
1.33094839082393,0.990153229873625
1.56637491095214,1.01001584892987
1.6160360993737,1.04771356573215
1.51950099718045,1.14828508398446
1.42290151397318,0.966052091197173
1.53438309946624,0.916706787574135
1.50644196593405,0.958986023851298
1.60458860591333,1.00361053603792
1.23548706153399,0.935686467973522
1.53577845404247,1.01556864182639
1.64760968077642,0.986178614156941
1.48098547884909,1.00929376965766
1.44796764191773,0.934691015434065
1.35886872592822,1.03838915280145
1.25314914718576,0.930557902697201
1.44655541585306,1.19058508754702
1.44383024898484,0.951115706400801
1.42214869058836,1.00965081983538
1.62935797419438,0.93507067521743
1.1631675252288,0.939076173128981
1.42597402149015,0.976275111788104
1.52653226921322,0.987273588883619
1.23446606677842,0.886119526485902
1.2182271814818,0.881801036889907
1.66415542836394,1.27976757113749
1.51513130710461,0.929305122937955
1.51997668553464,0.985367546195647
1.62960747853029,1.12688335407599
1.16964620086036,0.849529140323301
1.62976120354384,1.09587444603023
1.36017522819769,0.934885734911463
1.39366790024612,0.962998851956932
1.33635903118521,0.826598659804581
1.45590427651818,0.803988091632804
1.61313170129803,1.20299983914906
1.64648270614585,1.06473195004113
1.2720676028584,0.939003084864361
1.58334370219413,1.20632879646183
1.61308730811816,1.00711349123565
1.53181821211504,1.0942149335442
1.45594363457858,0.95514500341225
1.61835931141415,1.03609868551171
1.71535590974664,1.23541941503301
1.51275563291901,0.991946996051001
1.44631466799384,0.909394006852192
1.69525210297219,1.13703178925767
1.54041908562823,1.08031007457761
1.61001321128824,1.04205494100571
1.2709701153167,0.990963356808675
1.44146362467262,1.01337450330168
1.41442745623988,0.942752068041614
1.60225880276519,1.04181560448124
1.51914355569153,1.06286615001807
1.63799125272149,1.26597649352379
1.64455932251606,1.09839539730752
1.52624181535585,1.02644513064843
1.53800209455403,1.08161417920144
1.52107114971515,1.06892879261354
1.59768884388215,1.10597201544723
1.44920858670712,1.0010641903492
1.57381683519177,1.08448581723882
1.51469297747815,1.00500822025504
1.50893768658039,1.07566601576651
1.74327539515394,1.19979577031225
1.4827696456878,1.0200535764516
1.5675700113598,1.00389960624087
1.49256940116817,1.08980007188895
1.54335088389033,1.15697444352026
1.55823488249106,1.02227555332577
1.62270494910067,1.03977413129529
1.73465452590146,1.10591422185335
1.32809864086443,0.938541665960733
1.57187013324818,1.08186119767794
1.5257472385967,1.00120323859381
1.60610430994725,1.03350871690247
1.66175962302161,1.03149959374724
1.53098131346639,1.01386259358047
1.66315978745407,1.19700021539706
1.90155718173769,1.10811353610236
1.60811970720889,1.08266471871581
1.34665217782354,1.01752173762842
1.47860417897534,1.06192322297203
1.67809764940323,1.08936861551358
1.70386072130764,0.998802275244736
1.48263383642918,0.940108382492994
1.66152077476965,1.12571555813162
1.57858174508931,1.01006890318627
1.48627157820487,1.0395765267611
1.54739697356269,0.964493048643305
1.46866088310433,0.871639580172566
1.05931474847385,0.854081697058476
1.64163085187644,1.21620286265765
1.49625123581285,0.966965415936958
1.5084621157619,0.991027406744294
1.44428989721721,1.05616360392645
1.57426934020323,0.995284629949285
1.55018136961333,1.04205570175248
1.47546909664741,1.04042922616898
1.50770296298201,0.964094524060318
1.51182779907031,0.995466127885197
1.48411115840357,1.00235665659368
1.41067362324647,1.04299553560535
1.51501078432911,0.998236721508036
1.31412384920459,0.861339623437044
1.21567778751522,0.847325115338774
1.33046611891003,0.830856040301834
1.56703212967191,1.04412645692532
1.49144118484702,1.01108652201401
1.21934724793831,0.908766630144385
1.52878051378432,1.01684304385451
1.77845020114636,1.2158766219233
1.43091552000592,0.954069996556042
1.62744983379092,1.16696388289297
1.50993420469039,0.995970523743177
1.50413983974727,0.965502727944665
1.5428485793763,1.0155038853733
1.39812479526236,0.847019064559206
1.37191652286033,0.897617587226367
1.50516216205209,1.03986515547086
1.49195271462772,1.02208477079546
1.44633713326873,0.912809873322208
1.42168739418144,0.889944884105749
1.65025968187412,1.11328912716431
1.56082353677111,1.00594187758226
1.6609566768067,1.12336307632316
1.55042282846725,0.970229806680405
1.64659535237309,1.16113324721978
1.2842202387392,1.00517199727078
1.47922546979909,0.977196086818414
1.48241013698749,1.10602757108098
1.47491410229953,1.00521655618552
1.63811165093718,1.17679978476438
1.41378457950804,0.926374487418688
1.78766284127248,1.26498386740226
1.30929319599873,0.983961357961187
1.52033761194927,1.00527662999079
1.56317247031859,1.03080087895663
1.61101547277519,1.06250485648832
1.5959723935598,1.06116570662106
1.74988079543182,1.28677362286431
1.60352609649382,1.07565523064061
1.54572510363733,1.02612468624907
1.47197822219688,1.01112279834615
1.42719577211424,1.03878279258264
1.4224411724094,0.999278028421818
1.73122276529555,1.19818521840075
1.58983163163096,1.07032855164754
1.6818992989417,1.16704207292678
1.25483065929988,1.00186820654516
1.54832929960596,0.802373036245888
1.35843054625333,1.05553587261804
1.2834623931754,1.00259149416028
1.27942064963857,1.03256412085813
1.73299565139835,0.998356670797279
1.63586207044638,1.2233554609706
1.48363521953831,1.10829660695347
1.51099505408629,0.966318015030697
1.72005030864845,1.09403732525162
1.65885190911104,1.19930381622784
1.26180099193451,0.933077085203102
1.57885488413326,1.03634661817586
1.4595638065537,1.03497663473026
1.66933614644133,1.10056301993626
1.6648757267302,1.14203771369384
1.42722356554576,0.951823460637027
1.42001424452326,0.903680241849667
1.54035788984573,1.00259646602262
1.6719965139775,1.05228917216086
1.44268318515812,0.92387924491126
1.46512565861355,0.99845654216304
1.41807062208575,0.928341728270657
1.60040827978905,1.07999318644949
1.43701297552408,0.989673355205977
1.44895883668009,0.973561351551777
1.49803576306016,1.00922540478165
1.3432946039343,0.942584152911721
1.56918055646933,1.00431026011234
1.50070652657028,0.923144834827094
1.49835008710079,1.07571782331298
1.53965450878354,1.01857257599288
1.75616930681116,1.12971149407558
1.66554862967644,1.05817995515631
1.64128032044814,0.910615306466527
1.39899083349671,1.05137417471359
1.56303973446214,1.06835849620007
1.43888579602233,1.0080925876318
1.45477151839635,0.982819492003848
1.48536079049277,0.982665651836784
1.67749159902328,1.21734861726905
1.3236325720893,1.01884011227603
1.52854801741711,1.00195782012036
1.5031405438475,1.0037926199443
1.52613040144055,1.02372251704286
1.65576390777792,1.01253244077643
1.60220110877001,0.940619307941658
1.7519965222016,1.07185512016477
1.65875591852214,1.10503974167211
1.29215733957979,0.963160286030158
1.57852571773882,0.991784441081486
1.7649567785165,1.10555125182402
1.58602405518723,1.05232270865216
1.53841508948986,1.14271205440008
1.66870647050532,1.11495930085304
1.63263321635288,1.05547174524443
1.6456894493946,1.05167699485832
1.4836733245257,1.00179358855717
1.64467000754741,1.07561687203507
1.41211784414333,0.943802160218722
1.69892801289075,1.13435727170554
1.42549733969034,1.08263919882689
1.40358205748795,0.982284681500276
1.45353279928664,0.923731115399441
1.43059224577106,0.940049139220852
1.5785227938725,1.03805316211719
1.71333543169784,1.14580543279949
1.52707868913937,1.04906467703983
1.46955428894812,1.15429301530559
1.43373152698923,0.951961488484328
1.58907885836825,1.02607511332412
1.42905105425372,1.02815415721008
1.39923613491128,0.895151113859549
1.52936761439409,1.01466568923295
1.65610210727633,1.14138922817054
1.81076860221678,1.30645147221699
1.66782509648428,1.19227463407574
1.54770464495782,1.02881962603103
1.65920470802846,1.09130302411003
1.46681854004474,1.00478527236164
1.44078365314493,0.878729393303359
1.64451976685001,1.11198604754871
1.45518410497925,0.999283549497481
1.51096865109803,1.09061959489628
1.54927200951568,1.0064034765864
1.64702879034604,1.10539951485437
1.75685346318887,1.07556780655311
1.48469097603457,1.0059256967692
1.26224062852001,0.952668751520543
1.39252474673272,1.08637042802681
1.34406413057633,0.860664435214743
1.61282124837449,1.069368258177
1.38961546701916,0.926392084752133
1.83692527381483,1.3062423464226
1.68858381301965,1.11023592755816
1.45309911718535,1.00800121986471
1.48348031855586,1.2226691179854
1.53089531544517,1.0694346907395
1.47283821011243,0.848398965494503
1.40611427573879,0.954274569150813
1.59975877674118,0.99395736589632
1.48947761315381,1.00958589568275
1.66424555402457,1.10152088991708
1.51320932150135,1.07341239440831
1.80799919545116,1.23067988480276
1.67360876379861,1.13684962166448
1.5774006890657,1.1953748440935
1.27100854309171,0.945087198004885
1.56101994591856,0.949852218084389
1.67975089159589,1.25831828946258
1.59068009439135,1.08412088310965
1.69027431299993,1.18040179735415
1.59011366112549,1.0989566289603
1.76342328076533,1.10280305111567
1.4675137679055,1.01555222434731
1.55070312236097,1.02176794883151
1.7142437692314,1.26526729336029
1.65094492298639,0.995245275695666
1.5672440086067,1.08037406980668
1.56580721083178,1.02885588409805
1.39967035134559,1.08499345914284
1.37746790668975,1.03203851472154
1.64436216124545,1.10172027720631
1.66856347334327,1.11375193432632
1.64918870661095,1.13559391056863
1.72921677370529,1.18344359190995
1.60278099918381,1.09662367236111
1.73603981291431,1.24797245319673
1.6632127026557,1.09525746123645
1.6850283000893,1.06112843789718
1.61855124097206,1.08564950422712
1.47737366615215,0.981425172973285
1.64793867094808,0.894509057869608
1.65754222097388,1.16728310739761
1.65094070277058,1.0928915288107
1.5634766623457,1.051415184786
1.59216034846308,1.04698652426359
1.5451620581714,1.08103677830849
1.5362587521104,1.02763959251018
1.64365562039125,1.16958734708124
1.58364491191685,1.09077547351414
1.51697072049075,1.04658497035993
0.97692767862889,0.76152828152525
1.69890701816631,1.18008051982278
1.57947816460445,1.03131541162581
1.55166013966197,1.0181407741718
1.68102763412998,1.06711657017783
1.57423430874219,1.00535395643963
1.44342471753789,0.916779953858147
1.6742449187343,1.16397637409727
1.32832566079846,1.00602824232764
1.3078474771238,1.06354032313926
1.48990350796955,0.993235435091517
1.56830472045398,1.05626765569382
1.59859465265286,1.06209177742884
1.42938271906295,0.974593559221874
1.80296147687014,1.26346254190246
1.4390641792534,0.909712368306474
1.65478068451077,1.11622405521628
1.18429429866349,0.880508898909819
1.57004430177238,1.09452335414847
1.48919191515602,0.970519793294181
1.4810797108171,1.05518705771845
1.47615241734614,0.990479645559617
1.57219865943221,1.0597874382811
1.41273617074139,1.02186394404986
1.49559331728903,1.05423672815805
1.75605623288286,1.13631496115429
1.16948064811593,0.94492574552319
1.55938611943913,1.02216371642291
1.58713426325498,1.05052017465368
1.56118679549132,1.03543770789274
1.71768482223168,1.15206024548281
1.32580144826786,0.890839428822162
1.51211796756818,1.01968990349811
1.77916529718506,1.0667609861132
1.44353948591593,1.03497287374444
1.39407855048941,1.16042734640257
1.44172103570763,1.01006174225033
1.29494560100178,0.9377188329879
1.11677123370199,0.899235695830002
1.50323149513535,1.02254909166512
1.54518310079789,1.03562037213852
1.57427407690176,1.10458203332121
1.56595238906776,1.05044019419904
1.49607899045874,0.939458394143074
1.58621498980557,1.08329305231369
1.54555900026606,1.03287706744257
1.90093281509182,1.25965312395086
1.46312464339793,1.04123739565508
1.4090088380549,1.04468797864439
1.59217666337565,1.10373184024617
1.67201324597743,1.05242120182191
1.82542792152542,1.2729647334346
1.45466953162768,0.915545982795604
1.58930545858815,1.00680024897931
1.55147194773685,0.985820495708224
1.56028638441465,1.20916362442853
1.3230628721567,0.819007365223768
1.74292243486114,1.28935604155324
1.70502523216775,1.12701044297523
1.55058606608565,1.09440686325956
1.35300710266177,0.943875230428977
1.53252998714828,1.02887778991042
1.33881275189145,0.938935141073179
1.56044190150925,1.05812565642589
1.43183337460494,1.02251894473131
1.61981318347321,1.05574837889642
1.55321018566463,1.01041022079399
1.55179116575104,1.08014314989487
1.49723037196764,0.928181935109136
1.55391532741772,1.03375979805522
1.6206593985487,0.95715341069805
1.74222331755658,1.02859905841735
1.53542630266222,1.0517262729213
1.61828966052712,1.09080362059101
1.4718012739023,1.10097005119301
1.40641361773867,0.944162149643587
1.55256592320526,1.08141437135558
1.58882535998522,1.07734259420312
1.65013828405377,1.00250609760874
1.50613251942837,0.986147794934508
1.4938516008553,1.18617767756658
1.52799096998266,0.988630925816403
1.56739724359611,1.1465908435339
1.50781679400064,0.890331779845347
1.55798086034473,1.08586119816793
1.34758425264805,0.991395076053169
1.70430897948858,1.29127667444723
1.57284667945751,1.0048568479833
1.66639358180234,1.03571792141184
1.65554044726219,1.13745718971863
1.62973543424994,1.01956816757625
1.23118010379744,0.958841254141867
1.22691570661804,0.870209523737563
1.59427835560741,1.05831173993931
1.57416512886833,1.06068091460358
1.5446379555482,1.01582583195454
1.54856756877698,1.04638154264326
1.43678546287304,0.906586726999189
1.47191489218252,1.10458784781343
1.46720019733758,0.976088839842846
1.51988846696279,0.985328847106576
1.32013908407721,0.931914827418358
1.55770091664789,0.988254056208546
1.48571246453509,0.910373332912629
1.52854396964378,0.987979328683284
1.54415614956618,0.905440890650595
1.59389461292719,1.06051190341096
1.62070901624339,1.30735361034644
1.47185904818822,0.93396234404024
1.35496501031327,1.00358435902366
1.57208685628861,1.01609972257387
1.59006905335115,1.08152925808112
1.6829127598045,1.06982282506396
1.50401159560718,1.0167337457597
1.7312907949141,1.08097316867144
1.79492346739115,1.24887896912356
1.615033670091,1.06994354557642
1.48469192642743,1.00721270957315
1.41104962304688,1.05373335769576
1.64833528497463,1.11926798943177
1.50732723953576,1.03833029636465
1.55257138049144,1.03976486664102
1.33008069201066,1.02491917656232
1.63541159340314,1.12309744245134
1.57681740750386,1.05821727245522
1.48439028437059,0.929613029695536
1.49211298100417,1.02493023467684
1.43262914213757,0.972018259165878
1.60476979747722,1.03063308702982
1.56066609426517,1.08427305916681
1.43660387197776,1.00989557810927
1.60002971912412,1.1277283432028
1.40239009377107,1.01797184474919
1.5042490634458,1.04405708818102
1.63237391626921,1.20030662480796
1.33707688967159,0.952736082582996
1.62772725459998,1.05953103142909
1.75734488526067,1.15257914639357
1.58302366664636,0.995861903398649
1.53680017083637,1.05871650734518
1.52190330116667,0.986734411433128
1.76228087927472,1.35091490946552
1.63170604387574,1.12738216011994
1.59547732525854,1.05240997217715
1.50851774511204,1.09123815591266
1.74016786579425,1.13975473548102
1.59822050221044,1.08748672902932
1.6133025936179,1.22459176000913
1.59566307098002,1.12225860102934
1.30281710431725,0.937566042569073
1.75109988985364,1.12494484506576
1.38459459549412,1.03721849584588
1.74180140496332,1.17638211149851
1.35241176502861,0.878370170166546
1.47811237086719,0.984302540534826
1.85782101856628,1.15334887663201
1.32317041808267,1.04454281013468
1.70862703641767,1.15480195256015
1.63169823397374,1.13095260241003
1.63544727946421,1.06974135190716
1.77467168938817,1.08391863781232
1.49212193810662,1.01319710452018
1.12504383168861,0.789348289108705
1.3845831168363,0.8871016789565
1.46808770011553,1.01824370740084
1.5281093988479,1.00289745745214
1.35601704621,1.04155244342847
1.51156312572136,1.08826043941182
1.63181757990499,1.06035473345804
1.49709009360898,1.034300423079
1.50233840068665,0.985477823314005
1.66082123402857,1.14631731667632
1.32165666556855,1.05502693561103
1.68095971804781,1.15176016491598
1.38937858059241,1.00780990557381
1.67108256387116,1.21246672139997
1.38998511590658,1.08493551111129
1.48783823668303,1.03030413488883
1.70613299337404,1.11238367129238
1.83021659721163,1.13763474907476
1.41576143077062,1.03407441072246
1.71627443190122,1.12500442797426
1.40010734816013,1.0298629100161
1.56736198489815,0.9990363899332
1.48370516367435,1.05616967693756
1.76627703455696,1.04939985254868
1.4302947019029,1.00110809995279
1.63212558891552,1.1330953382659
1.66985887551452,1.07674790179265
1.38709223661055,0.94954896566768
1.4458758868594,0.963092332236527
1.79396634653013,1.23830051901868
1.45036288386469,0.928551671967101
1.6714821295858,1.11296313195331
1.58794132583777,1.07324814013581
1.50039536392739,0.970458766073818
1.6149350788136,1.11877011975374
1.60511148458137,1.08963066719416
1.33835593665195,0.837254711428912
1.49069728558263,1.07013674656333
1.55371274375486,1.02398907201498
1.62549662034742,0.894690505023745
1.58853433291041,1.06245849175615
1.64852821399144,1.17202734935212
1.72767482540237,1.01474356171597
1.53705378187394,1.20554040640071
1.78593560114096,1.32133506765549
1.25980542547691,0.683477165978001
1.30428595677425,1.02191455799332
1.50445672296068,0.879759913319328
1.46379859028139,1.07038318790573
1.44408163773547,0.986005739932947
1.53122147495542,0.997987855939325
1.56967297685572,0.998742865979961
1.54655264008506,1.0981010871232
1.42368509946854,0.970079146477304
1.57212870306542,1.07648117673358
1.50152158095101,1.03277645319726
1.41633569043512,0.912882436122004
1.62466274106177,1.02489126097165
1.56615679574479,1.104594280414
1.59459098921969,1.091125302277
1.23412725837028,0.990054921913438
1.558133127015,1.0360227601284
1.55066891122884,1.07277806648208
1.70975564987983,1.05218278388353
1.50611929685122,1.00709755611661
1.25309525554944,0.937560168913328
1.71986780195135,1.28213481082923
1.67392428561554,1.07619316485495
1.76238419362156,1.1771394220247
1.59400739116175,1.02325610412105
1.44024242005485,1.04562542102826
1.73017617647599,1.25720927801755
1.31976750934102,0.859313807911998
1.56986022738076,1.0375135179549
1.45875767657925,1.0449965636303
1.3349401631562,0.97201288309834
1.64909967313235,1.23510102965768
1.42181234582946,1.06389342950881
1.31045567855629,1.02751286463907
1.70057598139673,1.00863256242637
1.46937978164697,0.951973575711494
1.62973722072052,1.08910443407915
1.75674448772037,1.16750023746396
1.65741774799153,1.12446625192248
1.76136710657821,1.20147794171888
1.69513025045701,1.22901935658865
1.47617647316301,1.1072269748787
1.54662462895979,1.03362613148305
1.5400497793071,1.1045811708476
1.33843419269277,0.914143589579054
1.36268395293473,0.884042330380503
1.19768296753933,0.892184777933763
1.59487626093735,1.07355044450772
1.40831826890225,1.02456977154528
1.33353103872506,1.01636470802738
1.50050192102452,0.997998951648949
1.45165093710458,1.02152869292797
1.50394610785065,0.978566937117174
1.32496684666256,1.03027781869354
1.37234412015235,0.909477011116763
1.7133044276277,1.04416243156055
1.51992456161504,1.00006537360914
1.70575251325834,1.22661377741851
1.58167742992299,1.03918709775858
1.64533328130283,1.05824154319188
1.59880804177963,1.12878346527648
1.59617511918545,1.06543678890432
1.54573456216147,1.03589183090622
1.55503087375906,1.01597009027573
1.34707304867178,0.993511217390116
1.36468657954066,1.05537086076568
1.52190646409851,0.930843349504959
1.58483556726722,1.08696339173477
1.50427009436592,0.993634993385656
1.62818014548866,1.04176454538722
1.82599611029134,1.3663118169654
1.40823848597794,1.09525948736145
1.76506930992993,1.10228230080124
1.71612382480727,1.13920046196783
1.67958427367614,1.16186250185653
1.5925973944881,1.02740120041299
1.46019938605022,0.906836340473573
1.41173894087924,0.888444003360726
1.31085652091538,0.945036418291785
1.44426264902918,1.22568143600195
1.36081318584736,1.03171188606219
1.61339041569677,1.0701398007603
1.72306799282974,1.19530248758651
1.54206724364758,1.07454236491416
1.63722404925889,1.17959144340512
1.62939197968625,1.10347597750765
1.56199261275116,1.03066218824679
1.44117556920891,0.945496506535759
1.50098741257758,1.01331835937723
1.7973701385989,1.13371940265586
1.75943656929334,1.20948917164419
1.41049886798154,1.02851689997509
1.12320729063553,0.791312697753611
1.67709797617032,1.1604253958839
1.56419417602304,1.00559963358346
1.67903972976242,1.03945764239067
1.55359698487015,1.00449585786922
1.59290080318312,1.07442257316209
1.27513411137933,0.99118170731429
1.64782573156751,1.0554221067837
1.54092588859212,0.848351845001437
1.50315894727007,1.17343274352015
1.40696690579419,0.987193966875464
1.41696125049169,1.06545095134079
1.65720111761829,1.22168826038024
1.59921233312717,1.06544921354165
1.59221054238658,1.06854705835248
1.5424748838975,0.971150285758349
1.3718606507875,0.805810731432423
1.29133089057437,1.02796534690361
1.6172588743376,1.11270615828963
1.61536977251046,1.17002434600512
1.69995242546966,1.12250905667408
1.77413623181452,1.09600219661852
1.47310638993473,0.993962151605685
1.73568720311633,1.20688358056336
1.55850137371936,1.0144923267325
1.56352290718856,0.97567862597123
1.35003528519494,0.905200677101375
1.44586941602432,0.950610855795839
1.53815948555195,1.00038916488766
1.37540676926052,1.03699262698699
1.41339969917249,0.912655864360716
1.52822936472982,0.98065987906817
1.30143202365633,1.01895645717874
1.55076658209544,1.15694002143238
1.5113634671787,1.049986826226
1.67053857248538,1.22229729156141
1.42535766051114,0.991127360787711
1.8813376743786,1.22185053986301
1.61157917327717,1.08056382576744
1.78214071334942,1.27539638920103
1.55740227856394,1.0623792400454
1.51587811209108,1.09193749113466
1.3958209663714,0.954435871104207
1.66516071439235,1.14895259212988
1.48082259415786,0.997014982125338
1.58087954964893,1.01940645282892
1.49129680379935,1.03679055262168
1.66522894874056,1.11735174976968
1.30021456440314,0.842079555285961
1.80505114882019,1.12082434064867
1.46724190148882,0.934756263935574
1.49624120084074,1.03354698910519
1.64837607355181,1.13629259346623
1.50843707903933,1.07665144829862
1.47040846110631,1.00387379212636
1.42606677906391,1.02636379537749
1.74722283145236,1.28335908044425
1.62722502715077,1.02620334701605
1.51282801870859,0.859291337248312
1.47779752266045,0.891590556189195
1.51547429231117,1.05245258088778
1.60024205458377,0.84317059462215
1.20719799560105,0.851501786956778
1.4169643339272,1.0490362423873
1.67471906431467,1.09151305596382
1.75104131351509,1.17050132037492
1.63873592418581,0.928589374621589
1.60592994431348,1.12670468923433
1.14864974293771,0.91960320313025
1.59543827469256,1.00504866070274
1.52405149877171,0.967055634677425
1.52704391095761,0.93148881517165
1.60468122437977,1.14497507749326
1.54086254425725,1.02750920376956
1.71034767303096,1.231525931135
1.57642879189884,1.10333567495466
1.67372024529543,1.05538680158106
1.55019028840684,1.09132688631561
1.53626013963751,1.060261044897
1.46411152754811,0.970885197066832
1.56862370890168,1.0328986384652
1.58430950086789,1.03501073093425
1.67963010672233,1.06614877731402
1.39611235242546,0.940785065341971
1.61294067112356,1.04430998508221
1.46060228848095,0.988738324633506
1.66681087381512,1.13810311583621
1.45199441430316,1.08729855997575
1.39001881545942,1.00410374280067
1.63923693712237,1.23013523068815
1.69098248883037,1.23069782813157
1.15656387909572,0.821182275665796
1.30813051455806,1.01842299139888
1.48513086844652,0.843632485182657
1.52441955390376,1.04271660369175
1.51955838588024,1.19829464283353
1.53249320342853,0.935866017542111
1.59778128413169,1.02750358970711
1.26562914669027,0.982392871379698
1.54414499588987,1.01208993809492
1.64977801083005,1.12034348154005
1.5412625916746,0.996119340977612
1.58661978643681,0.95055346242599
1.41381817101376,0.937610350334469
1.56306619848637,1.03986026678345
1.27243203159662,0.994304474888729
1.61588896912862,1.03115356629993
1.46999878379394,0.871392752748306
1.42081218230763,0.805064704742956
1.29926355758369,0.828874220715022
1.55331664039578,1.06225099783802
1.49346177291603,0.938509183913494
1.30256456164189,1.01704384911388
1.46285903453466,0.919673678878167
1.70087279616616,1.11387750105197
1.48275636506897,1.03949700421871
1.51278603219626,1.04023959173531
1.41845567011611,1.01968703336599
1.4693984283511,1.01765124603703
1.48596211459281,0.983160288450199
1.63049135175183,0.962105392100544
1.64783889278905,1.05389897399091
1.63711070639277,1.08740563890196
1.47602420615708,1.01815270389406
1.58326666827251,1.02690396012091
1.59116856920164,1.2224553668325
1.38133097015459,1.08836168617919
1.57710465604197,1.13721916787455
1.64355012776292,1.04598384506282
1.35636367225018,0.884277761575709
1.43236711627289,1.03613048201278
1.56109920717669,1.03469899566533
1.18050236172319,0.847932683074079
1.57916330416955,1.0086996943353
1.59963927656975,1.08239394057017
1.56598983628674,1.02430216397808
1.65000861934284,1.00030208831423
1.51451376207933,1.07882946170853
1.32450034844776,1.04414406269347
1.50270444501032,1.02524682097633
1.44399276812975,1.01538599586387
1.45432622297896,0.998246322678234
1.29796332711269,0.915953101254672
1.57017568387955,1.06553998437587
1.52294369336082,1.20391793517448
1.38832831500837,1.02636037234602
1.40240776036151,0.989979799891757
1.47273986030246,1.00871335896409
1.57168188405068,1.02168081312225
1.66712519129066,0.940406999774388
1.7694216119348,1.25736787680457
1.62983472515255,0.947106233378362
1.50982746768943,0.991868083159392
1.31305597833002,0.862060440628722
1.42998777073934,0.986167128097474
1.76993572565909,0.993513672484105
1.57765136181113,1.05363042514209
1.6625459098775,1.03214339611259
1.74703071682442,1.05923100687869
1.53366764246719,1.05053495353938
1.34705726147323,0.953835381200974
1.21109257974548,0.947121280366802
1.52894311365934,0.987532364866799
1.48788971598191,0.984372741617252
1.47023472641629,0.942010480605801
1.61195054919613,0.974893893116879
1.83496825315905,1.37007071535316
1.36633397173445,1.03473355817563
1.35178157361511,1.0239086480383
1.68664222345786,1.09900812557439
1.62181165179789,1.09454853943279
1.56436691756203,1.04341927976392
1.63806004954663,1.07774573016457
1.79279116405872,1.1586785911298
1.4030643017607,0.978260102697524
1.54704378013909,1.07060568600983
1.49013246694491,1.00662657653956
1.64990454741288,1.09103314027776
1.60756598984788,1.02735818526825
1.49240297644431,0.977125432603515
1.30786123052714,0.889381197024086
1.55481855122889,1.03659223136504
1.52320721042888,1.06456379551166
1.3499869949585,0.898974126968573
1.49219999358019,1.00817444473667
1.66172713870076,1.15361746603301
1.52415915648691,1.11137839475596
1.4908244130162,0.913416155477075
1.36624599387388,1.09892361575772
1.45889764668586,1.01324861123815
1.71558003480919,1.19472174768879
1.69673776170301,1.12224014392898
1.74256749532955,1.10794154193836
1.6213639447076,1.0320206731066
1.59826214021436,0.928857793574044
1.50852231895254,1.05133771198213
1.24561660729687,1.02203982252239
1.7854609461684,1.00171425234325
1.57437310996038,1.00907853683522
1.7545683901559,1.12312420158515
1.21056207655178,0.958386838389323
1.33744027897024,1.02827520388006
1.59755384228512,1.01558767163638
1.43046167790019,1.01220464630247
1.39651390507417,1.08921287159528
1.52264736201631,0.951146830736962
1.36491989891657,1.01612002511714
1.47347134538725,0.95473730109188
1.34402439801504,1.03572508525231
1.54153691989197,1.00698886440502
1.83055019237277,1.15994386941909
1.64142077179229,1.14546389593172
1.56810175955092,1.05942679716569
1.51895861346219,0.910719204838047
1.58237623162947,1.06221754987304
1.42834774078238,0.9819467700566
1.57052298019259,0.93897099438853
1.60283131815016,1.04258713771368
1.50694132837241,1.22385515351301
1.5004134990659,0.993469911566365
1.36080728401254,1.02788844716832
1.54360412492059,1.05636878702158
1.1835550056298,0.943627545325335
1.25853740602329,0.934289891151626
1.2587682247901,1.01407734847852
1.53496268974664,0.989472905950073
1.5665926441729,1.06879139367161
1.49407009539319,1.07481038615749
1.45030712894546,1.01230700473832
1.39433931404281,1.09771383733002
1.61393603729772,1.07709625059909
1.74099331532041,1.10964991747623
1.29789261716867,0.866431279319312
1.56054933165532,0.990220214447541
1.51900484231443,0.98772784708334
1.59232693730649,1.06439914096617
1.60029572893561,1.08186492092394
1.40634203219694,0.951144808936307
1.64080770757936,1.07230793853054
1.70593958241264,1.01267932321369
1.62960144956271,0.938160646285081
1.7282843326103,1.16665822261281
1.51416954332377,0.825721355352045
1.62248944278284,1.13757300436735
1.50157965224237,1.02254828980002
1.30677301527792,0.785380533416853
1.67884161033169,1.10842112069649
1.24170219228054,0.994270940382544
1.53415928402794,1.03328314246344
1.6983874072668,1.06560853472859
1.32898806469126,0.947546003301646
1.62949759906939,1.20922419122478
1.60537516603591,1.11466034178472
1.45616638100999,0.943938260512692
1.53106511711866,1.06288728659214
1.44854087079776,0.994358461278215
1.53703904045568,0.988745907200127
1.45263779784744,0.942307824648422
1.69323937295136,0.996394135908513
1.57700120222723,1.05406710729841
1.52594254428806,0.989120579502952
1.49441226311526,0.962584396502729
1.43199554425852,0.982382362309145
1.18007603993343,0.805978435485248
1.60539474274554,1.13782024796156
1.52525304681492,0.958954612579779
1.71473348257485,1.02639637625882
1.83964700371352,1.22381911950662
1.43887228836667,1.00880709738482
1.63489279563296,1.19619107950083
1.64956721910333,1.09984200506833
1.56812922493281,1.02874070407976
1.49214128051471,1.01348152386805
1.7984979560996,1.24419459020036
1.7247043794916,1.06300903106466
1.58992116080095,1.06482476232644
1.7018869982463,1.07670220139911
1.52813196717287,1.06051810515016
1.52755747718433,1.0203565299163
1.49232225116086,1.0136139617276
1.56616505374196,1.03862937668134
1.639900043018,1.12782959589372
1.6267907553455,1.11226943833303
1.3502608571611,0.944175805192098
1.71210909837844,1.17566922791981
1.45295503231583,1.01324719727737
1.59708216204933,1.03168336287528
1.3126927001344,1.01271356712513
1.57760041336141,1.02427953238796
1.69306660979786,0.987298031280131
1.46791313671399,0.907648428393838
1.63648546358125,1.01549554061735
1.5500130749872,1.03121798416556
1.66375260737646,1.08294176470745
1.23212237382549,0.708972780842619
1.56205728861408,0.936630406361809
1.64820043189414,1.1004051124377
1.88464379468893,1.17833770607912
1.41292458239521,1.07525804848344
1.63705542618708,1.0378891594971
1.24607401409796,0.997530899880561
1.57197250318139,1.03590208141827
1.56838520061377,1.10483738613059
1.54884829704404,0.907717944086237
1.46937416289766,0.933037462908646
1.48381913356164,0.974766806877537
1.56651180775753,1.03393123534218
1.37044050376086,1.05281201379794
1.46285794270676,0.930957115884605
1.67669398201003,1.15305290558955
1.58689161727361,1.19442376371149
1.3272753891927,0.860342424439266
1.47261262666158,0.980100315009286
1.52351754016768,1.03083909619328
1.64447627609411,1.10449427973596
1.58744083228579,1.09517125015937
1.54827170194833,1.10861728357059
1.51233162234296,0.917908903463122
1.57806182628038,1.01932238700606
1.68526383266568,1.11946153185742
1.57813613201067,1.08159087573249
1.50483500857971,0.961710695457882
1.73146324085077,1.09229463957248
1.39252777886962,0.836938084698301
1.53744708560472,0.996150997737566
1.52848061456342,1.02259514867746
1.19755380560472,0.864771944824366
1.56479369564727,1.02955710696296
1.56105984144414,1.0189181549895
1.53893591173833,1.0231653739982
1.2895107005088,0.883210897917287
1.85137543854108,1.32236853661907
1.67792468829948,1.2245969171305
1.53076039816774,1.05775898061029
1.55894648865054,1.03409356582884
1.53462156433034,1.07146844204654
1.53930931512168,0.944857072537022
1.69591428066813,1.22355974907028
1.49613613883827,1.03923707484002
1.71649965574529,1.23145591980641
1.54056739722445,1.0228370592517
1.72660712644536,1.26843276748478
1.57683214915112,1.30464331755348
1.70453295065562,1.1390234759513
1.54012118474056,0.989626821210085
1.65172441338831,1.06647670770917
1.64294868363877,1.10907386121397
1.62513462047542,1.05684310720336
1.77243357943021,1.29089933271485
1.47261993636249,0.972016040522306
1.650213846469,1.12947011142823
1.48376176755046,1.01839389326511
1.48650947769707,1.0235014588489
1.58426340410313,1.06110363965675
1.92887291182268,1.01991879729208
1.70652334094483,1.28587030540762
1.23544924200511,0.920438902732359
1.52503478829105,1.18818636450232
1.49013489177928,1.03040332958958
1.29237451343687,0.997761781512854
1.6932259074855,1.00958264327485
1.466148648877,0.994734449588815
1.62837186616972,1.03916604132984
1.61534660121685,1.05058280556807
1.17462679786097,0.955693092510588
1.46629240947836,1.06813628786665
1.59527148635056,1.03676958618771
1.44451968839262,1.12458626609421
1.4856271410651,0.953190596780831
1.57025227896413,1.05564560704441
1.38836819976143,0.849925089961243
1.65077119169639,1.12668412365566
1.26857541970816,1.01920526954667
1.25388047005364,0.879536946623423
1.30001656814966,0.74055127892339
1.38077058346722,1.04469585169247
1.30159164128402,0.983822510892049
1.76038240220862,1.22412235496352
1.46680043207486,0.980489147851095
1.48778385863783,1.01817065712186
1.24865407094235,1.0014781483662
1.57951955590396,1.03288381260408
1.20420412842159,0.978851201412225
1.67886510559746,1.22135482503802
1.39501420610999,1.00921931169018
1.45058773559491,0.971245776505459
1.50829588659383,0.995858305746674
1.43104500865317,1.1066986466521
1.49330038520624,0.976803118577091
1.36603441267894,0.866326159158687
1.54712875088464,1.05016059782587
1.39513393163171,1.01359487137442
1.35251578161881,1.09473651231715
1.62173021646291,1.03096730221158
1.18949738536743,0.949518009038038
1.54295514554002,1.02842578508927
1.45767728048379,0.986641878502923
1.52477737278144,1.01753046726324
1.25365877628934,0.822915009974036
1.57159107765649,0.957020295164783
1.67694241736106,1.01150659036438
1.55372550953428,0.981571116976217
1.3806855665596,0.862711931920937
1.56480318570876,1.02503321283898
1.73608563134281,1.00033353688623
1.75145035460486,1.23393378481089
1.62175759015123,1.08620414287413
1.43246281275317,0.955380376425483
1.49072341312008,0.947743355649465
1.64006411563963,1.15660246287331
1.61414193797274,0.939414597347919
1.58592616706017,1.03906337478704
1.54079053992125,1.08076049479998
1.55664223513483,1.03817714852084
1.49714824825049,1.03621276915718
1.53116067108688,0.987078818831681
1.61645961850678,1.05157410188793
1.65318778931608,1.23143922461913
1.60319857001561,1.09469543302897
1.31923961594573,0.813093686308597
1.49718630468531,0.964966329313805
1.44484505885189,1.02682063319438
1.51277245029602,1.07309929841638
1.45843780841838,0.964862156229198
1.4898423115812,0.907320232421281
1.47975586941653,1.02547899854164
1.7191217668614,1.0600694695528
1.38679779192453,0.971166383666523
1.61531505620818,1.05119958843561
1.66794217393649,1.11832303993898
1.53447585389007,0.983048597367732
1.81972162961022,1.14503542090866
1.30428255946896,0.946928778992656
1.51635567232665,0.985018184711549
1.57100317576496,1.07524582637179
1.44331186918769,0.938868142500743
1.35893944185638,1.0382660568125
1.52225195525881,1.03269911561791
1.57845931554446,0.994429314009155
1.61665906226707,1.11052946041976
1.63064918873296,1.08910390326731
1.69728918643999,1.14247633198916
1.51035575572083,0.941797111660879
1.46948998686558,0.939917246636151
1.48735631358691,1.00796756550918
1.29276707317492,1.0145078067585
1.5820884321422,1.0549543125135
1.43271610750695,0.936741224470656
1.75337640877278,1.17637281463301
1.62983986707742,1.14217949360546
1.66924183881862,1.08805581449203
1.33606221114462,0.926872249943742
1.49171697212582,1.02806590268884
1.27410367596698,0.918155163093118
1.32261064430425,0.984046103553744
1.56851727554399,1.02849491062729
1.4133245660315,1.00798376828034
1.76364166142851,0.974131143734101
1.66002517340545,1.18380036417252
1.45440719437575,1.01876424695524
1.64064005254305,1.03806957434955
1.66984983824035,1.11646517245763
1.25592947126049,0.900823476522486
1.55702964042373,1.01342107683351
1.51034012153941,1.0090449549476
1.69986160081808,1.11214338116822
1.60136137998137,1.04642034520911
1.51868317163288,1.03627536557043
1.46343227817315,1.04658326596579
1.51341741790312,0.974217758288127
1.43020023372153,0.98182264354425
1.71821953866874,1.07611728852428
1.65737285874906,1.14024106335849
1.45090975490556,1.06303026448205
1.65920580043842,1.12679442688249
1.41466882984162,1.04790501488271
1.54838452116658,1.09085402138058
1.61584514097722,1.12444112657599
1.53560346871959,1.03082614236248
1.48309221899988,1.05067913125782
1.3712392213218,0.905247819566207
1.35568172727538,0.901558971840563
1.58325251003964,1.11233281001303
1.56113449144689,0.985945192689323
1.42242798289102,1.06860271354579
1.63681020595289,1.12618030658352
1.52041099855701,1.01967514459633
1.54119791830497,1.02819336843498
1.43372928324246,1.01614364034676
1.23835023236025,0.874914381402912
1.50336099651615,1.06201859997984
1.50054112214575,1.07883976707935
1.59562104194931,1.09705872582757
1.64166838443932,1.0106971904367
1.460775339726,0.896077050206347
1.47749652552273,0.924593854036907
1.49618133372531,1.09368710248905
1.43003213112809,0.931754049367826
1.54258442665948,1.06477266179792
1.337365208453,0.968071522617823
1.79052477626216,1.15202514134019
1.70269315641565,1.10744704890768
1.72077939744241,1.04359481423048
1.60293920277439,1.09639728073412
1.72087220758074,1.02082374233664
1.407515953266,0.947815473499734
1.6814348002399,1.03248177249567
1.22899852139092,0.951183022545384
1.65394080857714,1.17675533856687
1.56150708154569,1.02300595842061
1.77344531270242,1.11685477384563
1.32382543913599,0.983237360327667
1.38923913271688,1.06063724807058
1.45019685375591,0.91785388195465
1.3924435819512,0.867100226217066
1.68707402801041,1.11720137642573
1.35612038389468,1.02043089021146
1.48748525324382,1.02753099951879
1.88198844513303,1.23486199898441
1.38971701195898,0.965926667493328
1.52151159314521,1.02546264267226
1.23083798378177,0.988863578557602
1.47369921923452,1.03420777807956
1.41693846217554,0.959858358372251
1.5701969841406,1.09275378500793
1.73212086542736,1.04415393057125
1.4196191036274,1.06031409648253
1.30721003837941,0.835607979383437
1.47129776374801,1.04392658297231
1.17040013015138,0.917192838885926
1.49104993981841,1.00512856473118
1.79827383062296,0.998316482053353
1.48728550663075,0.969298139404396
1.62523765963681,1.04531907701618
1.48417055623142,1.00808865319572
1.63206291749623,1.05285871872263
1.36612954703746,0.892599270389739
1.356273146756,1.02013778169468
1.1697527634793,0.80618206540623
1.54094344882836,1.02052903329909
1.47937944403831,0.944044471693126
1.54802657062731,1.10260933717097
1.66241108790466,1.0449813985969
1.12425680008235,0.851890153765923
1.22202833103761,0.940824066100173
1.72806409018317,1.03281754841147
1.39139687845513,1.06375155386532
1.67872632444681,1.14490553995695
1.52950777466538,1.08764890896998
1.44667429463205,1.07655200810935
1.50566347563434,1.01481994018563
1.70066082639423,1.07254987248087
1.62514645693897,0.994268599628712
1.43009617455799,1.06944730464807
1.54764271121934,1.05123017523553
1.27240392519895,1.01377685668147
1.5351188898502,1.06029528997733
1.69291672912662,1.17282241327933
1.2617906663451,1.01489704582494
1.63370127895917,0.909996824512312
1.48092749121938,1.01300347844632
1.45293586971991,1.07527112281445
1.54398415764881,1.04426010807732
1.48371822711757,0.988685970853184
1.60835513494844,1.04291822890674
1.5467191653296,0.910831244039206
1.51008792152973,1.03571847800758
1.47642492800659,0.989616662772445
1.35922340295688,0.872625968258511
1.59421436864553,1.0681737043704
1.51820022909112,1.07530984055555
1.59090016530106,1.02336516026455
1.53902537552765,0.991213681099957
1.55709511788551,0.970843092676056
1.41120974147983,0.980425713776108
1.58162730205084,1.08665177408475
1.70775207467332,1.18732506212981
1.55578447784179,1.04793047169415
1.54234233761526,1.05697697100941
1.25400937064373,0.955092482209762
1.64768317505448,1.04405781760224
1.71253691931031,1.20026097644924
1.24279994481805,0.932432010745064
1.68133478119475,1.11813515696768
1.55871462212364,1.04781760447157
1.50819290375544,1.00385447395479
1.51309916681171,1.01600323099612
1.51090625348888,1.12642846202615
1.34835848446144,0.944410641558631
1.32102951413643,0.982842865302435
1.44466231134684,0.899271695256373
1.80143657805468,1.10661693377933
1.52981650508991,1.15694828883932
1.78209237170913,1.29515379633495
1.64350391760131,0.951251392134706
1.39789330841915,0.896168588561258
1.48612279176528,1.02591349811723
1.19204101308109,0.850300327526543
1.48067018884628,1.12533834698014
1.43180551444484,0.956887494825974
1.53188060755732,1.02704045691342
1.36308358543666,0.95568784669357
1.53995559801248,0.953767680905232
1.56559505687603,1.04671083382983
1.31392315028803,0.978764084994896
1.73730326502235,1.1468939981238
1.50338513351646,1.07285712417507
1.61274051799575,1.01759456150206
1.46513621592149,0.943909014423824
1.30878892517141,1.04909499360984
1.41398614303664,0.945668665762371
1.5443777210502,1.04039331117507
1.38092235854956,0.924704999765121
1.58474225128881,0.968674946427632
1.60964202182324,1.06716029291334
1.38824058233165,0.965113602505544
1.42894594919554,0.934335091812914
1.57343981508206,1.06528794526807
1.69902515976998,1.07083607573024
1.31778868652421,0.965421530291928
1.65970307043211,1.25866055768141
1.73471758736722,1.21893797826387
1.59061554492311,1.04783525168363
1.36776217934762,1.03881383812402
1.37797696785619,1.08555478932153
1.32678823180482,0.973970800207553
1.38300247198349,1.03926152880853
1.57729708464618,0.951247782097531
1.48020781070175,0.973543573462638
1.58208010880489,0.922032896830932
1.43155490258501,0.95356689287422
1.40636247665763,0.909757050237143
1.56790090118956,1.05883050805717
1.45747326644878,0.977897762433961
1.57973353221435,1.05955708964567
1.65234117081873,1.03769818729347
1.7186340875805,0.985043967209664
1.50768343793753,1.07433666725094
1.61259828203067,1.10862230801965
1.42961492111562,1.05284843172415
1.49716484602912,1.13383398167431
1.14137480890474,0.913248653007682
1.81480999681256,1.03311255128478
1.51025470040373,1.00465078614961
1.3994228943715,1.0305822247468
1.68277634132908,1.23112229207954
1.56890226555285,1.09913782661873
1.6518089596962,1.22152601326567
1.49898155011746,1.01657391604473
1.52562981691063,1.10415064294858
1.72367755367853,1.16605156663102
1.26068836877688,0.788053078298791
1.59705289047344,1.10011565604329
1.57731863512166,1.05836818615071
1.5507916650479,1.04694555703149
1.43780442791403,1.0673379974232
1.67190843846591,1.03725309741205
1.5355264919527,0.986425530438954
1.68694365672041,1.13439317825194
1.5492156934123,1.02198197114725
1.57709077675143,1.0279215945291
1.54905195329221,0.986794732985325
1.29151906854344,0.908355480724368
1.53773015856602,0.825347725248251
1.45682729989414,0.998391729763517
1.61310386111578,1.13191096302823
1.24282904155045,0.99688711568706
1.5109304034182,1.05590366330221
1.61902418551055,1.25074562946607
1.67287888322477,1.04671334121426
1.40612889082471,0.88011536938111
1.55824286683805,1.03683608657204
1.633649343595,1.20446364454987
1.74879984460938,1.24572860257414
1.80848276778278,1.16793888455626
1.2309078419999,0.843677502964129
1.42870185073966,0.993293068125483
1.59866961604877,1.04469616857937
1.63198995210153,1.0233811559605
1.60585938368623,1.01086458649982
1.50238194388756,0.995554970609392
1.71790851896957,1.11633790421545
1.61870494941218,1.09435533450571
1.65806083658418,0.976163224362557
1.52666136725112,0.951424702589796
1.61828022270154,1.07596551544962
1.60795923231771,1.12059312596456
1.46118217939308,1.00161088972635
1.6004149333659,1.0180314181613
1.60386045382389,1.06112420377339
1.53107401090184,1.14681994259996
1.57748298393244,1.02235795531366
1.39753902841556,0.96512018965405
1.47947567392681,0.928332651830473
1.6040880892326,1.10752419456026
1.43405684848445,0.910341209224249
1.31036704356722,0.846427710716048
1.58884699187781,0.937563884973824
1.51704954700979,0.941940810589474
1.55661409451191,0.989949266772381
1.6992295631812,1.09698402713234
1.4235344202413,0.982334703706107
1.43908803390573,1.09314861215078
1.77254246159827,1.27135013909479
1.52079326765726,1.00782174202129
1.42977501251441,0.925043172970601
1.51653787466239,0.946104975621199
1.60743607846017,1.07826760872061
1.69448259487887,1.08320579878555
1.72559120878317,1.22582641035931
1.4537922388165,1.00709269953424
1.84844911460535,1.30715484985984
1.39001240145466,0.849305967693298
1.46590055115709,1.02140066632984
1.53873347206572,1.04382206636398
1.57574910640595,1.19539650560077
1.66364514677039,1.06938801276862
1.68054508230674,1.25185700593961
1.43321173351306,0.950492079773328
1.70452769257093,1.07968357281653
1.72246860933939,1.1095616822855
1.39435562126251,0.908221762492092
1.69920995163814,1.24320834673828
1.55056765355554,1.25894972345302
1.3273700804681,0.981019830414224
1.71103180190391,1.16320006393779
1.63931736059929,1.07272191029432
1.44554331560592,0.979256583749063
1.79606230092245,1.12192271862535
1.65909281682517,1.01430638526062
1.52595933210935,1.01813867939096
1.87172298354497,1.05763019710047
1.5164983552297,0.996155467900602
1.52236579015587,1.04772844618021
1.68361818777276,1.05630966648957
1.46723816556389,0.973946167817822
1.62449412007156,1.06809204706756
1.62567745561574,1.05451512847306
1.58058875451875,1.02019069913373
1.5330581852433,1.08034440364331
1.49032826706267,1.03024492177843
1.48395686146574,0.962253004039575
1.59769580264874,1.01656184482122
1.65986900665512,1.0780578005604
1.71551964559313,1.04186952445985
1.54947820783079,1.07013326338245
1.49080465244989,0.887988184193871
1.59921116279738,1.07635608744631
1.72695330094207,1.12096659961874
1.50588137676224,0.987254328410927
1.35145341303462,0.95198382917377
1.51883504476734,1.21951625680252
1.62370146425096,0.994492880999977
1.6925203108089,1.1302133107691
1.44093739958486,1.04319554330465
1.73659741928257,1.27573619969237
1.537182013575,0.980427007942707
1.65944916158317,1.14858967132169
1.79147829890227,1.28419640786841
1.62037517671526,1.20645456248147
1.72991558533094,1.13144266546389
1.46721823935921,0.94144561342338
1.64509897565019,1.21242530690347
1.61933275357871,1.07251904808195
1.51861506059236,1.02902764883745
1.69195285707997,1.12412269134589
1.53065550388441,1.03837009655726
1.47653828901371,1.01053060689347
1.48490969068871,0.981386531875662
1.62764631789352,1.07554195388803
1.80946767980448,1.08927759933969
1.65629000322654,1.13331552744195
1.54783748423408,1.01916906987057
1.57717305193705,1.06077330008719
1.59288732812207,1.05536786105573
1.54060014787424,1.12079570676089
1.59430794337343,1.10121421275326
1.50385090636427,1.0771118376281
1.54197360478951,0.957024638514386
1.25687010415788,0.731954763287204
1.63798819799681,1.17480348394052
1.63106011609973,0.99680688429798
1.21077074362573,0.974220127994845
1.75663332549793,1.17994687769776
1.62159548709411,1.13899952015358
1.41682032584886,1.06809944667169
1.47347943635918,1.01452637964238
1.61090785555199,1.04119523370186
1.48904286468913,1.02129564844406
1.56004292494319,1.01360147236138
1.50490866103363,1.05378504701435
1.48116216766642,1.0288016078408
1.38828388025953,0.99734854612097
1.60209754467644,1.07235374127386
1.4822867157303,1.0228774766272
1.49529163949616,0.992237753969501
1.58973032104226,1.07627902507888
1.72949238957969,1.29756637986961
1.66556250217868,1.04973074035972
1.52498693241618,1.0543608221153
1.36928276784745,0.833630590295689
1.48134871046056,1.01164786056575
1.54910227393916,1.02922262563492
1.56527714366781,0.941376247830133
1.53417285543911,1.04937001185095
1.48581449051965,0.995626737370728
1.59406125933636,0.994039899282306
1.56152680749502,0.98580133416256
1.69662599687611,1.01730662745311
1.54055268170963,0.979193979847947
1.64235768288036,1.06943821437074
1.35506622489544,0.996951069146152
1.44837533465439,1.00080341730676
1.60335806799797,1.07076355688424
1.5000704535037,0.989920517168555
1.27662158240084,0.93760291026197
1.60751423419205,0.950369960022536
1.50493509764275,1.04828327191068
1.68026193728246,1.10666653958282
1.50396562096827,0.960488082721692
1.7340943740283,1.19602801433594
1.54315425768466,1.07921314715993
1.69297108856708,1.11060246631437
1.53119740372377,1.11186458794371
1.52711283918899,1.04302280358054
1.75253229118348,1.26164434731713
1.44760209938263,1.0576286675528
1.45304898727983,1.0936152670613
1.38195829280199,0.976384012235208
1.30556800777577,0.862809167875631
1.62541034273663,1.02959368399951
1.40400859117467,1.04061492010281
1.55040998578945,1.05823625597854
1.70007507382728,1.26881086103431
1.56897759384486,1.05447535268951
1.74917249243188,1.15697317696357
1.53722539950899,1.02115125808742
1.54958052059574,1.07419587807966
1.73805787242959,1.06360515515405
1.46627262395278,0.909460866836682
1.4997820643027,0.9703150419073
1.86284474191707,1.23863328817227
1.2742350066264,0.997217696223859
1.42294924004313,1.1184784312961
1.37644040371563,0.996904417271133
1.54718429257049,1.05719468620634
1.43072277389711,1.10353779048142
1.51231343659062,1.00168685834236
1.47977558359809,0.891575108022611
1.63386382982178,1.03697740474945
1.51357087504398,1.05322773891554
1.71018802852018,1.18903314369696
1.51949451178259,1.01168240869347
1.61029861517345,1.0227015945647
1.6225168852411,1.0572810837312
1.28543111871259,1.02505007941194
1.4262918052923,0.901270461838825
1.54378765629193,1.11901089055747
1.58376416579673,1.12998954108107
1.37356659593656,0.874977075473783
1.46550728851042,0.9831887047687
1.63229387341912,1.10423682439572
1.35972022909847,0.960461852184658
1.62912439225346,1.26181803243889
1.293844921352,1.00514298823215
1.59735884859117,1.06291459088433
1.16945632263811,0.932704592147342
1.59461297256405,0.97466641026082
1.90195053434184,1.07023681606519
1.2694762225334,0.995162085596042
1.62118595271277,1.05404008537844
1.3901994811775,1.02731670441876
1.44672954465312,0.988626389004764
1.5328378792359,1.01064625272926
1.60228515241215,1.17748687243721
1.49235015320644,1.09409765220988
1.78538224073954,1.25046556067842
1.5734684047288,1.0699492397834
1.7516458724175,1.15505732506018
1.50242396784783,1.01986631566321
1.30190941767405,1.00392905345742
1.56437638279828,1.02544832955706
1.56288249920659,1.0576627210274
1.74022714161981,1.15918703022008
1.47333646092452,1.01599903339831
1.60237687563215,1.0332040134054
1.55497043021626,0.926705251784637
1.46326315283137,1.07823766904128
1.57463012024503,1.03896755207904
1.40372311677901,1.03024809664604
1.85330049747383,1.11966039767183
1.60654184482601,1.08281425209572
1.41936593447568,0.896822065144689
1.44099702276717,1.00446678854076
1.71956388293566,1.17816979935127
1.54280322618416,0.972127707616649
1.58330376020962,1.02766041937265
1.58097150483487,1.04923862508527
1.46606755943121,0.908225256952533
1.53225200769604,1.01352522351798
1.66781299189018,1.09001492359497
1.60737324044679,1.11653004170615
1.66881832970154,1.14048778321647
1.73636931220991,1.07967063493284
1.71984978946558,1.03372288788682
1.8840309849705,1.15102174303988
1.63878035484847,1.08971432461493
1.37234257023105,1.01233337042158
1.51554711863072,1.00526706887393
1.78958997678571,1.1288351560383
1.71437260770114,1.0578167900589
1.33544186401813,1.02092576782511
1.77551894612115,1.13651904985642
1.515436112925,0.947545440951169
1.21583360974075,0.988329645542549
1.53536812067137,1.10210412994033
1.73394526432384,1.26537270911151
1.51845656779816,1.00187257388334
1.49152548840902,0.96046502140652
1.57002443427131,1.10268919527811
1.40425055132416,0.890781035016847
1.63590286045083,1.01708218087197
1.43258182770926,0.902591012135781
1.58507989591298,0.98982129654914
1.58221473598785,1.21060050056009
1.27690587820916,1.02561798062051
1.66795008694732,1.15201507919256
1.76204235287145,1.06352822132974
1.41722969454677,0.896643137350228
1.61032524701838,1.03131492775105
1.49909879843953,1.05587545274471
1.6558921390382,1.04637583813946
1.46526818169383,0.940620032137688
1.28725341421448,1.00297585692641
1.64998960199251,1.13567986296344
1.68457891909548,1.2025863523657
1.34216539564137,0.759010005280465
1.45382782591692,0.987426344310659
1.44394049384668,0.942782524571348
1.65599679748657,1.07784819716073
1.54209095418555,1.02525464787832
1.32794442401608,1.00015178461214
1.39291903216585,1.06452032597674
1.60315417250129,1.11945226936256
1.41461719753647,1.04036825952551
1.35019550958102,0.902881834320144
1.27257129943762,0.923890298471032
1.39540322866834,0.935142904555531
1.68924511890489,1.12514446760328
1.79588631606215,1.11555280630087
1.43481695405978,0.914053778601865
1.65044895763078,0.899178462841312
1.62422017691225,1.16475250213591
1.73265825146482,1.13160950588976
1.37079952665916,1.06879888815313
1.70079538778344,1.07659618812033
1.47690357032979,0.906116718923976
1.52794643228966,1.03028273955508
1.37557395480767,0.992377026013375
1.4698833824873,1.09512839435647
1.58631071652904,1.03011806370572
1.55632113094407,1.001806833415
1.56833279863837,1.11457148832169
1.57963830316087,1.07078476264353
1.71688222235364,1.09690322212733
1.4164048065844,1.00095497764504
1.77683092693581,1.08651384107934
1.24393169290627,0.985687008562091
1.54075561288309,1.02303777712584
1.5757826821797,0.892293493457143
1.34285070061349,1.07495891329173
1.65647496440184,1.23402647590405
1.46139918983201,0.964385417816667
1.33018588937057,1.05334025081115
1.69826909406171,1.08291912270772
1.63848438030886,1.07681503795645
1.53914493543019,1.1432121714751
1.65713066184964,1.06986264181314
1.8063631318824,1.07127583778441
1.74694169792928,1.17696220143769
1.22278884758878,0.790845004332879
1.54281111381677,1.08559907141614
1.43810508895793,0.972129429596165
1.53501783300705,1.04195923021906
1.41619960997953,1.01608566389177
1.76700646391215,1.13793528574042
1.62386648589098,1.06942242743694
1.58813959966221,1.11338338775732
1.20906392750259,0.934476347616283
1.34083550676427,0.999306832709994
1.48367689486625,1.04000736251174
1.7124931048355,1.28060510066173
1.57705281446354,1.05523078532063
1.55057192340383,1.09625291005116
1.64513924775565,1.10274983858275
1.46934134037524,0.955765916303191
1.57206236813354,1.06901424001917
1.6969611963383,1.02347433502375
1.39601202952062,0.979352531515333
1.64674136867654,1.09947505761109
1.29139018991899,0.966580933104215
1.59152663991767,0.987215972029166
1.65948437245313,1.03393017356496
1.58560995199494,1.21866238798174
1.4511856627075,1.00152128443774
1.52073572290428,0.965219840143162
1.50899947661451,1.0372197199794
1.44924107821839,1.05183142073537
1.50083745035094,0.996439707967148
1.66361957889907,1.10917652922002
1.55951027588559,1.05645758308081
1.43507176633662,0.986782435237044
1.20872778749095,0.957146416497689
1.53970846411841,0.989477084839431
1.59218386031738,1.14826916278499
1.61164139945903,1.04357072086796
1.88555851640565,1.20255243099216
1.56632490419607,1.09022739345265
1.38444714187574,0.793649725288667
1.69905821031803,1.11988868054306
1.45064879867623,0.960678599032529
1.63766350268133,1.07629538569571
1.55442524239423,1.01866777295829
1.65212868133484,1.22298072409148
1.52589079207832,0.999506815415873
1.5177953617242,1.01969824996096
1.50020972955108,1.18251256705238
1.57884614670187,1.10104952514565
1.59655987268461,0.899636824038084
1.17018774444852,0.919091580853373
1.68453728285536,1.11403137669063
1.68381310382207,1.20617160652463
1.30385271932873,1.03617643150391
1.25194381021492,0.685908213995101
1.58307983292471,1.09653680728647
1.7540738808168,1.11147089473111
1.42719975107347,1.02268325306959
1.6329423458487,1.08021263135985
1.31470913878059,1.05080106494719
1.53917582380311,1.01889675376092
1.57534436134272,0.987450076572561
1.27137953577012,0.936237248691193
1.44992551105923,0.873028587551308
1.71561157126857,1.27382660983852
1.47856477534622,1.00799537280696
1.51218335986096,1.03970932219984
1.46920169639977,1.04571690489967
1.77884512540174,1.12858979013948
1.48139447839542,1.03522145874579
1.55864235131047,1.13377495408443
1.45465065946163,0.985554710228944
1.64230698719521,1.1256744970514
1.41948173253597,0.875650609320437
1.51022785586123,0.918997424907269
1.58168029435583,1.04979257624068
1.46009474776515,0.972058357506572
1.56935710491717,1.05877763237178
1.5425708886854,0.998734494120001
1.34894378467617,0.839498004751428
1.76668225784227,1.08630888440683
1.3404062094542,0.854167887594734
1.30696273615254,0.993964341795509
1.59083951615758,0.974104813569647
1.47593914451836,0.978130355800167
1.67178115214367,1.24707656836622
1.62809495136426,1.01361797723944
1.39742956154733,1.05721106574924
1.44691510857574,0.978155046071632
1.9434945123543,1.18966536284622
1.32180977124413,0.98079517722965
1.27881111155146,1.06334540749355
1.62744784023712,1.10048578806419
1.61939781854129,1.05712596532177
1.67354715427802,1.26160887188751
1.58349369353672,1.01129706367895
1.41441758575867,1.04943961490031
1.56665448498559,1.00720623689523
1.27413938084328,1.01435894970206
1.63131686179818,1.11653530706535
1.45473699329622,0.961176127559153
1.63056880765786,1.07751965868082
1.66747546518514,1.23921091331143
1.54921436658868,1.02582101478867
1.44153891883032,0.933618630993094
1.41849996764445,0.951887280744893
1.52490345869017,1.093625563143
1.45632140808402,0.95992245938774
1.4562444559746,0.951156460324476
1.6573075049776,1.0482866256634
1.72522956745455,1.17040443306894
1.57606818359413,1.02822651164952
1.62872077044621,1.00130326928413
1.58777010856759,0.965656825743599
1.6053179450908,1.02324630800034
1.31416627435274,0.985739237869279
1.42940861515334,0.863142448538321
1.62135143657648,1.16630430995961
1.5893226732012,1.05002867466921
1.63909728369554,1.16440575513315
1.68643995293472,1.13456258055943
1.55057874050087,1.06823064380539
1.60195015127888,1.06249053122755
1.55465049263537,1.04619327520991
1.57518861330679,1.0365008015573
1.55566943658087,0.982922884899658
1.53388576214812,1.13637739543878
1.57771498177861,0.974332579402883
1.64009121929142,1.09680411567204
1.53995874321675,1.05244262654999
1.62719728793031,1.08539877641233
1.52990932564255,1.0242425926053
1.57493045203875,1.10312353764281
1.4721078866661,0.927342002149762
1.64227018933847,1.09100621086643
1.30880642742122,0.964435656828773
1.62921125161207,1.03386898030709
1.33956931840842,0.855417656822958
1.40269068655493,0.942777803491766
1.9163577026757,1.31772306623791
1.54495817757281,1.02994701481837
1.67873107185132,0.99815466167542
1.6706946702527,1.12129824218816
1.54114436270625,0.96159795530875
1.67092931011065,1.07366897488054
1.7734652080803,1.12967366308686
1.68101985287001,1.08754963252007
1.29900138404101,0.963136220968594
1.62716588402673,1.03789782537287
1.58557837998922,1.02454705220653
1.58538330154361,1.04822200813487
1.59230603057721,1.08578002873353
1.50117435020552,0.983409944128266
1.58851929540241,1.03329247358972
1.53972809993351,0.994800254869191
1.61851884690861,1.09575071733936
1.53512128948347,1.05062603674849
1.62396431219292,0.97859037112454
1.53953414861022,1.08005022312235
1.49428649931542,1.02235226749405
1.45614273992671,0.951916682177288
1.63410741633626,0.984587154532832
1.55063023381572,0.928011628797867
1.41511036570708,0.971754653857428
1.36702551241879,0.890013488733269
1.55488062572695,1.0792519183127
1.68184550956169,1.20436785372947
1.73980712436348,0.97978552035996
1.66994724602734,0.99994847920376
1.25380907813586,0.987312284698554
1.54237382755677,1.10806559781937
1.45469663991284,0.888852841169397
1.47006785131159,1.07314934552675
1.62989533911724,1.13982252804132
1.49237487689924,0.965708153058818
1.16723218090241,0.855735673194822
1.45031807515102,0.894535084718291
1.66750480885652,1.0949825415461
1.58353589414314,1.03008175623353
1.68615492314566,1.2610961291135
1.52417800696463,0.996776271065774
1.34642966474001,1.04414251330223
1.62646131915684,1.1186356664947
1.63265631931858,1.07649147326275
1.757689313978,1.10542869471614
1.61513614060639,1.01881382708015
1.14940223450791,0.914909834214191
1.700808772524,1.18465007780246
1.60218320622899,1.02599178397457
1.50227910317589,1.03542807631551
1.43809141552207,0.882747398532388
1.68689152780261,1.23833008222324
1.50445311606571,1.02935552933497
1.23432930514066,0.961445661870751
1.53486014009668,1.09502984749645
1.54762240996574,1.07701186526307
1.58200852901933,1.23910366159731
1.74487411553765,1.1298687924628
1.75770868775586,1.06396897831074
1.58373550572624,1.01550464802392
1.78666920534277,1.22076978001134
1.59796132226613,1.1972202423062
1.95493123270083,1.15273707181951
1.24340233031464,0.990430798952598
1.53173709116669,1.1342172130441
1.56419990176249,1.0389554552317
1.54330815220766,1.03435392747308
1.4268627631675,1.04014796323353
1.67309214726012,1.14584245075682
1.58708535067065,0.868807118060003
1.25930621949981,0.882118128420499
1.70525239586895,1.11517779677
1.39703605822747,1.02868912663501
1.43204687348277,0.925456043137639
1.58640236333711,1.15819014869983
1.60646571963113,0.890571978097583
1.52055264800536,0.936403078195171
1.51020876139751,1.00906272716714
1.63159148224166,1.05326812728389
1.54967591169456,0.99166973553956
1.66723791138207,1.00390497298701
1.6806577297563,1.07344949194222
1.53048034544329,1.05336605082206
1.48751385448134,1.00059972935981
1.67286080473772,1.12727256100322
1.24340592691456,0.907914682450895
1.3939180557794,0.966582438908152
1.56833852296538,1.04626506544768
1.5616457047632,1.09943444363772
1.68531751463554,1.11833388459189
1.3613360273856,1.01694972062876
1.48744384638677,1.02654487419777
1.54229511468539,1.08198257090343
1.61718759534848,1.09065771778214
1.65381400635009,1.12869634071701
1.57741470847388,1.10950133412581
1.4204443164812,0.967236461864479
1.42911541026456,0.923603203230996
1.5024580504365,0.967703344168295
1.71578723101493,1.01303845325862
1.65462361720886,1.04205025847974
1.62570776926873,1.22383890409508
1.45007092227627,0.944715275535574
1.51604857733056,1.02601805615985
1.72630207736413,1.13899748743178
1.56122377484782,1.08665303944297
1.48836051300642,0.90451728219752
1.56525693542344,1.11334958838785
1.59683754362016,1.1431158678435
1.72277269073245,0.922064070247055
1.50556576324028,1.04350357020243
1.61110601895728,1.02098951656979
1.47594742290837,1.0101506059174
1.53637942811336,0.960667615944469
1.42224789746965,0.956327763750429
1.4953160260885,0.99279942796609
1.52755810921667,1.05878187462277
1.3535974859254,1.05286789379099
1.57937565596367,1.00256999952716
1.86879920804434,1.12502357395022
1.44430203511111,0.979179400501948
1.48811913612428,1.03404336309367
1.57942709464961,1.00916335192426
1.34401868538989,0.882948024672571
1.3916109388958,0.878587073547436
1.513130573701,0.995922990063931
1.7438845532059,1.14167066606328
1.43292746115041,0.914311326170547
1.9048123831086,1.17451878784354
1.6033432466874,0.960750937789424
1.4650005842115,1.00584694242751
1.66293220027226,1.23174751013712
1.26112439102555,0.984009222921744
1.62001961506561,1.11088171082879
1.40363970739824,0.816675316668965
1.44978972774922,0.925200058999778
1.58636025965528,1.0487016194031
1.56520758129423,1.03424416164941
1.59868348364104,0.996168983692485
1.530192951459,1.00951092573935
1.41699694673708,0.956282633033059
1.41525273728986,0.975346518154131
1.70637722191051,1.04424634923634
1.4157386245183,0.970124735018487
1.31575846225333,0.962937693945748
1.41085909795331,0.944776440208759
1.38305472136102,1.04761589778025
1.4958908524897,0.989567993782638
1.66476800005363,1.0812321937238
1.63949742874331,1.05263274804338
1.44160380529674,0.952603479600114
1.60395960951756,1.05867675530948
1.56949131385135,0.988408036417558
1.63685796174199,1.08701201877031
1.48615001876336,1.02425293769302
1.43798527133828,0.982363098899555
1.53177327186335,1.03856426825354
1.68551049184948,1.30964135841371
1.46535400607346,1.01063027470953
0.989942659455179,0.762990832807946
1.61990663831932,1.10424284521742
1.59861592657923,1.02180793504715
1.61352573347525,1.02961678821905
1.56067085707109,0.982806155284029
1.34753815743344,0.978890638534172
1.56012096273629,1.01987400945863
1.51112355117782,1.16797066654534
1.58874953689842,1.04928676529405
1.43548569151918,1.08680129281859
1.68187657203722,1.12923715461189
1.48873312818615,1.05278406662479
1.72456903099761,1.14090833674835
1.52706102225666,0.997722308444823
1.65119365037056,1.09184881534453
1.78643923018867,1.17418774704164
1.77043559837233,1.33287846473476
1.69320624516603,1.12017738425708
1.56012010756502,1.0232530493489
1.69788468584396,1.2272782924432
1.59226466718857,1.05681343037775
1.40805537474726,1.09224042566963
1.57797266710988,1.06128532010884
1.68744236139119,0.966631029056536
1.34389548644595,0.787676380337799
1.5574424817976,1.0921044008112
1.56846369450124,1.10419259397221
1.58826628101492,1.01824682821499
1.40017737500797,1.0661900028638
1.47503187789149,1.10780748844834
1.59612586953964,1.07880634366641
1.39616099155573,0.997256814371755
1.68020813296449,1.08004583217733
1.51404663703334,0.918780356498726
1.59004244911561,1.01419913380941
1.49403894550884,0.947673708982666
1.587325085106,1.01274273541409
1.60966066661661,1.04716058104355
1.64656170040639,1.09637459865699
1.56099837705126,0.965887678385144
1.53877994090764,0.975763525594984
1.42042764476471,0.996032184118088
1.618331527695,1.13125475575996
1.54331212944725,1.1352182340427
1.38283799072734,0.975208415808943
1.66377944948271,0.987306225638259
1.26947505271753,1.05947623053504
1.6045319690848,1.01516670318229
1.60544095407279,1.02598113397196
1.73218982548815,1.14953011100978
1.53016765866715,1.02959698716629
1.56677669093028,1.07924686418265
1.5309822511888,0.882426811514084
1.72235033596357,0.990414588754101
1.7140724828867,1.0370703027513
1.5850821756026,1.09937102797481
1.57270682866163,1.07732699115009
1.46676933878756,1.05150152703937
1.20152031964333,0.987727125366622
1.48872818210988,0.928930749536395
1.63134312477474,1.05411633394992
1.39329913044947,1.08611449997688
1.62945519975544,1.0669729225264
1.57837412071165,0.948906328409085
1.47480330391961,0.934057852966697
1.4475595732023,0.993544589199647
1.52693444441339,1.05966953257008
1.59292530303899,1.11246781551003
1.64454952460983,1.16723268319523
1.41271524197699,1.10925872752019
1.46474702515163,1.01138531594692
1.58829528656717,1.08569704897464
1.61615456923862,1.08269169909642
1.43972092281002,0.992345780472332
1.39279103761785,0.976598634433676
1.68725861518375,1.10640141000502
1.6208982588135,0.864069648425888
1.63922334290281,1.00530477562478
1.46594069325655,1.03268472426348
1.2375385600655,0.996281262549018
1.57381051159525,1.08982110063533
1.65889217076439,1.2176434910371
1.46319606666377,1.08056658951165
1.5405261444217,0.98073134075943
1.3409948917074,0.987777741877999
1.35230901558764,0.967848626670022
1.67922112162569,1.16876657807669
1.70400728303881,1.13879414842628
1.70269746865143,1.10764348421469
1.46727463580662,1.10925047238324
1.47649616874798,0.98152673841332
1.53854121553728,1.00299427142602
1.57792144264572,0.9559042817279
1.65904502242077,1.13836028945592
1.64493295134525,0.987425245652679
1.44647582849748,1.00146704688155
1.44490780083303,0.973912922268081
1.5208303297054,0.908451594857028
1.57175239444063,1.09951222358746
1.42927311323893,0.980768318395804
1.2730837968303,0.923834535248605
1.3580707116299,0.760542479091469
1.4893752283456,1.00407830901795
1.47646888156145,1.02669281498874
1.44516465661606,1.15177355652209
1.44111843709804,0.94180516096569
1.4987082235564,0.927113616143249
1.46606066473069,0.938144845291405
1.56373603083142,0.925039189894586
1.51792137291869,1.027751931181
1.41240580147121,0.979392729998917
1.61795458117743,1.00274246556294
1.17583349691788,0.889943223185223
1.49929414648045,1.18916809217988
1.20715340033917,0.917791111455863
1.46566311967539,0.970295016463444
1.61438794850657,0.961458081183933
1.71424405653429,1.1340504558396
1.28763036873513,0.968854468070289
1.51612839610514,1.05518898735905
1.39771295085479,1.0401287407613
1.4222693370243,0.959143240356034
1.52214609382972,1.04737046964105
1.45617541990119,0.98316115893076
1.63547085695675,1.10741410628376
1.42245628861925,0.915159845349719
1.54288514477142,1.03534543501449
1.58763082086691,1.05542397009996
1.81399397669296,1.11194344595058
1.52008785421802,1.06460428624206
1.78910990014735,1.08271686354202
1.44392918417776,1.11587141957294
1.48416064826954,1.10677658074216
1.56232209072858,1.04332579239809
1.69885847620461,1.026623848976
1.46453557213827,1.04159453250357
1.51071137235949,0.994095541962084
1.4385498436714,1.07122059286706
1.57371630190951,1.04947515269728
1.25993709195244,0.996876973167938
1.53365763970385,1.03743147152467
1.43815403824386,0.871403974787138
1.56847767918735,1.08174149817279
1.65972876885224,1.0275261238657
1.34136311426678,1.01711426063896
1.4276422208654,0.99189115592531
1.52233079301252,1.00807171769384
1.65274670955982,1.27788960221401
1.60897830657542,1.0419457503226
1.47762568281801,1.0176172467158
1.52516621017373,1.0208767614956
1.84876552047411,1.1415784324211
1.60227027140999,1.16157265253341
1.60534455475522,1.03276303669493
1.51968721286875,0.988422384487902
1.49895139152171,1.05610617200671
1.50051686587931,0.953106529684853
1.40055334243488,0.942422432015902
1.49902356067404,0.955691818409221
1.72986265583198,1.03864145070611
1.6081440294798,1.06120296318131
1.69279161148775,1.12473146501008
1.4621673569241,1.0667521949605
1.59522025375209,1.10175631334353
1.38324326804166,0.808443115226198
1.7523941762308,1.07027757531674
1.68076759523683,1.18436476368973
1.61016576743405,0.943025853294801
1.34675428524052,1.1314822498289
1.58917571608415,1.04637313359403
1.61561326912969,1.12176303269333
1.59332404997131,1.01680067669097
1.30690094021521,1.01915854508253
1.66337189890514,1.04467838427357
1.24806278915071,0.986604341338126
1.62015690996665,1.07338453615871
1.49046686017806,0.931939072296177
1.6564685373887,1.14614605108949
1.73255971029768,1.17403504215813
1.49530788061136,1.11336498380452
1.66298122419808,0.938722614229614
1.53561653170844,1.04985771856381
1.64991792361388,1.05708697732769
1.48600859258225,1.04506009228506
1.61106561540094,0.98700104492146
1.56501566916148,1.02851976889523
1.60975224774907,1.06181780787635
1.30486826500084,1.05454979660343
1.62029822213468,1.12798529108192
1.45275507356179,1.02838406932971
1.7682677825829,1.18077213826032
1.4983120016467,0.974111575392903
1.46987630674042,0.976083801656931
1.55600670840392,0.991149101892226
1.34085077212507,0.982016901823053
1.50415846241685,1.01759268633752
1.64262475710366,1.10893292293314
1.53207639688589,0.907017153104548
1.55580688580207,1.02739560363358
1.55392409875675,1.02004443560428
1.5607876241076,0.982886060227391
1.48814243599131,0.979662880864975
1.49724957659169,1.04649339288148
1.4731982533439,1.01785908670061
1.62048552904762,1.07880247101296
1.54460881214631,1.04806604405315
1.52763382928568,0.841246302872198
1.62212825687928,1.09282479312182
1.44064949877059,0.922393949121665
1.58904818712807,1.02194780298104
1.7060257180303,1.0169054383086
1.53463641310453,1.01427297887211
1.55485122578064,1.05067446811003
1.63872234818129,1.08349294318862
1.53669714326163,0.952166126073803
1.55750065393503,0.999166149641308
1.62882364016977,1.06006525834855
1.66000987152072,1.02691476929575
1.40440193871887,0.882936922581536
1.6231489673729,1.18152701216869
1.61440850027429,1.06883680086356
1.55122845921421,1.02446569422524
1.34298241006471,1.01003509877807
1.60447455910157,1.01209598554473
1.51327290756868,1.02473033718822
1.53274018223566,0.999806757342437
1.41034080951508,0.948960919816232
1.49649975605924,1.03759710179143
1.72999244512769,1.10782324291571
1.45199083957777,1.10015301886426
1.54883638212691,1.0852643982552
1.46960805134849,0.994591602389759
1.3038728126945,1.04264495972328
1.61022812092458,1.12526246016976
1.57722704048932,1.08112619478474
1.70389115746924,1.23719242056266
1.65422659522218,1.01444931165345
1.53774615402195,1.06201511898132
1.54319024938739,1.10947875554075
1.60195274873312,1.2175817458022
1.66627941885107,0.999148970785931
1.53788825949095,0.831304447564269
1.52028931960327,1.05782059462244
1.4555219593933,0.984054973605119
1.29077450567277,1.0466639132618
1.48996272313412,0.990157442210793
1.58380207914182,1.09371697957729
1.84831068191349,1.14892062216591
1.63693813041433,1.05408612676664
1.67603655561672,1.11349540439472
1.578410794584,1.06708537846186
1.60458327920981,1.10339563059285
1.43670286562375,0.994483909245495
1.35471861405482,0.813236999179134
1.55977912601039,1.14949460632298
1.6125707234136,1.01245606994532
1.51811926574355,1.00728057653339
1.71509450097774,1.17564782671684
1.55122367839674,0.997072218117745
1.5393912858131,1.09069540692775
1.06915956822954,0.841781130125982
1.56634364009473,1.05894470944169
1.62276983756122,1.05723460015718
1.616093229489,1.13347365937869
1.31902240340374,1.00552567394676
1.61176187316642,1.06861565660694
1.54565041121933,1.06387716131161
1.51616536905448,1.00389999423495
1.34023603866184,1.05825248865618
1.59000014067922,1.11659559301507
1.51866059354496,1.0421089158268
1.41108166210031,0.9060030901738
1.50809439974492,1.16718325649023
1.63467690517903,1.03356839748428
1.51968343862237,1.19505242588016
1.79525093177941,1.16358793540017
1.69581764439029,1.03888028228443
1.59572738905546,1.16689350729748
1.55238835705747,1.03810300222486
1.31417382733169,0.737088126285689
1.50063155633877,0.9601314645523
1.45385738961797,0.995366955459573
1.51833443475202,1.03238109969954
1.36575942391066,1.02754356812761
1.6532124725472,1.09966546256782
1.50376328229628,1.0010049257179
1.62227785105968,1.0601322392833
1.35104409070021,0.85822900001443
1.80476330123118,1.0466439620739
1.63210833247479,0.997623232362269
1.52554632066961,1.02915619720646
1.48897286812515,1.11539103949128
1.60554916080897,0.976103093472646
1.52338140208093,1.01977005531009
1.74029798081343,1.18728289484053
1.44778307397211,0.997789976888742
1.48979970929699,1.1259880471707
1.58306239523537,1.02583339880172
1.73410308371288,1.13552375468851
1.6797051367787,1.16807766696844
1.61870141636438,1.02895906196391
1.53913320339713,1.05858402488872
1.66615705592074,0.93276947522285
1.5672072265081,1.03211194559777
1.70902428338102,1.14515724588282
1.54820027081399,0.9891452674868
1.47347213940296,0.989967282474776
1.55776521366591,1.05103886557371
1.60843565534177,1.07615903098363
1.10619746787519,0.844165094028182
1.54741735055424,1.05258409517319
1.23317688165955,0.773531920713725
1.39141284625176,0.811714154050149
1.45999221799745,0.980809050103927
1.54690232072411,1.11752352709594
1.43598294163487,0.992998979503056
1.65386033753887,1.03891259334767
1.18771342796534,0.909941956458993
1.4131525826599,0.942949562642642
1.45996081709852,1.00739146100939
1.57789414676068,1.08402620202097
1.65635994474161,1.0469792871256
1.60648474552103,0.976131394434068
1.29073952516287,1.00202050185949
1.69389973330368,1.06201238172733
1.50393365011531,1.10283273648657
1.90524781228245,1.24087594506285
1.59300533330248,1.00871327791071
1.61286049425321,1.03291027227993
1.6131469144304,1.09578852290678
1.33281634615599,0.959694287345344
1.48929363470947,1.11716639013396
1.4325216555765,1.00823090231862
1.61706992423993,1.09611428756924
1.35900396340049,1.03539594891875
1.58514770064036,1.04501035271669
1.7076262874462,1.05500565784157
1.66252547650804,1.28034260059725
1.59108778762518,1.09472370889062
1.43479222018121,0.970663037929094
1.54279427388011,1.07019522018393
1.48414949794388,0.890746175364869
1.50496335017553,0.981026552199761
1.6933900402657,1.13516916419952
1.44279504256632,0.958448522402305
1.63085252353426,0.99739847148698
1.43107335285836,1.0876372424092
1.66590133888461,1.1708116089589
1.45425334976894,1.09958157218049
1.56547598330781,1.1387416638225
1.34294084167468,0.975395600787073
1.5590963172181,1.07461892598338
1.57948889066336,1.26851049289828
1.49509333895028,1.0005202246143
1.69963556451902,1.0311351000882
1.57071196408019,1.02053939266747
1.78611997145514,1.07349573648514
1.81177995447499,1.09679309730526
1.55307831154407,1.06070276037293
1.33682459078859,0.880117228115207
1.56954226707396,1.05853717975699
1.82563566491066,1.04577716834294
1.53822384690687,0.994955437815489
1.61882995333188,1.11782185206276
1.60715211100232,1.0165017567249
1.23665299002522,0.976995638159637
1.46229870363676,0.992374956858732
1.64805910628226,1.16880335767227
1.61679653715619,1.07076136007079
1.69952945634226,0.983403189504963
1.20037007083499,0.87743455281177
1.652165703537,1.13619571048122
1.52845781231583,1.02512954484958
1.54639763686339,1.04090381175925
1.1989598938721,0.904653595707743
1.4857793740654,1.10307831836892
1.64778315920581,1.23427541238258
1.34560314240434,1.02930865191477
1.58646911239428,1.09483128450435
1.32059469926359,0.82511999153383
1.70014542334208,1.14797360871076
1.40437782241913,1.15151392411283
1.57022626078529,1.05262412216161
1.64854721603041,1.21925934134896
1.39101414152478,0.889209641392616
1.53488619709664,1.02805468645954
1.68181004114888,1.00318008924717
1.56164376014665,0.982989669780354
1.53540211086588,1.04291115006226
1.54782922333668,1.1134194303318
1.3601853124405,1.06164837333444
1.58404947883168,1.10417526600481
1.35055736173296,1.01919297586523
1.5561317502662,1.06972702173629
1.67912900400883,1.1617222817342
1.73488183580877,1.11543605506628
1.7164907480933,1.12405634930849
1.50555679490555,1.0615674729946
1.4242175626501,1.00005827659403
1.62015478918657,1.13911823166905
1.66742406283216,1.15358801847698
1.39817307866685,0.921305841797748
1.78371452902323,1.07693713130008
1.72747938349602,1.2250146768867
1.19784337598631,0.951676892215971
1.66399013259534,1.18860340905529
1.58690904228142,1.0508766990821
1.90476016869834,1.19298844769728
1.69609011916262,1.14578669147904
1.64927828003979,1.09903423985449
1.55858507158922,1.07717880672904
1.38786111411301,0.896651096697349
1.60268931653609,1.07537090071332
1.56269754228551,1.05848971094825
1.53804912540443,1.04830404098399
1.45271558941893,1.07799003204043
1.62389368935967,1.06283113593192
1.73481326723217,1.22868140587601
1.37458143975582,0.841866574920647
1.6860618949716,1.14608323827138
1.35099358068791,0.88445134857492
1.53358008018674,1.16882922967973
1.58903093445147,1.09212871288091
1.4566687373266,0.975583498846511
1.6891401786045,1.20999576181836
1.54943221608168,1.01620614535987
1.61239191376262,1.11300316913628
1.63400083513613,1.04793433849842
1.56195928942453,1.00838190556027
1.48530879570326,0.987044426430806
1.64357955615591,1.00351317666145
1.79414169873309,1.15076675593165
1.70683116562283,1.14048709776966
1.45155905339254,0.949889802417806
1.58668581539328,1.01674592426476
1.62504838112425,1.12300875689926
1.47593914562428,0.984706668186105
1.73003289025916,1.32825532524875
1.15080338273296,0.925261204838624
1.59880017991926,1.0755777229567
1.66526173877064,1.09043946042725
1.56491091932006,0.945794196298835
1.65433858138169,1.04405858833323
1.2373716046265,0.971146455732159
1.70136442019616,1.13889500740449
1.47997941539433,1.04051111650606
1.48530620415837,0.965469866774179
1.48881573326279,0.981180502764262
1.48558569412114,1.01641074543967
1.54667430070664,1.05569091595867
1.83773583276633,1.29252734328187
1.5789385140756,1.01321523610136
1.53135621178365,1.00318642115105
1.65167832954838,0.952211639220568
1.55591724633331,1.01767274608305
1.40957909824543,0.917904198747371
1.53859761372057,1.05903777727524
1.44016955962009,1.03083614277461
1.50082292871243,0.938869591481445
1.56895821197362,1.10207609564663
1.56276608642151,0.999872045242221
1.28243901080934,1.02000586003911
1.56772449961512,1.068093131243
1.59440760710701,1.06951978635582
1.63770399021369,0.999954255054172
1.56148038903787,1.11118209152312
1.61735051567516,1.17863867614202
1.52021190279883,1.00582207853075
1.51955258448009,1.01218707947752
1.6774353292878,1.0716214066832
1.45020207461986,0.949276302742756
1.64041542894836,1.04975471607949
1.58707829439484,1.06877983787097
1.61249315527277,0.939982489364542
1.55726551775296,1.06757248051415
1.48718756862957,0.963261372902784
1.76627001367276,1.29318021690644
1.34467188587189,1.00009978060987
1.69784778056532,1.09745199289388
1.55238408721092,1.03540625242101
1.4722299440229,1.07170276956548
1.46294034950669,1.00716874290429
1.36319033972717,0.865099816524952
1.49620496403899,0.961775377783367
1.38491407369739,0.96799674138848
1.61809823597687,1.03414504194528
1.6215316922065,1.05198001885723
1.45514612863693,0.988416129030377
1.36239789248123,0.989949064912708
1.3650691911184,1.03157288599134
1.21775808155763,0.987793350188424
1.32993933585859,0.869039291972037
1.54988295069463,0.998312602545809
1.29380439144559,0.851722196326055
1.65519438352051,1.08088080504694
1.32024651971307,0.959969433137904
1.43922803863452,0.904753340417338
1.59351029221231,1.08463560523152
1.31637985816367,0.942366684338862
1.51239258662991,1.01284727586226
1.41934011750791,0.92239560159715
1.55197225626284,1.06351711040352
1.12763683953271,0.884353716434817
1.68010214796033,1.23759831017373
1.37600353675843,0.88168203118131
1.45808442513139,0.973785987262973
1.44005383690653,0.932783856562078
1.34078222753038,0.97893886500292
1.56029761562003,1.07395279469511
1.35464128209687,0.979342207795394
1.48058708386182,0.904770240069859
1.81299155382289,1.18682483216011
1.48666486156115,1.04231432678646
1.2983081245818,0.963442392686264
1.46750912403809,1.00454213899487
1.59444592586693,1.11211657598045
1.46189432568752,1.04179766316593
1.73337382275903,1.1543235221786
1.50328673304304,0.995561291348556
1.3276207226629,0.795203844567968
1.54995566108266,1.02551117052208
1.64653106445198,1.01381401738714
1.58300289488258,1.17369907216317
1.27765098284072,1.0024005992827
1.51234036684221,1.0444970240071
1.34924834427485,0.99629595702579
1.22515342277698,0.88034931793435
1.49154271657395,1.06866682464823
1.50597913543671,1.00461440911504
1.5363312092728,0.997894360286287
1.49063130818213,1.0368058078626
1.57035954353142,1.13465791901179
1.10090480600437,0.696612414187185
1.53381015655924,1.19083068205831
1.39226367603314,0.923372398427853
1.59814529731394,1.13894339938962
1.48640765229486,1.01326382738079
1.4414231121124,0.987190044632853
1.42643976850488,0.978554293129582
1.32802603689659,0.839802523784648
1.59916099698018,1.0761119352192
1.53555718387964,1.09450955402377
1.38571691411655,0.969428285444954
1.69704369120035,1.08607028181119
1.29050679712136,1.02368622998727
1.26365814438002,1.03378196279052
1.63364855527119,1.10725102822667
1.57306750876295,1.03833355350294
1.31930571537881,1.07358671245122
1.21266899580532,0.96351984820832
1.56092958166448,1.04869191524716
1.6909533509314,1.26756572384068
1.526054714009,1.00569473255504
1.69958413348664,1.14209013416368
1.35730486301615,1.05352362757886
1.39993744810689,0.878655003197121
1.41346023589009,1.04866912927468
1.19811582177838,0.958092783961319
1.28596492899698,1.03728999697995
1.49991710119833,0.963150198783657
1.21947162991676,0.969423045642765
1.62134581764839,1.14188491906334
1.42895429213289,0.993151470927728
1.73020131618195,1.21469525278833
1.76870728282392,1.20345947906098
1.77870289328135,1.03995593257065
1.66989974613005,0.993560039863974
1.44866014939894,0.896651732094896
1.43469141078802,0.977159611561128
1.7998099350504,1.03222324301082
1.39647470111467,0.960643802415991
1.57111478673858,1.04283479669283
1.47499832701099,1.03441308930885
1.65948279129686,1.09960508297645
1.48156821920232,0.95203367511229
1.75323755669548,0.960760525878892
1.67312142433903,1.01835759253568
1.40315551261109,1.01870673772957
1.62659904456567,1.10397728068446
1.59922358645144,1.02743364092684
1.72254947338792,1.22197111260442
1.69494339341923,1.0826494585845
1.45446844771982,1.08931381420556
1.2915535579986,1.0016768904718
1.6910489361221,1.08114715661324
1.48229905965892,1.11241494968406
1.44652805050366,1.00399719396043
1.60916575037029,1.09837936376439
1.35078573831795,0.960184644810856
1.42403380011518,0.960868345236088
1.5789510383579,1.04460427214264
1.4639818517161,0.991320309254109
1.50927641322627,1.1941012841292
1.45291402159778,0.869332560302296
1.54134527590029,0.97008125906496
1.32329938693728,0.970614049469081
1.74845086940944,1.19351485309708
1.40715209272237,0.948856910267052
1.51872534071476,1.01584326548629
1.47047442493697,0.966159330601905
1.52437844308814,0.994939886015038
1.51328122513641,0.979133083146647
1.67253130847165,1.03531739280538
1.26162704145868,0.973376939536746
1.5559499015066,1.06487115979756
1.52758964237666,1.04436225097935
1.43144831349761,1.03530271820493
1.69162779195147,1.16271872360534
1.54374310919243,1.0419324714539
1.32742558347756,1.04130223855807
1.3054476276458,1.02468331126023
1.55045508257041,1.00450450324276
1.49592873396994,1.001624811751
1.47133836648234,1.00004941834265
1.63229194696879,1.00051808601677
1.65792086239919,1.05136528331521
1.65709349017623,0.987394111233062
1.48786444602205,0.950631549367093
1.53131009559497,1.06476808558439
1.63640393834409,1.10265977390344
1.52485434409966,0.989350062594551
1.59735385421109,1.07896057030237
1.48227312973029,0.97978993582286
1.56485551077994,1.00318242784031
1.33491201324313,0.813459075439095
1.64670966150713,1.1947840930116
1.73545726744813,1.06560929141366
1.4876258233056,0.920892131414126
1.33700216936646,0.821236098142155
1.83108536265102,1.04176929436793
1.72473034384792,1.04471569244177
1.33404840881851,1.01615800806595
1.60254638409663,1.00450393073229
1.68621281287421,1.23106276162141
1.58229647704909,1.01994733795768
1.67617371969357,1.01582000664689
1.46943945653459,0.955773895666438
1.51590916308983,0.98721535835575
1.49415084333746,0.901407390655804
1.30086443426382,1.0309678639697
1.71253094597654,1.06529142970037
1.60919379951827,1.02481243999141
1.1844061602015,0.870250574867386
1.46971575285733,1.00179011305498
1.59742092079738,1.04395245265315
1.66510584289613,1.10251553786573
1.46565126787454,0.99009238750061
1.66540928005568,1.11766545697183
1.48272405085815,1.03118177100341
1.46059756485282,0.973604298567883
1.24815284978039,1.05061819170532
1.54733374591684,1.09705935802335
1.71330605195264,1.09068410766684
1.58802429969906,1.0246971503754
1.56722036463675,1.04175967681754
1.51019361040903,1.03180068690435
1.58153700374926,1.03010827581611
1.55187917688949,1.00332036175195
1.55124467429421,1.18946758780511
1.59251350278498,1.05801666892254
1.53643883172751,0.998581684045359
1.85800285199758,1.26706281426937
1.74199614104895,1.10317346218542
1.75519178221187,1.16953167882766
1.37173883555943,1.00954604732834
1.65845584034243,1.00052558059332
1.56127709810253,1.05875449396672
1.2978449454607,1.02199087606667
1.53179214736271,0.976476880250798
1.51399659098309,0.988970049736118
1.44164493769043,1.02250092551477
1.54179259976611,1.02443440327323
1.57250379993044,1.0402121555579
1.42671391066399,0.967151377921539
1.6990785707756,1.2604696752356
1.57274782102991,1.03844196982645
1.77273900576252,1.2127975366638
1.5638704831554,1.11393547539426
1.32933641289193,0.991865034221314
1.76327566471427,1.05092955760117
1.66541576468815,1.16397491847044
1.46015898229139,0.973110268785616
1.33490510913795,0.980443079282484
1.48645896408655,0.93568570224488
1.70480015818208,1.19571975635616
1.40766043413512,1.11424190450956
1.62570231192446,1.09173324119996
1.45910191378309,0.929994192852176
1.66144276475917,1.14690494691644
1.35466389400376,0.934177216594768
1.39432056436699,1.03766562821486
1.5778760962804,1.04739153604231
1.28323436234844,1.02045069951292
1.69455340703283,1.09248878453062
1.74453760940724,0.948749535348451
1.4984100975794,0.987154078307615
1.42441363606692,0.861394483732472
1.70423160313807,1.19151274335242
1.38798789860037,1.0905817682169
1.35452831580805,1.03390769078536
1.63867039439039,1.06799449342802
1.65777959791364,1.11752857619616
1.59216332213161,1.04603255225115
1.59035631327598,0.993053669362538
1.52149323155768,1.03725363565054
1.33482675030408,1.04487396515159
1.56096541239173,1.04769905328574
1.5889380353313,0.982879447038436
1.57292026644517,1.04081223029982
1.59942185563159,1.07184208657852
1.5204443788753,1.08052378358693
1.46079756529484,0.958457188060289
1.25711989434559,0.952067048347972
1.40284729737559,1.02868391090071
1.62803145020944,1.02880291493565
1.51137527402929,1.09231444707072
1.81435491134163,1.18309097654341
1.55999251036409,1.0801125363667
1.65537274758775,1.12894772620369
1.58008254802761,1.07985507733109
1.42963437272177,0.981429007392449
1.45221652994273,0.99232074047306
1.68604636856515,1.1072875504782
1.45334783004387,0.873960370390096
1.74859274698605,1.27885530011172
1.45630695106156,1.09740459320459
1.56811448453688,1.01621975267075
1.12443472153099,0.898084597047171
1.52422582900569,1.01524063735434
1.59822035949312,1.06114729816604
1.52565439847105,1.02988482642101
1.52627544791997,0.95852316509553
1.47377363260129,1.07583575493287
1.49422529496094,0.982751134720979
1.60926178308573,1.06428811450385
1.30256800120041,1.04775061564863
1.50173232138086,1.22593529327451
1.52582890319569,1.03395632525444
1.7841594416084,1.20398005517663
1.61858319225851,1.0604650709607
1.62278107206521,1.05326209220374
1.33281323400272,1.06462716159067
1.46270136684473,0.999634842903066
1.24998916129037,1.00134650556645
1.62496174642824,1.05673314784662
1.6580614414077,1.1252538115283
1.25164563559475,1.02093893446297
1.47753029449911,0.973785854212424
1.92580231875749,1.22887191964506
1.68011392782305,1.11244379281311
1.64032656479999,1.06171610086622
1.55345737957348,0.958820389167992
1.67872925298041,1.00181974023304
1.34800362066694,0.991793418481496
1.51796282866282,1.03069030544115
1.63301508009962,1.09648618730611
1.30974561599262,0.967411231331067
1.50288892430032,1.03686678250368
1.37814743872711,1.1348789381161
1.76293439454112,1.30544960012122
1.71894850027134,1.04329333234153
1.54477914251942,1.05570935054932
1.49193489060465,1.01977137874051
1.36404362644243,1.01548835377307
1.24509896550032,0.979785436654607
1.66409773527827,1.22005410622889
1.72364198775392,1.15786423532859
1.59535761982859,1.15681480650368
1.59773757173682,1.03935793399237
1.43191764241837,0.971034050453786
1.15961652569054,0.939695457462694
1.51123838533294,1.00540941883175
1.52047146598583,1.04792273575377
1.54297979161448,1.03178379286074
1.43335422477191,0.919604398081508
1.23581946349529,0.883010615094769
1.50714454431163,0.998489194561274
1.61120933519761,1.03969438109551
1.5630733818362,0.961246991010139
1.76011398659044,1.19782406396467
1.71865025284758,1.0180573767119
1.15831824049224,0.874174791579973
1.62505082101349,1.11330071102231
1.56004184721886,1.04472303465133
1.36072141513173,1.05597597429851
1.44016268913549,0.99824859249625
1.36000799813332,0.845368974502227
1.56042095651877,1.08984367000076
1.39434877103816,0.966619955830155
1.51606995596374,1.01181077119521
1.52229347092705,0.991012342122563
1.70600624740008,0.995705901105973
1.44399856008562,0.888052881553745
1.45796133419874,0.890500024313608
1.60541282689615,1.0459310291949
1.49585328737565,0.999866435749512
1.61785846032834,1.19512772792762
1.623921337954,1.066789450911
1.22957297203386,0.856367231235798
1.70223714808237,1.15149447977135
1.33985097128144,0.96144001075789
1.40400772403522,0.896586746340349
1.6130955922324,1.12194732607905
1.31750008706797,1.0218366566754
1.57570115672742,1.05943442577072
1.41885155527765,0.967624738842769
1.23673831174021,0.959348092666815
1.58669622436474,1.04450199325605
1.83532812368433,1.13875394797748
1.56556364192985,0.974644569269764
1.63304463824844,1.10234401702171
1.52789498240263,0.956239305889298
1.25477688842777,0.913756919995348
1.44553029677755,0.95961656436227
1.49446739739684,0.985140267583953
1.49046099253775,1.00213193270745
1.52413618100084,1.08711248448597
1.48025619783735,1.00946341071805
1.5408563755696,1.02366197688612
1.73698513414747,1.21371715737898
1.19147635662099,0.955248519525743
1.37150756490622,0.868485047936121
1.44158673773731,0.940661745351093
1.63770238549109,1.08209298601614
1.70927826305938,1.09232806674357
1.43157998720624,0.863925274100515
1.5886062783862,1.04192700888399
1.42309826278849,0.849287565808059
1.62597489911556,1.06744315177993
1.5268976323072,1.03484773416962
1.72132012011778,1.03038793734231
1.36490880034853,0.95912231709799
1.50457858237519,0.931343476178616
1.33550008174159,0.982818957062873
1.68225425924731,1.11333323814412
1.39990839240231,0.9082102250763
1.39984369362034,1.04813522894987
1.77281372316008,1.10718076297259
1.52584787064746,1.07089122579499
1.5845464103625,1.18075332988332
1.65687683513563,1.12556399875251
1.67540441110887,1.03186878171006
1.60173905044589,1.00396635900483
1.58334237167629,1.00628870867621
1.58339552808359,1.01957727218768
1.5171414634533,1.02103602402766
1.55593842737828,1.08261446999771
1.47407639346967,0.95353694816134
1.69311885527782,1.01899824768882
1.66675609325106,1.16236342882758
1.69504237113565,1.0056890697138
1.55304761862407,1.03093055926104
1.46157930476009,0.952000872923281
1.65301828251231,1.15840673560312
1.5835728938811,1.04472745112983
1.49152250626215,0.975336340316391
1.29641794381829,0.968469716930641
1.56510452203015,1.02370216613536
1.48452623534237,1.00923794244914
1.58134921267462,1.07154126367994
1.59892882084059,1.159192149899
1.47950234818854,1.00513576832988
1.38657914108245,1.023773183028
1.57116154455542,1.07024556217215
1.67157156716292,1.14546370255067
1.44512858718208,0.95803103237875
1.33378791080828,0.993004719612156
1.47202019053229,1.05082617608466
1.39518544447622,0.939467649806027
1.3625248421747,0.970583834969467
1.32950909767658,0.929894667241955
1.42849556142766,0.947054138391854
1.50040936885231,0.971431081629339
1.56043956008222,1.05305141423776
1.57443830949786,1.04122448405497
1.73711782898225,1.11118898054241
1.59520530090776,0.991186354812593
1.56963357262802,0.986753274005876
1.73455078224135,1.18890273993066
1.471265148254,1.04535771416735
1.85738413675864,1.13504044305654
1.53445135824001,1.05529221233138
1.55190577781951,1.04040004360757
1.56253581933349,1.07361399113432
1.4952490920493,0.942469759356509
1.74805541267867,1.12411090008461
1.19186710878249,0.966512435977771
1.74307564899643,1.16487088092979
1.55929048164324,1.00977677298348
1.51597945385021,0.965214999871658
1.74899041654739,1.16951170752563
1.47432586099758,0.953159534909106
1.5448371218921,0.9961266338995
1.56607011754287,1.05243212255066
1.55476411055893,0.949633286466368
1.72641045899812,1.14019323107128
1.67901543705629,1.05049362864
1.54235904044805,1.01728058161304
1.51839875449924,1.0320818938089
1.57629519527251,1.08202314298006
1.38144350107053,0.980578816203852
1.60342673617926,0.963039076496425
1.67753658580531,1.25104007961913
1.39295347332332,0.997239109070923
1.47718768767715,1.08198443208364
1.44570665104495,1.04084132844184
1.27402628745079,0.981457641833961
1.62865025789299,1.09004926846451
1.58807811879808,1.0875528645784
1.63450950453867,1.23148298924319
1.60082207196998,1.25303690935398
1.52842816837905,0.988825131437674
1.24515903210676,0.969301773124484
1.70140049881336,1.01124767010004
1.69330694953244,1.075196963542
1.74445328255767,1.1761228647282
1.29468336229929,0.871927547594416
1.40569261973696,1.02066799695436
1.59808541318642,1.06206990416884
1.62464328109231,1.17236541647175
1.61431346707781,1.07831059981885
1.87901505077294,1.12752704776498
1.75030363183645,1.16371129316886
1.59017033280839,1.10646480295699
1.46699989867148,0.951189306103958
1.43079521927372,0.877592504414187
1.57563256675767,0.996407886154979
1.57018964621414,0.9621214939463
1.37898531581119,0.98479255236519
1.41589911835948,0.997492975039443
1.16939292501496,0.942629352657068
1.53249428448418,1.01416068796835
1.58496860162924,1.13656560661395
1.42879493435737,0.984432687715876
1.55571414475813,1.07931718500841
1.16799932933907,0.95131776146465
1.64349435941237,1.16845111349628
1.18498883889007,0.9469990548015
1.57831389288639,1.01391018068071
1.61469063238553,1.02186891929195
1.57378164611156,1.06606415805874
1.54962184657093,1.0021994065287
1.60278896099231,1.02904977009421
1.6410121633338,1.01423711481432
1.64003454086094,1.17349458026698
1.3383364454079,0.850077221752094
1.69332502730509,1.06479186316763
1.36355313335654,0.770905960432143
1.54840420236204,1.03940114889815
1.66297247322706,1.20546488604657
1.4674394516142,0.947103869927228
1.37129172419117,1.05348322246573
1.51061092529977,0.985782517974042
1.54628379072247,1.10091402042777
1.80128346639113,1.0665809480092
1.48563549751531,0.940252707225734
1.75196969292949,1.16423357511649
1.64617476441393,1.05214746487432
1.55602161286819,1.11332585196213
1.64789906500885,0.919483322377629
1.65274228039702,1.13150825146357
1.40898725321469,1.02647198263555
1.44433418835376,1.03343480318832
1.58652349802862,1.08053363627922
1.52581734516646,1.06053854144089
1.60345380017955,1.14079765755177
1.41331038999832,0.857037173979668
1.60697844737781,1.09879783750913
1.41226526561266,0.886932112857555
1.61130253662719,1.03944275311315
1.67116334628386,1.102871006062
1.50085218361061,0.929944207152666
1.49520277087729,1.0352734162207
1.68685572195987,1.25113146532251
1.65173976460908,1.13216072474633
1.52687435214678,0.973074431145172
1.44469056912845,0.943690384132871
1.48683580859061,1.03798608364363
1.53024713495549,1.03211511304862
1.74628770583009,1.18877142809026
1.54268841503209,1.03618417490942
1.38502729873081,0.866556813993638
1.66095282307025,1.14040337536389
1.59014473174973,1.10939975218976
1.47564989117569,1.07190246052494
1.42626360382003,0.984731737467863
1.57062670442286,1.08542759391177
1.56251868038074,1.04876813374964
1.50496209556305,1.02183037198328
1.64746191792238,1.08536573990133
1.57076158728113,1.01015374687218
1.73873077939566,1.31825718784271
1.65511579218523,0.98030719057542
1.55767082738585,1.1492744107382
1.57302040134094,1.05990409527502
1.60612180913213,1.05923300382943
1.75486162257056,1.26333981961187
1.48887598979101,0.944814982710341
1.54598471452057,0.961050284078612
1.5062388779935,0.937623217338962
1.54708515898703,0.980782878192949
1.49985403101575,0.95973394274027
1.52330789369116,1.0178939287048
1.30950141406931,1.03598694417488
1.40649347265338,0.965906693015858
1.27682799749099,0.76769745747108
1.57459251982359,1.05332958819356
1.71355893379143,1.03730879014602
1.71953607540131,1.27043608574626
1.27941293289125,0.97703522855472
1.42352084507586,0.958262624850753
1.47018424044477,0.98609597451241
1.52184503106986,1.02102443846538
1.63479717539462,1.08949147133735
1.52627094099946,1.04356269500018
1.50844933731698,0.946200690449045
1.57041241571954,1.1495923537343
1.4704378577717,1.0435689311253
1.78357068846522,1.15578007242803
1.48547478396874,1.00734162220309
1.5375364757696,1.02811974118859
1.40165893105884,1.07918010280727
1.43787651108332,0.953052311811636
1.00404505660992,0.769001368661474
1.48279916949837,0.99618710562276
1.4865308025536,0.969513604433906
1.50868394957581,0.969427385086642
1.55970313167077,0.918277927229979
1.59090988009314,1.10809753672769
1.4620976439117,1.01561902013449
1.64267554566197,1.12119145813307
1.5439473338942,1.03731702199227
1.27705864237913,0.94607506873712
1.60666927468717,0.998380077925632
1.28788304316541,1.00830359667522
1.5563642841492,1.03520107459121
1.80328003610096,1.24301233983954
1.42149505218129,0.966383621205126
1.56779961224382,1.05445654812484
1.3272667605757,1.02275604087486
1.70186219072624,1.21522017104203
1.59435358318122,1.12962474487344
1.61940922758481,1.00174939566191
1.67294744856943,1.25702117063082
1.56014679689783,1.04729684201359
1.50719493085929,1.03648457588953
1.6249479944739,1.10973721857888
1.57804836360671,1.08924570102985
1.64713709658477,0.981344479140007
1.85430336219191,1.12636627880155
1.35337281558964,1.06804931163593
1.47836806977774,1.01148742809748
1.71058109601914,1.28644474428096
1.50690083008547,1.05143193872288
1.45721499016864,0.933162896821296
1.52632383537394,1.03230268750451
1.53794507169705,1.01958814544514
1.57694903078474,1.04324838710063
1.69448848775251,1.15289528524638
1.49928522855847,1.16841400202661
1.79490865063984,1.08545558962819
1.7371803719168,1.13113071140512
1.5748494066036,1.01212249382728
1.44744926258737,0.977648070392247
1.23611522667222,0.756217069688892
1.43774995724866,0.999217284815172
1.62700364222309,1.02946030983898
1.57465412218973,1.09297867002231
1.46689018062505,0.986444263036515
1.70188257844331,1.18282323880825
1.29681978283831,0.889441483838723
1.62794167441602,1.06013563514283
1.70727667568902,0.932438296940759
1.70173041272967,1.07837526400812
1.61109790671344,1.06764194799623
1.45205089784106,0.979373768056844
1.5817210288231,0.993584611062369
1.28385633077343,1.03308960223519
1.46180678348271,1.00489266264396
1.59300840079567,0.987616949739216
1.42820966190381,1.00200164508525
1.40380366117654,0.9785600611631
1.3278086948803,0.953034836240169
1.43722194074615,0.988062894818363
1.56922910936526,1.00029760036936
1.46434083654308,1.05954971720933
1.49245592782588,1.21850443167472
1.40210838003209,0.935631132701031
1.47866696781395,0.966993555041162
1.60562739248547,1.09137085957726
1.41038250556561,1.02423952220039
1.55094347798306,1.05625467922452
1.58530056385867,1.08609309059504
1.66063873097625,1.11349905306851
1.38285051432138,1.06094370163891
1.66401391019331,1.08162617535922
1.55745713370512,1.23934442983845
1.42243208255742,1.08431858152107
1.50789610873736,1.02851789991016
1.42460441149715,0.979342900916006
1.60621619223424,1.07526153808613
1.4743699575576,0.949750764234105
1.35400141401387,0.754635045870981
1.19652939821839,0.822796403326196
1.5455853313686,1.06841664679142
1.61685558255206,1.05134219085824
1.45808412273796,0.897177121574049
1.55132359612536,1.04463197749638
1.5230479277718,1.07275786045431
1.62871938903734,1.06715975755547
1.60019927835705,1.04461643313464
1.31725230523629,1.00575678621753
1.61961620598886,1.1128560750156
1.76230153092267,1.11874590082694
1.2921561995358,0.924034882286039
1.59576790180754,1.03391788976118
1.53483960487155,1.01372213650617
1.60801303726148,1.02060712468385
1.63766797063355,1.06250399925434
1.21780469773695,0.960046777237245
1.54894688681444,1.04418144047092
1.29585809630632,1.01979716746342
1.49932683923438,1.09149522952802
1.60374539315393,1.15859294076469
1.15712632115379,0.894562405054832
1.47291733968063,1.1038195889042
1.33530118921468,1.05559250228637
1.74162861380283,1.03916091693095
1.69996022458786,1.12245505800015
1.66672138985316,1.11742945690692
1.2363577619676,0.752464568991722
1.26230211227194,0.906368308575634
1.37941250744822,1.02308369482937
1.27649754012335,0.976402209433181
1.68590463882704,1.06487179962025
1.54948867307977,1.08649146257492
1.34227697569775,1.0183887232692
1.54684816623908,1.06047789152126
1.53756728683587,1.05720901032421
1.73754619659973,1.12446457308175
1.65777822574695,1.10073326143469
1.48781365933403,1.02534143751166
1.40303767024392,0.8993200080095
1.62748084590652,1.11593016540585
1.56601250356423,0.980250510662507
1.45912857913131,0.953309387179695
1.72981793891318,1.22483474678149
1.61101087049361,1.00612301170119
1.5138287820252,1.00888367068797
1.56294525518581,1.02646697236218
1.44819581737474,1.07689976142034
1.55974991715186,1.06005292070986
1.48807899584459,0.928555107407981
1.50749388410157,0.985678417537202
1.22652224498033,0.965070503143154
1.1712488965064,0.885330508622049
1.48223228383216,1.00800890881506
1.31601354364647,0.938949724603372
1.84519768573215,1.06923081172566
1.65507796206301,1.04148462476674
1.55812592120857,1.00882156513259
1.71240111567161,0.996198761090858
1.67337326443441,1.07176869394198
1.5782465770457,1.08214036641731
1.42453095134027,1.02771929869839
1.50272204928214,1.11226754034745
1.35302011847433,1.01010629291977
1.68818244224577,1.08925307213894
1.49497170773679,1.03320003033968
1.37405996437521,1.08105229787058
1.29781461051022,0.93394907052558
1.56582843030014,1.0273791297096
1.37234106010437,0.842986358506417
1.64950189544583,1.06926998444548
1.50100635463121,0.950294376063112
1.52559946962298,0.97554337967896
1.67419214480998,1.12740340644895
1.54547031203052,1.06804411109321
1.59072766778926,1.05681564110196
1.58615437615516,1.03923711799709
1.71530099691744,0.971731505646076
1.37203731571999,0.986210105692557
1.48627812393548,1.03303435954045
1.47380190335444,0.996900607681622
1.6457184918695,1.04422843309708
1.49839150714159,1.18540392129292
1.50386037644642,1.08021600073587
1.53770568826665,1.04504899323398
1.59759564054147,1.06545774002894
1.47363509272008,0.908034376951223
1.61441594807433,1.04715060991247
1.3733790486745,0.978450877606612
1.55574979466096,1.08588792786914
1.57651545723167,1.06359381701006
1.59270891984932,1.0828735467474
1.4974263876351,1.01413571040863
1.39655322595119,0.851334063971482
1.56957661433686,1.12001659444882
1.53980931569069,0.979437015367077
1.61295082512793,1.05008999628903
1.4862055175792,1.09413046122042
1.45717535724045,0.930947627858463
1.6158327871461,1.11316695201547
1.64433544499615,1.21513344230872
1.45879802691913,0.980414294562324
1.55537314781522,1.06118829024608
1.72826037208968,1.16484272274136
1.70663693615832,0.958722016931631
1.61237216627907,1.12414484813787
1.63391404528642,1.05806629258137
1.12914382946386,0.883555706654241
1.49903596117577,0.972183348801554
1.32614835910482,0.869060595310233
1.36306527229656,0.990793741122115
1.51601519352177,1.01940757400985
1.50118764531419,0.963124356735279
1.56629076259646,1.00711174089165
1.51181405013197,1.0340513823695
1.31968811251686,0.985725805674825
1.56851011444745,0.974409386784803
1.84265446119779,1.09679638491306
1.48676669232073,1.0257638362449
1.48353335080833,1.03006418355064
1.63843231475333,1.0238338044146
1.49854462414506,0.948762822012825
1.62165422917451,1.13291586620846
1.64204614255737,1.04119678829737
1.20682868107778,0.921656969373018
1.23270714268048,0.902132142152435
1.67524211000205,1.08100510508171
1.69487831829931,1.18685371333774
1.61794688834634,1.07941665997169
1.62747364668762,1.06593342693702
1.66017472027272,1.17043266553171
1.90934199459154,1.23755066143932
1.74731624460111,1.10434900960084
1.58453927275897,1.08124706987109
1.52912966913797,0.915864702191807
1.64683097568893,1.06351116800472
1.54399691874874,0.959169819681654
1.4455049240234,0.960633199067907
1.32069072281127,0.970387095037352
1.57325806193736,1.01581023580944
1.70123548625457,1.08635387471551
1.59092848522874,0.997071279993564
1.49041436389402,1.0031597613153
1.5724408836028,1.0153137507549
1.67475485346548,1.06710913483144
1.49290965858196,0.952578577940157
1.78094744804462,1.16842910730617
1.60254178259589,1.04429514498667
1.6366915853649,1.08770751037201
1.62735346615482,1.24992493204373
1.6358351275346,1.10353361436512
1.58047544086528,0.890539048941164
1.44575964419019,0.966137687363066
1.5795027333618,1.16692405243096
1.72436725250451,1.05417858888128
1.44791753307835,0.857520130179989
1.51167834002474,0.999460973649132
1.48720005726518,1.0156848100617
1.67815555568795,0.970006604008956
1.58010171674165,1.12492415986508
1.39541085645514,0.871834462405346
1.58106864629242,0.921858286309338
1.50592652725393,0.958442036810795
1.72842975969973,1.05006354255897
1.48645995928742,0.92349949076034
1.66236391739918,1.16191560727276
1.24821461315584,0.999241479179458
1.55907811815812,1.12906621486882
1.5099555004595,0.936001601244609
1.72834009970367,1.05210729958302
1.82866935735654,1.17300508550599
1.33242257945045,1.05608523012434
1.30541481901885,0.875998156274826
1.55715071394358,1.0233268243741
1.5445832465854,1.06082120593207
1.64721033752936,1.10123010824035
1.49353665590039,1.03110458115135
1.24472060606328,0.983642199104596
1.45708370163883,1.03974392049314
1.55152370349185,1.08974296461073
1.45884979271109,0.964801071354445
1.54619858720707,0.932845370404808
1.34602191063377,0.95014977612142
1.43894594920803,1.01391025447196
1.74932284912091,1.08199865507193
1.63151425552194,1.00580217709874
1.63432044890686,1.07166418018074
1.40039475638731,1.02819564388481
1.58726159321672,1.10289186863067
1.49918038027046,1.09035955129119
1.52008049227165,0.917677760366308
1.63591109499604,1.12960957635851
1.31160884122491,0.956535698923103
1.66975150052247,1.09134079196379
1.90260301741809,1.22849286104355
1.26249439454299,0.975282990831984
1.49109780885596,1.09150583744164
1.50976769975552,0.942044189037887
1.653483714508,1.10925660998549
1.36153709048721,1.02602824474994
1.58520924329396,1.04525984913657
1.76043145226475,1.1710562180225
1.60769796521609,1.03270024526885
1.50763762298978,1.00368422593641
1.51517544464633,0.992027420641107
1.33309489367274,0.952652661737349
1.33484750935751,0.834084721389503
1.49343773644365,0.998563319694984
1.50770880774512,1.03663764266929
1.64917382280268,0.981216502606735
1.551822017362,0.990773282818189
1.7126293967804,1.07366165260094
1.52594923129179,1.03251603975888
1.54324163165531,0.962782608910808
1.54633322453542,1.19949770515681
1.44027435622562,1.06638412143514
1.28974138697741,1.05922222090665
1.34231961590897,0.772906143057157
1.55835592478222,1.01722037298356
1.51320273919753,1.03680316131698
1.45140053820018,0.879489313028283
1.44405521617059,0.967355814307942
1.72495052469588,1.08032294797804
1.48360103724229,1.03613169109676
1.61298339161223,1.03856548315853
1.43670714937554,1.10432506014463
1.77512835782698,1.20304493168298
1.52154412313135,1.02403965053983
1.75674991622135,1.03403403240488
1.57202664933003,0.972407363282086
1.79381986878411,1.06079352059908
1.60744491943429,1.08574319096464
1.37117885853295,0.990180991299007
1.56535393404487,1.08440764029009
1.61051493202664,1.08402092364172
1.42308157055127,1.01159530439251
1.68500184514907,1.13384015494525
1.75796529762297,1.07240624307215
1.65303083926983,1.19386042602798
1.54412508701073,1.05749797469958
1.74814201689886,1.13818617749187
1.53424523290697,1.02861675940633
1.22489969372156,0.890702013155382
1.33449186542628,1.05598343424519
1.75142301805991,1.23110270558815
1.12732252365901,0.888023902728556
1.56124462480661,1.00370020733706
1.53081496962815,0.906765228430025
1.36712589749105,0.861733841944098
1.91887014365495,1.21793195351591
1.56240986450014,1.08623189265761
1.71607123498305,1.13769255832956
1.66055363401133,1.06330173304659
1.42809456507664,0.9287230958254
1.29446101204889,0.851314144270239
1.53959397533582,1.04704211832436
1.45059060507988,0.989814840696933
1.62151980854258,1.08955015152369
1.52538746737274,0.988139643334705
1.69984295343253,1.10932007824048
1.25344652617333,1.01616008954638
1.61654375770007,0.940166861411409
1.5188860049338,1.171242267874
1.23043586414486,0.957621513826381
1.45476074815206,0.981674115774486
1.65580281546984,1.0753980896351
1.29814997912445,0.955906451048161
1.38869141494367,0.853277583128509
1.48925294472179,1.03367512093613
1.50199088074613,0.942892380113179
1.50779829856184,1.04454028759229
1.75153320727909,1.18413953295961
1.38762307238043,1.08001021519417
1.3138783968684,1.03430846358779
1.25496505401291,0.885096184187929
1.6206247971489,1.05447783232841
1.31590722049953,0.887974135596798
1.38529057525189,0.948574346335124
1.64979991127003,1.23478868433401
1.49692979955397,1.20510448074471
1.56633070445205,0.976601213311297
1.50599913796873,1.03076473925701
1.30932055802383,1.00221377767027
1.44095178200718,0.963913949720544
1.4196212967806,0.96417588650455
1.66797681792459,1.11502180810664
1.61600056097733,1.07923602248836
1.45907303554251,0.881156925194614
1.45162808612005,0.989893657117599
1.69163331961713,1.07410320220583
1.28566991020021,0.911371873215456
1.68740423475684,1.19907561083508
1.61412487870378,1.05000337093825
1.58053276386213,1.07653984316147
1.5424348583032,1.06066632874093
1.25061332140866,0.989818014941317
1.39105828614495,0.984622680904659
1.59411021620291,1.0711818147386
1.69081586197296,1.06764796695407
1.62517373918587,1.04389183631325
1.54493506225431,0.99096963773657
1.52833313496105,1.01677584230404
1.4944054791078,1.02864741857965
1.76065287769385,1.20003322484841
1.47527044695738,1.01019580666096
1.26756026768429,0.912139860327574
1.55166971702241,1.04803211748444
1.48222243570132,1.03071241275733
1.69150423391898,1.14497403116941
1.69311538504366,1.06887885077695
1.53682064444304,1.07139652228751
1.50983289424655,1.08364346416847
1.44227096401421,0.96730236282977
1.59313870988422,1.11680472807771
1.39665524727101,0.995042377131398
1.84425635779513,1.12004522687597
1.53410266993483,0.993441015874958
1.59222698721896,0.979768157037042
1.46332473570042,0.941532707176506
1.53535948820938,0.988891378783125
1.5992180073008,0.997183068313462
1.68260653309994,1.18313280779315
1.69296879989909,0.956876535893596
1.61480328828505,1.10392514113678
1.49989199762949,0.980765470171393
1.63443610855461,1.08476756037126
1.37884331105579,0.997271019857625
1.58503189198525,1.0604561660624
1.61901771523725,1.04290162796057
1.60513455243901,1.22188707645647
1.5368441912512,0.942414487939991
1.52224430346335,1.03335971526808
1.53030982491837,0.892404691601388
1.5609878957877,0.966867101115325
1.67859200608676,1.03406174122294
1.55121709804161,1.01789946039467
1.56715094736855,1.03257830019083
1.50468465480446,0.980647082529034
1.52581468405248,1.03325793519624
1.52896477492865,1.03627405962305
1.39081653064586,0.890238536310256
1.65171475516101,1.10939316857972
1.48175595904221,0.988615214847967
1.54720641104674,1.06878461944058
1.51266524300604,1.00730725039177
1.50459407932255,1.10016442746884
1.54991665094139,1.07190889789104
1.64665809743037,1.21378736540037
1.13757994512171,0.852296616164114
1.63959889753965,1.10801056544995
1.53848670009029,0.961881550002076
1.48387846376386,0.994351410092936
1.43295321756354,0.91730049498734
1.62432706328556,1.0056029956144
1.71189121189363,1.11658311756671
1.7312368975363,1.19775245112507
1.50232668855819,0.973074412686783
1.46063084814282,0.9989333220846
1.52923565291522,1.06535286553456
1.49133003686818,1.00769497888052
1.47818098109414,1.00122466391469
1.48421834582865,0.987851981012171
1.75664513224503,1.26306564520882
1.58728547257647,1.11070107858
1.73964609810332,1.04723034688354
1.48395791708612,1.03133947183471
1.25602455622366,0.83176468405188
1.61577265884192,1.08114170858744
1.55401586613379,1.02364394136004
1.57000190959299,1.08324676520605
1.61903535815501,1.14950927802831
1.69492899304557,1.13401512979196
1.75518032302365,0.999912246899028
1.39617761812465,0.847276723789501
1.5662739759204,1.07834545092891
1.421932329288,0.876497767736482
1.55270545667115,1.02706695143273
1.66292868353221,0.967194553645692
1.32522067058023,1.00731016528212
1.8258962199418,1.19043623962105
1.54896209685287,1.02906454794121
1.62452939837521,1.08931119670156
1.50941561160025,1.02091946306309
1.46810294065645,1.02695806028897
1.60037407940782,0.967405540148183
1.57886669566098,1.0253024246987
1.64799709493832,1.05834154491799
1.43885772731143,1.0079882837627
1.59911936623095,1.04521182764345
1.534505059769,1.04399721592839
1.27084538447211,0.925074508673247
1.8474500772408,1.18275886088836
1.62103999071122,1.03206064677877
1.53477156378637,1.1787856050725
1.79563401829615,1.06496366840039
1.35096694753576,0.962562976195543
1.55619560769894,1.12333015626493
1.50774124322073,1.0229794364304
1.49058752913759,1.00024983709928
1.5212504702333,1.0152841650682
1.45516791722939,0.974113968756028
1.63313620334402,1.02275238668323
1.51437254532062,1.08456675039536
1.52647887628282,0.947724337570305
1.59006837332029,1.06847742995125
1.46358069354012,0.979195123072811
1.37781623636478,0.978497583647383
1.5600452013186,0.964552388205105
1.78434978682634,1.08457859284391
1.65797230657382,1.11601407478062
1.54265058215022,0.969138674333431
1.71297007210124,1.20917468447099
1.6551894055676,1.23340699904033
1.7310270252229,1.01274858298307
1.64331479710592,1.09794325894273
1.61059674658007,1.06300135341628
1.49209036587419,0.92242513130315
1.32464324284079,0.87682186818802
1.53347751182676,1.00100844835635
1.48121364594884,0.965280413718787
1.57128776162299,1.01327954584325
1.46621875804381,0.944929128053869
1.61379715347332,1.1073105365882
1.31532710625568,0.889831333054217
1.39933415722712,0.954203456071524
1.37682748510068,1.08147041013667
1.5960001442002,1.04871103768735
1.86183846509815,1.29355369151273
1.5782021335785,1.01156607187482
1.34897046331392,1.04979820387121
1.64513341449094,1.13010502969816
1.57655325400103,1.00365731660194
1.52028235583147,1.00216943725955
1.62649879074227,1.23115015082015
1.57784442435582,1.03920354534537
1.53216746408741,0.984181662214231
1.32507194379005,0.994810217815802
1.42639433605402,1.12780939685515
1.45300897603783,1.00288100652553
1.18506317773227,0.903355709460993
1.67419432606803,1.17577484491933
1.24953880506957,0.990759659411037
1.34669157492132,1.01914569691866
1.61182523937244,1.12566859470442
1.61950628527842,0.977703548095221
1.30574957374328,0.991337967106169
1.76171699011614,1.25416522612871
1.72326095443205,1.15554884063589
1.47918530489761,0.962204398154855
1.72825139379415,1.02022121329078
1.5202192444047,1.05571909881031
1.65527105768102,1.01332166863027
1.42555461694161,0.955555380429305
1.51643242437978,1.01858664883512
1.56203598518333,1.01393890080455
1.71553049752174,1.0405872087012
1.43350852201444,0.891407751823528
1.81366293270289,1.07790023102604
1.50635514139601,0.922612734772169
1.35074025314369,0.797641509916828
1.45491757633542,1.13643456184498
1.65863734409411,1.1657555195645
1.53930426281684,0.994164299784604
1.6912183811439,1.08723768204753
1.50226280052288,1.04475979723709
1.57469032337879,1.00468680162705
1.63879683864262,1.05268436255666
1.52293279546999,1.09361880210433
1.65998987996647,1.07814455655518
1.4631347238798,0.931012337373022
1.37139984491775,1.06715930930228
1.30159347137265,0.804501968954843
1.40225766340698,0.957241352750495
1.74692016941652,1.19726275028634
1.54064719719532,1.00851694361269
1.54248345454114,1.01036276662683
1.40657589405292,0.928782902123929
1.52834313243832,1.06031765281974
1.57747066110816,1.01383008240721
1.44567488316692,0.971877394513951
1.59545653839471,1.0594304039261
1.56982929875325,1.0374949712519
1.36054138325609,1.0971036063598
1.57843968993628,1.06569996019853
1.66276841114094,1.0641997763658
1.54150261807202,0.96033345064489
1.57980657726918,1.08669191886893
1.67225808094208,1.00149565566676
1.64343048299552,1.05804910263908
1.54433094923051,1.19010437287426
1.46791587739764,0.937729544703466
1.71870383745966,1.21728297641939
1.63322992744611,1.30532212070946
1.49637064096962,1.07391792175921
1.44900446539193,0.986677191164664
1.40971214154195,0.961148977287543
1.76550099186668,1.2231996888059
1.52933207085377,1.02251578348985
1.5673842928135,1.08837311162045
1.74051333385182,1.2584641815851
1.28270751111384,1.00316182795916
1.68617154929923,1.08505016368566
1.38159387404908,1.03141614265285
1.59881523623137,0.952158771325334
1.4413583380385,1.09458232144675
1.56036133562443,1.05398092689788
1.81472667138559,1.11592394515398
1.57843791252745,1.04932058851874
1.45432012956227,0.941426072278802
1.64773981618218,1.12058102883134
1.45657270666227,0.982609608235541
1.49831490311145,1.05921890117549
1.61390568710934,1.03426515826914
1.77954532977231,1.20932973402566
1.54432565314519,1.0279178318325
1.72980874645008,1.02964471322762
1.73591480866238,1.08775231799195
1.63470008326362,1.01243224556658
1.75965487070106,1.20108199737
1.45529911320016,1.00087680533183
1.57046024825626,1.07225042597387
1.32090523569231,1.05274290922124
1.66433675112185,1.17227057313519
1.58214650104777,1.16067917528433
1.26186220200538,0.992812845474644
1.25635474309917,0.948532759272239
1.46315295814984,0.907543675021816
1.39889097106011,0.913679497497928
1.51496415968636,1.02528505586684
1.48359397466574,0.969452411953796
1.82145961759098,1.05061830250865
1.47481086586904,1.01080397891438
1.5700159594017,1.02961992561176
1.3212789985572,1.04918800291813
1.54851133913099,1.07782186390247
1.63322778691359,0.958561720210796
1.59064597105063,1.01903147220963
1.54947345129727,0.962579967708305
1.50100018313309,0.993038647236302
1.41083348426932,1.11067476007818
1.64747449658515,1.08321501611639
1.22981912114196,0.891063560284695
1.65537282512675,0.993613642350018
1.39168318581893,0.908801640492417
1.51108510726182,1.04195461560652
1.54411221880416,1.01131860716927
1.60675722843407,0.987974529051513
1.51010653890853,1.00627256025314
1.68566742898209,0.981665409842687
1.61367174789759,1.10984976577156
