r0,rt
1.84018865729071,1.73109414067122
1.69158016496476,1.60249796048494
1.7178592680262,1.60913856302081
1.53177389049948,1.37502515787084
1.57441346568453,1.42697686452258
1.85838381080663,1.77229343219157
1.89298827634436,1.73431970232771
1.90557932469856,1.75042736206481
1.72461209586204,1.62793195628712
1.79311243170998,1.67340805095968
1.76898589172408,1.68181697525153
1.96948817081886,1.86653253846291
1.69203155547377,1.58494531086733
1.99548362082162,1.87311544291659
1.69525979621851,1.61630868632142
2.02751291286567,1.9057062120527
1.68262472934413,1.58625292522218
1.70989317707048,1.63457315789486
1.40520988769362,1.32436715871906
1.88017839378887,1.74423676101847
1.71288113008483,1.64264651397214
1.56561956873968,1.41412587704739
1.53219700280672,1.45139503629584
1.56510553945499,1.44791536537547
1.78503313302275,1.67577710156639
1.63366234144442,1.5382660988907
1.96867148110723,1.8808241868656
1.78867489565557,1.73063353878327
1.77389279277362,1.68190913969358
1.57021716388393,1.42127382984808
1.7418109873854,1.64389653562453
1.96475998398747,1.88721522015969
1.86082597597432,1.7621528901427
1.77712702820953,1.67919422017579
1.60417554470117,1.48808285648043
1.87064720409939,1.75233651401549
1.93160817130726,1.78432528343942
1.39803488664919,1.31083780024696
1.76507001366951,1.65945551427876
1.84932060472933,1.70421413211242
1.92658717933,1.80870617695189
1.9072769281342,1.82770446449357
1.72543209996829,1.64201517580898
1.75382651945111,1.65299248057407
1.80538698833909,1.69312436955627
1.91703355690618,1.83518017476176
1.72826060416718,1.63912721183404
1.70007094424677,1.60236320981004
1.83283616518652,1.73460223281418
1.64834507561648,1.56469584041181
1.88954553958523,1.76260536863804
1.80428594840169,1.70740330507127
1.94931828818588,1.81671331459815
1.80766360905672,1.70721547769714
1.94944607692372,1.83761964088294
1.64411145364269,1.54326561372476
1.51091448171939,1.36001674440706
1.94718343428146,1.82164348478875
1.54768832308376,1.46797665272223
1.90802979830332,1.79024638878746
1.9557830311735,1.8387692232011
1.80233110230069,1.7140953035656
1.77942604429421,1.68777303866627
1.928905858217,1.78416076735446
1.64220263923019,1.56442160500315
2.19420359029318,2.06547116791613
1.55962987127263,1.39542516076203
1.79269249561389,1.68289206904075
1.81655502538587,1.71134986397411
1.79924426197433,1.71238650301992
1.84145706962383,1.73620829705614
1.72015077453181,1.63300313615077
1.5182016143623,1.39445988130264
1.51397748671205,1.38335486993948
1.70100361758621,1.61096133039383
1.85601303040854,1.75569516477711
1.92262435899793,1.83895701551084
1.84377599307579,1.73702880479568
1.89455180053106,1.7738820732638
1.84066729852263,1.74754836396248
1.69352290895654,1.60227645328823
1.69726663091358,1.60566454568863
1.70403407954649,1.61060500259941
1.69581012077384,1.59367520702189
1.70883716126822,1.59782638853369
1.78255235625251,1.65789893440558
1.85212049745007,1.75173970272085
1.77674949254999,1.67724068019572
1.84202606278558,1.71493910251222
1.71153501674423,1.61666333782551
1.74098681629885,1.65064892300822
1.6882971922006,1.56552817603985
1.52190554353026,1.4461190506833
1.72412044934876,1.62636051927054
1.89799816749172,1.79451009008118
1.72984704605133,1.63865231625603
1.68597290520094,1.62073235606999
1.89903205060938,1.78985832586093
1.77675873733211,1.65312813911604
1.38578505215695,1.26845612023891
1.79451366312753,1.67224114150381
2.00355577779702,1.87249876684123
1.78094763576922,1.64267889976332
1.83869576881303,1.74706051265172
1.74455120797609,1.64089628887647
1.75506185634344,1.6404282749888
1.87046010873344,1.761567394259
1.8357234444383,1.73189973101307
1.67515960402753,1.58695512803397
1.77778096039365,1.68487203779789
1.55296339760439,1.44803857775138
1.77027035929623,1.68400609643192
1.94198297466994,1.8117518261978
1.72021650723315,1.60860823808673
1.55827648312901,1.44301203111102
1.79967104128865,1.70725187234569
1.77303784222341,1.66979542928618
1.75944561940508,1.66236381173243
1.72144213466963,1.62242467909638
1.65272884140481,1.4956334028651
1.44315527521181,1.35080626689039
1.3868728886739,1.26788724251024
1.80211631852204,1.7078640663872
1.85451282746386,1.73881089764767
1.68001471004547,1.60670014725105
1.78746573674248,1.69905547108319
1.74818628039213,1.64713003380897
1.70376604087023,1.62198984628562
1.66005034874027,1.55568405770312
1.71696869042903,1.60911043182395
1.72969154856649,1.64337600244759
2.08106100431859,1.97114153914107
1.52345943443999,1.41595487067296
1.62519398790973,1.5549977733949
1.83032363351759,1.71310112205122
1.88760522578811,1.77313920197344
1.55427197646397,1.42526679322708
1.8159886240951,1.72054209007773
1.41837703231929,1.28668441033076
1.71904528840587,1.62331545648627
1.73419229035129,1.64669021118257
1.62947244461315,1.52950785639296
1.81681139487431,1.71741791762314
1.8541251940842,1.76076808165813
1.89672493913856,1.7928427219057
1.64936071298031,1.55517043159944
1.86849103788389,1.78541858730585
1.78914587600082,1.69259629129168
1.76380642461474,1.66415761054358
1.78274660147163,1.68201954574185
1.869826961483,1.76061812283835
1.80290708081483,1.70349117459018
1.76413440514057,1.64978998153174
1.71554811685858,1.62167488637674
1.81281342644017,1.71673534756726
1.64399454790443,1.52549236131379
1.4232525213288,1.2862378835448
2.00239644746587,1.92899232231582
1.89020218344576,1.78397631321761
1.5602456286471,1.39364280227512
1.89768092984083,1.813788887683
1.86357271499746,1.74961634082703
1.7524689835914,1.66573933930369
1.89156815084412,1.79148339629318
1.6837052388283,1.54570492357654
1.59889671158128,1.51948831912407
2.09253598812368,1.96577452119577
1.9260837219518,1.82790638474742
1.97646359243966,1.8576800907013
2.12626654226218,1.99174912608686
1.7935149681675,1.65800254817892
1.62014170844323,1.51680137956777
1.6802427621301,1.5954177042288
1.56095799034862,1.43458507530655
1.68555040277222,1.56406252236586
1.67997438319753,1.5728622028696
1.7918420613239,1.67086172609709
1.67454401609701,1.58735339565631
1.63899202890996,1.53119510489985
1.53079336065666,1.44785333421964
1.69995038434774,1.60003998718296
1.6679315593127,1.56997564343855
1.36508187381338,1.24368903362036
1.45140225586737,1.34881605680034
1.91936574072973,1.80407928238439
1.89408491123688,1.73938365904058
1.67651934124021,1.54201351324534
1.73447001417973,1.62086834712777
1.80493449331305,1.70465962284791
1.82360730533612,1.72991124963547
1.72345828432819,1.63609933825353
2.00639060765316,1.8855843431916
1.73237118271633,1.63363009692069
1.88790227829148,1.77523720878819
1.68433956772041,1.57915962314433
1.53845516041527,1.46229421821978
1.99499708905929,1.88746247596628
1.85622689018626,1.7289680157519
1.80329661179014,1.71209461604161
1.50925964491712,1.39844932160606
1.75003796458864,1.65271907602997
1.71376451696325,1.6183845876304
1.92359556723904,1.8135119109834
1.56545625590126,1.43947837803257
1.69750103000368,1.5880600293102
1.67397366633316,1.54432518988485
1.86588313823022,1.78221542328414
1.62892032229268,1.49759015424554
1.53041773083855,1.39899338362362
1.54030087501442,1.46494681673905
1.86085000111746,1.7575138286408
1.68106480476067,1.58323582211598
1.99729518426855,1.87996616109142
1.73113081149936,1.61338706495049
1.76238534631255,1.66972276003106
1.74287115379606,1.65471617543059
1.99848203347051,1.89049486990249
1.77089142366184,1.67567101383312
1.69593952243312,1.60112351353309
2.05138543477269,1.92000977563585
1.94926433646455,1.83484404462102
1.72679369928883,1.6236040275952
1.60356206485287,1.47514346846646
1.96908517453899,1.86371327085937
1.98705187638488,1.85332275507272
1.47800355922771,1.37386141138654
1.44507973196554,1.37694207967701
2.06170209595294,1.9803950905864
1.74426380486246,1.64601577491816
1.94984655516602,1.8577837076449
1.77117774353135,1.67667054189402
1.78385672055527,1.68255843885071
1.72355594213997,1.65988842376919
1.53550506443005,1.42915181581048
2.07387163876857,1.97099613166739
1.64663741457015,1.554290389811
1.86545304775216,1.75244282210049
1.67934829893,1.57985507399715
1.88994081694598,1.77653042542263
1.85981236733067,1.71210301719875
1.90280120256775,1.76809641042702
1.6550768006711,1.58787743473913
1.69246723905588,1.59879028594345
1.84900196172367,1.75204244969431
1.67194043934392,1.58314031738698
1.59208154867442,1.50316912292003
1.4559291129941,1.35566509920061
1.79694614592627,1.72689355557249
1.9043395663514,1.80435446171605
1.81529082283119,1.71450068010503
1.66037100834552,1.58609378029863
1.8059137613401,1.7247397253661
1.74716228832244,1.66686443780605
2.10039091042595,1.99730079901876
1.74061791375807,1.64134892095907
1.90127716615352,1.77744026154918
1.77893838699026,1.6968123592395
1.82521346671698,1.73493718225357
1.84365218123245,1.73084991667661
1.76519213306134,1.66865722522831
2.00670216676096,1.92147517251827
1.99512228654218,1.89650821367748
1.54134733844439,1.42282668195541
1.71605633747065,1.61616142993289
1.6086951798976,1.52048564729844
1.82269339739121,1.71280642166761
1.77936523951825,1.70177696656364
1.94957513414131,1.80945198316505
1.81637348203474,1.72385499732377
1.79827535258024,1.6535745182824
1.78244278138341,1.68012682364227
1.65888196353029,1.52570674685836
1.55728630623965,1.48016596602427
1.66262063897318,1.58114537416318
1.82525791057515,1.72013887194301
1.46123160894406,1.39351174367285
1.79245013040737,1.64472797530062
1.79129133609404,1.67570795846611
1.80678307854323,1.70575703666733
1.7284093726611,1.63189018790582
1.73698602922822,1.58566030087527
1.48191769123744,1.37936804628215
1.72044144124663,1.62995093723341
1.97526745521169,1.85864754037939
1.79596412082493,1.71992426227511
1.81717254536788,1.68750190323018
1.8188717722493,1.70385838586845
1.60388048496747,1.50909822034973
1.64021812947677,1.5547282777034
1.91607242804254,1.80029259579241
1.94878843353698,1.86210378071714
1.76100614393794,1.68880803084682
1.56897131890134,1.46548628031691
1.61127440144932,1.51771375114989
1.69876783281877,1.61130429002979
1.52388278974487,1.41546557456722
1.58869384635908,1.53254238451696
1.86093092855098,1.71773425900562
1.82647820520518,1.70100209042328
2.04754620704987,1.9378286327639
1.67888284493649,1.57544632489857
1.91299667667699,1.82615494883565
1.87054402322764,1.76683072382886
1.81342740513054,1.72113256458395
1.66434157407646,1.56211511350428
1.83973802090688,1.74214165949032
1.90847146733705,1.78487531024464
1.90553538798972,1.81567135716147
1.91552859647799,1.81108873010556
1.58540185751674,1.45286430967869
1.56614918342162,1.47182078357763
1.50909472148608,1.44020755863459
1.80151059331691,1.70173396564619
1.9862148351255,1.87275644094287
1.87652116791348,1.75523006587849
1.69436397046581,1.57047181110987
1.9324286000343,1.8207782696414
1.41654951430027,1.27631930339121
1.81225883335114,1.71103469037013
1.87865329164273,1.79881191355464
1.84256151041278,1.69574612853257
1.95082430254665,1.82440947897976
1.88903219858625,1.8078360483654
1.87743828883151,1.71454369344619
1.78291239748687,1.68644460328592
1.74807026431771,1.60480012862765
1.80241987568338,1.69882541853685
1.66687560361975,1.58626966104436
1.39648576538876,1.33387722877819
2.15080073685009,2.015967603841
1.5955524452363,1.53524438431668
1.77003071996191,1.67965522748741
1.4433373698816,1.3181597685623
1.86924938831433,1.78748094717504
1.94393578564163,1.8007777739745
1.82999918440722,1.72045979396192
1.88109053716996,1.76767337731148
1.54253934099311,1.42856516502381
1.50548222851024,1.35182628648996
1.6708428665848,1.57097115018478
1.7956330352618,1.69088533739158
1.86545079845509,1.75875595686707
1.87479021210275,1.77417345432917
1.37525494041614,1.24800643158229
1.73005232795167,1.64413302274733
1.97736650463004,1.85740889455821
1.52306949318784,1.38526153550918
1.82953646002964,1.75063439429985
1.93711520675153,1.82285590363605
1.96336280261362,1.87766801898427
1.47660508924674,1.35906540804425
1.84222248707821,1.74935351068553
1.7943687792514,1.69080319664229
1.82694688831864,1.71529575710803
1.89400268337567,1.7537265001165
1.75307837043184,1.68457705938533
1.70533256880195,1.62118849676801
1.74678701882347,1.66808228196733
1.82455527930537,1.72108629787213
1.76617688888259,1.68677369156037
1.51037239223497,1.44048900950852
1.83090487026031,1.72648565944826
2.06233024217418,1.9545393267438
1.9560583535688,1.85603868865682
1.95047176929811,1.87661067210097
1.98587706130687,1.8209933319622
1.30063730947843,1.20048695308065
1.77706758704856,1.68271656794857
1.43576846648842,1.2989034310082
1.56822461248306,1.42559815099576
1.61941999116213,1.48130736007695
1.72766461391717,1.63563665830251
1.66000929777043,1.58742905080713
1.9109278379951,1.82668885088157
1.70854694522389,1.62132985683265
1.81403861009384,1.6829404195065
1.61702839053813,1.53921572965814
1.79747096556927,1.70106924036589
1.68588950377017,1.61035969621735
1.69438243233313,1.62998672238447
1.79487919327059,1.68597301930968
1.49918616213116,1.38423087954043
1.88560694261346,1.77992132782389
1.88643721607591,1.77418975608228
1.7334094459221,1.62515900480475
1.81199384665597,1.70980845926887
1.63885505143352,1.58120464366358
1.78074771971005,1.68016342957679
1.43204926915889,1.30761862244817
1.64596530619756,1.50293730822379
1.87729221529865,1.77226161037493
1.55134425849643,1.47528102352993
1.90494736484696,1.81830456528521
1.70936259292065,1.59580165571295
1.60394243036208,1.48958604186531
1.72614445645478,1.60369359206336
1.85429162581471,1.75896564413811
1.80062389136157,1.70843407011701
1.78430576887563,1.67758436473574
1.73328289133132,1.66612251388018
1.58455618148546,1.44608527746874
1.75311064153844,1.65916924042147
1.5337461676288,1.43002801483976
1.71035584749408,1.6055065967411
2.24505174229964,2.14348564849868
1.71925449838602,1.64183551639653
1.96520842530508,1.84138489485493
1.47238749782156,1.40598006039788
1.66110589279577,1.5628880684825
1.99269114185429,1.85456969180176
1.50444447661046,1.40542143467139
1.81972496285732,1.70920620397266
1.45411373182781,1.31714693775702
1.89728172650381,1.74963819739501
1.83258979144824,1.71655740325765
1.89909580030088,1.79579753445129
1.83576036066579,1.71776031759777
1.95857185078681,1.85625864591722
1.79042162624188,1.69024835432877
1.89344141026923,1.78903362445428
1.74490220322991,1.642994853825
1.35640317291957,1.25956819158492
1.87181406857984,1.74029766596012
1.84967449986905,1.74325735804711
1.72168288936202,1.63013925399203
1.3537699652346,1.30488598961228
1.83107169291806,1.72225513653594
1.83959816229606,1.74135871063382
1.64177636843923,1.56066915125628
1.98680057872951,1.8698089387719
1.76901980186854,1.62630118145136
1.95156781904428,1.803441253533
1.77281673595581,1.66193232024406
2.09860165554153,1.96828979991259
1.53589082225904,1.41505597893735
2.03177921190579,1.89344845255193
1.75315169363981,1.6404589881469
1.82404722528635,1.71009425286219
2.056455850578,1.98140278441716
1.6003582536333,1.49775306016075
1.48890600778328,1.42672883683775
1.94780907887243,1.82251016377665
1.54227617288635,1.42887573576103
1.87519245236769,1.76826284236392
1.81520648018121,1.71566851577385
1.70252396147011,1.61024022413447
1.9711920347021,1.84764394580517
1.7073767170186,1.59253820012337
1.67682730391167,1.58327190489986
1.55797096752742,1.46340597298267
1.817658804604,1.72143322494576
1.73554252461277,1.65456332158466
1.85814930941478,1.72759025766293
1.71772850915273,1.60347235234884
1.76449861698341,1.67026858792139
1.91075229675865,1.84044489623443
1.65026543644257,1.55595427126486
1.50477432576083,1.39782679437993
1.5426652427181,1.42377317473886
1.44595343229012,1.37176831469483
2.13570960575206,2.01043278307862
2.03211155275158,1.91816727921978
2.01928510306742,1.92902994681423
1.83451709852595,1.73128407243647
1.73353076904698,1.61535076688125
1.85198745398131,1.77876927370232
1.77354703334788,1.67115924700656
1.8325010893945,1.74200400506902
1.74976071334408,1.65378110626344
1.49817626130989,1.40820943936024
1.96443050884478,1.83136234982536
1.83227912521543,1.7341089693997
1.79967329142794,1.69875974899415
1.68749701423587,1.5811299047098
1.60924615951843,1.49622289837893
1.72152674461931,1.62804574959022
2.15848412934744,2.03275656664884
1.80160239788517,1.69229642568138
1.53118252894533,1.48118244907885
1.6938934081508,1.60608311078756
1.66707764858924,1.58355014249094
1.75722022449559,1.65768231776489
1.49053978478135,1.35577324220833
2.00902152651776,1.9075076919136
1.82633940581964,1.72709493310385
1.82052566507972,1.72190355079321
1.91649001701808,1.8079861880635
1.66864168291482,1.56694819332482
1.50760552696095,1.36236502965794
1.8983210729002,1.76053636800732
1.557936885985,1.4798088870035
1.92838758723779,1.83450335524669
1.80988573054278,1.72192647798699
2.13465117561927,2.04208146707719
2.00740167645612,1.92219924984942
2.18753039051172,2.06760864187953
1.77640759820941,1.67536675423851
1.70426230314977,1.62336811269175
1.93769529780925,1.85877776039701
1.84017876750906,1.7327964338861
1.77457447644682,1.68044812301716
1.78967431351607,1.68573941300303
1.7998835545263,1.70461379790719
1.75702305671469,1.66728269628897
1.7341518645173,1.63508822359575
1.49494806301142,1.40476513883809
1.93618577079333,1.80747486041801
1.64490349913065,1.50844751339838
1.98632005184854,1.88872461480592
1.63155998648043,1.52680476089968
1.78916383245583,1.6709805454985
1.69759967867528,1.58937345100883
1.71941912385952,1.62265456534823
1.88258760584522,1.79756692524415
1.8057251099832,1.70305583020894
1.70333731824926,1.61692402296085
1.60015767014648,1.49836495627877
1.66507089124345,1.58802496596439
1.46690207267299,1.33681662119459
1.75414788753533,1.67035191608534
1.85229106361946,1.74839333142149
1.67527238399747,1.59460758155914
1.80505433449805,1.6492748589577
1.74865382934416,1.64044384095912
1.70207986065958,1.59151928204325
1.90789151747673,1.81545005869146
1.48460738872148,1.40812382856499
1.79642014198476,1.66167961473981
1.81429801853848,1.70164066277858
1.6888209766851,1.61591810128352
1.86432574679421,1.77599324997304
1.90360857387143,1.7971280368958
1.72126940571269,1.63905661339113
1.66708031565218,1.56483180496092
1.62730995771009,1.53255963239691
1.61022957978265,1.5075517670122
1.76238871658513,1.66481868637554
1.35043399063853,1.28322651685017
2.04032702391164,1.93410346906465
1.48332284369753,1.3556994662771
1.83413930440979,1.67752440071469
1.64082221267334,1.56371089374355
1.56400430225918,1.48895811138396
1.75975205393089,1.68904498750405
1.84440631258045,1.74210363847709
1.43909279669307,1.31137806945052
1.80804413659567,1.70509292682299
1.61382851523139,1.4949558182771
1.45331698017169,1.34351183160129
1.82431203060078,1.72179603209755
1.75077747003514,1.64159465374945
1.78385786063864,1.71905079186227
1.73426789673537,1.60683910122816
1.82369973087289,1.70478801117387
1.67821791086036,1.51222170128782
1.88820163742021,1.75589614900378
1.86859834626933,1.77272417286641
1.76789612070347,1.67377500941307
1.71505635220992,1.58433491205607
1.41170010396862,1.36771612682168
1.72387175364922,1.63103846203124
1.6613210091516,1.54857142304874
1.65974770726786,1.55467880886265
1.6503663050277,1.55545263517751
1.82429393005819,1.73101522584285
1.67808374422821,1.58437301591419
1.98320175528541,1.89808240189006
1.52573485450118,1.46131262451741
1.90058524413625,1.82675335897481
1.53040393901263,1.44858451581405
2.02601460116073,1.90144173851052
1.7128824537029,1.6119044528327
1.79802187220382,1.70662820464898
1.660142651897,1.56622009182798
1.69344472911789,1.59958498013114
1.5008412876084,1.42563277366996
1.48959473319486,1.43607358842329
1.39449479191318,1.30583885485885
1.87160653453032,1.72712282284877
1.72481602841476,1.6401050351269
2.03995956216946,1.91258874615549
1.69203821197431,1.60689773371099
1.75221508319809,1.65152634786979
1.83393587511772,1.7137968693504
1.78917699198857,1.72513791473233
1.81344893742265,1.7007978642885
1.77125877808212,1.66708758558263
1.65095680242389,1.56690541372986
1.85662781582912,1.74825362863893
1.79852236215622,1.70040700696538
1.72654296373317,1.63811959679752
1.61985477044997,1.52456807902399
1.44345996459081,1.370037822931
1.57978341507073,1.52330510042578
1.65905799834167,1.56261161204003
1.84253706545355,1.72654279913365
1.66919919269218,1.58954528553008
1.59822588239635,1.51458825556596
1.68647827280025,1.58725509449699
1.87948382883614,1.80548951779351
1.78323955188694,1.67769319832381
1.82400610888137,1.71267189998912
2.06923902740198,1.92624927083653
1.96187812052918,1.84564798369653
1.7493425897357,1.66392759062875
1.84414889963793,1.72996176170798
1.9567563975377,1.82604586363198
1.76274592482206,1.65565914083503
1.64242649941377,1.538002436661
1.70121150536575,1.59180144167974
1.87821206220692,1.72757196778121
1.78022628897545,1.67868769017222
1.75001582915936,1.68209928913858
1.77529544508963,1.6785956021315
1.78021567571291,1.67701510700134
1.60417449847123,1.49281948373871
1.70805261782023,1.61049576311343
1.69652057440246,1.59903164569683
1.6967979634767,1.61079151527948
1.81594219172981,1.7103159073545
1.61238855307132,1.5183760832766
1.91129190402252,1.82937670114318
1.92620066392901,1.85662592469406
1.70550564594103,1.60267057888624
1.82526573715293,1.70735245801018
2.0677894691169,1.95504051171503
1.80608386969383,1.7328778807048
1.64975194144659,1.52227807402487
1.87486618443093,1.76770353952557
1.82618297208506,1.73335160841156
2.01910380074884,1.93068058074319
1.68949358894004,1.60642024824048
1.63709769268733,1.55967812377996
1.46283720081952,1.33990020325254
1.72796903724671,1.64095785913648
1.43716301494815,1.35259650045524
1.93037665433075,1.82074312747698
1.45138289093161,1.34426632847178
1.82358607040927,1.72011651403092
1.74767587280766,1.65653996179893
1.67683909142824,1.58125069837972
1.74963297312939,1.65948412390622
1.83679323437167,1.73667526415704
1.62368485374792,1.52258069287573
1.90164663714631,1.7931016031062
1.80901788944343,1.68739692015125
1.7655412536328,1.65953601465762
1.69350913012512,1.5921787363668
1.7646044024505,1.67614246738571
1.32160731390538,1.2250874515052
1.68977567457536,1.6013642702274
1.60730546348455,1.53450339428762
1.59453340170526,1.5089989990385
1.60817496155935,1.5224073265787
1.70695677679969,1.61634964570479
1.75697354945215,1.6593508057729
1.64160194866936,1.5384697885504
1.44331887979158,1.3297068611404
1.7703320487561,1.67292561606905
1.87466347928458,1.77212284869565
1.30266180490746,1.18827845255462
1.92933141431058,1.81117276319736
1.75867352136985,1.58454660100796
2.00107589541524,1.9188550457268
2.03893597592056,1.94410064599364
1.78642264058403,1.67765990049586
1.50324932470771,1.40091277017395
1.77531316880808,1.67739150511864
1.75155211797785,1.63548228394113
1.90592704289596,1.80267273267902
1.90077849032704,1.77374239012361
1.80442175765963,1.67556109484467
1.63945513065495,1.56107498550688
1.7691780073646,1.66413148498791
1.78052423180602,1.66578177607148
1.70253200342045,1.60834707163037
1.78687626439935,1.65209316461221
1.68021390393472,1.59194556882794
1.56949946523064,1.48004550416179
1.80889384702513,1.69662564464934
1.94815957082737,1.82481058520919
1.82245405321562,1.71902626443125
1.82197192427023,1.71731824038087
1.75779841959552,1.66519832434996
1.76104755765312,1.6369625258603
1.74121628264089,1.61547220356884
1.67011763519799,1.57730399808889
1.87083694515166,1.76557035775332
1.81577737778875,1.71251753866692
1.56056917875962,1.49379169495834
1.79099293565484,1.70171137753186
1.97060619336604,1.85483185404912
1.65520059787679,1.53300571129016
1.77422998780963,1.6689061175303
1.86728798841107,1.78318782859155
1.89724752533713,1.78169280909614
1.91672074242427,1.83575578245096
1.78660851684196,1.69437956535299
1.7749571415725,1.66190766635453
1.76036413159071,1.64284169215645
1.73616557423834,1.60995530363348
2.03725615934314,1.90691357104874
1.49196220011251,1.36188701429548
1.70369279688651,1.6131829501119
1.86124479873111,1.75011936070449
1.83934531156465,1.72695627582811
1.79786053082205,1.70831109578654
1.43667622436472,1.34716744446047
1.67898333651382,1.63003647903393
1.46332009793562,1.3580672462869
1.68906969600452,1.58650304819387
1.70070630666855,1.58214872236726
1.79853345603225,1.70036059452701
1.7269813724536,1.61231262779825
1.73172847215714,1.63606920971171
1.78023374359126,1.68187186483555
1.94436560075235,1.80626915485525
1.77435223477207,1.66968356951176
1.72387868012017,1.63169416654341
1.5767023503952,1.4556132828681
1.70222076085681,1.60742202680324
1.64106477016795,1.55173691306651
1.57419085557159,1.49551681757587
1.83668697766825,1.73950987120996
1.78576980089422,1.69283167548907
1.79609127212659,1.69991563937763
1.70120071847816,1.61915288629937
1.77035635054613,1.67669006948285
1.64630071393644,1.550904102421
1.78382384191725,1.68260420331017
1.59477915179207,1.51853125070082
1.76119674698617,1.64529946916614
1.74435239915311,1.66394428624734
1.89305105645296,1.77125486456027
1.78451294624538,1.69640255838933
2.00392701746309,1.91524016021309
1.53628181306304,1.41887983874438
1.80824940313672,1.69121489868592
1.8101720459835,1.72540292220377
1.72029405266985,1.6215130411611
1.70436261479179,1.62549432154069
1.80195682827977,1.69587886501075
1.96347822650381,1.87411018691279
1.5097938618615,1.39722171722941
1.68538389751219,1.60541087238801
1.8207311653958,1.75230526840554
1.51384016592377,1.36352628019473
2.01433473603547,1.91663443499587
1.48162299581257,1.34294267304307
1.65779308419906,1.55652823989108
1.65536357206081,1.58201264918495
1.45021483288728,1.33247584625361
1.61146533180491,1.52953395743007
1.73820485814007,1.6517124319583
2.00155565432186,1.87344111812848
1.72436276950501,1.610939838997
1.70529349040971,1.60004695075387
1.45589883965383,1.32783430184
1.59542215821557,1.47710444447187
1.91548327619821,1.84245390429805
1.42361097763927,1.3090569853659
1.69847074397895,1.55139318088319
1.79742423400633,1.70606284678669
1.40334274798511,1.27395958850996
1.80828936315131,1.71058061522687
1.65510182441859,1.58166549528451
1.70622822636879,1.62543290630645
1.59262869575292,1.48627477687495
1.67716269949728,1.57605744777833
1.5124824631588,1.41718627695185
1.94953710593271,1.82434016710799
1.57670453203533,1.4627086669075
1.92304100206843,1.79140218054461
1.6598872849763,1.58738080539476
1.39593388006056,1.31479745566697
1.83601374642216,1.74589157038447
1.68716043774932,1.5773963079697
1.76437946697913,1.65617067337032
1.52944120116456,1.39419596301973
1.77562521013451,1.67284832467362
1.68149096599496,1.59412735802125
1.99032569523028,1.89778231285347
1.98188678258117,1.87748801339851
1.90581737802391,1.8220407437633
1.49106141194772,1.35876471803156
2.07603777950718,1.97546761081692
1.72819848367993,1.62331840356971
1.68429417641191,1.6087006489824
1.73118701792112,1.64540934074654
1.80917583022247,1.70627380937187
1.75048354573793,1.67507328519328
1.72252926048819,1.62794394235838
1.89756319487359,1.80237276070146
1.81812564996809,1.72824335411799
1.82660410119319,1.69989542088082
1.97994380917302,1.8648150285496
1.87033521355728,1.75097239919525
1.83064519213316,1.70350520859785
1.32165403895326,1.22844635347282
1.54866072739123,1.47359095896111
1.46417888380946,1.36401911914424
1.98729057741137,1.83773763698907
1.87347021022514,1.77102403065163
1.7111760482609,1.60460176028301
2.06311592062204,1.97952931877389
1.7478432506971,1.68342148481645
1.58285304169988,1.52304702856961
2.05770677803695,1.9362628028125
1.95288986076478,1.80340354729378
1.56075073096096,1.40173749667471
1.91024408893627,1.79188510584951
1.73113820625217,1.62565008526538
1.61525409987602,1.56105250468772
1.94630942638525,1.81966291708024
1.70690811533424,1.62206507117627
1.90250598498444,1.74531769418473
1.97336155283564,1.86753175175875
1.74627414180631,1.66157364258542
1.8023990438428,1.72883680407194
1.66927067275099,1.5652178620228
1.90916610118595,1.81127467551429
1.41432823163103,1.3031261609027
1.9513058860285,1.86309730261701
2.01612261996286,1.93208342225263
1.66343288620472,1.5826383106407
1.91357323639792,1.79639032861873
1.18913778870661,1.10349772877301
1.8900577028159,1.80328786620291
1.86089444045204,1.75179462534841
1.85179615407303,1.72945289578441
1.43996758805378,1.29782353081227
1.73563940174179,1.62087472130321
1.67766475761201,1.58386974365942
1.50259832073028,1.38360492434305
2.3255331800521,2.2092432468825
1.77199275101366,1.68137753288077
1.58651248278534,1.5057042314625
1.89938326117463,1.79596351752773
1.77366234183501,1.66252742926928
1.84192861006789,1.74365920667406
1.80345056405499,1.69135388251828
1.76776788311272,1.68674779277518
2.01594222353567,1.89062453121202
1.83478545555881,1.71400350314207
1.71381603947374,1.62741270610121
1.91705704488217,1.79511522294465
1.83213188315857,1.72040604741523
1.86300049423672,1.74084286152115
1.90925392520955,1.83659198446715
1.68992690978154,1.61665181243411
1.50688444929293,1.40177047972504
1.93685763833261,1.78771198356837
1.72149913073756,1.60785221685533
1.81414182122198,1.73470641704191
1.48277532499393,1.37495570157526
1.87183983036403,1.76048906089007
1.84996602407213,1.71534451001922
1.70496653982248,1.61790598879828
1.97132869755719,1.87959456025346
1.86861221916845,1.74277962787622
1.91257437547158,1.82915358812615
1.82558956183856,1.72189281967578
1.89114661587506,1.79225151258398
1.6849045322305,1.58416301493315
1.87943955592752,1.7772479149064
1.691157575574,1.60593043132287
1.97500247735262,1.82952524276122
1.71871123959832,1.61014800915348
1.88646747638856,1.77514126887345
2.11042834964867,1.97724552540725
1.82603393837585,1.72416076341044
1.78400762333461,1.67588924921034
1.617155272406,1.52552423653025
1.71755245677689,1.62878343829425
1.79912820978597,1.70401413993744
1.74639314337309,1.64851280842004
1.70395209084707,1.61896529702854
1.92076742872905,1.80391718587306
1.86875633180833,1.75357559373397
1.85324176917914,1.741735180259
1.47678414946185,1.33885213930614
1.76677000632696,1.67551960537124
1.67712216037576,1.56204268687961
1.60056472820485,1.54196526972575
1.62213094902334,1.54077446828053
1.71482726262631,1.62461089586629
1.75610302816402,1.6581831047306
1.462516126108,1.33468344078045
1.924009064052,1.80062864798731
1.77088378359466,1.67041048150713
1.68853722435696,1.60456489078022
1.87508267773332,1.74452674394957
1.51176408313669,1.43160549065906
1.70663722918866,1.6058117021745
1.44457532570254,1.33286086424185
1.68057393264402,1.61626297669247
1.91853690782205,1.79099742207861
1.79752788945713,1.70016605921167
1.96832429136416,1.8531587967088
1.68022506371638,1.57818082898716
1.65802096807844,1.56442526996892
1.97450187334217,1.88359830803178
1.9048321295122,1.81473273815727
1.98514669898006,1.87765222589195
1.73551515825319,1.63241273456942
1.65131932462969,1.57972008639568
1.90220027862575,1.80406013365802
1.82161076165294,1.72233100042053
1.67096696309511,1.57822790974495
1.83198061136266,1.71935038873238
1.73143375371405,1.63476219596994
1.79316850388997,1.65087549620089
1.80670044396859,1.70865425754324
1.42657953633188,1.30330335508279
1.95148560135505,1.82848981517792
1.67698821582683,1.58222915529268
1.86064753596732,1.77881370438117
1.84370957667594,1.71650838184707
1.89361441215368,1.78339043310056
1.87452407907712,1.74144311836417
1.73961462794649,1.6186014820311
1.77276327477826,1.65239919056381
1.78744559675169,1.69779084080091
1.87799939912278,1.77527061321337
1.84925056036535,1.71299667235036
1.75646964040661,1.62974269339772
1.70556726683937,1.61567002987972
1.92089707880141,1.81004828117473
1.85128591224254,1.75398584590247
1.97976243898524,1.88270835447523
1.51067915051756,1.41371193948396
1.75556207422181,1.66021368102242
1.98288381605722,1.88734437511725
1.38745081785936,1.28379513126918
1.85383254264105,1.73542283114487
1.67933879432234,1.54902175260653
1.46985296054425,1.33571971430395
1.69647645464371,1.5996059513095
1.96719089940281,1.89611471928814
1.84944082626408,1.71387688035143
1.75938952195032,1.66467041099967
1.69347275774129,1.59715904877212
1.67738394244918,1.57629856292035
1.76813687691902,1.64913841047087
1.67629821368661,1.59881307882662
1.78374574109469,1.68138200580966
1.86283163009064,1.75516834126239
1.75539973677023,1.66257430930866
1.75492660801538,1.66752975870207
1.75477273405063,1.65862243930149
1.66259488208086,1.59458847600155
1.85891797354655,1.75200316549223
1.59804801151732,1.50751916067709
1.46847701982139,1.32884479856731
1.81125913707999,1.68358190704325
1.82583645828767,1.70811100093993
1.79457895147395,1.69975182702204
1.69124322952049,1.57312124156259
2.00116672965551,1.91017502873124
1.70559671914307,1.60786957326464
1.79826531498869,1.72222768879986
1.42712729025917,1.31533045687878
1.60665985813446,1.49037784033963
1.72791542926832,1.65314998013199
2.03717532589939,1.92295102052547
1.81692455153686,1.71461868443962
1.90297645892136,1.79361625718052
1.85470771559606,1.72496485716835
1.74844486986152,1.65475535764561
1.9401595205109,1.82387998525077
1.7216029595528,1.60497780916765
1.65454481668819,1.55537019129931
1.62083320664178,1.50439557636461
1.6073045130384,1.49516276209421
1.87305871459221,1.7544898879904
1.83674889472235,1.74237672119332
1.64383104468849,1.56763863764651
1.82752492862895,1.73508932460179
1.83232994974237,1.73275917938847
2.10069203345833,1.96927708079162
1.55901105623876,1.47849115148661
1.47840481593884,1.3781601903173
1.87682172885532,1.78142234796672
1.90996785588615,1.78311432508052
1.66451603065647,1.59284050624154
1.80422549223912,1.69366097461303
1.47799414678729,1.38153349266682
1.79964916565061,1.70986725802041
1.44748836523107,1.35937621561408
1.5258255728548,1.40629950348268
1.97781081434501,1.89469038206671
1.86174051532366,1.74996503629647
1.62070231804055,1.47362897774422
1.79218311751818,1.6716133813527
1.81333840796256,1.72596371500621
1.81588480893186,1.72717465851034
1.70442840152059,1.60005728483462
1.98583313264502,1.84723285633311
1.54400810420206,1.458311724575
1.88145855416325,1.78570100348385
2.01579278844758,1.88385486356439
1.63929938175449,1.5637239722352
1.71409117122341,1.63211035848299
1.874727090812,1.78659657362862
1.90699940846319,1.76465091113737
1.67286927381674,1.60479495145396
1.6925902817785,1.61873345727636
1.57721206505,1.44055191232346
1.64379082840762,1.5795205858248
1.75357055377646,1.6681764238068
1.88110003297427,1.75732308493134
1.52329775645698,1.43984598391832
1.69598354076206,1.60920765677796
1.78595175064149,1.69534734891871
1.702699377869,1.60612132510665
1.79250505209608,1.69545735412485
1.57664118767712,1.52104259274623
1.85444902337635,1.74944150954385
1.75714261385814,1.66085180934129
1.64818291488326,1.56696165436357
1.53003994201886,1.42843105520671
1.79844742679985,1.7060572652246
1.89283189119242,1.78433104288169
1.66745783411732,1.57091484301796
2.00643329651465,1.94030342688895
2.03688968858843,1.93167438553061
1.59201543727946,1.47880848863687
1.81080133545892,1.7096809605497
1.95855324889694,1.83945104172564
1.06992316598691,0.94827028013705
1.83165414372767,1.72568468938579
1.77778108262156,1.659940456
1.26186417410571,1.14203081807873
1.36551797086779,1.24578959192305
1.69451761245364,1.60835777588709
1.90428891235169,1.75626582049101
1.72869370034408,1.65737891973939
1.525083128924,1.41123392630485
1.93768047974711,1.79816830982795
1.70886279586306,1.58883247050654
1.90637096003442,1.75507706699825
1.57198594388269,1.48534981120195
1.82422012460602,1.69427903900796
1.37807831809731,1.26967069054651
1.74533900239103,1.66957178318702
1.67147159884246,1.58218070914179
1.85909896873913,1.759157480228
1.49584884766117,1.39012547743878
1.7480056299013,1.65638417049261
1.59062818800283,1.42354888096442
1.65107286814664,1.55680618181565
1.79383064008295,1.70221210004518
1.28761978895388,1.21132946862954
1.60344115775482,1.521815808938
1.8870501106368,1.80505953051422
1.88942883918063,1.79506762744351
1.8146657958078,1.69366512962534
1.7879031480874,1.66606176002317
1.54807479224996,1.42512696985998
1.62968741460035,1.49089154869059
1.77611619427253,1.68249407440184
1.79255133191921,1.69086558342345
1.6616308560893,1.57430331068255
2.01148281449713,1.92799420229693
2.06231754490072,1.93081667131504
1.91667678926541,1.82727008251853
1.58674039537164,1.50003160201157
1.79548070310257,1.68857124638682
1.51938920347958,1.44814580911817
1.85138774321257,1.76577302318937
1.4802982122262,1.35635879477851
1.75021858256927,1.64809602030139
1.83364707915221,1.75418264761201
1.51982485931664,1.47442808617069
1.95518975333029,1.8420906873728
1.78910038485064,1.67994478137252
1.76255705115276,1.64565782618856
1.68570610020798,1.54830688278506
2.06954306437653,1.93731408146717
1.90565132514265,1.78964197681872
1.63021541927956,1.52256118725201
1.66986261126767,1.58560302530239
1.37886868014962,1.24410588372243
1.77938137094444,1.69081661581276
1.56667882793731,1.45307520168608
1.71440384851075,1.60723202285622
2.01201657085834,1.90113770674922
1.2555129951277,1.18154345258559
1.7947120055268,1.69752754242852
1.22332137560585,1.12181303978353
1.52895953456499,1.37491359813582
1.44691954067956,1.33033529925477
1.92965395327097,1.8209226516281
1.82278048260727,1.6857961054546
1.84390962486922,1.74650102915924
1.87134413044053,1.77262852317524
1.87732823479487,1.76459300251891
2.00794340500821,1.90473936471509
1.80045182201185,1.70466041932889
1.71288487762382,1.6334266013407
1.51194826619817,1.40822037812864
1.76693508143969,1.66986479127059
1.94503261908985,1.84578082387827
1.63073458411993,1.53046933710547
1.75967596282226,1.67643361215746
1.84526718833879,1.70576701294299
1.68686952496784,1.6069852467333
1.95377022429812,1.84668084004779
1.65166578199743,1.52356515028895
1.69020943392945,1.57706745766109
1.64679461329394,1.49650319743896
1.75392288845479,1.65949975412513
1.75149436608918,1.69390868945601
1.59770631669606,1.50974031001594
1.50748251298629,1.36530467463266
1.830594118752,1.72718553042778
1.61734448149738,1.51347330741875
1.64769247815712,1.50769314721965
1.87764415599728,1.76200330953973
1.76573948019794,1.67694298978854
1.76140894111281,1.6654456313096
1.68216546722894,1.58367245114355
1.83921294006537,1.74488742188371
1.9580984468617,1.82271399703859
1.82740647791099,1.72848661690087
1.78980944573841,1.71351398039516
1.93489011865204,1.77677969637684
1.9822028889824,1.85337006618489
1.61197308073101,1.50458994044094
1.6600499803734,1.56672634518964
1.36775001898076,1.29048178618593
1.88290715801369,1.78212831670656
1.83049967713334,1.70945194754895
1.99686652056087,1.89158701759023
1.83907753918424,1.735578025477
2.04726830087973,1.93902780075993
1.61645516882698,1.53586162242629
1.47010120374382,1.3781117583512
1.670274369508,1.56078403032084
1.87499243430521,1.71843812843204
1.53382577808171,1.42309836795542
1.76156084154725,1.65406669938815
1.775032684484,1.68150460953938
1.56736122541783,1.4968133465545
1.7074831548987,1.60011666620713
1.73760989608611,1.65189713542668
1.79816118654157,1.68998525282886
1.82028470839053,1.73311800786215
1.6612824209521,1.54259304004406
1.44959981092396,1.34317348279229
1.79039833414913,1.64513090014242
1.29461305387711,1.23274512184962
1.28307371594797,1.21724432518141
1.59636582873338,1.47129655431019
1.95447426104259,1.80695394911379
1.96742043951006,1.87824144946487
1.79475484876255,1.69815904330092
1.75782008818205,1.64439755069371
1.70545439827566,1.61197168263857
1.64094209813112,1.55033674550561
1.9225421600127,1.83501202356277
1.68700538588422,1.59350699236914
1.65510714698589,1.57385093140214
1.70020584021924,1.56889738349762
1.85470724341953,1.74583203041806
1.82763788589482,1.71487452421598
1.38844153924168,1.30368730227009
1.64324386558873,1.56222230960273
1.80309173866256,1.71276050036922
1.31108099229805,1.19917222292308
1.84456309085275,1.77642426799265
1.78351030015435,1.68313166368004
1.64266684807569,1.51165554612038
1.78354429968924,1.68692238896094
1.37181558465826,1.28642658707416
1.75122667688372,1.65152410468627
1.78077234791761,1.6694606172919
1.80450922113863,1.71864093990795
1.85180166607318,1.7506686759148
1.74275091706424,1.63442695129464
1.70688045379231,1.61445681517765
1.7291926614958,1.64762761786394
1.78821258598714,1.69122690883053
1.69635941004258,1.58423363372805
1.69523253314324,1.58913815010601
2.14465417615588,2.00277160428515
1.84157989989052,1.74064987389602
1.76581391916557,1.67398668339842
1.531512632267,1.41863705253045
1.83777761733254,1.73968080337513
1.82177426234976,1.72692198678767
1.90701671005459,1.83180798954702
1.59227889048945,1.49344675652744
1.76902490857504,1.67299796352701
2.02426357332456,1.92627990943644
1.84451209203119,1.74829433363468
1.75480550131356,1.65212032257118
1.85453571990009,1.71410985727093
1.55497280809237,1.45820139522289
1.78624395480137,1.68495964250504
1.70778497782251,1.61223509460776
1.87862492507256,1.73470202590776
1.82110141648182,1.72249208059947
1.92950465237335,1.83156872742522
1.58545037823947,1.49528919905187
1.50003193030122,1.38466944787522
1.67619501396599,1.58644398456514
1.87717808304946,1.76538108970125
1.65063259465482,1.5516841302074
1.74420083669495,1.62875564531602
1.95187249433278,1.87057750808616
1.85745757093377,1.73233772528856
1.69593349141506,1.59232007159984
1.6850090222216,1.58702401399304
1.73881216045068,1.64024861253313
2.06556671413535,1.96978362276438
1.88522498626806,1.78178292944875
1.70859314208231,1.59594504189913
1.71726470060563,1.61967891220464
1.55839042599625,1.40881261879489
1.78486038455459,1.679973587194
1.82983296686491,1.72266895791493
1.84007247210128,1.75397075591805
1.93521755341709,1.80249451086274
1.85581788241655,1.75312973463932
1.68050125873703,1.57657389429645
1.65403903615453,1.58026563539028
1.51463285307979,1.40913819090407
1.82243169131898,1.71254803838323
1.72645477399482,1.61266683239732
1.82775834532524,1.74789048041575
1.67413310325915,1.57549943540551
1.63566757692103,1.51826069653724
1.65100293236306,1.50993394970833
1.69840551711547,1.61211233330101
1.98155164255831,1.90871118988541
1.66720540315912,1.59275139809504
1.83179587629454,1.75630939474756
1.75534884931244,1.65272769296757
1.76512161964503,1.67704831693048
1.4087056457206,1.29071954190893
1.74051843092323,1.64714720990823
1.78103982237955,1.68227485224046
1.91115369704016,1.82419872047322
1.7178844984374,1.6195186532565
1.47610051550314,1.3851823856106
1.59383394696966,1.52830525114358
1.7034585406908,1.60233438436726
1.35315774471444,1.25170191173219
1.79969745292299,1.73940746354397
1.74239216009872,1.65474775268034
1.77201841618811,1.67640718748491
1.66077550389542,1.57073586815351
1.77969701051,1.69237541023927
1.62385213370196,1.52637564805302
1.63099831651291,1.53786905496294
1.90214910961922,1.7811043379796
1.91654388096958,1.80050682478082
1.77231369895907,1.67992844920571
1.86271629028061,1.73167832254528
1.87608800160042,1.7625957722538
1.70755066519553,1.59014663238804
1.65527662779267,1.57451130904885
1.75779580083597,1.66786294146856
1.89851670660625,1.78139220613401
1.92442606531528,1.8180094115226
2.02545516054601,1.91781965455144
1.73079893920091,1.64865092606868
1.83547272907131,1.74478715723544
1.79586488519603,1.70385041323156
1.85424311330036,1.75072837821802
1.45409326437222,1.34050019171898
1.80957927029034,1.71534619674926
2.05832502146573,1.97035027948613
1.94563474164822,1.79898191455763
1.91279102453936,1.79766974162948
1.71349140190363,1.63711833541796
2.04673011071787,1.95078673101752
1.66106395981225,1.54010109179359
2.19100835572597,2.06522139952499
1.9763737175122,1.88266185616487
1.65962022673471,1.59668772899011
1.83499258713592,1.745292294728
1.69128612722576,1.58483482011361
2.02570264526343,1.86236024611663
1.73820509486858,1.6470215977086
1.62883345703587,1.53980749517927
1.78805247471813,1.68974466919165
1.76744318675418,1.67551349264896
1.94172966594711,1.85056249927905
1.4296654572141,1.32805649765849
1.62441165543559,1.52617990643408
1.80151692104575,1.70709592697939
1.7975991158824,1.70829789273023
1.65437851055233,1.55626327128277
1.89382688387444,1.77750801886393
1.80191962281172,1.70006957616865
1.87387974812797,1.7802039399205
1.73334279919557,1.62512741404996
1.75300904254106,1.63408927491364
2.10546227070044,2.02357150827693
1.57966968959556,1.48603147711321
1.88562320767987,1.78130262221037
1.82644664841801,1.73457898289691
1.71431779485835,1.62833127142749
1.69326301845101,1.61414774890062
2.05015034391942,1.95797435323012
1.78530218126418,1.6645086779006
1.74000402751422,1.62050348083712
1.82353210624408,1.72822573731405
1.9876127222283,1.85826134080937
1.90760826041503,1.78154476916279
1.65777616350539,1.56931804585308
1.79330937076186,1.61824230824277
1.86266085230363,1.78462158650625
1.92892504074886,1.84476469078076
1.83485942543307,1.73631924976541
1.73534621859817,1.64392497193368
1.80153932414012,1.69510726345283
1.96853787635798,1.86852503740847
2.04933597027796,1.9539077416282
1.93124645268447,1.81684302741707
1.89256600368489,1.7483776392428
1.77291335448,1.68302522824142
1.85543748942624,1.74672024311528
1.61848352929765,1.51715165668246
1.76230946193933,1.66424194977314
1.73959005663791,1.64209701671882
1.7811550155429,1.67542168971014
1.62896226243843,1.51791181958695
1.72164006960858,1.59704264310954
1.48954077251055,1.37502365758186
1.9203495635727,1.80853687046301
1.66127606796388,1.55105653880479
1.81035614845374,1.69575014373244
2.0062225643852,1.87118021541798
1.55952436332355,1.43179242647632
1.58477061214937,1.47311875513238
1.57102425645002,1.48338781807223
1.82661269705485,1.75820485275588
1.68542547369124,1.58812401621768
2.08222416972772,1.94800460430363
1.80747776894823,1.70886190234813
1.7050574010264,1.6080548831616
1.95920467571664,1.81180851809992
1.79043256958908,1.69559531588733
1.93987355506517,1.81964860564927
1.74511291833688,1.60537052249133
1.79661016152782,1.69940669259788
1.73787230952603,1.65140867046426
1.76300360876068,1.67240754280422
1.914186353828,1.7794242110823
1.23477543759871,1.1912283220585
1.659610131589,1.55711491476789
1.86390701424786,1.72706234073056
1.64914107648757,1.55271411118394
1.61634675455171,1.51586951974792
1.64340200293096,1.57346972032498
1.43523559162577,1.32788950461479
1.83783763706633,1.72373192324639
1.70996118090948,1.60829220738939
1.50659487607525,1.43630060505918
1.61808532771404,1.51113423607267
1.97230334549332,1.90436510008174
1.81184828131188,1.7020350404673
1.64943985594394,1.57960400882928
1.60021646960196,1.52045084291691
1.89380241291882,1.78233984697841
1.72412907886805,1.62761192426594
1.55008331120213,1.42797311263284
1.78806278603442,1.68958271554002
1.96687926094397,1.88634952644568
1.61266532844456,1.52950949929649
1.87405145689869,1.79833708039349
1.53307620501597,1.43264429436063
1.86599724165231,1.7070899212737
1.82740040172767,1.74368943239218
1.63249097887911,1.51582539006934
2.03900944417526,1.90260035170707
1.62322558642886,1.53168953156908
1.94802451162901,1.84630680284953
1.66659377406776,1.5649839322349
1.85770633615166,1.72034508669421
1.85082654338524,1.74374467452791
1.8185745770641,1.72631955009732
1.65646925517193,1.57482538237251
1.85453169018402,1.77369724004802
1.88886639712426,1.79211207717
1.912524678845,1.81405674323124
1.63248311192075,1.54271060017089
1.91174856542106,1.79749492711961
1.73048913643345,1.64228380786455
1.63081223492556,1.50595227184488
1.8382089209563,1.74620615289936
1.7305734661047,1.6279220273221
1.91347743986655,1.77419039163225
2.08867830660792,1.93492550395583
1.68973689013099,1.59075006723365
1.98272376204942,1.8279322982878
1.990900432844,1.88837297613111
1.30945691986673,1.21531685143143
1.77640603047448,1.68691087509122
2.05236545930241,1.94141506548592
1.74880207086193,1.64484264750718
1.52156595648042,1.4526222628127
1.37932828000719,1.25007751098534
1.86892776798206,1.7626285512065
1.37404517696666,1.27195434441637
1.4165762057525,1.29649058218603
1.68873855592476,1.6001371960378
1.60853863585748,1.52162450936709
1.6144822437585,1.51919684543211
1.88077537993607,1.75806634170866
1.68475922019072,1.58687590858116
1.51733974096843,1.39664328266735
1.67113721873913,1.57926585318942
1.75234784937959,1.70313835288601
1.76268487242913,1.66947902468986
1.96594027296937,1.82231509738112
2.02709306431129,1.92676625586195
1.66368905142397,1.58926660215969
1.55316382482068,1.4417044526553
1.54787495140419,1.43310477839338
1.80848325082834,1.71978933281233
1.8408387232646,1.76303193035632
1.79478190612282,1.69959294789077
1.92375902783334,1.83757159448455
1.67159560169343,1.5792367397664
1.99394547560735,1.89600426328794
1.71054543061764,1.63541890970961
1.73289980192644,1.63550116838121
1.81512208017319,1.71599306976033
1.73130572243234,1.63497771549337
1.79518501561261,1.70754914575036
1.66917072367968,1.58178261405079
1.30535975576324,1.17260927542616
2.04428528193903,1.92359602100109
1.31015259415853,1.18042905410553
1.68269566326712,1.58294018514761
1.68482250602612,1.57971448155486
1.95874525245581,1.84685832133438
1.60026595787178,1.50866409475096
1.76409698386965,1.66037065586398
1.70662633759884,1.60781858527655
1.72967509366163,1.62696118484943
1.83433570391441,1.73849616089717
1.93945117977024,1.82269988944884
1.93131385033458,1.80057746625079
1.836774176606,1.7265892440173
1.85370868598598,1.75095021433611
1.4313773672647,1.37543240444682
2.02792833837958,1.88028497072512
1.83155913592549,1.73047014105942
1.49181465340175,1.39519541495685
1.72345744894015,1.57658026877707
1.98578314109417,1.8804303981881
1.94557659676108,1.81995804533983
1.40003691465778,1.26483028485275
1.71263137897405,1.62154223750006
1.63875561592103,1.56781923072944
1.81101587860725,1.71638419421489
1.62190166061592,1.54767348689899
1.64471303117153,1.5678856809619
1.68838214148281,1.60269844376936
1.78898726106064,1.67543802823377
1.87270100639494,1.76522811929253
1.75317904418256,1.64711240725733
1.81632558964823,1.71548347519125
1.89688725184741,1.7955325023994
1.87404459645415,1.77140183713145
1.65959741294327,1.51637710735514
1.78627868035569,1.6826111550273
1.42914756580633,1.30003950806668
1.93743843210882,1.8361056905332
1.71964477312058,1.63690741371397
1.82950778925165,1.7236195099036
1.6661003110534,1.58118266037941
1.69912983979956,1.56784356767047
1.79973982904284,1.70055418790439
1.50664942779041,1.36533722247963
1.51627031866017,1.41618426981392
1.78447774665433,1.69498500772183
1.84105378409662,1.73084241822296
1.73107708539545,1.57770070954823
1.62102704123527,1.5411522234817
1.74803137913875,1.68730207766651
1.71619970802614,1.63536278739455
1.82801233585062,1.72762445996988
1.40751690554506,1.31416383628487
1.74962102359268,1.66539832380672
1.87702368696048,1.78613128660894
1.6871986467901,1.58568065007452
1.64958338952652,1.57002555202443
1.54807829536126,1.44211755378912
1.4276382689458,1.33962222792915
1.64797452438957,1.48166703471805
1.64486990390678,1.56167160464969
1.62016939434117,1.52942381830331
1.85623060351258,1.78896299954255
1.32512756038723,1.19245408045808
1.6245273662546,1.53784630726428
1.7390873953062,1.65231952278481
1.40635374696275,1.31263831896264
1.38785375105521,1.28405040831503
1.89587327281968,1.76243432523995
1.72609895746094,1.64161270799474
1.73161900883693,1.6412292767108
1.85651484895855,1.74502019256578
1.33250833009408,1.25592078184647
1.85668997872083,1.74646786697302
1.54956671566825,1.47538016811897
1.58772292433102,1.50130067688604
1.52243433932493,1.46793172639743
1.6586251251473,1.61210875704537
1.83774497616231,1.70688313311613
1.87573979181173,1.77375623439225
1.44919093996527,1.36402379134329
1.80380928098065,1.66491372826073
1.8376944016536,1.75662283749205
1.74510935557409,1.63144032858683
1.65866996344395,1.56909086557263
1.84370048135789,1.75497455347991
1.9542029351544,1.81900104723973
1.72339249319887,1.64274789544462
1.64770025467653,1.58391974156389
1.93129986414553,1.81408443267249
1.75490781907013,1.64823120979102
1.83419226602458,1.73004551442007
1.44794063770257,1.33578599022574
1.64217374962703,1.54415053500249
1.61137305141252,1.53156735419153
1.82535812973249,1.72676926053848
1.73066987357262,1.62205556344707
1.86606598411309,1.70440037941513
1.87354859527145,1.77837206403585
1.73875649850666,1.63790248627697
1.75215428493497,1.64546475088421
1.73286586676409,1.63337590968109
1.82015184746067,1.71670818387951
1.65099712409672,1.55659084607187
1.79295588819315,1.68306836748088
1.72559959459536,1.63917307857519
1.71904293407892,1.60820187107808
1.98600994384625,1.86275119295215
1.68923124192281,1.5762466814607
1.78583925344786,1.68855070065817
1.70039552031817,1.58601596012841
1.7582478424067,1.61597411682473
1.7752042965088,1.68300840533019
1.84865120783619,1.73945773804675
1.97618870039407,1.83167000342941
1.51302376807339,1.41632084677137
1.79073812648527,1.67603574933039
1.73819305662916,1.6466719521243
1.82973908728167,1.72317211210192
1.89314387432841,1.79789350872459
1.74415592673386,1.6493462678249
1.8947389983654,1.75752559394576
2.16633096653661,2.05456100152406
1.83203510947848,1.73075162838581
1.53416070891289,1.41830031659674
1.68448577351621,1.56150208167982
1.91175681577583,1.81092552132652
1.94110715085679,1.86856208070415
1.68907652251425,1.59240636286641
1.89287176872492,1.78606392730738
1.79838426655744,1.70683248798062
1.69322078529669,1.58835895608917
1.7628573116537,1.67953514482277
1.67315796809354,1.59857592693691
1.20681427041324,1.10383671340793
1.87021236289722,1.74119663854433
1.70459001548299,1.63196703274588
1.71850114453887,1.62619109825338
1.64539355379176,1.52367932192462
1.79347140023153,1.7070618052653
1.76602940842026,1.67239594874009
1.68091416073755,1.57120556779203
1.71763628694152,1.63092388908541
1.72233546729529,1.62380511694494
1.69075954754837,1.59320005957942
1.60709653281243,1.46944155313021
1.72596165303316,1.63639043997633
1.497103119347,1.43220012418158
1.3849493781819,1.29278010563399
1.51572089496079,1.45948387119075
1.78522647684141,1.6727335449531
1.69911021058521,1.61539259916507
1.38912977613225,1.29674362901751
1.74164868658973,1.6441530328457
2.02608250763508,1.89961907959145
1.63015692152573,1.54661711173106
1.8540567726732,1.72996285064492
1.72017820787513,1.62363117603333
1.71357703262346,1.626351225996
1.7576755967578,1.66308740503382
1.59280039966598,1.51658937581397
1.56294287414468,1.49915739726698
1.71474170360364,1.61688898603595
1.69969296603158,1.5982641899761
1.64772584802766,1.55919185696056
1.61964386678898,1.51899294566459
1.88004267555279,1.76150572916481
1.77815339632152,1.67201795321237
1.89222912547598,1.79081203043901
1.76630448812725,1.67475628076718
1.87586812295668,1.73866281420746
1.46303571501934,1.33552009532074
1.68519357318884,1.59687556115869
1.68882167504903,1.57643372059034
1.68028188869567,1.5919653809225
1.86620314663729,1.73624056138318
1.61064066019902,1.52558089047844
2.03657792043699,1.90950518989185
1.49159984354286,1.38640633684179
1.73203019082827,1.64861702869608
1.78082939656547,1.67759224423451
1.83533408290844,1.72984320043422
1.81819639772635,1.70835236933557
1.99353508340333,1.83691631902445
1.82680188208157,1.71811283423897
1.76095264971341,1.66425181244384
1.676937215161,1.57399949444566
1.6259192340542,1.51623808323533
1.62050260147905,1.52908169341328
1.97227909970379,1.86376544035262
1.81120059299729,1.71140133153168
1.91608780892091,1.79769431111432
1.42955391565809,1.28230386402027
1.7639194552473,1.69947727710293
1.54757910332657,1.40647186778716
1.46217234665552,1.32910201485829
1.45756782870216,1.32865481013084
1.9742988433652,1.87354848308186
1.86364033341993,1.72918088720473
1.69021733871452,1.54536078571659
1.72138677047804,1.64726188209382
1.95955098453621,1.8740957203093
1.88983128886068,1.75815591317989
1.43749480093804,1.3406727708428
1.79869543762016,1.70759652099003
1.66279420999788,1.5551867994692
1.90177535670531,1.79466961947983
1.89669386589516,1.77998410710941
1.62595089745719,1.54452306468405
1.61773774692523,1.51978574567963
1.75483810235589,1.63555444398491
1.90480615516424,1.80306998151635
1.64356312233203,1.57212071082756
1.66913049715468,1.57211746829911
1.61552349351541,1.53601530119576
1.82324993900018,1.71053388980351
1.63710338983755,1.53369292412217
1.65071259874947,1.56422701464495
1.70662302120777,1.61235383083115
1.53033562473527,1.40815080422695
1.78767405167392,1.70848079525807
1.70966566318134,1.6090498956848
1.70698111188697,1.59586526919712
1.75403678215846,1.64493847036635
2.0006992102912,1.89609416881972
1.89746046418835,1.7929513227476
1.86981302329534,1.80814587978752
1.59378702550258,1.4847936018444
1.78067817850117,1.6782330415226
1.63923698281024,1.5500036395516
1.65733464121103,1.57287958726762
1.6921831790424,1.59974288427614
1.9110663786341,1.76642335840255
1.50793584162071,1.39020921669687
1.74138381731063,1.64903598941914
1.71243859425665,1.6119733814343
1.73862957126138,1.63629524985654
1.88631331265838,1.80017532530853
1.82529240239621,1.73124664097516
1.9959454050398,1.87386742762812
1.88972193249357,1.7934840708404
1.47207798179975,1.37212959246338
1.7983204379303,1.69304686508526
2.01071025400613,1.91719877226977
1.80686284768166,1.70166341384026
1.75262478549478,1.61429919433287
1.90105800437315,1.78447441195499
1.85996189204757,1.7592148053444
1.87483608158878,1.78342359691359
1.69026074945965,1.592436410377
1.87367469214261,1.76907862758359
1.60874184775822,1.51136688217108
1.93548760962236,1.81921841335535
1.62398431103963,1.48968705087512
1.59901753384703,1.51221673320732
1.65592344222528,1.58395183924148
1.62978863442272,1.55728767835662
1.79831710694335,1.70594609226596
1.95190112471906,1.83116780872559
1.73970989901952,1.64011936124057
1.67417577221938,1.55287069921038
1.63336503074722,1.54401909652671
1.81034300320433,1.70937942660721
1.62803284661816,1.53163649598009
1.59406648281032,1.5206758563105
1.74231753538567,1.64389147656586
1.88669860322619,1.73955218822457
2.0629009392343,1.93662529784508
1.90005390738715,1.7575676234986
1.76320782336966,1.66710871652866
1.89023321167799,1.76289183437437
1.6710590962535,1.5744559763106
1.64139909851954,1.58057296735098
1.87350353185444,1.76571812827435
1.65780467655864,1.56339783932499
1.72135669112434,1.57309764813427
1.76499342856216,1.66815600456083
1.87636191305244,1.78174030788342
2.00147862894934,1.90483253641176
1.69142009927989,1.60240542659916
1.43799565274431,1.33176287280172
1.5864205975436,1.43612085374182
1.53121230065658,1.43360722468409
1.8373912956165,1.73271078662268
1.58310622824967,1.50686046917928
2.09269967902954,1.95490496435445
1.92370307812366,1.81968107418097
1.65542937400863,1.55811588694274
1.69004086924085,1.50423444332997
1.74405795430462,1.62433115426684
1.67791694822935,1.6103956468109
1.60190233944926,1.51349684854291
1.82250999881906,1.72928204903409
1.69687323017523,1.60367782588544
1.89597594762293,1.79174518822278
1.72390935360913,1.61340759708877
2.05974591886841,1.93310310821918
1.90664289546677,1.79646857749753
1.79703875969509,1.65173937625452
1.44798441618043,1.32597817930329
1.77837715357811,1.67897912076991
1.91364025624848,1.77144646840057
1.81216719614204,1.71240254621679
1.92562896417714,1.7983435674527
1.81152189242145,1.70617190375873
2.00896323125164,1.91204649145342
1.6718511279936,1.5849174274624
1.76662381028465,1.66725498319172
1.95293593963071,1.80092873271067
1.8808233299845,1.80160015163149
1.78546785790637,1.68157528152991
1.78383099968177,1.69099145495396
1.59456115976079,1.44694952709118
1.56926723546934,1.45906444720785
1.8733239811657,1.77463970997289
1.90089509621385,1.79083049619756
1.87882257715172,1.7631554874968
1.96999379282881,1.845921052321
1.82595303704484,1.71815618281562
1.977766875472,1.83253286820954
1.89479928150649,1.78376515796965
1.91965249377262,1.81989459169772
1.84391913528462,1.76105744208505
1.68308392346448,1.59659438158603
1.87739848589021,1.81336845756176
1.88833923908417,1.76895735975187
1.8808185221437,1.76561049868378
1.78117594444446,1.68119365863846
1.81385356154022,1.71034937113931
1.76031120551172,1.65552544793414
1.75016819860678,1.64434471840789
1.87251906120522,1.72536182278153
1.80415243129768,1.69176296565729
1.72819449169832,1.62453026900183
1.1129555832481,1.0197219334368
1.93546369158186,1.80686070605448
1.79940550397975,1.71392055065651
1.76771408315921,1.65730044995255
1.91509477305947,1.83454325772195
1.79343149097211,1.69814023790412
1.64440790605583,1.56774603636007
1.90736762893781,1.78567966028817
1.51328239837799,1.39544638347799
1.48995282203978,1.35708122238847
1.69735842680075,1.60043585405597
1.78667626380834,1.6855013078814
1.82118378150326,1.71205621320465
1.62841069260336,1.53470607538049
2.05400674580142,1.93617789729028
1.63944020421273,1.55152326594012
1.88519318488568,1.78637387387993
1.34919603645208,1.27602561161609
1.7886580653103,1.68451070198615
1.69654775144356,1.59733680332693
1.68730599966505,1.58823693977582
1.68169262735636,1.59246826800559
1.79111239682151,1.68810103700708
1.60944627046487,1.49213010098112
1.70384048805079,1.61555467750122
2.00057039189187,1.88225215490261
1.33231972570169,1.21795316918712
1.77651583227242,1.68012185003227
1.80812764168288,1.70769689518024
1.77856723536986,1.67894033999247
1.95685612659306,1.8519534249562
1.51040671321655,1.43829831165794
1.72266603900172,1.62434861725693
2.02689717400829,1.89632881758954
1.64453865484094,1.55555925464731
1.58819075372211,1.45405602369947
1.6424670027049,1.5509264474186
1.47525448215392,1.38720829471436
1.27227102573644,1.16763796217409
1.71254220964787,1.60609699383179
1.76033517812418,1.6483724029132
1.79347679647036,1.66852880877389
1.78399639260883,1.67612305158777
1.70439378659856,1.5926388757042
1.80708036813293,1.69824200411331
1.76076341802462,1.66720933814618
2.16561966276283,2.03897500228704
1.66685085956725,1.55164602627971
1.60519994208786,1.51241949448061
1.81387214814948,1.71679207460606
1.90482521693631,1.81005490224595
2.07960142958592,1.94763733128884
1.65721845375306,1.57859836767601
1.81060115535359,1.72045137865297
1.76749968729514,1.68302456446037
1.77754145059896,1.63347382366915
1.50728681638105,1.42540033979409
1.98560783718357,1.83034699928565
1.94243380879869,1.83361808399891
1.76649045503429,1.65908823620286
1.54140049670328,1.41549418438319
1.74592023852335,1.6476233235648
1.52522971734468,1.41360180812839
1.77771862197256,1.6606134033583
1.63120257866385,1.5338178566663
1.8453567912986,1.73318986155432
1.7694799583521,1.68171061263194
1.76786335338725,1.65927451087105
1.70570548705174,1.62996393072533
1.77028328439993,1.6692026778927
1.84632083378965,1.75523183356414
1.98481137443154,1.89985874898723
1.74921983847594,1.64100792227748
1.84362113224608,1.7349086336563
1.67673562849628,1.54166637286698
1.60224336198076,1.51848100678097
1.76874598846169,1.6837806326743
1.8100542075781,1.70941253956398
1.87990437423847,1.78857383858418
1.71584717403232,1.62464212873434
1.70185625413895,1.5326358106578
1.74074920630936,1.64013426653988
1.78564242941329,1.67446608620047
1.71776596784883,1.66179825296977
1.7749149041902,1.67480540720143
1.5352225663079,1.42841481232206
1.94161782473383,1.77633245166633
1.79185064748324,1.69484006792394
1.89842306787608,1.80824692783364
1.8860587373873,1.77705885581894
1.85666062129739,1.78148668764513
1.40261024483252,1.28917082666508
1.39775207083068,1.28975657994611
1.81626648107173,1.71237580904773
1.79335267845759,1.6963860342373
1.75971412657389,1.67810071908454
1.76419090113832,1.65002836674841
1.63684419820979,1.56520023082382
1.67686506704338,1.55327808220424
1.67149389570104,1.5933661355173
1.73151850666646,1.64735927023435
1.50395591856897,1.39965498832688
1.77459598099127,1.67240776832734
1.69258382035643,1.62692519538024
1.7413792059233,1.65016486721111
1.75916523368299,1.66020809527031
1.81582930586643,1.7198262160303
1.84637736027727,1.67422118836198
1.67680144730303,1.60444969493866
1.54363102440752,1.42763891187029
1.79098502615157,1.6965114197541
1.81147107343802,1.69736863613528
1.91724238458741,1.80893741117968
1.71343093170438,1.62539472982471
1.97235660180087,1.89516849913602
2.04484951981269,1.91839488316044
1.83991177605304,1.73708094467445
1.69142118200593,1.58459198456671
1.60752488701543,1.4858589618146
1.87785032465463,1.77554195811086
1.71720824757239,1.62822206215659
1.76875220562315,1.67881504354801
1.5152818010248,1.4035831182978
1.86312713172509,1.74327562199388
1.79637426171326,1.6941072466626
1.69107753915636,1.61010687682867
1.69987554797943,1.5942158328886
1.63210914927065,1.53688349057644
1.82821875661962,1.73142740056755
1.77797403144133,1.65608542134369
1.63663732250631,1.51655062638643
1.8228186673566,1.71986818656898
1.59765960049868,1.48246235075058
1.71370146468509,1.61255377932504
1.85966648688897,1.73222394018095
1.52325215279042,1.42532875229096
1.85437282169617,1.75630601328403
2.00203847687923,1.89063131182281
1.80344468352117,1.6984021522494
1.75078500475029,1.64742823314381
1.73381388740506,1.64437318164089
2.00766176119904,1.84150442785998
1.85890561960527,1.74911248307048
1.81763239586416,1.69973706771486
1.71856451974789,1.60275401175268
1.98246972052509,1.87004246703191
1.8207575341638,1.69120274303512
1.83793966361533,1.678581788583
1.81784400491395,1.69088199847941
1.48422201757661,1.37197747427503
1.99492392514972,1.88021122376879
1.57738624803127,1.4644221578169
1.98433071451518,1.85698905093224
1.54072226395665,1.45262757908024
1.68392548579806,1.60291960539018
2.11650495786032,2.01639590072023
1.50740933705621,1.38953850720484
1.94653713009607,1.82757557285001
1.85889672224857,1.73296351122717
1.86316778673137,1.75854237728463
2.02177787398652,1.9216017345635
1.69988575227336,1.60461422998453
1.28169550445538,1.21158713657548
1.57737317107933,1.50572674974764
1.67250497481516,1.57260357961794
1.74088412526976,1.64684605192833
1.54482954631519,1.42036226322362
1.72203394069522,1.60988887574794
1.8590326859677,1.74752093172949
1.7055456762634,1.61017625303061
1.71152476027592,1.61835598292445
1.89207482357685,1.78562298850476
1.50568480887555,1.35988592301987
1.91501740030763,1.78330719981498
1.58283635763692,1.46385795606281
1.90376494618233,1.75952913904438
1.58352734723534,1.45510417805192
1.69500558609459,1.59506980746133
1.94369581523625,1.82819729996868
2.08505688289932,1.97528700469231
1.61289276923235,1.50228510981878
1.95524935279886,1.83689052914265
1.59505900423305,1.46762774841022
1.78560226127637,1.69032827219587
1.69029702190749,1.58774915377345
2.01221434316616,1.93666066533465
1.6294496603957,1.51454150355386
1.85938358230882,1.73571885681352
1.90237087083932,1.78823860140713
1.58023166196138,1.48200511960741
1.64720037743477,1.56104017185947
2.04375912895837,1.91598153997391
1.65231214617496,1.55796522265118
1.90422014762939,1.79448083596693
1.80904708006834,1.69766772411985
1.70931117409449,1.62294455418167
1.83979945687625,1.74232355794203
1.82860802040915,1.71898952730563
1.52470929491994,1.44935809178429
1.69826273041059,1.61257703632149
1.77005249288529,1.68265479530052
1.85183159280085,1.78572385301399
1.80972265774604,1.69974872204835
1.87807011720544,1.73697427413102
1.96823714286346,1.88350526704068
1.75107392871715,1.5963102673899
2.03461017851502,1.87933872597397
1.43522137079649,1.39606288431073
1.48589539379345,1.36508003191008
1.71393803881596,1.60971461756007
1.66761864715601,1.56044163515831
1.64515629615433,1.53466558084515
1.74442952843022,1.66233669390074
1.78823503692423,1.70014792776881
1.76189541275513,1.65030907633484
1.62191973357175,1.53984879851519
1.79103269969478,1.68705550493071
1.71059420614671,1.61260434809066
1.6135469891033,1.53708250484653
1.85088160374125,1.75343618616824
1.78422926097508,1.6644769609303
1.81662264594648,1.70212199898205
1.40596776270032,1.28388171652276
1.77508837254874,1.67058288420612
1.76658483557716,1.6671672378343
1.94782289226815,1.85947612219576
1.71583211033683,1.63168217991018
1.42757687341076,1.33152190402807
1.9593430655142,1.82826785038785
1.90700235070124,1.79933998268926
2.00777946108785,1.90071558089453
1.81595778739947,1.73086811656533
1.64078250385995,1.51459045111791
1.97108678332707,1.84455807087686
1.50353260557837,1.40983402984137
1.78844836030719,1.68978078939568
1.66187583407763,1.55860838815527
1.52081790739314,1.42259857001057
1.87872114660647,1.74756799223756
1.61978621676774,1.49388738052494
1.49292419076033,1.35823455846822
1.93736504209754,1.85788989632352
1.67397696643325,1.59229771732805
1.85666265651704,1.75008471594422
2.00135447968143,1.89086086458806
1.88819743442073,1.77394582770629
2.00662075432961,1.89730769786206
1.93116104482444,1.8033143262846
1.68172003271735,1.54432469638342
1.76197742539723,1.66715323568629
1.75448709034986,1.64978416530204
1.52479844737151,1.45250626565999
1.55242475650791,1.47907234310546
1.36444895036126,1.26508169700123
1.81694763904256,1.70523917921454
1.60441321773674,1.48340024881413
1.51921257576273,1.40424519165918
1.70943256825579,1.62081244721185
1.65377954860016,1.54620563971391
1.71335632539947,1.6261696705733
1.50945590126114,1.37268477504284
1.56343001030014,1.48588145366052
1.95186580362649,1.87121585478579
1.73155962715638,1.64553346314805
1.94326235687659,1.8067360219514
1.80191099611479,1.70238028353088
1.87443032047158,1.77198192690661
1.82142688304009,1.73508504396822
1.81842735097077,1.71078234611804
1.76096342524724,1.66259291159228
1.77155415997868,1.66953909742369
1.53464018203114,1.42130112566306
1.55470622985645,1.43470310742735
1.73381749074514,1.64799510560687
1.80550887410189,1.69770187636077
1.71372542396117,1.62576665161376
1.85488877334151,1.76198076853483
2.08024873324329,1.93748316515704
1.60432232579765,1.45472439908995
2.01083845435055,1.89878258441816
1.95507777509689,1.83691277911684
1.91345043836522,1.79242136750554
1.81435146207505,1.71278400554594
1.66351828790532,1.59348308196458
1.60831018581179,1.53990772701077
1.49338084661245,1.40565396794649
1.64536251155222,1.48826130986264
1.55029350286409,1.44127656282828
1.83803971408493,1.73557430331589
1.96298885259084,1.83419231282345
1.7567854674466,1.63699574493835
1.8651919548519,1.73553684205325
1.85626934394635,1.75772059629807
1.77948525503297,1.67736347049935
1.64184558517471,1.57056927276894
1.7099856598985,1.621909922521
2.04763686675823,1.92363642272117
2.0044214080557,1.88189815291518
1.60689744453593,1.47838842875268
1.27960324249616,1.20614339163391
1.91061794753581,1.78932565241518
1.78199336508953,1.69976283147139
1.91283007188123,1.83952681475492
1.76992061567486,1.6868731361146
1.81469711755039,1.7138525203978
1.45268443068531,1.33482569982899
1.87726982077312,1.78240904124479
1.75548518953532,1.70862726353561
1.7124595601811,1.56831203319509
1.60287369014529,1.50473960601972
1.61425965245889,1.48838513179706
1.88795064032463,1.74328236745017
1.82188746811956,1.71336182457705
1.81391074449104,1.71863939079203
1.75724986773132,1.67027973292038
1.56287922241614,1.5105251970042
1.47113645761637,1.32811260796059
1.84244681886562,1.71737633753669
1.84029467754356,1.70722301123997
1.93665466192746,1.8281510403654
2.0211678590292,1.91753049468201
1.6782224695459,1.5957823992758
1.97736516810721,1.84711136088547
1.77550789411066,1.68045684238325
1.78122862844266,1.70506929211389
1.53801488186765,1.43637359300318
1.64719300559732,1.56339088256932
1.75233359113513,1.66573320964231
1.56691910422084,1.45686827041501
1.61020218893068,1.52465642179767
1.74102079526182,1.655584964039
1.48264407758316,1.35874459856359
1.76669610618467,1.63586563587739
1.72180648159598,1.62710270576711
1.90314520916055,1.76592184892896
1.62382518286079,1.52575550158352
2.14329608473511,2.00499236652139
1.83597627335374,1.72314283573663
2.03028688862592,1.8984577181429
1.7742557603893,1.6727497664754
1.72694974795186,1.61723673585414
1.59017578447375,1.50733120890459
1.89701853538368,1.76803769498507
1.68701308195198,1.58338334664131
1.80100201858738,1.70294848665465
1.69894572584736,1.59986236697814
1.89709627071708,1.77574254497952
1.48125709868713,1.41664028908843
2.05638738473186,1.92927938591246
1.67154140675941,1.60666787964419
1.70457858323629,1.58693293281758
1.87789679265396,1.76624940275557
1.71847262169037,1.61306176617557
1.67514887974136,1.5893899107789
1.62463303943989,1.52940740035033
1.99050702317357,1.84130749126404
1.85380066384265,1.76440511486333
1.72347495802244,1.67316403299748
1.6835667979676,1.61948901019006
1.72648970010133,1.63014678052975
1.82306056851315,1.73823385490974
1.37528885574803,1.28500155202532
1.61426316523352,1.49318139250857
1.90790779478887,1.8051957524022
1.99485719261212,1.87401135016709
1.86691434400915,1.79142150286403
1.82954044288877,1.69950425906428
1.30858831473916,1.1886298303764
1.8175879078776,1.73253654086069
1.73626120113232,1.64784894265059
1.73967027830613,1.66199303254842
1.82811785055923,1.7208079057683
1.7554130251032,1.66995851965992
1.94849734902261,1.80836888907672
1.79593153507463,1.67698483565923
1.90676989970365,1.82522994620146
1.76603956907109,1.6478342689246
1.75016977933388,1.65193861264717
1.6679751579662,1.57493975963258
1.78703966836901,1.69026953017119
1.80490955795077,1.71807304838746
1.91350265322797,1.80407034193377
1.5905077432695,1.49478388693177
1.83752734684962,1.74765581208676
1.66397729067449,1.57211123703734
1.89889846384,1.78234421458303
1.65417085173777,1.51262050057014
1.58356573913098,1.4811831078004
1.86748511824067,1.72128349186139
1.92643574676877,1.79966559929723
1.31760441922297,1.24086546650379
1.49027526974969,1.36878630144358
1.69192124253401,1.62987295583166
1.73668050444732,1.63425573961294
1.73114246492685,1.56023815102735
1.74587833301984,1.6684712015408
1.82025715913737,1.7041500734667
1.4418559899003,1.30150665031306
1.75915252696313,1.67852968428066
1.87949393638866,1.76571811765875
1.75586877532549,1.66870779208802
1.80754152885206,1.73129383418864
1.61067892900301,1.52671933421818
1.78070832738953,1.6971442736482
1.44960611194551,1.32323152619707
1.84088616736171,1.75467991536968
1.67468215875259,1.59272590085023
1.61864678997072,1.55165141139475
1.48017367319661,1.42528011061644
1.76960123589392,1.67806382533666
1.70141214636003,1.6160055115889
1.48393431073126,1.35735285715601
1.66654826719138,1.59360990122781
1.93770318550575,1.82640490703533
1.68921611210389,1.56786774538999
1.72342712528688,1.62782930609518
1.61596215582847,1.49707963244641
1.67399820951391,1.58275116816587
1.69286823181459,1.60813879570308
1.85752179313499,1.7636089992074
1.8772848145698,1.76532907526534
1.86506283006771,1.75661531241428
1.68154656397642,1.59417676359392
1.80372152081677,1.7106688435554
1.81272368643224,1.65862970974916
1.573668193847,1.43665792026923
1.79670150688325,1.69267712964835
1.87239887972989,1.77266323146376
1.54522443674071,1.47217116663799
1.63181063879189,1.5124890006647
1.77846745121395,1.67743402456728
1.34487610829224,1.25147936515693
1.79904680221848,1.70226165369766
1.82237385938326,1.71837801961864
1.78403905399755,1.68443394170863
1.87975665494753,1.8091475411891
1.72539542515366,1.61013435869799
1.50892444759871,1.37260651929396
1.71194177279656,1.61179323616233
1.6450550522997,1.54261355350992
1.65682734263426,1.56604549199441
1.47869239797647,1.35189924455167
1.7888077411286,1.68703672848832
1.73499914433511,1.58416366131789
1.58163985254118,1.4739187199658
1.59767972699413,1.47952527669135
1.67780490414204,1.56876749219994
1.79052366537419,1.70068950428211
1.89925654704,1.82247038562023
2.01579677309027,1.88632264994869
1.85677373751556,1.79087297687051
1.7200566087601,1.62835630037435
1.49588655759116,1.42882087861065
1.62909999198153,1.53859730395155
2.01638247226985,1.92431345819245
1.79732433624052,1.70869526701572
1.89403964416423,1.793195793667
1.99028815840756,1.89908732395672
1.7472163015449,1.63370827164142
1.53462219661507,1.43643961840112
1.37972572376067,1.25968620791952
1.74183392695367,1.65255562088987
1.69506423339712,1.60685881553519
1.67495095414514,1.59142084179955
1.83639935984368,1.75475109300364
2.09047016182677,1.94471141352846
1.55658300577342,1.45119870444214
1.54000432437164,1.4335041687073
1.92149114064819,1.82578619336569
1.84763352736468,1.72335627185443
1.78219015924788,1.68086572732701
1.866144360243,1.76582263532497
2.04242031348461,1.93960478798974
1.59842768555016,1.49648156140442
1.76245493939895,1.6263116847699
1.69761926613977,1.60323649686219
1.87963809198936,1.78595489690697
1.83140429223176,1.72843931637119
1.7002059225315,1.60707945119908
1.48996849047395,1.38956050998444
1.7713122735519,1.67364029136178
1.73529935365316,1.62833968518796
1.53795986767425,1.43501132213815
1.69997467623059,1.58689305119619
1.89310686687427,1.77902252601392
1.73638384916229,1.62429406011604
1.69840755913238,1.6280828109349
1.556482777831,1.41451518211593
1.66203529369275,1.55686278488432
1.95445826750414,1.82753220051955
1.93299238675026,1.83885787718885
1.9852034756919,1.8822672385539
1.84712348131245,1.75215104688239
1.82080496986446,1.74018963855719
1.71856973045225,1.61533209145473
1.41905689438884,1.2945698874089
2.03406943234374,1.94467968510093
1.79358961894221,1.68959959986005
1.99887538119026,1.8645492092271
1.37912135303368,1.25592757899078
1.523666140599,1.39745740010375
1.81999804817292,1.71865497728338
1.6296398862154,1.51283530338031
1.59096520831235,1.43301279618388
1.73466155166415,1.64667886536654
1.5549720367404,1.42376554812886
1.67863824158041,1.59624476073266
1.53116703571333,1.40856222906905
1.75618130114275,1.66127246900142
2.08543692801961,1.95016648509252
1.86997303115577,1.75216192545905
1.78644504252637,1.69180788230886
1.73045917989363,1.62946449491418
1.80270709932472,1.68973233161541
1.62723160342296,1.54193855902255
1.7892033951561,1.69216984203858
1.82601036244954,1.7315667304971
1.71676860194325,1.54685957060125
1.70933183437887,1.62717400079332
1.5502867792548,1.42995755888533
1.75853634484624,1.64778005429131
1.34835380388205,1.20643257861772
1.4337767916721,1.33891329053957
1.43403974976087,1.29726982248663
1.74869167186327,1.6552028836342
1.784725797159,1.69049353128686
1.70210517196692,1.58730700198136
1.65224862791255,1.55849739924139
1.58848782612471,1.45946342466587
1.83866130831385,1.73726981574196
1.98341010606122,1.85875995315866
1.47861184234405,1.39673175570198
1.77784101074657,1.6941744382419
1.73051184567466,1.6432120476916
1.81404334629853,1.71443118901061
1.82312171650892,1.70850758251555
1.60216180883196,1.50546581729112
1.86927460357142,1.76521150986079
1.94347547363465,1.85939510086858
1.85650798051448,1.79660909110108
1.96893151816363,1.86565436187469
1.72500327720429,1.6532397343667
1.84840569430956,1.71707436610095
1.71066036331409,1.61886922795505
1.48872875158243,1.43472868833232
1.91260436620065,1.7878828021174
1.41459743424365,1.28852383471481
1.74777639952549,1.64942029517304
1.93487172979761,1.84611619559586
1.51403703572422,1.41576588946572
1.85638966982589,1.72222532971747
1.82890841700294,1.71065790064878
1.65892372520125,1.55364383699547
1.7442513992491,1.62704763395937
1.65023643508605,1.55783511669874
1.75105713469635,1.66983500555812
1.65490382033253,1.57837053828741
1.92900688057749,1.84821248717119
1.79658364810697,1.7034840229613
1.73841555678386,1.64365889799479
1.70249498329587,1.59617800931404
1.63138732890211,1.53292855453564
1.34439042524062,1.27735328584853
1.82893071958352,1.70168903761453
1.73763005333344,1.63412447325646
1.95349384090806,1.87041930149288
2.09580038397743,1.9556017756024
1.63922159434177,1.54029500506159
1.86253609629071,1.73619393621621
1.87925379391519,1.79833177971241
1.78647633220194,1.69854099728633
1.69990778792815,1.60422922354307
2.04892172213878,1.92928640160948
1.96485309056005,1.87366540041776
1.81130258825424,1.69390364056749
1.93885860559705,1.83295667413158
1.74090983601972,1.65140781413447
1.7402553537543,1.64737675344543
1.7001139570187,1.59836878770916
1.78423866881996,1.68777720356087
1.86824055533695,1.74566337247618
1.85330592381133,1.76552331395652
1.5382718625886,1.43242350304243
1.95050403612733,1.81784982763298
1.65526522668891,1.56554052324465
1.81946069094227,1.71567460909265
1.49547269635565,1.36879937420457
1.79726629370287,1.69148441635294
1.92881006179503,1.84759855572617
1.67230610511721,1.6053570585601
1.86435052813053,1.78898711942652
1.76583768036516,1.66922442216641
1.89541436283394,1.80971019995288
1.40368371701638,1.36077643106423
1.77955893639578,1.68442538762551
1.87769669456294,1.78263489227924
2.14706255091144,2.02285690650488
1.60966091665277,1.49909170924165
1.86499985261818,1.76501468049611
1.41957799074451,1.29115229134646
1.7908547504598,1.68568073438803
1.78676795006632,1.68156890954254
1.76451071815143,1.68724633374764
1.67397056532645,1.5910143984965
1.69042686101958,1.60297541110302
1.78463370504022,1.67931228112561
1.56126133339845,1.42793311879366
1.66654702333681,1.59498514888573
1.9101577010241,1.78882192486288
1.80785120955221,1.67612712226291
1.51208588642206,1.42344395503257
1.67765995442459,1.55399415424372
1.73565289386191,1.63544048868477
1.87345398542366,1.76129783328236
1.80847689754077,1.69965298531519
1.76385383766265,1.64794236004111
1.72290944317552,1.65184039031429
1.79779195399031,1.7142819768139
1.91992082202419,1.81660757482069
1.79787660608809,1.69476901886316
1.71436899711612,1.59797466096967
1.97255305919708,1.87542831866075
1.58642405187678,1.50862599850261
1.75152199625854,1.66397762974078
1.74130702924947,1.63849383564626
1.36430180385347,1.27730991682627
1.7826763621298,1.68161582572863
1.77842260417686,1.6788542024002
1.75321812729684,1.66457802203059
1.46906282336445,1.39685341755646
2.10916189200882,1.95526392285166
1.91155977148042,1.76692112521741
1.74390425107716,1.63376470903534
1.77601498707024,1.6744759310301
1.74830304797127,1.64195802692644
1.75364352355634,1.66365639108727
1.93205424379913,1.79348706932318
1.70445889234739,1.61756339876366
1.95550593692501,1.83561372337613
1.7550767816481,1.68656855712072
1.96702077696306,1.81859913049639
1.79639105599494,1.59535029664391
1.94187298175957,1.83684304805887
1.75456843831203,1.66833902595672
1.88171135702466,1.77345038406408
1.87171369022138,1.76443369941581
1.85141918788338,1.72484685506076
2.01922812846479,1.87884905013893
1.67766828193194,1.58351445249773
1.87999045800266,1.77895838465249
1.69036150733597,1.59390113613243
1.69349181003464,1.60221703308007
1.80485704264914,1.70662008120893
2.19745015270939,2.08301674104129
1.94414051500043,1.77700974699684
1.40747382000583,1.32048212717314
1.73738140438221,1.59043039062338
1.69762202860931,1.58242463679297
1.47232539505465,1.34723666010699
1.92899154017335,1.84779770086384
1.67029592910038,1.56981820514371
1.85510718930727,1.74995565266938
1.84026827986729,1.74220855575409
1.33818242794287,1.20881479377275
1.67045970700066,1.56855049663891
1.81739789584241,1.70955704848682
1.64565534120678,1.53165743500351
1.69248661640327,1.60612538492559
1.78889500135153,1.68256053579571
1.58168529086745,1.52160932617594
1.8806254082617,1.75903403774272
1.44521250346499,1.30938546684481
1.42847142158009,1.3267690295405
1.48103153333505,1.44096914337246
1.57302977863354,1.46672979528396
1.48282592045015,1.37249918904565
2.00549893922501,1.87788551597325
1.67103846692072,1.58231188226674
1.69494363642285,1.58694393327124
1.42251729601027,1.29006359312958
1.79945265862477,1.70776730243371
1.37187812098662,1.22941957505493
1.91263113295913,1.77368696050903
1.58925669050505,1.47619882669884
1.65256830637394,1.56438705437589
1.71831176953727,1.62673339322647
1.63030444023779,1.48742951815862
1.70122828694382,1.61170613172536
1.55624173596335,1.48576122566734
1.76255174151414,1.65803982208977
1.58939308666903,1.48265642308808
1.54084076386952,1.41818506584714
1.84754075293243,1.73318063124796
1.35512360358315,1.23082403101065
1.75779700124812,1.66593362173147
1.66064500308279,1.58022623915561
1.7370881462067,1.63951492255958
1.4282188590638,1.3681410165085
1.79042021505169,1.70195189412055
1.91044072863918,1.82717983104069
1.77006703617829,1.67464315319812
1.57293292392866,1.51450736507529
1.78268717359226,1.69557817910435
1.97781907368168,1.8928740096341
1.99532318879034,1.87104151482682
1.84757193814697,1.73341987775913
1.63191966009855,1.55415138364656
1.69829249595957,1.60138293971282
1.8684274735135,1.74463076634501
1.83889587870312,1.76995272264752
1.80675132956222,1.70040349397449
1.75533099484699,1.64877283409238
1.77338988812828,1.68007501121573
1.70561192838663,1.60758143513746
1.74436025820024,1.636437724361
1.84153627424823,1.74363865177921
1.88337849415756,1.74035722517349
1.8264287506507,1.72656948843858
1.50293120803943,1.44674531693919
1.7056552838187,1.61506773950259
1.64602601641354,1.54145231733969
1.72341165223597,1.59813429141489
1.66151142731208,1.56666373688207
1.6972887093963,1.59601844072175
1.68579782591757,1.58654641955023
1.95849315212058,1.82840293077891
1.57989621864821,1.47980044437137
1.84023234251564,1.74722115376829
1.90018728676309,1.7988507537522
1.74813704873552,1.65986322018353
2.07310059069518,1.97368076945616
1.48589152344565,1.38091044172001
1.72749380391643,1.63876167034177
1.78975045340311,1.67095197683951
1.6442793446442,1.56692573343959
1.54815885781107,1.422462774114
1.73421108826952,1.63149050265166
1.79824478986077,1.70920051883121
1.84176348865868,1.71465843838584
1.85770160741729,1.75974405566749
1.93362059214682,1.81090500073559
1.72065845588449,1.6366101577347
1.67410251668231,1.60022238092482
1.69445655978255,1.59246357802556
1.47277261500941,1.36134395773725
1.8023792264911,1.71504362695393
1.63220822374209,1.56588736086118
1.99751742771582,1.85420968726647
1.85677959540466,1.72442088278049
1.90166791764146,1.79673335578254
1.52209618991159,1.41790783836377
1.69942439862435,1.59812143152296
1.4515105169244,1.34033447096064
1.50677162009345,1.38848419569178
1.78691841517669,1.65318106354924
1.61011659421309,1.4987915153308
2.00921201934893,1.92864616324734
1.89116791906949,1.75525394894745
1.65691958852934,1.56568697041427
1.86908360416296,1.76245182921489
1.90236057521051,1.79588538968377
1.43080572675246,1.34715278585427
1.77383123592577,1.68432287412906
1.72064064479173,1.63084561082003
1.93655119080541,1.82609962103486
1.82433574934587,1.69810965911119
1.73014538540455,1.64207338821891
1.66720132956434,1.56884572142965
1.72414642545924,1.6345475575167
1.62934203841693,1.52837654692307
1.95746529721755,1.86248777652618
1.8881462947774,1.78119682309241
1.65293516381646,1.5222082064658
1.89023445619567,1.77617236756331
1.61164803399678,1.49686325297719
1.76398236588598,1.66223396607828
1.84083623655633,1.73519530557497
1.74942167322484,1.65162610250462
1.68959873050619,1.5730788827859
1.56217126479698,1.49004747810499
1.54444753740233,1.46856551332772
1.80370539118439,1.66799379783612
1.7785076484838,1.69276590357743
1.62048757544547,1.50149814338031
1.86472048779442,1.75874077420942
1.73211379582444,1.6429387934701
1.75579509680312,1.66188042641359
1.63336247458002,1.52857276347592
1.41077874572686,1.32438107173186
1.7126897428665,1.61142389131308
1.70947722776098,1.60356685822723
1.81779612373972,1.70506376520973
1.87025512151314,1.77800610064048
1.66417443766252,1.56970640056839
1.68322388983602,1.60395747455208
1.70451038019339,1.58884878714587
1.62915052913326,1.5456530307875
1.75737466328295,1.63933833132632
1.52358061722494,1.40941510418095
2.03983835270372,1.91231727828533
1.93977701363808,1.84831438595657
1.960381592023,1.87916593384738
1.82613326898348,1.71824719170636
1.96048732509198,1.873592485983
1.60349918726506,1.53136265134104
1.91555863318469,1.82616484482465
1.40012489778712,1.28666629391061
1.8842363642018,1.75368904481189
1.77893211821661,1.68775837992333
2.02038073599009,1.90396259109861
1.50815556357264,1.39730155579952
1.5826774929686,1.46103655511045
1.65212299794977,1.57515850317953
1.58632813133681,1.52649080803247
1.92198306988527,1.80446804529912
1.54494727279141,1.44297584564995
1.69460345306257,1.5893678623059
2.14403746913889,2.00544214146754
1.58322191235833,1.48251285936559
1.73336763776037,1.63947214624818
1.40222048785265,1.26011322561065
1.67889784469756,1.59190383571822
1.61423369108606,1.51218832239812
1.78883200724878,1.67145587344034
1.97330225175269,1.85438304823548
1.61728758641096,1.50398470302437
1.48922662600186,1.41206839982537
1.67616200933318,1.57074102561147
1.33336723688131,1.20077605326552
1.69866448840071,1.59587354845538
2.0486663893173,1.95762585205721
1.69437589362997,1.60438670498911
1.85153657426978,1.74615542422149
1.69082721595984,1.60759327696491
1.85931218448936,1.74440686892398
1.55635011687812,1.49590362764593
1.54512130643089,1.42575530222051
1.33262973054604,1.23789689467535
1.75550519486775,1.65801560186867
1.68536898687908,1.57925840231567
1.76357457413237,1.65653191292971
1.89388604951163,1.80641491486162
1.28079888616977,1.16981832564522
1.39218417459981,1.28039458060248
1.96868060906943,1.87328298649508
1.58513568431597,1.44055053035263
1.9124730278508,1.79384201710082
1.7424772116441,1.64443349201301
1.64810995590993,1.53262059182897
1.71531282034292,1.62078199020875
1.93746170095546,1.85261410449854
1.85143267246212,1.75095897638938
1.62922349000277,1.49638654460797
1.76313726594607,1.65150437068
1.4495740919988,1.31601079158635
1.74886962134833,1.65561776733134
1.92863931166323,1.8093906872873
1.43748303760834,1.30301221848732
1.86117867223197,1.79340490420718
1.68713258493347,1.58954994819627
1.65524339588343,1.52445979178089
1.75896929352395,1.65885928009277
1.69031190431115,1.60024759630831
1.83230331829569,1.72991352363366
1.76208512505903,1.69926683944084
1.720353328325,1.61397279944269
1.68200308253915,1.57835732988095
1.54848235779898,1.4595893043246
1.81619358453287,1.71615145840388
1.72959519769874,1.62024640587217
1.81241790983665,1.70775036744931
1.75332004806947,1.66884323186009
1.77390583050248,1.7010001071121
1.60770730042005,1.50927246256985
1.80185388841234,1.69157200001958
1.94554033823543,1.82502307857431
1.77241269627546,1.67319876491
1.75709886563764,1.65652956307656
1.42861827035362,1.32994447152991
1.87710741461902,1.7923801015899
1.95099142706238,1.81761236064918
1.41584803840031,1.31455523664612
1.91544468743705,1.79480024259635
1.77575083533073,1.68582242229695
1.71819444731632,1.62441229716541
1.72378386092473,1.61223616624605
1.72128560524049,1.58942535560149
1.53610460255101,1.45062213078429
1.50497033256049,1.39920213140954
1.64581782305335,1.56001806690321
2.05226951930279,1.94706785106082
1.74282892984926,1.60896200481545
2.03023181587116,1.88120362605293
1.87234623524199,1.79813910016762
1.5925366804775,1.51779917543108
1.69305128175791,1.59429277701749
1.35802140730756,1.2751238960315
1.68683945564766,1.54681048838872
1.63117083924096,1.53572901389497
1.74518043898935,1.65416086731696
1.55288003404176,1.46027345292489
1.75437979520409,1.66597150846007
1.7835893053018,1.68517747501407
1.49687447501168,1.38680312433141
1.97920625129128,1.87713390543976
1.71271724071495,1.58225487470642
1.83729932429896,1.74737338240197
1.66914252446752,1.59390878736393
1.49102535779021,1.3716528619034
1.61087028953541,1.51365287779868
1.75941765689263,1.66307848462649
1.57320268695519,1.48798790541386
1.8054025647594,1.72744172873953
1.83376939195052,1.73305284187501
1.58153990392213,1.47722377699347
1.62791310667846,1.52668729173638
1.79252637161247,1.69074913605273
1.93559828328225,1.8198426104199
1.50127825047062,1.40568224269269
1.89080096631506,1.728900609168
1.97626054257025,1.85630316572315
1.81209365877317,1.71424080169333
1.55821007773779,1.43696650468088
1.56984717857034,1.43308245774989
1.51153089699283,1.39942614422908
1.57557243643689,1.43399021989488
1.79692072934375,1.70964691164225
1.68631269573616,1.59888276676109
1.8023697442081,1.73086023807608
1.63088533205887,1.55438216343391
1.60218509998971,1.52898968659477
1.78621621654507,1.69104579751706
1.66041258203026,1.57394476200988
1.79969642910495,1.70212200804176
1.88241399207196,1.78740087067127
1.95793756812968,1.88801400995761
1.71761404321997,1.59255130944645
1.83713728332608,1.72418498003514
1.62867522658741,1.50067505010138
1.70563083724837,1.58102710536451
1.30030041520793,1.16908334126808
2.06750505965987,1.9683122704955
1.72054332957386,1.63388138856884
1.59427924675235,1.48176150389196
1.91708697113439,1.77886910194748
1.78735701138932,1.6855640185094
1.88180767560326,1.75310421584012
1.70770050013381,1.61246476831236
1.73805928508806,1.63074599055771
1.96368328900085,1.84036815868967
1.4362272555686,1.37882784347234
1.81942734357733,1.71494526719592
1.79694528051834,1.67550674299837
1.76672468170013,1.6655941545781
1.63800504445902,1.4905378833878
1.90470581597382,1.82489521947128
1.74933397817396,1.6616697917784
1.92183454563085,1.81149697988957
1.76492927097604,1.67905282737278
1.79668569503327,1.69618787199588
1.76474273159872,1.67142116245175
1.47135083758113,1.38416779595835
1.7518444844423,1.70126371702306
1.65967667076547,1.54716131993208
1.83771325949898,1.68771442670337
1.41588118657646,1.28926496651091
1.7213131178182,1.61824632450069
1.84445793286012,1.69473329607295
1.90581138595227,1.81680684453325
1.60191898954713,1.54474302012324
1.77521339260031,1.67645653665689
1.8611195053614,1.71401195791891
1.99230362044106,1.86234406118265
2.06029682405633,1.96200411920183
1.40230007316444,1.29678275942831
1.62763501982998,1.52105598275009
1.82126918284036,1.714223065223
1.85922905935617,1.7670212714254
1.82946005736406,1.71750206127507
1.71157436645418,1.62011611818697
1.95711097097799,1.82939380588714
1.84409424616577,1.73268253842597
1.88893006699463,1.81310767040417
1.73923446902026,1.66254316584826
1.84361038029288,1.732654991963
1.83185228998219,1.71292574055723
1.66463792589085,1.57673263747228
1.82325751902443,1.73654081148991
1.82718279549557,1.7281554936508
1.74426153140716,1.57866222231127
1.79713251334076,1.69886144144056
1.59213307034683,1.49121388227654
1.68547861586598,1.58802661414448
1.82744212697384,1.72054450698421
1.63373565017216,1.53840577845743
1.49282321419051,1.42529224646142
1.81007885150637,1.73408383552957
1.72828429406178,1.64310685965982
1.77335782919078,1.6816086616869
1.93583114792795,1.82500859647732
1.62174807369263,1.52032926243346
1.63946738039893,1.5204129047101
2.01935217144106,1.8842998837523
1.73254929226776,1.64909505133745
1.62885760919364,1.54966571973082
1.72770137619766,1.64600671313715
1.83125629191664,1.72755540419796
1.93042320935567,1.82451509717256
1.96586340241121,1.8337128843777
1.65621900624664,1.56324744525904
2.1058281052466,1.97295544827599
1.58355843203695,1.51148991815825
1.67001328612833,1.57456933823166
1.75298749982171,1.64487370178727
1.79515720982956,1.63898582937085
1.89529193935867,1.80482306267885
1.91454503047603,1.77986515876486
1.63277286096425,1.55108677866518
1.9418669915365,1.85147761836498
1.9623060106398,1.85416524673383
1.58850640396995,1.48291875109279
1.9358088056637,1.79122303335837
1.76646947873416,1.6008061712031
1.51219376255859,1.40029839220558
1.94927673634623,1.82995868186214
1.86757673992323,1.75234795975674
1.64682149879156,1.54197304560729
2.04614692510152,1.93698989244772
1.8901057406869,1.80926130776405
1.73843468214989,1.64070999227564
2.1323426394816,2.03796888696111
1.72765635405915,1.63471718116698
1.7343407735953,1.63279667317346
1.91804603670314,1.81600670185357
1.6715371506424,1.57175186462573
1.85068950387899,1.73952803455808
1.85203760766349,1.75497615161954
1.80067073299604,1.69400178441786
1.74652198318857,1.64515179810163
1.69784232956507,1.57939171761269
1.69058376622679,1.60914561189719
1.82015977516944,1.71700214952705
1.89099000758178,1.7800762731256
1.95438946966306,1.87647503057484
1.76522833803507,1.66879286189352
1.69838504709481,1.5952062016021
1.82188613483245,1.71118596593721
1.96741515297197,1.85829509469134
1.71556106213419,1.62136346624565
1.53963047054577,1.42951947539509
1.73031840543115,1.55190248958836
1.84978647826058,1.74889361382296
1.92818769585824,1.80555837763075
1.64157425269161,1.51424050403065
1.97840212323331,1.82149335383522
1.75122001546519,1.6566858121985
1.89051170306942,1.78676622215587
2.04092464431904,1.90825763939514
1.84599703676421,1.68463974403875
1.97078990733904,1.85703304012613
1.67151444990289,1.59162205417957
1.87416338998123,1.7460816657996
1.84480946610232,1.73661553594833
1.73006779054825,1.63996568113636
1.92754122958477,1.80303285258728
1.74378475126071,1.64410804099427
1.68213222799029,1.57095568807306
1.69166926787321,1.61427743386759
1.85428061532173,1.74703170274875
2.06141887572663,1.94763496151963
1.88691266190365,1.7729156964119
1.76335915925402,1.68097827445813
1.79677942625741,1.69286223154792
1.81468176621501,1.70935549277313
1.75511409251495,1.64700117313264
1.81630018865327,1.70260486660519
1.71324786800993,1.60263854837979
1.75667879026652,1.67626714514909
1.43187733385075,1.39129660528267
1.86606250404699,1.73485168661252
1.85816975251867,1.76233185527005
1.37935907501665,1.26880567549592
2.00122783917484,1.89010521844805
1.84738726377809,1.71622379359922
1.61409910539744,1.48830388373363
1.67864745914337,1.58350597118896
1.8352114810086,1.7427252537644
1.6963779471142,1.61829979860461
1.77726409170742,1.68593643166994
1.71445290497501,1.61118571635655
1.68739993784782,1.58175180573421
1.58158923067541,1.48558208173209
1.82517441798581,1.7064179371102
1.6886810685535,1.59824861142094
1.70349680448929,1.6166348452133
1.81108517587092,1.69528681158804
1.97030778559711,1.80785874698169
1.89747626830482,1.77803282102057
1.73732688503109,1.63356165458752
1.55994239375026,1.50101539067745
1.68761245495507,1.58959723991943
1.76480005891803,1.64807387509296
1.7832271256975,1.71720822130509
1.74779186062683,1.6479717577418
1.69270005249073,1.59840543152504
1.81601915620598,1.73094412994007
1.77895459081711,1.68047179173457
1.93286505973227,1.85353174769151
1.75506001713755,1.68008267180288
1.87104039821812,1.769676641485
1.54374633215936,1.4264866629707
1.65004784960627,1.54285611375534
1.82661045721287,1.70777128956123
1.7089410229789,1.61828700949594
1.454379017925,1.34027717835023
1.83134533009221,1.76567366192068
1.71448302263099,1.60548774982135
1.91422246019521,1.8071471888677
1.71337855553346,1.62818520489931
1.97555055269047,1.84461938966896
1.7580238378686,1.65972014541472
1.92870124013971,1.82164729761113
1.74440210550808,1.62251520197029
1.73974880413935,1.63956287738204
1.99655577476599,1.85930519423638
1.64916694866376,1.55345867212644
1.65537226398967,1.51768902934269
1.57438286521746,1.46801763653128
1.48735595822556,1.40790002994154
1.85173330185185,1.75710129447917
1.59950345830026,1.47474516439416
1.76628985722849,1.67025813128502
1.9367943879045,1.79574082682043
1.78744282843085,1.6929910952412
1.99272815593505,1.87700199376588
1.75126944247859,1.6518865701474
1.76534489688123,1.65488614979994
1.98006593061598,1.89498291649671
1.67043716652848,1.59967506529691
1.70861247831953,1.61918088591703
2.12222818699414,2.00243865835253
1.45166013413135,1.32776470258647
1.62108141270736,1.48653794476765
1.56809666246084,1.46985013173324
1.76261501685246,1.65715809276302
1.62993733735114,1.50247576944589
1.72288872522982,1.63429467292722
1.68582028511175,1.62356324141709
1.86136385675898,1.74447526083565
1.7243212500501,1.61462037502095
1.94831547552931,1.81081192192252
1.73106969696751,1.64416510903185
1.83451740969127,1.72286159186867
1.8484369578696,1.74703464672359
1.46441519853333,1.32660610569945
1.62488939843427,1.55412838591968
1.75874543121865,1.63597980012655
1.80428829014817,1.69308629245186
1.56482270423152,1.47152935558015
1.66956526539162,1.5753656647001
1.8595752988319,1.75465979090614
1.54904836226407,1.46207835940762
1.85596449750394,1.70594208032987
1.4740005433124,1.34199203197215
1.81977590345829,1.70968014951319
1.33229201313202,1.23184212742233
1.81664769026284,1.73479883051827
2.16677908975653,2.05514857928846
1.44623873453172,1.32713715457822
1.84692070562214,1.75309590794953
1.58377156083512,1.47203637895784
1.6481728989719,1.55875648759239
1.74627100166115,1.65557709618997
1.82538814831764,1.69508377087231
1.70014574415924,1.57956589275498
2.03397976793112,1.90596857935907
1.7925589420961,1.69283188418903
1.9955459306022,1.87529503434091
1.71162224185195,1.61188887842639
1.48318794418563,1.34800809490573
1.78220094242842,1.68750713912466
1.78049904972903,1.68694214724292
1.98253724994661,1.85470897649122
1.6784845757368,1.58621696433215
1.82549264312523,1.72887499229644
1.77148530024637,1.68550461900091
1.66700865512434,1.52765859728581
1.79388241546901,1.69961211337024
1.5991782343052,1.47399882374381
2.11135499712208,1.98138515541545
1.83023754473849,1.7157175809704
1.61699916585837,1.54642893558119
1.64164217783601,1.54590951436219
1.95899682866088,1.84203437670471
1.75762392856423,1.66475364950998
1.80376377745399,1.70860195688844
1.80110677765997,1.70716042349258
1.67020354871909,1.60209189737893
1.74560355307143,1.64824145765168
1.90004011734324,1.8099645917771
1.83118470430647,1.72415519096379
1.90118543890048,1.78279507105622
1.97814225441635,1.8818743072486
1.95932254496078,1.8771097342503
2.14636441325752,2.02074879275791
1.86696496121978,1.77518458064892
1.56342824456702,1.44262153456392
1.72657266679448,1.63002785412425
2.03877339127486,1.91079485822349
1.95308271763421,1.87202225771697
1.5213894653371,1.39389730410511
2.022743103176,1.89885220716138
1.72644620459809,1.62911963442876
1.385126897173,1.26141161846419
1.74915355519523,1.63481765160925
1.97538068087525,1.82573476274895
1.72988722913713,1.6442906723196
1.69920625261787,1.6125021489096
1.78863543144832,1.68130506027967
1.59977910910348,1.52652547814076
1.86368680304524,1.76190772239497
1.63205524675738,1.53455163957015
1.805787223192,1.70917295946725
1.80252311694818,1.66803786284582
1.45470289922563,1.31960015727056
1.90019630158555,1.75574910045755
2.00739002225861,1.91454067166716
1.61456547480011,1.53937047589636
1.83454774976778,1.74255331120905
1.70783407417161,1.59566014470806
1.88645939890427,1.80271922942993
1.66929286522081,1.57745834117123
1.46649123138358,1.33563773689011
1.87973498961172,1.77530292022496
1.91914054074168,1.79818800083181
1.52904918490789,1.46068955132479
1.65625954851294,1.56686045194452
1.64499549931901,1.5456287124455
1.88657863004799,1.78567161476252
1.75681247945189,1.66233602604707
1.512848077993,1.40078079512851
1.58686978348008,1.45387777114969
1.82637817120399,1.71406447477537
1.61158921238332,1.49646819366956
1.53819741597838,1.46979010926315
1.44976477151121,1.36618904576877
1.5896998807614,1.50711741204418
1.92445646457519,1.80568153907308
2.04594643602017,1.93999615471867
1.63460159323265,1.53254217823723
1.88025830616164,1.81200364400185
1.85037741673547,1.72038313308139
1.97391446369408,1.85483538020768
1.56167034682689,1.44423088479892
1.93761499874063,1.82559664712729
1.68254837126178,1.60948737386754
1.74069846716543,1.64038682599017
1.56710956876823,1.45876633682122
1.67455068890958,1.54573293628363
1.80718942389384,1.70033679637045
1.77302407322742,1.68813145830604
1.78670825161333,1.68399468143769
1.79958794030985,1.69566102521087
1.95594177230161,1.81045884982685
1.6136257290202,1.51065166865047
2.02423776486358,1.92409730445954
1.41713737166537,1.29147831568048
1.75529120455035,1.66814960835657
1.79519546071105,1.72863881323147
1.52982991209131,1.40342808145672
1.88712337716665,1.74422302255754
1.66488515297318,1.57796316515963
1.51540164611837,1.34821354577468
1.93473694260195,1.83991104983616
1.86662777503541,1.76590230059669
1.75345625555338,1.59667200093867
1.88787037425908,1.78403500948147
2.05788204897994,1.96821946893851
1.99018674447639,1.86303920163609
1.39305058586064,1.32403930473596
1.7576329144748,1.65396351115584
1.6383475696989,1.54021134691781
1.74875449329916,1.65016518324282
1.61339196073617,1.50794928086312
2.01304533863408,1.8903597285797
1.84997447759731,1.73684635620655
1.80927296164049,1.67031110389562
1.37741460095232,1.27997310191732
1.52753412163018,1.42024611245007
1.69026481693623,1.58129397275224
1.95094151183791,1.79532909048581
1.79664244685719,1.69102142826975
1.76647434311828,1.63612891310186
1.87420926959504,1.77052335251471
1.67393317257938,1.59463517218155
1.7909571282534,1.68863629737564
1.9332469325373,1.85063268928059
1.59039345135261,1.48864799580589
1.87603447064416,1.77274775748793
1.47120401383176,1.36594934124364
1.81313161509608,1.71187869640102
1.89055181671875,1.79462564309773
1.8063910845512,1.66065787939727
1.65324948916043,1.56676467197328
1.73248373495424,1.65130854513364
1.71911332778868,1.61026069616876
1.65103413974247,1.5455939953929
1.7098148168555,1.62058076794335
1.895262811404,1.78243106878684
1.77665727632535,1.66626135578312
1.63489188569995,1.53542778249297
1.37703165663526,1.26662509672327
1.75409825026148,1.65738616476166
1.81388034719701,1.70272112724012
1.83604716394067,1.75757202393019
2.14810463894314,2.03221891193014
1.78442077693223,1.66673224522302
1.57721826289641,1.50208694989082
1.93563593580534,1.84395748288024
1.65263787190962,1.56289486021913
1.86569259799138,1.76772307093762
1.77086420019596,1.67460408547642
1.88217191544475,1.74356781502636
1.73835659857023,1.64555113875445
1.72913395639465,1.64114542769224
1.70909969189363,1.55461679694248
1.79868548358441,1.66049915541958
1.81886567774196,1.73879310289613
1.33312527848566,1.23691212152005
1.9190931070504,1.80537964757992
1.91826809296185,1.76625708926539
1.48540183214665,1.35684882508104
1.42626510024484,1.38143058986637
1.80350867042055,1.71354920887686
1.9983120161204,1.89962484644928
1.62592376704572,1.50864070790671
1.86031406489092,1.75639377314613
1.49776990493991,1.34833513981828
1.75349144483898,1.65019871611433
1.79469610785879,1.70434725951934
1.44840706606722,1.34465840635393
1.65181387335861,1.57997770534939
1.95449419511609,1.80978820621142
1.68444088330582,1.58752481637035
1.72274053655045,1.62548167561281
1.67377408450606,1.56155388183022
2.02653242134375,1.91752160643819
1.68766459564035,1.58607914492705
1.77566850149293,1.64464721184814
1.65719695381705,1.56928340250665
1.87098264364011,1.74896162915317
1.61713108769921,1.5419321570981
1.72051274718368,1.63932623116494
1.80191425939271,1.70988170344059
1.66339907973245,1.58119641398043
1.78787518281703,1.68950188371125
1.7573592402745,1.6669019456468
1.53677140026399,1.47574662551398
2.01267598994689,1.92577483307568
1.5270450487453,1.44326802222721
1.4889448892877,1.3731328658706
1.81234881587572,1.74001191915911
1.68144965831205,1.58653000535643
1.90456080623962,1.76366138875693
1.85479171674409,1.78616782097626
1.59200836125645,1.46341526844916
1.64838430090907,1.55849612382808
2.21410767230236,2.11237851908606
1.50585923306293,1.40044251531736
1.45687341822317,1.31108413622757
1.85405450153595,1.73688240932363
1.84488359074324,1.74487340054182
1.90657270740533,1.76063073735161
1.80398015719373,1.71140545612878
1.6113618065605,1.48677217166915
1.78479624871776,1.67479449147223
1.45155119336576,1.32513845245837
1.85846224761818,1.7530220498111
1.65729530881847,1.57151761880219
1.8576100340406,1.77614673883919
1.89965559324889,1.76436686795696
1.76492775940482,1.66645141439756
1.64225952778137,1.56341565185333
1.61601262136709,1.521966429049
1.7372317883812,1.62176745758522
1.65910033832356,1.57792152010829
1.65901267136347,1.56715072463894
1.88807184111372,1.80292549254015
1.96545140596088,1.84347130973904
1.79552071548699,1.6853025123492
1.85550467519188,1.777670428855
1.80885202241878,1.70062522547663
1.82884322858445,1.73821498351659
1.49715145179426,1.39039928140638
1.62844019447848,1.5615240543605
1.84710923154282,1.72460685302591
1.81062076693807,1.70043692375431
1.86732601939998,1.75150630024229
1.921260705875,1.80650892581503
1.76648210943137,1.64354046006243
1.82500650145694,1.7201118685734
1.77112081439472,1.66612472803013
1.79451867338748,1.6923216506289
1.77228163661112,1.6864528942256
1.74746479232064,1.62467857367692
1.79739681468449,1.70462676135955
1.86845835109149,1.76756974556568
1.75438337834819,1.65548218804473
1.85376906219908,1.74808288346688
1.74293467478265,1.651261957033
1.79422456561377,1.70887030594258
1.67708493417656,1.60432768648939
1.87094072203117,1.77285967125155
1.49104529706214,1.3987760114287
1.85606345120362,1.77021826387686
1.52609162856655,1.45182492768796
1.59800204797397,1.5117926493516
2.18319231950396,2.06689626004531
1.76007893647535,1.67133923074053
1.91247843628631,1.82951175890408
1.90332304206003,1.78418588618588
1.75573408409573,1.66972959052749
1.90359035329061,1.79948262209071
2.02040340161047,1.93153427995548
1.91508590833292,1.8185006275826
1.47987499447709,1.37616859754964
1.85373328560006,1.77442630332222
1.80635511644341,1.70441398984494
1.80613287517626,1.70147169018449
1.81401952850567,1.71196804609954
1.71019862681641,1.61965440643529
1.80970552640781,1.71735659757244
1.75412062017741,1.66675104570032
1.84388223065537,1.7321123836534
1.74887235510775,1.65034742993682
1.85008592528307,1.76809425982948
1.75389966297367,1.64714130952081
1.70235170808085,1.60577744285817
1.65889679232157,1.58616772044028
1.86164136038308,1.79271099623453
1.76654077270145,1.66526051853314
1.61215104953971,1.53879709015838
1.5573708369328,1.48990190159865
1.7713829913345,1.63875967226765
1.91602652988041,1.78735305894009
1.98205874927484,1.89481952475664
1.90247154610709,1.79544211019167
1.42839008901554,1.28751345190436
1.75713474025454,1.63601000443216
1.65724933660957,1.56468677033304
1.67476084326636,1.55855704279059
1.85684279139938,1.72055106281184
1.70017391039154,1.62481019134623
1.3297581807749,1.25437018722264
1.65226109827331,1.58363536820926
1.89968902274793,1.79443550288302
1.80402823383395,1.70576721526245
1.92093598839379,1.78373062030641
1.73640532439008,1.64741412670409
1.53390721299494,1.39565938220816
1.85293061676095,1.74689231943991
1.85998821188192,1.75572458674297
2.00243086402556,1.87258569718969
1.84002851461488,1.75046732423223
1.3094455836166,1.1848955037314
1.93763024717923,1.82807459485937
1.82527200709632,1.71225492483423
1.71145720614974,1.62189577572711
1.63833199236691,1.57330830891864
1.92177515825614,1.7919981047972
1.71393392969511,1.61196271986957
1.40619794256531,1.28910026379477
1.74857484314811,1.64853118853112
1.76311413793565,1.66399656909923
1.80228819761696,1.63802988168876
1.98783127086568,1.88161451632032
2.00245293541806,1.9013807543854
1.80425563943495,1.71622341720213
2.03544593013732,1.91794349644954
1.8204622658728,1.678446531095
2.22713684738068,2.12698885183159
1.41653430035845,1.29647488430639
1.74501693930382,1.61126220358834
1.78199988808384,1.68460005869976
1.7581991607429,1.65879163552029
1.6255398567731,1.50519232970803
1.90605434497988,1.78811066139062
1.80807191848555,1.74029895705382
1.43465265512636,1.32265724365511
1.94269260288868,1.8521492993796
1.59156006633509,1.4601138322595
1.63144580523354,1.55962907450926
1.80729383164987,1.69163646087968
1.83015081983293,1.7697447454092
1.7322751686137,1.66001195555893
1.72049099399716,1.63151349615462
1.85877510635126,1.76734793236918
1.76545357028493,1.68685755065473
1.899384962334,1.81647533154793
1.91467336301351,1.84205959120587
1.74358520366957,1.65754899423865
1.69463603675089,1.60733336668811
1.90579079020753,1.79317622531346
1.41653839775077,1.29960955746263
1.58800791164741,1.49892674288811
1.78671477299854,1.66696661095494
1.77909004340111,1.67430842527365
1.91998197869871,1.81506628266909
1.55088914512283,1.43004519115652
1.69455628069378,1.58766214930489
1.75704506736311,1.64303962048821
1.84236561495396,1.73389227917744
1.88409190596845,1.77451782220488
1.79705473117277,1.68945391133125
1.61822770232035,1.52484457125862
1.62810616359254,1.55008677572279
1.71166107011753,1.61822293818569
1.95469431381448,1.87851747930665
1.88501424745312,1.78386833222096
1.85207214220488,1.70709099036929
1.65197953170714,1.57968975990538
1.7271439488576,1.62219691275177
1.96667325269332,1.85257944552221
1.77860936375068,1.65850205370103
1.69560058443769,1.60394707415939
1.78320410364696,1.68548547398611
1.81918201171916,1.70917258874192
1.96265243248001,1.89855823491108
1.71520150242564,1.60871653090831
1.83543723678677,1.74014745030323
1.68145908938928,1.58959990516878
1.75030567759749,1.66923160243199
1.62028241483884,1.52515700734169
1.7035245866831,1.61827619935337
1.74025607379114,1.65026815954882
1.54207308523147,1.39978920903411
1.79928872198393,1.69588246532886
2.12901175599989,2.03319214089988
1.64540738177215,1.55806545447033
1.69532559811626,1.58444490916645
1.79934732301853,1.71137545582073
1.53116052765937,1.43703211997463
1.58537955064078,1.5280852895536
1.72381964092518,1.64436988649403
1.98670392137381,1.89590055551732
1.63244900637389,1.56552111890602
2.1700394237946,2.03549385395148
1.82659357217552,1.74242112321575
1.66898800732956,1.57174181442947
1.89447972182915,1.74720092083456
1.43672398977594,1.30655488367691
1.84559196653044,1.74024448163609
1.59908321096003,1.547119268996
1.65165918351177,1.58886461201605
1.80724586543007,1.71790875010805
1.7831478774238,1.67893605005423
1.82128498136321,1.72402612798491
1.74325779280139,1.64469782148264
1.61430031906755,1.53505788385401
1.61231324501377,1.5178027922336
1.9439740502778,1.85816975443515
1.6128667874259,1.52228586062887
1.4989653367443,1.41214968799327
1.60730783311137,1.52558112647606
1.5756319610442,1.43081594465117
1.70417945220345,1.60156819903824
1.8965711393016,1.80035736982895
1.86778188084681,1.75907637305825
1.64233344907224,1.5613448884963
1.82729575767823,1.72459870130181
1.78802807907116,1.70261581981806
1.86477489312378,1.76655108509364
1.693082299857,1.58677091990261
1.63821106861323,1.55521745170523
1.745058157819,1.6255394815727
1.92020182615762,1.76471061419419
1.66939063983053,1.5569687342388
1.12778277659451,1.02928212389737
1.8454632588448,1.73382762709718
1.82120801762191,1.71302600869445
1.83819387357939,1.74744697308727
1.77797945742276,1.68444048021107
1.53517005277227,1.42708166150327
1.77735299552235,1.66502477086138
1.72153315956966,1.58904332357805
1.80996782684629,1.70751672946163
1.63536344603451,1.50967478654161
1.91606191751075,1.80031139167004
1.69602508274371,1.59185516066489
1.96469889607323,1.85209218794935
1.73968977219113,1.62638411856126
1.88110669029557,1.78671997305533
2.03518393312634,1.91785557796994
2.01695194751277,1.8692774945396
1.92896914006256,1.81995237056519
1.7773520212766,1.68407304770457
1.93429900918932,1.79696953799919
1.81397240565786,1.72033805323227
1.60411371806649,1.46783297636902
1.79769038025176,1.69433585501008
1.92240269019249,1.8506341758498
1.53102017443209,1.4626805383754
1.77430156154156,1.67590927983915
1.78685737348242,1.69408357199539
1.80941728216889,1.70741381077261
1.59513878165464,1.47133642883969
1.68041606342068,1.55661750293329
1.81837124377933,1.7082097865585
1.59056315493691,1.50870994652869
1.91416116413675,1.79780775816961
1.72486325737976,1.64722316997072
1.81144076481525,1.6959190314041
1.70206968475689,1.6286121002616
1.80834503366506,1.7163793726462
1.83379063285437,1.74491331464434
1.87582978527309,1.76905329700246
1.7783525814508,1.70449873465179
1.7530404390087,1.65435337551578
1.61820870922562,1.50642218976052
1.84366882901962,1.71307196273828
1.75820369177534,1.63869102617329
1.57538505272734,1.47798536311259
1.89544494244865,1.82102372494141
1.4462374018301,1.29700717624014
1.82794781288141,1.75066726139285
1.82898336539938,1.73182597259095
1.97338081384726,1.87605840840095
1.7432289782284,1.6481795796719
1.78493547068007,1.66012446773269
1.74415699502522,1.68493562304224
1.96217126881925,1.8836977314896
1.95274080328864,1.85953516510234
1.80578982030675,1.6818259210744
1.79169132379173,1.70825716209099
1.67100304418836,1.56611673350335
1.36882061731518,1.25159941577656
1.69601944797328,1.61459564012268
1.8584921674649,1.75689807977459
1.58730280684117,1.44032943896073
1.85634136680999,1.73740741557346
1.7981477324563,1.72267491337315
1.68015566269322,1.60057637193455
1.64911850111654,1.56949117028934
1.73954556958488,1.63436578115661
1.81472502877859,1.69177119173161
1.8735374330998,1.74782139027414
1.60942242756872,1.44151395999359
1.66869914257781,1.59076912695252
1.80945032646892,1.70115747218666
1.84118874976552,1.75944801220609
1.64018839307471,1.5546157958758
1.58672396690641,1.49140194170845
1.92219335907009,1.83618577638161
1.84659295307867,1.784965587219
1.8674696311551,1.77197105609178
1.67005901763404,1.56670811002912
1.40985405577082,1.27609917158112
1.79294868409586,1.69031087588088
1.88987715656703,1.76311560014466
1.6669322278448,1.55787203596605
1.75502978478422,1.67084688678229
1.5277156994135,1.40711817674605
1.54060520763149,1.44147076274258
1.91303672083939,1.79659784314229
1.94127411991762,1.84095909641463
1.93978192631175,1.84153364882159
1.6715786990202,1.54235387891795
1.68208424287744,1.58764251688914
1.7527684733969,1.66323358104246
1.79763202326727,1.70439118596877
1.89005129136544,1.79421667458458
1.87397424836801,1.78358255451294
1.6478838552503,1.56045775642356
1.64609749461991,1.56675362602356
1.73259151485425,1.65687072839062
1.79060399366654,1.6873752680849
1.62828582520891,1.52878388789246
1.45034862930035,1.33936942816485
1.54716916514798,1.48694287269587
1.69675658925448,1.59738588054926
1.68205315620924,1.57566616849818
1.64639011513222,1.48539602088946
1.6417804979598,1.56725834459508
1.707389115444,1.63803079566901
1.67019569399699,1.57479696928478
1.78147142752946,1.69156924773706
1.72927751345167,1.63629938088383
1.60906990041023,1.51175223692443
1.84323939627809,1.75922131442731
1.33955714838745,1.21679994269948
1.70805662257266,1.55378993187311
1.3752380510193,1.2889949059424
1.6697427945669,1.5717756390461
1.83917614386825,1.74639890963144
1.9529362669378,1.83911671993443
1.46692067324255,1.36104585698695
1.72723488163876,1.61418883055541
1.59233120983457,1.45834100305258
1.62030683964793,1.53451792499163
1.73409048664145,1.62152239636702
1.65893402267224,1.55478124776083
1.86319464716592,1.75659847165131
1.62051982247763,1.54890037077962
1.75771725353706,1.66226325325437
1.80869334022812,1.71474980593718
2.06657541648565,1.95883251728166
1.73174565670407,1.63616387607125
2.0382264685223,1.92913803869035
1.64498261488605,1.5277274089514
1.69081592840834,1.54836599064869
1.77986060969079,1.68190144441379
1.93540839061284,1.85570406932618
1.6684582467398,1.57140643574086
1.72106358876398,1.62204444167549
1.63885425228388,1.52373049467583
1.79284135660576,1.6893317142944
1.43537137057873,1.30112310644611
1.74720490599172,1.63107570223625
1.63840333470819,1.57626676821912
1.78687330540331,1.68667865824617
1.89083024299622,1.78850424693634
1.52813519346848,1.39711476548352
1.62642784655552,1.52699697790902
1.73430090343199,1.63885052789854
1.8828759982327,1.73750781166199
1.83301326065554,1.75293724477392
1.68337103105849,1.58639833062385
1.73753112551437,1.64187681362851
2.10618856762874,2.00792306640699
1.8253711952772,1.69553068015714
1.82887354339203,1.72429591716015
1.73128922985048,1.64691279383809
1.70766614223992,1.60118696576966
1.70944959403971,1.62238736887434
1.59556709897644,1.49903536495209
1.70774836026156,1.61032482927676
1.97072960790984,1.88986993788584
1.8320628183947,1.71395573344952
1.92849677258098,1.81468149775701
1.66576028004011,1.54289690824776
1.81733952959099,1.6970256236451
1.57584676106012,1.52553243379294
1.99639842861737,1.89247696372177
1.91479852621918,1.78978216140847
1.83436606416537,1.77203233305047
1.53427703381831,1.38448163547649
1.81045334743764,1.70099491402846
1.84057207875534,1.70449621048929
1.81517929743567,1.71100302428889
1.48887448885278,1.364333929652
1.8949806443223,1.80175343102082
1.42184368384258,1.30227310718389
1.84574837844302,1.74730793425957
1.69800022045602,1.62254898180037
1.88711605525295,1.76269981708262
1.97380220160495,1.86536202322738
1.7035153070256,1.57323832857318
1.89453557187123,1.82523145666454
1.74943655511088,1.67081899647968
1.87965333069936,1.79485513445685
1.69292118142282,1.59343357534417
1.83539120741879,1.75830208532092
1.78292924334852,1.69620545059947
1.83389496579008,1.73535011722645
1.48655878291234,1.34600632240468
1.84590936698887,1.71561869885692
1.65503742557672,1.55682453504171
2.01448228395519,1.89253499166493
1.70693772339497,1.63060381873986
1.67454262793212,1.57612256074315
1.77266587033357,1.67415221613493
1.52755151254755,1.41919807927571
1.713598248323,1.62082584571985
1.87134465999151,1.76188008513675
1.74540349012317,1.67943560007729
1.77243822433147,1.67110299502008
1.77029327706465,1.6832569889181
1.77811248316055,1.71283186930139
1.69535214226858,1.6193853362052
1.70572736573736,1.60434421663732
1.67832712406267,1.57855594975747
1.84612275461121,1.73038197075169
1.75968092522997,1.6484557419071
1.74034233716091,1.66828346983594
1.8479942166979,1.73450373379458
1.64124626442219,1.56829088094109
1.81030806128514,1.70872310853226
1.94357360281933,1.85994115602965
1.7483199642963,1.64870931449426
1.77134949772477,1.69481072541922
1.86689887767489,1.7493649165908
1.75066763156388,1.67107180188458
1.77436783359686,1.69435567586942
1.85562186854783,1.74143171724509
1.89115048654259,1.78234491895924
1.59995157575568,1.52164515238865
1.84915705143748,1.71041845811086
1.8391995572745,1.74581196136853
1.76722229530733,1.67295639952911
1.52997996083321,1.42036464662929
1.82788240910305,1.73609554544228
1.72398179343268,1.61317369252442
1.74615970128113,1.65624368938381
1.60671737792856,1.52340479972236
1.70487313981432,1.59936814616628
1.97087746913281,1.86082854432882
1.65416677926581,1.52138296001046
1.76449714419521,1.6459946139153
1.67423702052359,1.59266389927716
1.48542472332285,1.35164822118604
1.83443709978749,1.72177172778915
1.79684093220302,1.69582297001925
1.94114182496496,1.79931439081189
1.88456194392401,1.81086872058681
1.75186270711361,1.64088294564854
1.75806484107424,1.65701365813032
1.82500946058204,1.69389832728628
1.89829300881766,1.82760301541762
1.75202459942007,1.70326282110536
1.73197517423157,1.62301534189662
1.65818957399236,1.56205196475953
1.47050260139936,1.3498740012017
1.69742588711481,1.6064234179184
1.80433148256663,1.67688610282336
2.10567039711664,2.00756801614129
1.86486622452265,1.76524071388399
1.9094087342469,1.80082902367404
1.79818951281721,1.68692940890441
1.82800626745421,1.70970530868886
1.63675010007768,1.5527528044709
1.54335031980929,1.48035997444516
1.77696356127765,1.65124026221723
1.83710588743321,1.74221790408888
1.72950296097366,1.63298600296209
1.95390512769616,1.82681366094728
1.76721684880641,1.66918652239576
1.75373690788834,1.61364948248113
1.21802988785644,1.09937520691427
1.7844421216269,1.68168113410522
1.84872513139886,1.75392060087671
1.8411188690381,1.71888924308496
1.50268375071311,1.39051320545743
1.83618441246807,1.73299239851139
1.76086755708531,1.67092839021476
1.72727700272029,1.62803692470686
1.52685118328564,1.38470654430873
1.81139256533075,1.69702653912448
1.73011966353223,1.61840345276565
1.60756138720288,1.54091512960724
1.71808222755751,1.57297746572599
1.86229014514066,1.77442440532052
1.73128493007612,1.58068531268758
2.04522258050819,1.94206393685688
1.93194415183704,1.82904484942596
1.81791727867078,1.69675606903901
1.76854369791357,1.67960504422467
1.49716005645382,1.45055719019902
1.70958025405682,1.63615117881433
1.65629322867869,1.5569938812955
1.72974809022381,1.62748518876521
1.55592845761973,1.43859496733161
1.88340661429427,1.77731988891183
1.71314804312234,1.61599928120223
1.84816464044773,1.73293111224853
1.53916415396227,1.45427197942767
2.05605945709882,1.95671649280203
1.85936392307254,1.75740802602659
1.73796416278815,1.63176418678926
1.6962982041932,1.56048154113459
1.82910663889629,1.74034773305477
1.73549779983903,1.64367969464338
1.98261795282543,1.86050820155134
1.64937312224671,1.55456211145028
1.69724017514846,1.56368003552059
1.80348880469852,1.70328177513551
1.97556047511594,1.87360163549613
1.91358813050738,1.78853128244664
1.84409022117461,1.75622864643276
1.7534428899461,1.65202487554914
1.89815360801098,1.8343004589423
1.78542595424973,1.67620891146032
1.94698968992774,1.83792940384257
1.763772460421,1.67990772323117
1.67863914615528,1.57302785053423
1.77466923075863,1.67828092249905
1.83239505038936,1.72631634495212
1.26022496340212,1.17243235930385
1.76288052594786,1.65473226573207
1.40488505505518,1.34808243691904
1.58515387547668,1.52665376696656
1.66328227366798,1.58075631571946
1.76229378310342,1.62898722923046
1.63592993350808,1.53710248074265
1.88414468833543,1.80317821569125
1.35309124704913,1.24972968605023
1.60992066378975,1.52458105920884
1.66324650049199,1.54712366266337
1.79760092668938,1.70597879415309
1.88699234211069,1.79125532692422
1.83017249489738,1.73829972414417
1.47046275018555,1.3399121380552
1.92975918983963,1.81475160281993
1.71334213304275,1.58652639924865
2.17053548234709,2.03237456850453
1.8148162024965,1.73979686720812
1.83743600611125,1.72823344167586
1.83776230757893,1.71349627796684
1.51839836903847,1.42224028484605
1.69666363447914,1.57574858613092
1.63198669622638,1.53153616111313
1.84223155926067,1.72824437085778
1.54823236336764,1.40397933172591
1.80586446908396,1.71003600882363
1.9453970363311,1.84735674471114
1.89401636564206,1.71246506155328
1.81263165678818,1.69863358113835
1.63457341539631,1.5449782817257
1.75761372973683,1.63487606455009
1.69080322550568,1.62577553716941
1.71451520906073,1.63026421579155
1.92917852688498,1.79892231597161
1.64369055482238,1.54817286021788
1.85793325465928,1.78393214172063
1.63033673110446,1.4900753609396
1.89786228480525,1.77600024720938
1.65674432252158,1.50722644245823
1.78345365186965,1.67497359703032
1.52993260443951,1.43040154142151
1.7761856778434,1.67204960012487
1.79941772354054,1.62924929155769
1.70327089247501,1.61118761614382
1.93629368109762,1.85251989544549
1.78941869325591,1.69060561429128
2.03482022064509,1.93478193942901
2.06405311269303,1.96416580794979
1.76932972201223,1.65842661016432
1.5229647236832,1.43185199309021
1.78808612704628,1.66169209981782
2.07983809926531,2.00918071452114
1.75240691419769,1.66348051508786
1.84423665569454,1.73533055612173
1.83093278468618,1.73428696451338
1.40884517850975,1.2888618196834
1.66590991553555,1.57350574850765
1.87753569070131,1.74387968790327
1.84192010562098,1.73542109465511
1.9361727983646,1.83673242689509
1.36751020728036,1.24403745983286
1.88221409263709,1.76896712817849
1.74128105200537,1.65327950199009
1.76171882680639,1.65317543329251
1.36590367656315,1.25829222475472
1.69266004640361,1.57444198455127
1.87722132061421,1.72359551936153
1.53296560527076,1.41338168332958
1.80736987487957,1.68730767639087
1.50447497384459,1.42570948402246
1.93687453292136,1.81038725767538
1.59992410149015,1.42626297681476
1.7888653603883,1.67666761286741
1.87809176509793,1.74823756911193
1.58469965490165,1.50748798486073
1.74860452833794,1.64940656424862
1.91598612282784,1.8497964120475
1.77908782801516,1.68297153184309
1.74919227820164,1.64202422909209
1.76334974810508,1.65561269628834
1.54957820404613,1.41296018441461
1.80461333031456,1.69851900733276
1.53860965260717,1.42473108890941
1.77280832308808,1.67307876169387
1.91293177671892,1.78973414292028
1.97644766104796,1.87246977399491
1.95549578896705,1.83560930195939
1.71519128533543,1.60641395771547
1.62252633719632,1.52535360034711
1.84574596236445,1.72273651588215
1.89959703360625,1.77478631714648
1.59285540607615,1.52649516459882
2.03207984319101,1.92835170418033
1.96801448752711,1.82938831742113
1.36463169416162,1.23462454625442
1.89568496118456,1.77711201700608
1.80787106082693,1.70102459238889
2.16997993902341,2.02436443996711
1.93225456613463,1.82775079523467
1.87892462283013,1.78374324358718
1.77560324611429,1.66894496059742
1.58110759835659,1.51259282653464
1.82584858845883,1.71131231166957
1.7802883393126,1.68134209248806
1.75220786438479,1.6642915871071
1.65499244364181,1.53047816828524
1.85000546889077,1.74261585426031
1.97636954494803,1.83595381020101
1.56597885541802,1.48582329862667
1.92083000692967,1.79489594175577
1.53910661091028,1.46234568275073
1.74711654704818,1.61122007026763
1.81028840633711,1.72188965835425
1.65949602986575,1.57173073561407
1.92433691233424,1.78583053214631
1.76517594237152,1.67278472419228
1.83690218023589,1.71632425566726
1.86151993876268,1.76073767871856
1.77944729174947,1.69038787545913
1.69212394447206,1.60303407509413
1.87243240574723,1.8073735493014
2.04395889729085,1.90535042690814
1.94449120134246,1.83010200552764
1.65367487095352,1.55831763137494
1.80761675171386,1.71095009610083
1.85132094052129,1.73630802000537
1.68144965957196,1.59180489904995
1.97092354586486,1.79454150965022
1.31104182842995,1.20252092752569
1.8214179264903,1.71460533680969
1.89713362644756,1.78321497955179
1.78280990808614,1.69315254320326
1.88468952309306,1.77379028457682
1.40966385337196,1.29679082934732
1.93826326351461,1.8238287121598
1.6860524985505,1.57116625353368
1.69212099207915,1.57883598784821
1.69611918979305,1.62185978790091
1.69243939836585,1.60352702289621
1.76203401346325,1.66113294120074
2.09362310061987,1.95752170064265
1.79879071223802,1.70977386919922
1.74458302608264,1.66313110313093
1.88165885644751,1.80097520308275
1.77256395151895,1.6665227279788
1.60584960559606,1.51034678799629
1.75283272449178,1.64884443965292
1.64069949830136,1.51704706807659
1.70979827321669,1.60152682422881
1.78742074781805,1.6619858193055
1.7803664275688,1.69980728863511
1.46100646801064,1.32862073718361
1.78601525272608,1.69986462341416
1.81641372961558,1.71921212296874
1.86573872302826,1.78970821497062
1.77890170903049,1.65421327823253
1.84255122038941,1.6952536412659
1.73188697787209,1.62655607704317
1.73113585573681,1.61097249584775
1.91100227387217,1.80912471068994
1.65212894576946,1.57264256868043
1.86882770386522,1.77998069530986
1.80806387969032,1.71465128946196
1.83701751866518,1.77590387936166
1.77409995693374,1.66354401300514
1.69426431869192,1.60667713762834
2.01220634469048,1.86010975374993
1.53190468010722,1.42007425760732
1.93425696520099,1.84546763273842
1.76853883353142,1.66482595641433
1.67722398686153,1.56988474120226
1.66664090450129,1.57217937080226
1.55300165285373,1.4482145607395
1.70453730080391,1.62102551110094
1.57775021054132,1.47415920232007
1.84340305364453,1.7398731174931
1.84731458605803,1.74519969723294
1.65776141237119,1.56809723361648
1.55209886485203,1.45539059673851
1.555142116464,1.43727063479939
1.38731933342008,1.26678924678497
1.51512076237055,1.41686935494357
1.76568943750021,1.67883934710491
1.47395437000129,1.38892033437082
1.88566448755501,1.78373382536094
1.50407831359716,1.39661292275651
1.63962687945704,1.56834942815205
1.81539147214061,1.71085088746828
1.49967325613583,1.42345715772917
1.72297889616065,1.63883944525185
1.61696975412293,1.5412568725539
1.76806965903361,1.66351260736736
1.2846495640246,1.17983047451903
1.91404042172695,1.77458751182327
1.56759896592733,1.50211572579766
1.66110883875727,1.57895027991668
1.64056766229857,1.55391846841606
1.52747342376879,1.42118893243639
1.77755424564307,1.66554135861664
1.54326222011036,1.4366641239048
1.68674477908309,1.57399196419024
2.0654334157476,1.92748827610205
1.69366882962662,1.59448349511681
1.47908520521977,1.36637432870295
1.67184583751175,1.58256479845965
1.81645738389903,1.70731021408465
1.66544923179591,1.5418238279511
1.97472967149762,1.86909300925799
1.71260513890979,1.61274147160333
1.51247930429951,1.45754378188035
1.76577227211948,1.65182209156958
1.87579488355289,1.78254830847564
1.80342101948648,1.66224964748177
1.45555175260334,1.327568252945
1.72291940526328,1.61334273678164
1.5371183668954,1.42011973229252
1.39574440569529,1.28875854848816
1.69922587964121,1.60116559763525
1.715672432776,1.62723018892091
1.75025074474117,1.64434052386071
1.69818756628344,1.59103475674284
1.78901720149149,1.67960096683032
1.25419534861257,1.20022220002302
1.74737865937128,1.58853554922956
1.58612317522763,1.49689676799693
1.82067185769943,1.69487697535594
1.69337580641186,1.59343003765326
1.64212759607742,1.53694549550063
1.62505796411949,1.53052993738773
1.51294105469231,1.44255197909014
1.82182898390147,1.73287915917523
1.74936894366035,1.63591448741289
1.57866483886695,1.47194008114645
1.93334091402572,1.82733907236241
1.47019761697371,1.32957563877091
1.43961054423041,1.3142608268067
1.86111860727098,1.74782087044153
1.79210222517298,1.67895720169397
1.50300651119104,1.37547121987838
1.38152164079087,1.24694866425938
1.77827420695953,1.68465831551877
1.926402551694,1.77827345290743
1.73854334507354,1.63763721334372
1.93623508878225,1.81561846719346
1.54629667938549,1.4231823301484
1.59486544721038,1.52362329945379
1.61027115481148,1.48787105667319
1.36494207544372,1.22534413803486
1.465023336832,1.33103066191187
1.70876631782088,1.62117207687273
1.38927147712035,1.26937198647164
1.84710283023234,1.73159686818656
1.62792261129063,1.51655391587038
1.97111542349843,1.83325764146511
2.01498298043231,1.89969202218336
2.0263703847509,1.92764491994786
1.90241743230005,1.82415787580135
1.65037232210006,1.58236319997052
1.63445856925218,1.54360398466267
2.05041638170299,1.95849487976924
1.59092054557368,1.51761114381071
1.78987760514522,1.68241115965139
1.68037784089859,1.59196182049079
1.89055001540148,1.7686862439186
1.68786252820516,1.59935124866972
1.99735924180498,1.91797827918752
1.90608769861409,1.80660882160275
1.59853159664553,1.47812824318692
1.85308751912545,1.74385665893595
1.8219002883624,1.73050485184807
1.9623981342394,1.81971911097738
1.93094816971811,1.83091951200123
1.65698937082004,1.53867565514762
1.47139012936549,1.35610349483104
1.92651144621505,1.83682788258513
1.688695131257,1.5780045200069
1.64794334867506,1.55309662428788
1.83322680421931,1.73483833895343
1.53886982846349,1.4442382674067
1.62231698747299,1.54462826238096
1.79880498040774,1.69120944334634
1.66782742600568,1.56439240995374
1.71942882519448,1.55382057502039
1.65521850561772,1.60175418238558
1.75596297254463,1.64931164380461
1.50755626359943,1.38674583274528
1.99190605375759,1.86444409100638
1.60308466259511,1.51597451616471
1.73019342613074,1.64180042877211
1.6752240284092,1.58880823013131
1.73663366934092,1.65493068435348
1.72399126914274,1.62850377159935
1.90541541471453,1.79778139102097
1.43729662950988,1.3305600723033
1.77260115361511,1.67291487946016
1.7402919976443,1.63804908450919
1.63076390145297,1.52110149139426
1.9271709022232,1.80275277483299
1.75869468135846,1.6565968778677
1.51225699383519,1.38026265312786
1.48721881630534,1.35507863072704
1.76634123330807,1.66903920861353
1.70422260832017,1.60756227774084
1.67620826561279,1.57243269441616
1.85957310414165,1.76955724204176
1.88877060273325,1.78763353553757
1.88782802678304,1.78901812781427
1.69503544483524,1.60655537545018
1.74453048865249,1.63623526392152
1.86425765127808,1.7598237405181
1.73717583505025,1.64997127761019
1.8197702136582,1.72181867476604
1.68866559083198,1.60938509850405
1.78274678443284,1.68561139420335
1.52078583787192,1.46145156698686
1.87599834855242,1.74509649641719
1.97710321608014,1.88142011568411
1.69476359617093,1.61129533634664
1.52316702839217,1.46254403574129
2.08604661567837,1.98994443393845
1.9648826702065,1.88233825640433
1.51980198472994,1.40522206471334
1.82568575403413,1.73413954488452
1.92100193871745,1.77049159893752
1.80261623967618,1.70953104551888
1.90956499711926,1.8328441470693
1.67404495048245,1.58896542130401
1.7269851225074,1.6329727438704
1.70219716329584,1.61228485812019
1.48199745675625,1.35251620009874
1.95098462199858,1.85000016755159
1.83325875894486,1.76013835743932
1.34932347364727,1.26524003491163
1.67435971844506,1.57589681064531
1.81984661862992,1.72945473160889
1.89695602355255,1.78185540575822
1.6697292925153,1.58370486299656
1.89730171145583,1.7812231232008
1.689179298446,1.56824751922734
1.663971909326,1.56665077404595
1.42194628455993,1.28600840505694
1.76278528015842,1.64896342637758
1.95186765412326,1.86201735413313
1.80914160725209,1.71478393628328
1.78544092173806,1.70134934530448
1.72047373337737,1.61996361159181
1.80175101692954,1.71763577244889
1.76796361924118,1.69467181373021
1.76724076818327,1.62714717829992
1.81425588924871,1.70439502931418
1.75037335260096,1.664861392401
2.11671210987066,1.98714557075276
1.98455256575196,1.88779388862582
1.99958557467174,1.9034396638667
1.56274044557403,1.45043010432739
1.88938007127618,1.79977879093807
1.77867011176237,1.67115751859189
1.47855753280333,1.3487098562409
1.74507966155246,1.65678467159884
1.72480624289213,1.64437351001088
1.64238030876124,1.54116499574249
1.75647258201202,1.65392209832121
1.79146002523721,1.68864347223613
1.62537027797162,1.53980280787104
1.93565913126333,1.79395699393977
1.79173802395811,1.70321791721373
2.01957608251426,1.90864479844674
1.78162460106312,1.67767977780456
1.51443388810473,1.40167603493069
2.00879506106689,1.92115881883868
1.89730909901181,1.76948645942171
1.66347225830665,1.56577898633763
1.52077797243563,1.40736709415611
1.69343426288342,1.61716920810424
1.9421773953973,1.81009358185818
1.60366378572355,1.46259539103569
1.85206592497723,1.73592360117175
1.66226800304402,1.5843434890126
1.89278289656108,1.78097581634708
1.54328798051062,1.42144176852662
1.58846646573454,1.4824030500999
1.79758036285109,1.69348748989675
1.46191256470076,1.33567485264375
1.9305038814298,1.84119325142469
1.98744790945128,1.91973405737475
1.70704947825502,1.61187721157582
1.62274971197497,1.54360844655163
1.94152967446108,1.81486749712779
1.58125203638016,1.44341782292121
1.54313352433828,1.42182453462186
1.86683968981184,1.75588533209052
1.88860966850921,1.76304647290514
1.81385694926385,1.7142571557731
1.81179833158022,1.71817590051118
1.73334671949608,1.63238320929429
1.52068870287806,1.39306795782293
1.77831502677539,1.67061555382219
1.81018257189642,1.72215187530458
1.79193448076032,1.67870633678307
1.82212616464358,1.70815940174337
1.73215182403515,1.61646244415618
1.66419975793083,1.57855445040943
1.43216190495067,1.30368360053703
1.59818046536459,1.47290376320499
1.85471937365632,1.75042386262201
1.72181993243843,1.62020112399637
2.06698660785755,1.95973441451498
1.77720665737681,1.67408763212147
1.88586768712528,1.76293854625959
1.80009404205676,1.69737255642038
1.62869738664505,1.53533326584089
1.65442389487147,1.55386582370595
1.92081231861852,1.80673739101674
1.65571271777149,1.57998835965086
1.99206768643981,1.84388118599237
1.65908386829797,1.52535943292781
1.78645953934581,1.68559505770202
1.28100158149099,1.18385052355726
1.73645980519636,1.651048013161
1.82075737157444,1.7176246587513
1.7380872893974,1.63374879658705
1.73879481408605,1.6487213388712
1.67898261941918,1.5592581536496
1.70228198160107,1.6099335680246
1.83333620857867,1.72237550830864
1.48393822921566,1.35583709709179
1.71083429018072,1.5052132540548
1.73828609224826,1.65246415402462
2.03258670562983,1.89867964402434
1.84395553548438,1.75106243813235
1.84873793020087,1.74886893763394
1.51839482354739,1.38566249923779
1.66636864577247,1.57544475042901
1.42403828501434,1.2890271905768
1.85122224276634,1.74228929512886
1.88893075603408,1.78344133502913
1.42592540763959,1.29438761802465
1.68326236082176,1.61165458746889
2.19395200871106,2.05294272954207
1.91405384182371,1.79943116927562
1.86872646622784,1.78400129253158
1.76976157166599,1.68395452030938
1.91247636415489,1.8337860413619
1.53570032734208,1.4160174724405
1.72932474151461,1.64512982755089
1.86039692669576,1.75463208070123
1.49211525872578,1.38980209934302
1.71215193907631,1.59530091571042
1.57004138589163,1.41051140184475
2.00840627226204,1.84664964210989
1.95829575980279,1.86886282370446
1.75987497249047,1.65543322110814
1.69967266018251,1.58921453653446
1.55397375164327,1.44338685732311
1.41846717588643,1.30444072912918
1.89580754651954,1.76411801848256
1.96364277085889,1.84702252170093
1.81749602258953,1.68366846744836
1.8202073602065,1.72745875035082
1.63129857997029,1.5485708691948
1.3210821178753,1.19570180170902
1.72166398329069,1.62484309808358
1.73218268276866,1.64403718837989
1.75782507905447,1.657659370186
1.63293519277812,1.54525876348858
1.40789559132375,1.32469678111811
1.71700011377274,1.61489357588001
1.83555493883271,1.73310962840211
1.78071651095263,1.69808937158168
2.00519314928025,1.8700308799667
1.95795598425673,1.86607618940344
1.31960305878862,1.18490725245986
1.85132372014194,1.73257951822642
1.77726286392022,1.68328228543017
1.55018895394754,1.41214099019223
1.64069167116701,1.53973848901144
1.54937620040504,1.48457391952467
1.777694760591,1.67413644842525
1.58849859991688,1.49662892699512
1.72716830426248,1.64097856364995
1.73425838460043,1.64014027794929
1.94355142108869,1.86393327578325
1.64506165073045,1.57621304208727
1.66096860858084,1.58922668838941
1.82895132178041,1.72484942320418
1.7041366565039,1.61712645401776
1.8431298915133,1.70514253845187
1.85003696728937,1.76019035085424
1.40077933522844,1.32191262442916
1.93925751047359,1.8218063602252
1.52641249892822,1.4267993081485
1.59950247041987,1.51147459809001
1.8377038392521,1.74343389091951
1.50094946627996,1.37553216483536
1.79510258361351,1.69440740659641
1.61641316424036,1.53498479971042
1.40894238046353,1.278640918492
1.80762861003578,1.69838013119807
2.0908801409062,1.9942230912645
1.78355351612261,1.68830365932721
1.8604306005362,1.74123592691777
1.74063985337009,1.64720716553618
1.42949265770252,1.30368435223753
1.64680666721492,1.5595744885874
1.70255779450272,1.60707243278542
1.69799353580249,1.59196677470219
1.73635767455792,1.61069611854351
1.68636782032103,1.57819278743418
1.75540599748435,1.66617522405866
1.97884382371231,1.85460655408342
1.35737812779606,1.23161996347783
1.56247697267796,1.46636617188107
1.64231400501719,1.57352502297294
1.86573689486327,1.75197139834845
1.94727903386511,1.83945769220179
1.63091390947546,1.55419569219214
1.80980462094631,1.71879587841148
1.62125118545524,1.55600737174246
1.85237646734684,1.74999217577765
1.73950363174238,1.65640076261889
1.96099760519747,1.87923380955808
1.55495939280212,1.46827674836722
1.71407686599704,1.62364361419347
1.52145578932586,1.41736292528491
1.91649219407921,1.79541047728928
1.59483234577478,1.518373041947
1.59475863830165,1.47574835195341
2.0196612036001,1.92509310344796
1.73830770073761,1.63297952924136
1.80517945484336,1.66902129202379
1.8875812045849,1.78119744367718
1.9086885696177,1.81707306689102
1.82476600683709,1.74658662408065
1.80380776520083,1.72007413465437
1.8038683231332,1.70247096106108
1.72838900899743,1.63878426245672
1.77258808182336,1.66911487753055
1.67932753686418,1.59321001102656
1.92886958196207,1.85650174689226
1.89883605560247,1.7876744834883
1.93106092914188,1.80482583830978
1.76929475539451,1.66877828464944
1.66509034719503,1.57652031901228
1.8831853851406,1.75506684963876
1.80407038543416,1.70509277267289
1.69920285523536,1.61346670346051
1.4769318347297,1.36541659742401
1.78303046813561,1.6877965410378
1.69123242001029,1.59747713276574
1.80153707773058,1.69216285664921
1.82156447943864,1.70051602340771
1.68550900426542,1.59356039735676
1.57964712275216,1.48120546203817
1.78993087354414,1.69412686058822
1.90432203854003,1.77622471661783
1.64634902337198,1.55305103202706
1.51950521484488,1.41733873506173
1.67698502718868,1.56406783936866
1.5894517721881,1.50379615996931
1.5522434910851,1.46276954919332
1.51463061760623,1.40261271842556
1.62740000668974,1.551542338504
1.70932712907225,1.62565241917908
1.77771595452405,1.67392501134108
1.79366389689629,1.69299614661759
1.97899499504306,1.86429255925656
1.81732249470504,1.70275125346725
1.78819014603192,1.69811664927771
1.97607051141419,1.8511858317303
1.67612485244126,1.56706080199262
2.11600724440858,1.99251229341242
1.74810914229875,1.65142813264942
1.76799392409817,1.66564977553193
1.78010409797486,1.68548940757338
1.70344833271439,1.63037067596646
1.99145553343139,1.88557641771586
1.35782328848638,1.24056611471249
1.98578238493264,1.86700458135447
1.77640687782141,1.68933680815496
1.72706520058885,1.6364322260047
1.99252072771221,1.87041673668331
1.67961174037699,1.59531775281759
1.75994102494037,1.67612068369843
1.78413051365643,1.68919879585557
1.77125025253548,1.70603162996753
1.96679672544089,1.8455592799742
1.91280239664641,1.82171826640502
1.75711789418132,1.67056073161286
1.72982136588521,1.63380779504969
1.7957793363864,1.70130624498069
1.57379639362466,1.4775882426572
1.8266886867865,1.74737351628471
1.91111762939844,1.76520972965461
1.58690902024176,1.46208525604038
1.68287204925244,1.54996859424763
1.64700757713982,1.51931422539198
1.45142235279204,1.30903226087263
1.85542434443505,1.75990689512202
1.80920292014971,1.71435359697352
1.86209943555038,1.72307665548733
1.82372134781389,1.65801851252788
1.74124728043183,1.65131726365591
1.41853560619757,1.3161830976085
1.93830436573674,1.85181906359305
1.92908386655594,1.82730285607718
1.98735184088848,1.87211953974821
1.47495572920172,1.40692946818634
1.60142197185223,1.48365382155498
1.82060363527566,1.70853426471635
1.8508594341558,1.71755439258856
1.83909129160763,1.73642367485992
2.14065005784259,2.03341572841941
1.99401679576304,1.87763672096567
1.81158645509816,1.70847572917057
1.67126570734725,1.58821157629755
1.63001987005867,1.54447527561439
1.79502444314165,1.70442558977996
1.78882364758572,1.70313276255319
1.57099592940515,1.47873471570293
1.6130496285108,1.49804210021382
1.33221978799173,1.20153601379226
1.74587956460222,1.65643700554614
1.80566043223584,1.6939181567989
1.62774106445776,1.53390847034391
1.77233256997762,1.64729545718803
1.3306321473483,1.19948122894001
1.87233534616599,1.75534501060959
1.34998728481146,1.20991358878331
1.79807911847816,1.69685388105154
1.83952097360377,1.74348144491648
1.7929157993676,1.69229429463851
1.76539197710613,1.67807755597037
1.82596210745959,1.7350892084738
1.86950752784863,1.78848834043157
1.86839378072765,1.73957180039486
1.52468708970519,1.43978746258501
1.92910446148681,1.84323045700699
1.55341496205175,1.51061828460564
1.76400478750105,1.6626949578632
1.89452560241057,1.76126611505359
1.67176646386428,1.58280696986038
1.56223107819246,1.43907852528699
1.7209491554048,1.62547916427139
1.76158912867116,1.64153542822636
2.05209508829369,1.92538796481968
1.69249613640984,1.61361958536267
1.99591484004625,1.87174378214818
1.87538897211713,1.77608456092902
1.77268285010299,1.65071577059312
1.87735336519995,1.79660910616094
1.88287095235104,1.75582135008766
1.60517535176357,1.50174456204226
1.64544401204858,1.53749499779938
1.80743183319716,1.68535558721774
1.73827292487318,1.63253955851934
1.82671951919189,1.72239553359665
1.61010044430188,1.52162223634808
1.83073494005067,1.73560726494814
1.60890979626758,1.51476454552405
1.83566111767654,1.7331491112744
1.90385697677907,1.79196067811361
1.70983160158171,1.62890474315442
1.70339556175894,1.62143178545759
1.92173436678972,1.78028239625929
1.88172884575717,1.7692134656068
1.73947711004063,1.65079443857188
1.64585001546279,1.55629095835814
1.69386357940702,1.59185141972604
1.74331952083537,1.64448014668737
1.98944169018617,1.86605110439591
1.75749313104921,1.66704168228186
1.57787920108573,1.51475656562355
1.89222473514332,1.77203865314318
1.81155728933514,1.70468276640268
1.6811201291875,1.56174482861808
1.62485727017471,1.54084202035027
1.78932156200073,1.6726528003175
1.78008457258565,1.67228929392059
1.71451377975537,1.62011182000312
1.87685534953182,1.77805586988446
1.78947522601648,1.69693118291131
1.98083253348872,1.80594304241338
1.88557495312241,1.80336288117625
1.77456170208514,1.6618187503628
1.79204855848968,1.69222012327051
1.82975902306191,1.72273788548305
1.99920944343481,1.87467115865364
1.69618783647077,1.60878996825412
1.76124840894748,1.68013285298614
1.7159683420179,1.63937534461005
1.76250207985863,1.67539896955752
1.70869446571414,1.61480614363928
1.73541405610385,1.63911004712977
1.49183705400301,1.36051549546358
1.60233433593422,1.50589605072319
1.45461417435682,1.4034562452458
1.79383957954586,1.70138043896908
1.95215574735732,1.87469404197011
1.95896514919136,1.81594917939614
1.45755903747104,1.33887465348882
1.62173260831427,1.52223840839728
1.67489343848139,1.57268698912714
1.73374750375047,1.62793148422532
1.86242716184197,1.75658669731324
1.73878967961964,1.64522384746521
1.71848658681681,1.6366495010989
1.78907743562986,1.66032071498798
1.67518236961333,1.57543285237321
2.03191597420088,1.9227502196632
1.69231304502768,1.60354151873084
1.75162383315524,1.65252012187257
1.5968266303202,1.45671401076674
1.6380871645253,1.56855865539695
1.14384879866952,1.05847891609059
1.68926487664371,1.59729048866826
1.69351610417499,1.60891333881166
1.71875386660535,1.63264820968564
1.77687698544771,1.69475727112142
1.8124289773213,1.70507346614074
1.66568086015257,1.56265964672167
1.87140252037439,1.75124480228222
1.75892734241111,1.65450317390252
1.45487693435597,1.3477537117301
1.83038271799803,1.73968425126012
1.46720853018844,1.33381758691761
1.77307323510668,1.68333687520784
2.05436966138083,1.94494002392538
1.61942474299134,1.54271649106362
1.78610082407523,1.69080823048639
1.51207605635205,1.37043446832124
1.93883034386534,1.81073527534367
1.81635218337102,1.69601871912082
1.84489658838776,1.75969148216445
1.90588949837023,1.75899323143326
1.77738242684563,1.66317926751664
1.71705751616881,1.62082334835588
1.85120657598292,1.74215760035572
1.79777661676714,1.68955477695993
1.87648529990669,1.79648718975849
2.11249750123129,2.00963871360492
1.54181713168439,1.40981111603731
1.68421678835439,1.57084279116555
1.94876327394585,1.79344007657458
1.71672246465433,1.6134108960894
1.6601183432301,1.57497232285348
1.7388499390336,1.64807278381564
1.75208932218651,1.6524577736642
1.79652421228641,1.6867423223456
1.93042992275602,1.80556639499787
1.70804646291471,1.54673526306769
2.04483263996943,1.92284551579816
1.97906624648749,1.8680536733842
1.79413223537118,1.69186437402882
1.64899283079573,1.55665666104906
1.40823253671518,1.36086809565738
1.63794298927062,1.548206885107
1.85354845316554,1.75368482557521
1.79390975945665,1.68621546406278
1.67114071210449,1.59334020542407
1.93885357037845,1.80195375946329
1.47738962601832,1.37606329360953
1.85461709743596,1.76791431909775
1.94499874445584,1.87347100949957
1.9386802170338,1.85008555316794
1.83542799498999,1.74166656092376
1.65423520007209,1.55833178846034
1.80196066574783,1.72087053138703
1.46262113632416,1.31133381195534
1.66534950017017,1.5542714745441
1.81481969710898,1.72518228923098
1.62707429837143,1.52985073316021
1.59926999374542,1.50321039984288
1.51269344986363,1.41246070986047
1.63734145148296,1.54921170372624
1.78772936509966,1.69501641295629
1.66823639606174,1.54564528285036
1.70026624689024,1.52140690380995
1.59733866079605,1.51824923841996
1.68455730510449,1.6070578500624
1.82919576359104,1.71268579811438
1.60676487975829,1.50054096886599
1.76689763314525,1.66183687394406
1.80603861705417,1.7012241800308
1.89186690870711,1.77130052014071
1.57539932011296,1.45608482751595
1.89571204958732,1.7933339786541
1.77431825358811,1.60058539870242
1.62049224595149,1.4936459174597
1.71785632640964,1.61483498439008
1.62296705107271,1.53453242388996
1.82986654811495,1.72595628735111
1.67966197696435,1.58815317109632
1.5425332564715,1.4787996926232
1.36313475746399,1.26643434523668
1.76079341548321,1.64691248334102
1.84198737252765,1.73549300736643
1.66110849425843,1.59012603414814
1.76733067913015,1.67690408754028
1.73511789239825,1.62958376060541
1.85550310143494,1.74710479705995
1.82301183610296,1.71586066141607
1.50066718318058,1.37085093451108
1.84513238656958,1.74216046989515
2.00768528839291,1.8917308170874
1.47207668301546,1.36185117470341
1.81796343243897,1.72507961842694
1.74855144858784,1.65461922950266
1.83191358675358,1.73006945109378
1.86569768806353,1.77002066097322
1.38737244045982,1.2624104931789
1.76462303561139,1.66547794518131
1.47629403376669,1.36904582145179
1.7080938674822,1.56719327561064
1.82705171371967,1.69105699399573
1.31824517599799,1.20410317406033
1.6780070958387,1.55783734526793
1.5212292029028,1.37338988167942
1.984133863826,1.89476506217856
1.93666354699883,1.822310633413
1.89879652008588,1.78189287490827
1.40850884274789,1.36349975319859
1.43806569752499,1.35494453872995
1.57148260342202,1.46907762165425
1.45423770393799,1.33750761642688
1.92065085435992,1.81515333501174
1.76524026047062,1.66007650183036
1.52917630142782,1.41881999400802
1.76223208812047,1.65680163321888
1.75165893436998,1.64878828473319
1.97948300878449,1.88333188248466
1.88860810528133,1.77751024384478
1.69497758658307,1.58299044463327
1.5983973458475,1.52175866750595
1.85409210293147,1.73757551069853
1.78406487747824,1.69424032847052
1.66229838128883,1.57161650594262
1.97067866458464,1.83241927481202
1.83532883980284,1.73047382162707
1.72461506812997,1.62240545907687
1.78057054388257,1.67674647403935
1.6498433362497,1.54224381125039
1.77693028536288,1.67413573552455
1.69527986868371,1.62839387895828
1.71739809581191,1.63300194114383
1.39730382339531,1.2888078506368
1.33433418589337,1.24191077805008
1.6886190575303,1.59213840826217
1.49925593579978,1.41333243399825
2.10212394577081,2.00763623979223
1.88553185551482,1.79384648464447
1.77508016340216,1.68835504439227
1.95083671405626,1.86623147837447
1.90637460505186,1.80286325494535
1.79800242954574,1.67887800052112
1.62288336228638,1.50836168150958
1.7119618282961,1.59164645433073
1.54141532484417,1.41366709859767
1.92324582027998,1.8129526920143
1.70313232526976,1.60746969559595
1.56538476954137,1.41868228085788
1.47852297399897,1.38002363409348
1.78385517375965,1.69894034145619
1.56342652416954,1.48591500430741
1.87917937455854,1.77165926381304
1.71000723945327,1.63351159198914
1.73802471222871,1.65900270442208
1.90730750674554,1.78099283053503
1.76066238079426,1.66239421988664
1.81222139368397,1.69931790105206
1.80701131460714,1.71019820704508
1.95414037623506,1.874469007261
1.56308048626327,1.46320514117116
1.69322824245814,1.58060603932602
1.67901482660633,1.5878417174046
1.8748691679526,1.78210467597413
1.70702829927522,1.55260312785385
1.71325865671111,1.60735429161266
1.75181660688605,1.64420525772878
1.82004566643965,1.73256212065431
1.67882478917477,1.5889020507228
1.83920804210999,1.74189361111895
1.56460904279374,1.45581379232269
1.77237318379097,1.65441700719548
1.79603026773228,1.70428754762409
1.81447851628403,1.69936247038903
1.70592879603999,1.610573142765
1.59101000424819,1.50943365175825
1.78812525683946,1.68054962132468
1.75421314445775,1.66610135151222
1.8375389147027,1.74185722764133
1.69314552635605,1.5595681852633
1.66007319179291,1.58225684808997
1.84082216257151,1.71760772838502
1.87329354493232,1.74591763188382
1.66192180281926,1.57336120234759
1.77194409244771,1.66914714259471
1.96890422136798,1.83955078617858
1.94426992726897,1.87016497471417
1.83687968310273,1.74881534091132
1.86142106425034,1.76501814268148
1.2863663879968,1.14338726247853
1.70776248741543,1.62230352629442
1.51080192809409,1.43544894494764
1.55285917097076,1.44964042283208
1.72710591667037,1.6410394235238
1.71021377314274,1.63440336471029
1.784381881439,1.6877325180768
1.72231980394781,1.62084812055558
1.50344215350022,1.39502836381118
1.78691025696545,1.68901607823247
2.09922660136457,2.00232533850487
1.69378483935273,1.59395750197636
1.690101285731,1.58612294990294
1.86656845984557,1.77779260286996
1.70720273636779,1.64378386762849
1.84745418513551,1.71366908630281
1.87068547886282,1.77198493677799
1.37486811768355,1.28303085932458
1.40434990938283,1.30780181246268
1.90850366962258,1.79140389766368
1.93087403350554,1.81741369226452
1.8432306322933,1.73227879356439
1.85408390128969,1.74167804526737
1.89133828891828,1.78013831660024
2.17519974067391,2.03862524807906
1.99061344321646,1.89189149525018
1.8051713233963,1.69776456125362
1.7420464585116,1.66502334396915
1.87613655458233,1.79435249603255
1.7589838314859,1.66674885012314
1.64677776154564,1.55182744773407
1.50458436775967,1.3973904099683
1.79231931106788,1.69844956879315
1.93811637674571,1.84012994713786
1.81245017304539,1.71737386223181
1.69794041456281,1.60195068564532
1.79138834840825,1.69748307795438
1.90794856723915,1.80399544505867
1.70078315534652,1.61739062106681
2.02892747245589,1.9246606818376
1.8256805118181,1.73307734171097
1.86458535041571,1.75010807099607
1.85394698675865,1.69867045638262
1.86360963896346,1.73889961509947
1.80054164149208,1.70555209675372
1.64706794907743,1.54913356259476
1.79943349370331,1.65818792093555
1.96446902184058,1.86884416691528
1.64952630350698,1.56011235749684
1.72216519749654,1.63256058596491
1.69427854625147,1.58620408873505
1.91182278496095,1.83749769632445
1.80011587983225,1.67285851297684
1.5897085706451,1.50029820342604
1.80121744514326,1.7293568469237
1.71561249940321,1.6198659262276
1.96909719459463,1.87937289953152
1.69343539665655,1.58965399041131
1.89383231096109,1.78926168328664
1.42201664789906,1.28714121606745
1.77616494473709,1.63100988219822
1.7202024688779,1.63791430023569
1.96899505029531,1.88558112826211
2.08329420458341,1.94465860992871
1.51794977405748,1.39894750038727
1.48718143938856,1.41545425736348
1.77396916778382,1.67517226663553
1.75965179990742,1.65382303549694
1.87656873895749,1.77188202513801
1.70149745608905,1.5994929403246
1.41803613348982,1.29198345047122
1.65996877401892,1.55388909132272
1.76755864954767,1.65918158698917
1.6619807765063,1.58186770584339
1.76149206137513,1.67784980995233
1.53344268300049,1.44239321616315
1.63930551175597,1.53523826316789
1.9928994483656,1.86519616740155
1.85868712654398,1.76132982545171
1.86188405571667,1.76040627243726
1.59538643132732,1.45816704937344
1.80827270113297,1.69714829964846
1.70792701549798,1.5960171518338
1.73173726967657,1.65835765506092
1.8636961841727,1.73657155906634
1.4942379203828,1.38136685596688
1.90224854489902,1.81353026765499
2.16752242490669,2.04246512674075
1.43828475327683,1.31998798890042
1.6987190227473,1.54552348480734
1.71998851870882,1.644619027327
1.88371562412303,1.78214167044035
1.55111820435252,1.44037706072456
1.8059345809678,1.71299793370361
2.00555481903579,1.88126068302662
1.83155464391706,1.7467820385039
1.7175618489757,1.61517175208824
1.72614924073633,1.63148726064723
1.51871570165249,1.4154007317851
1.52071235243259,1.43848587836132
1.70138476303706,1.61221069843956
1.71764294553241,1.61379667940625
1.87880562091444,1.80567650513401
1.76789850079215,1.67471078254329
1.95109678114222,1.86494725096956
1.73842317488938,1.62764822959168
1.75812337783515,1.66745745096869
1.76164544567326,1.5960722842846
1.64081888683931,1.52837347696205
1.46932563073376,1.29613467953993
1.52922487888363,1.48119801576308
1.77534219278987,1.67417982534402
1.723901854782,1.62137306996928
1.65349428402552,1.5805404493861
1.64512619563739,1.54915704648555
1.9651335091472,1.86832304858571
1.69017839685831,1.58836762512382
1.83757601576077,1.74478225551889
1.63675498030124,1.50821904533575
2.02229812916997,1.8919899167966
1.73340469723825,1.63434330228298
2.00136066404963,1.87857972373246
1.7909164359456,1.71621141310864
2.04359225557683,1.923775135826
1.83126636391247,1.73724470664551
1.56210249706285,1.43005503683211
1.78331460840553,1.68308728189663
1.83476384661262,1.74617658224024
1.62123216898246,1.52408128016064
1.91962235523311,1.79790427177511
2.002745275773,1.90422508865847
1.8831996903074,1.74441557144884
1.75912984596159,1.6571661176649
1.99155419646705,1.88257852260078
1.74787431596996,1.6505275900902
1.39545534727772,1.3031219643822
1.52030718846032,1.38847706501603
1.99529204589104,1.85477863415557
1.2842914826495,1.15821564806538
1.77863311686829,1.67881902382238
1.74396642109537,1.68422690649974
1.55748519967335,1.49182752824978
2.18605459403729,2.05696962726024
1.77996060512674,1.67315325440982
1.95501786263891,1.85573119301606
1.89176996279771,1.77446055990636
1.62694317540376,1.55076359702587
1.47470241878987,1.37790219360156
1.75396782000283,1.65532352353351
1.65257157540745,1.55441371683735
1.84730104770673,1.7506143672885
1.7377831906778,1.63944446485505
1.93652994694845,1.83631372837415
1.42797705513418,1.29812592841537
1.84163212902539,1.76508838881215
1.73037646131699,1.58136065596406
1.40176237687389,1.28739261644718
1.65732237131247,1.56167099756723
1.88635763787703,1.78982754948982
1.47890503950886,1.37615260137318
1.58205351069531,1.4853954256524
1.69661727879697,1.60052507421886
1.71112885148293,1.6291528975019
1.71774489709576,1.59627534837832
1.99541757791288,1.89230287819092
1.58083641157263,1.44406763215962
1.49682349010324,1.38420266336219
1.42970702355901,1.3213576490918
1.84628141447343,1.73536002499979
1.49913480816402,1.38689199658435
1.57817913636291,1.50168166757108
1.87951888625699,1.74047507077108
1.705363062783,1.52888826117138
1.78442738481879,1.67972442744439
1.7156952204707,1.62578840755676
1.49163101547018,1.37398039968805
1.6415906377297,1.55557597650931
1.61729008493992,1.51584736576217
1.90022675459763,1.7941556280139
1.84101329731594,1.72173893236955
1.66223510378261,1.57314761733941
1.65375351583298,1.56032536130732
1.92717719956382,1.81121163620216
1.46468723946859,1.3764510543341
1.92235925478627,1.78947093066547
1.83887644409291,1.74544565728653
1.80060694617204,1.69249110711705
1.75720426895301,1.64410495542518
1.42474935350353,1.29898068546799
1.58474994624108,1.46776611957807
1.81607492985141,1.70221779163719
1.92624591870337,1.81676351600851
1.85146375350288,1.74348564258015
1.7600526025682,1.66329865264148
1.74113901451258,1.64781840532548
1.70248725467977,1.60146886335404
2.00580707585375,1.88616748264433
1.6806878509641,1.57231634919452
1.44405600115932,1.33009534180684
1.76772499407616,1.66681818557662
1.68860783814074,1.58394686695135
1.92703013990769,1.8216619024575
1.92886562853075,1.82752917276752
1.75080832911232,1.64131159542572
1.72006279091379,1.59137372307442
1.64309350330733,1.55878412129161
1.81496815050102,1.70311783628541
1.59112623106824,1.47592833173766
2.10105154685521,1.99095780582136
1.74771190245739,1.66244488597517
1.81392947911021,1.72229005622563
1.66707881282327,1.59355774005356
1.74914372074486,1.65210639510876
1.821893932368,1.72130460302657
1.91689351872144,1.81001685990591
1.92869863279643,1.85847187217972
1.83964931576778,1.74253316100982
1.7087377188184,1.62250694157787
1.86201581987235,1.7608712660579
1.57083415183571,1.47306064157733
1.80573253517306,1.69313577305538
1.84445056166269,1.75231128070718
1.82863430024697,1.67582548639521
1.75083515458997,1.65903054345772
1.73420237103419,1.63129403981209
1.74339093978041,1.66163203573951
1.77834064077079,1.70095993993967
1.91232000693429,1.82982820759597
1.7672093521993,1.67275896006938
1.7853618387743,1.67862755490289
1.71419770800508,1.62513612750054
1.73826989322433,1.64303630613068
1.74185860434909,1.64901456587909
1.58447452858389,1.52454991933716
1.88170035398089,1.77348479875872
1.68807640903542,1.59656897687167
1.76264021511653,1.66831930047173
1.72328951734865,1.63943392402637
1.7140945207472,1.60619558760839
1.7657278301864,1.66014086417064
1.8759396046675,1.74233861106889
1.29597715267031,1.21889719322592
1.86789747820973,1.74761180299018
1.75270636719146,1.65967882224223
1.69049445238921,1.59761119144046
1.63247834912302,1.56133940459737
1.85049918602152,1.76764836944005
1.95025581101806,1.84058274917594
1.9722951997249,1.84761282013687
1.71151141734477,1.62864633353241
1.66400982699815,1.57484659436496
1.74216719952367,1.63120814065454
1.69898358630552,1.60488942524554
1.68400364934775,1.57255898719701
1.69088165980479,1.59500735552722
2.0012412898994,1.8626483295479
1.80829990546686,1.70700921828984
1.98187530163669,1.90145123498395
1.69058496883229,1.59570281087201
1.43091405139404,1.33811161628328
1.84075366197181,1.73330633379008
1.77039782217774,1.68483669980778
1.78860977042239,1.69049454807042
1.84447066118925,1.71867712262732
1.93093176422913,1.81118509052331
1.99957251990036,1.9107308364275
1.5905820965977,1.53490964942933
1.78436275737766,1.68080010073513
1.61992290678379,1.5530096880896
1.76890495063802,1.67924767214417
1.89447571541644,1.82254059497013
1.50974506774963,1.39898586595465
2.08013493411092,1.95964988411857
1.76464036350327,1.67739683755707
1.8507296943515,1.76314270851144
1.71958740562054,1.62872293700728
1.67252233745671,1.56025421023946
1.82321097654055,1.74405849378543
1.79870889379099,1.70227641739611
1.87746504486644,1.78239816643214
1.63920500579782,1.54971131265867
1.82178155646564,1.71105101513509
1.74817032125582,1.64326050505842
1.44779853927202,1.33960104531808
2.10468996141357,2.00438995867865
1.84675441979758,1.75750998143447
1.74847393342751,1.61230549619125
2.04565900818549,1.95439876323198
1.53907626934453,1.435441079159
1.77288107206208,1.67518347850672
1.71767989734007,1.6175178397941
1.69813769142257,1.58466560344893
1.73307015596199,1.63360097859191
1.65778623481829,1.55189161211038
1.86053491520205,1.74762457958973
1.72523454530197,1.61707159144403
1.73902656791713,1.67239565530263
1.81147029871932,1.71377811009839
1.66737041036216,1.57367626648078
1.56966406674468,1.4658819780822
1.77726668504651,1.68739217448023
2.03280355461228,1.94461220178519
1.88882921002081,1.78377094647608
1.75745003029772,1.67509651672339
1.95148489226723,1.823412306845
1.88565881646942,1.72769299900598
1.9720561046843,1.88926054584771
1.87213078151308,1.7666722662819
1.8348570530659,1.73558516498422
1.69984978390731,1.6218953691254
1.50908723867938,1.42745704938871
1.74699969701783,1.65999796365387
1.68745858399235,1.60576463584525
1.79007466514012,1.70568199944097
1.67037580030307,1.59833556046668
1.83850308623542,1.724855771279
1.49847391851912,1.4253974141015
1.59417815380305,1.49470200749286
1.56853764125394,1.40689514251269
1.81822801237997,1.70629052558387
2.12108179568143,1.98115085779496
1.79795179774765,1.71378661564363
1.53680179364877,1.41890042863008
1.8742026241036,1.77389497787263
1.79607332734295,1.70755199377078
1.73196724082066,1.64733063885216
1.85297330590891,1.71488773625515
1.79754428091168,1.68931306258342
1.74550723756794,1.66411847752443
1.50957563216587,1.39565976580582
1.62500620563116,1.48184437121954
1.65532668156208,1.56041945621997
1.3500719746317,1.22919324122989
1.90730999172307,1.79237389683206
1.42352522096533,1.29375874259512
1.53420559168251,1.41373479133868
1.8362566018167,1.72708718552654
1.84500716044377,1.74587674030098
1.48756280553031,1.37693138822719
2.00701935582851,1.8632248349267
1.96320868226436,1.84757181735145
1.68514781570613,1.60863242982274
1.96889399293004,1.89203275070702
1.73189534172688,1.64193146156175
1.88575183786446,1.80617698697282
1.62404956360437,1.53182937683342
1.72758124296431,1.63236279225236
1.77953466666455,1.6830696869512
1.9544018326197,1.86468107593635
1.63311097444683,1.54690238131985
2.06619827776278,1.97623094151251
1.71610079399545,1.61775452368009
1.53881800991053,1.47951890174734
1.65750103633148,1.52001010141606
1.88958684770214,1.76755817063988
1.75363776776602,1.646354901605
1.92670448484748,1.82088508819531
1.71143863350708,1.62481031642915
1.7939510013176,1.70631962581061
1.86698374022577,1.77929106740458
1.73498672901644,1.62158918110803
1.8911277113542,1.79611254657346
1.66686234366053,1.59862467356389
1.56235425370376,1.44484486380878
1.48282800536124,1.40359021734175
1.59750873046364,1.50256323548104
1.99016221832261,1.86395223323885
1.75516769300733,1.66500995643771
1.75725963175572,1.65902685972127
1.60242823373118,1.51939273373431
1.74115040404365,1.64840981325511
1.79711847468018,1.69197144784135
1.64697138588636,1.55161584744672
1.81760871462689,1.72235954485087
1.78841312516193,1.69487342042763
1.54998385434238,1.41016148091153
1.79822243157298,1.69375855560228
1.89429312661626,1.77672887210791
1.75614222312002,1.67062494326794
1.79977964499021,1.68878126730012
1.9051041428454,1.80838146224345
1.87226257556452,1.78186112753222
1.75936437254109,1.59091459138814
1.67230922741504,1.60716928930026
1.95801703001733,1.84173055564515
1.86064168949556,1.67938700702606
1.70472604667425,1.58530400159788
1.65076458082625,1.54949614290263
1.60600117390855,1.50078988312747
2.01133024389874,1.88695923862427
1.74227704274479,1.65489631329009
1.78562767535714,1.68901138798117
1.98286329172992,1.84915894972061
1.4613123544335,1.34371751963269
1.9209549295814,1.81355817527235
1.57396770461288,1.46528908114531
1.82143507925092,1.74408261312159
1.64205380282867,1.49900293327325
1.77762683805314,1.69181567616865
2.06741013195827,1.95275642441442
1.79822040667684,1.71546901313002
1.65682040076714,1.57249874741026
1.87717194248603,1.77353386954953
1.65938662784309,1.5565958273231
1.70694102886113,1.61216826404382
1.83862673214988,1.73251460722254
2.02733012252541,1.90880596076121
1.75935833902617,1.65577708195743
1.97066819215832,1.88985282632052
1.97762446556473,1.88550069010794
1.86231655055349,1.75545091861749
2.00467010586196,1.88580103620473
1.65793569858246,1.57160921636854
1.78913192839321,1.68245253526867
1.50482874952289,1.34771571569182
1.89607984305021,1.77244934499406
1.8024453809405,1.67090062673355
1.43756453393018,1.29512596552245
1.43129021365728,1.3370829910623
1.66688311687956,1.59531068217544
1.59367325816974,1.52029589216442
1.72590853635155,1.62754158893978
1.69017035088502,1.60317839202416
2.07508057700238,1.9826652975154
1.68016427757233,1.58796556386951
1.78862577653357,1.68412087506803
1.50525455531833,1.38222644653015
1.76412684204796,1.65865211335185
1.86063925091422,1.78882151565459
1.81212832145009,1.71354720838403
1.76522291919942,1.68463686716581
1.71000020863264,1.62319954388209
1.60727865296504,1.46195434071631
1.87686967965397,1.77039267608527
1.40105975826299,1.30998649216719
1.88586777546085,1.79845714303353
1.58546185726207,1.51449401090277
1.72148936270334,1.62114206564329
1.75911518597942,1.66172240144762
1.83048291846919,1.736824202343
1.72037453799706,1.62268332568441
1.92038061529605,1.83328170436763
1.83836021912384,1.73999247255443
