r0,rt
1.61527671028851,1.51951596792252
1.48483147813574,1.40663709864789
1.507898690823,1.41246607198494
1.34455708166065,1.20696652746441
1.38198515321198,1.25256858108093
1.63124801170804,1.55567979047927
1.66162304256894,1.52234729426543
1.67267518501319,1.53648624003467
1.51382617303446,1.42896249496314
1.5739542456121,1.46888040028684
1.5527765049578,1.47626156716523
1.728772949941,1.63840078376189
1.48522769869365,1.39122977287243
1.75159117827676,1.64417911100456
1.48806137668069,1.41875984688214
1.77970577907098,1.67278656391293
1.47697059575763,1.39237756769503
1.50090623320631,1.43479199415217
1.23346201253107,1.16250006154228
1.65037881232579,1.53105226800511
1.50352899196336,1.44187860670888
1.37426606589373,1.24128826985272
1.34492848024146,1.27400230963746
1.37381486241049,1.27094793182958
1.56686241676442,1.47095990026383
1.43399249971233,1.35025579791517
1.7280560778608,1.65094567513759
1.57005907507545,1.51911166182088
1.55708367365685,1.47634246706437
1.37830173274256,1.24756258397776
1.52892297781608,1.44297584793709
1.72462265261123,1.65655558214018
1.63339169002191,1.54677864801415
1.55992261365059,1.47395937104319
1.40810964479325,1.30620606291061
1.64201254582058,1.53816205119138
1.69552272814748,1.56624108213016
1.22716395605873,1.15062429132789
1.54933923422102,1.45663317364469
1.62329253081797,1.49592129374313
1.69111541296745,1.58764208865777
1.67416530358447,1.60431836327768
1.51454595441662,1.44132443209899
1.53946994485153,1.45096006628169
1.58472857865321,1.4861869466105
1.68272945550654,1.61088037562421
1.51702875254675,1.43878944149877
1.4922844955055,1.40651881749993
1.60882285610818,1.522595293248
1.44688067748558,1.37345523769482
1.65860108474704,1.54717582358228
1.58376211026371,1.4987206788959
1.71106827518539,1.59467057614727
1.58672694572757,1.49855580820083
1.71118044529971,1.61302168477503
1.44316449819748,1.35464426093617
1.32624715617591,1.1937924756462
1.70919434786928,1.59899816998124
1.35852641692908,1.28855728405619
1.67482615628847,1.57143849682455
1.71674288291897,1.61403076258763
1.58204618979727,1.50459476646314
1.56194063888048,1.48148966727373
1.69315069776826,1.5660966735667
1.44148898332428,1.37321451994722
1.92602315147957,1.81302469183749
1.36900844256153,1.2248731966689
1.57358563503886,1.47720526060243
1.59453163339427,1.5021848805995
1.57933662995525,1.50309481931749
1.61639009444759,1.52400506074929
1.50991012431125,1.43341386395457
1.33264363927358,1.2240258958101
1.32893579389169,1.21427816361355
1.49310317543678,1.41406605667903
1.62916699335861,1.54111020019324
1.68763693734263,1.61419560250397
1.61842559392209,1.52472528420955
1.66299546935505,1.55707426430934
1.61569685092542,1.53395911947818
1.48653677563963,1.40644266455301
1.4898229315797,1.40941665677113
1.49576324760193,1.41375328005948
1.48854443934593,1.39889268171922
1.49997928600211,1.4025364966018
1.56468484604387,1.45526684242268
1.6257502144284,1.53763818349942
1.55959122123833,1.47224459706069
1.61688954400068,1.5053354344274
1.50234740358661,1.41907115209128
1.52819953875121,1.44890294352944
1.4819497575983,1.37418584341276
1.33589486598768,1.26937116671089
1.51339461665059,1.42758312247081
1.66602061368718,1.57518107907126
1.51842129597839,1.43837258871363
1.47990955012083,1.42264284588366
1.66692813331268,1.57109786381127
1.55959933610263,1.45107914433519
1.21641132356,1.11342259443193
1.57518421541194,1.46785611309779
1.75867673828849,1.64363780644952
1.5632762580641,1.44190703423669
1.61396628595811,1.53353089443874
1.5313282825568,1.44034229801379
1.54055429612369,1.4399314858235
1.64184831766602,1.54626471273846
1.61135724567362,1.52022309722259
1.4704178746464,1.39299394571871
1.56049662078998,1.47894323317815
1.36315676011941,1.2710560849151
1.55390398204892,1.47818312909024
1.70462949998805,1.59031549188474
1.50996782301576,1.4120005645428
1.36782046852436,1.26664389397523
1.57971124735338,1.49858775461456
1.55633321706278,1.46570932126232
1.54440226592224,1.45918601252069
1.51104365154334,1.42412832942904
1.45072864967756,1.31283376473715
1.2667696304637,1.18570772315934
1.21736620228043,1.11292324620343
1.58185765736935,1.49912512493988
1.62785014855161,1.52628956571295
1.47467957881769,1.41032568480926
1.56899770225173,1.49139313572858
1.5345190683442,1.44581414078788
1.49552796920832,1.42374664285071
1.45715530611646,1.36554489509496
1.50711696159882,1.41244137904547
1.51828480374169,1.44251893548178
1.82670910379077,1.73022423991272
1.33725883689732,1.24289371981293
1.42655916716521,1.36494248997997
1.60661741164322,1.50372209602274
1.65689792041401,1.55642218839891
1.36430540156282,1.25106751849933
1.59403445892793,1.51025361240156
1.24501983948027,1.12942298240144
1.50893975315627,1.42491023402684
1.52223545486392,1.44542807426026
1.43031470138266,1.34256800727827
1.59475666883412,1.50751128324698
1.62750989258502,1.54556309389992
1.66490300213273,1.57371750033945
1.44777218139383,1.36509404551507
1.64011991103142,1.56720075996847
1.57047249115627,1.48572341124493
1.5482300838285,1.46076056925492
1.56485535018066,1.47643937904007
1.64129255507952,1.54543146338033
1.58255177093746,1.49528669769583
1.54851797784561,1.44814898378897
1.50587001368698,1.42347017804181
1.59124734098638,1.50691213842015
1.44306188093833,1.33904329493099
1.24929943538862,1.12903103111155
1.75765910388671,1.69322659403277
1.65917747213573,1.56593476382435
1.36954894070134,1.22330868199705
1.66574214952695,1.59210357918841
1.63580271649777,1.53577434361483
1.53827833004134,1.46214897561102
1.66037648796318,1.57252431452401
1.47791904297151,1.35678543291719
1.40347600238802,1.33377308012001
1.83678158957524,1.7255131908274
1.69067348926881,1.60449560438941
1.73489582003037,1.63063030183782
1.86638952043014,1.74831312178736
1.57430758316925,1.45535779229039
1.42212438852239,1.33141454428727
1.47487975786976,1.40042220704528
1.37017423597268,1.25924689943575
1.47953868687784,1.37289932518781
1.47464418080672,1.38062348918554
1.57283914271764,1.46664529290745
1.46987752524071,1.39334353618721
1.43867078093208,1.3440490365232
1.34369639435418,1.27089348225946
1.49217867070524,1.40447954430504
1.46407325761893,1.37808973146273
1.19823853368064,1.09168259617788
1.27400864681691,1.18396076096919
1.68477659464054,1.58358070342631
1.66258564430793,1.52679232293562
1.4716114217553,1.3535451949598
1.52247923466888,1.42276221581216
1.5843313885748,1.49631233561094
1.60072196801726,1.51847765245781
1.5128133829103,1.43613164135588
1.76116508894,1.6551240345793
1.520636927051,1.43396419618594
1.65715866650031,1.55826377215852
1.47847584277681,1.38615122476003
1.35042175192008,1.28356936932625
1.7511641115076,1.65677261779263
1.62935471471905,1.51764970271555
1.58289369257135,1.5028386074143
1.32479457720503,1.22752773785421
1.53614443558337,1.45072007784853
1.50430440933441,1.42058202692002
1.68848944235427,1.59186045519654
1.37412271351333,1.26354213182859
1.49002868189212,1.39396380350562
1.46937688489244,1.35557433334338
1.63783075466875,1.56438909377164
1.42983006067913,1.31455135761553
1.34336667484718,1.22800530340296
1.35204187917933,1.28589776135984
1.63341277875866,1.54270658291803
1.47560132862326,1.38972922163514
1.75318132841351,1.65019251918025
1.51954815676056,1.41619531256765
1.54698269287436,1.46564553380505
1.52985356833209,1.45247308732241
1.75422311826856,1.6594343858033
1.55444913854762,1.47086677880908
1.48865802524685,1.40543063965683
1.80066054830047,1.68534191416925
1.71102091756333,1.61058532805623
1.51574113604242,1.42516353533356
1.4075711458153,1.2948481556539
1.728419208762,1.63592609330989
1.74418998038228,1.62680552945272
1.29735867976655,1.20594501666152
1.26845887583642,1.20864915882761
1.80971628422536,1.73834680173696
1.53107600649038,1.44483606909483
1.71153197620129,1.63072125448831
1.55470046376641,1.4717441423292
1.56582978804296,1.47691240743563
1.51289910476731,1.45701317197518
1.34783222322193,1.2544777049892
1.82039843847464,1.73009660446361
1.44538173056713,1.36432156438966
1.63745323080467,1.53825536606599
1.47409461794967,1.38676167606417
1.65894805043036,1.55939892898209
1.63250196687914,1.50284598176335
1.67023661114281,1.55199573804149
1.45278963614463,1.39380352604879
1.48561013206016,1.40338258432815
1.62301283306856,1.53790392806501
1.46759216342411,1.38964538970635
1.39749380383644,1.31944845234092
1.27798222140593,1.1899726981872
1.57731939475751,1.51582878766918
1.67158695268623,1.58382224972853
1.59342194448516,1.50495059698108
1.45743677399218,1.39223787381769
1.58519096828742,1.51393820337691
1.53362023086082,1.4631365620742
1.84367646581833,1.75318625691647
1.52787572429876,1.44073960839741
1.66889884584587,1.5601975629154
1.5615125841359,1.48942418199912
1.60213182078491,1.52288930442258
1.61831691463738,1.51930159352725
1.5494464279094,1.46471023103374
1.76143856860129,1.68662820698826
1.75127400707592,1.66471276533913
1.35296044152341,1.24892564304975
1.50631611844646,1.41863058849665
1.41207688013234,1.33464851262863
1.59991975993229,1.50346341457491
1.56188726579935,1.49378200398364
1.71129372885737,1.58829674077821
1.59437227867494,1.51316160876198
1.57848614282044,1.45147096604788
1.56458866365877,1.47477798964155
1.45612972354326,1.3392314777979
1.36695131325481,1.29925679239908
1.45941144976535,1.38789427287657
1.60217083261597,1.50989967648331
1.28263663451756,1.22319364166839
1.57337289224647,1.44370566720833
1.57235572834922,1.47089920798692
1.58595403561017,1.49727562107466
1.51715933822474,1.43243694271733
1.52468773676699,1.39185737521274
1.30079441786398,1.21077861840322
1.51016526509427,1.43073471157155
1.73384587735249,1.63147950766635
1.57645739494632,1.50971129688593
1.59507367871181,1.48125167061315
1.59656522230772,1.49560902759565
1.40785064791589,1.32465288230699
1.43974702476294,1.36470593265077
1.68188579794846,1.58025683408445
1.71060318054913,1.6345133186295
1.54577205967886,1.48239816040999
1.37720815770229,1.2863712905004
1.4143408634944,1.33221540378713
1.49114065325203,1.41436709902615
1.33763044877606,1.24246422656456
1.39452015402631,1.34523164863155
1.63348381506142,1.50778896068271
1.60324198012455,1.4931018349271
1.79729055952155,1.70098291098165
1.47368605277758,1.38289177407763
1.67918597174981,1.60295823286685
1.64192197594427,1.550884746472
1.59178627783681,1.51077191780147
1.460922048356,1.37118993296487
1.61488115168494,1.5292132344415
1.67521384355141,1.56672388343696
1.67263661834654,1.59375596906396
1.68140843468624,1.58973344087043
1.39163051937581,1.27529200516241
1.37473094989231,1.29193157669592
1.32464981108222,1.26418219035704
1.58132596524485,1.49374425873388
1.74345524416573,1.64386398704985
1.64716858072406,1.54070194671557
1.48727504074221,1.37852525641867
1.69624288225233,1.5982387033519
1.24341568477468,1.12032472186562
1.59076053149711,1.50190822821378
1.64904011155307,1.57895712412019
1.617359548029,1.48848826837859
1.71239022112429,1.60142609821557
1.65815048542571,1.58687830912074
1.64797360908544,1.5049883531361
1.56500088223847,1.48032359621765
1.53441723201221,1.40865789068428
1.58212411309985,1.49119120071568
1.46314636317733,1.39239225802783
1.22580417184125,1.17084778970531
1.88792509123509,1.76957156337154
1.40054047970742,1.34760340401131
1.55369363196657,1.47436403301673
1.26692946911829,1.15705135240468
1.64078557418703,1.56901105363143
1.7063436340632,1.58068271271095
1.60633261742412,1.51018137469991
1.65117947151585,1.55162440897341
1.35400675487173,1.25396275596535
1.32147884502566,1.18660307369675
1.46662873844666,1.3789635651622
1.57616677539647,1.48422157393261
1.6374512564217,1.54379689547221
1.64564918617909,1.55733003213338
1.20716822547639,1.09547231216668
1.51860148786869,1.44318343107821
1.73568837628637,1.63039225188999
1.33691655513155,1.21595179228029
1.60592644824824,1.53666796832987
1.70035668148189,1.60006240430276
1.72339623784974,1.64817526110841
1.29613113389437,1.19295741372773
1.61706196087976,1.5355436371573
1.57505703956512,1.48414947260823
1.60365337974636,1.50564849790594
1.66251346651865,1.53938215010227
1.53881323626795,1.47868430768268
1.49690303261505,1.42304323605192
1.53329082763394,1.46420555861577
1.60155407850139,1.51073130590998
1.55031082468584,1.48061246259188
1.32577132207292,1.2644292416797
1.60712760833961,1.51547074551569
1.81026765701956,1.71565118680845
1.71698455479928,1.62918951559876
1.71208077527278,1.64724714551085
1.74315875381381,1.59842748027794
1.14167052720885,1.05376076992635
1.55987043752041,1.47705120964375
1.26028565391761,1.14014856721831
1.3765527154018,1.25135837698517
1.42149088113121,1.30025868273421
1.51650560554952,1.43572551117665
1.45711927248738,1.39340994459737
1.67736999112904,1.60342688021827
1.49972454080764,1.42316731877533
1.59232277997126,1.47724770156682
1.41939158725014,1.35108936269993
1.57778006977747,1.49316077765451
1.47983634219826,1.41353795556857
1.48729124615908,1.43076612298193
1.57550506964863,1.47990965028294
1.31595229787069,1.21504710537437
1.65514387184959,1.56237538775653
1.65587266744441,1.55734434145
1.52154829142051,1.42652845977306
1.59052793206469,1.50083186980268
1.4385505451472,1.38794629832692
1.56310077618994,1.4748101215174
1.25702102515058,1.1477985685934
1.44479176877342,1.319244970552
1.64784538898437,1.55565185799578
1.36173551579131,1.29496889843183
1.672120464699,1.59606734063925
1.50044049823034,1.40075923112581
1.40790502220672,1.30752552563733
1.51517124511031,1.40768659747785
1.62765598265958,1.54398095429901
1.58054763797294,1.49962546154715
1.56622395267972,1.47254627571249
1.52143720461305,1.46248531773927
1.39088820374835,1.26934152133367
1.53884156312819,1.4563818888144
1.3462883026964,1.25524681302602
1.50131235502258,1.40927801269497
1.97065652935191,1.88150406923774
1.50912339302773,1.44116673105917
1.72501628443446,1.61632674103933
1.29242902586559,1.23413805301592
1.45808183923185,1.37186841566798
1.74914000229433,1.62790006280377
1.32056792946919,1.23364770376711
1.59731413406365,1.50030322348712
1.27638872015997,1.15616231203116
1.6653917377089,1.53579352882451
1.60860659471568,1.5067559428595
1.66698409137522,1.57631116912947
1.61138964991775,1.50781183433582
1.71919084680175,1.62938258919401
1.57159231636788,1.48366244435526
1.66202079345855,1.57037395924321
1.5316363783907,1.44218437169084
1.19062056289607,1.10562096816899
1.64303679353119,1.52759461789834
1.62360317210729,1.53019256984135
1.51125498066222,1.43090001183745
1.18830919170593,1.14539992421522
1.60727404156142,1.51175728651488
1.61475838690432,1.52852597933413
1.44111481229667,1.36992069943607
1.7439693968848,1.64127673514423
1.55280627052906,1.42753103705175
1.71304286338331,1.58302065587896
1.55613913489455,1.45880725888091
1.84210589764201,1.72772104658994
1.34817083287182,1.24210469262279
1.78345064156175,1.66202697501781
1.5388775977505,1.43995844515117
1.60110811997358,1.50108273306792
1.80511124661847,1.7392313329884
1.40475891152257,1.31469435280777
1.30692860683199,1.25235086789092
1.70974352478803,1.59975892153728
1.35377575175579,1.25423536805691
1.64600226374498,1.55214182829722
1.59334791038129,1.50597569717927
1.49443769951266,1.41343308562915
1.73026856379407,1.62182079687343
1.49869734049411,1.39789464233052
1.47188174454469,1.38976089430099
1.36755229371852,1.28454524295146
1.59550050626351,1.51103583078573
1.52342066049343,1.4523389156132
1.63104217159742,1.51644033728191
1.50778391358962,1.40749239817287
1.54883767490766,1.46612464939767
1.67721590493259,1.61550163113911
1.44856632754403,1.36578208255471
1.3208574637234,1.22698129728906
1.35411726860811,1.24975645338189
1.26922579056577,1.20410774289879
1.8746784317157,1.76471322070235
1.78374236297084,1.68372461175959
1.77248359047029,1.69325961998139
1.61029834203944,1.51968268580534
1.52165478616346,1.41791900648465
1.62563343182804,1.56136414024982
1.55678017371647,1.4669064501502
1.60852873402407,1.52909240444947
1.53590107060203,1.4516523043868
1.31506582937202,1.23609495232732
1.72433344665265,1.6075291737356
1.60833389880021,1.52216231758418
1.57971322247564,1.49113355745043
1.4812473791626,1.38788069413416
1.41256051779951,1.31335121079928
1.51111792027696,1.42906238019587
1.8946694024272,1.78430854183621
1.58140654925477,1.48546019587588
1.3440379976298,1.30014903863588
1.48686199159904,1.40978406391353
1.46332371376166,1.39000512507539
1.54244886372391,1.45507670114918
1.30836269997474,1.19006762371621
1.76347445105448,1.67436786290194
1.60312014510835,1.51600555239116
1.59801697268109,1.51144867236293
1.68225234827143,1.5870100984113
1.46469658833635,1.37543230302957
1.32334262922128,1.1958537482553
1.66630405287907,1.54535970080643
1.36752237769795,1.29894335636974
1.69269577101984,1.61028627849432
1.58867747458756,1.51146879734413
1.87374936526581,1.79249373221222
1.76205258266704,1.68726378597894
1.92016556500474,1.81490091898315
1.55929111398381,1.47059970649824
1.49596357720925,1.42495645447387
1.70086587252146,1.63159381190404
1.61526802925795,1.52101020307781
1.55768204043665,1.47506001909284
1.57093634186411,1.47970459585822
1.57989778675087,1.49627211149632
1.54227579422734,1.46350370007588
1.52219996996519,1.4352441073785
1.31223218864336,1.23307162186899
1.69954084325192,1.58656126636692
1.4438597381258,1.32408170620524
1.74354760106706,1.65788049521853
1.43214709924393,1.34019529012305
1.57048825293345,1.46674958993757
1.49011527350386,1.39511669588553
1.50926789761002,1.42433011847234
1.65249356513081,1.57786430104764
1.58502537431859,1.4949045620723
1.49515164601879,1.41929997571008
1.40458284379525,1.31523146162248
1.46156222675814,1.39393302567985
1.28761404156852,1.17342792304859
1.53975203461435,1.46619779300824
1.62589993362153,1.53470081313664
1.47051687039778,1.39971109936858
1.58443658250385,1.44769682064065
1.53492947242432,1.43994514928634
1.49404787769008,1.39700025868241
1.6747047764518,1.59356171818473
1.30315537454441,1.23601980507371
1.57685768018663,1.45858543960495
1.59255048293933,1.49366235955008
1.48240952397915,1.41841700001553
1.63646371107492,1.55892740830967
1.6709453037316,1.57747905460854
1.51089203390337,1.43872747175444
1.46332605485025,1.37357458435459
1.42841651843442,1.34524678843729
1.41342374225366,1.32329543993293
1.54698565122473,1.46134084692964
1.18538094733826,1.12638772034627
1.79095372098911,1.69771304506787
1.30202782946783,1.19000286484323
1.60996672275971,1.47249364062733
1.44027727556882,1.37259067339711
1.37284822087194,1.30697434221481
1.54467124733934,1.482606155698
1.61897887437618,1.52917986044101
1.26320367709726,1.15109852762879
1.58706096434509,1.49669268021129
1.41658280781422,1.31223899604323
1.27568934926181,1.17930482996113
1.60134056019402,1.51135429484119
1.53679355703085,1.44095530718008
1.56583078878281,1.50894458396799
1.52230182046772,1.41044765552249
1.60080309709954,1.4964250320304
1.47310238842187,1.32739460446376
1.65742143729107,1.5412866196811
1.64021410394752,1.55605788507163
1.55181992817305,1.46920250826259
1.50543835360649,1.39069397836033
1.23915898015023,1.20055082243236
1.5131763170921,1.43168931667187
1.45827066358862,1.3593015824539
1.45688965415735,1.36466251000167
1.44865486774654,1.36534175754471
1.60132467193997,1.51944669823984
1.47298461993365,1.39072742508023
1.74081042963942,1.66609455277016
1.33925615006215,1.2827077481875
1.66829149207516,1.60348350398901
1.34335456868887,1.27153529721456
1.7783905943522,1.66904330380368
1.50353015380587,1.41489390859759
1.57826364337891,1.49804031296966
1.45723632777626,1.37479319171567
1.48646815111459,1.40408014922623
1.31740513023404,1.25138876799918
1.30753315469327,1.26055348317156
1.22405653956824,1.14623632815388
1.6428546247544,1.51603003338948
1.5140051804974,1.43964775305584
1.79063117123764,1.67882789940316
1.4852335416219,1.41049912181299
1.53805546191833,1.4496731275746
1.60978815704778,1.50433280754091
1.57049980407886,1.51428772515393
1.59180517840433,1.49292256976435
1.55477159409431,1.46333243623365
1.44917319323875,1.37539475205177
1.6297066383389,1.53457818513862
1.57870296233713,1.49257948389184
1.51552104594357,1.43790497941116
1.4218725207283,1.33823198047661
1.26703708002971,1.20258875568388
1.38669877545097,1.3371233659293
1.4562842429888,1.37162574834626
1.61733809078701,1.51552090146176
1.46518595802981,1.39526752840974
1.4028871634368,1.32947191321901
1.48035315056911,1.39325724961403
1.64976913864505,1.58481857672986
1.56528805110076,1.47264180741757
1.60107202890699,1.50334533443489
1.81633203516397,1.69081880440095
1.72209301690895,1.62006878568918
1.53553405099023,1.46055866288524
1.61875292301551,1.51852199083256
1.71759728228309,1.60286248029918
1.54729920067714,1.45330080139963
1.44168548281876,1.35002436106911
1.49328565470993,1.3972479321411
1.64865281015942,1.51642428283018
1.56264307587846,1.47351475026228
1.53612500559544,1.47650937602165
1.55831489068979,1.47343391742654
1.56263375979244,1.4720465939234
1.40810872643586,1.31036376905954
1.49929063119776,1.41365739206624
1.48916805975327,1.40359444455611
1.48941154571843,1.41391699674532
1.59399370162951,1.50127729645562
1.41531884102928,1.33279678420946
1.67768956019755,1.60578621544791
1.69077613833769,1.62970497834257
1.49705495588158,1.40678861924459
1.60217770261202,1.49867604647561
1.81505964511373,1.71609111583876
1.58534028562014,1.52108169528532
1.44811559304757,1.3362218649774
1.64571587300049,1.55165088469467
1.60298283105245,1.52149752293904
1.77232444732398,1.69470850976347
1.4829999280696,1.41007999567776
1.43700797469222,1.36905079754019
1.28404598738602,1.17613462285501
1.51677282158323,1.4403963430198
1.2615097575656,1.1872791503996
1.69444172991255,1.5982078563409
1.27399164870664,1.17996711054746
1.60070332847036,1.50988005120492
1.53407104390896,1.45407396646796
1.47189209136479,1.38798672413331
1.53578894308025,1.45665828653991
1.61229628350403,1.52441495409341
1.42523448273429,1.33648749707981
1.66922315927288,1.57394474050433
1.5879157029559,1.48115951879944
1.5497528781888,1.45670383508836
1.48652468088761,1.39757911303309
1.54893053103989,1.47128061026079
1.16007753109473,1.07535454076568
1.4832475365717,1.40564197053294
1.41085701794755,1.34695297943024
1.39964598594129,1.32456578804491
1.41162024403543,1.33633531999687
1.49832872630195,1.41879580011865
1.54223233785244,1.45654126284511
1.44096171049867,1.35043459217202
1.26691323892816,1.16718713366768
1.55395813168592,1.46845692966061
1.64553794292758,1.55553005607729
1.14344758430766,1.04304441946461
1.69352424145039,1.58980720325102
1.54372453542465,1.39087979421809
1.75649995264227,1.68432831791575
1.78973268997471,1.70648834481664
1.56808209562376,1.47261257932415
1.31951885168788,1.2296900982638
1.55833044817598,1.47237698782636
1.53747352578056,1.43559000479277
1.6729804043198,1.58234606535158
1.66846111928707,1.55695165355295
1.58388132061234,1.47077029436366
1.43907728135268,1.37027693172271
1.55294513979782,1.46073763682273
1.56290460347417,1.46218622566274
1.49444475855795,1.4117713184311
1.56848027652832,1.45017066671516
1.47485442678715,1.39737444374897
1.37767175281357,1.29915105365313
1.58780682127762,1.48926028808109
1.71005117883736,1.60177818035029
1.59970966893371,1.5089230543341
1.59928646685943,1.50742378877876
1.54295639053385,1.46167408470719
1.54580841171774,1.43688932825516
1.528400959207,1.41802560091043
1.46599214645158,1.38452239832247
1.64217909629979,1.54977842513903
1.59384903161457,1.50320983949653
1.36983294580011,1.31121715446344
1.57209379907481,1.49372443138908
1.72975432528797,1.62813018299867
1.45289830258074,1.34563834657692
1.55737965596623,1.46492870316549
1.63906390093861,1.56524264954147
1.66536171668482,1.56393035465106
1.68245487390575,1.61138563126251
1.56824525367239,1.48728872958763
1.55801793538031,1.45878561824453
1.54520851550741,1.44204992978177
1.52396755960921,1.41318298874495
1.78825818431232,1.67384635680946
1.30961126454321,1.1954341569927
1.49546367726705,1.41601614509823
1.63375932333064,1.53621588328506
1.61453644015119,1.51588384211579
1.57812202149935,1.49951751741263
1.26108246360903,1.18251364569308
1.47377426205102,1.43080979826312
1.2844698637435,1.1920812495185
1.48262784427063,1.39259712008129
1.49284220252018,1.38877498963349
1.57871270029498,1.49253874408482
1.51590587137594,1.4152521955118
1.52007277000461,1.4361051951914
1.56264961937455,1.47630974802232
1.70672091621596,1.58550292481739
1.55748696163326,1.46561113323811
1.51318239699438,1.43226487952144
1.38399428534689,1.27770499273977
1.49417155675209,1.4109593346384
1.44049018714743,1.36208017924728
1.38178975100173,1.31273142876104
1.61220301373102,1.52690310917319
1.5675090474516,1.48593002626263
1.57656900553334,1.49214817234259
1.49327618621972,1.42125642241834
1.55397946325716,1.47176128321272
1.4450861822331,1.36134915656955
1.56580092790515,1.47695257846115
1.39986169990637,1.33293298672628
1.54593936679897,1.44420731182361
1.53115377258996,1.46057331792823
1.66167814955315,1.5547681588918
1.56640580837094,1.48906446791952
1.75900260421759,1.6811552517426
1.34851403591089,1.24546119178673
1.58724114275335,1.4845108555132
1.58892879591885,1.51452034282331
1.51003589067687,1.42332811390808
1.49605162853946,1.42682279335238
1.58171766037891,1.48860478150944
1.72349755437557,1.64505227517901
1.32526350096731,1.22645017401248
1.4793925322607,1.40919398798503
1.59819735629187,1.53813462448931
1.32881525675531,1.19687306817094
1.76813826829781,1.68237911516304
1.30053574076882,1.1788052352267
1.45517392946362,1.36628589945995
1.45304135769782,1.3886555476179
1.27296635331217,1.16961768726706
1.41450845791765,1.34259091818862
1.52575759770073,1.44983646805229
1.75692107434919,1.64446498146833
1.51360731989884,1.41404719200848
1.49686873047074,1.40448565677284
1.27795564814059,1.16554344272622
1.40042611665589,1.2965694568142
1.68136865355176,1.61726509377273
1.24961408037225,1.14906113159896
1.49087987527042,1.36177845877524
1.57773904985001,1.49754405440165
1.23182307878693,1.11825341658097
1.58727621876615,1.50150965114359
1.4528116014341,1.38835082363863
1.49768922092372,1.42676888442455
1.39797407738312,1.30461897081246
1.4721761473365,1.38342820416098
1.32762349543939,1.24397462087996
1.71126034854094,1.60136525779479
1.38399620034212,1.28393316317436
1.68800265737119,1.57245302514472
1.45701217236809,1.39336759584652
1.22531973916427,1.15409998886323
1.6116120663039,1.53250482289304
1.48095193980219,1.38460342588451
1.54873308768168,1.45374981329173
1.34250949880001,1.22379423420621
1.55860435111807,1.46838908499129
1.47597540348447,1.39928956981865
1.74706366581325,1.66583114128249
1.73965617582126,1.64801725620537
1.6728841429321,1.59934687508112
1.30882057270967,1.19269347471659
1.82229982867853,1.73402156949485
1.5169742245635,1.42491282091119
1.4784359992949,1.41208168077344
1.51959749350855,1.4443037546553
1.58805433986195,1.49772923267086
1.53653555681441,1.47034210589188
1.51199790642852,1.42897301607014
1.66563880438903,1.58208275661573
1.59591029274977,1.51701361083691
1.60335248882514,1.49213042499539
1.73795067694077,1.63689319172687
1.64173868745584,1.53696466151583
1.60689966865022,1.49529901643589
1.16011854530342,1.07830291027059
1.35937997182119,1.29348539731031
1.28522368689942,1.19730567124883
1.74439950683887,1.61312525913485
1.64449051786429,1.55456553801644
1.50203230902901,1.40848376735954
1.81095730810157,1.7375868464793
1.53421796450079,1.47766997000556
1.38939322549212,1.33689683618888
1.80620928294355,1.69960846024653
1.71420332222687,1.58298755818009
1.36999230828795,1.23041402485892
1.67676981139961,1.57287692624568
1.51955464771024,1.4269595192885
1.41783415433562,1.37025719855922
1.70842716316038,1.59725967165932
1.49828601234894,1.42381267358807
1.66997747570857,1.53200108711771
1.73217291860018,1.63927787098824
1.53284063558554,1.45849241960276
1.58210582737312,1.5175345280187
1.46524870163699,1.37391345666446
1.67582357770767,1.58989665961809
1.24146589220946,1.14385518568126
1.7128129444028,1.63538541007494
1.76970763307852,1.6959398928662
1.46012442233526,1.38920473934017
1.6796920630604,1.57683151067645
1.04379872564247,0.9686257841452
1.65905065024951,1.58288601588922
1.63345178661901,1.53768639336139
1.62546551301966,1.51807531963299
1.26397154951387,1.13920065482411
1.52350569708446,1.42276781092171
1.47261684279277,1.39028566387883
1.31894741486325,1.21449765581223
2.04130134693463,1.93922462781908
1.5554158592231,1.47587583441757
1.39260540155603,1.32167371428375
1.66723641814217,1.57645686538545
1.55688138894406,1.45932963235859
1.61680400217071,1.53054530363612
1.58302882844827,1.48463285243271
1.55170736406562,1.48058972921377
1.76954928510353,1.65954819961945
1.6105338998794,1.50451418609137
1.50434963464917,1.42850670868884
1.68275007272991,1.57571225125141
1.60820465299475,1.5101341971756
1.63530043383001,1.52807317844634
1.67590066768394,1.61211963081005
1.48338028747491,1.41906103535883
1.32270968326824,1.23044297664753
1.70013059364751,1.56921385224335
1.5110936814252,1.41133694590635
1.59241337640596,1.5226867438479
1.3015472297169,1.20690556027162
1.64305940665288,1.54531817567018
1.62385906557443,1.50569129212798
1.49658174051084,1.42016192350072
1.73038852341131,1.64986633622248
1.64022628127008,1.52977322891357
1.67881528513617,1.60559037179963
1.60246194872496,1.51143925282652
1.66000647393477,1.57319854993483
1.47897175606899,1.39054309088577
1.64973027686971,1.56002872530673
1.4844605385594,1.40965004527229
1.73361328567619,1.60591660197929
1.50864653253631,1.41335214136805
1.65589922927441,1.55817955823336
1.85248710691384,1.73558218341304
1.60285201257436,1.51343000343806
1.56596224714928,1.47105834097353
1.41950296133416,1.33907127428767
1.50762937872638,1.42970990694717
1.57923476192325,1.4957457450562
1.53294509251638,1.44702790961315
1.49569127974354,1.42109176072505
1.68600696521772,1.5834384187108
1.64035278014288,1.53924968783315
1.62673444183503,1.52885643600513
1.29628830897207,1.17521465561316
1.55083144999811,1.47073387582586
1.47214056299651,1.37112635848321
1.40494015031315,1.35350284787038
1.42387049969826,1.35245758882402
1.50523726386087,1.42604734192708
1.54146821361064,1.45551628081908
1.28376415513925,1.17155546468506
1.68885240066787,1.58055181323331
1.55444243226643,1.46624920043404
1.48216045249112,1.40845140412931
1.64590590601036,1.53130680857797
1.32699291741999,1.25663148624518
1.49804823451006,1.40954582746429
1.26801611922779,1.16995564750118
1.47517045198753,1.41871972398562
1.68404906353269,1.57209773715789
1.57783003630126,1.49236798530803
1.72775132241965,1.62666161044439
1.4748642225955,1.38529206099984
1.45537396086885,1.37321773697272
1.73317386660035,1.65338073705013
1.67201931368293,1.59293207016027
1.74251765799361,1.64816139828294
1.52339663891114,1.4328956225665
1.44949140717496,1.38664318694732
1.66970913346039,1.58356389509982
1.5989694463398,1.51182387814691
1.46673766760571,1.38533338744279
1.6080718699739,1.50920756344287
1.51981407270456,1.43495792757362
1.57400346452565,1.44910182444301
1.58588150081687,1.49981873717685
1.25221981522465,1.14401072279489
1.71297069452276,1.60500772665618
1.47202298944799,1.38884559186802
1.63323505934909,1.56140314051236
1.61836729508222,1.50671291295465
1.66217265066823,1.56542049127716
1.64541558052325,1.5286000705641
1.52699506230859,1.42077241200508
1.55609220786092,1.45043928949491
1.56898002381537,1.49028307136969
1.64846613923,1.55829309382063
1.62323104743181,1.50363041239643
1.54179001769024,1.43055191976022
1.49710904533678,1.41819924844998
1.68612076917013,1.58882015792004
1.62501763407957,1.53960979806994
1.73779147422038,1.65259955559493
1.32604058767653,1.24092492465814
1.54099337626137,1.45729867556413
1.74053134965022,1.6566689514918
1.21787349567655,1.12688683744739
1.62725300965159,1.52331559622717
1.47408627501628,1.3596968717324
1.29020426536662,1.17246508255569
1.48912933240948,1.40409855726056
1.72675645614247,1.66436736470847
1.62339805860959,1.50440303941959
1.54435302482306,1.46121069409971
1.48649275401736,1.40195072058886
1.47237034948317,1.38363984967453
1.55203125862892,1.4475770491911
1.47141732090269,1.40340259141448
1.56573237273868,1.47587976065515
1.63515220863512,1.54064776621922
1.54085088005387,1.45937078261538
1.54043557814684,1.46372056597182
1.540300511,1.45590191894242
1.45938884093765,1.39969432893469
1.63171688789086,1.5378694452654
1.40273103233187,1.32326681881656
1.28899649517656,1.16643043429797
1.58988302032577,1.4778107850713
1.6026786689414,1.49934187860283
1.57524152407158,1.49200438149713
1.48453572369021,1.38085086759383
1.75657968491984,1.67670919188631
1.49713489791448,1.41135218097674
1.57847733204563,1.5117331935021
1.25270062144971,1.15456784548249
1.41029031991803,1.30822054874256
1.51672576569108,1.45109831589364
1.78818723051169,1.68792367357237
1.59485599523792,1.50505417856367
1.67039044727542,1.57439649241401
1.62802121702321,1.51413581906999
1.534746052434,1.45250748060004
1.70302891244846,1.60096132038679
1.51118482005191,1.40881385471383
1.45232267242631,1.36526939014051
1.42273137027446,1.32052500592006
1.41085618366704,1.31242064672715
1.64412931614205,1.5400522350138
1.61225736314518,1.5294195663808
1.44291836144879,1.37603835971194
1.60416077068541,1.5230228515949
1.60837851144053,1.52097750190766
1.84394078492454,1.72858765980598
1.36846526047624,1.29778667741602
1.29771089399077,1.20971838927852
1.64743240643967,1.5636929498819
1.67652734016674,1.56517812979291
1.46107518246512,1.39815999992313
1.58370904318767,1.48665796660477
1.29735041773551,1.21267939911866
1.57969204540442,1.50088348204014
1.27057312059172,1.19323023370569
1.339335780617,1.23441845305702
1.73607838148063,1.66311711314745
1.63419445233966,1.53608042074912
1.42261647916893,1.29351876935326
1.57313851426596,1.46730507918737
1.59170815810047,1.51501259428323
1.59394333228464,1.5160755335813
1.49610937466807,1.40449472779928
1.74312019421063,1.62145995167018
1.35529600257737,1.28007362490473
1.65150250865441,1.56744865861361
1.76941811430398,1.65360593579541
1.43894056842894,1.37260215340645
1.50459113918499,1.4326302035573
1.64559377971276,1.56823477018512
1.67392170298436,1.54897135533169
1.46840747368358,1.40865334627626
1.4857181362278,1.42088825694259
1.38444170154389,1.26448445637282
1.44288306049113,1.38646806977955
1.53924526387045,1.46428819423041
1.65118780672186,1.54253915232862
1.33711691955668,1.26386480810608
1.48869666355781,1.41252672094954
1.56766875889642,1.48813822849531
1.49459167612945,1.40981760759362
1.57342110128434,1.48823478862071
1.38394059807214,1.33513738696614
1.62779414274147,1.5356208805996
1.54238073883103,1.4578588104218
1.44673833639753,1.37544411883025
1.34303506021656,1.25384503734811
1.57863718574654,1.49753915503049
1.6614857711578,1.5662461376406
1.46365743216965,1.37891413998243
1.76120256027398,1.70315523026919
1.78793650442763,1.69558084952131
1.39743577272308,1.29806522891459
1.58948117223617,1.50071995426029
1.71917451847621,1.61462924773695
0.939154779032952,0.832370579231412
1.60778530393873,1.51476767179419
1.56049672807893,1.45705884471111
1.10763633060391,1.00244927364688
1.19862132998395,1.0935264195769
1.48740990426486,1.41178071438978
1.67154248973093,1.54161110909767
1.51740891474647,1.45481038510457
1.33868407983329,1.23874977975649
1.7008528655558,1.5783921830712
1.5000017874798,1.39464183522241
1.67337006491911,1.54056764769846
1.37985432851925,1.30380705649949
1.60125988715417,1.48720048979587
1.20964652366319,1.11448871725749
1.53201979098768,1.46551300968639
1.46718062565061,1.38880306691335
1.6318757614488,1.54414934375569
1.31302287739148,1.22022125241849
1.5343604973578,1.45393721632129
1.39621807613582,1.249559573291
1.44927507315095,1.36652987070485
1.5745846729617,1.4941639544841
1.13024403697063,1.06327808913038
1.40746501625145,1.3358160989567
1.65641065267008,1.58444114345138
1.65849864772522,1.57567047297819
1.59287330965351,1.48666161378224
1.56938165221005,1.46243198935367
1.35886565097497,1.25094478465487
1.43050339726031,1.3086714705173
1.55903532608367,1.47685590975272
1.57346172468465,1.48420423433836
1.45854264034505,1.38188846159913
1.76563491494748,1.69235046646064
1.81025651163507,1.6948279670432
1.68241629279964,1.60393707243293
1.39280545815955,1.31669440621016
1.57603306161226,1.48219031627288
1.33368607860986,1.27115021022595
1.62510701904215,1.54995632035512
1.29937287517634,1.19058160875003
1.53630297803303,1.44666206226455
1.60953465836694,1.53978254623721
1.33406848762239,1.29422020897206
1.71622211681215,1.61694627002724
1.57043256003556,1.47461819698255
1.54713341156742,1.44452186965441
1.47967535462701,1.35906937488911
1.81659891206384,1.70053124928785
1.67273838540299,1.57090795742977
1.43096686803428,1.33647037547677
1.46576829211274,1.39180709998765
1.21034028590911,1.09204849793414
1.56190142560679,1.48416125165787
1.37519586007831,1.27547712148001
1.50486560035944,1.41079255339602
1.7661034344201,1.66877643147988
1.10206140683432,1.03713258615846
1.57535831596242,1.49005195390949
1.07380431858736,0.984702557143326
1.34208670256261,1.20686860280811
1.27007381904095,1.16773876267919
1.6938073589823,1.59836543865134
1.59999620139972,1.47975435923238
1.61854289294076,1.53303979226201
1.64262429227558,1.55597392589826
1.64787700609772,1.54892052443327
1.76252809995165,1.67193788680547
1.58039659932152,1.49631303474425
1.5035322814698,1.43378557228795
1.32715458921839,1.23610455413514
1.55097634926373,1.46577020567085
1.70730641008999,1.6201853898487
1.43142257939416,1.34341197368147
1.54460445625509,1.47153617067155
1.61973453198628,1.49728437802774
1.48069658302733,1.41057593879923
1.7149760857728,1.62097540404195
1.4497955197533,1.3373516319203
1.48362828089363,1.3843147683914
1.44551971611357,1.31359725108532
1.53955453542143,1.45667200639873
1.53742283245606,1.48687540518917
1.40243110021099,1.32521649434733
1.32323465028797,1.19843410328867
1.6068548375712,1.51608507670883
1.41966904486993,1.32849323651202
1.44630784193792,1.32341954033725
1.64815431470873,1.54664734948487
1.54992687706264,1.47198329103661
1.54612562608791,1.46189116526065
1.47656746567874,1.39011248489267
1.61442024739072,1.53162340365348
1.71877530335639,1.59993784184499
1.60405679727743,1.51722714150188
1.57105495792594,1.50408449390242
1.69840354859457,1.55961773348634
1.73993364699567,1.62684705809563
1.41495414864167,1.32069561438705
1.45715498277221,1.37523756966646
1.20058057221644,1.13275623454099
1.65277406092313,1.56431263355354
1.60677193881705,1.50051893173742
1.75280505693677,1.66039304877365
1.61430139550617,1.52345182236315
1.79704661966111,1.70203551400038
1.41888842597035,1.34814520190752
1.29042216773069,1.20967587677494
1.46612972434591,1.37002153772607
1.64582669233458,1.50840680162368
1.34635818298283,1.24916412298309
1.54625896091369,1.45190299168516
1.55808424526929,1.47598737948457
1.37579485342232,1.31386949308673
1.49879076929997,1.40454685144849
1.52523535323114,1.44999859665232
1.57838593040871,1.48343149970533
1.59780546625391,1.52129247356788
1.45823679172463,1.35405389070534
1.27242650069992,1.17900783489546
1.57157187108646,1.44405934568057
1.13638256951436,1.08207627362356
1.12625359510989,1.06847001877035
1.40125444966597,1.2914714198945
1.71559407358183,1.58610402199989
1.72695794134772,1.64867860564138
1.57539592280268,1.49060627134192
1.54297541073758,1.44341562783115
1.49700997181974,1.41495292142719
1.44038250835954,1.36085114327715
1.68756478490004,1.61073277623843
1.4808158387206,1.39874502663514
1.45281627346539,1.38149137311966
1.49240290419245,1.37714325884791
1.62802080255715,1.53245256003363
1.60425992206323,1.50527874903402
1.21874312888992,1.14434774310375
1.44240294868344,1.37128402731795
1.5827138594927,1.50342310587965
1.15083775990607,1.05260672901026
1.61911649085964,1.55930574634911
1.56552570791327,1.47741557145249
1.44189645553311,1.326897646039
1.56555555194945,1.48074298586572
1.20414923542225,1.12919667087621
1.53718786082016,1.44967115855795
1.56312239428324,1.46541543073401
1.58395809411057,1.50858482503031
1.62547035133091,1.53669805996967
1.52974802720083,1.43466365724752
1.49826173166214,1.41713431554483
1.51784689175743,1.4462509090139
1.56965326992204,1.48452139775125
1.4890265932596,1.39060507849462
1.48803744575906,1.39491015398194
1.88252977684794,1.75798840820585
1.61649791212612,1.52790377819762
1.54999221793422,1.46938831098306
1.34432775498993,1.24524807944339
1.6131603529919,1.52705314962928
1.59911296361812,1.51585374395807
1.6739368899368,1.60792034638017
1.3976670260963,1.31091437517409
1.55281075308254,1.46852043465149
1.77685358102934,1.6908456982831
1.61907172522738,1.53461391507934
1.54032927337524,1.45019450536804
1.62787024302341,1.50460754138226
1.3649205759922,1.27997678025121
1.56792524921454,1.47902013064331
1.49905570275532,1.41518413860015
1.64901521200814,1.52268288940793
1.59852235446738,1.51196527074842
1.69367630597217,1.60771032740658
1.39167310978798,1.31253163027886
1.31669469437552,1.2154320709127
1.47132673448126,1.39254527534051
1.64774520623231,1.54961228984888
1.44888861086368,1.3620338476265
1.53102073443223,1.42968551088851
1.71331030058099,1.64195136820896
1.63043497893076,1.52060755886441
1.48865273135322,1.39770317395986
1.47906347506119,1.39305441228278
1.52629067417338,1.43977378211242
1.81310856018547,1.72903229109318
1.65480859905752,1.56400946029391
1.49976509138336,1.40088509233368
1.50737679275383,1.42171815626852
1.36792048504116,1.23662440983108
1.56671078199792,1.47464348209251
1.6061867153592,1.51212052972533
1.61517472551112,1.53959655241696
1.698690963555,1.58218962620175
1.62899569678787,1.53885832262785
1.47510666044695,1.383881529438
1.45187870951342,1.38712205773147
1.32951105992559,1.23691018979357
1.59969004015777,1.50323661146973
1.51544363495102,1.41556310843765
1.60436565867438,1.53425942169827
1.46951683508303,1.3829383933004
1.4357526508529,1.3326955002938
1.44921368507424,1.32538646696621
1.49082262057914,1.41507638145311
1.73936199735674,1.6754242666772
1.46343585388412,1.39808178277232
1.60790971363632,1.54164935761175
1.54080621217426,1.45072764160487
1.54938453279953,1.4720757448612
1.23653051124364,1.13296493123117
1.52778840047706,1.44582921758612
1.56335717742205,1.47666348141107
1.6775682451797,1.60124109908205
1.50792083751728,1.42157748452516
1.29568823027498,1.2158823162582
1.39903202011782,1.34151238711492
1.49525805238415,1.40649351516682
1.18777179813823,1.09871612252048
1.57973443089907,1.52681321799971
1.52943311830888,1.45250080513052
1.5554383875429,1.4715129756812
1.45779183119709,1.37875703982363
1.56217848700323,1.48552952676558
1.42538131736061,1.3398186244021
1.431654077828,1.34990728157858
1.66966421844354,1.5634138077821
1.68229962885108,1.58044487952983
1.55569758019741,1.47460386096946
1.63505096591298,1.52002874978975
1.64678835696037,1.54716740008945
1.4988500283383,1.3957953773184
1.45296503995135,1.38207103794288
1.54295409184491,1.46401302640019
1.66647577579882,1.56366649205097
1.68921843511008,1.5958082612254
1.77789952981262,1.68341947455071
1.51925684663191,1.44714914621585
1.61113717329593,1.53153539357333
1.57637028811652,1.49560202939215
1.62761339945254,1.53675046532471
1.27637075428229,1.17666127939778
1.58840847058819,1.50569277270213
1.80675196328658,1.72952968977116
1.70783493989122,1.57910634722282
1.67900545487344,1.57795455098588
1.5040646750043,1.43702609442243
1.79657420829679,1.71235724167094
1.45804503139075,1.35186651390771
1.9232184455817,1.81280545069416
1.73481692981627,1.65255874041139
1.45677775457825,1.40153700655799
1.61071571537486,1.53197879203902
1.48457337834262,1.39113278654417
1.77811676639791,1.63473843825794
1.52575780549575,1.44571895798866
1.42975381228704,1.35160880132403
1.56951272780813,1.48322032073489
1.55142235281756,1.47072851021408
1.70440715122024,1.62438263825605
1.25492856799904,1.16573848127801
1.42587245310458,1.33964680675881
1.58133151958461,1.49845086923746
1.57789255727456,1.4995059280632
1.45217669259594,1.36605331590376
1.66235915362313,1.56025703878056
1.58168500224585,1.49228329463693
1.64485000113456,1.56262345837467
1.521489790405,1.42650073011052
1.53875238178604,1.4343672524242
1.84812799317038,1.77624610170975
1.38659894975611,1.30440540768826
1.65515814896344,1.56358785727354
1.60321428027804,1.5225748849873
1.50479006437566,1.42931300491969
1.48630864952922,1.41686302403498
1.79957641299594,1.71866637672422
1.56709858133189,1.46106872837942
1.52733686859582,1.42244194429036
1.60065595992536,1.51699814719789
1.7446822784004,1.63114051026601
1.67445613969765,1.56380040848734
1.45515907685473,1.37751250691548
1.57412711433541,1.42045713723533
1.63500230368875,1.56650117037771
1.69316753576844,1.61929345079645
1.61059882899125,1.52410245257185
1.52324834743617,1.44300080869734
1.58135118452299,1.4879274868086
1.72793880258089,1.64014975505855
1.79886157391065,1.7150967954292
1.6952052195786,1.59478443517721
1.66125238101229,1.53468703889091
1.556223944488,1.47732214478969
1.62866179627415,1.53323221340119
1.42066887571683,1.33172200975461
1.54691608325786,1.46083460035642
1.52697349415995,1.44139627023097
1.56345829142099,1.47064792763446
1.42986687480707,1.33238926385966
1.5112173944342,1.40184854228504
1.30748578920371,1.20696521054408
1.68564017246937,1.5874934751842
1.45823121521274,1.36148296183976
1.58909039697606,1.4884917928318
1.76101758429368,1.64248041131134
1.36891583002845,1.25679557435144
1.39107642622,1.29307090728287
1.37901018066168,1.30208486253007
1.60336003408148,1.54331314853017
1.47942902690675,1.39401996979108
1.82773010453878,1.70991515266653
1.58656381941012,1.50000100317225
1.49666149645651,1.41151484188629
1.71974632646239,1.5903652547766
1.57160192219486,1.48835588838999
1.70277789833498,1.59724710940325
1.53182133942904,1.40915856974239
1.57702447511886,1.49170143016925
1.5254656939173,1.44956983296308
1.54752538991216,1.46800217646149
1.68023024391569,1.56193902972779
1.08385843966998,1.04563374936246
1.45676889328368,1.36680086962959
1.6360961569509,1.51597694353016
1.44757938936132,1.36293794203924
1.41879326232873,1.3305965784454
1.44254175812829,1.38115675450749
1.25981790820485,1.16559189849521
1.61321303698045,1.51305357707183
1.50096592546499,1.41172315981957
1.32245550233272,1.26075275332972
1.42031934321566,1.32644005166379
1.73124404771081,1.67160936562731
1.59040015804043,1.4940085355213
1.44784165132857,1.38654129663904
1.40463445665061,1.33461796211596
1.66233767356208,1.5644983101255
1.51340219145084,1.42868157796677
1.36062868427742,1.25344306553328
1.56952177885243,1.48307816141847
1.7264829068286,1.65579569543565
1.41556178830134,1.34256944938248
1.64500072327773,1.57854032612318
1.34570022440291,1.25754332504989
1.63793091211703,1.49844559756247
1.60405146373874,1.53057183509981
1.43296430368278,1.3305578423942
1.78979717877606,1.67006030872066
1.42483134808755,1.34448303326619
1.70993262687436,1.62064708250126
1.46289897945948,1.37370811829508
1.6306533395109,1.51008068720937
1.62461441030483,1.53062032541894
1.59630435097849,1.51532493841876
1.45401190176203,1.38234672452699
1.6278667058282,1.55691202181993
1.65800494858686,1.573076156627
1.67877166254173,1.59233869683632
1.43295739824154,1.35415708237223
1.67809040742515,1.57780110269388
1.51898490864714,1.44156023134777
1.43149073954577,1.3218914386194
1.61353894172831,1.53278095643389
1.51905893135857,1.42895377953829
1.67960797499398,1.55734489932165
1.83339540246695,1.6984346090279
1.48321349244832,1.39632505901621
1.74039085779894,1.6045183507193
1.74756815771863,1.65757183460399
1.14941218521636,1.06677812514537
1.55928973786093,1.48073287924674
1.80152079205434,1.70413100192654
1.53505959553437,1.44380632392297
1.33559678402171,1.27507954180226
1.21074371245076,1.09729025964269
1.64050326300647,1.54719617272571
1.20610632200407,1.11649325787659
1.24343911393831,1.13803062214108
1.48233717686729,1.40456487207762
1.41193946925268,1.33564818044445
1.41715663618802,1.33351723099041
1.65090283349944,1.54319156661094
1.47884420438964,1.39292440864347
1.33188710596118,1.225942437008
1.46688711422657,1.38624447113294
1.53817200112209,1.49497699864439
1.54724561024335,1.46543158833888
1.72565868405089,1.59958769659009
1.77933724533991,1.69127260236772
1.46034927847215,1.39502290634017
1.36333269067593,1.2654961306641
1.35869023512146,1.25794752770086
1.58744640906043,1.50959285880193
1.61584732375448,1.54755024997944
1.57541967315226,1.49186492092635
1.68863292443148,1.61297951071422
1.46728947259757,1.38621891601717
1.75024102858868,1.66427040888608
1.50147876687549,1.43553437630066
1.52110093724654,1.43560658113462
1.59327382592981,1.50626058345629
1.51970168969061,1.43514710582196
1.57577351370441,1.49884869460309
1.46516096856327,1.38845362788903
1.1458157856144,1.02929036398519
1.79442819192426,1.68848984065652
1.15002283265027,1.03615439193708
1.47703285997892,1.38946971807401
1.47889975528959,1.3866382671426
1.71934305493343,1.62113119317129
1.40467789635412,1.32427181650363
1.54848513028559,1.45743646459171
1.49803867411454,1.41130742485387
1.51827035999188,1.42811037336784
1.61013911788043,1.52601329678752
1.70240714668721,1.59992545851621
1.69526437973814,1.58050688704235
1.61227955502083,1.51556166974852
1.62714429103214,1.53694518813947
1.25643124459901,1.20732399945888
1.78007043035541,1.65047236319206
1.60770190820126,1.51896823492995
1.30948175131932,1.22467153090657
1.51281264962525,1.38388712481544
1.74307631273822,1.65060001618734
1.7077839016014,1.59751872868718
1.22892129175516,1.11023991670409
1.50330976598834,1.42335374180561
1.43846326286402,1.37619688030695
1.58966949344414,1.50660390381085
1.42366923542953,1.35851339405578
1.4436925495839,1.37625520884434
1.48202432419047,1.40681307841977
1.57033326248657,1.47066226922742
1.64381532783556,1.54947801582345
1.53890160544914,1.44579866859255
1.59433023980233,1.50581327266788
1.66504547662162,1.57607852988391
1.64499470133199,1.55489716814872
1.45675772913909,1.33104212756729
1.56795573053445,1.47695868052396
1.25447397443001,1.14114579041409
1.70064040151775,1.61169277280137
1.50946596751695,1.43684095203782
1.60590128167645,1.51295490313761
1.46246582859132,1.38792700188859
1.49145841493517,1.37621824273297
1.57977162771538,1.49270867604941
1.32250338661603,1.19846267306546
1.33094839082393,1.24309508128111
1.56637491095214,1.48782017344472
1.6160360993737,1.51929501155127
1.51950099718045,1.38487062282567
1.42290151397318,1.35278917394505
1.53438309946624,1.48107626817394
1.50644196593405,1.43548511337966
1.60458860591333,1.51647035930689
1.23548706153399,1.15354381185005
1.53577845404247,1.4618496397859
1.64760968077642,1.56782635157896
1.48098547884909,1.39187523728764
1.44796764191773,1.37813354011034
1.35886872592822,1.26585874165934
1.25314914718576,1.17589062229337
1.44655541585306,1.3005743971414
1.44383024898484,1.37080063074807
1.42214869058836,1.34249424051069
1.62935797419438,1.57031196626513
1.1631675252288,1.04670969284654
1.42597402149015,1.34988731415421
1.52653226921322,1.45036935888889
1.23446606677842,1.15220474664499
1.2182271814818,1.12711091396542
1.66415542836394,1.5470256854884
1.51513130710461,1.44097115479539
1.51997668553464,1.44063458733504
1.62960747853029,1.53173994680774
1.16964620086036,1.10241935295412
1.62976120354384,1.53301068323188
1.36017522819769,1.29505592534888
1.39366790024612,1.31780837193331
1.33635903118521,1.28851784872664
1.45590427651818,1.41507324229538
1.61313170129803,1.49826408351305
1.64648270614585,1.55696380574431
1.2720676028584,1.19730977240133
1.58334370219413,1.46142427258443
1.61308730811816,1.54192449068747
1.53181821211504,1.43204206620399
1.45594363457858,1.37731309311375
1.61835931141415,1.54047766361014
1.71535590974664,1.59667869702154
1.51275563291901,1.4419675971125
1.44631466799384,1.39032955092831
1.69525210297219,1.59236300201252
1.54041908562823,1.44678072859434
1.61001321128824,1.51859550710206
1.2709701153167,1.17252325808704
1.44146362467262,1.35542102516885
1.41442745623988,1.34437578867924
1.60225880276519,1.51571968425045
1.51914355569153,1.42380432791465
1.63799125272149,1.49608477748662
1.64455932251606,1.56101547843147
1.52624181535585,1.4377144046209
1.53800209455403,1.44435239244281
1.52107114971515,1.43374107627562
1.59768884388215,1.50688829473869
1.44920858670712,1.3663408537742
1.57381683519177,1.47736001145544
1.51469297747815,1.43882970230489
1.50893768658039,1.41164386461298
1.74327539515394,1.63508160270244
1.4827696456878,1.38359430928217
1.5675700113598,1.48217228168884
1.49256940116817,1.3921695650016
1.54335088389033,1.41846616921282
1.55823488249106,1.47730737801207
1.62270494910067,1.52685734784104
1.73465452590146,1.60779922523249
1.32809864086443,1.24321496549931
1.57187013324818,1.47118693552335
1.5257472385967,1.44541204686466
1.60610430994725,1.51256218728947
1.66175962302161,1.57815096876937
1.53098131346639,1.44775950175741
1.66315978745407,1.54271691024128
1.90155718173769,1.80344799022668
1.60811970720889,1.51921531824977
1.34665217782354,1.24495250012381
1.47860417897534,1.37065182725229
1.67809764940323,1.58959017983106
1.70386072130764,1.64018227084031
1.48263383642918,1.39777891851607
1.66152077476965,1.56776722508093
1.57858174508931,1.49821962833854
1.48627157820487,1.39422619478938
1.54739697356269,1.47425862712221
1.46866088310433,1.40319442475574
1.05931474847385,0.96892333732474
1.64163085187644,1.52838371605558
1.49625123581285,1.43250439541027
1.5084621157619,1.42743440846686
1.44428989721721,1.33745184924495
1.57426934020323,1.4984209179551
1.55018136961333,1.46799199944964
1.47546909664741,1.37916933172856
1.50770296298201,1.43158874708609
1.51182779907031,1.42534004709612
1.48411115840357,1.39847560785305
1.41067362324647,1.28984314108097
1.51501078432911,1.43638716397922
1.31412384920459,1.25715344233716
1.21567778751522,1.13477364827872
1.33046611891003,1.28110250915633
1.56703212967191,1.46828833390328
1.49144118484702,1.41795572593379
1.21934724793831,1.13825274102648
1.52878051378432,1.44320099549789
1.77845020114636,1.66744341430805
1.43091552000592,1.35758613140838
1.62744983379092,1.51852294667721
1.50993420469039,1.42518736562926
1.50413983974727,1.42757496504094
1.5428485793763,1.4598211666408
1.39812479526236,1.33122845210338
1.37191652286033,1.31592704871213
1.50516216205209,1.419269221076
1.49195271462772,1.40292078897902
1.44633713326873,1.36862396333205
1.42168739418144,1.33333825230559
1.65025968187412,1.54621058448912
1.56082353677111,1.46766020337531
1.6609566768067,1.57193500449646
1.55042282846725,1.47006384645119
1.64659535237309,1.52615958135989
1.2842202387392,1.17228986144821
1.47922546979909,1.40170188146152
1.48241013698749,1.38375848807374
1.47491410229953,1.39739183436531
1.63811165093718,1.52403338165858
1.41378457950804,1.33912100386441
1.78766284127248,1.67612122223841
1.30929319599873,1.21695667345002
1.52033761194927,1.44711939185545
1.56317247031859,1.47255319216141
1.61101547277519,1.51841792038115
1.5959723935598,1.49955374641678
1.74988079543182,1.61240432447702
1.60352609649382,1.50812126560976
1.54572510363733,1.4608432575896
1.47197822219688,1.38162177845786
1.42719577211424,1.33092009528434
1.4224411724094,1.34219393088499
1.73122276529555,1.63597188653174
1.58983163163096,1.50223005767781
1.6818992989417,1.57797611753368
1.25483065929988,1.12557783619557
1.54832929960596,1.49176338767924
1.35843054625333,1.23456975061317
1.2834623931754,1.16665621304228
1.27942064963857,1.16626366667041
1.73299565139835,1.64455922403853
1.63586207044638,1.51783655654638
1.48363521953831,1.35648335635124
1.51099505408629,1.44592987428235
1.72005030864845,1.64503957671594
1.65885190911104,1.54327019045791
1.26180099193451,1.17681276551757
1.57885488413326,1.4988902795357
1.4595638065537,1.36510841286741
1.66933614644133,1.57532111043231
1.6648757267302,1.56243049401826
1.42722356554576,1.35574802344489
1.42001424452326,1.33403415454101
1.54035788984573,1.43565334527565
1.6719965139775,1.58269476155324
1.44268318515812,1.37997262394864
1.46512565861355,1.37996977772922
1.41807062208575,1.34828009771628
1.60040827978905,1.5014686366053
1.43701297552408,1.34624156672946
1.44895883668009,1.37304371285501
1.49803576306016,1.41528836261845
1.3432946039343,1.23604348371032
1.56918055646933,1.49966647583765
1.50070652657028,1.41238824176777
1.49835008710079,1.40081506962858
1.53965450878354,1.44389043509936
1.75616930681116,1.66434932596398
1.66554862967644,1.57381282774512
1.64128032044814,1.58715027225794
1.39899083349671,1.30331882828564
1.56303973446214,1.47311566978095
1.43888579602233,1.36055875027307
1.45477151839635,1.3806387488238
1.48536079049277,1.40421875397572
1.67749159902328,1.55052717015336
1.3236325720893,1.22029475687836
1.52854801741711,1.44748714626791
1.5031405438475,1.41495441259234
1.52613040144055,1.4363036082074
1.65576390777792,1.58015389665972
1.60220110877001,1.51964982930042
1.7519965222016,1.64483918647357
1.65875591852214,1.57428046218213
1.29215733957979,1.20442486449564
1.57852571773882,1.48611891490818
1.7649567785165,1.68287447788125
1.58602405518723,1.49368232992646
1.53841508948986,1.41699595946997
1.66870647050532,1.56637198382716
1.63263321635288,1.54419966246897
1.6456894493946,1.56544960173527
1.4836733245257,1.39780529355315
1.64467000754741,1.55285790643449
1.41211784414333,1.32664426323906
1.69892801289075,1.59686949616748
1.42549733969034,1.3076141891015
1.40358205748795,1.32739024359309
1.45353279928664,1.39035772555642
1.43059224577106,1.36695251766859
1.5785227938725,1.4974415698779
1.71333543169784,1.60735840988135
1.52707868913937,1.43966032820005
1.46955428894812,1.36307539152911
1.43373152698923,1.35530565139566
1.58907885836825,1.50045527446633
1.42905105425372,1.34443647980475
1.39923613491128,1.33481547387255
1.52936761439409,1.44297140720781
1.65610210727633,1.52694025410824
1.81076860221678,1.69992665033068
1.66782509648428,1.54275380284877
1.54770464495782,1.46335098450849
1.65920470802846,1.54742727683973
1.46681854004474,1.38202246809486
1.44078365314493,1.38739182689698
1.64451976685001,1.5499081348186
1.45518410497925,1.37231588118527
1.51096865109803,1.38083015780675
1.54927200951568,1.46427027067007
1.64702879034604,1.563972048031
1.75685346318887,1.67201967085033
1.48469097603457,1.40655587445926
1.26224062852001,1.16899185501484
1.39252474673272,1.26059497161782
1.34406413057633,1.25838856388937
1.61282124837449,1.52093502381324
1.38961546701916,1.32268863405736
1.83692527381483,1.7159721353778
1.68858381301965,1.59727560955885
1.45309911718535,1.36767950076085
1.48348031855586,1.32038356692297
1.53089531544517,1.42580179096756
1.47283821011243,1.41356951220068
1.40611427573879,1.32851390038767
1.59975877674118,1.51792535415216
1.48947761315381,1.40767275827723
1.66424555402457,1.57275410966222
1.51320932150135,1.41621333522237
1.80799919545116,1.69683495054795
1.67360876379861,1.57690019580339
1.5774006890657,1.44986011915674
1.27100854309171,1.16391417961067
1.56101994591856,1.4737705615647
1.67975089159589,1.55493634448495
1.59068009439135,1.50310890167919
1.69027431299993,1.5785460203196
1.59011366112549,1.49763978218823
1.76342328076533,1.67835192027578
1.4675137679055,1.39120529743922
1.55070312236097,1.46347937413496
1.7142437692314,1.58081522093493
1.65094492298639,1.5814045775432
1.5672440086067,1.47604941378736
1.56580721083178,1.4843147215707
1.39967035134559,1.27010014044671
1.37746790668975,1.28073434810467
1.64436216124545,1.55773930097621
1.66856347334327,1.57195121332897
1.64918870661095,1.54765870569164
1.72921677370529,1.62030847925954
1.60278099918381,1.50815931602705
1.73603981291431,1.60855662876171
1.6632127026557,1.56574941644003
1.6850283000893,1.59746303049023
1.61855124097206,1.54581708805244
1.47737366615215,1.40145506828108
1.64793867094808,1.59173453497088
1.65754222097388,1.55275146022665
1.65094070277058,1.54981365995576
1.5634766623457,1.47571443369376
1.59216034846308,1.50130667022228
1.5451620581714,1.45318344874219
1.5362587521104,1.44336925282471
1.64365562039125,1.51448426666379
1.58364491191685,1.48499193652141
1.51697072049075,1.42597656945716
0.97692767862889,0.895089252683417
1.69890701816631,1.58602217531449
1.57947816460445,1.50444137224294
1.55166013966197,1.45474150606946
1.68102763412998,1.61032130400038
1.57423430874219,1.4905897643825
1.44342471753789,1.37613263191606
1.6742449187343,1.56742992403073
1.32832566079846,1.22489182549735
1.3078474771238,1.1912157396521
1.48990350796955,1.40482702744914
1.56830472045398,1.47949559247367
1.59859465265286,1.50280489825742
1.42938271906295,1.34713088838954
1.80296147687014,1.69953393206591
1.4390641792534,1.36189264454744
1.65478068451077,1.56803928929461
1.18429429866349,1.1200669257519
1.57004430177238,1.47862606063229
1.48919191515602,1.40210674958698
1.4810797108171,1.394119091581
1.47615241734614,1.39783325747157
1.57219865943221,1.48177757692844
1.41273617074139,1.30975864419454
1.49559331728903,1.41809799469552
1.75605623288286,1.65219911374785
1.16948064811593,1.06909222628647
1.55938611943913,1.47477362391722
1.58713426325498,1.49897838576933
1.56118679549132,1.47373652066006
1.71768482223168,1.625603561906
1.32580144826786,1.26250629578864
1.51211796756818,1.4258171195922
1.77916529718506,1.66455529543971
1.44353948591593,1.36543534574597
1.39407855048941,1.27633806524731
1.44172103570763,1.36136877051188
1.29494560100178,1.21766061424927
1.11677123370199,1.02492665568614
1.50323149513535,1.40979625014124
1.54518310079789,1.44690466477937
1.57427407690176,1.46459750992375
1.56595238906776,1.47126356750482
1.49607899045874,1.39798301311813
1.58621498980557,1.49067909249947
1.54555900026606,1.46343930792832
1.90093281509182,1.78976694645196
1.46312464339793,1.36200040084553
1.4090088380549,1.32756822293298
1.59217666337565,1.50696193215421
1.67201324597743,1.58882596974923
1.82542792152542,1.70959276857577
1.45466953162768,1.38565856718228
1.58930545858815,1.51017398792872
1.55147194773685,1.47732156213744
1.56028638441465,1.43382702299847
1.3230628721567,1.25118474270815
1.74292243486114,1.60663792159519
1.70502523216775,1.60950920706571
1.55058606608565,1.4563107851114
1.35300710266177,1.24248933962524
1.53252998714828,1.44624713957355
1.33881275189145,1.24082825380159
1.56044190150925,1.45764954294785
1.43183337460494,1.34635122974042
1.61981318347321,1.52135554514213
1.55321018566463,1.47616820442137
1.55179116575104,1.4564742928757
1.49723037196764,1.43074611697002
1.55391532741772,1.46518901726137
1.6206593985487,1.54070349835075
1.74222331755658,1.66765379077768
1.53542630266222,1.44044028733246
1.61828966052712,1.52286424509831
1.4718012739023,1.3532404828499
1.40641361773867,1.33288888372996
1.55256592320526,1.47798522201411
1.58882535998522,1.50048434028394
1.65013828405377,1.5699703694239
1.50613251942837,1.42607475744458
1.4938516008553,1.34531365602185
1.52799096998266,1.43967341174057
1.56739724359611,1.46980912010931
1.50781679400064,1.4586895776068
1.55798086034473,1.47010696854348
1.34758425264805,1.25383077970492
1.70430897948858,1.55922515201822
1.57284667945751,1.48769294851101
1.66639358180234,1.58723896998731
1.65554044726219,1.55986277344107
1.62973543424994,1.56374942582184
1.23118010379744,1.13160550340602
1.22691570661804,1.13211966461937
1.59427835560741,1.50308543238634
1.57416512886833,1.48904996338608
1.5446379555482,1.47299952008532
1.54856756877698,1.44835823303471
1.43678546287304,1.3738979803898
1.47191489218252,1.36343298326817
1.46720019733758,1.39862138562074
1.51988846696279,1.44601535942794
1.32013908407721,1.22858604530915
1.55770091664789,1.46800237442067
1.48571246453509,1.42807878261154
1.52854396964378,1.44847805010754
1.54415614956618,1.45729377251505
1.59389461292719,1.50962523407104
1.62070901624339,1.46959415422885
1.47185904818822,1.40835028777949
1.35496501031327,1.25314971153059
1.57208685628861,1.48916002400638
1.59006905335115,1.48991246949652
1.6829127598045,1.58784506092439
1.50401159560718,1.42673537395725
1.7312907949141,1.66353679368606
1.79492346739115,1.68392439744083
1.615033670091,1.52477105143647
1.48469192642743,1.39091963089745
1.41104962304688,1.30425397759282
1.64833528497463,1.55853127434176
1.50732723953576,1.42921714344857
1.55257138049144,1.47362653822548
1.33008069201066,1.23203407050585
1.63541159340314,1.53020860152796
1.57681740750386,1.48704969429273
1.48439028437059,1.41331603632739
1.49211298100417,1.39936723109111
1.43262914213757,1.34904217506154
1.60476979747722,1.51980849605374
1.56066609426517,1.45367498095724
1.43660387197776,1.33119443871698
1.60002971912412,1.50966207487721
1.40239009377107,1.30127250788107
1.5042490634458,1.4154638729631
1.63237391626921,1.5205076808255
1.33707688967159,1.25112190478874
1.62772725459998,1.5416463894382
1.75734488526067,1.65955415148891
1.58302366664636,1.49081966697447
1.53680017083637,1.44607589353735
1.52190330116667,1.44339423721812
1.76228087927472,1.61643166445487
1.63170604387574,1.53533206847298
1.59547732525854,1.49199142610527
1.50851774511204,1.40686185476069
1.74016786579425,1.64148172106135
1.59822050221044,1.48450018555305
1.6133025936179,1.47342179220064
1.59566307098002,1.48421864310971
1.30281710431725,1.20429133853031
1.75109988985364,1.65040762975261
1.38459459549412,1.28543722741706
1.74180140496332,1.63002372248497
1.35241176502861,1.27508420830377
1.47811237086719,1.40700720917583
1.85782101856628,1.76994751285443
1.32317041808267,1.21970602299091
1.70862703641767,1.60420522505723
1.63169823397374,1.52115685985496
1.63544727946421,1.54360942006095
1.77467168938817,1.68673930033907
1.49212193810662,1.40849471298643
1.12504383168861,1.06350426432737
1.3845831168363,1.32169348033405
1.46808770011553,1.38039647544242
1.5281093988479,1.44556486780376
1.35601704621,1.24676243105184
1.51156312572136,1.41312467982319
1.63181757990499,1.53393504007367
1.49709009360898,1.41337693321576
1.50233840068665,1.42055691834479
1.66082123402857,1.56738017879863
1.32165666556855,1.19367764353967
1.68095971804781,1.5653474309487
1.38937858059241,1.28494198365513
1.67108256387116,1.54447557760563
1.38998511590658,1.27725811184557
1.48783823668303,1.40011683099383
1.70613299337404,1.60475096330584
1.83021659721163,1.73386303745215
1.41576143077062,1.31867248528538
1.71627443190122,1.61238168669189
1.40010734816013,1.28825102360453
1.56736198489815,1.48373259448304
1.48370516367435,1.39369092386781
1.76627703455696,1.69995769512708
1.4302947019029,1.32943087534173
1.63212558891552,1.52357544098076
1.66985887551452,1.56967610567959
1.38709223661055,1.30087116054428
1.4458758868594,1.37024637307664
1.79396634653013,1.68180601842154
1.45036288386469,1.36754725099382
1.6714821295858,1.57515540045987
1.58794132583777,1.49017500228298
1.50039536392739,1.42458466422613
1.6149350788136,1.52937290086022
1.60511148458137,1.50889080730161
1.33835593665195,1.27221432501066
1.49069728558263,1.41548428743776
1.55371274375486,1.47699698698601
1.62549662034742,1.5674687154234
1.58853433291041,1.49200165602022
1.64852821399144,1.52467741840391
1.72767482540237,1.65329906773571
1.53705378187394,1.40120567915336
1.78593560114096,1.64964177057715
1.25980542547691,1.22543297622831
1.30428595677425,1.19823691689885
1.50445672296068,1.41297171985828
1.46379859028139,1.36972099086119
1.44408163773547,1.3470953431863
1.53122147495542,1.45916220909065
1.56967297685572,1.4923520699304
1.54655264008506,1.44860463367169
1.42368509946854,1.35164505647445
1.57212870306542,1.48085983210585
1.50152158095101,1.4155082611018
1.41633569043512,1.34921686536529
1.62466274106177,1.53912731896991
1.56615679574479,1.46104088792771
1.59459098921969,1.49408486577313
1.23412725837028,1.12696284005887
1.558133127015,1.46640053169204
1.55066891122884,1.46340235321011
1.70975564987983,1.63220681837184
1.50611929685122,1.43225435792116
1.25309525554944,1.1687803379802
1.71986780195135,1.60481289089601
1.67392428561554,1.57942065147169
1.76238419362156,1.6684058987852
1.59400739116175,1.51931756898513
1.44024242005485,1.32947384042572
1.73017617647599,1.61911208443636
1.31976750934102,1.23752098174965
1.56986022738076,1.48325202624732
1.45875767657925,1.36811180738074
1.3349401631562,1.24872541145373
1.64909967313235,1.53397634874185
1.42181234582946,1.31130114512745
1.31045567855629,1.19222811243322
1.70057598139673,1.63081446455065
1.46937978164697,1.39768355187685
1.62973722072052,1.53618547288437
1.75674448772037,1.65975564780507
1.65741774799153,1.55713022654219
1.76136710657821,1.66541453479003
1.69513025045701,1.58290924196093
1.47617647316301,1.35557390015878
1.54662462895979,1.46339006243574
1.5400497793071,1.44814387843179
1.33843419269277,1.27497772207932
1.36268395293473,1.29829683450368
1.19768296753933,1.11046060070108
1.59487626093735,1.49682105731055
1.40831826890225,1.30209577395907
1.33353103872506,1.23261522378973
1.50050192102452,1.42271314810818
1.45165093710458,1.35722495041554
1.50394610785065,1.42741559972545
1.32496684666256,1.20491219142649
1.37234412015235,1.30427372043534
1.7133044276277,1.64251169475641
1.51992456161504,1.44441270654107
1.70575251325834,1.58591273037956
1.58167742992299,1.49431158221044
1.64533328130283,1.55540635806247
1.59880804177963,1.52301909414989
1.59617511918545,1.50168672603695
1.54573456216147,1.45938711128656
1.55503087375906,1.46548431884969
1.34707304867178,1.24758654363758
1.36468657954066,1.25935050540846
1.52190646409851,1.44657348158825
1.58483556726722,1.49020498036113
1.50427009436592,1.42706183863875
1.62818014548866,1.54662756349169
1.82599611029134,1.7006796671934
1.40823848597794,1.27692475031229
1.76506930992993,1.66670915743373
1.71612382480727,1.61240121722479
1.67958427367614,1.57334764481042
1.5925973944881,1.50344373820144
1.46019938605022,1.39872403861336
1.41173894087924,1.35169678259834
1.31085652091538,1.23385181630858
1.44426264902918,1.30636270532388
1.36081318584736,1.26512053848261
1.61339041569677,1.52344855513284
1.72306799282974,1.61001325236725
1.54206724364758,1.43691848722366
1.63722404925889,1.52341567246896
1.62939197968625,1.54288807897275
1.56199261275116,1.47235237966054
1.44117556920891,1.37861080609718
1.50098741257758,1.42367648754622
1.7973701385989,1.68852530438858
1.75943656929334,1.65188837866999
1.41049886798154,1.29769650968291
1.12320729063553,1.05872586598977
1.67709797617032,1.57063029489777
1.56419417602304,1.49201404095822
1.67903972976242,1.61469575961821
1.55359698487015,1.48069975281171
1.59290080318312,1.50438165679362
1.27513411137933,1.17168033651656
1.64782573156751,1.56455904731488
1.54092588859212,1.49979504243681
1.50315894727007,1.37662945136014
1.40696690579419,1.32082698750621
1.41696125049169,1.30647139346631
1.65720111761829,1.53021452253959
1.59921233312717,1.50395093490652
1.59221054238658,1.50858346525079
1.5424748838975,1.46613443223011
1.3718606507875,1.32590545070369
1.29133089057437,1.16578773365429
1.6172588743376,1.5074747851711
1.61536977251046,1.49856242097731
1.69995242546966,1.60471035765408
1.77413623181452,1.6831656564431
1.47310638993473,1.4007423282532
1.73568720311633,1.62135330566614
1.55850137371936,1.47506767275864
1.56352290718856,1.49667193418885
1.35003528519494,1.26081682052502
1.44586941602432,1.37230977469974
1.53815948555195,1.46214359513048
1.37540676926052,1.27880659291985
1.41339969917249,1.33830952580018
1.52822936472982,1.45323569065645
1.30143202365633,1.19267581429471
1.55076658209544,1.43592650260349
1.5113634671787,1.42823459728446
1.67053857248538,1.55008695628209
1.42535766051114,1.3392742736122
1.8813376743786,1.75993774394656
1.61157917327717,1.5125364891466
1.78214071334942,1.66642399703655
1.55740227856394,1.46830257279507
1.51587811209108,1.41957446813864
1.3958209663714,1.32310183892736
1.66516071439235,1.55194419893134
1.48082259415786,1.38985871538515
1.58087954964893,1.49481033828575
1.49129680379935,1.40432363323637
1.66522894874056,1.55870734503758
1.30021456440314,1.24349536486652
1.80505114882019,1.69347857207871
1.46724190148882,1.41029736102101
1.49624120084074,1.39297446325099
1.64837607355181,1.55037447575211
1.50843707903933,1.41590977253189
1.47040846110631,1.39513114390592
1.42606677906391,1.3424798291964
1.74722283145236,1.61625879788733
1.62722502715077,1.54875560082448
1.51282801870859,1.46866620674223
1.47779752266045,1.42155146450017
1.51547429231117,1.43090661846501
1.60024205458377,1.52578305042077
1.20719799560105,1.12794580677778
1.4169643339272,1.3106814445353
1.67471906431467,1.58456071599749
1.75104131351509,1.64496551848
1.63873592418581,1.57246998584732
1.60592994431348,1.49178707184531
1.14864974293771,1.04335285110818
1.59543827469256,1.52078207475549
1.52405149877171,1.44644518299329
1.52704391095761,1.45886055079251
1.60468122437977,1.51048693950773
1.54086254425725,1.46585247836815
1.71034767303096,1.58734602485623
1.57642879189884,1.47202002241199
1.67372024529543,1.60214628611017
1.55019028840684,1.4464323027227
1.53626013963751,1.45003500443474
1.46411152754811,1.38244712234415
1.56862370890168,1.48368103203915
1.58430950086789,1.50808634247344
1.67963010672233,1.58357285569743
1.39611235242546,1.312088078529
1.61294067112356,1.53405343505394
1.46060228848095,1.37996430806611
1.66681087381512,1.56450214391177
1.45199441430316,1.32774466161157
1.39001881545942,1.30014961684703
1.63923693712237,1.51090439841167
1.69098248883037,1.57970647049424
1.15656387909572,1.08920413170888
1.30813051455806,1.20149019793381
1.48513086844652,1.43066626123002
1.52441955390376,1.43451337143804
1.51955838588024,1.3695423770129
1.53249320342853,1.4645469435747
1.59778128413169,1.49586506448744
1.26562914669027,1.1424336152748
1.54414499588987,1.47337605620192
1.64977801083005,1.54990812550046
1.5412625916746,1.46475461749948
1.58661978643681,1.51969125445448
1.41381817101376,1.34012030448041
1.56306619848637,1.4897155290912
1.27243203159662,1.16150322855076
1.61588896912862,1.5402190368245
1.46999878379394,1.39805940185742
1.42081218230763,1.36200512777983
1.29926355758369,1.25107920820777
1.55331664039578,1.4729671355733
1.49346177291603,1.41849372683915
1.30256456164189,1.19145417461472
1.46285903453466,1.39883535774442
1.70087279616616,1.60317764061991
1.48275636506897,1.37623946539788
1.51278603219626,1.42887239090577
1.41845567011611,1.31410323292518
1.4693984283511,1.38930380316781
1.48596211459281,1.41158849845049
1.63049135175183,1.54805678819317
1.64783889278905,1.54956663273291
1.63711070639277,1.54191788534143
1.47602420615708,1.39933293693245
1.58326666827251,1.50158709600975
1.59116856920164,1.45590830077982
1.38133097015459,1.26106639668077
1.57710465604197,1.485794369358
1.64355012776292,1.55600439206264
1.35636367225018,1.29223913516002
1.43236711627289,1.32762923391679
1.56109920717669,1.4724143104535
1.18050236172319,1.0985207760822
1.57916330416955,1.49420745157905
1.59963927656975,1.50835403944303
1.56598983628674,1.47855868216646
1.65000861934284,1.5880295083771
1.51451376207933,1.41334015930157
1.32450034844776,1.20484350026915
1.50270444501032,1.41479628507582
1.44399276812975,1.35407189696982
1.45432622297896,1.37463993186176
1.29796332711269,1.18666711466202
1.57017568387955,1.48084335056197
1.52294369336082,1.39054365826792
1.38832831500837,1.29377309863665
1.40240776036151,1.29869440954018
1.47273986030246,1.37702924315328
1.57168188405068,1.49282745375874
1.66712519129066,1.59972400515553
1.7694216119348,1.65577210384385
1.62983472515255,1.57198850191967
1.50982746768943,1.42933497477305
1.31305597833002,1.25418721566935
1.42998777073934,1.35054652235747
1.76993572565909,1.68911959108004
1.57765136181113,1.49985473438047
1.6625459098775,1.57402741888548
1.74703071682442,1.66697665102868
1.53366764246719,1.43403281621858
1.34705726147323,1.26087477615209
1.21109257974548,1.10572456028491
1.52894311365934,1.45057660055889
1.48788971598191,1.41046496030311
1.47023472641629,1.39691385002405
1.61195054919613,1.54028151496987
1.83496825315905,1.7070244629861
1.36633397173445,1.27382997389921
1.35178157361511,1.25829810364308
1.68664222345786,1.60263454750989
1.62181165179789,1.51272383862778
1.56436691756203,1.47542658287593
1.63806004954663,1.54999986878525
1.79279116405872,1.70254198056877
1.4030643017607,1.313578259455
1.54704378013909,1.42754025663136
1.49013246694491,1.40728536946792
1.64990454741288,1.56767152061834
1.60756598984788,1.51718562214804
1.49240297644431,1.41065862938586
1.30786123052714,1.2197253365419
1.55481855122889,1.46908425575089
1.52320721042888,1.42932039033165
1.3499869949585,1.25962104943238
1.49219999358019,1.39293945604999
1.66172713870076,1.56158643950111
1.52415915648691,1.42576923054631
1.4908244130162,1.42909491182064
1.36624599387388,1.24162999319065
1.45889764668586,1.36657955562068
1.71558003480919,1.60416715378939
1.69673776170301,1.61410858108799
1.74256749532955,1.65221235384176
1.6213639447076,1.53799925226343
1.59826214021436,1.52749979384465
1.50852231895254,1.41790261361027
1.24561660729687,1.13634467894781
1.7854609461684,1.70699661247748
1.57437310996038,1.48309298209938
1.7545683901559,1.63665986143268
1.21056207655178,1.10242531933635
1.33744027897024,1.22665705120218
1.59755384228512,1.50859714672652
1.43046167790019,1.32793321074494
1.39651390507417,1.25786678776141
1.52264736201631,1.44541811515508
1.36491989891657,1.24974975891311
1.47347134538725,1.40114817886533
1.34402439801504,1.23640462329394
1.54153691989197,1.45822805612347
1.83055019237277,1.71181280358122
1.64142077179229,1.53800880123628
1.56810175955092,1.48503136336
1.51895861346219,1.43030772331356
1.58237623162947,1.48320949108464
1.42834774078238,1.35347940180869
1.57052298019259,1.48534908356721
1.60283131815016,1.51993079676968
1.50694132837241,1.35779895641666
1.5004134990659,1.42829717847414
1.36080728401254,1.2551849683549
1.54360412492059,1.44638471432238
1.1835550056298,1.05897970789778
1.25853740602329,1.17526833280696
1.2587682247901,1.13871462196049
1.53496268974664,1.45290030896781
1.5665926441729,1.48387765524069
1.49407009539319,1.3933028128503
1.45030712894546,1.36801438377855
1.39433931404281,1.28108456165115
1.61393603729772,1.52493683826239
1.74099331532041,1.63157818110593
1.29789261716867,1.22602009667174
1.56054933165532,1.48710867356789
1.51900484231443,1.44237501964041
1.59232693730649,1.50488959924265
1.60029572893561,1.49968998909698
1.40634203219694,1.32146443962221
1.64080770757936,1.54946343643336
1.70593958241264,1.63213569965131
1.62960144956271,1.57702353552206
1.7282843326103,1.63762993986779
1.51416954332377,1.45117710016633
1.62248944278284,1.50720972135528
1.50157965224237,1.42100743342721
1.30677301527792,1.25937295975837
1.67884161033169,1.56936379296972
1.24170219228054,1.13103758824967
1.53415928402794,1.44782448131856
1.6983874072668,1.62047977168971
1.32898806469126,1.2427278363088
1.62949759906939,1.511731122752
1.60537516603591,1.50157749056949
1.45616638100999,1.36375403469603
1.53106511711866,1.42818625647544
1.44854087079776,1.36743304688001
1.53703904045568,1.46574406043435
1.45263779784744,1.38545858360784
1.69323937295136,1.62231984985027
1.57700120222723,1.49528042015492
1.52594254428806,1.44276725490654
1.49441226311526,1.40108958595344
1.43199554425852,1.3455706200924
1.18007603993343,1.12123232868926
1.60539474274554,1.49370482190609
1.52525304681492,1.43439814874733
1.71473348257485,1.64181249797709
1.83964700371352,1.71658378080655
1.43887228836667,1.35203672666517
1.63489279563296,1.52399245512312
1.64956721910333,1.57853567330311
1.56812922493281,1.49094154206245
1.49214128051471,1.40815676288781
1.7984979560996,1.69348473030165
1.7247043794916,1.64466185147781
1.58992116080095,1.48687097338702
1.7018869982463,1.60892863618217
1.52813196717287,1.44956908129581
1.52755747718433,1.4460307058021
1.49232225116086,1.40301260254471
1.56616505374196,1.48149332312566
1.639900043018,1.53230451584021
1.6267907553455,1.54973713113962
1.3502608571611,1.25734951933725
1.71210909837844,1.5956681820334
1.45295503231583,1.37419668151475
1.59708216204933,1.5059810457591
1.3126927001344,1.20150167291291
1.57760041336141,1.48474743213203
1.69306660979786,1.62178095447075
1.46791313671399,1.40914675140276
1.63648546358125,1.57033313816328
1.5500130749872,1.46520810390163
1.66375260737646,1.58852339773642
1.23212237382549,1.19445931171194
1.56205728861408,1.4785511735824
1.64820043189414,1.564757294334
1.88464379468893,1.77561884015429
1.41292458239521,1.31586938922323
1.63705542618708,1.54929066399104
1.24607401409796,1.13334478907079
1.57197250318139,1.47965308907394
1.56838520061377,1.47604382059846
1.54884829704404,1.48102733740071
1.46937416289766,1.39655708312471
1.48381913356164,1.40705619419043
1.56651180775753,1.47406300232137
1.37044050376086,1.25340795982999
1.46285794270676,1.40004251957748
1.67669398201003,1.57018813404631
1.58689161727361,1.471267140653
1.3272753891927,1.2494674716397
1.47261262666158,1.36406153539171
1.52351754016768,1.43555331784552
1.64447627609411,1.54602809810341
1.58744083228579,1.49191762044333
1.54827170194833,1.44652718270276
1.51233162234296,1.44994878705366
1.57806182628038,1.5047586240922
1.68526383266568,1.59457776012038
1.57813613201067,1.48763058322433
1.50483500857971,1.40266664685115
1.73146324085077,1.64620930193555
1.39252777886962,1.32423837646341
1.53744708560472,1.4606025861058
1.52848061456342,1.43823347795616
1.19755380560472,1.12119426032528
1.56479369564727,1.47608500258402
1.56105984144414,1.47366091099573
1.53893591173833,1.46112959711574
1.2895107005088,1.226126888744
1.85137543854108,1.7162872211698
1.67792468829948,1.55096409880195
1.53076039816774,1.4340823557088
1.55894648865054,1.46981776168198
1.53462156433034,1.44127426807988
1.53930931512168,1.46032060995439
1.69591428066813,1.57428309418368
1.49613613883827,1.41986120558144
1.71649965574529,1.6112609349635
1.54056739722445,1.4804324001393
1.72660712644536,1.59632590343572
1.57683214915112,1.40036303816521
1.70453295065562,1.61234000885168
1.54012118474056,1.46443092278424
1.65172441338831,1.55669533712291
1.64294868363877,1.54878069170944
1.62513462047542,1.51403223944222
1.77243357943021,1.64921194401084
1.47261993636249,1.38997379719246
1.650213846469,1.56153013763941
1.48376176755046,1.3990909972718
1.48650947769707,1.40639050681473
1.58426340410313,1.49803318239451
1.92887291182268,1.82842580602514
1.70652334094483,1.55981966680834
1.23544924200511,1.15908986718531
1.52503478829105,1.39604445399164
1.49013489177928,1.38901718118495
1.29237451343687,1.18257440164947
1.6932259074855,1.62195575964716
1.466148648877,1.37795153562615
1.62837186616972,1.53607218400978
1.61534660121685,1.52927195449525
1.17462679786097,1.06107076342275
1.46629240947836,1.37683876927194
1.59527148635056,1.50061118700509
1.44451968839262,1.34445485961419
1.4856271410651,1.40982117121246
1.57025227896413,1.47691424808734
1.38836819976143,1.33563485297666
1.65077119169639,1.54404098868528
1.26857541970816,1.14934946534156
1.25388047005364,1.16460837037445
1.30001656814966,1.26485069251583
1.38077058346722,1.28746282030481
1.30159164128402,1.2047492881623
1.76038240220862,1.64836617513207
1.46680043207486,1.38891820776747
1.48778385863783,1.39298411920476
1.24865407094235,1.1323891539693
1.57951955590396,1.49904018769181
1.20420412842159,1.07915718254822
1.67886510559746,1.55690299866903
1.39501420610999,1.29577452565787
1.45058773559491,1.37318419217439
1.50829588659383,1.42791042294323
1.43104500865317,1.30563257705035
1.49330038520624,1.4147198267367
1.36603441267894,1.30416818697467
1.54712875088464,1.45539051050102
1.39513393163171,1.30144286026621
1.35251578161881,1.24485133557694
1.62173021646291,1.52134744298433
1.18949738536743,1.08038998277601
1.54295514554002,1.46231951240874
1.45767728048379,1.38708747659215
1.52477737278144,1.43912976535786
1.25365877628934,1.20092378115747
1.57159107765649,1.49393555150582
1.67694241736106,1.60385785169127
1.55372550953428,1.46996454558502
1.3806855665596,1.32940090934387
1.56480318570876,1.48834084610271
1.73608563134281,1.66152274178994
1.75145035460486,1.64235866301465
1.62175759015123,1.52155744825524
1.43246281275317,1.36419954786753
1.49072341312008,1.40565835819237
1.64006411563963,1.53139811712507
1.61414193797274,1.55362516765727
1.58592616706017,1.4925764002665
1.54079053992125,1.44725615436998
1.55664223513483,1.47473250984492
1.49714824825049,1.41109925973177
1.53116067108688,1.43642866916132
1.61645961850678,1.5305272610062
1.65318778931608,1.52764689765229
1.60319857001561,1.51554432874054
1.31923961594573,1.26992088931329
1.49718630468531,1.41767057134117
1.44484505885189,1.35305258966484
1.51277245029602,1.40280676690862
1.45843780841838,1.37518261348537
1.4898423115812,1.40094952018909
1.47975586941653,1.39263519049409
1.7191217668614,1.60493146146149
1.38679779192453,1.29893594561488
1.61531505620818,1.53367190164105
1.66794217393649,1.57899121718249
1.53447585389007,1.45699104882777
1.81972162961022,1.73245311985597
1.30428255946896,1.21213249884312
1.51635567232665,1.4384685773
1.57100317576496,1.46672451300357
1.44331186918769,1.37541258824141
1.35893944185638,1.2486062128334
1.52225195525881,1.43208610788313
1.57845931554446,1.50029823319629
1.61665906226707,1.50508907369424
1.63064918873296,1.54466422664146
1.69728918643999,1.58957216731235
1.51035575572083,1.43658002734491
1.46948998686558,1.40463964547846
1.48735631358691,1.39782914071133
1.29276707317492,1.19495747401381
1.5820884321422,1.50542718365956
1.43271610750695,1.37450112786704
1.75337640877278,1.62758405882279
1.62983986707742,1.51365833044065
1.66924183881862,1.57713261229801
1.33606221114462,1.24460799145264
1.49171697212582,1.40279547878126
1.27410367596698,1.17651581339879
1.32261064430425,1.21878057177389
1.56851727554399,1.45112560022656
1.4133245660315,1.31560588567926
1.76364166142851,1.6929227432949
1.66002517340545,1.54072291074277
1.45440719437575,1.37432522958586
1.64064005254305,1.54704105008863
1.66984983824035,1.5763882865002
1.25592947126049,1.1825007786943
1.55702964042373,1.47846118951329
1.51034012153941,1.43152003616425
1.69986160081808,1.60290966735282
1.60136137998137,1.49056292299761
1.51868317163288,1.44137552965882
1.46343227817315,1.3770979110327
1.51341741790312,1.43476952270911
1.43020023372153,1.34157496896581
1.71821953866874,1.63485038161743
1.65737285874906,1.56349498915889
1.45090975490556,1.33616053678665
1.65920580043842,1.55908463375001
1.41466882984162,1.31391329983554
1.54838452116658,1.45907203689094
1.61584514097722,1.52311587933803
1.53560346871959,1.44976068997628
1.48309221899988,1.38081368600096
1.3712392213218,1.30793056411438
1.35568172727538,1.28907417280989
1.58325251003964,1.4641278892117
1.56113449144689,1.48587229314019
1.42242798289102,1.31798170363383
1.63681020595289,1.54378356847271
1.52041099855701,1.4421351631571
1.54119791830497,1.45876170762972
1.43372928324246,1.34174720349553
1.23835023236025,1.16251227407575
1.50336099651615,1.41447208237481
1.50054112214575,1.4075753533328
1.59562104194931,1.49666708279521
1.64166838443932,1.56069424389554
1.460775339726,1.37785339605448
1.47749652552273,1.40791822766238
1.49618133372531,1.39465615760583
1.43003213112809,1.35673988258014
1.54258442665948,1.43897475749754
1.337365208453,1.2371532581144
1.79052477626216,1.67858961093934
1.70269315641565,1.62240929433965
1.72077939744241,1.64949009748826
1.60293920277439,1.50823920160892
1.72087220758074,1.6445978488073
1.407515953266,1.34419610506602
1.6814348002399,1.60296691934608
1.22899852139092,1.12940708021043
1.65394080857714,1.53934927266822
1.56150708154569,1.48147680015493
1.77344531270242,1.67125605218655
1.32382543913599,1.22652025453514
1.38923913271688,1.28246542059695
1.45019685375591,1.3826391305687
1.3924435819512,1.33991970927295
1.68707402801041,1.58392195087368
1.35612038389468,1.26661213118162
1.48748525324382,1.39511179024629
1.88198844513303,1.7603325463993
1.38971701195898,1.30131684322091
1.52151159314521,1.4390922172623
1.23083798378177,1.1060993869249
1.47369921923452,1.39733781135266
1.41693846217554,1.32736530521613
1.5701969841406,1.46716682224208
1.73212086542736,1.62773623122893
1.4196191036274,1.32016435043251
1.30721003837941,1.23948226206894
1.47129776374801,1.37876156692563
1.17040013015138,1.05401453564418
1.49104993981841,1.4008223369775
1.79827383062296,1.71836047013911
1.48728550663075,1.40829499660155
1.62523765963681,1.53273642792775
1.48417055623142,1.41110965422476
1.63206291749623,1.53120158494438
1.36612954703746,1.31307096204476
1.356273146756,1.251496320838
1.1697527634793,1.08659838532614
1.54094344882836,1.45536925052917
1.47937944403831,1.38623793092153
1.54802657062731,1.45406690134942
1.66241108790466,1.58563086971186
1.12425680008235,1.02684053028858
1.22202833103761,1.12390190963996
1.72806409018317,1.64432617703458
1.39139687845513,1.26448324330954
1.67872632444681,1.57459465945517
1.52950777466538,1.44344717632253
1.44667429463205,1.3453002972721
1.50566347563434,1.42268641362768
1.70066082639423,1.6261834917265
1.62514645693897,1.53695287927513
1.43009617455799,1.31349485582256
1.54764271121934,1.44965383648578
1.27240392519895,1.15516502817025
1.5351188898502,1.45326448465751
1.69291672912662,1.58824293661885
1.2617906663451,1.1437551695611
1.63370127895917,1.57421097147075
1.48092749121938,1.39527162119451
1.45293586971991,1.338136928341
1.54398415764881,1.45610981252587
1.48371822711757,1.40466177898174
1.60835513494844,1.51847964852288
1.5467191653296,1.49157867017585
1.51008792152973,1.41670945728859
1.47642492800659,1.38544698956217
1.35922340295688,1.28119505601825
1.59421436864553,1.50639961348785
1.51820022909112,1.42221628959891
1.59090016530106,1.49902532253884
1.53902537552765,1.46487350352163
1.55709511788551,1.49310009402063
1.41120974147983,1.32480582825576
1.58162730205084,1.4848243111283
1.70775207467332,1.60196470230413
1.55578447784179,1.46869669364323
1.54234233761526,1.45406483870054
1.25400937064373,1.16739570278736
1.64768317505448,1.57331142250669
1.71253691931031,1.59545973879206
1.24279994481805,1.15388737438937
1.68133478119475,1.57543576850125
1.55871462212364,1.47977745957177
1.50819290375544,1.42587301640075
1.51309916681171,1.41518507926043
1.51090625348888,1.39516225658353
1.34835848446144,1.2733238703551
1.32102951413643,1.2281885375706
1.44466231134684,1.36934919205949
1.80143657805468,1.70909289148672
1.52981650508991,1.41231109311579
1.78209237170913,1.65127873842424
1.64350391760131,1.57836654348047
1.39789330841915,1.33229038732284
1.48612279176528,1.39943477093757
1.19204101308109,1.11927541984988
1.48067018884628,1.35775587314122
1.43180551444484,1.34802880108559
1.53188060755732,1.45198565020045
1.36308358543666,1.28179558645629
1.53995559801248,1.46235276853717
1.56559505687603,1.47921133917902
1.31392315028803,1.21730496469091
1.73730326502235,1.64770642810824
1.50338513351646,1.38886816779786
1.61274051799575,1.53380552455284
1.46513621592149,1.39909771335278
1.30878892517141,1.2040064010041
1.41398614303664,1.32865085940107
1.5443777210502,1.45981333650548
1.38092235854956,1.30612271697439
1.58474225128881,1.51630996189359
1.60964202182324,1.52123527231251
1.38824058233165,1.29667420424982
1.42894594919554,1.34009217830194
1.57343981508206,1.48410201942406
1.69902515976998,1.59741740247969
1.31778868652421,1.23387663525247
1.65970307043211,1.51759053471414
1.73471758736722,1.62942166769033
1.59061554492311,1.50472248148637
1.36776217934762,1.26133726521988
1.37797696785619,1.25792793513602
1.32678823180482,1.22838517104553
1.38300247198349,1.25872474857439
1.57729708464618,1.50069006688598
1.48020781070175,1.40346376193473
1.58208010880489,1.51931065342234
1.43155490258501,1.36440212123643
1.40636247665763,1.3421131693443
1.56790090118956,1.48436242226497
1.45747326644878,1.38157373554201
1.57973353221435,1.49408487372555
1.65234117081873,1.5689407642559
1.7186340875805,1.6572567420739
1.50768343793753,1.397906149403
1.61259828203067,1.51345126025307
1.42961492111562,1.31725921064455
1.49716484602912,1.38779045915329
1.14137480890474,1.02619537733532
1.81480999681256,1.72774077076828
1.51025470040373,1.43418477441043
1.3994228943715,1.30065732008294
1.68277634132908,1.56145176726501
1.56890226555285,1.47955063846936
1.6518089596962,1.53883592279299
1.49898155011746,1.41538574107418
1.52562981691063,1.43143259171178
1.72367755367853,1.6154342726276
1.26068836877688,1.21030444038128
1.59705289047344,1.50534084564975
1.57731863512166,1.4707225855208
1.5507916650479,1.46202153568523
1.43780442791403,1.30836103097374
1.67190843846591,1.6018524704248
1.5355264919527,1.45857681722771
1.68694365672041,1.59009179345862
1.5492156934123,1.47383525958277
1.57709077675143,1.48887602097416
1.54905195329221,1.46713635370765
1.29151906854344,1.21499173200789
1.53773015856602,1.49333148494247
1.45682729989414,1.35806382527372
1.61310386111578,1.48143821899518
1.24282904155045,1.13168813727069
1.5109304034182,1.42046066261727
1.61902418551055,1.48759922655292
1.67287888322477,1.59475267464585
1.40612889082471,1.35594109544152
1.55824286683805,1.47155629328772
1.633649343595,1.5045216075066
1.74879984460938,1.63472423148255
1.80848276778278,1.72220361574383
1.2309078419999,1.13828708883152
1.42870185073966,1.33514914041397
1.59866961604877,1.50470691280686
1.63198995210153,1.55105200491785
1.60585938368623,1.50758514267479
1.50238194388756,1.42210192596412
1.71790851896957,1.60580122961205
1.61870494941218,1.52091022817391
1.65806083658418,1.59150562179922
1.52666136725112,1.45934344557792
1.61828022270154,1.52088604850086
1.60795923231771,1.50356815004468
1.46118217939308,1.38402087067011
1.6004149333659,1.52429693453003
1.60386045382389,1.51693648887126
1.53107401090184,1.38571461736212
1.57748298393244,1.49122282082005
1.39753902841556,1.30895440777608
1.47947567392681,1.39393447241571
1.6040880892326,1.51025573390837
1.43405684848445,1.35037840553485
1.31036704356722,1.25108986078281
1.58884699187781,1.52214025563151
1.51704954700979,1.44228268792362
1.55661409451191,1.4760787141474
1.6992295631812,1.60195199024121
1.4235344202413,1.33451124146937
1.43908803390573,1.33458466080109
1.77254246159827,1.65399656462702
1.52079326765726,1.44753898950732
1.42977501251441,1.36026213176373
1.51653787466239,1.44482811486483
1.60743607846017,1.51640974368488
1.69448259487887,1.60151880751814
1.72559120878317,1.60959242073154
1.4537922388165,1.37218386861627
1.84844911460535,1.73181644904226
1.39001240145466,1.32675226149446
1.46590055115709,1.38212197467002
1.53873347206572,1.44383358267994
1.57574910640595,1.43866533911442
1.66364514677039,1.58423357724033
1.68054508230674,1.56232608380471
1.43321173351306,1.36150950571722
1.70452769257093,1.62518590945371
1.72246860933939,1.6275450499108
1.39435562126251,1.30167312595923
1.69920995163814,1.57229577372568
1.55056765355554,1.40515208361161
1.3273700804681,1.22915081093601
1.71103180190391,1.6062970651901
1.63931736059929,1.53817209800869
1.44554331560592,1.35350967336641
1.79606230092245,1.70024668337078
1.65909281682517,1.58812937014845
1.52595933210935,1.44017877099751
1.87172298354497,1.78888380077698
1.5164983552297,1.43491841457991
1.52236579015587,1.43323263534116
1.68361818777276,1.59405032718258
1.46723816556389,1.37964885894926
1.62449412007156,1.52691905255654
1.62567745561574,1.5404790664216
1.58058875451875,1.4869571218779
1.5330581852433,1.44407768944477
1.49032826706267,1.3863549521267
1.48395686146574,1.41247225933198
1.59769580264874,1.50714633125152
1.65986900665512,1.56251139529914
1.71551964559313,1.64712808239348
1.54947820783079,1.46482928988431
1.49080465244989,1.40023655473962
1.59921116279738,1.50204101454488
1.72695330094207,1.63117013867351
1.50588137676224,1.42319682037119
1.35145341303462,1.25480042840235
1.51883504476734,1.36222551863867
1.62370146425096,1.53513994991127
1.6925203108089,1.58487902036478
1.44093739958486,1.32916666464913
1.73659741928257,1.59886638836647
1.537182013575,1.45420199070757
1.65944916158317,1.56838368389238
1.79147829890227,1.67502615013574
1.62037517671526,1.47873933087846
1.72991558533094,1.63006233522183
1.46721823935921,1.39709046977985
1.64509897565019,1.53267168442409
1.61933275357871,1.52436252599909
1.51861506059236,1.43952543121969
1.69195285707997,1.58266217060439
1.53065550388441,1.44316150265053
1.47653828901371,1.37894999286413
1.48490969068871,1.41697685861711
1.62764631789352,1.53350560574612
1.80946767980448,1.70959068844501
1.65629000322654,1.55622600018378
1.54783748423408,1.47552537424659
1.57717305193705,1.48595684769206
1.59288732812207,1.50043426587864
1.54060014787424,1.44570102974977
1.59430794337343,1.49450871624233
1.50385090636427,1.40676050357781
1.54197360478951,1.47139004963087
1.25687010415788,1.22124924241479
1.63798819799681,1.52281425824877
1.63106011609973,1.54693573962594
1.21077074362573,1.11372942626864
1.75663332549793,1.65909235841551
1.62159548709411,1.50646310771487
1.41682032584886,1.30640007572174
1.47347943635918,1.38996635248809
1.61090785555199,1.52972550052653
1.48904286468913,1.42050760099738
1.56004292494319,1.47987753446584
1.50490866103363,1.41426301769075
1.48116216766642,1.38842658503337
1.38828388025953,1.30401093840929
1.60209754467644,1.49785574479674
1.4822867157303,1.40290711446949
1.49529163949616,1.41904614190945
1.58973032104226,1.48808509017173
1.72949238957969,1.58689823346171
1.66556250217868,1.56071769845139
1.52498693241618,1.43390411902683
1.36928276784745,1.31755795403909
1.48134871046056,1.39531313281817
1.54910227393916,1.44664262369271
1.56527714366781,1.50732721647891
1.53417285543911,1.44655298735114
1.48581449051965,1.40304476767198
1.59406125933636,1.51938429183629
1.56152680749502,1.47508079496701
1.69662599687611,1.62698897852922
1.54055268170963,1.47473923413808
1.64235768288036,1.55338282974795
1.35506622489544,1.25213829305206
1.44837533465439,1.35428481096302
1.60335806799797,1.49904368750376
1.5000704535037,1.42049637500199
1.27662158240084,1.17646552321854
1.60751423419205,1.54986910324149
1.50493509764275,1.40926146928763
1.68026193728246,1.58627364356165
1.50396562096827,1.42918479096717
1.7340943740283,1.61916590870942
1.54315425768466,1.45686546097514
1.69297108856708,1.59900151679199
1.53119740372377,1.42420778839615
1.52711283918899,1.43917185903535
1.75253229118348,1.6320567816075
1.44760209938263,1.36359150108877
1.45304898727983,1.33219370353415
1.38195829280199,1.28859325873302
1.30556800777577,1.23582335961535
1.62541034273663,1.54234446959838
1.40400859117467,1.29449853319043
1.55040998578945,1.46611547079463
1.70007507382728,1.57626139243126
1.56897759384486,1.48606996137839
1.74917249243188,1.64759063897227
1.53722539950899,1.44998932268494
1.54958052059574,1.45262228704662
1.73805787242959,1.66337389336934
1.46627262395278,1.40415922398285
1.4997820643027,1.42128099986051
1.86284474191707,1.757696155665
1.2742350066264,1.16548235004813
1.42294924004313,1.3048499737405
1.37644040371563,1.29020178229918
1.54718429257049,1.45461654809198
1.43072277389711,1.31883984206918
1.51231343659062,1.43454754623612
1.47977558359809,1.42512773413278
1.63386382982178,1.53126161784462
1.51357087504398,1.41727788474062
1.71018802852018,1.58949046479865
1.51949451178259,1.44321159570573
1.61029861517345,1.51228961952917
1.6225168852411,1.53350818990182
1.28543111871259,1.16446535944729
1.4262918052923,1.36417936097394
1.54378765629193,1.43602671344442
1.58376416579673,1.48615352337441
1.37356659593656,1.29167576767591
1.46550728851042,1.38282097234786
1.63229387341912,1.54020137201762
1.35972022909847,1.28337989325781
1.62912439225346,1.49743804828955
1.293844921352,1.17797078362
1.59735884859117,1.50071924235046
1.16945632263811,1.08128364518182
1.59461297256405,1.52276786234381
1.90195053434184,1.80396375293099
1.2694762225334,1.164931502352
1.62118595271277,1.53882863031125
1.3901994811775,1.29212082152966
1.44672954465312,1.36824180577554
1.5328378792359,1.45322878443342
1.60228515241215,1.48790686554348
1.49235015320644,1.38650783919604
1.78538224073954,1.67301686410407
1.5734684047288,1.48593020945482
1.7516458724175,1.64609230792147
1.50242396784783,1.41488023772983
1.30190941767405,1.18325154997281
1.56437638279828,1.48125626656498
1.56288249920659,1.48076032924657
1.74022714161981,1.62802232380896
1.47333646092452,1.39234600202489
1.60237687563215,1.51756804879355
1.55497043021626,1.4794984989008
1.46326315283137,1.34094476872866
1.57463012024503,1.49188174395832
1.40372311677901,1.2938434119529
1.85330049747383,1.73921585864245
1.60654184482601,1.50601876551846
1.41936593447568,1.35742095456571
1.44099702276717,1.35696501816237
1.71956388293566,1.61689684177413
1.54280322618416,1.46128375901431
1.58330376020962,1.4997728288243
1.58097150483487,1.49850748284349
1.46606755943121,1.40628066547706
1.53225200769604,1.4467897239387
1.66781299189018,1.58874669722657
1.60737324044679,1.51342511206822
1.66881832970154,1.5648978957049
1.73636931220991,1.65186744747377
1.71984978946558,1.64768521117526
1.8840309849705,1.77376838475417
1.63878035484847,1.55821757634738
1.37234257023105,1.26630112478389
1.51554711863072,1.43080222750907
1.78958997678571,1.67725326444062
1.71437260770114,1.64321953732934
1.33544186401813,1.22353207804782
1.77551894612115,1.66677027073055
1.515436112925,1.43000501244303
1.21583360974075,1.10723908731857
1.53536812067137,1.43500660530145
1.73394526432384,1.60258940285741
1.51845656779816,1.44332181236943
1.49152548840902,1.41541855293176
1.57002443427131,1.47581221957882
1.40425055132416,1.33995014192356
1.63590286045083,1.54656344521336
1.43258182770926,1.34699532806714
1.58507989591298,1.50027404219904
1.58221473598785,1.464166568498
1.27690587820916,1.15831569360417
1.66795008694732,1.54115754373496
1.76204235287145,1.68054125624118
1.41722969454677,1.35122519550903
1.61032524701838,1.52957457317239
1.49909879843953,1.40063501591041
1.6558921390382,1.58238687916628
1.46526818169383,1.3846578772503
1.28725341421448,1.17239312460354
1.64998960199251,1.55832145219747
1.68457891909548,1.57840946739681
1.34216539564137,1.2821608283851
1.45382782591692,1.37535528559575
1.44394049384668,1.35671853647995
1.65599679748657,1.5674228618471
1.54209095418555,1.45916162286354
1.32794442401608,1.22957425350169
1.39291903216585,1.27618159912028
1.60315417250129,1.50456770563615
1.41461719753647,1.3135665255544
1.35019550958102,1.29014909590876
1.27257129943762,1.19921038461925
1.39540322866834,1.32291417279433
1.68924511890489,1.58498712874193
1.79588631606215,1.70288551358639
1.43481695405978,1.34523146756379
1.65044895763078,1.59053653195719
1.62422017691225,1.51011408348256
1.73265825146482,1.6281332781823
1.37079952665916,1.26771377665684
1.70079538778344,1.60246816803395
1.47690357032979,1.41277225039485
1.52794643228966,1.4398951028136
1.37557395480767,1.28047267343196
1.4698833824873,1.35681002184897
1.58631071652904,1.49251785459184
1.55632113094407,1.48180428006864
1.56833279863837,1.47817310926197
1.57963830316087,1.48841356657399
1.71688222235364,1.58918054595913
1.4164048065844,1.32601646470431
1.77683092693581,1.68892985613671
1.24393169290627,1.1336309659862
1.54075561288309,1.4642646562241
1.5757826821797,1.51736073605873
1.34285070061349,1.23189798261201
1.65647496440184,1.53104020868939
1.46139918983201,1.38510100052901
1.33018588937057,1.18343189017999
1.69826909406171,1.61503303263397
1.63848438030886,1.55006979719043
1.53914493543019,1.40152320082395
1.65713066184964,1.5659862861004
1.8063631318824,1.7276593116238
1.74694169792928,1.63533441032502
1.22278884758878,1.16221227860157
1.54281111381677,1.4518124153479
1.43810508895793,1.35196329340564
1.53501783300705,1.44847832751314
1.41619960997953,1.32364436875763
1.76700646391215,1.65931576175329
1.62386648589098,1.52456513489242
1.58813959966221,1.46616196897505
1.20906392750259,1.12353194501632
1.34083550676427,1.24666047648395
1.48367689486625,1.38802470941586
1.7124931048355,1.57589997942643
1.57705281446354,1.48434103148123
1.55057192340383,1.43615760150052
1.64513924775565,1.55412605387403
1.46934134037524,1.39973531780381
1.57206236813354,1.48224741658529
1.6969611963383,1.62444424947964
1.39601202952062,1.30670212965184
1.64674136867654,1.5560785871283
1.29139018991899,1.19899997731387
1.59152663991767,1.50264907795201
1.65948437245313,1.57528250894134
1.58560995199494,1.45768858302649
1.4511856627075,1.37527121206544
1.52073572290428,1.44948194517286
1.50899947661451,1.41345105552591
1.44924107821839,1.35668806262265
1.50083745035094,1.42250978519473
1.66361957889907,1.56457838260178
1.55951027588559,1.4626071900763
1.43507176633662,1.34776438685494
1.20872778749095,1.11181536267932
1.53970846411841,1.45481674462413
1.59218386031738,1.49461076724411
1.61164139945903,1.54275766544983
1.88555851640565,1.78383660047201
1.56632490419607,1.46302052636243
1.38444714187574,1.31849854490417
1.69905821031803,1.61858490163932
1.45064879867623,1.37187437730346
1.63766350268133,1.55166802893414
1.55442524239423,1.46993025280708
1.65212868133484,1.5304650820787
1.52589079207832,1.44442822179558
1.5177953617242,1.44056098652986
1.50020972955108,1.36460807731618
1.57884614670187,1.45754925864607
1.59655987268461,1.5262739458755
1.17018774444852,1.08573397333427
1.68453728285536,1.58472213509793
1.68381310382207,1.55038122279962
1.30385271932873,1.19101174646003
1.25194381021492,1.21258907332715
1.58307983292471,1.5041154166808
1.7540738808168,1.6674484763277
1.42719975107347,1.32425128805144
1.6329423458487,1.54172342309494
1.31470913878059,1.18353862272939
1.53917582380311,1.44850776192258
1.57534436134272,1.49603815002253
1.27137953577012,1.18031126779956
1.44992551105923,1.38686931914002
1.71561157126857,1.58859186989669
1.47856477534622,1.39349400548064
1.51218335986096,1.42681169303792
1.46920169639977,1.37069729627319
1.77884512540174,1.68315785454019
1.48139447839542,1.39222502721375
1.55864235131047,1.44363477484448
1.45465065946163,1.37748209775584
1.64230698719521,1.53519965225667
1.41948173253597,1.35347378234167
1.51022785586123,1.43896413624478
1.58168029435583,1.50089616190896
1.46009474776515,1.38793907449394
1.56935710491717,1.48300720903543
1.5425708886854,1.4631694856233
1.34894378467617,1.29537759350672
1.76668225784227,1.69040235347754
1.3404062094542,1.26686859728833
1.30696273615254,1.20530551559752
1.59083951615758,1.52734379570633
1.47593914451836,1.39262078247953
1.67178115214367,1.54810277457553
1.62809495136426,1.56785842063472
1.39742956154733,1.28455340230537
1.44691510857574,1.36801326424909
1.9434945123543,1.85419892230888
1.32180977124413,1.2292773190008
1.27881111155146,1.15084051957753
1.62744784023712,1.52459678151741
1.61939781854129,1.53161109603116
1.67354715427802,1.54544253611975
1.58349369353672,1.50223367815748
1.41441758575867,1.30505557290959
1.56665448498559,1.47009738695896
1.27413938084328,1.16317708604679
1.63131686179818,1.53876379927864
1.45473699329622,1.37944324317081
1.63056880765786,1.55906213742551
1.66747546518514,1.54872202854001
1.54921436658868,1.46277401930452
1.44153891883032,1.37233151662682
1.41849996764445,1.33594830994301
1.52490345869017,1.42355143499148
1.45632140808402,1.38506444542839
1.4562444559746,1.37561008051641
1.6573075049776,1.5825679323408
1.72522956745455,1.61815814965983
1.57606818359413,1.47932109417319
1.62872077044621,1.56039959866161
1.58777010856759,1.49277103125171
1.6053179450908,1.52576648553123
1.31416627435274,1.22046159145671
1.42940861515334,1.3706711143831
1.62135143657648,1.51382157098941
1.5893226732012,1.49260574418434
1.63909728369554,1.53743330799046
1.68643995293472,1.58571339043764
1.55057874050087,1.44266329272147
1.60195015127888,1.50987597352554
1.55465049263537,1.4624872612709
1.57518861330679,1.48548233777426
1.55566943658087,1.48033087382025
1.53388576214812,1.4261067480053
1.57771498177861,1.49628349052672
1.64009121929142,1.55153344332988
1.53995874321675,1.4531454761726
1.62719728793031,1.53442830882093
1.52990932564255,1.44944105117342
1.57493045203875,1.50000837966071
1.4721078866661,1.40824319147402
1.64227018933847,1.55617682254303
1.30880642742122,1.22781449892075
1.62921125161207,1.55385825384747
1.33956931840842,1.27437965874831
1.40269068655493,1.32701799220863
1.9163577026757,1.81427560603977
1.54495817757281,1.46706443587224
1.67873107185132,1.60590476614914
1.6706946702527,1.56611872231871
1.54114436270625,1.46565152946302
1.67092931011065,1.57954585716852
1.7734652080803,1.69545786796092
1.68101985287001,1.59623943976695
1.29900138404101,1.20797021340468
1.62716588402673,1.55755197736062
1.58557837998922,1.49609672441945
1.58538330154361,1.49351403916195
1.59230603057721,1.50272750713182
1.50117435020552,1.42169664564876
1.58851929540241,1.50745745786914
1.53972809993351,1.46303702900362
1.61851884690861,1.52040975898465
1.53512128948347,1.44863829961121
1.62396431219292,1.55199385029477
1.53953414861022,1.44582403835716
1.49428649931542,1.40951575539772
1.45614273992671,1.39230277683091
1.63410741633626,1.57360187447253
1.55063023381572,1.46172867737909
1.41511036570708,1.35072189025014
1.36702551241879,1.30780278029215
1.55488062572695,1.43846682343494
1.68184550956169,1.56889879618075
1.73980712436348,1.66323047173084
1.66994724602734,1.57599918561269
1.25380907813586,1.1301506966716
1.54237382755677,1.43605322611268
1.45469663991284,1.37344727618123
1.47006785131159,1.36806673756063
1.62989533911724,1.51026148846817
1.49237487689924,1.42622227907059
1.16723218090241,1.10105827545099
1.45031807515102,1.39007993431702
1.66750480885652,1.57511560808621
1.58353589414314,1.49728455561927
1.68615492314566,1.56571910004674
1.52417800696463,1.44606351121803
1.34642966474001,1.22507879104938
1.62646131915684,1.53338325817504
1.63265631931858,1.54113602614105
1.757689313978,1.64371411197762
1.61513614060639,1.53652131793719
1.14940223450791,1.04007494216423
1.700808772524,1.60464325548767
1.60218320622899,1.50297932291005
1.50227910317589,1.42366406980491
1.43809141552207,1.38101507116192
1.68689152780261,1.57297611421088
1.50445311606571,1.41494505410773
1.23432930514066,1.13154356488652
1.53486014009668,1.44704404326621
1.54762240996574,1.46061921065376
1.58200852901933,1.43782622948235
1.74487411553765,1.65163940877006
1.75770868775586,1.66898977329386
1.58373550572624,1.50646277732187
1.78666920534277,1.68352818021683
1.59796132226613,1.47330306618339
1.95493123270083,1.86702354771884
1.24340233031464,1.13801684289116
1.53173709116669,1.4143301564831
1.56419990176249,1.4787044959698
1.54330815220766,1.45605043562337
1.4268627631675,1.32122437829927
1.67309214726012,1.56956380277621
1.58708535067065,1.52759575119169
1.25930621949981,1.16099913609727
1.70525239586895,1.6257754961221
1.39703605822747,1.28165547498334
1.43204687348277,1.36900774318036
1.58640236333711,1.48488089343883
1.60646571963113,1.55344260985919
1.52055264800536,1.45712160543507
1.51020876139751,1.43210629106906
1.63159148224166,1.55133874063517
1.54967591169456,1.48068607224137
1.66723791138207,1.5944616799143
1.6806577297563,1.61691897450293
1.53048034544329,1.45495967272059
1.48751385448134,1.41088151075957
1.67286080473772,1.5740102422196
1.24340592691456,1.14076838932831
1.3939180557794,1.31572458542402
1.56833852296538,1.46322624739379
1.5616457047632,1.46967072885132
1.68531751463554,1.59322484812065
1.3613360273856,1.25526189001517
1.48744384638677,1.39361455327874
1.54229511468539,1.44222366687299
1.61718759534848,1.52197211172242
1.65381400635009,1.55763231060206
1.57741470847388,1.48296509994632
1.4204443164812,1.3384746792159
1.42911541026456,1.36063172535668
1.5024580504365,1.42044013462966
1.71578723101493,1.64892089850251
1.65462361720886,1.56583998050507
1.62570776926873,1.49844653599083
1.45007092227627,1.38661656702806
1.51604857733056,1.42392840119322
1.72630207736413,1.62615306884727
1.56122377484782,1.45579624713757
1.48836051300642,1.4079090984288
1.56525693542344,1.47948169383225
1.59683754362016,1.50027371678457
1.72277269073245,1.66651222842194
1.50556576324028,1.41209562157508
1.61110601895728,1.52746276193285
1.47594742290837,1.39531547231482
1.53637942811336,1.46521440657919
1.42224789746965,1.3387489286666
1.4953160260885,1.42048688609907
1.52755810921667,1.44856871782619
1.3535974859254,1.22870386126328
1.57937565596367,1.48860794178867
1.86879920804434,1.78469087923434
1.44430203511111,1.36763523225728
1.48811913612428,1.39079053137944
1.57942709464961,1.50220734455375
1.34401868538989,1.26139486086662
1.3916109388958,1.34131930971927
1.513130573701,1.44339134481143
1.7438845532059,1.66417937650965
1.43292746115041,1.37417964881751
1.9048123831086,1.78671127180186
1.6033432466874,1.52945854148938
1.4650005842115,1.37964003711031
1.66293220027226,1.53365414162145
1.26112439102555,1.14686484233862
1.62001961506561,1.52754793388058
1.40363970739824,1.3580269138965
1.44978972774922,1.3946700483252
1.58636025965528,1.50794212509485
1.56520758129423,1.4737327550476
1.59868348364104,1.51331182345343
1.530192951459,1.44367919885698
1.41699694673708,1.34743969804963
1.41525273728986,1.33229356207171
1.70637722191051,1.63106011778196
1.4157386245183,1.33622869988535
1.31575846225333,1.23955361501632
1.41085909795331,1.33912121101788
1.38305472136102,1.25593844030492
1.4958908524897,1.40582097471134
1.66476800005363,1.5803136912943
1.63949742874331,1.54407814968446
1.44160380529674,1.37051384656897
1.60395960951756,1.51381441558714
1.56949131385135,1.49451833072919
1.63685796174199,1.55063928580442
1.48615001876336,1.39283225191452
1.43798527133828,1.36513531871903
1.53177327186335,1.42686243382493
1.68551049184948,1.54902376134824
1.46535400607346,1.36667255560961
0.989942659455179,0.903480975421025
1.61990663831932,1.52191536156308
1.59861592657923,1.50365616318736
1.61352573347525,1.53387012082105
1.56067085707109,1.47856442151861
1.34753815743344,1.25266056954176
1.56012096273629,1.46152174331165
1.51112355117782,1.39482691736296
1.58874953689842,1.49882024030521
1.43548569151918,1.32515897929764
1.68187657203722,1.58027333268815
1.48873312818615,1.39729508547252
1.72456903099761,1.62572536497776
1.52706102225666,1.42760383740377
1.65119365037056,1.56834308745968
1.78643923018867,1.68345100732917
1.77043559837233,1.64081024520699
1.69320624516603,1.59751374749612
1.56012010756502,1.47824189742957
1.69788468584396,1.57733992779928
1.59226466718857,1.51007451339277
1.40805537474726,1.28843116814614
1.57797266710988,1.48725036161996
1.68744236139119,1.62444555435705
1.34389548644595,1.28390847257397
1.5574424817976,1.47107592341437
1.56846369450124,1.48702891319595
1.58826628101492,1.49872990056707
1.40017737500797,1.2915064208704
1.47503187789149,1.36636425257478
1.59612586953964,1.49942859042357
1.39616099155573,1.32431206417518
1.68020813296449,1.57807569883777
1.51404663703334,1.44589589364097
1.59004244911561,1.48864003867694
1.49403894550884,1.42955951022963
1.587325085106,1.506599671545
1.60966066661661,1.53164613174336
1.64656170040639,1.55283567181327
1.56099837705126,1.49617111152768
1.53877994090764,1.45215462961941
1.42042764476471,1.32230392212312
1.618331527695,1.50369650062583
1.54331212944725,1.43840656741878
1.38283799072734,1.29734270762105
1.66377944948271,1.59845415855969
1.26947505271753,1.1384840769219
1.6045319690848,1.53669681833373
1.60544095407279,1.52015835371872
1.73218982548815,1.6467623807075
1.53016765866715,1.44673540882312
1.56677669093028,1.45722036612092
1.5309822511888,1.47899904689264
1.72235033596357,1.65346800875199
1.7140724828867,1.63225864492317
1.5850821756026,1.47626941960975
1.57270682866163,1.49947017561321
1.46676933878756,1.37470246607516
1.20152031964333,1.09862615384832
1.48872818210988,1.41725617299658
1.63134312477474,1.54216609224659
1.39329913044947,1.26428917419886
1.62945519975544,1.52505762033671
1.57837412071165,1.51212575729421
1.47480330391961,1.40495037092032
1.4475595732023,1.37766447169843
1.52693444441339,1.43460996345969
1.59292530303899,1.48499915718663
1.64454952460983,1.53419877590729
1.41271524197699,1.26532892043882
1.46474702515163,1.39634178921388
1.58829528656717,1.49323822558607
1.61615456923862,1.54440436626979
1.43972092281002,1.36460719860209
1.39279103761785,1.30911948216631
1.68725861518375,1.61176307037941
1.6208982588135,1.5668031265589
1.63922334290281,1.55539681590278
1.46594069325655,1.37522156324778
1.2375385600655,1.12013149505454
1.57381051159525,1.48371732438433
1.65889217076439,1.54762369346032
1.46319606666377,1.36746545379243
1.5405261444217,1.46663226728668
1.3409948917074,1.23513706625487
1.35230901558764,1.26529100285182
1.67922112162569,1.57701366231379
1.70400728303881,1.61595298463063
1.70269746865143,1.61645731396562
1.46727463580662,1.35384396038353
1.47649616874798,1.39359732038047
1.53854121553728,1.45994947669283
1.57792144264572,1.4960767076837
1.65904502242077,1.57492352546869
1.64493295134525,1.56558913118358
1.44647582849748,1.36973514174957
1.44490780083303,1.37526151617624
1.5208303297054,1.45436430603177
1.57175239444063,1.48114051309675
1.42927311323893,1.34193252381672
1.2730837968303,1.17566872027804
1.3580707116299,1.30520541047749
1.4893752283456,1.40214982848213
1.47646888156145,1.38308474790396
1.44516465661606,1.30384761833631
1.44111843709804,1.37570454692235
1.4987082235564,1.4378270317539
1.46606066473069,1.38232178414998
1.56373603083142,1.48482189523586
1.51792137291869,1.43630723433136
1.41240580147121,1.32698251907811
1.61795458117743,1.54420537599731
1.17583349691788,1.06807994970288
1.49929414648045,1.36388227353307
1.20715340033917,1.131451084105
1.46566311967539,1.37966972760713
1.61438794850657,1.53295015400982
1.71424405653429,1.614335787498
1.28763036873513,1.19469580779966
1.51612839610514,1.41689908459864
1.39771295085479,1.28009932490171
1.4222693370243,1.34696573415932
1.52214609382972,1.42333632569994
1.45617541990119,1.36475242859006
1.63547085695675,1.54190310289393
1.42245628861925,1.35959032546211
1.54288514477142,1.45909774452328
1.58763082086691,1.50516927410042
1.81399397669296,1.71941965405836
1.52008785421802,1.4361882912181
1.78910990014735,1.6933545006282
1.44392918417776,1.34100517007956
1.48416064826954,1.3591212584583
1.56232209072858,1.47633571231878
1.69885847620461,1.62889579418631
1.46453557213827,1.37934564915031
1.51071137235949,1.42379456547071
1.4385498436714,1.33749676754879
1.57371630190951,1.48285783810286
1.25993709195244,1.14209694899158
1.53365763970385,1.43172200529627
1.43815403824386,1.38361194099234
1.56847767918735,1.48052904446053
1.65972876885224,1.5699092834219
1.34136311426678,1.22635629414665
1.4276422208654,1.34036401394237
1.52233079301252,1.43854657448872
1.65274670955982,1.5251457457922
1.60897830657542,1.53868935930155
1.47762568281801,1.39250520132538
1.52516621017373,1.4412029808517
1.84876552047411,1.76251024717947
1.60227027140999,1.48829915258238
1.60534455475522,1.51354863839613
1.51968721286875,1.44562345236899
1.49895139152171,1.40548633662004
1.50051686587931,1.42409557934525
1.40055334243488,1.31581993145795
1.49902356067404,1.41350735014293
1.72986265583198,1.65888583436646
1.6081440294798,1.50447225491681
1.69279161148775,1.5928870924756
1.4621673569241,1.35432061946193
1.59522025375209,1.48961138075515
1.38324326804166,1.33907846966269
1.7523941762308,1.66117422371133
1.68076759523683,1.57103100834743
1.61016576743405,1.55545060345541
1.34675428524052,1.2152672133627
1.58917571608415,1.4930955356472
1.61561326912969,1.49616889587393
1.59332404997131,1.50188043243136
1.30690094021521,1.19758200491676
1.66337189890514,1.58153912278495
1.24806278915071,1.14310639408364
1.62015690996665,1.53374807562785
1.49046686017806,1.42423743958033
1.6564685373887,1.54725872832808
1.73255971029768,1.63737333149959
1.49530788061136,1.38095364396979
1.66298122419808,1.6021476119611
1.53561653170844,1.46660778579883
1.64991792361388,1.57548395135657
1.48600859258225,1.39868058280211
1.61106561540094,1.54339849711503
1.56501566916148,1.48889145108176
1.60975224774907,1.52325176956545
1.30486826500084,1.18149443855522
1.62029822213468,1.50593196899664
1.45275507356179,1.36654598075884
1.7682677825829,1.66122515935033
1.4983120016467,1.43130779644943
1.46987630674042,1.38348535887454
1.55600670840392,1.46953361194066
1.34085077212507,1.24574053625313
1.50415846241685,1.42272490902076
1.64262475710366,1.54653918584226
1.53207639688589,1.47417124895673
1.55580688580207,1.46685707340652
1.55392409875675,1.47752557916145
1.5607876241076,1.50348575194234
1.48814243599131,1.42146046178012
1.49724957659169,1.40825770127054
1.4731982533439,1.385621333676
1.62048552904762,1.51889084099315
1.54460881214631,1.44697781789623
1.52763382928568,1.464382156856
1.62212825687928,1.52250883299747
1.44064949877059,1.37661088438162
1.58904818712807,1.49987917304499
1.7060257180303,1.63261501473714
1.53463641310453,1.4472003982783
1.55485122578064,1.48766719231243
1.63872234818129,1.53555364900748
1.53669714326163,1.46682969276536
1.55750065393503,1.48726775992983
1.62882364016977,1.52859006291514
1.66000987152072,1.56450276219756
1.40440193871887,1.33566630043004
1.6231489673729,1.50136731323064
1.61440850027429,1.53243494386793
1.55122845921421,1.46848395069778
1.34298241006471,1.24676452315237
1.60447455910157,1.52390608988823
1.51327290756868,1.41600801899366
1.53274018223566,1.45381390512579
1.41034080951508,1.33721087975629
1.49649975605924,1.40388981719041
1.72999244512769,1.63339394446641
1.45199083957777,1.33543615378696
1.54883638212691,1.44481749443676
1.46960805134849,1.3980049782544
1.3038728126945,1.18644677192997
1.61022812092458,1.51133296105937
1.57722704048932,1.48855571812801
1.70389115746924,1.57939818749044
1.65422659522218,1.58954032140398
1.53774615402195,1.44033058562483
1.54319024938739,1.45448976658106
1.60195274873312,1.48686630950685
1.66627941885107,1.60422931353324
1.53788825949095,1.49508625408137
1.52028931960327,1.42464680010926
1.4555219593933,1.37113450240004
1.29077450567277,1.18488940105482
1.48996272313412,1.4100827779506
1.58380207914182,1.47193335692273
1.84831068191349,1.76219859194625
1.63693813041433,1.54948907107595
1.67603655561672,1.58072769855833
1.578410794584,1.48074914781609
1.60458327920981,1.50074132651578
1.43670286562375,1.36297190614668
1.35471861405482,1.29942708867964
1.55977912601039,1.44942200794624
1.6125707234136,1.5292801602558
1.51811926574355,1.43339882482227
1.71509450097774,1.60353643572039
1.55122367839674,1.46517483632517
1.5393912858131,1.41642565684455
1.06915956822954,0.965007126069193
1.56634364009473,1.4761423288257
1.62276983756122,1.53955252743623
1.616093229489,1.50880278004124
1.31902240340374,1.22056159145708
1.61176187316642,1.52118221647111
1.54565041121933,1.46670380918851
1.51616536905448,1.42905463390936
1.34023603866184,1.21546463333767
1.59000014067922,1.4896121843426
1.51866059354496,1.42059858631652
1.41108166210031,1.3525810582108
1.50809439974492,1.38072466435948
1.63467690517903,1.5575503113369
1.51968343862237,1.38749044113688
1.79525093177941,1.7047005667966
1.69581764439029,1.60549492338501
1.59572738905546,1.48937477171203
1.55238835705747,1.47431998326388
1.31417382733169,1.27326686695247
1.50063155633877,1.43617714584814
1.45385738961797,1.36669462913717
1.51833443475202,1.42857033236058
1.36575942391066,1.26276669354664
1.6532124725472,1.56009190248928
1.50376328229628,1.41848825794418
1.62227785105968,1.52112842075149
1.35104409070021,1.27652762638651
1.80476330123118,1.7175622547929
1.63210833247479,1.54261371173445
1.52554632066961,1.43232634173724
1.48897286812515,1.36975601944036
1.60554916080897,1.52763856568141
1.52338140208093,1.44278550974252
1.74029798081343,1.63311275469507
1.44778307397211,1.36456007560636
1.48979970929699,1.37256358673474
1.58306239523537,1.49510289150784
1.73410308371288,1.64460588004661
1.6797051367787,1.56993301459205
1.61870141636438,1.54157847853542
1.53913320339713,1.45011072409313
1.66615705592074,1.61010818062713
1.5672072265081,1.47133893339295
1.70902428338102,1.61329358781737
1.54820027081399,1.47458566816958
1.47347213940296,1.38076889102449
1.55776521366591,1.47315769863806
1.60843565534177,1.51532212501353
1.10619746787519,1.02913507094449
1.54741735055424,1.45248721103149
1.23317688165955,1.18331680574005
1.39141284625176,1.34006275100398
1.45999221799745,1.38755276602041
1.54690232072411,1.42988879010229
1.43598294163487,1.349234399763
1.65386033753887,1.58278976710677
1.18771342796534,1.09698494664409
1.4131525826599,1.33824337419442
1.45996081709852,1.35803077056008
1.57789414676068,1.49747027486772
1.65635994474161,1.57232412030015
1.60648474552103,1.525840868971
1.29073952516287,1.17614509895957
1.69389973330368,1.59294862914194
1.50393365011531,1.39261761711826
1.90524781228245,1.78397323235398
1.59300533330248,1.52715502788269
1.61286049425321,1.51700490991548
1.6131469144304,1.50406895510423
1.33281634615599,1.2484109166982
1.48929363470947,1.38315709227047
1.4325216555765,1.34434840808819
1.61706992423993,1.5170145033085
1.35900396340049,1.2323818578483
1.58514770064036,1.50103160774519
1.7076262874462,1.62156869813533
1.66252547650804,1.50316377625233
1.59108778762518,1.49102281011033
1.43479222018121,1.35614760284812
1.54279427388011,1.43505787888286
1.48414949794388,1.42706963818204
1.50496335017553,1.43100970052814
1.6933900402657,1.57905403290841
1.44279504256632,1.35895173285792
1.63085252353426,1.56589599106589
1.43107335285836,1.30795503904698
1.66590133888461,1.55893355032823
1.45425334976894,1.32300987726889
1.56547598330781,1.47025460183773
1.34294084167468,1.25557468635888
1.5590963172181,1.46768798233183
1.57948889066336,1.43011882258953
1.49509333895028,1.4142646852818
1.69963556451902,1.62610079711326
1.57071196408019,1.48397603921125
1.78611997145514,1.69830859127658
1.81177995447499,1.72410109808927
1.55307831154407,1.45573002447757
1.33682459078859,1.25684786060141
1.56954226707396,1.45859639872897
1.82563566491066,1.76361418274634
1.53822384690687,1.46016622991046
1.61882995333188,1.52323459926241
1.60715211100232,1.52231855773952
1.23665299002522,1.13133426394432
1.46229870363676,1.38118837924561
1.64805910628226,1.53073883715954
1.61679653715619,1.52331407197504
1.69952945634226,1.61224290805236
1.20037007083499,1.0919884369644
1.652165703537,1.55276003473446
1.52845781231583,1.45121200730242
1.54639763686339,1.45112065811232
1.1989598938721,1.10450095284026
1.4857793740654,1.38201018643945
1.64778315920581,1.51293384477289
1.34560314240434,1.24063503314486
1.58646911239428,1.48108118260977
1.32059469926359,1.25145610264194
1.70014542334208,1.5891177039595
1.40437782241913,1.25194194631518
1.57022626078529,1.47174157129474
1.64854721603041,1.5345640884427
1.39101414152478,1.32323945337775
1.53488619709664,1.44781242861824
1.68181004114888,1.62371018390837
1.56164376014665,1.47727501128449
1.53540211086588,1.44133237886973
1.54782922333668,1.45326003340865
1.3601853124405,1.24026505076394
1.58404947883168,1.49092223976987
1.35055736173296,1.25059728915382
1.5561317502662,1.46859135748684
1.67912900400883,1.57098885878558
1.73488183580877,1.64361235717332
1.7164907480933,1.61125705394213
1.50555679490555,1.41007447399469
1.4242175626501,1.33892149363802
1.62015478918657,1.51217983060767
1.66742406283216,1.55786798949525
1.39817307866685,1.33992353337008
1.78371452902323,1.69266427366941
1.72747938349602,1.60579641195855
1.19784337598631,1.0837259906011
1.66399013259534,1.55990943714979
1.58690904228142,1.49312158665247
1.90476016869834,1.77694211952669
1.69609011916262,1.60435903137265
1.64927828003979,1.56573018048208
1.55858507158922,1.46496279874663
1.38786111411301,1.32772036995818
1.60268931653609,1.50215191802107
1.56269754228551,1.47584472562842
1.53804912540443,1.46087817090512
1.45271558941893,1.34341972549482
1.62389368935967,1.52962947207294
1.73481326723217,1.61155945562088
1.37458143975582,1.30422267323897
1.6860618949716,1.57551977109673
1.35099358068791,1.28361454374787
1.53358008018674,1.41429317279047
1.58903093445147,1.51143647788874
1.4566687373266,1.37963031237235
1.6891401786045,1.5675623559951
1.54943221608168,1.46833325790212
1.61239191376262,1.50655129108571
1.63400083513613,1.54553640687518
1.56195928942453,1.48378491290302
1.48530879570326,1.40710768813818
1.64357955615591,1.58647233772012
1.79414169873309,1.67247426361937
1.70683116562283,1.60642287151871
1.45155905339254,1.36785658754023
1.58668581539328,1.50183397324406
1.62504838112425,1.52409259533805
1.47593914562428,1.39725096694384
1.73003289025916,1.57520865847075
1.15080338273296,1.05554614749477
1.59880017991926,1.50504246231073
1.66526173877064,1.56526648205102
1.56491091932006,1.48621167681175
1.65433858138169,1.55699369423966
1.2373716046265,1.13829417242709
1.70136442019616,1.60091631400693
1.47997941539433,1.37913482254623
1.48530620415837,1.38586714488899
1.48881573326279,1.4236324804908
1.48558569412114,1.40754038676446
1.54667430070664,1.45810558172065
1.83773583276633,1.71826904834188
1.5789385140756,1.5008015074082
1.53135621178365,1.45985952385938
1.65167832954838,1.58085601159486
1.55591724633331,1.46283661678139
1.40957909824543,1.32574884724118
1.53859761372057,1.44731900813979
1.44016955962009,1.33163020420056
1.50082292871243,1.40578465682307
1.56895821197362,1.45885421916817
1.56276608642151,1.4920530644686
1.28243901080934,1.1662337581945
1.56772449961512,1.49210339166354
1.59440760710701,1.50908619682813
1.63770399021369,1.57096609980755
1.56148038903787,1.45203165533745
1.61735051567516,1.48805597400007
1.52021190279883,1.42775477873789
1.51955258448009,1.41407585746636
1.6774353292878,1.58800946827228
1.45020207461986,1.38043069917504
1.64041542894836,1.56242749921644
1.58707829439484,1.50508279852772
1.61249315527277,1.55884896077302
1.55726551775296,1.46022196697117
1.48718756862957,1.41030548747377
1.76627001367276,1.63276300606939
1.34467188587189,1.24650962612198
1.69784778056532,1.61991047762595
1.55238408721092,1.46134722840814
1.4722299440229,1.37800993949977
1.46294034950669,1.38002411437088
1.36319033972717,1.27121055887134
1.49620496403899,1.42290017085527
1.38491407369739,1.29398418870317
1.61809823597687,1.52722195868839
1.6215316922065,1.53189751201558
1.45514612863693,1.37644090506336
1.36239789248123,1.27750952380381
1.3650691911184,1.26160422387946
1.21775808155763,1.1119594499557
1.32993933585859,1.2436964337838
1.54988295069463,1.47364787134764
1.29380439144559,1.21916340461438
1.65519438352051,1.56572191337239
1.32024651971307,1.22591578775294
1.43922803863452,1.37666227582235
1.59351029221231,1.50174689011105
1.31637985816367,1.24947906067338
1.51239258662991,1.43853684638774
1.41934011750791,1.35288103257509
1.55197225626284,1.46019439980024
1.12763683953271,1.03562897207781
1.68010214796033,1.55769348260043
1.37600353675843,1.31852380375573
1.45808442513139,1.38596746792687
1.44005383690653,1.36399510005411
1.34078222753038,1.24748806291639
1.56029761562003,1.4619751925635
1.35464128209687,1.26107184209422
1.48058708386182,1.38161516856699
1.81299155382289,1.69190637568958
1.48666486156115,1.39960217904698
1.2983081245818,1.19937302186148
1.46750912403809,1.38914021198125
1.59444592586693,1.49863896569653
1.46189432568752,1.35337869342375
1.73337382275903,1.64064830812646
1.50328673304304,1.41562862507404
1.3276207226629,1.27939954187275
1.54995566108266,1.44993272482219
1.64653106445198,1.56468129299528
1.58300289488258,1.45908580167845
1.27765098284072,1.16530991091839
1.51234036684221,1.41615640228611
1.34924834427485,1.2465495427901
1.22515342277698,1.13124361478405
1.49154271657395,1.4054675801465
1.50597913543671,1.42834649916391
1.5363312092728,1.4433655709444
1.49063130818213,1.39657495314094
1.57035954353142,1.47431640421773
1.10090480600437,1.05352837557577
1.53381015655924,1.39438120432372
1.39226367603314,1.31394271857508
1.59814529731394,1.48772534503465
1.48640765229486,1.39867747749564
1.4414231121124,1.34909660160611
1.42643976850488,1.34346516726256
1.32802603689659,1.26624007053469
1.59916099698018,1.52108281749826
1.53555718387964,1.43596938339576
1.38571691411655,1.29203629345077
1.69704369120035,1.60399763018479
1.29050679712136,1.1670719495878
1.26365814438002,1.15362894797477
1.63364855527119,1.53419831960979
1.57306750876295,1.47375132148693
1.31930571537881,1.20735807078213
1.21266899580532,1.09454382751657
1.56092958166448,1.47875563251092
1.6909533509314,1.56092891977431
1.526054714009,1.43748155393504
1.69958413348664,1.59370954342538
1.35730486301615,1.24923782313026
1.39993744810689,1.337402673965
1.41346023589009,1.30602014974647
1.19811582177838,1.07557985449727
1.28596492899698,1.16834913656708
1.49991710119833,1.42302882303273
1.21947162991676,1.11422652145844
1.62134581764839,1.51995725096376
1.42895429213289,1.33119732615289
1.73020131618195,1.60919281861938
1.76870728282392,1.66750744169428
1.77870289328135,1.69204387417646
1.66989974613005,1.60120524653674
1.44866014939894,1.38896325330746
1.43469141078802,1.35494127542612
1.7998099350504,1.719123283353
1.39647470111467,1.33212533734496
1.57111478673858,1.47678312902733
1.47499832701099,1.39738870909747
1.65948279129686,1.552513480773
1.48156821920232,1.40387498494342
1.75323755669548,1.68355871173127
1.67312142433903,1.58580107674019
1.40315551261109,1.29746812457519
1.62659904456567,1.53071862284377
1.59922358645144,1.51899870328886
1.72254947338792,1.59730899741348
1.69494339341923,1.60714046053442
1.45446844771982,1.35061529729624
1.2915535579986,1.19035751212947
1.6910489361221,1.61232669693584
1.48229905965892,1.38513730089495
1.44652805050366,1.36327370354158
1.60916575037029,1.52280254197023
1.35078573831795,1.26772025694588
1.42403380011518,1.35584036364552
1.5789510383579,1.48450606693735
1.4639818517161,1.37318889318161
1.50927641322627,1.36390917140679
1.45291402159778,1.40598422676068
1.54134527590029,1.44772910956182
1.32329938693728,1.21725467540975
1.74845086940944,1.63656759099449
1.40715209272237,1.3306887419668
1.51872534071476,1.44113593192219
1.47047442493697,1.3946205575597
1.52437844308814,1.45266137848806
1.51328122513641,1.42946442173721
1.67253130847165,1.57805255434063
1.26162704145868,1.16793606346624
1.5559499015066,1.46844750530392
1.52758964237666,1.43784308529141
1.43144831349761,1.33518908689052
1.69162779195147,1.58241632457562
1.54374310919243,1.45412392612832
1.32742558347756,1.21156388441224
1.3054476276458,1.18945790919373
1.55045508257041,1.46504552756077
1.49592873396994,1.41108244379474
1.47133836648234,1.38024647620974
1.63229194696879,1.55327802356999
1.65792086239919,1.5691449923052
1.65709349017623,1.57036035663697
1.48786444602205,1.41019860733961
1.53131009559497,1.43625095388667
1.63640393834409,1.54473417223256
1.52485434409966,1.44830812145784
1.59735385421109,1.51137417007241
1.48227312973029,1.41268247535356
1.56485551077994,1.47959222380072
1.33491201324313,1.28282970879958
1.64670966150713,1.53180692463287
1.73545726744813,1.65146876821161
1.4876258233056,1.41435923968205
1.33700216936646,1.28378865359513
1.83108536265102,1.74672900312376
1.72473034384792,1.65227469173269
1.33404840881851,1.23347270124838
1.60254638409663,1.52218915606531
1.68621281287421,1.55409818128961
1.58229647704909,1.50058836217768
1.67617371969357,1.6088298624275
1.46943945653459,1.39475853647797
1.51590916308983,1.43338718628624
1.49415084333746,1.4152278199055
1.30086443426382,1.18720866453112
1.71253094597654,1.62388903596195
1.60919379951827,1.54501033597452
1.1844061602015,1.11059958620021
1.46971575285733,1.38328720045533
1.59742092079738,1.51807693107892
1.66510584289613,1.56407307838778
1.46565126787454,1.39014093529698
1.66540928005568,1.5635180748096
1.48272405085815,1.37657282243289
1.46059756485282,1.3751712349959
1.24815284978039,1.12882959999443
1.54733374591684,1.44742345204255
1.71330605195264,1.63443745529464
1.58802429969906,1.50519923295977
1.56722036463675,1.49340664754505
1.51019361040903,1.42196805906393
1.58153700374926,1.50770251137181
1.55187917688949,1.48754525871874
1.55124467429421,1.42827363428549
1.59251350278498,1.49608008128689
1.53643883172751,1.46137833332977
1.85800285199758,1.74427222321632
1.74199614104895,1.65706352446045
1.75519178221187,1.67079703828299
1.37173883555943,1.27315531379848
1.65845584034243,1.5798058276012
1.56127709810253,1.46690493298621
1.2978449454607,1.18386754047813
1.53179214736271,1.45428876729232
1.51399659098309,1.44339452545399
1.44164493769043,1.35280038515174
1.54179259976611,1.45177606408195
1.57250379993044,1.48225371451838
1.42671391066399,1.35160468690903
1.6990785707756,1.57469558356935
1.57274782102991,1.49504683844317
1.77273900576252,1.67536598974769
1.5638704831554,1.47263002718401
1.32933641289193,1.23036007510583
1.76327566471427,1.6863505187584
1.66541576468815,1.55321589215906
1.46015898229139,1.37440599911859
1.33490510913795,1.23535556042592
1.48645896408655,1.41951519378039
1.70480015818208,1.58885992185329
1.40766043413512,1.28383373213133
1.62570231192446,1.52375516102854
1.45910191378309,1.39070150702217
1.66144276475917,1.5633009943491
1.35466389400376,1.24770999681781
1.39432056436699,1.3012204550877
1.5778760962804,1.48650568557604
1.28323436234844,1.17242570398729
1.69455340703283,1.61615852069501
1.74453760940724,1.68509989480673
1.4984100975794,1.41486999682767
1.42441363606692,1.3549451919731
1.70423160313807,1.59305035858995
1.38798789860037,1.26700008900863
1.35452831580805,1.2480459803903
1.63867039439039,1.54127712483501
1.65777959791364,1.54756301510563
1.59216332213161,1.50473683673417
1.59035631327598,1.50817662378204
1.52149323155768,1.4328697059361
1.33482675030408,1.22280409631123
1.56096541239173,1.46642920835504
1.5889380353313,1.51166664610069
1.57292026644517,1.47353111784292
1.59942185563159,1.49938436375251
1.5204443788753,1.41889481209265
1.46079756529484,1.38562001758161
1.25711989434559,1.14434449380473
1.40284729737559,1.2928821921466
1.62803145020944,1.53648316830154
1.51137527402929,1.4221765421746
1.81435491134163,1.7202113194076
1.55999251036409,1.46947692152885
1.65537274758775,1.54746827949453
1.58008254802761,1.48991591063567
1.42963437272177,1.34768142223812
1.45221652994273,1.36394888969744
1.68604636856515,1.5859139321147
1.45334783004387,1.38687867124909
1.74859274698605,1.61851792992664
1.45630695106156,1.33892661334775
1.56811448453688,1.47957788398289
1.12443472153099,1.03915768178915
1.52422582900569,1.44925325599688
1.59822035949312,1.50769275601503
1.52565439847105,1.4340683881153
1.52627544791997,1.44721095300916
1.47377363260129,1.36868215709243
1.49422529496094,1.41316390971049
1.60926178308573,1.51186294618203
1.30256800120041,1.1901236741139
1.50173232138086,1.32124274522588
1.52582890319569,1.45049631297717
1.7841594416084,1.66661879864359
1.61858319225851,1.53704369569395
1.62278107206521,1.5351182897009
1.33281323400272,1.21630374933095
1.46270136684473,1.38289039204324
1.24998916129037,1.13147942283964
1.62496174642824,1.52934282572422
1.6580614414077,1.56546517185891
1.25164563559475,1.13618468693275
1.47753029449911,1.41467458233381
1.92580231875749,1.80202750704249
1.68011392782305,1.57950069303082
1.64032656479999,1.56595669011106
1.55345737957348,1.47813785671601
1.67872925298041,1.60965663630656
1.34800362066694,1.24294867025334
1.51796282866282,1.44405840418357
1.63301508009962,1.54017704861553
1.30974561599262,1.21993739831221
1.50288892430032,1.40031969267914
1.37814743872711,1.23811556384151
1.76293439454112,1.62094801918535
1.71894850027134,1.64044625636281
1.54477914251942,1.45310249408382
1.49193489060465,1.39497720429136
1.36404362644243,1.26697290809473
1.24509896550032,1.14500908445783
1.66409773527827,1.54850359400136
1.72364198775392,1.62127532460415
1.59535761982859,1.47788676587134
1.59773757173682,1.51632490308572
1.43191764241837,1.35930109629322
1.15961652569054,1.04956047038903
1.51123838533294,1.42625116387337
1.52047146598583,1.44309930980013
1.54297979161448,1.45505655827439
1.43335422477191,1.35639380350664
1.23581946349529,1.16278939675923
1.50714454431163,1.41751769438357
1.61120933519761,1.52128511826408
1.5630733818362,1.49054511505503
1.76011398659044,1.641471550193
1.71865025284758,1.63800021069857
1.15831824049224,1.04008525493699
1.62505082101349,1.52081979933208
1.56004184721886,1.47754778387759
1.36072141513173,1.23954598027985
1.44016268913549,1.35154822924337
1.36000799813332,1.30312599602721
1.56042095651877,1.4695197713955
1.39434877103816,1.31370761369572
1.51606995596374,1.44041451698163
1.52229347092705,1.43967868842216
1.70600624740008,1.63611920874308
1.44399856008562,1.38356478138771
1.45796133419874,1.3949878709196
1.60541282689615,1.51403449370145
1.49585328737565,1.41947766519337
1.61785846032834,1.49673622819665
1.623921337954,1.54505597463873
1.22957297203386,1.16034552588782
1.70223714808237,1.5991411384199
1.33985097128144,1.25241272604146
1.40400772403522,1.32673881387902
1.6130955922324,1.5303475264738
1.31750008706797,1.20741156691104
1.57570115672742,1.48731316801241
1.41885155527765,1.34737554641248
1.23673831174021,1.12236258400965
1.58669622436474,1.49080033738498
1.83532812368433,1.75048471344328
1.56556364192985,1.48195543429833
1.63304463824844,1.52841820251671
1.52789498240263,1.44588184530399
1.25477688842777,1.14434515363072
1.44553029677755,1.36895982887117
1.49446739739684,1.41065246877831
1.49046099253775,1.39739305779414
1.52413618100084,1.41383325961041
1.48025619783735,1.38530255785889
1.5408563755696,1.4625315855626
1.73698513414747,1.62793241969545
1.19147635662099,1.08108863460832
1.37150756490622,1.28714363976228
1.44158673773731,1.38120529794291
1.63770238549109,1.53784156077253
1.70927826305938,1.61463508537713
1.43157998720624,1.36423844092422
1.5886062783862,1.50872082660564
1.42309826278849,1.36582869297394
1.62597489911556,1.53610424318261
1.5268976323072,1.45395178052103
1.72132012011778,1.64954967727877
1.36490880034853,1.28882070134456
1.50457858237519,1.42519828356983
1.33550008174159,1.2441296788612
1.68225425924731,1.57597141895392
1.39990839240231,1.33279411459792
1.39984369362034,1.29537910893688
1.77281372316008,1.68980394635988
1.52584787064746,1.43339314233409
1.5845464103625,1.46502980077644
1.65687683513563,1.56349553389441
1.67540441110887,1.59498635871546
1.60173905044589,1.53311492558191
1.58334237167629,1.50984285152995
1.58339552808359,1.4943911769314
1.5171414634533,1.43848840815645
1.55593842737828,1.46511194805459
1.47407639346967,1.3984843430122
1.69311885527782,1.62959597782765
1.66675609325106,1.56918093550639
1.69504237113565,1.58423601362748
1.55304761862407,1.4648164943034
1.46157930476009,1.38383450224411
1.65301828251231,1.54055867912736
1.5835728938811,1.49669254490175
1.49152250626215,1.41626521748201
1.29641794381829,1.19853234662774
1.56510452203015,1.48151029713318
1.48452623534237,1.40222992764992
1.58134921267462,1.48534295194764
1.59892882084059,1.49267517610232
1.47950234818854,1.3987919043465
1.38657914108245,1.30016923890017
1.57116154455542,1.48706691096077
1.67157156716292,1.55913058458676
1.44512858718208,1.36323368366819
1.33378791080828,1.24410844522086
1.47202019053229,1.37290399233471
1.39518544447622,1.31999885152862
1.3625248421747,1.28398660429192
1.32950909767658,1.23118227506244
1.42849556142766,1.36190938602018
1.50040936885231,1.42696156794609
1.56043956008222,1.46933417662161
1.57443830949786,1.48607439536433
1.73711782898225,1.63643457979188
1.59520530090776,1.49463721137681
1.56963357262802,1.49056905881043
1.73455078224135,1.62492978562994
1.471265148254,1.37553114841575
1.85738413675864,1.74898301310646
1.53445135824001,1.44958691643671
1.55190577781951,1.46207035852247
1.56253581933349,1.47948514664775
1.4952490920493,1.4311031489039
1.74805541267867,1.65511707777281
1.19186710878249,1.08894136735875
1.74307564899643,1.63881513252226
1.55929048164324,1.48286230938047
1.51597945385021,1.43642384282635
1.74899041654739,1.64181024664424
1.47432586099758,1.40033447191766
1.5448371218921,1.47126148902419
1.56607011754287,1.48274116525101
1.55476411055893,1.4975166529715
1.72641045899812,1.61999092353291
1.67901543705629,1.59906381162218
1.54235904044805,1.46638108663796
1.51839875449924,1.43412017565473
1.57629519527251,1.49336881503861
1.38144350107053,1.29699412411021
1.60342673617926,1.53380564207213
1.67753658580531,1.54946187380794
1.39295347332332,1.28338594696879
1.47718768767715,1.36052798828403
1.44570665104495,1.33362026451074
1.27402628745079,1.1490394289882
1.62865025789299,1.544807163496
1.58807811879808,1.50482149067676
1.63450950453867,1.51247839759444
1.60082207196998,1.45537180544115
1.52842816837905,1.44948959809797
1.24515903210676,1.15531627456746
1.70140049881336,1.62548562248724
1.69330694953244,1.60396584033441
1.74445328255767,1.64330492933454
1.29468336229929,1.23497142207468
1.40569261973696,1.30231835447604
1.59808541318642,1.49971341013991
1.62464328109231,1.50763107793885
1.61431346707781,1.52419411459927
1.87901505077294,1.78488713939037
1.75030363183645,1.6481477884032
1.59017033280839,1.49966202893862
1.46699989867148,1.39409682808341
1.43079521927372,1.35570607526152
1.57563256675767,1.49610690658464
1.57018964621414,1.49497209157447
1.37898531581119,1.29800047267257
1.41589911835948,1.31494806574324
1.16939292501496,1.05468161210654
1.53249428448418,1.45398359375717
1.58496860162924,1.48688371541237
1.42879493435737,1.34643076841299
1.55571414475813,1.44595934575394
1.16799932933907,1.05287796762512
1.64349435941237,1.5408028426462
1.18498883889007,1.06203526126535
1.57831389288639,1.48946062892302
1.61469063238553,1.53038926831558
1.57378164611156,1.4854583252938
1.54962184657093,1.47297918801844
1.60278896099231,1.52302274966034
1.6410121633338,1.56989532104549
1.64003454086094,1.52695746923549
1.3383364454079,1.26381343938017
1.69332502730509,1.61794673448391
1.36355313335654,1.32598716093162
1.54840420236204,1.45947668523548
1.66297247322706,1.54600025654705
1.4674394516142,1.38935278465523
1.37129172419117,1.26319114997414
1.51061092529977,1.42680948863822
1.54628379072247,1.44090332033202
1.80128346639113,1.6900627691195
1.48563549751531,1.41639941381834
1.75196969292949,1.6429750976634
1.64617476441393,1.5590075590377
1.55602161286819,1.44896162085397
1.64789906500885,1.57702354874128
1.65274228039702,1.54122096285473
1.40898725321469,1.31819800445932
1.44433418835376,1.34957894251279
1.58652349802862,1.47936768211335
1.52581734516646,1.43300694581142
1.60345380017955,1.51188052393484
1.41331038999832,1.33564618523887
1.60697844737781,1.52347748812115
1.41226526561266,1.32962665662667
1.61130253662719,1.52131977545197
1.67116334628386,1.57294326189972
1.50085218361061,1.42981638565777
1.49520277087729,1.42325678945722
1.68685572195987,1.56269232560537
1.65173976460908,1.55297626425486
1.52687435214678,1.44903067385754
1.44469056912845,1.36607761900325
1.48683580859061,1.39729180175953
1.53024713495549,1.44348812875891
1.74628770583009,1.63797819163641
1.54268841503209,1.4632921433363
1.38502729873081,1.32961965204734
1.66095282307025,1.55545615109235
1.59014473174973,1.49633265050902
1.47564989117569,1.37086490512032
1.42626360382003,1.35251688452968
1.57062670442286,1.46821745805648
1.56251868038074,1.46789838021919
1.50496209556305,1.42209815311385
1.64746191792238,1.56073793023191
1.57076158728113,1.48952848277771
1.73873077939566,1.58521667056286
1.65511579218523,1.58295186236583
1.55767082738585,1.4587075697629
1.57302040134094,1.48539321931523
1.60612180913213,1.5121810328129
1.75486162257056,1.64554468370709
1.48887598979101,1.41216008324529
1.54598471452057,1.47478328206561
1.5062388779935,1.43900724693549
1.54708515898703,1.47062798438938
1.49985403101575,1.41744094830559
1.52330789369116,1.4387743747028
1.30950141406931,1.19423026824025
1.40649347265338,1.32184208896813
1.27682799749099,1.23192270416021
1.57459251982359,1.49343394087287
1.71355893379143,1.64556477017377
1.71953607540131,1.59399983524772
1.27941293289125,1.17523441806241
1.42352084507586,1.33618704737095
1.47018424044477,1.38046969045605
1.52184503106986,1.42896208059778
1.63479717539462,1.54189276764162
1.52627094099946,1.44414093277502
1.50844933731698,1.4366145620757
1.57041241571954,1.45739262760056
1.4704378577717,1.38287994819426
1.78357068846522,1.6877474150377
1.48547478396874,1.40755311088596
1.5375364757696,1.45054544031037
1.40165893105884,1.27867118722859
1.43787651108332,1.37684593084843
1.00404505660992,0.92910927079063
1.48279916949837,1.40206609560881
1.4865308025536,1.41226837517912
1.50868394957581,1.43310231739073
1.55970313167077,1.48762027131769
1.59090988009314,1.49667559805687
1.4620976439117,1.37166791212235
1.64267554566197,1.53720377089217
1.5439473338942,1.45228611931444
1.27705864237913,1.18302825807421
1.60666927468717,1.52705617610611
1.28788304316541,1.17079543740546
1.5563642841492,1.47759570157133
1.80328003610096,1.70722513211227
1.42149505218129,1.35416225326696
1.56779961224382,1.48415389120473
1.3272667605757,1.20293692219309
1.70186219072624,1.589423186135
1.59435358318122,1.48872754233939
1.61940922758481,1.5446180787888
1.67294744856943,1.54400516981364
1.56014679689783,1.45990180148683
1.50719493085929,1.42272271689016
1.6249479944739,1.52922722697891
1.57804836360671,1.48305363755372
1.64713709658477,1.57691653323246
1.85430336219191,1.76401620416432
1.35337281558964,1.23750086852164
1.47836806977774,1.37885089446754
1.71058109601914,1.57424184499324
1.50690083008547,1.41621623101181
1.45721499016864,1.38247570561584
1.52632383537394,1.44664166579373
1.53794507169705,1.45049071243858
1.57694903078474,1.48058492739225
1.69448848775251,1.58488605783146
1.49928522855847,1.35768984202609
1.79490865063984,1.68783106386728
1.7371803719168,1.6397360021928
1.5748494066036,1.48508095053642
1.44744926258737,1.36639862469862
1.23611522667222,1.19453977285481
1.43774995724866,1.35898159914947
1.62700364222309,1.53934556911603
1.57465412218973,1.48012246289955
1.46689018062505,1.39859862476113
1.70188257844331,1.58171496664
1.29681978283831,1.20787777994614
1.62794167441602,1.55183590231914
1.70727667568902,1.64449121944962
1.70173041272967,1.62396398555852
1.61109790671344,1.52879620347752
1.45205089784106,1.36786901431519
1.5817210288231,1.51054191088418
1.28385633077343,1.15105967938303
1.46180678348271,1.36430496098871
1.59300840079567,1.51432667610275
1.42820966190381,1.34286897688507
1.40380366117654,1.31948468430653
1.3278086948803,1.23982662309975
1.43722194074615,1.35986360660415
1.56922910936526,1.48784774026164
1.46434083654308,1.3567330816131
1.49245592782588,1.33545717112207
1.40210838003209,1.33268544261307
1.47866696781395,1.4106396683881
1.60562739248547,1.50335753390041
1.41038250556561,1.31714151711571
1.55094347798306,1.45872347823978
1.58530056385867,1.49329678024926
1.66063873097625,1.55480823434574
1.38285051432138,1.27811890415289
1.66401391019331,1.57414871459638
1.55745713370512,1.40495829441657
1.42243208255742,1.31108919421463
1.50789610873736,1.41746626407573
1.42460441149715,1.34697846097008
1.60621619223424,1.51500607445264
1.4743699575576,1.39404556129566
1.35400141401387,1.29805750796925
1.19652939821839,1.11164792526331
1.5455853313686,1.44562317982157
1.61685558255206,1.52337719535498
1.45808412273796,1.39577729664115
1.55132359612536,1.47194914350758
1.5230479277718,1.43041241208698
1.62871938903734,1.53356976630818
1.60019927835705,1.50614435835411
1.31725230523629,1.20330248695973
1.61961620598886,1.52922974579685
1.76230153092267,1.66051927277671
1.2921561995358,1.19540269779522
1.59576790180754,1.51423655395254
1.53483960487155,1.45238799034123
1.60801303726148,1.51861651818232
1.63766797063355,1.55368480240983
1.21780469773695,1.10811587734592
1.54894688681444,1.46191952965915
1.29585809630632,1.2017179988299
1.49932683923438,1.37564743081378
1.60374539315393,1.48437225028514
1.15712632115379,1.05693500834185
1.47291733968063,1.36743500306852
1.33530118921468,1.20553111836305
1.74162861380283,1.66318266569007
1.69996022458786,1.59958377821808
1.66672138985316,1.56410596797503
1.2363577619676,1.19684978336321
1.26230211227194,1.18934020621851
1.37941250744822,1.28952369011873
1.27649754012335,1.17403446330804
1.68590463882704,1.59330126073252
1.54948867307977,1.45717826271776
1.34227697569775,1.24540866140704
1.54684816623908,1.45430365582547
1.53756728683587,1.44726971659914
1.73754619659973,1.65314687462542
1.65777822574695,1.56025899181931
1.48781365933403,1.38951383473365
1.40303767024392,1.33576594147745
1.62748084590652,1.52520517050205
1.56601250356423,1.48716651054635
1.45912857913131,1.37953004410519
1.72981793891318,1.60845691900167
1.61101087049361,1.51897146565043
1.5138287820252,1.42411145852304
1.56294525518581,1.47181079387899
1.44819581737474,1.3537473454309
1.55974991715186,1.46951914562711
1.48807899584459,1.42936796041893
1.50749388410157,1.43341281500404
1.22652224498033,1.13128689111453
1.1712488965064,1.09012168295508
1.48223228383216,1.39754371391902
1.31601354364647,1.24059180317625
1.84519768573215,1.76225847715096
1.65507796206301,1.5745985809657
1.55812592120857,1.48200053896655
1.71240111567161,1.63813651990648
1.67337326443441,1.58251330156315
1.5782465770457,1.47368180045742
1.42453095134027,1.32400636488064
1.50272204928214,1.39711188769032
1.35302011847433,1.24088556432463
1.68818244224577,1.59136958521256
1.49497170773679,1.41100117724534
1.37405996437521,1.24528777986414
1.29781461051022,1.21135407881539
1.56582843030014,1.49129207750043
1.37234106010437,1.30430317044762
1.64950189544583,1.55512313156923
1.50100635463121,1.43386017519047
1.52559946962298,1.45623570721494
1.67419214480998,1.5633159290252
1.54547031203052,1.45921270412273
1.59072766778926,1.49162349092348
1.58615437615516,1.50117398173958
1.71530099691744,1.64536723970688
1.37203731571999,1.28436895725024
1.48627812393548,1.38742085674173
1.47380190335444,1.39377217416626
1.6457184918695,1.56429188224396
1.49839150714159,1.36284052333839
1.50386037644642,1.41089987819334
1.53770568826665,1.44324683733971
1.59759564054147,1.5208045281299
1.47363509272008,1.39470291119001
1.61441594807433,1.5289955030933
1.3733790486745,1.27788099548325
1.55574979466096,1.45221048409382
1.57651545723167,1.49598573624781
1.59270891984932,1.49166261289704
1.4974263876351,1.41372531420483
1.39655322595119,1.32494731654336
1.56957661433686,1.47514911205166
1.53980931569069,1.46246674188295
1.61295082512793,1.52896356648518
1.4862055175792,1.36895429595334
1.45717535724045,1.38886989999009
1.6158327871461,1.50767789491574
1.64433544499615,1.53252769909802
1.45879802691913,1.38106149983844
1.55537314781522,1.46514026961092
1.72826037208968,1.6147168012012
1.70663693615832,1.64158925558244
1.61237216627907,1.53507124368882
1.63391404528642,1.54929370302042
1.12914382946386,1.00363993039782
1.49903596117577,1.42402198419177
1.32614835910482,1.2600051850096
1.36306527229656,1.27246214893038
1.51601519352177,1.44046793842645
1.50118764531419,1.43464295346792
1.56629076259646,1.48145409920075
1.51181405013197,1.42274446137657
1.31968811251686,1.22452489712315
1.56851011444745,1.48258077978184
1.84265446119779,1.75759668602094
1.48676669232073,1.39914047395703
1.48353335080833,1.39226347824814
1.63843231475333,1.56050684029697
1.49854462414506,1.4428769504739
1.62165422917451,1.50422064242136
1.64204614255737,1.55540900006068
1.20682868107778,1.12621597651825
1.23270714268048,1.14795936871724
1.67524211000205,1.57245453239368
1.69487831829931,1.59528535209886
1.61794688834634,1.52055582990652
1.62747364668762,1.52880628417914
1.66017472027272,1.56256585568243
1.90934199459154,1.78945993998051
1.74731624460111,1.66066031249739
1.58453927275897,1.49026000376707
1.52912966913797,1.46152049081736
1.64683097568893,1.57504274651746
1.54399691874874,1.46303510177476
1.4455049240234,1.36215964856658
1.32069072281127,1.22659824874995
1.57325806193736,1.49086128816288
1.70123548625457,1.61522517582102
1.59092848522874,1.50747261240348
1.49041436389402,1.40615671295534
1.5724408836028,1.49001292398218
1.67475485346548,1.58350711288484
1.49290965858196,1.41970954515865
1.78094744804462,1.68942437627967
1.60254178259589,1.52125677772407
1.6366915853649,1.53620597342988
1.62735346615482,1.4910551783803
1.6358351275346,1.52636743992065
1.58047544086528,1.49709572937271
1.44575964419019,1.3597950160554
1.5795027333618,1.45552050837676
1.72436725250451,1.64042987984786
1.44791753307835,1.36943195824723
1.51167834002474,1.43302540323587
1.48720005726518,1.39233470011187
1.67815555568795,1.61291464455147
1.58010171674165,1.46839802805745
1.39541085645514,1.3169284230073
1.58106864629242,1.51799101007747
1.50592652725393,1.42188231302201
1.72842975969973,1.64967176736656
1.48645995928742,1.39536294713882
1.66236391739918,1.57057414421828
1.24821461315584,1.12982395632588
1.55907811815812,1.43166422992955
1.5099555004595,1.43772477465132
1.72834009970367,1.65512121258564
1.82866935735654,1.70697811315965
1.33242257945045,1.22796502811771
1.30541481901885,1.24245429257461
1.55715071394358,1.4704289896023
1.5445832465854,1.4516891089362
1.64721033752936,1.55531866651003
1.49353665590039,1.40399935872937
1.24472060606328,1.1340743620803
1.45708370163883,1.36396931349439
1.55152370349185,1.45639272635716
1.45884979271109,1.38852831957364
1.54619858720707,1.47277927762482
1.34602191063377,1.26610071196543
1.43894594920803,1.34759803100293
1.74932284912091,1.63722774694137
1.63151425552194,1.54605618011872
1.63432044890686,1.54524550580604
1.40039475638731,1.2799466322278
1.58726159321672,1.48971906302477
1.49918038027046,1.40094838883189
1.52008049227165,1.45566949722015
1.63591109499604,1.52432392406935
1.31160884122491,1.21253312912648
1.66975150052247,1.59187656827494
1.90260301741809,1.79283050013911
1.26249439454299,1.15865612359037
1.49109780885596,1.35662616999756
1.50976769975552,1.44361003509815
1.653483714508,1.56432435516431
1.36153709048721,1.26433097552489
1.58520924329396,1.50363151958429
1.76043145226475,1.65132882176782
1.60769796521609,1.53328645602009
1.50763762298978,1.41776187127746
1.51517544464633,1.43208326212368
1.33309489367274,1.24240730901137
1.33484750935751,1.26267093767272
1.49343773644365,1.41516272418584
1.50770880774512,1.41655486303438
1.64917382280268,1.58498271006208
1.551822017362,1.47002390912133
1.7126293967804,1.63700925362884
1.52594923129179,1.42871344597492
1.54324163165531,1.4636570958503
1.54633322453542,1.40099678287204
1.44027435622562,1.34157227422224
1.28974138697741,1.13771821870727
1.34231961590897,1.30016270272537
1.55835592478222,1.46955784669086
1.51320273919753,1.42320525030637
1.45140053820018,1.38736328335002
1.44405521617059,1.35981562969288
1.72495052469588,1.63997245375857
1.48360103724229,1.39423380427535
1.61298339161223,1.53153109095547
1.43670714937554,1.32388116201694
1.77512835782698,1.66074670474368
1.52154412313135,1.43459023200396
1.75674991622135,1.64897553527628
1.57202664933003,1.50645224039537
1.79381986878411,1.68864706366949
1.60744491943429,1.5249147980555
1.37117885853295,1.25527053233041
1.56535393404487,1.47737661410927
1.61051493202664,1.53275499996643
1.42308157055127,1.33780467925212
1.68500184514907,1.57816041633593
1.75796529762297,1.67148646671132
1.65303083926983,1.53120922382732
1.54412508701073,1.45462359217252
1.74814201689886,1.65248559206069
1.53424523290697,1.44879644019028
1.22489969372156,1.14385150206882
1.33449186542628,1.21877431262519
1.75142301805991,1.62808346775878
1.12732252365901,1.01665595774628
1.56124462480661,1.47363003202187
1.53081496962815,1.47837695126088
1.36712589749105,1.30949305257481
1.91887014365495,1.80556222837288
1.56240986450014,1.46865674553751
1.71607123498305,1.62891960275854
1.66055363401133,1.55758204702892
1.42809456507664,1.36122582405604
1.29446101204889,1.2094919254947
1.53959397533582,1.45300620399052
1.45059060507988,1.36442981811279
1.62151980854258,1.53665038906436
1.52538746737274,1.43906791915054
1.69984295343253,1.61187538379509
1.25344652617333,1.13946609272016
1.61654375770007,1.54935536351288
1.5188860049338,1.38808324245734
1.23043586414486,1.13004462999253
1.45476074815206,1.37080009786457
1.65580281546984,1.57107084899663
1.29814997912445,1.20795617231646
1.38869141494367,1.30384709585044
1.48925294472179,1.40490534292545
1.50199088074613,1.43003421002945
1.50779829856184,1.40117502802097
1.75153320727909,1.66102141530093
1.38762307238043,1.26757047711789
1.3138783968684,1.21502233784015
1.25496505401291,1.15985838086947
1.6206247971489,1.5232604663887
1.31590722049953,1.2173829747796
1.38529057525189,1.31814279709017
1.64979991127003,1.52775033989906
1.49692979955397,1.34202414036155
1.56633070445205,1.47442477520119
1.50599913796873,1.42708093552205
1.30932055802383,1.2060494619484
1.44095178200718,1.36545002382484
1.4196212967806,1.33057713216902
1.66797681792459,1.57486994014554
1.61600056097733,1.51130417396883
1.45907303554251,1.3808740196646
1.45162808612005,1.36961892825865
1.69163331961713,1.58984132511079
1.28566991020021,1.20821814769327
1.68740423475684,1.57075781691747
1.61412487870378,1.53211341028484
1.58053276386213,1.48563108291386
1.5424348583032,1.44315879420655
1.25061332140866,1.14021637946635
1.39105828614495,1.28837248274075
1.59411021620291,1.49416895043709
1.69081586197296,1.59471464182969
1.62517373918587,1.53039295293147
1.54493506225431,1.46000659509641
1.52833313496105,1.44641837800793
1.4944054791078,1.40573378005521
1.76065287769385,1.65563590143224
1.47527044695738,1.38014435095964
1.26756026768429,1.16752813336378
1.55166971702241,1.46309596289503
1.48222243570132,1.39035336099064
1.69150423391898,1.59901433660158
1.69311538504366,1.60416449609594
1.53682064444304,1.44070684487369
1.50983289424655,1.39687249025421
1.44227096401421,1.36826606202264
1.59313870988422,1.49495898962831
1.39665524727101,1.29553709119195
1.84425635779513,1.7476185184432
1.53410266993483,1.45925717768932
1.59222698721896,1.5117879382425
1.46332473570042,1.39878957182479
1.53535948820938,1.45018228015102
1.5992180073008,1.51092292932332
1.68260653309994,1.58879257702852
1.69296879989909,1.63132531002442
1.61480328828505,1.52955688577528
1.49989199762949,1.42420053760724
1.63443610855461,1.54565366687305
1.37884331105579,1.29301989649566
1.58503189198525,1.48619695634861
1.61901771523725,1.53813990195409
1.60513455243901,1.47100237139135
1.5368441912512,1.45626014370178
1.52224430346335,1.4319136571684
1.53030982491837,1.45854367581579
1.5609878957877,1.49306483616927
1.67859200608676,1.60618253777868
1.55121709804161,1.46831064272757
1.56715094736855,1.47346196485921
1.50468465480446,1.42650837858381
1.52581468405248,1.4422207576036
1.52896477492865,1.44746834116054
1.39081653064586,1.33821604030706
1.65171475516101,1.5567255455771
1.48175595904221,1.40143276858736
1.54720641104674,1.46441360819185
1.51266524300604,1.43905866664537
1.50459407932255,1.40988279356737
1.54991665094139,1.45723475854978
1.64665809743037,1.52938611416048
1.13757994512171,1.06992086960942
1.63959889753965,1.53401480484693
1.53848670009029,1.45682918841263
1.48387846376386,1.40234760137551
1.43295321756354,1.37050903292437
1.62432706328556,1.5516024576196
1.71189121189363,1.61562263538778
1.7312368975363,1.62179347545348
1.50232668855819,1.42958955943401
1.46063084814282,1.38236534394258
1.52923565291522,1.43183825679677
1.49133003686818,1.40873627327109
1.47818098109414,1.38035733320627
1.48421834582865,1.40006201207389
1.75664513224503,1.63499131149205
1.58728547257647,1.49837475827664
1.73964609810332,1.66905163959703
1.48395791708612,1.40067246732099
1.25602455622366,1.17456464095977
1.61577265884192,1.52145778188241
1.55401586613379,1.47891221427572
1.57000190959299,1.4838785477507
1.61903535815501,1.50861658541732
1.69492899304557,1.58981802390379
1.75518032302365,1.67719706753081
1.39617761812465,1.34730958116575
1.5662739759204,1.47536897731195
1.421932329288,1.36319739287865
1.55270545667115,1.47400628999322
1.66292868353221,1.59978563336268
1.32522067058023,1.2279987045602
1.8258962199418,1.72013712050408
1.54896209685287,1.47238166852232
1.62452939837521,1.54764748858227
1.50941561160025,1.42965680026195
1.46810294065645,1.36955647343242
1.60037407940782,1.53089578898943
1.57886669566098,1.49422041082548
1.64799709493832,1.564549501646
1.43885772731143,1.36030215222262
1.59911936623095,1.50192255772969
1.534505059769,1.44241755444017
1.27084538447211,1.1758720286681
1.8474500772408,1.75940896372905
1.62103999071122,1.54270320592581
1.53477156378637,1.41524593554566
1.79563401829615,1.71552780328141
1.35096694753576,1.25999828059512
1.55619560769894,1.47043883113368
1.50774124322073,1.41982121493038
1.49058752913759,1.39098425191629
1.5212504702333,1.43393863676402
1.45516791722939,1.36221597063023
1.63313620334402,1.5340260198621
1.51437254532062,1.41942950804532
1.52647887628282,1.46799174187676
1.59006837332029,1.50431634108637
1.46358069354012,1.38133805613313
1.37781623636478,1.28671862520549
1.5600452013186,1.48115535315487
1.78434978682634,1.70693737712256
1.65797230657382,1.56575449746233
1.54265058215022,1.47036249801276
1.71297007210124,1.60055080267506
1.6551894055676,1.51653052134969
1.7310270252229,1.65835092357744
1.64331479710592,1.55074565595856
1.61059674658007,1.52345808926392
1.49209036587419,1.42366371289896
1.32464324284079,1.25299007668565
1.53347751182676,1.45710932365173
1.48121364594884,1.40950451368639
1.57128776162299,1.49720975506485
1.46621875804381,1.40298343640964
1.61379715347332,1.51404006590046
1.31532710625568,1.25118217460021
1.39933415722712,1.31201620657707
1.37682748510068,1.23494129176114
1.5960001442002,1.4977439057903
1.86183846509815,1.7390101973978
1.5782021335785,1.50432380706497
1.34897046331392,1.24547926513085
1.64513341449094,1.5570855916882
1.57655325400103,1.49885119453213
1.52028235583147,1.44599022743689
1.62649879074227,1.50529034626841
1.57784442435582,1.48284146604545
1.53216746408741,1.46072621916033
1.32507194379005,1.22507912776289
1.42639433605402,1.30073005918159
1.45300897603783,1.36970152268198
1.18506317773227,1.07895851174623
1.67419432606803,1.57330597610815
1.24953880506957,1.13563267405571
1.34669157492132,1.2409449835084
1.61182523937244,1.51599875173996
1.61950628527842,1.53249180537531
1.30574957374328,1.20863977411054
1.76171699011614,1.63549735510233
1.72326095443205,1.62175748411961
1.47918530489761,1.41202179951107
1.72825139379415,1.66078430339838
1.5202192444047,1.44125094959309
1.65527105768102,1.58542202189837
1.42555461694161,1.34460578633156
1.51643242437978,1.43285178431041
1.56203598518333,1.47736116965717
1.71553049752174,1.63677561109969
1.43350852201444,1.35783653471409
1.81366293270289,1.73469160421654
1.50635514139601,1.42002897078586
1.35074025314369,1.298688813756
1.45491757633542,1.33423108902077
1.65863734409411,1.55152328311723
1.53930426281684,1.44513374696439
1.6912183811439,1.59833246630478
1.50226280052288,1.42622238886559
1.57469032337879,1.49776944932265
1.63879683864262,1.56182215916625
1.52293279546999,1.4233949478615
1.65998987996647,1.57658767977004
1.4631347238798,1.40323721346164
1.37139984491775,1.26825271378771
1.30159347137265,1.23204030188887
1.40225766340698,1.31891661781114
1.74692016941652,1.63613584917632
1.54064719719532,1.46150873953976
1.54248345454114,1.45625691019978
1.40657589405292,1.33368917738901
1.52834313243832,1.44693750274616
1.57747066110816,1.48517493754963
1.44567488316692,1.36197391053657
1.59545653839471,1.51184893381355
1.56982929875325,1.48772222459759
1.36054138325609,1.23780841102235
1.57843968993628,1.48674362102868
1.66276841114094,1.55957312107251
1.54150261807202,1.46643745020187
1.57980657726918,1.48237466796345
1.67225808094208,1.58735706130259
1.64343048299552,1.56407810083384
1.54433094923051,1.39646947466293
1.46791587739764,1.41073748727467
1.71870383745966,1.61663015439963
1.63322992744611,1.47412859505621
1.49637064096962,1.39154462362481
1.44900446539193,1.36011328099231
1.40971214154195,1.317360008523
1.76550099186668,1.65633088723686
1.52933207085377,1.45263120833241
1.5673842928135,1.48257666278348
1.74051333385182,1.62315063364365
1.28270751111384,1.17948537834426
1.68617154929923,1.59190106496129
1.38159387404908,1.28619819344978
1.59881523623137,1.53091696040673
1.4413583380385,1.31579146365097
1.56036133562443,1.48503820463693
1.81472667138559,1.71408619476378
1.57843791252745,1.5058005781919
1.45432012956227,1.38030445606013
1.64773981618218,1.55676861882682
1.45657270666227,1.36634522620583
1.49831490311145,1.41512547621624
1.61390568710934,1.52076282189534
1.77954532977231,1.67550745444595
1.54432565314519,1.45340432749597
1.72980874645008,1.65887081421468
1.73591480866238,1.65505060576141
1.63470008326362,1.54089580634203
1.75965487070106,1.65531424289082
1.45529911320016,1.37952364547906
1.57046024825626,1.47681944762472
1.32090523569231,1.18299490599616
1.66433675112185,1.55581664727257
1.58214650104777,1.46667943902167
1.26186220200538,1.1368327919586
1.25635474309917,1.17366173659913
1.46315295814984,1.40032826546511
1.39889097106011,1.33448194978877
1.51496415968636,1.42861983918047
1.48359397466574,1.40723436633232
1.82145961759098,1.74033953893018
1.47481086586904,1.39388088384101
1.5700159594017,1.47828387922638
1.3212789985572,1.21328765862091
1.54851133913099,1.4559279661644
1.63322778691359,1.57018777485237
1.59064597105063,1.50411366069265
1.54947345129727,1.47873680562333
1.50100018313309,1.42480848851873
1.41083348426932,1.28327103240654
1.64747449658515,1.55401134900819
1.22981912114196,1.14987703201343
1.65537282512675,1.57864571444055
1.39168318581893,1.32938918734799
1.51108510726182,1.42300247984245
1.54411221880416,1.45862299682625
1.60675722843407,1.5245456887233
1.51010653890853,1.42435536365632
1.68566742898209,1.60921394050048
1.61367174789759,1.52732672590889
