r0,rt
1.61634650990667,1.09296573434915
1.74306140317122,1.22748216644764
1.68651890321417,1.15213853516213
1.54413582345725,1.18098858970512
1.38975010623688,0.99170436700178
1.50361665544343,1.03779540646703
1.99918511079113,1.26788960582024
1.55776859740241,1.17229509169535
1.53507697379027,1.25093954839297
1.79121378952722,1.30102127565828
1.70390163345162,1.31406354091832
1.79483480427531,1.2420801149555
1.79590261977288,1.26986432005225
1.5553846004082,1.22643223028693
1.60856878536537,1.15189130193929
1.64480741852927,0.999240841584281
1.45678334235898,1.12612217316932
1.71924977757512,1.18879644586329
1.70870155674237,1.25895069260577
1.93803125471888,1.25640574913816
1.55001812059531,1.16999497013086
1.66429729812954,1.18729886122449
1.54953888250982,1.11349065882849
1.96457403219062,1.5770094170723
1.66860716604279,1.232273229964
1.62577878851195,1.25442768050639
2.03237348399847,1.54184343000907
1.73225566070055,1.24053351592683
1.77543140126485,1.21143551327591
1.58275614104984,1.11886786130235
1.65299486180483,1.10456002366193
1.78312379399366,1.2404683501788
1.65587080934581,1.25277515970127
1.52319609599668,1.16240867462904
1.22283547602739,1.03079576015444
1.60815453423668,1.10031339428072
1.55249418310627,1.23984150689407
1.35921172869442,1.09740721176674
1.88294117732731,1.29923241982187
1.95494498261897,1.33839448144351
1.65915315955067,1.12157325230002
1.61281509211226,1.15563965508016
1.61428552000686,1.0570377829881
1.6307433819497,1.23567477748012
1.7766914957847,1.24661017103416
1.69697647784221,1.31337171176914
1.52904630805706,1.06407158004623
1.66743708887076,1.30561311160688
1.67490160518686,1.29355798569187
1.72179040573982,1.30533622473351
1.45557810725519,1.00341555779439
1.53983787428006,1.22694508106105
1.62189110632374,1.30832636344467
1.61668950514935,1.21535030941594
1.7842528200878,1.35478572374089
1.71264523887989,1.18843551281096
1.60425087467249,1.19386700565237
1.81961148767422,1.28431025276022
1.86212445327503,1.31374857890928
1.73394149912199,1.26494959823736
1.84135860059309,1.30695258626848
1.50178933504624,1.22215828104957
1.55937526459652,1.08561355560906
1.74917428058224,1.29338249714604
1.48353099398512,1.0865545917547
1.54413236300543,1.21072871372049
1.96376442040031,1.31342701984873
1.49373715519016,1.06686270370423
1.74548168559175,1.2811553137337
1.90571466068856,1.31774109897966
1.78017200895619,1.2363259374157
1.66087353829513,1.24969077497499
1.71090810948304,1.32585871071717
1.51343721465148,0.960637145990705
1.88133461968631,1.25909908060485
1.74187126530797,1.3244036708823
1.47464148805545,1.05404210936947
1.38244308273346,1.17043001826595
1.69476273623115,1.33241388279156
1.73560970448503,1.27358034803167
1.53505157193803,1.07609272988173
1.75675233543849,1.35041862698131
1.44568996360476,1.14071637505406
1.83799512396297,1.39338583697272
1.4815224383102,1.07696290846258
1.60855898445336,1.13604545454605
1.77201738254374,1.23539926545897
1.43334707041956,1.05621839278019
1.7239765401306,1.20161550623912
1.9569577831507,1.37912116172693
1.71749063601971,1.26156384405173
1.42664914560707,0.992843382560081
1.93672508262887,1.25975811157858
1.59128978435445,1.06630243896084
1.77160900752245,1.28498971339038
1.80201103834071,1.36903397724387
1.37093700353194,1.03999336890244
1.77095812617379,1.29950946044391
1.61449869631886,1.19532671276247
1.78004972522037,1.28007745838032
1.65691771458699,1.17456992845914
1.78409069767058,1.21534095568124
1.65208356766915,1.29881232983545
1.73317815084393,1.18401742311287
1.74277109385717,1.31408622853476
1.69862796141296,1.24380966666506
1.39833937333966,1.04312285306064
1.70049888470136,1.3252430081792
1.46568237567043,1.08789104473553
1.73949980428957,1.29452074159695
1.5187570296321,1.1758740965189
1.62636971069728,1.22922169964643
1.31642227483948,1.02132007626818
1.66268759653297,1.23742531919528
1.60773853400214,1.2333273577454
1.63554962278855,1.240693065218
1.84565193040054,1.4107392794008
1.70315106002892,1.20635461846003
1.22480459972982,1.00017751924995
1.40734852298983,1.04210948236559
1.98783986900808,1.54624284366818
1.53457553514604,1.08305857287066
1.7552344510542,1.33156639588829
1.79918957809721,1.27402012307683
1.5705081503435,1.12496709379369
1.59737972866827,1.17869203678671
1.4889654460401,1.10198037380675
1.55976639793316,1.21764958867551
1.71074131447864,1.31239282035164
1.70946295644621,1.2036896656979
1.40721771207884,1.00626494691371
1.65104536573051,1.27780332964142
1.68245191735585,1.2820870425172
1.58556485102337,1.15486209008281
1.80977982522171,1.24407528026672
1.64333998358356,1.25042521226243
1.50047122673675,1.15193282057981
1.65715857508198,1.1988862645207
1.80183860617569,1.29005939471986
1.58185607048281,1.13092106608879
1.71868880216425,1.27491592858268
1.68417661115729,1.15943469924817
1.32787336387788,1.02780028585093
1.70079388499018,1.19673310209561
1.51140933184497,1.14269617041891
1.64294588874229,1.21835639441294
1.60441578382241,1.24172284345373
1.83000294376273,1.17513108324155
1.68684242464812,1.28147871818143
1.88026371783896,1.26207314240916
2.12756333541781,1.7075489807683
1.60399869886678,1.1950128428467
2.04485992568501,1.52840601486355
1.29288254316939,0.946166512787345
1.83431570881168,1.20123970412716
1.77687550184616,1.20692355220964
1.3847726822349,0.991680180977475
1.50668660990394,1.0990958965379
1.47291326668415,1.0590964065959
1.23422870147809,0.897980646866244
1.30262773985765,0.977738399386606
1.83530593026255,1.2926851024119
1.37240436310968,1.04282626026111
1.60652366678327,1.22211586588307
1.51791586112088,1.02450343553135
1.70016429317086,1.21089972318531
1.58461333706011,1.17359772869019
1.71520358903012,1.26012147743701
1.44005645401758,1.07478782955519
1.6988039098588,1.10483996784591
1.66560212082035,1.20400959616415
1.55873851292089,1.17117966892896
1.63442912360787,1.25358538903699
1.7629434919735,1.19768565798362
1.41276657215582,1.05802330029219
1.60725644209222,1.19910355013779
1.59239688972506,1.19164350772975
1.40747991951671,1.0279860717508
2.00008697249739,1.37544409680255
1.717626105772,1.29362401015795
1.20350563893383,0.926509836927998
1.42962132708139,1.07430659924418
1.87829189140322,1.30114359911621
1.92526019223291,1.33574243899657
1.82612614588519,1.37755183217481
1.58124672678521,1.15782557103229
1.38058002784469,1.08461549876933
1.43447549139133,1.11816290107149
1.92968455001633,1.28950630281924
1.87065057313401,1.35779747485167
1.47640601226964,1.08411973835021
1.72025784026687,1.173367693781
1.72659557837778,1.23448930738527
1.55469842642374,1.25930517794305
1.55519268238397,1.19287786785097
1.46405646093793,1.04342007571943
1.5740780677816,1.21623190211897
1.90150770485372,1.27029037200851
1.66511174574133,1.21514849872845
1.65752024956547,1.16002871578976
1.54910095752185,1.25221463705698
1.59444743187911,1.24047004077327
1.5293932160456,1.18655322553618
1.56783891051419,1.19237715054695
1.59112357734936,1.13112844094984
1.88599387750803,1.32768079793569
1.59574562299543,1.16916316623259
1.33785466604431,0.915779822070809
1.79940475616013,1.29606322504264
1.49415979287598,1.08237387968111
1.59306930419017,1.35215822609805
1.38900273860579,0.997683538272029
1.57553829313575,1.26899546610939
1.56250129276431,1.1632076909076
1.78074458718945,1.27138886008063
1.99103828555891,1.4136016308822
1.85306248936172,1.31860035345242
1.41989034034551,1.06345320992527
1.5870468270651,1.08275584122524
1.76540104100681,1.23313448937011
1.62590549647079,1.14254326078761
1.67034543303731,1.22750613045141
1.50947581140473,1.24361614615572
1.8522304915039,1.31589460259169
1.42409355839697,1.05152067299897
1.39850427832067,1.00370627278465
1.70962140829686,1.25104163224696
1.71936199918093,1.18415448657306
1.45805479976821,1.06681948177743
1.1711778332971,0.969271709053408
1.56487572656104,1.12896966168598
1.65581184085718,1.20971965547912
1.43717838108714,1.03819679822823
1.75921016508715,1.24593328403445
1.51567294333303,1.14095996030359
1.36757090648094,1.05040846787209
1.47944501709604,1.11393591310788
1.43591465814804,1.02343880519316
1.5831321783376,1.20619583151832
1.76806131278385,1.279283696031
1.60527416098183,1.16706486695136
1.55972807807456,1.15314899469486
1.84108292775211,1.30342182852646
1.77419354850782,1.19390157361589
1.93405790048419,1.39899355598912
1.9128764963824,1.37267103224674
1.60484469346115,1.1087450102525
1.48071726246587,1.08158570386646
1.46714558880783,1.19157998491492
2.00972943220482,1.56498434714265
1.6238287832237,1.14178276414129
1.79188261697206,1.17354390467191
1.95271078166412,1.42466392687368
1.49276259167966,1.12204681912596
1.46740024512836,1.11181290566068
1.6050752427214,1.17707703611109
1.59771226540891,1.19959092103896
1.35875648631473,1.08381143678778
1.61686647316062,1.20454650072011
1.80740346757083,1.29770945831935
2.1312254663987,1.55169617568983
1.58364658915344,1.17443728032751
1.34943955924125,1.06115685745884
1.31779640388604,1.09131062131269
1.6018660066661,1.21900733202262
1.47931316623003,1.104173950241
1.56719897818026,1.19315005220998
1.67228806458436,1.20693641132016
1.8832299005055,1.44908974053181
1.73712052463845,1.21070211188975
1.60381147579936,1.1802935590421
1.6186703200014,1.14322109490438
1.49610401404973,1.08673839663011
1.44054860823207,1.19980720324934
1.58662535112913,1.18534326365718
1.94222184063181,1.4646698488472
1.85489722309254,1.40581846362756
1.65466869624666,1.18398437736152
1.47851702238472,1.15230586059861
1.73538231543748,1.16822687049309
1.36226811708159,1.06560163485724
1.7374062646511,1.32067519986942
1.71379261048692,1.17902781528747
1.67826688375876,1.19499394911958
1.6022765920687,1.10832106438842
1.64204799260877,1.23093586291838
1.60489734532803,1.2256518265784
1.40750457405664,1.09300855012052
1.6045716090438,1.14877824554591
1.65372313247962,1.32327656045997
1.73337028390711,1.16382537068694
1.63013786908811,1.08016587166116
1.70379164986981,1.20982114809036
1.50418332332164,1.17331041626064
1.53915135273129,1.21150718876356
1.48610477044219,1.04892869051078
1.95293895159814,1.63375719370179
1.73062766128555,1.29606662953929
1.53184119995105,1.1650404818671
1.94898895889721,1.32820931182115
1.7444389418848,1.23758183116659
1.76365435786589,1.2153430675918
1.62420383179789,1.14245874662179
1.92919224036432,1.39740431518429
1.96291280804338,1.43240698812044
1.40817927716436,1.11543511311977
1.5092433686383,1.06566796661058
1.79048826018283,1.27195102688233
1.39129400756524,1.19090334909752
1.77780747627231,1.34454211552769
1.72510863120495,1.32365402160514
1.79975106059065,1.23704982766342
1.55971140774875,1.21461189336194
1.82044181747691,1.3014533205431
1.60128400964558,1.03022263399959
1.62053600486091,1.14097866072201
1.48677204254629,1.09106992871282
1.74243752492325,1.22592516718497
1.65305534617365,1.21270626088485
1.59189311166761,1.11515443129285
1.38728988469271,1.14571297141939
1.76380875247527,1.32929725726377
1.58088633127242,1.26153978878306
1.61253119195376,1.22575812069363
1.47411301908485,1.00989389694276
1.5869988907861,1.05817740876004
1.76836950934493,1.21998809673649
1.76739116295691,1.35177302490962
1.6559864896201,1.21545618763651
1.62054235985205,1.2365366220443
1.61264839319531,1.20219866399608
1.71827808058348,1.2713185353818
1.71105848883563,1.24530833677395
1.3979287364322,1.14055515451783
1.63569907605879,1.20636388024714
1.43002839089061,1.0963504434741
1.57623895899289,1.10290661944493
1.76189685837543,1.21241151016991
1.77367515980085,1.26767073864267
1.32874462730331,0.953446435344461
1.55016855580647,0.995607209456602
1.78899228624767,1.2771886497731
1.61361330394904,1.23463396202115
1.525832538055,1.09225977641719
1.60554200794675,1.16260918860406
1.587896183569,1.13871002774621
1.69559338984055,1.27305212310461
1.76947930605998,1.27588786448236
1.78064186135474,1.28089911770241
1.80953765415917,1.25323514750591
1.85386654251522,1.31374692716425
1.72136114670247,1.21386316209876
1.67009139181653,1.20928608071246
1.81917721299823,1.41591080640417
1.39548358561618,1.03343035854755
1.85304316866411,1.42278914934689
1.24487296468041,0.85952787421991
1.44124784062577,1.07616691068515
1.83316720263452,1.31704794149998
1.65513031933603,1.29491415728264
1.33037267827691,1.06209836645689
1.46532881450583,1.10595327421059
1.72295877143142,1.21043296988972
1.52295485576318,1.06194560150926
1.70935020088042,1.26973919477866
1.83494678257566,1.34805296271589
1.62749400510859,1.18425990941993
1.39753524676797,0.987551084237349
1.74744362655549,1.37107184616554
1.84995350539399,1.35864144231643
1.61848345486534,1.18024881216723
1.64915849962201,1.23909492879887
1.70057089282109,1.25835190006382
1.60829214208568,1.17991958206788
1.41767857029143,1.04426972179371
1.66528596886888,1.25801391398369
1.82107708838854,1.29271757652541
1.64878802171641,1.1449015997553
1.46127667749899,1.05422887627262
1.78012490588484,1.299337571762
1.68164050883668,1.21069449656143
1.76118552633794,1.31165151023812
2.03102467401941,1.4710536276673
1.79107221208951,1.2919254803561
1.75838433551323,1.2595949265959
1.49877594945986,1.16345305885618
1.62376167109099,1.22663248976335
1.69215632241824,1.26903566093671
1.84244159320165,1.44635641281586
1.94647442131287,1.44318837918593
1.68525417531247,1.16888583628798
1.47261454181748,1.10082351239003
1.4982214698111,1.08281213765835
1.59187784300572,1.14126692456256
1.41780047993269,1.07115304205915
1.47553505561257,1.04676526468013
1.75498492406022,1.32525336987951
1.70135035895668,1.20271522572792
1.69674824637195,1.28178632073447
1.97654095230613,1.4922505451593
1.9257596753521,1.30326715241238
1.67585858714656,1.30334242363019
1.58617822124383,1.21193140819297
1.52005004142083,1.0596860121197
1.62635012109142,1.18782091471652
1.72340391211784,1.20125189701139
1.58982678172002,1.13293720861423
1.45900353597841,1.18871871011144
1.70114606952338,1.30959779487511
1.68433167314257,1.26219009726571
1.62521884852333,1.15016575915262
1.7415362680481,1.24606396053642
1.83191834263016,1.22980196927053
1.79609188204668,1.26454237876309
1.47245540528164,0.993658756882637
1.64929616419321,1.05477110903657
1.67904198076907,1.24043831151911
1.67990638013298,1.25497786137771
1.87139890418985,1.31735543734431
1.146635945872,0.85821445466144
1.66553962879931,1.19204728542296
1.56874765118922,1.21106177053759
1.67770408363006,1.19710504557265
1.48233017597152,1.06120787776051
1.3405894045092,1.0408455714773
1.59977405761662,1.227087844794
1.65148182708728,1.27905867742808
1.55520794928247,1.17887202177272
1.93303280222024,1.33195609418556
1.69713150748388,1.30259190953249
1.77284583828704,1.28212500190723
1.64575283761376,1.28247497667744
1.5749330911934,1.12115238849235
1.50920983334562,1.13376805587626
1.36455098510226,1.02207703924548
1.60480686287348,1.12811246447887
1.58500338532628,1.16124499071238
1.49562230531044,1.10092156879471
1.86938399309097,1.34693492879016
1.64357515053416,1.23486553573305
1.53923172942179,1.12832037832826
1.63925861882339,1.20816514879673
1.77833746264559,1.22634249136224
1.64377336032851,1.25806476708067
1.80624556314884,1.21851507417694
1.52890038587949,1.1463431600765
1.80609540665177,1.25104900735231
1.43312976676023,1.06858496755708
1.64227190339808,1.20603980569954
1.45222485096221,1.13196319134181
1.33969541735427,1.00541272526466
1.58859746003909,1.18286380263861
1.97156041550107,1.46753141781199
1.64320884633,1.25155870985308
1.77881181862279,1.20172331941657
1.61126723540528,1.21990800720451
1.80908775568403,1.30523367299795
1.46798302423294,1.08137376847212
1.67050246948542,1.28622681031822
1.46729426303908,0.979448904809266
1.77402915032591,1.45262608234458
1.65889641883353,1.15142731111571
1.6568817179253,1.22087258981236
1.64028819566598,1.23507518542682
1.58704623403081,1.13647195826248
1.47820625396517,1.14787727493616
1.50039422702709,1.10466519038729
1.54625391086062,1.19698924530287
1.61060469082361,1.21447175021316
1.50583720257092,1.19595515953845
1.54560696522548,1.18852857153662
1.85519696109247,1.26137015392433
1.63643800041278,1.2307786972657
1.57007244327952,1.27758571356682
1.55770658970408,1.20340169194684
1.88393546014464,1.34450830199713
1.51596956079306,1.04546689159751
1.61117875402019,1.14981963709064
1.59270627585734,1.07865611844745
1.89752911997596,1.27656943405542
1.67199706389775,1.17796959861832
1.85091327338851,1.31730609311615
1.72694338321529,1.17089254296111
1.43051644327831,0.984233340815978
1.66445649550966,1.23343006641319
1.78019037295236,1.29252265897925
1.57781655745582,1.16426688011548
1.37163603646724,1.03364578317407
1.52458425673175,1.08925077469111
1.67697224871149,1.29639130751534
1.43397018135024,1.0401317904322
1.65904462891079,1.16176687196287
1.64620433741798,1.1752229146267
1.64535291772355,1.28972632110155
1.70115148897935,1.23230772837067
1.62276312644331,1.23936936323666
1.54303965809801,1.13665836886636
1.50788629794968,1.12179561885644
1.55355769555661,1.13630499361532
1.43527347567706,1.04401699016229
1.530194223717,1.06889856474314
2.15739087818399,1.79093588694084
1.6038071957314,1.15175290818741
1.98607734799954,1.41897733952725
1.64311848252504,1.17535645166217
1.75205003399124,1.28219312664386
1.62351073790882,1.1746114280622
1.91280687772827,1.39872854094244
1.73396222190607,1.28544781127259
1.42011502531125,0.98765460155732
1.58405458100279,1.22118408457418
1.64690761471707,1.2385378642018
1.96769998856061,1.48884259892717
1.66591154271814,1.26585573432995
1.59516775908913,1.08339836386817
1.6466927286997,1.08555163932924
1.64114154057114,1.15604802064763
1.71739810903662,1.25497895426013
1.69008885967019,1.15652892301283
1.47488246277518,1.11708859769468
1.60844684563574,1.14329408881058
1.8780480990112,1.4331741626124
1.61056871166875,1.12221285447555
1.73481491564864,1.22964974600038
1.7549064173837,1.28942837307903
1.4366138703043,1.03144592472629
1.61117754985983,1.18873357507301
1.80285920634425,1.41782075490975
1.87808217479241,1.27769577158844
1.48360272692317,1.10249751709389
1.92526080866879,1.35667485693852
1.74960149670799,1.38118542053667
1.45792329797238,1.08864896646517
1.77722485106786,1.345255036113
1.95887770499053,1.40907500044209
1.750294470196,1.1357438573361
1.9314398418532,1.41362851341934
1.79838741188624,1.37915629466145
1.58791169593229,1.17866967563985
1.29069624695099,0.904678332258393
1.71087137933227,1.25979717349818
1.49779127581278,1.1706688282156
1.68233523419945,1.20936700125157
1.56986035608816,1.07414275653499
1.48273219186864,1.08350207772619
1.7886544818468,1.2140881883141
1.73373365066737,1.19012977460876
1.52962795700316,1.19584542565353
1.8245129510829,1.26894456770473
1.50212619321838,1.12576633618297
1.70083487084985,1.21525399131077
2.06323064655839,1.53086379959839
1.73719036330897,1.30556795342164
1.80999140134949,1.32191083541824
1.6955160451907,1.27198140745814
1.69292721556906,1.2093341745035
1.52355935950642,1.28128138886571
1.6956727771876,1.19545974563514
1.30022509617845,1.05497407732248
1.79415101594937,1.24545276428945
1.29902078898232,0.950567590541895
1.76840008172519,1.26766273215311
1.56013860608337,1.0919970843652
1.54942051190763,1.05025408805195
1.69547191999409,1.21050123525371
1.80717297020964,1.29385007878836
1.73508239453824,1.2169391739308
1.8345483841301,1.23556495294687
1.48579340857046,1.13181452329846
1.45967885593324,1.06681369402365
1.87356243108843,1.4619873567234
1.6335478069624,1.24889207499613
1.70669264315307,1.30332261263914
1.44998978163176,1.08512248833631
1.71070607003685,1.32713124556134
1.59809837801761,1.19483940205739
1.5306979057963,1.19397192724708
1.58694606667871,1.23478078568682
1.44671159941138,1.08346529485308
1.759015939475,1.23940633379444
1.26769275879967,1.05117366474285
1.42406275415731,1.05013867740956
1.88190220834007,1.28190195003879
1.72861730921048,1.34301897306903
1.5962933186738,1.16089371438179
1.77460689424366,1.2670216306923
1.79157986788877,1.27459076126051
2.28658005161974,1.72009662449152
1.63329360200747,1.12729407681806
1.71583889407151,1.25488355332274
1.35986286659419,1.06487120995776
1.63491831474176,1.13146144975453
1.72405537467398,1.35434558819588
1.68614022295637,1.06685004414829
1.44971440824539,1.08952364472509
1.67481163938478,1.24834505972078
1.55982512684094,1.10733764371576
1.65002829419469,1.19308095054326
1.72757896257691,1.29016481630999
1.44066172680994,1.15808850985201
1.64231062418783,1.22763374322185
1.73918136336695,1.09088289033614
1.38803411911046,1.07766548190663
1.65237799840015,1.11610156640875
1.54149336952434,1.19971608642875
1.71653154984643,1.24199493802782
1.62140072208868,1.09274546457147
1.3175889037029,1.11654368266903
1.62447276915547,1.2056853794188
1.44183866315157,1.13352819040096
1.46665920846711,1.12049525786955
1.58934456962648,1.13496534043941
1.5018809853601,1.09812417697456
1.52396709517101,1.0691542803443
1.72425196165129,1.21706734036182
1.78687201084063,1.2772058230517
1.65994200467293,1.08828220040118
1.15666391100689,0.932350084987331
1.5139959661498,1.07621603306604
1.62354381844733,1.15701388689192
1.78137879443322,1.24491299121577
1.42867993317324,1.05565216948539
1.40007748463494,1.00839340743553
1.52308917103386,1.15903130019479
1.69840998213335,1.25805959536312
1.4546254644497,1.15455166503418
1.85588128113504,1.26905130007459
1.40137669130737,1.01144327992747
1.64072595514423,1.27986064831961
2.21695629481935,1.70560122773854
1.40638689427633,1.08082268652303
1.71557763188555,1.14701849807609
1.55859453747195,1.17652143894603
1.69627916756046,1.2265480012165
1.70919186581834,1.26630602585019
1.50026466633344,1.11455229448052
1.64649566119722,1.07436791503644
1.88225436642823,1.31587645779783
1.48524019890559,1.03987237731134
1.50442348466992,1.09674052080395
1.59161569877443,1.12450170604155
1.41842185590738,1.06162123184431
1.5928421097623,1.10630138918501
1.53512303757889,1.11787702403719
1.60419114576641,1.22150108949815
1.87206024611768,1.28065056230193
1.88960693419058,1.36234502279879
1.75801796793812,1.36700320368674
1.81439099595694,1.32403642571341
2.26229743732154,1.69358628074283
1.68112874332343,1.17028188716645
1.69109157839932,1.24140868388543
1.6887409097459,1.16403465918846
1.69919004405316,1.28075646815647
1.59356975026275,1.13945069079519
1.64424453450694,1.21188388595121
1.61425051841217,1.07740232619239
1.71091243794625,1.24189507574214
1.63501702183341,1.20789350102802
1.82225087847073,1.39829385679113
1.33871243378354,1.13126008640868
1.50769039702541,1.1192220739128
1.61252419982906,1.16655483397926
1.79581215285252,1.23953508011292
1.57290847174078,1.14293687906905
1.47298829219945,1.20103042052144
1.59493237724458,1.11917881837219
1.65012112018662,1.21077738968957
2.15535491210682,1.57920988618644
1.64943385749526,1.37364656652675
1.61882751389638,1.20344437583527
1.49503288584853,1.08597904225471
1.64601784713098,1.25133631001033
1.70229482617239,1.16541723857781
1.45622314687621,1.06820435480527
1.83866941183781,1.46944216125825
1.65866942045087,1.23864285347965
1.78253204054609,1.21633664440421
1.67224766594734,1.36108676609586
1.39339657423306,0.953762558270947
1.79271277069163,1.26904260805299
1.50985296635136,1.17731625539132
1.76204584970992,1.35991220680894
1.52161497018987,1.23189863905976
1.57285121508375,1.13395711120318
1.73686346393817,1.21047807963644
1.66667548519692,1.24405005314916
1.72729273264521,1.28130864495683
1.62231637016122,1.26818421484184
1.68498764387247,1.26333577441737
1.5962914086543,1.22217252538943
1.74137331595517,1.29317721490796
1.71594286001835,1.26410129310137
1.55437220975906,1.20891199149451
1.62720585787747,1.2318573047376
1.75908798125785,1.30805094407048
1.62744107800558,1.28660094652403
1.66665852848357,1.13947248193902
1.7617864443232,1.29076205902455
1.516286182126,1.19224824664263
1.75546845877812,1.16377411204578
1.62999128824914,1.1181052537421
1.85596921861734,1.40902731513659
1.42492561876191,1.00427855609008
1.46151409102467,1.20465454971207
1.56354599006131,1.11375512679642
1.4510333813775,1.07047375167747
1.5663087586471,1.12656362081183
1.87839484997235,1.27272732998114
1.7763255386876,1.16730026356953
1.74675929810129,1.27469958241833
1.65210069799885,1.18782073981384
1.52411382788753,1.22043529503875
1.34182710869826,0.980662668059144
1.75180051182722,1.2291371478157
1.62197923657483,1.2226012194623
1.74326480738133,1.29884683865561
1.72809030629563,1.20403968183669
2.02891026773089,1.33048063432317
1.69128871595304,1.28405121525228
1.67227417971178,1.25807300070548
1.65145006114754,1.1872637312896
1.54537084678912,1.11875470048282
1.79599468895141,1.32242171993462
1.66131737243463,1.23430960945737
1.48832392893393,1.15249662398197
1.54089639076501,1.14629045288392
1.44824903943147,1.10811128719757
1.2299278440142,0.943203238585735
1.52105071690681,1.10767589883965
1.6373943416312,1.15880617204099
1.79872621557709,1.25763796448664
2.08848091220064,1.67692340397474
1.61705685994714,1.24869198090656
1.61054556688744,1.23489784899095
1.45363255489548,1.14206702157223
1.71830921334252,1.20753444085312
1.49443985036958,1.07635100399197
1.83433675879386,1.20188745458009
1.66233121837928,1.30896942126477
2.00880292883299,1.63234062570762
1.84745001152297,1.26111438997373
1.52109559551791,1.13130450671861
1.52143055450319,1.19544640506027
1.60509451019987,1.25132316245299
1.79060709115297,1.16043044371623
1.65966372212665,1.14117609288814
1.77678551404629,1.34960107199215
1.8081463323666,1.37749023579451
1.46163817934587,1.08882083599697
1.65306405901086,1.19578897505292
1.65746270911757,1.325385676084
1.07122804698605,0.870653949131448
1.55382401107058,1.21536153586341
1.60425294549905,1.14313578045917
1.57836446516145,1.21593277335534
1.60839336674726,1.23767315337824
1.5029665719675,1.12651069748973
1.91301759675521,1.32168142371856
1.61680019593408,1.09468150551343
1.61040905578767,1.28681775357773
1.79250553920474,1.21292293788343
1.72830194829495,1.28962408380264
1.57510570474583,1.19316772723395
1.81548142189988,1.2412329208801
1.91814332567039,1.39775212701652
1.68797602880953,1.13577577060618
1.61124053063765,1.16276767974187
1.50718826516214,1.03343652391092
1.88494715368399,1.37136910426601
1.51065705304622,1.06615350911263
1.61392213194331,1.2030017448084
2.01759193074007,1.40019969983935
1.97397591243526,1.40489911739719
1.81513487028896,1.1602874270635
1.78898617465663,1.28302863105776
1.56070884341081,1.24176582691043
1.80210266817445,1.34576768316138
1.62162000747117,1.27357319845413
1.57644125842202,1.15835051221967
1.76582208671959,1.21574036507898
1.47181387176753,1.1233426940345
1.69465273356513,1.21166359749606
1.54534328358783,1.12320228388836
1.58369545447351,1.08284993174439
1.87122874945189,1.31783188405826
1.45922093161412,1.07664649011145
1.74425647260582,1.39041077926383
1.21201977110018,0.92748801568879
1.58174980180507,1.23271936474683
1.44547707124761,1.080744309894
1.80227493087713,1.32561127324479
1.22780096254478,0.941044366970615
1.60121720463328,1.09208546276158
1.56074689190594,1.16382347023951
1.52063052971589,1.12496377480271
1.57657572194441,1.09118855271038
1.53717167893474,1.17079327581625
1.63153243265603,1.16530670478331
1.57572021706321,1.20853602013655
1.97322891137761,1.53690725877092
1.77644873895376,1.15343938173318
1.67405826307693,1.24153430831997
1.36276928802133,0.871700659508588
1.43588532618765,1.11516945851902
1.85693366671619,1.24055574257582
1.47241987002417,1.0696771372223
1.53192717945434,1.1747091456957
1.62511255249987,1.18538547278772
1.37613399345327,0.997469127710535
2.36289478987493,1.8101202115477
1.87153169215741,1.2509636382382
1.62640386267066,1.15880204109747
1.48967560404919,1.13835080853093
1.8410392161362,1.36618936492897
1.68278501929225,1.19784529574831
1.62113642600518,1.2076385568843
1.88262343636865,1.39942740849369
1.38007162950111,1.02015568301993
1.29524389862811,0.920352684951435
1.61620575085072,1.21999136442425
1.65824496325301,1.27296531459033
1.59051858172047,1.21344798418227
1.55233511177241,1.20925322373514
1.84343483534324,1.27110625470255
1.84856230295316,1.38863283598247
1.69698259329344,1.2630628184209
1.68001446560398,1.24687909347524
1.49841363290457,1.12552397338105
1.59656166571395,1.2198616517611
1.58864795911087,1.17086182798101
1.68730665439399,1.2834543547707
1.48839153322132,1.21308852722005
1.75104925866893,1.34719201942843
1.60351646398448,1.12454385418278
1.80937349036153,1.26329649240926
1.26504528962698,0.932914334358748
1.79666454110659,1.30800377399462
1.5835770982597,1.29155383174142
1.67340961584942,1.29283133813631
1.68566891531894,1.19260665945986
1.80568996300534,1.27102000746394
1.82841142223523,1.43877801635877
1.64019968733058,1.15730935617726
1.57046221550154,1.24082333565359
1.62682897902574,1.1161263146829
1.48850751061305,1.15982543125232
1.73071951611252,1.14516564880373
1.83454053905766,1.20794970494036
1.87659248889873,1.34792911865908
1.75563396974793,1.24640124580689
1.59949008818721,1.22194156046671
1.43758334923803,1.08341748122435
1.7306433093531,1.32538689002786
1.61910893179872,1.18620410968641
1.74058358582639,1.15396387437937
1.32689286117949,0.907845706501642
1.59706650607095,1.16442044211844
1.77551644181242,1.09798147723193
1.34957194982994,0.965237698339648
1.45365284014224,1.09053571908956
1.50973282411676,1.07392837441611
1.68469142274285,1.16157372775825
1.81480669765246,1.31045685980145
1.65490056334066,1.21539384062526
1.80454703064033,1.33521840865867
1.57089605715616,1.13882419188837
1.36527596362147,0.990671662390985
1.71785718180904,1.2580639987799
1.62661306080515,1.09728177962621
1.63359303369244,1.15933792861086
1.72242523639486,1.25863373955087
1.59408595218489,1.19626903928993
1.68647746618424,1.27170029631169
1.90898281162842,1.36126747982555
1.71810169682366,1.23432766658299
1.8251559730694,1.21319989379686
1.67210926276914,1.18677390769605
1.64784025013861,1.16518626458157
1.63738633201984,1.22930292037333
1.69476138736962,1.29821456654508
1.74403707979913,1.25806287297304
1.65010762199697,1.12488977619294
1.63299501824522,1.23026101270432
1.69787830064771,1.26373136132818
1.68560385400725,1.19242167228659
1.66436997181085,1.17870125623217
1.54610168772614,1.1118375014366
1.67677608689467,1.10629226194804
1.60592441147673,1.16627405460056
1.67037802672734,1.02780700029404
1.67031378679151,1.21395561491021
1.54508392949033,1.05920534115571
2.21899928693068,1.75287062567996
1.57770336154721,1.23175869771202
1.50917384619436,1.09566140914999
1.50080047618703,1.02844368894215
2.11136138102439,1.55704260244706
1.36943207177037,1.05193042785223
1.72637716094233,1.26547880918974
1.79351540124201,1.16986722866302
1.80055087590058,1.30710940127636
2.09485692044486,1.67213484135944
1.64761277186812,1.24345100630922
1.58252997613653,1.12896914953504
1.82910305045802,1.46063967590865
1.45655703313179,1.10518162619538
1.42552200324155,1.03196549696276
1.7532290216782,1.38528336143936
1.59949241623782,1.16596038627594
2.02457372077958,1.32667970745539
1.75559165428699,1.24567644348846
1.6965681202677,1.2639678871368
1.56697560804692,1.15979498264291
1.28851421084767,0.98249475342234
1.65794751918617,1.29658752828681
1.63950422242842,1.07247736017768
1.77784305530906,1.27532165316382
1.56370883258508,1.05531223763622
1.67175884923144,1.24034445788883
1.75102097228812,1.19711995629591
1.47383033202777,1.11260687184618
1.80408975197715,1.13514233769911
1.63489629870256,1.24066283314899
1.73114259528681,1.36578701568195
1.51148369106554,1.13495964156667
1.7206457648871,1.24185932139424
1.60739200445885,1.20402079259689
1.37322525284807,1.04532083655545
1.38642266763708,1.0601097848735
1.31333593348637,1.01179622612189
1.72046791312035,1.21986880434813
1.81950501689238,1.4428387375932
1.55081466413172,1.08486292906362
1.51470420407575,1.14888168809133
1.34523616236412,1.03530380502974
1.59514691025822,1.2556197302099
1.91448861398887,1.39541965063725
2.04552100927262,1.49945650564077
1.68112243955104,1.18169297617704
1.6628975022747,1.22562891653407
1.57483863822515,1.15819185375648
1.71163050611359,1.30309392793665
1.49588966388082,1.15997114365817
1.34445558029136,1.01771941830102
1.63369461240065,1.29357379953963
1.68377958831188,1.16106287992348
1.61466424035744,1.20454547364312
1.28152616008339,0.988011874405267
1.34362117430504,0.980317850089814
1.54398927484653,1.03462628811823
1.3311555159113,1.02968513840706
1.951299202733,1.37637084743743
1.67323707292305,1.26722085680398
1.53969349655901,1.19093062657818
1.66459317085629,1.1869120333923
1.89483428041558,1.39629969649718
1.49044021232218,1.07630571972942
1.47354093602789,1.10933133385857
1.54343218626935,1.15343379970753
1.72759572852908,1.28676390724142
1.68447180625202,1.28070347788183
1.61551713753061,1.21785556807989
1.76672298803262,1.22240613812416
2.21252375360908,1.5577581941829
1.70724622035855,1.25659815840747
1.81469141168037,1.19872380392786
1.7244377576328,1.25579647711389
1.56753366996653,1.14361416731221
1.70918860570558,1.30460920376411
1.69815011247361,1.0282636921704
1.50917256681232,1.11221359765616
1.3652428169514,1.08502410512942
1.7492289196883,1.36599293708882
1.80413085222616,1.28329370546295
1.70321320447043,1.21476153809326
2.31214929248201,1.7305767464772
1.48995214299932,1.14991616981533
1.90167118866453,1.31278768079448
1.71154222631856,1.32998177220998
1.5068911691126,0.98171810382123
2.17162303158189,1.70577710219996
1.64867115979689,1.26892852896313
1.91699939377535,1.30949030938832
1.37315785144951,1.04036592320076
1.84332626655485,1.22489748563291
1.55341982301126,1.18841377560939
1.42331191785347,1.1517499505019
1.76664376195965,1.25363115641878
1.5030254189691,1.13373123336581
2.04089701277049,1.56332671490505
1.60074575759269,1.05693917330134
1.62274448087145,1.23185614982397
1.62073674002214,1.16345687046126
1.49051754713537,0.996751272673558
1.97471061327117,1.52596756375052
1.46806118837552,1.167164344467
1.91333750134853,1.35566602919752
1.78947423232034,1.29698936371269
1.47694365106995,1.05039200733882
1.41602914684051,1.05297230405997
1.65331860790521,1.20130201134718
1.74785345642391,1.20242879949472
1.6017315669701,1.24783611719041
1.68610733523393,1.14546322111981
1.87517684306443,1.24455331212838
1.59302340696474,1.15108279733229
1.74095140918344,1.2837911244365
1.47265584473775,1.20094231512062
1.76452369652403,1.3564136403012
1.59431833501013,1.17785543948074
1.57930284522411,1.18149742230404
1.76348641963751,1.37802741238817
1.37867345350342,1.10842310165747
1.52986605836786,1.17363069998899
1.6713960934529,1.24090475494438
1.64423826588606,1.153454463603
1.76576627893671,1.24482296716223
1.44785545223472,0.939635545072358
1.5698320635024,1.22996016341232
1.80713891664962,1.19049022491547
1.74711052320246,1.19142979276787
1.640902315788,1.21955790160408
1.78429538759232,1.37029332730309
1.51326532617718,1.02224936979923
1.82386431291712,1.25306397095757
1.53769157054791,1.15756960359136
1.8339529212639,1.28192662284325
1.50121254421445,1.18875643143933
1.65613779007393,1.25449377037249
1.90584272890522,1.28764996294061
1.59525505611185,1.17620089204724
1.4557003400052,1.04776181994107
1.73978652189778,1.29957581497724
1.84832390361008,1.3149296989446
1.68579022141083,1.2291864307444
1.6940631643086,1.19062103260958
1.69003879736124,1.23422716613837
1.63409598087512,1.22007259720067
1.72450174891259,1.21399103515174
1.58724238561514,1.2614956546101
1.70930361112051,1.18582613427719
1.51557201499108,1.12756044564148
1.65663896284378,1.2050650399799
1.7006605926974,1.17851453509388
1.73900115819908,1.18504585158534
1.93945793148025,1.34113897697348
1.46973756515892,1.08927651176019
1.78636062194811,1.27529726893777
1.61271457010892,1.16058150544837
1.45050564338096,1.0399239139899
1.53344544780517,1.11535993560737
1.49228536728032,1.05606475490242
1.4256317853052,1.11978431974223
1.5025336918476,1.15345942027226
1.40631019534066,1.02889169363587
1.76833894547364,1.18919421647827
1.56876190019693,1.16216310158701
1.49668983280329,1.04110872973055
1.73819543071089,1.200060213307
1.61851351871868,1.09019546176894
1.49619847413188,1.1766096180889
1.66974454454629,1.23874798138252
1.65312588207279,1.17478595507805
1.54509669954475,1.11631208927602
1.54243646075585,1.14016786241783
2.03109717838252,1.36761872612847
1.80376465020365,1.37243515737531
1.89379567451226,1.30309468729326
1.7262579904002,1.27916586023055
1.88824858171278,1.35889503873053
1.52744590738265,1.14265724597572
1.4318569211238,1.04318191915579
1.5742781752764,1.08790033785457
1.57824835381382,0.994432655972122
1.6944062822378,1.28300828000221
1.65559333192859,1.17444055810202
1.59378250618046,1.19484861275065
1.52736053953294,1.12270312731786
1.62537167141566,1.26705520867148
1.49878281135511,1.14502974487379
1.8276167461468,1.21412125330919
1.64866887665504,1.30732260036483
1.59649434256207,1.06842109388075
1.54648393875263,1.14528009484088
1.63665604293638,1.22496543666334
1.72401880953128,1.30174052849498
1.53730378799804,1.17466144810337
1.66432211813051,1.13381841377982
1.84619541648365,1.36413101061484
1.66783985917944,1.24349050066218
1.44394395915694,1.12005359792959
1.60491109810228,1.24455261661735
1.57064924733675,1.17221211536026
1.44465106057669,1.00321762455798
1.6613338048112,1.14480323675132
1.53094222142112,1.09219896743714
1.73125312908606,1.25286101031667
1.87962256068556,1.31137512525419
1.78150626752037,1.3933904163867
1.65669000448668,1.24310022057591
1.76657353104042,1.25290069044177
1.55923134844371,1.19943669930975
1.90204493110399,1.25336546090699
1.56095896158461,1.18692819336058
1.52264233150954,1.15736614890275
1.67151809326093,1.20543670380735
1.85818475958167,1.23505266035085
1.56654377804429,1.18705697570459
1.52430340359104,1.08863325778227
1.46700773995858,1.09382467828977
1.62790326230075,1.2125280186724
1.64159201931327,1.18773640192053
1.50250883862941,1.16482068128828
1.41835482219005,1.14179184845805
1.75258997069122,1.28872143287862
1.59760666869596,1.21087222570545
1.62345568009915,1.20366052573191
1.55968963174884,1.19487847348808
1.53050689910521,1.16570251799845
1.45171543649064,1.02827119977442
1.51266651671962,1.06924134776467
1.51302765769408,1.13073532546009
1.70318299827622,1.28134657138875
1.74340166542042,1.18539254240896
1.81000438030609,1.45625802129261
1.79724797421675,1.2690405780295
1.59167302915981,1.19767787544853
1.75016046518824,1.21617722773235
1.6963470072708,1.25594175576836
1.83369277852545,1.25999951643412
1.53692526212649,1.11429286990333
1.59090057595322,1.19623700540463
1.90324203778018,1.37840837326359
1.62836392177606,1.1499882607895
1.7034321969191,1.29420915504565
1.91629785060843,1.41076426098723
1.62430751086853,1.11019178551798
1.6850149761634,1.20056523042073
1.54702406801235,1.15340385518534
1.46104293162587,1.16577400503031
1.63549188648944,1.16951808218188
1.69093230731645,1.13833340166201
1.58105388166652,1.27779604008109
1.59492421995745,1.17489718549159
1.85996507851754,1.28860775252314
1.74252742316019,1.30025554907436
1.55549270645954,1.25326880492128
1.71332631651749,1.20178787284145
1.72524971521412,1.21496791588119
1.81311947843043,1.34047509732251
1.74973356769972,1.34585065896422
1.7875684137374,1.31669355112411
1.48313379720389,1.13179930652026
1.45136237875773,1.08104279428508
1.93246853322242,1.35625397367907
1.66126880073745,1.20627581969062
1.69055424046075,1.25610353299057
1.65034940235703,1.20597546011018
1.81265693480648,1.14894446777392
1.53489801544364,1.24956979602762
1.66744570762311,1.29533210051137
1.63341058610137,1.20292794042899
1.80307338174624,1.29990421978957
1.73737027498261,1.31556631758375
1.43806950181771,1.04056795618297
1.36667547096467,0.981499795676522
1.75819183887467,1.19034642526944
1.87360681428412,1.2721974801298
1.2497305853259,0.971802320051949
1.5013149589473,1.21714854354857
1.8116328704992,1.25351845960923
1.57169052874868,1.22286852026388
1.61298761437931,1.25623968090762
1.43722686232768,1.08540069126968
1.44709989523177,1.10046681811332
1.70470339178438,1.25498305736951
1.56978268358184,1.05403099666638
1.87506512583226,1.35372411528323
1.56846652046521,1.13742445757768
1.94374169369733,1.40023375044372
1.53284166829667,1.1671764687546
1.74307951873436,1.28773307611046
1.64313894160448,1.17817416224441
1.74390238167927,1.26092221705879
1.47503509952436,1.0368165980449
1.88892142388523,1.32547720187096
1.72927707766058,1.28356263388065
1.64783523137926,1.15709017038848
1.52243316611531,1.08098432227405
1.43454693968525,0.976637821392049
1.81911310224977,1.36242300748671
1.47529738554052,1.13310744591177
1.89873409549093,1.24349065918078
1.79947056525763,1.27973512330264
1.50130277777979,1.05701931418254
1.5285426912987,1.1763502680458
1.43393608611207,1.04316233233965
1.55244434285184,1.14039854708202
1.65053104935184,1.21159603420045
1.74126250781022,1.18626147441736
1.75762729033502,1.2064276022711
1.52207842753004,1.23020725280089
1.55879374296585,1.17527531421288
1.57496933113715,1.14205021167814
1.2382054455537,0.913152552760377
1.61169730332212,1.0833950465748
1.69339102977309,1.2046871860724
1.71802821895544,1.20814431137044
1.69591873808559,1.25024376962069
2.02703824288082,1.48641887159809
1.82545573966368,1.27648205801934
1.57547470152898,1.13253868558962
1.86778206859295,1.38769812345571
1.66796505990323,1.29690921700552
1.42434577420201,1.12771982140507
1.70744417761933,1.22992956633414
1.51861550888959,0.984265461775019
1.959131380944,1.38392050578765
1.68944924636296,1.1377791785161
1.24196184802566,0.968816001581789
1.60433944343583,1.23412310309501
1.6123216016984,1.20014700249256
1.753990837973,1.35211711175586
1.55503834193147,1.03749706561334
1.80066880289034,1.33162291326247
1.57800542423914,1.14904459108875
1.48740627277762,1.04083253354649
1.63743261925903,1.23310235468547
1.44609937877088,1.00171260756073
1.70303589267131,1.22774031507457
1.52816711198551,1.28184100020056
1.5416153103851,1.0712883836431
1.59609249297835,1.12166656960559
1.65621174908028,1.13732442596155
1.54114656294482,1.23124806106426
1.60648598119185,1.10857250547157
1.30209637862206,1.00242889580757
1.33374410021636,1.00631916111467
1.53704440778574,1.21364815809497
1.65295189453381,1.17872745067838
1.48393157525331,1.10936181512335
2.03968245636981,1.67957307527524
1.92621517603997,1.33188556094653
1.66113835984589,1.13489018678129
1.61491146517539,1.12410394450898
1.44005332585966,1.17881105425313
1.47061549945087,1.04262963676192
1.75137814459385,1.22954489861681
1.63375634384308,1.14241927722375
1.65471390341236,1.20159092668708
1.74232373821089,1.17878477992349
1.41935695349964,1.05788404085455
1.38738658653463,1.07350798388535
1.77920450253997,1.20299866553621
1.52089349931159,1.2078413545753
1.61872868448899,1.31885953714991
1.92069534769526,1.28729123181495
1.60140021512982,1.15024954999126
1.57429848318684,1.03695073559418
1.38026655459549,1.05708652179863
1.53229677326248,1.0929445065507
1.62481175311302,1.25004119836978
1.14590809183248,0.901322709595853
1.67150415110029,1.22759747394617
1.5787594206752,1.16668699669009
1.42636134700647,1.04719723277626
1.76405276398769,1.23768585178773
1.73851668105377,1.25696832619186
1.71974543697112,1.28028488374244
1.45797489091334,0.99751244737236
1.49346629195623,1.13570676159743
1.6309611006683,1.33866472570452
1.80117355303645,1.24579082714028
1.7689002838072,1.41061244681059
1.78368341431922,1.1613521675361
1.64092251543413,1.23780176331536
1.60454637231666,1.19944220017422
1.40808489417368,1.1022479247798
1.86233077967383,1.28980448003365
1.57808048783289,1.17706151992172
1.74930137315508,1.29666385199406
1.66572612276947,1.23178603909166
1.42176048749343,1.14179445347117
1.67981203401183,1.25810129990299
1.51822862419755,1.25589600534892
1.49166845130191,1.10045674385404
1.59962611790833,1.19674350889789
1.46488943511606,1.21529158321353
1.62455723719857,1.19861844323365
1.68741543610965,1.26467666278049
1.44775386799536,1.14766159092051
1.49168678423259,1.07108141604756
1.79211849389054,1.2803640277737
1.71289465491233,1.21322877670142
1.60000000487886,1.24300397545088
1.73231619231582,1.10471972011566
1.75328888257816,1.19031439209126
1.85598060772479,1.37201061237526
1.7745638861124,1.1817640470812
1.81797761879975,1.30429424937403
1.7687909437469,1.3649952555561
1.82715251181542,1.44454220762767
1.73572956229941,1.31791179088005
1.5263737498139,1.18654427913068
1.65471193742787,1.31965529089496
1.64306247703253,1.23468829354383
1.78454258725702,1.34581847873313
1.70184209866481,1.28911138591755
1.54846248655816,1.15798720021336
1.75209273142697,1.20290605724949
1.60307152893704,1.22255131412133
1.39864455763947,0.999091414987629
1.74641268110627,1.31324597788774
1.71545809555733,1.32518640188843
1.76164869579712,1.24731483121286
1.57080001977161,1.08319096627916
1.20712207023724,0.89807400229681
1.50290177514119,1.09222942680227
1.5724586332805,1.11633074388284
1.66185379917569,1.32662345753072
1.64734822385684,1.21916663390523
1.6394627251176,1.18316437389613
1.77776264189182,1.40339731782737
1.73528146922367,1.35128634941913
1.68510124875089,1.24654667037702
1.42982640974804,1.12619984467864
1.35153294166223,1.0085444524373
1.62212261904452,1.08911670901299
1.64054790284107,1.16557442644186
1.53975825384558,1.11930332404446
1.64939780157116,1.27992045744039
1.6896682244777,1.11485222072254
1.95038194688155,1.45829218327983
1.71979123317427,1.28395201971941
1.81350537260552,1.3268484987981
1.73845888413439,1.26828995304919
1.64111938512403,1.19296405889653
1.50560894253627,1.15682968161009
1.58540478550238,1.09831575860934
1.96325338891088,1.34278431348619
1.71545198683078,1.30335291103206
1.65743224572523,1.20321647688329
1.4984035133057,1.1081004138877
1.41162162041435,1.19369433565023
1.80055515079354,1.2301808902148
1.4968617942325,1.18962180456524
1.68658661694,1.21454876828998
1.62463792898732,1.22070963648737
1.72449914158084,1.12115162695973
1.70442809992888,1.28586027047219
1.5746511388557,1.17051303612655
1.47468237296244,1.00788373661538
1.52266396017079,1.19547730986096
1.60818876576479,1.2814279778462
1.56459277982674,1.21883095424262
1.50994487495353,1.10347643791398
1.89778424316975,1.46059151287315
1.54044583642679,1.25359913076159
1.54718373798781,1.15280156830848
1.64012043156629,1.23999929542861
1.83394349471904,1.3315801418731
1.6493319099734,1.27799188931177
1.81257340251103,1.4424725863298
1.6500670165349,1.15210304368064
1.88680453337723,1.24670183925931
1.90998552649693,1.3694691883614
1.71986271151691,1.21374108423578
1.31694807239872,1.00562305893876
1.63373714873877,1.22883711311186
1.68275219779898,1.26339207095043
1.53011590115336,1.09160507265325
1.67792218793957,1.20846846887829
1.39289058841101,1.05187427161257
1.62325908940925,1.20547321573661
1.80293663876638,1.23367635483766
1.61257072374909,1.24170694496635
1.62986705449764,1.1814427595449
1.62500159484167,1.23781844806019
1.67701300101347,1.27073076376947
1.51348087470906,1.12081060839864
1.38541302411878,1.08473790920916
1.41990802784467,1.093559024264
1.65669555707451,1.23759889206013
2.26872926396627,1.58008971607573
1.75007011137893,1.25067970037868
1.68659425349976,1.14641750057292
1.43848875261971,1.14315515659459
1.94269402453203,1.3537298615531
1.48191534809113,1.18274321977885
1.77891672819031,1.29670540125172
1.60452661840288,1.13639278317276
1.73062979931119,1.1899188922131
1.60557208374931,1.24772301103463
1.85710630432937,1.19948509349213
1.53870806898509,1.12903857413699
1.53830301752456,1.1695745974714
1.53576096171076,1.17757569745891
1.8347616874389,1.31035272584875
1.41446137221802,1.02270438011991
1.68502356263017,1.21767212737001
1.71241131714503,1.26614062206559
1.48947979174805,1.16669356506985
1.80869754496147,1.27459397060358
1.38497597395621,1.00843627960901
1.49114528431549,1.10306219443304
1.27474450390429,0.978297491276602
1.88841888180334,1.39952725759692
1.69056552229006,1.28200480558393
1.69303844853867,1.17908860967932
1.62971621742293,1.19605937656714
1.50659144835005,1.18376080785325
1.68607744674078,1.12622043806552
1.61456902226749,1.20864653754954
1.48103292181097,1.08546872894065
1.82662156490395,1.23018181447715
1.56110100356839,1.13669819474498
1.51611001548506,1.04927567211342
1.68042246826061,1.24637578214982
1.57865313406335,1.11511003060258
1.47741109268362,1.2135395507601
1.5949591224281,1.12551834861669
1.82007288726369,1.28254090472638
1.60736610369676,1.17325373969148
1.74291422116146,1.18614421108087
1.87969240523161,1.334780706644
1.8201310004838,1.24781847108497
1.75082080085466,1.10821241676621
1.79436704087926,1.33023666306494
1.83741268398553,1.26753736203009
1.65250305082154,1.14625825303453
1.58865926900848,1.18901672886018
1.66581345694525,1.24106039461212
1.63804393220339,1.24737700413116
1.82325284670933,1.30077350459434
1.44618730087236,1.07880124069076
1.62518515516734,1.20534872370013
1.76597449429913,1.18244057540718
1.6335006508664,1.21006734861744
1.80879381557306,1.26391087250974
1.77900758812209,1.29653287581297
1.83911337014076,1.28129056929939
1.39751711482258,1.05936619273141
1.77204983081408,1.26215760594927
1.57223995117882,1.20775510662602
1.74588409005463,1.20426789848776
1.65867197281528,1.14769266033317
1.61955787985073,1.27512551302966
1.53192034978444,1.22278195458184
1.81348423688626,1.15859060024229
1.80887107722414,1.31529947340921
1.7158895755914,1.22441373650965
1.4478963330469,1.1279971839478
1.73192021613077,1.1839030887575
1.51556155134796,1.16569945942315
1.68865256104368,1.26149052895819
1.88589123734102,1.3071018195607
1.59285969899513,1.1396043742028
1.72109105603186,1.19173034446558
1.58268397487966,1.16852013672486
1.39735369231239,1.05638013317404
1.17911068775129,0.955880387042268
1.48774341489186,1.078376340988
1.42767575756951,1.04731586590532
1.71571682214705,1.30921228200045
1.73763649644833,1.32071648989661
1.42999254689759,1.15197045587855
1.47801539915964,1.12278255591356
1.52485948485401,1.11791076409081
1.45920205350908,1.22659465716375
1.59032114776322,1.10144642946971
1.72344961483823,1.2332927292054
1.65484484050718,1.20010375701197
1.56968482250689,1.1993741374904
1.58909643757989,1.02430900071888
1.43118271172166,1.13515844872224
1.88186489385802,1.26981608564417
1.86079299594778,1.37393081821143
1.52746605521285,1.12377757800057
1.71805478294035,1.3172978652589
1.53405992719758,1.1617713623121
1.79776290676002,1.23877144292916
1.62677873877839,1.15522201820733
1.75074353099694,1.30264198859522
1.64818513248214,1.23196097107886
1.62563527299116,1.21300796473038
1.66803923253885,1.25642912291267
1.69563856549805,1.15293440386682
1.82013088865576,1.30305828531485
1.38739731999957,1.01439079738496
1.77910151868633,1.39777121259539
1.58373926675412,1.20642819227428
1.45502297390765,1.12215129594174
1.56702944282934,1.2313035378245
1.5349185671853,1.25194340621782
1.78479955603279,1.35250664833112
1.59373113777371,1.17666457508607
1.71548586889724,1.25893789634791
1.51419437426213,1.09513877203728
1.59767857455111,1.19589797062022
1.74141783081539,1.23801403279551
1.46784106574036,1.06962278974707
1.62896077188622,1.29324352386825
1.65106918928426,1.13998341304436
1.77792788721305,1.27775017329296
1.72629154769698,1.26815890886309
1.45928410562955,1.07954033138922
1.62643457663093,1.15759469483548
1.53428869763173,1.22343934103396
1.66129108814767,1.12872625484127
1.57627172258218,1.21149027683918
1.41356562122397,1.100425174525
1.47015041393383,1.08223748713448
1.50714479219576,1.09227926202403
1.77171486182365,1.23960343524117
1.70271781091655,1.2344283704365
1.54451192189499,1.18662856525095
1.59404626789163,1.06041961216032
1.55956706907391,1.15057376991657
1.49337970724375,1.11371685400002
2.17087237728089,1.72938426475306
1.67452504913297,1.24859247841322
1.56076244083875,1.09995893514322
1.64838883026599,1.19572414225603
1.76732052332228,1.39616119237983
1.74382663807578,1.30535195250084
1.66826783302284,1.13805464977596
1.93721598646641,1.4104858005592
1.63775390054952,1.19284572616487
1.93661487741797,1.28411710877671
1.34704672079792,1.07155829582188
2.19868632001427,1.61175996362743
1.60417762380059,1.28975276069076
1.50115708910136,1.13541773301245
1.64921851797928,1.32457070829605
1.55045434787831,1.17755345226781
1.4546822353127,1.19103698505944
1.87439034413556,1.24291762619175
1.76341920184444,1.25128165608091
1.49636306399392,1.0989930657724
1.52985230341944,1.19972849057329
1.53224737759904,1.08098786305475
1.72975778256259,1.1392593556905
1.50562174877054,1.0322452353566
1.52309416486805,1.12902773600849
1.7672650866548,1.32693757905114
1.55632816555101,1.14753353766021
1.50767520458484,1.16519502430497
1.77703713195141,1.21343773389516
1.44081865451307,1.16945492051282
1.69937812358087,1.30047823952734
1.78059189678718,1.20065439233845
1.6139931671338,1.22195502051067
1.5820308246173,1.33944781924087
1.94885863134234,1.39725034941784
1.46450935364096,1.0573826980409
1.62576956568955,1.18006396033803
1.57898199834353,1.20138581721948
1.86846569207471,1.39740853539611
1.46080890912817,1.00261643287161
1.52478306118369,1.19315846719466
1.7421354491406,1.22883606218855
1.71060977881311,1.30998402008987
1.72396023955086,1.24464773171607
1.69114232907796,1.20676937979152
1.86727319436489,1.27612702241234
1.84744215906701,1.41080680070784
1.73740157810944,1.26276945283041
1.90725983732492,1.30284795218681
1.67703522934445,1.34200766448871
1.6005146737622,1.12416762234767
1.8130904293295,1.23537127312188
1.47618193653247,0.99395020261727
1.46846662079475,1.07307894428903
1.19078210695407,0.985095586482005
1.63800116159307,1.219481523118
1.45128444369533,1.07931370241538
1.50071677875123,1.12999750642743
1.47044288014649,1.081260751648
1.64018751179603,1.22171036334313
1.74765884244124,1.32343946874727
1.74364936048426,1.27207157552112
1.93827433527286,1.59852141323287
1.76631783972445,1.28931350932208
1.74399799115947,1.35294890127233
1.78412863122994,1.39370806721695
1.83507562071029,1.47363754754278
1.57041937447824,1.26046163764494
1.35964091561049,0.995547413363779
1.94600751171548,1.56646790028994
1.53687567839592,1.15292578248376
1.72350726818609,1.22862218304173
1.4392671536283,1.04467639247722
1.71120382139528,1.18805020316591
1.7129762170286,1.20615162952931
1.54686883624099,1.24137506168927
1.68103232095797,1.18615662167039
1.75168181264678,1.19142811328775
1.57844800871908,1.19716254758702
2.18589409225585,1.69150804005177
1.79229011902132,1.42078819941278
1.70639871522875,1.3071552403769
1.92159457200979,1.36645476090254
1.84068834921956,1.36237245325655
1.56620678710593,1.15239038211128
1.89566715434664,1.28622095308543
1.7402064154091,1.34631815206118
1.71794383845011,1.18904610034282
1.66415280585537,1.16854713626117
1.67029122010616,1.08302622215972
1.68598767675442,1.28621442631324
1.49703304119095,1.21215470243965
1.51699094009461,1.14095981835821
1.7127062563443,1.28216312374248
1.54840155556562,1.15617763174009
1.70014516414167,1.29108287166491
1.60545443338991,1.27172559046815
2.0415650926615,1.28741235348623
1.48662392877507,1.08189516661672
1.93118576338449,1.42772892828637
1.73055705746715,1.36904295309744
1.43303449215705,1.15182900744205
1.47051649841052,1.0631770521284
1.86632356994619,1.33214022570597
1.58078566224092,1.1523355108779
1.47478520874021,1.00687109113581
1.47016017214007,1.12948693565643
1.43153009470264,1.0556815760449
1.43195079769015,1.12074739238286
1.88074722636949,1.42583643811163
1.86632364946567,1.3660511845112
1.79787869152281,1.26799793894884
1.6034143355549,1.14939679920336
1.35399028723842,1.12750149633139
1.34518193529801,1.04420824901102
1.73092760775023,1.20024011068597
1.66196851944216,1.17328895221121
1.47626793161533,1.13583142408279
1.65408649926703,1.21824723700658
1.83964494036062,1.28630094306093
1.76693572700112,1.38153233601058
1.78687131231954,1.21946510749692
2.2285015034757,1.69190029052505
1.55861279513172,1.24262434895961
1.6231611856536,1.16120961940472
1.68141564675839,1.30237072136383
1.62932117432461,1.14259004734047
1.81960940403721,1.27832939174273
1.91112059259504,1.40009146427392
1.66299589641424,1.27349279820736
1.42044139676362,1.02636732803186
1.38104042107248,1.07842928069343
1.78428145709203,1.30265264823884
1.51286919525173,1.11102503640375
1.52036596341645,1.13875668182409
1.5666811609474,1.10691757146679
1.59813356436903,1.20858873338122
1.95349282281945,1.38603172981805
1.50577667774559,1.10792921288494
1.47792699600825,1.13263814154035
1.35287345004946,1.03839352692553
1.64688479020906,1.2181727955378
1.54023566035155,1.15491036980946
1.66608651604954,1.12224474022047
1.56060950904254,1.1775016154324
1.61378752992118,1.13648120639044
1.75677871834782,1.2703196946533
1.43335553871871,1.1121014090743
1.51670332630521,1.29216479870722
1.5661773427803,1.20192786265811
1.75317716414434,1.31601356424699
1.72620354368562,1.18740303475649
1.58445736712645,1.16847023716114
1.44838076176294,1.12138406900222
1.56865851516241,1.15614298762216
1.76141664289177,1.19539061768033
1.72823935534379,1.27932908119646
1.50132477525082,1.22091519823338
1.24026804840908,0.986040890415124
1.78126377874633,1.22688166985689
1.74192731674069,1.20581099776203
1.51087847662601,1.13790819133984
1.43987232357925,1.09358849330547
1.71349535734087,1.31407843156861
1.80317352570079,1.32310012639385
1.80613235977141,1.24433523333932
1.67391879197863,1.28389740124885
1.555286441387,1.19818540469323
1.58369629480104,1.14534000106018
1.40716184253936,0.926595857219697
1.54407632669663,1.17439823233559
1.59971113097623,1.28791990714093
1.75567843553296,1.26102359097626
1.83839246660525,1.22319452338525
1.40628860589471,1.01958763893945
1.55400040092869,1.20653304951113
1.42326792585307,1.01419544995257
1.27597445192462,0.986663158781678
1.70760617643334,1.21827132090289
1.87646931867226,1.35153253430353
1.68016292918991,1.1889863413848
1.57642068196241,1.23667116660451
1.54420024849658,1.19034786304743
1.80298097866056,1.39181936175243
1.58217173107336,1.24039228387147
1.89609901531527,1.40373328890962
1.80980037414143,1.27307603949463
1.72310787724982,1.21952942006572
1.71928076055339,1.11599282346239
1.29785716010102,0.922841860136509
1.68807178034242,1.11666521872288
1.69206870539674,1.10594703282601
1.71275719846716,1.25848684519688
1.67350218298959,1.20469100195153
1.67976199109891,1.2764225718291
1.559990031577,1.10681811909193
1.72657639299001,1.31223652854158
1.73579659226637,1.24672155365183
1.34709613909598,1.06506236438074
1.57793411654142,1.19938524146058
1.51466138019038,1.07547379505992
1.5934578176588,1.08981578502582
1.56054251494348,1.11603712476265
1.63244294801456,1.30368739224486
1.54370825684885,1.01054246032712
1.77502213899543,1.29798445166838
1.53512600068031,1.21728401036375
1.74901690248042,1.18284178808656
1.66384759410668,1.24006902118743
1.71030952534941,1.24347496816975
1.63925571593661,1.14811604936052
1.6076915242055,1.19559316591219
1.85694306691808,1.3492848513974
1.40703932370319,1.16712815058568
1.64968462585096,1.30458701601204
1.69029414425282,1.13739960105268
1.65910713845,1.272717860282
1.66494609559495,1.25975645277057
1.38280527634865,1.06594769190614
1.65817832940538,1.12445511154199
1.53968043718302,1.11103964930865
1.60205831650292,1.19780670995758
1.41795306386775,1.07997749962387
1.33229583049473,1.0564480108802
1.62912190601095,1.1832642639827
1.80674688864689,1.29278486313738
1.61829162457526,1.18604320246376
1.48629479765109,1.21225902939047
1.76334418344599,1.32075203240189
1.56264755677096,1.14659850585002
1.58866345355149,1.12086633074903
1.52773938610291,1.17165330175097
1.67349802417402,1.15510859000922
1.62915789811045,1.21345721427251
1.49625713432757,1.1791483010771
1.57583757032169,1.20387028563567
1.64211184757148,1.19515745198549
1.67037892688335,1.32250834190416
1.93709956029901,1.37935128346094
1.79761186156835,1.25143626020438
1.72265699130681,1.20525655036503
1.87577126978285,1.29603760136127
1.52090603881959,1.12498262799669
1.59520413190506,1.22592020640681
1.93169616733412,1.35851114387811
1.76592895841401,1.22201993018918
1.58909385261897,1.21167711935522
1.66095454571127,1.24362151233791
1.3481759557489,1.02488668945285
1.5563395467093,1.18327557235062
1.5594475807768,1.23164796291168
1.71019865412162,1.28850691124099
1.67221178366645,1.29165029590795
1.70169113690162,1.29559047271236
1.53972797542409,1.0638915624784
1.54286086479049,1.09644509229208
1.45798136845835,1.2489552039693
1.6982971646566,1.2206799210292
1.31517408364994,1.05894958169954
1.62289489991823,1.24461016166992
1.80653536014387,1.27285284447904
1.43064724405986,1.00551178846262
1.82821583986577,1.35521085720327
1.56364876685403,1.17129494492094
1.96418729753316,1.32174128020801
1.4085622713145,1.01867163532508
1.45352686752078,1.12660134344248
1.48582758085716,1.13927865344709
1.75284422678676,1.12048863538454
1.58875885046731,1.31213943745055
1.67840355266587,1.30483327344299
1.59532968547719,1.15161707693408
1.89952640589238,1.28277731433968
1.50467751998219,1.16767437269606
1.46610141564835,1.04838649694404
1.64974089326234,1.28336305674029
1.56657498579536,1.1371917326646
1.74774028404764,1.28769067818288
1.62070373429529,1.21884290469766
1.75279561157427,1.29670851554638
1.53215977367519,1.17448023546158
1.43792674675453,1.16493210054701
1.76933884389991,1.23106133753236
1.77281031034689,1.30275299809932
1.44275140508537,1.05872241732244
1.6323364535904,1.2539703495794
1.72321725061499,1.22290286749189
1.62218358630608,1.32684530744475
1.50575752866671,1.03633922197003
1.68406465429664,1.23383789757118
1.65529377990639,1.21616688915299
1.57081899591415,1.16640569815524
1.72888990355358,1.30396993871825
1.62306126209208,1.26307243242731
1.46125558358459,1.15710937438424
1.82586441393512,1.3145955872085
1.70931314740831,1.23960251635849
1.68024288614894,1.19666670685306
1.83080638429472,1.24554467760615
1.4499747506529,1.07947950589014
1.56786473296099,1.07431797362619
1.58062073366208,1.29073012141744
1.64625584991048,1.19459364127852
1.38744179296264,1.05363524031937
1.51061359134541,1.11025969554879
1.71432393804058,1.30697721971961
1.74690875731859,1.31343122508996
1.75985033070022,1.43107278572651
1.55919552100381,1.18258015763226
1.52385120006929,1.22121602848387
1.74829320701992,1.22596210056414
1.49568762792878,1.04990110177674
1.46749271621775,1.10706071407625
1.53350053330411,1.10768312900064
1.56607622113029,1.24647085731732
1.63989230848045,1.21989230727329
1.840573014857,1.31472103041271
1.50226639275281,1.0249623955224
1.50427342566187,1.10155466487888
1.89312224607744,1.46314152153842
1.35870702930338,0.995543185497821
1.57037814980095,1.13186480740159
1.62011316133107,1.13635206580817
1.55423766002501,1.05671090953949
2.01315895746277,1.55604361743685
1.64822900180998,1.21582020878606
1.66512998666784,1.32328084846622
1.74102997585013,1.21593667113116
1.53130858073142,1.20902722548932
1.34157849156525,1.03531249061539
1.6468961952102,1.16035787344603
1.84117051724838,1.43002877175494
1.59925975890348,1.19683932624739
1.56032267793491,1.09138079338113
1.66039428879984,1.22851052029507
1.6003322752417,1.23801805190343
1.60887253331263,1.1100960985051
1.66796999010059,1.25809237344229
1.65337960961794,1.1996573163528
1.54045258002806,1.16450435807179
1.6466798333819,1.15183097260164
1.9037231292028,1.39655724291765
1.66311758183158,1.28003352388175
1.6926368591453,1.2259873123981
1.49382746197155,1.07957784937475
1.74452922311454,1.1633802657101
1.77493941888592,1.25671121897293
1.39806990608515,1.00714361680047
1.51692628227597,1.08657250032755
1.43073095652579,1.03015039827757
1.61390110207901,1.2383927651091
1.64188424042418,1.25800965973566
1.71250201325302,1.30192143793851
1.59467645457754,1.26092277785995
1.37517462948219,1.02005416062724
1.36590887832353,1.11151878000609
1.66147919129084,1.2793267194625
1.57576159806959,1.12878250781744
1.68451273250328,1.19902325759312
1.76558620455994,1.37483338535396
1.43956998382491,1.1106249212392
2.045143009639,1.49830153561894
1.41250090314138,1.0809333853315
1.79644149396349,1.17838052300152
1.42744448579343,1.14192065921664
1.44869913986892,1.10140777785743
1.82876866506169,1.21577796101736
1.83749053498881,1.28413283631322
1.64330051485967,1.20122112305406
1.77047023165482,1.29966884561463
1.66573554281566,1.19645386026347
2.13192113852007,1.70938277100011
1.736149764558,1.20027999888751
1.54371903682634,1.16695625773215
1.92123485422358,1.4112879990262
1.43381724129113,1.10902159103627
1.928003680017,1.28504125955476
1.58170733594193,1.15044241001387
1.67907092243222,1.29517281427368
1.42157907732859,1.09826900328884
1.7943296647927,1.25958481672846
1.77453658946107,1.15214396890503
1.5868677004711,1.19281610741232
1.61614196479929,1.19221104524521
1.6921272235103,1.2475586634737
1.48054602157686,1.19055204488326
1.71566624987894,1.23244137881842
1.76789927634813,1.23633598226158
1.46625914559646,1.05501849249614
1.55679274707485,1.2068992533015
1.50025465729052,1.16217611028977
1.61947538097898,1.21984648435412
1.97965151216371,1.33457206451554
1.92232128894778,1.57664266022206
1.65811815005898,1.1718423482063
1.8376245128756,1.30870911720942
1.56508321985022,1.20066118788083
1.56836159355375,1.13458300275065
1.87220510234783,1.31172316749211
2.01784865851329,1.4097522474952
1.64950792963065,1.14915230680199
1.63929741944249,1.19625732273651
1.66798637565841,1.1275720276117
1.81853406420406,1.28039620394091
1.51025041467248,1.249026174703
1.82722625793246,1.30458909835958
2.24741626977332,1.76908155832874
1.47757336229265,1.0368149757213
1.38935024339277,1.08841942062073
1.48885561946573,1.15025361333483
1.47466607883719,1.16510486498764
1.60534625161712,1.23343772109571
1.59715399621694,1.08697345123599
1.74871568045806,1.26455367568422
1.72899623122422,1.21154964353369
1.43598974570604,1.05128806421615
1.66192453954601,1.26039308662855
1.41690044723582,1.00311110439334
1.78597000748516,1.32969575124999
1.48590077307018,1.0681088328309
1.45965674701134,1.12375840561844
1.57318923200542,1.20186684265433
1.63234813306009,1.22824917833501
1.48952375085949,1.10212366088648
1.71674141266534,1.31832503723275
1.55208226806798,1.13421034716196
1.78066086022912,1.33215272631046
1.69269091124889,1.27676052310307
1.51945249021369,1.19635401288888
1.61173525166459,1.15048179946601
1.74167058935448,1.21248962389896
1.57801966417886,1.17506586834188
1.60452469541225,1.15190289475831
1.58523433974073,1.17628382424264
1.60663077858099,1.16237989468577
1.70413539646262,1.28719995216809
1.52046286981792,1.05600249814955
1.54456102235396,1.0398564634941
1.54882429441373,1.22869909495103
1.85811917472962,1.32429062498164
1.69276156389097,1.27336113768417
1.82937597535909,1.28998937997552
1.38453952215231,1.000270523108
1.91081770986823,1.30005806770081
1.61838618408652,1.11485250518382
1.51188315900107,1.16076188674181
1.45962150179036,1.1175381355392
1.7570402382585,1.26332890213544
1.46154363993816,1.13968733483916
1.61719920863715,1.13996649225612
1.74892741997151,1.25241075674786
1.47730469220814,1.21284485831595
1.88696784412443,1.36068222309692
1.61623012014231,1.18691893398727
1.38252010446585,1.09338774693951
1.61372982541186,1.29894190088409
1.50138977151599,1.20102590641133
1.49911411710526,1.08281020197443
1.48978967384777,1.14042017751932
1.58053052657619,1.18920061972507
2.04452125983456,1.45819005788247
1.61846515925351,1.14534475377333
1.62870796647286,1.04926591967373
1.82122815207667,1.25774200946037
1.7664547413568,1.27758487337108
1.3743954201903,1.11564933550666
1.73414354829737,1.30829834162036
1.765173227212,1.31849150067271
1.81055688714047,1.26120671205479
1.79115225509855,1.35837377538585
1.47248547106282,1.13305449704975
1.79882796687619,1.35356582675219
1.78491495363929,1.33490024356811
1.61379949665612,1.1513740274104
1.50670078099558,1.08304325188104
1.3459258032412,1.11532622405004
1.49046531298026,1.17631772159852
2.15409728082126,1.71642321583044
1.76782235407789,1.18017535641332
1.80871357814325,1.23839057136616
1.46156639154884,1.11398186723521
1.62848407929286,1.24855689125389
1.80570167840691,1.21918336597279
1.73153789545882,1.33695916350264
1.31241846802975,0.993328281079925
1.60294956219153,1.21891058174215
1.61444334965568,1.20959446432851
1.6043378125529,1.25502113891428
1.27225081937931,1.04268719735195
1.67997145785741,1.25731914939294
1.76860940419715,1.41166368521976
1.66044925945646,1.28143850388021
1.69995258998902,1.17580502073162
1.70939369572184,1.29893617724864
1.68044233455473,1.07405687752064
1.62125652060004,1.13524501716635
1.54151647072462,1.22864965043859
1.74147849651655,1.21330555462516
1.59946478874109,1.07183924866999
1.42110345216695,1.03528589138795
1.63096190566357,1.18494502322906
1.70689598891199,1.27663674216055
1.7346433268743,1.32010154497921
1.77265148055513,1.33581533318198
1.71782719515218,1.30530024338093
1.72445618674242,1.29800282048098
1.57923062200619,1.20573737554991
1.70185854248164,1.20706739034641
1.45732322335929,1.07802756374106
1.50201809448453,1.13101041104788
1.48208106728275,1.01645101199743
1.64280251976295,1.18246971273443
2.13458003202385,1.70334995969382
1.76990722880992,1.50374063849858
1.74835549679299,1.34687674601138
1.56874154662439,1.1784009633804
1.49451415530587,1.04762546074228
1.65812330570229,1.23577914978092
1.66052510736357,1.28186043902662
1.72256045066619,1.27279167306109
1.65015464202511,1.28669832908564
1.77697429863736,1.23596870373262
1.83286763406152,1.22241957622907
1.21076875561141,0.998912962620133
1.76769356860196,1.29127770265996
1.79554913920619,1.3326625572393
1.35026430586873,1.0972990566204
1.75753386626878,1.23664634899485
1.31582083761701,1.02338748171178
1.81153024058122,1.2256355033316
1.79296962887547,1.26170165640557
1.76024572212079,1.24372240904004
1.79537673329253,1.33343474604124
1.84956310880633,1.29733901992926
1.72556095134641,1.24573053593625
1.64429337556095,1.2546705221239
1.8090683170818,1.29771467931955
1.92253836719701,1.30197356834965
2.02040290163373,1.63667023391239
1.54453376106741,1.21021165637479
1.65155882189064,1.08498438210801
1.42284032021805,1.00626746087789
1.565019974387,1.09753208605316
1.64636446906814,1.17479063142032
1.42700502706346,1.01952578978517
1.53990079914135,1.2249450157241
1.86577178573441,1.34462685060184
1.51193854098759,1.19559815176134
1.82578943816918,1.27282658905178
1.54893281122607,1.11680901636456
1.82041783680147,1.33630696437097
1.87693346937525,1.36405135340277
1.58697579460267,1.11644832967767
1.66591111253869,1.12965992730134
1.50112825780862,1.13021224390593
1.76050866145823,1.35048884235707
1.62391109038419,1.10078731487579
1.52922632531789,1.23952320397507
1.80906282104572,1.33733602031097
1.27660420000749,0.964334342863406
1.68700839987023,1.20927201566372
1.32775314967163,1.01856673002186
1.57227028568273,1.13977002676695
1.57479619681392,1.06008723200256
1.9628886668301,1.36976921764463
1.67189036133191,1.21795514227366
1.67358947978937,1.18999956260505
1.76399655207465,1.26404955989292
1.76403907704906,1.26887911961966
1.63008955928543,1.15651958664526
1.68756441595676,1.23068025940701
1.67318636831456,1.13276278769602
1.62430943167884,1.275027260999
1.5406608013557,1.20944218731238
1.6343174032477,1.22796589258814
1.52324395129907,1.10341720228583
1.36151385786615,1.06527905286959
1.47955856529607,1.06646455048594
1.63805120741033,1.20995058598942
1.72106816833558,1.22765576106039
2.08282734430907,1.70559647116814
1.5203461878552,1.22499527140365
1.50961965174934,1.23835113924219
1.61605020356447,1.17469190072229
1.45815021252787,1.02873548479527
1.52415571977638,1.13501483497364
1.49271997895845,1.07708820198811
1.60167484201496,1.14134458227881
1.38117383211375,1.06544557919198
1.64433550329516,1.24101213398689
1.64163793852429,1.21728148368963
1.68309233888528,1.27988882648814
1.71681055266999,1.25791617630625
2.24550987700832,1.47876679927662
1.59705789674741,1.13692607963641
1.660843450311,1.25494398530213
1.50771974795177,1.16554995714271
1.45979300401794,1.14803670519419
1.68214724505547,1.28811929241782
1.54772732941334,1.20467011375917
1.57026398424429,1.09273885784684
1.72485904129202,1.20018956719444
1.71371399701555,1.19466599620277
1.51271571600018,1.17884459593481
1.6604015542028,1.11730717778097
1.84499538597393,1.35084220763163
1.57380682973034,1.25192223854122
1.64234847362104,1.24213789867065
1.64097734725373,1.18643259138658
1.80313214956605,1.28591623445731
1.63660798036191,1.2316721135139
1.5958435807069,1.22011331112501
1.27678134941339,0.977346014709765
1.30211188409025,0.989741113330627
1.69749587657201,1.25322697621308
1.69047434158471,1.17569058598166
1.52999080692478,1.18856394949865
1.67846204911198,1.20803300837287
1.43172630229992,1.15403033589083
1.73885408094625,1.11211674405136
1.57045691869928,1.12420284865499
1.62927301163699,1.22146587244129
1.67934420974395,1.29279129006948
1.91442995073623,1.43141979669482
1.81368956951222,1.26957502819747
1.63012171010991,1.16758991543678
1.68519677742433,1.28503848059498
1.2232987931745,0.98087282209823
1.37106261166828,0.992849182761453
1.56756881221516,1.14251407234799
1.36446648212299,1.02599073141897
1.36882060823611,1.02397219841459
1.60800911336007,1.13836890002126
1.73902423643368,1.26098803386943
1.77038964080477,1.24673709786546
1.7505505071109,1.26876841240546
1.57949626981497,1.30383623064562
1.70778676840608,1.32645961744517
1.66893073918657,1.19255409298927
1.88659660829596,1.42686708042124
1.51057362095199,1.19377583381722
1.64342504610923,1.22541582848907
1.66574864007981,1.22367716467006
1.85664980366119,1.28193666928679
1.41128414130302,1.08969190538899
1.62637452407255,1.0988698305315
1.94204012027634,1.47193369513958
1.77099571174478,1.29844859905484
1.65491179430558,1.19117516945193
1.40514035934855,0.993790753212413
1.7147140448942,1.1848873433288
1.53033954669054,1.26548094197075
1.54942611984302,1.18833087000945
1.60598002812632,1.20878572290031
1.41999665725084,0.993279502306571
1.53839307380473,1.24764043266371
1.68561432631203,1.14332103438106
1.55903750518825,1.19803096193067
1.52248603312769,1.22744121039068
1.69142935210827,1.28405931152083
1.53818107146264,1.0901597355977
1.71746143773448,1.27681737523739
1.49861378257386,1.20011026049317
1.7199172243466,1.14598669472704
1.46761789088363,1.08462367387597
1.2668630909102,0.925824202281028
1.58826960787844,1.28977933961261
1.42419036154509,1.12528884680408
1.77346093490334,1.2982344095029
1.45248467112099,1.19506066718057
1.52709749975196,1.02899549118937
1.57407597725877,1.17742733954147
1.7052161357155,1.2565085517533
1.6060516392973,1.23587388081252
1.85720645069094,1.27243326048781
1.70447153942109,1.15539895626508
1.85855403857199,1.4131608358174
1.63398147160428,1.21293272149435
1.68874128872328,1.25648954062952
1.49338439077855,1.11883014246822
1.82925739139213,1.4102845858279
1.76449775552864,1.18828133180388
1.65924559446241,1.22310563027521
1.53072187941202,1.12778605261263
1.55402587712615,1.15710198478224
1.58586637984276,1.18574617335233
1.40575662346377,1.11550687273029
1.52473026091321,1.17321852522114
1.98894341435723,1.42408637511127
1.60580757989829,1.12329769977017
1.50905912131929,1.07787818515797
1.77750709526941,1.37813530938542
1.44679575243806,1.03011638615436
1.83058754882544,1.20601447710472
1.51146428347262,1.0853862515979
1.54099439821263,1.13962577578223
1.79777109891847,1.24347757584916
1.70514859335471,1.3140128561078
1.7663973531165,1.28010222602919
1.87389820617695,1.31244492663876
1.65461669614997,1.17146218269159
1.66050666925076,1.28074890022518
1.61172095237062,1.19942463636774
1.70227543193933,1.28985111054102
1.77733624830848,1.12021786115375
1.90299179916834,1.23023933563702
1.54474248680172,1.18756186406
1.28321791319045,1.00588001298099
2.2401969275796,1.70976644219452
1.50678801061816,1.20577199301469
1.70126160530484,1.27880256361159
1.39679715270592,1.04574026724873
1.54628801126145,1.24064977362782
1.63381507429523,1.26119346872523
1.95089448694216,1.38347306954461
1.72841594057726,1.26462820353835
1.6133782772721,1.22233043026873
1.69729467956618,1.24347431838836
1.55958175698674,1.18346704242009
1.53628255713939,1.12374781896634
1.39487831291312,1.00205402720965
1.69042501050533,1.3199724969947
1.53895575693262,1.16511944650056
1.46239820864039,1.11754800615941
1.7292896528032,1.25031555713495
1.75376036342633,1.25816972285176
1.75701066414337,1.17055589085042
1.5963509542939,1.10574380294881
1.68097173844889,1.21178909115301
1.47363290400576,1.15974229849427
1.62824314420781,1.09368374363191
1.7579872317315,1.23227611462436
2.0731806522093,1.63299012113004
1.72870562083596,1.17643448347559
1.45085751624108,1.20020128988907
1.90432513852604,1.31010049996351
1.64232082342985,1.265924884994
1.88807731543587,1.3675573383757
1.82062323064132,1.26754824629829
1.42546575370016,1.14116756027896
1.4063335322312,1.0616907188197
1.5592466636876,1.23937372003128
1.57066272751655,1.16933238954844
1.60216510659217,1.10060320544468
1.45306828455943,1.12345067436491
1.51921274280694,1.14062802701743
1.40083111673174,0.980827733675111
1.65729773286522,1.10525793071202
1.47222727298697,1.07583178180679
1.74113458227697,1.20778641056367
1.68285491715201,1.2695216690271
1.50631305098525,1.19326952433627
1.67708927037023,1.04926059470071
1.89899640487937,1.38515231096618
1.57693515627588,1.15865541363459
1.53346710005474,1.24491269095933
1.50436244435808,1.17429546884926
1.81245328013019,1.23230861982501
2.09150222361788,1.54421647467655
1.83850319494565,1.40191480614196
1.61783188244604,1.15406565937937
1.90213208447431,1.29588393896801
1.80157026276246,1.29274154058714
1.51910818005004,1.13281391627052
1.48284134228385,1.08866277074598
1.67881988073274,1.19100237916246
1.53944722595008,1.1309416140054
1.75667186596692,1.23589096701892
1.5351242164435,1.14882439925637
1.70532907926089,1.22052630549424
1.95957800077847,1.41524274937235
1.78048483970253,1.2607803536672
2.43324174116069,1.80305589399191
1.67394856499498,1.27923063277831
1.92336414456485,1.39928116313343
1.67381834816716,1.25267235563153
1.6177423359848,1.19042843176323
1.39045026752162,0.987447102197798
1.60133847554328,1.24298254230981
1.45326757801515,1.21482964479211
1.59508195370175,1.12013034810422
1.46664916064191,1.13495659755177
1.72939447109008,1.27337707761378
1.44928316425244,1.06969740512776
1.53766681272844,1.11144772819577
1.68147604849724,1.31398773751003
1.83655444740212,1.33892354321735
1.53159362973031,1.23859520858802
1.72530972725997,1.25191863420072
1.41634477208163,1.01984393569768
1.62903712563752,1.21821075644386
1.62076598892278,1.17422740446284
1.72145820946573,1.22185760655589
1.65852662435158,1.3067643230363
1.73780835650259,1.28179655001903
1.60192303834357,1.23437461971328
1.69486462202437,1.26646662519615
1.7296154441064,1.22494042138695
1.61952394274574,1.20406951275008
1.63597758877705,1.16342880832455
1.83122387062279,1.40190289355983
1.74059174161743,1.19669699124432
1.72500122020878,1.22779025265215
1.66244174211648,1.20890073874802
1.82125349216069,1.28040964261668
1.74486568855195,1.18077785372898
1.61089350307729,1.25815375375182
1.68835451471474,1.15667012854616
1.8066096175569,1.39458671487564
1.8221063783098,1.26912941902381
1.937724900401,1.41768538837673
1.67142586701665,1.33435697444938
1.55765542588417,1.1681051342338
1.65758447777089,1.14128415993447
1.63580988709482,1.08661356119102
1.79590440251611,1.35206575154566
1.78196664424148,1.25246205562643
1.86554598237908,1.22664827601828
1.6800927142611,1.22539866135354
1.56619749761568,1.16919580807831
2.13633415438992,1.60216405944433
1.88169145167983,1.32358772023977
1.6984537961078,1.25828519889434
1.4681720374141,1.11682928290933
1.61439112324668,1.19914805463027
1.59852130114181,1.17236435189112
1.61681271386317,1.20554528376704
1.47128441063075,1.08768221366102
1.72396081172581,1.30080259515524
1.6164045599171,1.2366709684021
1.35081586643911,1.07870672954928
1.58712025932045,1.21430566247964
1.46313494529734,1.10950096637928
1.85333980667652,1.24123098485466
1.65867627384425,1.28334898926203
1.6099646801461,1.19204183392921
1.6754827507949,1.2893173206169
1.65546242068989,1.17052271339913
1.87182834414732,1.23586406753828
1.7005713574697,1.25109050882111
1.6082079538427,1.22302139153389
1.72714151026483,1.14596459210752
1.96955914361167,1.31513350978559
1.54904919762737,1.11924787023891
1.82548296006614,1.29854930487157
1.63096394319663,1.18101522783737
1.66161719675839,1.21688755600573
1.48708813684423,1.05556814995999
1.33094545096032,0.899199822961269
1.38004908461748,0.96997307852983
1.85048058301635,1.3211304006732
2.04942718770278,1.53238978971094
1.82341880730937,1.29977846473617
1.70517116550114,1.19692533959962
1.37023708976294,1.02296057536198
1.71269414455542,1.18494406235191
1.62983818195058,1.17120141414193
1.80876768244693,1.22557558527845
1.59591447743813,1.14984619821586
1.59872326548735,1.19242523838819
1.45288731265216,1.12740104488768
1.65543325083103,1.13626691347401
1.81199181047395,1.25811619019265
1.64856097135992,1.15306595520828
1.6708360559711,1.29463030980919
1.54726699598211,1.06578571978985
1.62118885502944,1.24146029072463
1.60709283184752,1.0877621502101
1.66834778989462,1.04431297845207
1.64605747368957,1.122965864205
1.50925122325866,1.11634843135794
1.44169024586647,1.10624271704002
1.78374915966,1.29848313664829
1.48402806257596,1.07044731208001
1.64869020984045,1.17534512060445
1.67282322420812,1.160988305814
1.54733113762266,1.16199881811654
1.67714954470384,1.12971636417812
1.8079028074068,1.25879094557133
1.23839199847516,0.960631535575567
1.61604693880711,1.22228964474118
1.57742230433833,1.20661527171808
1.78952429516096,1.25357488921879
1.60475434962774,1.277740651239
1.81968692155748,1.41707699517421
1.35511256358543,1.08799711524543
1.86290127808438,1.32690406892437
1.69458677487388,1.14773208662358
1.65893535258976,1.25390531826629
1.6113785633823,1.24701181770364
1.7735684595809,1.13841367451632
1.67409653261307,1.21685856480232
1.74595846892624,1.12810395238393
1.38294289241093,1.08697003709232
1.89139898219775,1.31227995288311
1.56093969144014,1.10532153711904
1.78461998478081,1.20598638506615
1.81326242307359,1.26757982625084
1.74055394823037,1.16789398577921
1.64425787864267,1.12810725480601
1.8957262126218,1.33233960578467
1.58061803113416,1.20022171923497
1.46284165754647,1.1195655541139
1.73445459169389,1.20779732896179
1.71904796891562,1.28052206868623
1.68771899371649,1.28393500600641
1.65775974160916,1.25798901603745
1.65335576316639,1.24286189657017
1.45426271446525,1.0210201552301
1.84387761437853,1.31674947805796
1.75089754170858,1.29884670266747
1.54678580606937,1.22077084470071
1.4179495693775,1.13908518785124
1.4602499647902,1.05447933628804
1.75497394950889,1.21710374246948
1.86861907693491,1.22804774405496
1.56780507392917,1.1618803683306
1.76977167383993,1.25208298866616
1.62499376734944,1.25520805117502
1.51672018822988,1.12394961209785
1.62141264852016,1.08362825870011
1.63000390207698,1.21485829098279
1.74828575606818,1.22530314868938
1.60845289937019,1.20266804229768
1.73623615296145,1.27448326997665
1.72533232239944,1.24879087503908
1.66389318011134,1.24398367051874
1.63081050631879,1.22530894514721
1.34372902177238,1.09703734910884
1.82251368912073,1.21473497852759
1.62849235376264,1.18775557801368
1.46069680635305,1.08485842785994
1.66172401077595,1.23740870770346
1.55860538803207,1.20180675569768
1.83971765778954,1.28606212420218
1.60378733103782,1.05460887336421
1.84943750728791,1.27115913125274
1.95416501723908,1.3056056253007
1.48804703770136,1.04318152229868
1.41456292410759,0.999629045942411
1.48786718635538,1.1651863762855
1.56475456604205,1.19377203503435
1.34770448512451,1.05364675164573
1.59254583756236,1.18154057424611
1.80006329701788,1.37348424664495
1.88261697165121,1.31385400943137
1.43226930114297,1.15831990245304
1.69075472677346,1.24156614665075
1.58588339822779,1.20332219145656
1.64141032284495,1.21025020088984
1.78220405350218,1.1482679816012
1.64299815607832,1.17389480409835
1.63972812867159,1.27961617578928
1.6648203222552,1.09930278170131
2.01116987487359,1.5221219454764
1.451241108665,1.07055149859245
1.56481516779861,1.103652952499
1.56486993083885,1.18570184495231
1.71020601675336,1.28921247952884
1.81585903639038,1.29566467130805
1.49926809254992,1.07512676620347
1.55296465773679,1.17784688971021
1.77399485420273,1.16630748984158
1.56351618428839,1.23339679407909
1.78079500161334,1.22833628406361
1.68704008843393,1.10111611342722
1.75175129899716,1.23227301051212
1.43084840920119,1.19015806179302
1.6001062759148,1.16988721869952
1.44785584118055,1.16157685775683
1.54584778926799,1.20831276475716
1.36733877767166,1.03178885756806
1.70467656572395,1.30991857569112
1.21857252556985,0.953063019350396
1.55697798508862,1.14617556882089
1.97486876575119,1.35647774258377
1.52427811116032,1.07039576113503
1.72897306614633,1.23827945790374
1.89610867954931,1.4108876497582
1.47914057491622,1.13998784859714
1.55301379261301,1.10539101322921
1.39521308864712,1.04119888483168
1.5026987287575,1.10820511277044
1.66253843620007,1.22433405302774
1.70577550199727,1.2020414061166
1.69786135821419,1.27315944695485
1.63690077070103,1.34744832784361
1.69329023390121,1.08196587846323
1.84102193150735,1.32511313940043
2.18552884248159,1.7138880197476
1.71358731202465,1.34419925764202
1.77822316528116,1.2091795778128
1.43376364310811,1.17328325244846
1.5353337517478,1.2044948865931
1.66011389901238,1.17389527587157
1.56317163189196,1.21431162443465
1.48851756304667,1.03910239596906
1.6319848472589,1.14087728084555
1.58933281373934,1.21455102780839
1.82330827446766,1.23745962696699
1.6495179928137,1.1687217690697
1.67805346787637,1.19536695332711
1.69212546122322,1.18760311294613
1.44906344247993,1.11732294271562
1.46507005064187,1.11523549360388
1.87792460366048,1.30474664650441
1.84687811868587,1.31111272618429
1.65191804781055,1.28605129501902
1.36650159624541,1.10416412124113
1.88773267347671,1.32425649943506
1.29591846259719,1.02435849254822
1.7170856368253,1.31008412622905
1.60908850308886,1.25716950892826
1.79215412518967,1.29057835204525
1.67447142947791,1.19009465730051
1.84892773530623,1.25717470127988
1.69947024348219,1.26100352912828
1.66411157814429,1.18001911489458
1.56315539818931,1.20094196231147
1.49118948752128,1.06168572555381
1.58998290440749,1.13690604903436
1.56902595803699,1.11893017793324
1.27729495924721,0.876400535949116
1.82710649641635,1.40900469845505
1.89944077994151,1.46198260617638
1.44342373299525,1.05222570283052
1.64876008978938,1.17785944463096
1.72039610987902,1.23329727909764
1.66999702881773,1.1990284288849
1.58125561230963,1.18726798156999
1.80727331634834,1.17472146489557
1.66824212897988,1.36506429798027
1.86576620444525,1.31126288639452
1.4903480527906,1.21400899187016
1.43114442522987,1.09449597440555
1.41278857024882,1.05911655031329
1.39169618764834,1.10951260314974
1.82795335960753,1.26518788713946
1.67412369907351,1.22766508693002
1.57096808231469,1.22718906783331
1.51105865525764,1.1033292679559
1.85004795045334,1.37797763068621
1.5984172634521,1.10144815095343
1.41451277462936,1.10657410877574
1.50374498411694,1.12132188340095
1.76068229488197,1.30527102569275
1.47964960501261,1.17351656505746
1.61179146348925,1.22530961907854
1.67718263468962,1.32843245195326
1.88017858669011,1.46163761765678
1.80802723461559,1.25044829692815
1.70212728414249,1.20485343652591
1.32122271098282,0.981044311432742
1.51990419634148,1.08209169792861
1.49548748259604,1.25760068663034
1.51785002505619,1.04487075232993
1.89668901684454,1.20672712437809
1.50642635268679,1.16278783499928
1.93321077899952,1.34564068627998
1.53235328550972,1.13716371436925
1.60140946493052,1.13274228489635
1.54409426126607,1.1290160378632
1.75055591191471,1.28869406349631
1.58862248630029,1.18483956257017
1.55951019417034,1.15293387935271
1.94096398611207,1.44950605039752
1.45721367514527,1.07762495741063
1.67478001874165,1.08342558179097
1.78451719869055,1.19437978516577
1.83275006259812,1.26150627165362
1.33133735275221,1.02378237208386
1.5766913613259,1.23340943363729
1.69298359570132,1.25788086549748
1.98260840392513,1.3599749081588
1.84129939770238,1.20365967984839
1.54677391554214,1.17443281745906
1.64671803526365,1.15235020878512
1.78972691609327,1.22368053442656
1.84632105016525,1.32826461359924
1.91675178106734,1.28031402082275
1.73929463443171,1.27969724111305
1.92142167653436,1.50550236044216
1.74665580035012,1.11871327878509
1.64288590174259,1.06244559934807
1.59123058658,1.17588297129601
1.92546393242247,1.29619143632697
1.853081833108,1.37559694194777
1.65230404085086,1.28847288327095
1.67283927246175,1.2430884214894
1.53106477258842,1.10166274179995
1.75167640403238,1.3151382143067
1.68109631804589,1.14007905928146
1.76592012359148,1.32911658464565
1.44264942743662,1.05122541157961
1.5555083225862,1.23895227464046
1.50217796900275,1.11898596228441
1.57010818367496,1.20605508840734
1.60066944937063,1.08309635456199
1.72930049754498,1.19027982400847
1.78066164926338,1.25048289613674
1.56239753799934,1.13456858196723
1.95679112879052,1.44754643118849
1.79237499691418,1.33857584249274
1.70673555103908,1.27478533899694
1.73080814507596,1.32833663271234
1.66530411277463,1.15297805047284
1.73237207563307,1.20274458852806
1.66013488498486,1.30952687110518
1.90430803578538,1.3754129034163
1.94738188689779,1.35647839864416
1.69422424518264,1.21130222859218
1.52509922444722,1.16529994117785
1.45069530760355,1.18311878983658
1.78087533155764,1.25141404126878
1.42859914538882,0.97649263790933
1.454196732259,1.07900824817324
1.52872041437719,1.09721775495753
1.39298523431814,0.937493019909801
2.05361305926847,1.38992393599797
1.39186951943718,1.08063778313298
1.94989689246088,1.36275918692729
1.6549450103503,1.26519007400803
1.70483596150751,1.2779412616392
1.62096107810795,1.12673255633495
1.86261632303363,1.26000548211993
1.81735178008153,1.20459922364183
1.74791635796163,1.43660173659563
1.55609667614919,1.23920080641574
1.51434081240443,1.17157348185326
1.54846991426502,1.14348472307231
1.69798806006838,1.26716397274252
1.60167426234696,1.16891975121192
1.53282010006066,1.1144015968899
2.00054407884172,1.44237291524796
1.64766824507978,1.23600243203072
1.55119152043267,1.22701971039566
1.41417062983864,1.04402649491832
1.8054127172388,1.31476211552834
1.40768423229048,1.08169622202793
1.77880642273296,1.22807835242909
1.66565431046264,1.19175010803944
1.68518527351015,1.25066404053716
1.80120598745436,1.49204377028982
1.74186084449674,1.17684827800995
1.47266379136731,1.18940466368593
1.41204094918597,1.06595608363
1.70768989154781,1.31468845800258
1.86854686389157,1.3048959754909
1.54350739905236,1.18470436193258
1.60569356221153,1.29080660145252
1.66303209934217,1.18033020466529
1.75573054650097,1.29098773475209
1.47525223309503,1.10871607968928
1.82119781314313,1.26039216550326
1.38841069487748,1.06183729880891
1.71248696681393,1.28939387139048
1.52506470148539,1.130477900985
1.67731263362298,1.24633359847553
1.63637227186152,1.23034470429669
1.59098939680077,1.16960528207336
1.64608700203709,1.21175196314072
1.52234778953607,1.20063904809929
1.54970720057751,1.19426829979551
1.9679420344091,1.3861552778014
1.57082741501566,1.21374110142971
1.7966439586166,1.27634291014954
1.72973735432971,1.15475769954361
1.69804105516789,1.22039069716837
1.60752184766194,1.17277490278054
1.83305113012185,1.27321937119477
1.56734165590361,1.09848769686919
1.7006628259411,1.27698389088355
1.62378806321006,1.29892746343215
1.52288997585631,1.13922450677495
1.78347057510207,1.27760614268202
1.64923394491629,1.34605535386093
1.85348425616101,1.41019276922163
1.83505956290923,1.26752067733566
1.68249047152339,1.28126573486143
1.67514030153203,1.21573661165402
1.66770157095763,1.18902294519969
1.90658104879543,1.43820338836394
1.40927754528553,1.10375943933605
1.82488313123955,1.5089173733472
1.47647549107915,1.14519054497448
1.80145789246946,1.24691941158127
1.55186220735277,1.15444479450487
1.65813188781217,1.19483131217771
1.54876425658952,1.15007427902849
1.66692137075033,1.25614351587568
1.77677192614149,1.3404166875272
1.61183889690235,1.19760542188495
1.79166396498854,1.30424422789537
1.75151077396591,1.18934440423767
1.83120480380392,1.44566298311606
1.58805278707614,1.21690768095664
1.53449062232839,1.18813746436424
1.46318017577378,1.1585746764589
1.73466429793232,1.25583627410633
1.5848783403913,1.33902211982183
1.9604603640649,1.71299047947481
1.80238335540453,1.20494218047033
1.65214322241112,1.28777112769455
1.64361032692224,1.16805225920685
1.55310667364302,1.15642469505593
1.58126974082258,1.1507924211164
1.68476193988587,1.16318234465731
1.61826856314404,1.06871348600872
1.50969609141753,1.12341732432408
1.66204893202328,1.09915707084163
1.50949093823641,1.11301589248153
1.83193193047354,1.28055765246341
1.60864383179968,1.21874964228725
1.75664419669548,1.24879677991671
1.77640453739878,1.25083327832209
1.89078459843236,1.31963942134514
1.79184766642362,1.25233335451845
1.7857251947384,1.22626397137728
1.51390396461011,1.1149057065824
1.85233536049957,1.29234940516263
1.70335531487688,1.28907555441596
1.6903115455793,1.27157908552302
1.50668309918097,1.21316908232641
1.80009393844105,1.34081674175939
1.83008186779661,1.26741808113302
1.55358896246619,1.12135715901676
1.75909789100714,1.15942414271182
1.72241615374964,1.15743154321291
1.66788403522872,1.2102269699778
1.36053838747316,1.08438286459675
1.55274660521544,1.13395001130927
1.62549862796619,1.13596908608175
1.97810148270628,1.49247389745068
1.84076111462646,1.37363672293876
1.47999532607705,1.09932718497346
1.71912351096326,1.30054011693438
1.90734673432499,1.39665355992863
1.68649589124742,1.29291312065286
1.86090115528547,1.29974837653656
1.58386897228588,1.21000016145593
1.70009753066845,1.21115191063991
1.6003502330695,1.16734045132777
1.50916301772969,1.11393436270205
1.75971494097349,1.29538293088143
1.81316034997638,1.29028761205793
1.59584783031309,1.23414191314177
1.82813090264448,1.32914553170869
1.77662935520669,1.25539342178023
1.61442829488386,1.22632370262638
1.69833488901586,1.27850130293164
2.09179890334803,1.53437555629161
1.81072474662455,1.23267492995096
1.85192037935247,1.33541460771843
1.44329461539129,1.14345434048597
1.42022095493381,1.04637802514638
1.41831594260543,1.07617785121789
1.7976681056984,1.31212379995085
1.67290209455731,1.24759016050523
1.54336129065835,1.1950944900814
1.71739098623627,1.3161258166369
1.62565622023496,1.07043911605646
1.50369537293024,1.2158478020599
1.6327107449601,1.15862702522201
1.98853537052759,1.52708199222341
1.73224380075847,1.30318583294534
1.61064499593042,1.33497563704832
1.34290663418252,1.02127154002245
1.64705163597266,1.16954846566611
1.81382289876136,1.37157321933926
1.71859732421856,1.27687617491352
1.82935435255219,1.37060577820204
1.54293909088762,1.07020842699691
1.56097277408103,1.08671668128526
1.42308828417908,1.05466150941014
1.47698720060122,1.18322373115995
1.80627016522019,1.19574321672413
1.65686899554407,1.22773088037213
1.62525019158721,1.11187237400237
1.38267339159416,1.00923629600121
1.55809768711045,1.16359973131479
1.70076331945288,1.31078567061374
1.74322578049749,1.21096003707799
1.51707409102535,1.13843813056724
1.79601358343267,1.28795841856873
1.54432641227204,1.07085507118894
1.62148375947984,1.14970056861355
1.53872567578052,1.17135277671424
1.41890293181324,1.12291101162573
1.44514072003435,1.02017328781182
1.64677677886127,1.1990827037471
1.62523947654947,1.11561665992105
1.65980940400382,1.12647564073263
1.6349896207619,1.17011370991967
1.80637402372195,1.24926576636009
1.54431608838593,1.06562230198385
1.43860455630115,1.09141964386
1.63636451610352,1.16374679515353
1.9449024512958,1.34827567478054
1.66901007443822,1.23502727281745
1.49906766727424,1.0833149129021
1.51914082445496,1.21062385738301
1.46267920693445,1.15291425525534
1.85123761925561,1.34932307284805
1.54373595562173,1.18669822054287
1.74267007956817,1.28803333616529
1.58257764307177,1.17473917531365
1.7373770666628,1.30616309747475
1.82586893415009,1.21368912814441
1.50692698222681,1.17138458183556
1.86190350600126,1.31332633596846
1.52395749195642,1.1291738096315
1.65814753364652,1.30161779991977
1.86606506294807,1.29838003226557
1.51717510302577,1.17944220435585
1.64133340669796,1.15535631927406
1.58091743835259,1.13764163127912
1.73836921968426,1.25686478918763
1.82801374893518,1.32008638485599
1.8506301220517,1.36901455639661
1.63014050297646,1.20567107734352
1.40031426833207,1.12196538525498
1.77762884670503,1.24709702223916
1.76492125218566,1.21955701185504
1.81704585546419,1.20654413900813
1.59692106125569,1.14157905136135
1.64996904191957,1.25397616087095
1.59140036312259,1.22984992337001
1.80465264033216,1.25206918346813
1.67670553883888,1.23678209775943
1.5318885192791,1.21029400599283
1.59741848837284,1.04140378531058
1.33408436416085,1.06102921777279
1.43299418635256,1.10855428014952
1.46920712335065,1.03063843055975
1.64336182427334,1.19536096061367
1.85134296814935,1.3524419527683
1.46157213911965,1.05369831143596
1.74295712283303,1.25998594127606
1.89940362869822,1.30112437652607
1.42717054959642,1.03096262612571
1.89940530624298,1.32754358688629
1.43073475645732,1.03168266982545
1.78356547724316,1.36208862244933
1.58168038582248,1.14624890067757
1.77202781825887,1.27475742239024
1.55463787716659,1.17031177766814
1.4594019809022,1.09904734979759
1.91282672490987,1.31936824657556
1.58786825643875,1.23122178749116
1.73361617872668,1.27860878066987
1.58055739088728,1.21251030508637
1.66737488134926,1.22597774279117
1.74825109972355,1.31055869078714
1.42281019313204,1.04745637614366
1.55524457467458,1.12557966958878
1.57701835235965,1.07285946780089
1.66131348322519,1.27298776192434
1.47781306182766,1.15200206625837
1.68299463496308,1.29760173653591
1.5228238980788,1.13349496041479
1.56091581764573,1.22390361352629
1.65047218056992,1.11551720135128
1.90526225102775,1.38230817859834
1.7201074174793,1.17807559779584
1.99496678894564,1.36996909629071
1.76345881156598,1.28103078037881
1.72463294265379,1.28858779959213
1.96312526039655,1.32985766162692
1.66568131406107,1.17476884234379
1.51583472668939,1.04207478239108
1.56020105202942,1.16297054687359
1.53830821473374,1.14900151935417
1.76717612654415,1.24245830736166
1.5501080821018,1.15346148942693
1.64022253725093,1.23890763236534
1.63888126655362,1.19860851497792
1.38891103051918,0.991354357729696
1.6771070761665,1.16084404757407
1.92852127189878,1.47797799826621
1.33622698405508,1.012572341523
1.61793782955334,1.1344545096529
1.55142068295545,1.04256289636671
1.61846447353719,1.15711149308368
1.63866638782223,1.20937809468248
1.87313890689945,1.33267880504637
1.51728895095611,1.11500935273385
1.53019673026978,1.16029910299603
1.57396291822921,1.22880352798203
1.72169390201912,1.26735438806098
1.63054926508415,1.17119922318033
1.68508679074031,1.29217218291651
1.31729649667366,1.00621262526774
1.50327157865696,1.07081291765169
1.4600104796283,1.14650214467561
1.66576954911681,1.20842280854172
1.65934645999176,1.10766104342744
1.48470651376914,1.12656305533791
1.42473108960833,1.16660384126769
1.98291992565783,1.33889862980807
1.53422874978155,1.10763733833959
1.67861778349585,1.09896033116959
1.655164595673,1.18575812855262
1.75747920708683,1.25595315005028
1.60216059790993,1.14228467490082
1.49921425535332,1.03670818833169
1.75071160702639,1.30002820072004
1.46690104554756,1.10470817894565
1.44016159256977,1.0200267372423
1.76990977089517,1.17166078465498
1.87025468485417,1.32600148755872
1.73175216639168,1.1748663876271
1.76582989887642,1.20749411641712
1.69393165161114,1.14292469432178
1.81358742379308,1.26183085532687
1.73017552595822,1.18203710652416
2.02375811279856,1.46513136244636
1.65188622861825,1.24280703959356
1.6506965547897,1.10434461400372
1.62221225639064,1.27461557730273
1.80293599165255,1.1717898568166
1.86484077537268,1.33532623355512
1.63132763754998,1.20957176687676
1.69475111733877,1.14921710871477
1.71197473927614,1.21120676151588
1.85888101613203,1.39113566308555
1.79507221249419,1.25536444930456
1.68344020655187,1.17209525801314
1.76899744936636,1.33823368259136
1.56812768927426,1.2025074141721
1.66738489098621,1.27360438291524
1.71329182799616,1.29216951923267
1.7787631824142,1.19919954025056
1.38756593292043,0.958247522079174
1.50597774880407,1.17522116061703
1.63328077758439,1.21785944084382
1.88829555177869,1.38811255251205
1.53587180360997,1.10358768851694
1.43903094375057,1.16523384978533
1.75729969082858,1.20306511060643
1.70763796798265,1.32704509728094
1.53527185749724,1.13591016471826
1.69847422275158,1.24447472789752
1.9179656104211,1.33759260196946
1.59677772510087,1.13681368054913
1.62105427786206,1.25018221306078
1.56871715990168,1.0572900738119
1.49840136631943,1.19014608363867
1.38703119534324,1.06268246274258
1.96446018853519,1.36246941194999
1.58199850836398,1.15765326956104
1.5233837354638,1.13767772535962
1.65974765984842,1.2387434012037
1.22391912812417,0.939940801290344
1.80006582583945,1.22493385399493
1.7538062182326,1.37131019334679
1.74583817083035,1.42592159510961
1.5307045625427,1.04453061244225
1.60839084106178,1.15824110197578
1.45603498087519,1.09323379653949
1.66236091712477,1.28248289522884
1.69328912564463,1.26305595742998
1.86501806650878,1.32836394383996
1.51194696600583,1.06798057780685
1.44447136639883,1.06177508042227
1.78439547135429,1.24136476891106
1.51495195863982,1.02132412180676
1.55569648705889,1.11905379753416
1.99112197307395,1.49880538442514
1.64584924060667,1.22476885258233
1.70284846470513,1.240630616115
1.74911190807829,1.40129812505719
1.82789592982706,1.23421022997893
1.58753650286063,1.22679711906157
1.68951500493965,1.21696210991798
1.85845527838414,1.56887091884177
1.46522673924352,1.11266379868283
1.48522240026915,1.15404878914037
1.83136057211799,1.39841052861405
1.72098802117767,1.16244920918165
1.80255509887225,1.28647729204431
1.42293665019606,1.10492327496651
1.67082855133173,1.23822388599868
1.51253488136361,1.15724717019145
1.75030186021739,1.21665149827303
1.5393675920894,1.14326992343014
1.6392072140977,1.12297861930178
1.55498696876342,1.12067571209184
1.65043566183275,1.2850927266698
1.64007730689676,1.19513427822541
1.4286050744651,1.03073395962697
1.63319638974098,1.21531025589053
1.87876053728961,1.29575174915702
1.67807821074804,1.21315763146167
1.87307302554307,1.27923330873744
1.70662662966242,1.22887808425189
1.67677362304916,1.18459926533369
1.62170434611854,1.23004204194385
1.47520849646317,1.06845531336117
1.51861375645037,1.08471376339926
1.67874655424035,1.10337722653569
1.40269990695434,1.12014675359401
1.66349196714553,1.25633943065633
1.27337829362817,1.01290727131067
1.48220419151186,0.978426623735035
1.47892598245892,1.06644601958568
1.41531007806709,1.10783955066862
1.62704424215814,1.12938259291489
1.37990741706868,1.04570436112984
1.50492687966161,1.10523996261056
1.58085526657719,1.11092326690888
1.59448459162928,1.24005019715759
1.60420590830113,1.14281798577932
1.85045821084385,1.27007963901572
1.57308586782447,1.26089848252553
1.66025361922384,1.18406185081527
1.45615474124831,1.05956303243835
1.54609401447777,1.08967559200852
1.69526816672942,1.18087070877437
1.73596626644086,1.30672115600878
1.56867064578111,1.20017515959158
1.90088702172376,1.43633421049057
1.86768034940085,1.25480166498088
1.73187698198874,1.25198364013473
1.29170093617223,0.936277960633857
1.62092429611759,1.18651134891634
1.61927005398274,1.28048007499911
1.7259523926133,1.2884482323866
1.66031705484938,1.2892700685761
1.69442579507145,1.24285694611148
1.54862338274279,1.11518895905139
1.90146294925917,1.47644939271409
1.81129109415356,1.31772526299584
1.76289866649983,1.2729312746076
1.69195819807523,1.22826257904479
1.66447973967418,1.30092894858258
1.60858911642984,1.27826906255151
1.63910193316442,1.17830402482581
1.47954764224174,1.08778766547036
1.60657375174376,1.20911208534909
1.52724092139417,1.16689696242124
1.41006447857665,1.03277486829667
1.58246164763696,1.20030209066452
1.75551763129304,1.29837991907646
1.90020367811105,1.32407602974314
1.55693054841435,1.19083435022797
1.72504295174792,1.38451552643707
1.81623134707459,1.2927992022724
1.69828002588389,1.15480986108506
1.4057521254088,1.04753210160538
1.3589158366302,1.11452632787068
1.37896403336347,0.996678789135954
1.8807628737113,1.27829164096106
1.76359091334342,1.33311823060232
1.54698508830542,1.13520433464887
1.60606542333193,1.21147479659744
1.53965105876916,1.18593750419231
1.69731489494228,1.31525573188837
1.68527465074243,1.22625151978013
1.75576958755659,1.2170678501358
1.46109500103777,1.10451186104701
1.46175885188878,1.13958051924555
1.83666590386314,1.26544634597232
1.74174330224707,1.33728847957466
1.58844641778431,1.22242944410896
1.78037027447052,1.23671749980997
1.57823546457711,1.24232114714848
1.52126963270652,1.25649348544137
1.7421151757365,1.16979853658924
1.70876737780608,1.25548179446874
1.9250952717029,1.36893665692296
1.649512084169,1.2513668829654
1.81610060250754,1.2131607353091
1.5613241463759,1.16015636777153
1.65700234892733,1.0625306662021
1.45186517997811,1.05088384601803
1.70363629705507,1.22547906109288
1.55585204904775,1.21064163038275
1.49326695784021,1.19699973910834
1.8764464055347,1.33357420730436
1.56887273307986,1.09482956737186
1.65202222283627,1.16727545197547
1.67562507123016,1.24237747296195
1.43864287069749,1.06499605956044
1.45401677174422,1.14129376803347
1.53793216951652,1.20379588645691
1.68018567549883,1.1463094847103
1.44791992963069,1.06597396201645
1.75761298847731,1.2475233742433
1.87234173286346,1.29915661215451
1.76389979121756,1.32299580724085
1.66258906583628,1.34700893865196
1.4875715921739,1.1597958456516
1.50516051612163,1.07156641973379
1.84846190116539,1.32256885576624
1.45114299806974,1.07281162563016
1.54472270013781,1.05054583592349
1.68231995759651,1.25130117979044
1.64056084242507,1.1780282713364
1.48684720866672,1.08263158411302
1.56908152553924,1.12149164010991
1.44041588380081,1.04594014754882
1.59612025993143,1.28068928222932
1.73236639348564,1.29661809071336
1.647051102193,1.23045839141618
1.65267733775735,1.30723043877496
1.59873269881186,1.27263878121012
1.67386781077673,1.2134932361683
1.59150700642067,1.25653582051432
1.67843927052559,1.34161245184506
1.7883551854113,1.28371018265
1.55753182351838,1.12846944612948
1.92419004788136,1.32055909063417
1.55813932000421,1.12544372628796
1.73009496069458,1.26539197793907
1.48040695563581,1.18761663961162
1.5817896856598,1.16541321172034
1.81814104809816,1.3201093903711
1.78366417155463,1.19498843969903
1.71917802837224,1.23946237136806
1.72827089522382,1.22484209299103
1.80898605167272,1.25188891473942
1.74310878216537,1.16424459302284
1.62909896962621,1.22978722082083
1.58137557379864,1.17198531016938
1.39458654394068,1.06137317441028
1.32818225351898,0.996468965075114
1.92623829899329,1.36304220385896
1.69119286368509,1.20511953630852
1.66141074584632,1.06682030483022
1.67331469280439,1.30518882126689
1.68308511684789,1.23261860276702
1.65574487382734,1.23541922879758
1.92569341908845,1.44835178927803
1.50044355154869,1.09264825645279
1.80832773950305,1.22951514850652
1.69057836651208,1.22063799816507
1.52759206886316,1.19286053551396
1.73044934888438,1.33791595534702
1.79567168544431,1.20868009969217
1.79245915870478,1.32879148483495
1.67287145271194,1.17372583552997
1.90449241725795,1.2939655945692
1.47831115192962,1.19808779540492
1.75590051585558,1.18352760113666
1.64013308842606,1.13581091284615
1.38949047086144,0.993097103495942
1.85095742938334,1.31019600849153
1.62880593006331,1.21438449088267
1.70814591438097,1.28143547144502
1.62449237401467,1.24727797930275
1.75061184367263,1.34299273667296
1.85272452626141,1.34470626637382
1.87541606225163,1.51160051584386
1.89779473361964,1.2959425352106
1.66878256174116,1.23642541806049
1.76588328088456,1.24199095810712
1.48743548964313,1.19467330992898
1.59838636108567,1.17293801792579
1.7347608895141,1.26478724818635
1.83281184558836,1.34001909337125
1.65803205147984,1.250166195528
1.78697777158141,1.25069806173464
1.35199845683193,0.983496045586268
1.72127234569345,1.27821724159636
1.55448044317673,1.16939791893215
1.94129022952618,1.35730442318568
1.62994224410597,1.17073153596831
1.69244304445236,1.25155577886065
1.53676592590424,1.12091828959091
1.34732359367461,1.11346907518533
1.5481243384106,1.07808341555463
2.13801679338775,1.62161858233498
1.85202676827501,1.27222993979361
1.33184272266111,0.906550599539718
1.74347994499171,1.27534059060293
1.70481438892983,1.33244758977847
1.5740453880599,1.19096841746631
1.75025076089209,1.17757330206707
1.82695897236647,1.32692652721323
1.58665472680448,1.20999807889041
1.66873469488234,1.36625416186745
1.5250168090321,1.16761522575661
1.52661846870818,1.20330222812706
1.68915493908106,1.2958415401797
1.62507082892489,1.17523852156091
1.82057109210997,1.34572131730408
1.52292905113767,1.25791489094437
1.80226813269744,1.44332959087704
1.80033212460889,1.2415805265295
1.53288498613539,1.07197820714968
1.65668857273992,1.25722383921898
1.46497399876493,1.11701794628023
1.6364757921038,1.11350651245032
1.41420616568927,1.06959671267141
1.52614302764746,1.0566472102795
1.74190862477195,1.35576475436167
1.66166040483009,1.11324236825689
1.77957733792358,1.29063752970209
1.76278232905033,1.29900388348574
1.71020420841182,1.19685983901631
1.70606451446133,1.12202770848964
1.75312749714864,1.30693173106012
1.85346081809905,1.31476353996389
1.75583095395133,1.37611067706611
1.93092973718561,1.35596664913863
2.02385958961293,1.70719741171977
1.418032367764,1.0643461230371
1.70753958829818,1.20066115318138
1.72054035667723,1.25894682653656
1.62855810458883,1.07676295020083
1.34322735619688,1.0647482006319
2.07343430961481,1.55624314998416
1.62443029122254,1.1819602758007
1.87653724864511,1.27923780511804
1.50906659828744,1.10907040052147
1.61002949344872,1.19794438080715
1.47208602290278,1.06971093077341
1.77070181201935,1.35975789198199
1.47205358606095,1.16522784230541
1.48019955929429,1.05985668378864
1.58506242903789,1.21946897413508
1.61608634738287,1.25472843802621
1.47382232928429,1.05806550564994
1.50818796831417,1.08285740870768
1.5767562083792,1.1944144428091
1.37715322857015,1.00991482737422
1.67866075630794,1.25344738008249
1.68470294192706,1.16874898616813
1.68333279180324,1.3054058323471
1.32017861044847,0.976172922364944
1.29652117048739,0.998763555837905
1.48254380520542,1.09980341310266
1.93633141377096,1.55792516430339
1.68843327351234,1.29435123401479
1.624633179242,1.0743336736494
1.63443623333632,1.20467836446258
1.46859874546302,1.05877216396576
1.68063497758384,1.25232219732212
1.58801121742589,1.20160915387465
1.5981025510164,1.02780676929365
1.72997805524105,1.21819712259252
1.77650981727346,1.20392128832485
1.3267381807984,0.955683108009514
1.4729464019853,1.18273604652713
1.80250484825635,1.40604072070116
1.78959465514754,1.16074149113751
1.85970255031841,1.29421803079307
1.19341567680865,0.994897772242805
1.66732148674177,1.27800649117318
1.65665586099246,1.25288931535679
1.78701577451318,1.27266168636351
1.89001748328934,1.28628133761879
1.5708651241913,1.14532920632546
2.02951126348106,1.38560079870723
1.88389212620882,1.24688238031469
1.51162169440235,1.0613731879072
1.73017910360171,1.22810452750572
1.55608822501377,1.12189767773407
1.90484264236402,1.34523534051
1.4595560729249,1.14135537456561
1.65359675553475,1.12613810352558
1.69912825963338,1.22614921671771
1.84404149833294,1.30566420436522
1.66485110235022,1.2714283143085
1.59922407636923,1.22852358731786
1.77591243313342,1.23840960309919
1.74945789617778,1.37295922336045
1.42327882149087,1.09934068389743
1.57274897559684,1.19728879776262
1.61693963383673,1.21778491438326
1.83766150754561,1.36736899482892
1.72975135070476,1.46174770729538
1.6467223530048,1.17518093839906
1.42592677179032,1.12513300486687
1.80985209868349,1.20616484281233
1.43256767601911,1.13967546179639
1.56107894646561,1.08065272091419
1.68903191552681,1.17210240135492
1.60549113512454,1.18552808641073
1.79831029315106,1.23742950729875
1.69984156996618,1.36071743149234
1.73728379810095,1.34346375672755
1.80002176644813,1.27979939087533
1.41164345488452,1.02564533601334
1.70159584525766,1.22002965550243
1.51847655993279,1.2017969918086
1.5737432896951,1.21173086391829
1.71951880159173,1.2436651828925
1.74912188030381,1.36186055964083
1.39913284070408,1.01681852755521
1.52888144920069,1.13926967054634
1.29039822845256,0.969187284710778
1.80614411920674,1.3746620253561
2.07900602228932,1.57147740632557
1.52047533241515,1.16812106367993
1.5765737667281,1.1152020558639
1.76755516035487,1.3087833795136
1.68871252079016,1.17370767627778
1.75394231544664,1.27156151949336
1.69673040974667,1.21279999419515
1.57932839273426,1.26441107975715
1.59817577003032,1.19844178018699
1.80543975800771,1.33150569757723
1.76284471355285,1.30500641674637
1.43623470190853,1.0480047409889
1.58302948506029,1.24168011542869
1.3985088719337,1.03173286429191
1.98534180416573,1.46482915476973
1.53104537931519,1.16189118629547
1.6800463503705,1.23138261689691
1.68020725320485,1.05313099344806
1.45996507206412,1.13647974261359
1.83862296910785,1.2152766980569
1.75926292583147,1.13042024976145
1.65853626996426,1.28162211649781
1.64253879580104,1.08343851233609
1.65493678972815,1.17955549034782
1.65176593687158,1.23990805064891
1.70035487730596,1.21887082064952
1.51469584263562,1.14709847811389
1.63440079462985,1.21883433647287
1.62559048401041,1.07952531940052
1.70474359671042,1.15443425862649
1.58630824140311,1.20216611256537
1.605316728394,1.14289613079259
1.66767129421815,1.18038534700963
1.80840641858352,1.33414849319838
1.770510234245,1.27080493962815
1.53526491559318,1.14958913675736
1.4730703439059,1.0081828763071
1.46834962706395,1.124503655258
1.85992585804257,1.388522833357
1.89212215195773,1.34043833697468
1.63581421219417,1.25639306614068
1.61346927836595,1.16685738872612
1.4694697880368,1.17139391230847
1.69601682716305,1.15898777203588
1.83179059853251,1.22589235072765
1.75577487522767,1.43627324914387
1.42862418531381,1.02866279613017
1.80269934986867,1.25079235131624
1.71363220970984,1.28052826108307
1.55553203750466,1.11955201319712
1.37139915521777,0.997025318971893
1.70866994089454,1.25796255429787
1.56762969792122,1.18723951706093
1.58829557742278,1.23797761987758
1.49384283139536,1.16570098294804
1.44746429834631,1.13955243426972
1.40529912603113,0.992974422383467
1.7116682016119,1.29691704997572
1.44841546822045,1.12662900600962
1.67663306639023,1.23216866964028
1.649674797319,1.29436523301364
1.46986194823203,0.978975764647353
1.83049872495429,1.27463490771581
1.50764330833946,1.15143614273705
1.72632519125923,1.29164576648781
1.56031733372177,1.15045181236678
1.64899574990353,1.22538633492058
1.72471812971478,1.12747040812886
1.59620526754073,1.16422251310496
1.47342522700723,1.06160145919434
1.82504496740674,1.22589876085125
1.68896371058399,1.30614792471346
1.53774632072184,1.21915276220772
1.481261295315,1.09807237760785
1.78376833919412,1.30832519509987
1.88234650405369,1.31700817405915
1.68159729521959,1.32518020913618
1.63280834478876,1.21307109115527
2.16070484180217,1.67799503206114
1.79408998505196,1.19715570931579
1.60767145321381,1.08723563969189
1.7076794289161,1.27119164792859
1.75123828196769,1.20858257506751
1.62293602171141,1.22445687969704
1.7965673743522,1.29001123104606
1.69995619513228,1.09343917961026
1.23987769986262,0.96169749338046
1.57916169598814,1.1701450131465
1.70775273106301,1.21056196287963
1.41636076039195,1.03728127239303
1.61272632820102,1.19891709624769
1.46527157920522,1.13173573783313
1.57454772947506,1.21857676432522
1.59335282463248,1.15862059697215
1.41304213262927,1.09721205358068
1.61073793211663,1.22394855810799
1.87635503074025,1.37180554683507
1.49871502213021,1.17236262213522
1.75324064214194,1.17029260954189
1.45500019776839,1.16960461710455
1.55155056814462,1.21269113113467
1.77733393801119,1.26926567101345
1.75137574767069,1.22577169666875
1.53114857297578,1.220198451971
1.75796961085737,1.07861629976219
1.9709626614372,1.34168973331061
1.68972759246461,1.11215928032605
1.68911124835849,1.24613981813824
1.73475781787091,1.15465837977998
1.73450156174209,1.30794993653549
1.57798699819343,1.09222596895316
1.48095864960248,1.07222660510941
2.07651629363629,1.33029404887853
1.75047559673091,1.21483055531434
1.2738279723845,1.03438255856866
1.68821588110522,1.23112806558844
1.54721431196094,1.1921051787239
1.59216102206257,1.1334933700429
1.52317211317311,1.12236592963716
1.57072163014466,1.17761881096029
1.96648131316692,1.39747972720621
1.5374917163278,1.21092508417042
1.8727196615535,1.30524012975761
1.57681187827181,1.14000395152512
1.77547935120394,1.17654008552293
1.40623486174831,1.13199321998806
1.60995673050729,1.2936713604863
1.6456446024174,1.20691574160844
1.6106599082293,1.18582716201359
1.76015287148617,1.11188250781537
1.55656496296833,1.1665469553234
1.73018734980227,1.17031336494887
1.57606730474434,1.19949850176589
1.28210812316802,1.00547128581899
1.75213955779361,1.21191644997148
1.71769491027311,1.28057629861719
1.82785173174912,1.21467948317895
1.65686776452676,1.2543578445618
1.42153480805451,1.0250362705868
1.78496163862846,1.28729101206987
1.82146837296126,1.36609448759653
1.66962263468615,1.18609093675496
1.63722613237147,1.30514856552857
1.57208024631679,1.21402746185627
1.70099375797365,1.14586489712811
1.63578248095901,1.24126193322334
1.76395611569373,1.28874727205313
1.7790544178453,1.29677938009804
1.93439448258454,1.32604637511563
1.639015193109,1.22630429066898
1.63877761916811,1.20251118497701
1.4072710960603,1.14225519314187
1.62143709704691,1.34911208871022
1.38057226739058,1.01157215413821
1.66167514191071,1.18547523625237
1.1512948864822,0.88433494197977
1.65239434618588,1.29975139970269
1.56883265718392,1.20756634325415
1.56204048903241,1.14337977225666
1.59832511652648,1.20439864323961
1.98357733715749,1.34385345497371
1.64633497656514,1.32550023323796
1.62870085155254,1.20085275430801
1.6897805661924,1.3262027947964
1.46580018717484,1.09629082896299
1.44586133154938,1.11396441338751
1.47717461577027,1.07695706932702
1.60186078254624,1.06812391233636
1.49509607987073,1.17816382671558
1.43515595443992,0.966208914452084
1.58281386718009,1.1498603842059
1.60591901231751,1.17002042843309
1.61981657434194,1.13273683468719
1.64372834833548,1.20769131000612
1.40879876060823,0.972329901389473
1.71052661172264,1.15170614724055
1.81176994054987,1.35140716079615
1.64516906406221,1.27008282819251
1.47437348775106,1.06392399823836
1.54695232213835,1.18097542092423
1.81852000916423,1.40587586305012
1.61777024673507,1.19730539580103
1.98085210607987,1.37175014385063
1.84583062415658,1.34001683241335
1.69396612622726,1.26182434578132
1.90747100442114,1.3245525183602
1.58165753338045,1.1572275570137
1.62032929774389,1.19114234162585
1.73382071009176,1.25192270038725
1.57886219083932,1.20600731601303
1.60718253123976,1.18768170912333
1.90655624538249,1.29168581033185
1.51264432252659,1.16197844362071
1.66489538700916,1.07769160268562
1.90965766384359,1.354199381487
1.57031080853083,1.03518856362024
1.41328956234517,1.10626391060028
1.63534152645384,1.20788655573438
1.45371737093937,1.06101144494929
1.58429683731661,1.13602603240723
1.5830920035804,1.2092612546643
1.6306797565482,1.18126612648496
1.30528173863371,0.909970368635567
1.66971175023966,1.17269335123622
1.9043112368973,1.31412222799351
1.25778609827675,1.03184285729564
1.88219685784922,1.32739334633073
1.49265788756117,1.06547719159701
1.85788149839077,1.22621832601703
1.85187815304076,1.24498913998504
1.41301830943739,1.12110454946643
1.62057710791565,1.16094679624628
1.33095171145881,1.00145127100297
1.37947715288567,1.12975259128636
1.64863491991396,1.28111558880787
1.73532830270103,1.30779332802721
1.64171315307548,1.35027340809993
1.60416923292172,1.20142051603755
1.46789648438795,1.23349626919898
1.43575548167111,1.13553865762062
1.53983607641731,1.15516785427625
1.81790723878242,1.32428472586978
1.74006312492768,1.28313928048339
1.64453102097792,1.23598486286674
1.62146751937708,1.26413869675603
1.87323689499926,1.37212833428941
1.59174508482418,1.1103876839206
1.7104220836406,1.30974428298342
1.40115362626788,1.04793186138474
1.53422857547223,1.16671219922845
1.67491521623351,1.19551543967543
1.79383096653787,1.24299897801403
1.7967916686442,1.43199788701906
1.3716032865826,0.979902835696326
1.75318824485127,1.31999364336654
1.62514569611298,1.17929201232129
1.92776489091965,1.28948546190866
1.6202812703988,1.214517387108
1.67508375564018,1.22544521338227
1.60250379266164,1.22491882471699
1.70021890366953,1.21046537339327
1.71740865293473,1.35789968778106
1.79157142558571,1.36549534470986
1.47076519781565,1.06170122094209
1.79889677575412,1.21000508200586
1.82100090004273,1.37917494850186
1.55666131426025,1.14241891416118
1.43865400669461,1.02467675502507
1.68688892408398,1.24311117332432
1.90298674365282,1.27592882636388
1.70760597748937,1.09858568518132
1.61092988184786,1.07143062070323
1.61354236516442,1.18153835937633
1.85874536929598,1.42537188969671
1.80507037715127,1.25875618905038
1.81312979548091,1.28852724941842
1.80125229670236,1.24981641398266
2.05328490251036,1.60069981829488
1.50916242836006,1.12485698406786
1.79548935779853,1.28462331163172
1.74343863984228,1.30305697086362
1.48542995112095,1.03047330507976
1.44069687351196,1.04795388610524
1.43487876488569,1.03308868088153
1.67959529184173,1.18241895094705
1.35637555511771,1.09618696979218
1.84451200104012,1.3405586153366
1.49308078336084,1.15584107680916
1.35013681401039,1.05463633185433
1.70863940557235,1.23749075938132
1.82914066399713,1.40345631555766
1.82931083832271,1.30515636962441
1.83363242790363,1.29142771930634
1.75786679858844,1.20760083735491
1.68928210014169,1.23634004767505
1.56183299226975,1.09716136063388
1.80170424067988,1.19860204266823
1.49541765297129,0.974789681604373
1.27193936333344,0.94074962300304
1.31810520363811,0.987091835716071
1.6509529242042,1.29504140676274
1.68382504290309,1.40661530173884
1.67813011652308,1.2496774253533
1.99145870135089,1.3669662152191
1.72587062424009,1.3268475855329
1.56714266769475,1.1764423597246
1.41554502404335,1.09636007553217
1.58270298841611,1.1938078978683
1.70699589763282,1.2704949260365
1.63336785102091,1.12587356011659
1.81164484401264,1.30881164819956
1.34276160557072,1.05744887423048
1.56097717131639,1.19895002230406
1.62802135840395,1.15450013389654
1.49428426772021,1.11686612136946
1.54109125076364,1.13690291693526
1.9141438675286,1.48482154692164
1.8970893150607,1.30086795500817
1.80527331384083,1.41215943449245
1.54200809805761,1.09540994026266
1.834402471478,1.26853239143653
1.60531689025,1.16925229095375
1.55246915871253,1.11892657613432
1.76196328611571,1.2544023244817
1.68009147996091,1.24127660001901
1.29168329501251,0.960269092283204
1.43023355729871,1.14541871110482
1.99321606818554,1.39043957642715
1.60613792773216,1.19309686734989
1.61833246446047,1.1522291264013
1.92186752467649,1.35905787509226
1.65327957261145,1.26110539948982
1.69363681689174,1.29637758093154
1.58045182312329,1.15675951105833
1.70342501774781,1.25568708276481
1.62801380133507,1.25265013699007
1.6892179805149,1.18201908291219
1.82936770614619,1.26025286665275
1.48059385634201,1.08686033795979
1.46386096295067,1.15474408960177
1.59340847838264,1.16711980307772
1.68474458025945,1.26888629714052
1.8609466321209,1.27319697543675
1.62763414903135,1.12371292636106
1.66408061547599,1.23052966133655
1.86878847276821,1.30483808703997
1.57444650848358,1.03101121022228
1.76860157050617,1.26296545471615
1.63402053849808,1.2480076911738
1.72383492598613,1.27901195329941
1.79422209125691,1.25335409593536
1.65247031962799,1.08584522323923
1.72941173912095,1.37428049738719
1.77176163913994,1.29737973495165
1.58271149700653,1.0949767689882
1.76284502634917,1.31044791980916
1.83814209768777,1.21047389874027
1.66328556106577,1.22481988779768
1.52837827777462,1.14230565509822
1.8988736133234,1.35537165605079
1.73321297626482,1.11951656101871
1.5337949400783,1.10212837038154
1.7406319320741,1.311867927476
1.68337811970458,1.13521987296383
1.76232534957612,1.21943187110738
1.70554292327956,1.30056056067765
1.5548808151123,1.15396810152904
1.63528106378899,1.22289431216234
2.10170837951738,1.64327480540007
1.49520933978096,1.12684375584416
1.88291799579133,1.27239225808036
1.72132665930679,1.29247808658416
1.72672799803677,1.31676974466969
1.72662845215381,1.28560617645666
1.5612597366307,1.01110145574527
1.61463911702715,1.24615065727724
1.55462141146975,1.19856862418314
1.62575658966673,1.25431174270592
1.70805576285862,1.17200520196114
1.62490714043228,1.15944403792935
1.95683889550137,1.34059242690579
1.65018866605234,1.20656494772915
1.27947254866323,0.969019177379043
1.69649716591504,1.25087430363846
1.57885836761986,1.17865284736979
1.32915335467541,0.979712771036953
1.82374907399202,1.30245414002008
1.58731685560158,1.23166526947971
2.02782678915222,1.54491205008227
1.48239421385572,1.14855754990008
1.76297029675702,1.12843837366297
1.62115417910279,1.22014298789957
1.70143488578756,1.3434662722443
1.58360951505296,1.16310138753782
1.6642112419138,1.20833009178573
1.37696773826695,1.0114990658527
1.48207088462095,1.1617694248893
1.65216011126597,1.25756375617764
1.75816482411764,1.17440873462925
1.66769433201798,1.17313779282788
1.37698533882833,1.05693851643161
1.71000561504008,1.29822365257804
1.60961582902116,1.06489743413713
1.66865989084889,1.19277297538411
1.57628284760738,1.18793098969109
1.75851544785579,1.23232117115335
1.67865470547865,1.21821814326316
1.55472807971535,1.23175917277026
1.46350574864128,1.0314465197756
1.42053216244763,1.08586255763684
1.79235972802687,1.36737095106049
1.58864860325045,1.2044086717929
1.56401553107082,1.16127789644336
1.37524089153382,1.07813180827483
1.59235877674234,1.16795893821309
1.49363391380932,1.14916180081562
1.76274693224104,1.24134042836029
1.8298874081714,1.27716001873492
1.83809213275588,1.25664002637007
2.09492126362887,1.38830526350692
1.72302910715893,1.26772013717724
1.24290240781237,1.01005205822707
1.84560253889297,1.35155698918884
1.67967973013799,1.2674441558605
1.60813516825295,1.24338101792903
1.7083753426655,1.18469884096952
2.34018625153779,1.79838432853145
1.69091954343892,1.25391601312152
1.50183214969893,1.09475799086739
1.81125686260051,1.35153099439765
1.78174845941246,1.26388516390663
1.70868527821802,1.27638319400246
1.50777037779713,1.10707401750723
1.49799595487512,1.01937641163396
1.47303112717565,1.10162884294434
1.7643419932466,1.27696040306475
1.68003444714351,1.29401039697308
1.68263432338473,1.22592761973716
1.53360934442708,1.13644192929607
1.48152011819026,1.09964787415668
1.61193046583775,1.19144714009612
1.48723447266982,0.967314140167023
1.63745739327289,1.19305076514457
1.6018071908506,1.23831113451803
1.53056664660418,1.07860989302994
1.84290020801733,1.2943274252109
1.84771994828811,1.26804139018515
1.71395888652803,1.21137787907356
1.4602435298384,1.06444644772827
1.65005227880948,1.27584569701823
1.69718210024102,1.10309654370043
1.85504453832312,1.30932437514513
1.56754756921136,1.17901366213015
1.67222829665183,1.2516854773319
2.01185669957199,1.43496803170104
1.39237336936481,1.04753600864205
1.40039368390765,1.02665093266803
1.34420297384475,1.00717894226341
1.46860666178955,1.16079176989352
1.80357507696624,1.26278713387045
1.59011669089723,1.1728936335854
1.83915962925151,1.27900928754043
1.99715545527822,1.48330173410773
1.77167496024485,1.26636452606107
1.88405519947682,1.33313477279672
1.65041722668182,1.25608636223956
1.69393336155367,1.22977413482884
1.62487053391803,1.17942761432492
1.58521651936871,1.12932217019266
1.64798401718522,1.22075906591584
1.3411901751282,1.11480541979143
1.7053884754486,1.37101241993235
1.8513430832802,1.34457606240639
1.55573939838483,1.12893768584433
1.75677826496122,1.37025501756604
1.54488511944754,1.12431473252044
1.56598996544533,1.16178554017274
1.73561987061261,1.33576454631144
1.76868984888107,1.18157836041538
1.57882910045803,1.12822912812522
1.68591736027148,1.19390303788428
1.54974868957325,1.09706495998768
1.78282249386566,1.22161901859627
1.54185309572934,1.21315525298695
1.72754642853563,1.26920715389024
1.65667494093921,1.26916544615904
1.62158039396336,1.14047761979392
1.55895312834572,1.21969288921521
1.47222358795624,1.07820471264047
1.70299168896452,1.24441069285221
1.36291613519925,1.12335509598571
1.65916747434621,1.27057459873948
1.41803488660725,1.04565386761049
1.66511184329265,1.18167657380003
1.53924811288992,1.01393716279088
1.58148974298237,1.21718476392269
1.74228158967538,1.25333486718793
1.55318548160524,1.08667590774462
1.8611806831776,1.24138207653128
1.69755840963581,1.2802531159558
1.88617308585957,1.27963227505468
1.68218822481477,1.26619210923416
1.27711784643975,0.984664982554005
1.57144894158945,1.14732786751082
1.39071416998379,0.983389171398282
1.54731955808892,1.2561487196
1.89305490633331,1.23957951528314
1.71283217316524,1.20383589241327
1.60574848054473,1.09301258326008
1.61519139499757,1.19521624056063
1.51953794381229,1.14538760810461
1.50642006778918,1.13187207413934
1.38853265254618,1.18408884472285
1.34653049457558,1.00568926142195
1.97451383527615,1.35964117637838
1.58022271633022,1.219180478234
1.46866663002421,1.16061263145777
1.54924525060046,1.11118555354542
1.68286044764836,1.11056531370484
1.73676077387599,1.19471034263773
1.90359687543473,1.26003610846592
1.53313697058658,1.15620134185276
1.73839085686448,1.2270077942504
1.56254085342224,1.16611114050462
1.50399287355818,1.16492392796777
1.69602909399187,1.28234101345886
1.57663235265905,1.19359240328185
1.87879073454706,1.25154934906609
1.83571611571825,1.41557508338741
1.58236059633427,1.10777792683885
1.60317551987415,1.17730042837941
1.34374203457398,1.0918714996326
1.54035759409908,1.09449279554301
1.63706275568334,1.24317514527979
1.83087781058795,1.29135783348298
1.66439867845545,1.33696368127303
1.60178628057938,1.13336156603676
1.40839418551867,1.02553941579813
1.68045709870525,1.21546732726637
1.74741243732678,1.32224153081073
1.86840780905309,1.38138783685273
1.69318054194347,1.28284417117776
1.52221535796692,1.14641362458382
1.89863451501153,1.36666418218835
1.47634716587087,1.08892540695139
1.54709058526148,1.11342371769351
1.46341298013119,1.14460856962056
1.76993762891899,1.20870966903399
1.91260547584228,1.33469463687161
1.84775026906474,1.3054789079501
1.7333135308788,1.18942125508605
1.61889534672197,1.15366157708659
1.71431694202567,1.215785526641
1.7434614654688,1.28695412427102
1.7035346152959,1.32958515682491
1.74696548064262,1.16691772182519
1.61437072230722,1.15824073813706
1.91498851435296,1.36210865566306
2.02132067843364,1.37045620907668
1.42264127905413,1.04838242359003
1.7502494608177,1.2612957537615
1.8928493389668,1.34289325560339
1.62183288097236,1.11377569048231
1.66702994689981,1.27264560132543
1.77561965299978,1.21327013696783
1.66281832626735,1.25066520169467
1.69363650839434,1.22626659665489
1.73064487859248,1.21658916968096
1.26241183489164,0.994386374553497
1.45838902908342,1.09188734166768
1.77818408554723,1.22452406995767
1.46938450990437,1.11950308630757
1.66818215441128,1.2358386026122
1.66823635860334,1.26592554199879
1.410098651688,1.05854661638558
1.7373917736527,1.10032763048071
1.50403270094114,1.09889982455804
1.32001189110973,1.0614666147513
1.3669389832421,1.04941089678799
1.81263152828851,1.31441047435768
1.85909977311514,1.56761431782432
1.48059415713334,1.12182820388925
1.48543730839363,1.18605585111344
1.64467902807987,1.24578032107479
1.54366400687229,1.11687234411022
1.86808583683239,1.23697647909645
1.82026031343589,1.24223134884983
1.77766574347857,1.35609305716676
1.64298601181042,1.10913947480254
1.92984128522699,1.27058707852193
1.82190206992271,1.22871153825908
1.69091544018084,1.15594091560396
1.62967647872229,1.19382723120683
1.88824574227406,1.3546860295221
1.57748697745769,1.25886298464355
1.75857344662563,1.32960262108388
1.67218611034411,1.21086397594396
1.46653333780355,1.13399597654031
1.66640319658752,1.32895675066797
1.72217974719444,1.11340122343179
1.54430804439573,1.23512747710317
1.49856213410242,1.16584852993996
1.92399255132809,1.33938091846157
1.72518035728536,1.14624646263177
1.56518121074281,1.06532170763529
1.5921665443889,1.19465274184165
1.50217771514158,1.16696757068949
1.32401395189743,1.04528677261879
1.71457096326156,1.23541071517461
1.6425643323179,1.17064498545561
1.35253676426287,0.951705220702142
1.85937738310725,1.47736963052319
2.22513347783384,1.75103194218741
1.4153709339426,1.05269836470489
1.46074246900046,1.08971473434489
1.64208257047386,1.32767800437729
1.52270978383437,1.03291512027755
1.73537885898469,1.23857128262273
1.74650973992349,1.18222716969455
1.72164696211052,1.28975429453969
1.54637868615015,1.18257193457757
1.76881069541405,1.3270949408491
1.96832036357352,1.38966244545806
1.85617962941229,1.30726267752393
1.25436876499086,0.951769739424419
1.50221995020649,1.03400636197891
1.69770563633925,1.28673101550755
1.8227200370555,1.32928728736371
1.84535484023846,1.24053210753153
1.67271369332466,1.20479683326418
1.41475551995354,1.0991344727629
1.63397632748898,1.1981614492662
1.84782264267844,1.29431027280859
1.5461686530578,1.11922842078334
1.73564888454284,1.26024873750113
1.62398917931216,1.21698656279808
1.65852017207469,1.26747302780128
1.65772776731897,1.18156049266591
1.67164945197908,1.2188642684723
1.78810324039791,1.19857725400507
1.54353983504521,1.13639211795633
1.58787788346552,1.06189795174229
1.41564720999097,1.14198852139277
1.90422210904226,1.49662162058842
1.35467081529068,1.04919729120043
1.38442057687552,1.03477302358826
1.96578961791138,1.38602933900994
1.67268593977213,1.21668417967764
1.77146267413956,1.27690153868724
1.75111419538579,1.30996532744581
1.9076496354003,1.3683252794818
1.75231805519161,1.28015309897908
1.48325041148263,1.0468004357279
1.57269268835752,1.22949138719794
1.43030706878195,1.08707155047235
1.43432717548594,1.06103034053527
1.45394900901303,0.998356041149468
1.56534990930605,1.05649004078835
1.82662221714052,1.28798995111888
1.69450500945007,1.24410904242817
1.6767678111793,1.26436542099689
1.42751709228017,1.17396202065929
1.59138443069561,1.17417000554524
1.74857503958906,1.12688604977652
1.60781565211612,1.24970694281842
1.65961620220031,1.31928522664996
2.12766078954917,1.63471941901722
1.96854107893195,1.3980866404921
1.86416234131251,1.36778782124176
1.34789286498891,1.00080354193281
1.7936358764943,1.24461771884516
1.77745796398473,1.45238250950779
1.76850304261036,1.28620333713108
1.54911824091429,1.31747208426178
1.72601608191404,1.27180766794172
1.52859870340355,1.2500454081932
1.51899263997147,1.12230967509569
1.78366388965307,1.25587433000303
1.5724133011123,1.26130609389544
1.65174462765774,1.19792929674507
1.80306856889985,1.24530320137983
1.59048792498891,1.20106198887986
1.93091964540929,1.56478455854441
1.69250416708636,1.3122059771833
1.86599842891656,1.30031354377498
1.57005730189032,1.21458759090362
1.78491400959338,1.27457670766753
1.54563064478225,1.15113811718895
1.76142118043115,1.29822635236753
1.49180529558604,1.1597180854192
1.74397028768806,1.28027854270292
1.82676604807741,1.42005029649373
1.67620375215774,1.30248248118347
1.52385893795841,1.07361539517773
1.37327466476708,1.0898071195327
1.45875320842487,1.08237615437845
1.53331235410214,1.10491572518602
1.66596765412441,1.23782843659858
1.66492779120136,1.32867594131018
1.36417171672318,1.08621440744164
1.51693421543545,1.11240757567877
1.84177058847276,1.25450777798163
1.57828685936868,1.13704458360802
1.7386898855727,1.21781188708845
1.68566331352792,1.20841850185701
1.46726988954952,1.13893781804958
1.74718982003568,1.20183756130847
1.77108288561213,1.34163267290168
1.70786195157998,1.17148435434733
1.51262710772309,1.09968097939923
1.88412711861795,1.35394016622871
1.80567453191319,1.27486049607582
1.65015566696272,1.22872245591865
1.49139398758558,1.04317794152385
1.58533747142004,1.14599054510934
1.85530648632444,1.33027566435639
1.89670771000282,1.4585435830762
1.84615019437996,1.35302505961615
1.57683889734873,1.30348994942277
1.51214189115503,1.06040609109362
1.415613268269,1.09699706203545
1.59079884502551,1.18797018529457
1.66498401604557,1.24695191185736
1.58027655520628,1.21268730888911
1.44951003998651,1.12783341208995
1.77303834984847,1.24169598965133
1.70834372429541,1.23169063693922
1.76839500754022,1.22442697509994
1.64030908258889,1.20055969916471
1.47968755774412,1.14788499260688
1.73697969800511,1.21497782012947
1.61166837902723,1.12036578434823
1.88866402689706,1.38086714419179
1.70251720956976,1.28547341107685
1.64477562038102,1.20880206065031
1.62405518056842,1.19837925802839
1.65224517063178,1.24418370224848
1.74270555704853,1.17308026900403
1.80719784003756,1.37039524378338
2.02410757962091,1.62245994331989
1.40502789991766,1.12578178799908
1.50853376298246,1.18637632038243
1.51016058187542,1.2002849298243
2.11390353092455,1.72615954010835
1.88465306504433,1.48849300450114
1.45189833954994,1.07702446647595
1.8303039007107,1.28766662475436
1.56126641051545,1.12554843171515
1.25204382869415,0.958679047463072
1.25396989965172,0.974411416841216
1.8572918485809,1.26684423272743
1.7996215378817,1.14072561932163
1.5235775472182,1.17446396347849
1.63073306619697,1.21910368213382
1.57206246445626,1.01182513357136
1.73644213378617,1.24451150946446
1.70044989248861,1.33011725603625
1.59212757174131,1.14237750905776
1.42559709848478,1.09234171141439
1.83136974234612,1.33466489307281
1.92000523352564,1.41667410455482
1.6214113356451,1.15905339766976
1.74309639373951,1.16639206011684
1.52629563258414,1.12812214059455
1.62765744827352,1.1900764696079
1.89934327611632,1.3694567908013
1.71475293450529,1.27251539795243
1.60742658823164,1.16937667014096
1.51971135262161,1.20275587133764
1.26649234209663,1.00735272660367
1.81501319615955,1.25419268910122
1.76105434689628,1.2184049033807
1.78322548348928,1.40781789796057
1.69668520122383,1.25176933877797
1.90030333787442,1.30184281211499
1.56014699257027,1.1495534678716
1.58018059573161,1.07766522201256
1.70253571050283,1.24454009826234
1.97977950077592,1.45454688766116
2.20423089384785,1.69057721483932
1.53620329271743,1.11215819792669
1.53013891882941,1.14964677651871
1.57290814764463,1.09870983906099
1.78825010304416,1.28260383991528
1.60144365988379,1.19333643028072
1.36948899508543,1.05087642475806
1.69563057342564,1.20460361316902
1.4563704863602,1.1503112499617
1.80208254680379,1.41978277528614
1.70234022461402,1.16892877703521
1.71528310621148,1.29716999888104
1.61484953191137,1.19659865288438
1.67768118367409,1.22351658809935
1.54942502367363,1.13695470779503
1.43871850091206,1.11220715478385
1.67764014484477,1.06831331093383
1.77815936736692,1.33903271681211
1.65708789422356,1.21254646340359
1.22933303521798,0.811729618586886
1.81231263968751,1.28734527733039
1.64014742752584,1.11997208685817
1.65479680033398,1.1739074815283
1.54059570534344,1.18749598326468
1.57329911643859,1.24070307980694
1.48834529648667,1.06622932329832
1.68595693787236,1.23887589002532
1.61151074875575,1.24939120641128
1.70977618392428,1.29447581773145
1.99955665890671,1.65103066149094
1.93807282891179,1.31857528081556
1.66899540830735,1.27434871767475
1.72804015061742,1.305425280693
1.5720731538232,1.2342611592234
1.77987220427453,1.17144014352933
1.82392853768754,1.25944014686954
1.75123245985115,1.17525528650212
1.44279081717101,1.11389395707287
1.75616467040871,1.42180623378041
1.88698389677329,1.29988633316333
1.45086916991291,1.03995568534618
1.7826243560566,1.27783499260037
1.69653460623426,1.25837047562404
1.60926077094288,1.15753904710095
1.51086356471385,1.18110219429293
1.62279646425438,1.11119323270912
1.73021520998242,1.34177447819251
1.73675883327246,1.22838100323045
1.64721370772356,1.28458343135648
1.70793644585262,1.1510976722944
1.66269837079332,1.12332144700567
1.74213341748142,1.15847153066335
1.63838514412975,1.23175331299966
1.40453966133589,1.10349466066782
1.70630838105931,1.3014235364682
1.67260817468471,1.21709005943885
1.73513950599169,1.18760021131411
1.77295774159161,1.25902311079159
1.35573970135533,1.01476061159027
1.47712254657564,1.11073206603415
1.93704516478137,1.3064729344981
1.68542286188014,1.24753044504467
1.56964778713568,1.23359960953753
1.85599637781108,1.26670461385956
1.63843527518919,1.13447973852242
1.844569661042,1.37552288317863
1.38853290481595,1.08323738545103
1.79962117992848,1.28799012088375
1.71569049251605,1.22499296410741
1.81569470980835,1.37234749247012
1.47565051698138,1.09146221927107
1.79232948936758,1.21100477403715
1.96823946218918,1.34512991986374
1.62943123760535,1.18680377616239
1.48251999851756,1.11736895910385
1.61266706563538,1.23707682481635
1.63199785689159,1.11793313596656
1.63411006579858,1.19793240916437
1.47543818178448,1.01502495829006
1.53864057034808,1.10770819107753
1.5832119009937,1.00738208623241
1.61485674948675,1.14778009454045
1.56971606586524,1.04054693042087
1.65461483349235,1.16365766486969
1.58002525743786,1.20234784575251
1.26644021416341,0.93455130425559
1.76509698749236,1.23155109533888
1.83529694562116,1.41286401695981
1.87815371029977,1.3450322452054
1.55898931245707,1.16205737030742
1.74929358175335,1.14579537964662
1.38638099005669,1.0295916927323
1.67761980338893,1.28518768881095
1.76698804115984,1.25975522119806
1.66990812018971,1.34839085785948
1.76107388561798,1.21587305944735
1.47246850705077,1.07772463091351
1.52498712980051,1.18066522988161
1.19963464880271,0.956468568736124
1.68732937480771,1.31300178971772
1.47939395881326,1.11775679705335
1.52448746122328,1.06941778320902
1.74737838870257,1.31360184733537
1.6399647396036,1.1960699835268
1.58699275797767,1.24779649429765
1.79576609666949,1.18205224630715
1.85419070555328,1.4159949820303
1.69675815649291,1.1613374678397
1.76199533516214,1.33579989273335
1.59226359209142,1.18860504288222
1.54811623179677,1.2910357204196
1.58510800495992,1.14699577905901
1.44406760832032,0.95109140530544
1.60715512606852,1.19059355106187
1.5860741695806,1.12158122164908
1.68523425539996,1.17458444228609
1.74628959807068,1.30500072353094
1.6420514388755,1.16877209389285
1.77787049527458,1.35737306727964
1.65403773531393,1.18468340165124
1.70833565135933,1.16258780618113
1.50340041820343,1.11391188223967
1.75023130700185,1.16407888286591
1.95832816421418,1.42548352472714
1.48795650365407,1.15552782538005
1.56194066011134,1.24427402306396
1.60194455132037,1.25628229112775
1.9206510451459,1.34326014245983
1.56316160800372,1.22238422433379
1.74526804194732,1.30650890076515
1.72739928307446,1.27573187250598
1.85432371110463,1.20908677016547
1.70903665539993,1.23494814139803
1.48486958080623,1.08825983360006
1.9061719061257,1.45238904985257
1.55575673903155,1.15791110348093
1.79773879881199,1.49802909278633
1.57448227030395,1.10712408216709
1.87608218228303,1.4082276449568
1.82801753117932,1.37681950060928
1.80675274185733,1.3463242297262
1.81849821973171,1.1930491341295
1.72393724252383,1.12720014868535
1.79002309510904,1.27075609712064
1.864583725083,1.30576075332951
1.50684809737463,1.08658910925714
1.61219651763257,1.20191090294598
1.47308509207694,1.06844288318365
1.66775194872949,1.10606629410782
1.54042950649389,1.19287538979544
1.72874137508748,1.13432671611383
1.59184573096766,1.07519660216018
1.76623392996858,1.23283342673568
1.66487251010005,1.20166339843888
1.81265076994623,1.24604955450133
1.65983892320927,1.29822767981764
1.45761036920465,1.18925309442762
1.61884447333052,1.10007401936073
1.7309844742674,1.27817917705208
1.61501003448725,1.11999263575687
1.67469510513457,1.22507540267509
1.61089095144749,1.30923746433098
1.9034963399782,1.38605870393521
1.9661977630501,1.39062426230123
1.71137556038334,1.3427474394457
1.69106622837593,1.24412696935998
1.43140980997005,1.02699721647495
1.74303101087124,1.14301673812597
1.78258332257623,1.30974132831446
1.6562494855586,1.14732693175113
1.67435152669758,1.20843509519277
1.58483171133587,1.14112100302235
1.6747485630623,1.25919937959076
1.68463489415832,1.29405620093578
1.37272026860181,1.00562290530455
1.55283957548275,1.15336684530609
1.47613228899626,1.04669166675387
1.692080834122,1.19073672401721
1.64864964644382,1.24714901532885
1.74928412555381,1.27880972229265
1.3768729389695,1.04909718708948
1.60640196073155,1.10894290528817
1.69566164445314,1.29052362122344
1.63878061423555,1.15552921375746
1.84427429657,1.27846468790885
1.59896248559413,1.06344105045058
1.32272973743079,1.02301030668791
1.802619377977,1.19674158744889
1.57216127595976,1.05793603884191
1.64561426283231,1.23416413835651
1.51600772311236,1.09463042738983
1.19910271651977,1.00165881276838
1.94032277085583,1.35835224656667
1.69502589116933,1.08722788795417
1.6050405053705,1.2273032696532
1.77973631900576,1.2950405739
1.54900151764015,1.13680284555757
1.73461824702473,1.22714744142403
1.5015268196564,1.09723837702219
1.3934885447796,0.968077110548902
1.37826758138254,1.03473166395843
1.86235381907699,1.35774787434962
1.75627616620254,1.29036347683729
1.50618916846455,1.03600758939345
1.61890251345562,1.21825797528312
1.70068275045741,1.19520942722253
2.09717994016921,1.4992481024035
1.91074643664638,1.39457481351019
1.42359506831447,1.14934109243565
1.96893916381686,1.42949874020727
1.72974089345449,1.20334805894824
1.62394109445613,1.25255836998293
1.4576556387799,1.15406529323323
1.54701894809686,1.08525292812417
1.66524709235971,1.26522938394754
1.39912688314119,1.07158536134654
1.81303752717615,1.30568277955407
1.58867177920925,1.15465013600794
1.25177360957813,0.988785020705819
1.75994864063851,1.3641214192865
1.51610422639177,1.12102673050401
1.65714262164552,1.31532437169638
1.59370996605467,1.11626653067081
1.76318737941975,1.25861942399157
1.5034146717742,1.08475890555591
1.75835882026641,1.21559644308408
1.69862953120706,1.24853012495331
1.61426830234128,1.16251359055288
1.68722327405024,1.15418834230484
1.42862108809563,1.05469989903956
1.69508752370836,1.20575431278735
1.79242098428536,1.25238823983311
1.65265926720587,1.24355078091031
2.01788253779417,1.37024375746124
1.50860249701724,1.08307578055489
1.88754128237161,1.32728741981754
1.73067761211647,1.17520788667534
1.54281515153536,1.16770324814359
1.55547228243654,1.13546630869784
1.73266427815907,1.26056675420532
1.69912638103598,1.29515155063718
1.71756002294857,1.08881533722791
1.65227025154189,1.20922681850373
1.57181000704652,1.26617799837248
1.46725455999195,1.13203602295451
1.68367845437116,1.13077740174264
1.34573735112032,0.99545721784901
1.82040822721311,1.26781723148379
1.51754160539771,1.14330094611505
1.5997022666008,1.17938243820817
1.70098646580407,1.21570484925726
1.76915479061371,1.21124354059835
1.48793702909606,1.09744969931988
1.5325953648986,1.18057797070709
1.8366799167476,1.33388249920278
1.37791458680646,0.948870907594318
1.70179786019977,1.13853161933928
1.94464744255661,1.46829062747719
1.66737980125165,1.10219798755466
1.40136138847871,1.12234308244997
1.60197633031932,1.19506749644144
1.82536742181227,1.35364696589384
1.93887344704378,1.35101845969404
1.13036196236942,0.910529311490648
1.3655355944012,1.06908849477121
1.62863844562592,1.17848019961315
1.49218333544493,1.10277830454871
1.89300732571853,1.27564073194783
1.91991793674701,1.43690994619925
1.65597290762234,1.31232453116105
1.66852339591385,1.28736827258682
1.88020115348849,1.28843290784822
1.67678504525434,1.14461516085055
1.41666595737529,1.02045548620666
1.58713325678975,1.16497583766849
1.61675119444099,1.12163236794394
1.59828656484829,1.10364039129806
1.65179045444772,1.19646741503745
1.67457237593211,1.2933969090788
1.2617278251244,1.02831562524855
1.87887553155222,1.29518974551526
1.47560713689086,1.06199206265555
1.63036806857763,1.14539812748911
1.44695136574676,1.11380585911683
1.65107181541945,1.28979416700391
2.05755074059361,1.43356450984848
1.55717303107094,1.11678264622031
1.43270474879372,0.951046264629489
1.63207507640867,1.12595708925714
1.63418899891518,1.20599311102226
1.83359683960645,1.24478268710773
1.4576506474394,1.11021564637453
1.5730956202119,1.16057233810263
1.28595836222572,0.986999405655576
1.53463093275067,1.12781403003404
1.89587755978589,1.32885329517705
1.7567340049191,1.24785588717673
1.79959161051007,1.17655018343306
1.6098337362275,1.3002008314482
1.82439891977551,1.28909464286334
1.80390586851767,1.3462751129556
1.41242077889198,1.00381011274149
1.65124948681129,1.31166027541119
1.68217873465511,1.24600508648718
1.72064740860652,1.29171594937799
1.62481130234013,1.15215951829912
1.77278725743631,1.17689817339603
1.49817613715852,1.08248348131022
1.75387547267651,1.17790902834318
1.68690673482393,1.24183264516646
1.69629149874951,1.22914059664701
1.43442596026446,1.09587784125761
1.65077183430305,1.27986487465847
1.70096780511302,1.2934876492289
1.35372873884793,1.06154654615886
1.58743337675314,1.01584160279403
1.88612711959723,1.32825900649877
1.60487921147424,1.04583834584781
1.67328749710379,1.16252814586786
1.80341589910443,1.28506536934325
1.54701733588907,1.07644468009107
1.6601840041062,1.13930596109996
1.68076009289387,1.19793643578163
1.94136212146398,1.30114001957336
1.82726189617164,1.32956926261678
1.58419669093303,1.16924737176802
1.86044211339351,1.31813097419791
1.55998695568498,1.15159978956061
1.76127148253856,1.2659429532078
1.49784346387135,1.14119309912975
1.78036467958516,1.3272032607943
1.47547967536528,1.12554832126025
1.58617416151085,1.09968794403478
1.67319547899627,1.26808340196144
1.69855777287304,1.14418425026044
1.44161719327768,1.11219270196251
1.76201121297405,1.25936429667213
2.10520085879375,1.36625947780912
1.48659086983247,1.1709767760054
1.80366161629976,1.31466667739865
1.52473693506448,1.13379967351061
1.48005205612409,1.07934697042205
1.424723464177,1.03005130950344
1.55755227301642,1.21250634780088
1.38314857703128,1.06399823694025
1.55233183466536,1.03504387444916
1.51327090762441,1.1829156420413
1.85407367261139,1.37780866496317
1.67363832532106,1.21735418858626
1.55233999829082,1.1760401873579
1.49337958427889,1.03050863573016
1.68926547546145,1.21507860103066
1.66762557705722,1.27975377177499
1.568281516929,1.25179877365112
2.32426292593466,1.78433237614222
1.56647381441482,1.16212484220193
1.75841291643309,1.28885421366945
1.4329651654264,1.11733716456417
1.53453093503974,1.17278512157562
1.66051274219974,1.06083273402103
1.70835208649834,1.14505572448928
1.75103609980686,1.24431678106925
1.37682237129177,1.04193079249247
1.44947887513482,1.09121815455988
2.14170289852373,1.44917285773681
1.54716574776284,1.2528589953161
1.3540228475343,1.0672223494922
1.3825964312451,1.10090701154291
1.69642984640873,1.21500382434708
1.3596361892226,1.06174446825306
1.65930514421484,1.2045453199867
1.46859613624646,1.07008132770906
1.46968202915662,1.08360071520933
1.41492541540127,1.10218056390634
1.68127762396501,1.12792890302629
1.71813847193594,1.16102965200777
1.7607258517827,1.30443201054847
1.70641151329579,1.23202160615026
1.57902539946776,1.2101437813997
1.61213857135,1.25381205757767
1.45985992293177,1.17774283588931
1.86408807419061,1.22354042001896
1.71939529413951,1.22536262501554
1.66041989193856,1.17546817617989
1.6288414277567,1.10438158320294
1.84566005755964,1.32396495437682
1.56649408406085,1.21294444115773
1.56577867496388,1.17538919874904
1.68763015697955,1.15273127488706
1.75951755271331,1.36077225035956
1.5476326524646,1.15140423844346
1.59093222135952,1.1727445638074
1.48274033997069,1.17324832215892
1.41491064262381,1.08644670814858
1.95964542258583,1.35099394596643
1.89686829087805,1.30576889201384
1.72464726776945,1.27544251090076
1.42131359910759,1.14685008666906
1.6065771599914,1.19372401207051
1.64901635316845,1.19684297546618
1.43968133426233,1.15871810804229
1.47687520261383,1.16703370679411
1.7043290237148,1.16984698897204
1.9213605269178,1.29927074500306
1.56891106400934,1.2480035914673
1.54447429824202,1.16405538039054
1.62806285435309,1.13003290694702
1.69314902893503,1.22538659469744
1.64009947570659,1.17738293570741
1.83259795532172,1.39224018359578
1.49094217033545,1.01800347503174
1.58231714650367,1.18709779465448
1.77122363028742,1.36340004231948
1.55852624980338,1.18881912190196
1.5260038160443,1.23356123658601
1.76428192484671,1.35222154626554
1.75146860787909,1.18483528994959
1.56862485659188,1.16628853092141
1.45932465068719,0.977996926812574
1.50414391500022,1.13689613872129
1.33535825824296,0.988525327132375
2.14264825324483,1.74174222683097
1.67935008391715,1.26185432224406
2.25234012839784,1.68298963222801
1.80028333647843,1.26858310295008
1.78930337321051,1.18194888435673
1.49072280237411,1.08837647214841
2.00104606165542,1.46647711819561
1.66841955721855,1.12306502579845
1.69434693157803,1.15836322855362
1.67747244204199,1.21256047178693
1.77238548788442,1.1863044482491
1.21420716289161,1.03616753189565
1.62463211499362,1.15067655206819
1.46618779406424,1.19832729368858
1.58012249601637,1.19835932331228
1.33632017815812,0.840991662596449
1.41690764495388,1.00782376454448
1.41684427498865,1.11853941791786
1.70606284590531,1.29201014840322
1.73025016590141,1.25927146633287
1.47093979148213,1.08756446757823
1.7297673928779,1.11721947103297
1.7074102148438,1.35725256191035
2.19162833947264,1.76300379845575
1.76271668021276,1.173501975283
1.55695925096413,1.17449192247399
1.65368401107894,1.18103637568035
1.61164871210304,1.17232425034254
1.82514842417026,1.29787742352481
1.60413641949708,1.06648246919965
1.84816474364213,1.26274887531341
1.63339536003214,1.11824550599899
1.44505746762015,1.07011398308327
1.47243553903964,1.15987989460959
1.45463686072693,1.15875192115209
1.57268471056141,1.10614447029074
1.66458546061841,1.2562185048622
1.38215241211153,1.0010569013995
1.64002365851707,1.18049513587397
1.83426986178969,1.4160863756025
1.55571384857836,1.28771984250043
1.72286982026141,1.29845830161864
1.68614350442561,1.25958827007268
1.83944517400943,1.25666138311434
1.80274600933977,1.22441842106903
1.83540932305538,1.37488191685312
1.71913686071247,1.33246854248299
1.79492859036298,1.28218455675737
1.86290826028216,1.40246895341549
1.65705739374495,1.2213226108433
1.66719246802483,1.2098451828562
1.55362457438487,1.20644194878344
1.82221499247243,1.26841395309279
1.41007909539887,1.03031180746257
1.53252981640765,1.16389448635747
1.54926620703089,1.18334953764599
1.48098802274536,1.16615278098779
1.72840025983453,1.28145845544084
2.02205763422461,1.396771619348
1.80004771841129,1.28701091605247
1.59320760037417,1.13416736045273
1.38848759233501,0.991389574100178
1.33026385463097,1.10234975256308
1.59886282658967,1.28771235308357
1.78217069301467,1.19475918988247
1.65463565956292,1.09410779360494
1.67484713929516,1.31350798125681
1.66189566029305,1.23818392216535
1.44344277656359,1.1111651581882
1.5607635628471,1.19087501072785
1.58981335356917,1.24877134360497
1.82516225287756,1.29771497414579
1.7212493557764,1.26117822773163
1.90736053387871,1.39733926214618
2.135709155007,1.68566042748624
1.54849330686676,1.18531035892388
1.60814797271585,1.14328208249954
1.61947320533949,1.22395288170594
1.77495271990851,1.38471143041249
1.20882023525068,0.901668599900348
1.69269978953078,1.20806932292618
1.59159331930178,1.13249438127454
1.64747183060103,1.13670297344843
1.74790226121474,1.19467704826226
1.71542162247791,1.10276924730847
1.38657506856741,1.04335302189589
1.73192994859379,1.2889634477882
1.62512431588046,1.29375114285289
1.51188223060547,1.13978362820106
1.58513075409777,1.18554201222685
1.82105649155951,1.36188146312982
1.62542789778903,1.20529411976282
1.55740396049661,1.27677157959609
1.71971151112435,1.22696406624267
1.44229493300389,1.07446924773833
1.45054576173347,1.12304463444831
1.56073357630253,1.05116494290763
1.60463199499642,1.15741754754395
1.86412315727109,1.35202225221084
1.68250105204925,1.24563585797067
1.20134109909274,0.936567568530654
1.50047039629472,1.21932969484326
1.71018019666699,1.24895403445381
1.81872765271574,1.30996566537225
1.64328947185753,1.20210543719246
1.8200521150246,1.28906408793774
2.04676737495304,1.41113417501474
1.60111885667736,1.17654930869409
1.65540781745049,1.28942355467218
1.74668175936055,1.31924655928782
1.38235084880101,1.13977914725442
1.46274340051059,1.16800806290754
1.60100871537822,1.14308523085191
1.45143707392654,1.15075040786122
1.81016252945528,1.36245021346833
1.47700896633923,1.05558235567162
1.61204686840646,1.10309944836196
1.82484013046597,1.2873623748306
1.49310371600851,1.27217360476553
1.48215793894911,1.1208454888581
1.82928703467872,1.27296875264927
1.56829846593576,1.08289962532018
1.6189469691411,1.14607919494253
1.39508423639736,1.08792397402411
1.48894243401577,1.10818119692949
1.58782060691281,1.13762183778473
1.60139476305655,1.22302740335533
1.65605774886918,1.10309560603194
1.32747549530326,1.10650260787779
1.67879408502271,1.24757321130392
1.43638385678767,1.09022455079391
1.65159577103086,1.21512903312005
1.62581188601048,1.1782196767931
1.83722861805529,1.43352047395593
1.68365365855497,1.16725231494711
1.56242279156878,1.13559517848124
1.92569704390876,1.36504459946316
1.80293277705786,1.31276454111479
1.44876808197355,1.10656304097308
1.54381237826999,1.09557521136664
1.79450000115266,1.1860119414447
1.44764340532434,1.10287454081247
1.6946240380179,1.16718621581641
1.47298276715289,1.04809035272938
1.67684101488628,1.27073304659304
1.7277291926191,1.3088404656137
1.55257433116217,1.17729580392836
1.51573264638173,1.04783859644724
1.73428823033745,1.13165215122415
1.60962222065436,1.15016500507455
1.74724949925816,1.09911577048257
1.76814711055822,1.17704725420017
1.51325799490655,1.11651933063004
1.49946491635526,1.17191949383461
1.86862922424042,1.30632422309528
1.87551639055864,1.29433337120442
1.72661325778471,1.142607169717
1.81143270910428,1.25127768831449
1.80532083572413,1.28877737017115
1.544134702627,1.16022652286583
1.66483868023116,1.36664268375924
1.78362871095024,1.3341400840524
1.63312160298524,1.22861994970356
1.51550188207619,1.13567404927926
1.76332570402539,1.19213190864668
1.59277990662198,1.15971546508977
1.66094604119167,1.16559410945143
1.50902940355063,1.12140257648166
1.55460203249745,1.2732048686921
1.59707832816016,1.17684812015234
1.96600179550906,1.41677496651093
1.21142890674189,0.845655238238494
1.38998724896745,1.01888911649762
1.39475293193587,1.01277654230075
1.68693264114906,1.27504605885055
1.45359819879543,1.18283795013731
1.36971297724405,0.980634199541362
1.60852295705549,1.24763846065473
1.88225927913023,1.33417681271735
1.92820440895446,1.33530191635147
1.78687623554047,1.36146953198476
1.81791470175502,1.33313025500255
1.84832800192239,1.27521197468158
1.673593198146,1.24483104725202
1.75034498266914,1.30721737386213
1.77423509300861,1.2553475892564
1.88638130567098,1.28674100006952
1.61280675164578,1.25847649006704
1.63492724010047,1.21197372284321
1.91203723331775,1.4697868632338
1.64604594191365,1.37743267579852
1.6841449442305,1.23366568568801
1.60800596582371,1.07867040446986
1.60430009963844,1.23854476316194
1.8480459797771,1.33551440454175
1.60179680088574,1.22981371861542
1.65673480789156,1.21891375936456
1.91104492884415,1.29902281673541
1.77194513768148,1.2248293688006
1.808698044038,1.26796654860353
1.55897626385774,1.13759715596174
1.69897460694795,1.19332139512362
1.13023408222195,0.886118081271094
1.91944364457427,1.33587797631932
1.8675941412074,1.26887252031484
1.24185940211819,0.990315244037979
1.64326218788599,1.22224194117177
1.42941938257254,1.07381093017536
1.71529268188463,1.23837508555309
1.80805122824893,1.40035319838849
1.48819989280073,1.11704226090976
1.73324454720756,1.31756575957363
1.52375374200247,1.01056435015284
1.64508609990957,1.32402918367643
1.69009151452807,1.26602839752372
1.65448386480595,1.22612928284709
1.75078508925616,1.32638871845615
1.43332067489732,1.06043482724778
1.63429646113814,1.18613612254725
1.77028860327731,1.32416326941428
1.63207128101365,1.15457588205924
1.73279546493506,1.27356324799263
1.88100557740427,1.33620117726079
1.66127776313475,1.08339519646752
1.65698458333452,1.35745123293423
1.59836298170325,1.15668472449775
1.46029882001178,1.06734660474735
1.7241336290927,1.29838416110137
1.55990284857748,1.14024078235672
1.98476110071783,1.51007452617522
1.57773784926619,1.1302796869562
1.5216271846753,1.23627403564281
1.65475510879486,1.13912050536312
1.80616245145696,1.20375143605471
1.56651792595135,1.13775995272451
1.62985297379551,1.25282073541393
1.39017169045763,1.07234902871826
1.6239052377271,1.26720326126942
1.59100562904986,1.1592327324388
1.79379761643115,1.19305539806871
1.92239747616615,1.38189129172169
1.61727722050755,1.13083886397323
1.71206501469919,1.11944123041951
1.78854249851208,1.19393399957547
1.437226746293,0.98866910329801
1.53373067830437,1.20199791127037
1.66552961250176,1.17826484573796
1.556399769835,1.0273019095716
1.46682459687933,1.02053971434958
1.61104367056572,1.1124704211146
1.74885801513367,1.24532789853669
1.49379600302943,1.1597172955667
1.75067774839975,1.24084818600709
1.69294217382117,1.24679060865524
1.73558203264434,1.26574827971669
1.65156403175615,1.24048252673791
1.85222186425553,1.27126825907065
1.89972286300989,1.25214874245489
1.67722016347467,1.19969589116028
1.7357860518291,1.17434301149331
1.51734966055219,1.20620286941995
1.35080945601303,1.09106647620527
1.6842851381732,1.23238184959863
1.73779349700273,1.26518383929427
1.532470955215,1.12976610838208
1.45806979719408,1.05534564744374
1.5309030375166,1.20196775819252
1.77208762269473,1.28426219186554
1.43394747672423,1.09277542635547
1.72103705737753,1.31421621353314
1.9219279031931,1.46593478151362
1.55543625221112,1.19166319176196
1.82368729710909,1.34409436124045
1.64970289923066,1.33947127128684
1.87480744487137,1.39957832464508
1.30788207189024,0.971882701964838
1.63399107473979,1.16336200102231
1.53877502703574,1.07506328366769
1.80978573787872,1.41988722691142
1.68615317057936,1.3143552943422
1.70856934330878,1.28200016704238
2.07186900617287,1.51189607205568
1.50632120044804,1.23539659964298
1.761208365745,1.21443432501569
1.75978807074087,1.25373544796545
1.63556530085657,1.18293775123225
1.76590554199299,1.24102300675114
1.59105251753688,1.00929614688627
1.78429522356144,1.3235657225185
1.57748215088997,1.25860595111943
1.69798501110473,1.18882240461858
1.42646627273356,1.04138890335341
1.6857156861868,1.44086021315797
1.48664433379375,1.09510903502736
1.70816477641274,1.19812201392977
1.55346218848631,1.24060784148957
1.77294966991232,1.25040052331926
1.90559768001141,1.35331374535329
1.52036997506439,1.12332216167568
1.44263802860597,1.12183347253095
1.50702706107278,1.13461427121379
1.67488106581518,1.25316150384359
1.52779239273746,1.1512849747867
1.39892301216884,1.03504766150962
1.69923693855293,1.21355581286244
1.79259607372896,1.21087264171122
1.75001435652914,1.19514772916436
1.86472020416995,1.27511273764145
1.42916444443359,1.02171345680842
1.6936586381168,1.21519217934458
1.67004889500416,1.23056161981336
1.5223337950316,1.13687074890479
1.46335914572394,1.12863367883744
1.56802729407962,1.19646770329946
1.44132299022526,1.16085868720261
1.59858901299734,1.18018079726144
1.44170536118065,1.0387535057764
1.58294351842436,1.14916723160617
1.81261642876822,1.35102285414409
1.4236516054118,1.07429523174862
1.78652940979306,1.20869144108248
1.56138880118594,1.12157868556537
2.00675276939477,1.35731561680237
1.78535985332181,1.22781692874563
1.46246005197868,1.13587803535893
1.63595372051893,1.15349117493316
1.62607404538567,1.25260810223524
1.9116466301911,1.31124053162363
1.86622843976559,1.32779079334754
1.69585607496863,1.20535610034853
1.56093375031151,1.19709533138486
1.62507263752485,1.13760145601974
1.30232997067945,1.08746637686373
1.78325930560934,1.2490189011926
2.06554331674438,1.41861835782693
1.5856942623459,1.12509961898619
1.66049990483019,1.23254408775737
1.65814292388386,1.24141926869647
1.68156739159169,1.21023435184726
1.67832662160233,1.2393738189165
1.57179473923153,1.14067086524545
1.70029449532793,1.23737489531425
1.49170366972839,1.04492749523644
1.53299540964184,1.16977759279356
1.67389150877657,1.17482036354262
1.76934628863897,1.33542435872168
1.66036616552283,1.2314674575857
1.49292089896099,1.04294771640536
1.96268441348428,1.32769890179073
1.5779916265801,1.19161791577481
1.49563778033161,1.1903989091711
1.87791553564493,1.25704562301781
1.73884677520729,1.17680863136073
1.91775695803813,1.43656945630091
1.61004306477036,1.17795308733919
1.47139494936169,1.13516728715351
1.49320044796376,1.18561234352162
1.69538306289692,1.2977888324813
1.83611165565051,1.24162577484546
1.64571399922981,1.15879673932274
1.52951648590171,1.10964049914826
1.67180875226401,1.28075517198106
2.1063456745733,1.44856015520453
1.23757018415597,0.906825729088044
1.84910703571842,1.28731061486338
1.42175299053568,1.08113365359458
1.85603227190131,1.20416246448934
1.8791147554602,1.28911108084514
1.6883811541128,1.07828537154689
1.72013930033271,1.21306029229806
1.58788408767501,1.13027649502722
1.66687476573136,1.24778994874245
1.54436992700061,1.254493150744
1.57775507939478,1.210527701295
1.60724863994372,1.17768408110533
1.57463030443516,1.21099764450695
1.69580472363597,1.16735867247562
1.37491142854572,1.12994219450991
1.67187824681512,1.22431605690677
1.76405786141835,1.2809154941701
1.75018840585244,1.1983833365791
1.75758854703038,1.24642687832076
1.67407022341967,1.2569640229373
1.35575817087579,1.11290468753394
1.53388370219132,1.13990741787198
1.53218325893453,1.03343997256732
1.62645770203079,1.1667279763728
1.8769757830064,1.28150158589269
1.4843400065225,1.10140073906949
1.51200802917948,1.13216615113464
1.72135773261048,1.27462399150362
1.72892130495102,1.16300038340314
1.56168585039646,1.15113788063316
1.86427671832981,1.32474139350132
1.85961481240382,1.38727493665895
1.70624828923757,1.26496602188576
1.68798948072165,1.24692248470757
1.53509551597392,1.07169987550101
1.438707204228,1.11947353041375
1.74260835849148,1.26898874398397
1.41212103192572,1.10212251417649
1.56704359410317,1.10673256355438
1.55064244199033,1.20600512159824
1.75011840671152,1.23061242525708
1.51125449889721,1.17281009701202
1.54223984193603,1.2020183850026
1.44038646610049,1.11622081047367
1.7060084704985,1.104064360499
1.69993503459698,1.2975054631737
1.68654902608892,1.22565731724576
1.4883304645254,1.17270253390455
1.78627604912684,1.2337759215056
1.81796102222341,1.36655945258997
1.59987368784704,1.15128160382763
1.73112177131873,1.20052538849318
1.70761624144624,1.17826893414925
1.45608301821783,1.07882283925266
1.3494259992539,1.01127097710401
1.84946156584197,1.24521116220664
1.68340115981681,1.21067262893212
1.54012390112729,1.08495768115118
1.36387369555229,0.947767965810672
1.63643571934468,1.25147439075635
1.63837684846929,1.10197757954855
1.57200162739491,1.17670528010342
1.67246205652318,1.33902131170122
1.42570502449203,1.09408364225347
1.49617691701934,0.983173640890182
1.49501586453817,1.19656208001835
1.33693734337072,0.994129627258435
1.60650693816548,1.22186554542966
1.81958083526325,1.18388490087963
1.57988238559379,1.08563029218151
1.78831590320562,1.27576975161878
1.70525244270488,1.30504359483614
1.51929417552539,1.10681661380124
1.70753807642057,1.19152033556899
1.50149877218537,1.11401364793953
1.41471080136185,0.988857604502441
1.68909795471165,1.16011947846497
1.73512027511538,1.31362403742058
1.50731639750702,1.02430371691858
1.56548181420999,1.16397190492077
1.60518378031803,1.15518921525942
1.88184819731049,1.28657353417024
1.60279267755716,1.25400046599832
1.23199898244263,0.974099590641636
1.58414831063817,1.23607070163072
1.58595914977609,1.21099738257213
1.61401185321492,1.18059368485995
1.65678126980662,1.1742522370363
1.95036008904156,1.3287255968599
1.59964998762068,1.11169126471258
1.74810698088659,1.26452906481627
1.63699334627483,1.20966403906048
1.72373585195554,1.20043251667051
1.53076527558538,1.13574352896873
1.63193087484772,1.1609322481064
1.36064081104779,1.06109703222049
1.71855978283847,1.32119003673067
1.57675192990735,1.17290694833179
1.76065168242954,1.20556689104547
1.53508779596191,1.11163594651097
1.85731723403003,1.26487163490536
1.37507698747172,1.04738763662245
1.33752498094939,0.93304210697886
1.74850420263418,1.24147505570639
1.7664419320767,1.2783828122753
1.81529340187165,1.28377000340837
1.51194257240994,1.06461864957885
1.54706098697589,1.15600490948807
1.4859351559569,1.06594725959965
1.75594107499625,1.31846322236287
1.45366024486331,1.10632865565855
1.85771201221664,1.30072839762216
1.17052254267857,0.985012072202504
1.6238145228822,1.1564214559575
1.72622988983092,1.22933727554227
1.78602094971543,1.30435436123727
1.6503072114584,1.2199609446895
1.68612214151336,1.23921722179392
1.81347300481348,1.34567017746989
1.7054258559783,1.22573588823498
1.64522991427597,1.19252433660063
1.66426434245633,1.26823044153538
1.55014170801758,1.11922624974363
1.73903374900946,1.31693174997633
1.79391733615771,1.27413665430204
1.7736987919558,1.25224548592313
1.52750568964999,1.18309596334171
2.04813689886906,1.39611393671324
1.45741290309229,1.0951844774027
1.39684811079859,1.04446714321566
1.56967922692651,1.14658273503504
1.51290479946758,1.19331680407206
1.55151056419431,1.15903371678805
1.56996706132508,1.16470665526458
1.89356119867914,1.36744927784039
2.0860784278999,1.31141088885171
1.56730439374383,1.27534645869207
1.76370167511699,1.18359264905529
1.4074527603128,0.963991277500547
2.14677431883859,1.71647226901249
1.77381361452367,1.36686688209001
1.70597679930537,1.23272184536961
1.73027381959318,1.25501355271345
1.51110188975602,1.09607108344826
