r0,rt
1.61634650990667,1.1562840776766
1.74306140317122,1.30813295652985
1.68651890321417,1.20979348309161
1.54413582345725,1.24895824121106
1.38975010623688,1.03060650767159
1.50361665544343,1.08856258802734
1.99918511079113,1.32766403053393
1.55776859740241,1.23329097101226
1.53507697379027,1.30277739642653
1.79121378952722,1.37237152416468
1.70390163345162,1.36515634803922
1.79483480427531,1.28969586977101
1.79590261977288,1.37613883471856
1.5553846004082,1.28790503533203
1.60856878536537,1.22149710197496
1.64480741852927,1.06075679538041
1.45678334235898,1.1832284338519
1.71924977757512,1.2495682082499
1.70870155674237,1.32907464217583
1.93803125471888,1.31776750720154
1.55001812059531,1.26651710808774
1.66429729812954,1.25212624862505
1.54953888250982,1.17933912976277
1.96457403219062,1.63161984516109
1.66860716604279,1.30738830876578
1.62577878851195,1.32484894990157
2.03237348399847,1.62235498055444
1.73225566070055,1.30767631933118
1.77543140126485,1.27219131156585
1.58275614104984,1.19713097581151
1.65299486180483,1.15669561285179
1.78312379399366,1.28328497911168
1.65587080934581,1.3212098383549
1.52319609599668,1.23053622550776
1.22283547602739,1.07428074345401
1.60815453423668,1.15606996907581
1.55249418310627,1.32608607421524
1.35921172869442,1.1507165319191
1.88294117732731,1.37092586454052
1.95494498261897,1.40044961766941
1.65915315955067,1.20190889208064
1.61281509211226,1.21726084890689
1.61428552000686,1.11003770520051
1.6307433819497,1.28964457754287
1.7766914957847,1.29847603012533
1.69697647784221,1.3720246729507
1.52904630805706,1.11549604700747
1.66743708887076,1.36400573026182
1.67490160518686,1.35093150327752
1.72179040573982,1.37258554845836
1.45557810725519,1.07207880963711
1.53983787428006,1.30258898877638
1.62189110632374,1.38759724828553
1.61668950514935,1.28277710007401
1.7842528200878,1.41710005073944
1.71264523887989,1.27124305993867
1.60425087467249,1.25605500344876
1.81961148767422,1.36674850301389
1.86212445327503,1.38888225991205
1.73394149912199,1.32104266988456
1.84135860059309,1.37831153085051
1.50178933504624,1.27047943366013
1.55937526459652,1.14758246824158
1.74917428058224,1.36405390443255
1.48353099398512,1.13894359367617
1.54413236300543,1.27435439414364
1.96376442040031,1.38826998954414
1.49373715519016,1.12145572207301
1.74548168559175,1.3512206878549
1.90571466068856,1.38825578436083
1.78017200895619,1.28938816458945
1.66087353829513,1.30544616384063
1.71090810948304,1.42500109751472
1.51343721465148,1.01598673381405
1.88133461968631,1.32152932166526
1.74187126530797,1.39637814176848
1.47464148805545,1.10854538579003
1.38244308273346,1.23132427550831
1.69476273623115,1.39741338818327
1.73560970448503,1.34901456105383
1.53505157193803,1.12629179070657
1.75675233543849,1.41570134018375
1.44568996360476,1.20671513653878
1.83799512396297,1.47516661379853
1.4815224383102,1.11248136702864
1.60855898445336,1.18275493469314
1.77201738254374,1.2981838477706
1.43334707041956,1.1096543057871
1.7239765401306,1.2636027750693
1.9569577831507,1.45310377232798
1.71749063601971,1.31070866448643
1.42664914560707,1.04554334456269
1.93672508262887,1.33074957889513
1.59128978435445,1.12018585180835
1.77160900752245,1.35326767120182
1.80201103834071,1.4392507419596
1.37093700353194,1.09840172956526
1.77095812617379,1.37018038974335
1.61449869631886,1.26043777140931
1.78004972522037,1.3618245411451
1.65691771458699,1.24669875841604
1.78409069767058,1.28627108199199
1.65208356766915,1.36873105225928
1.73317815084393,1.2407127204931
1.74277109385717,1.37510755234945
1.69862796141296,1.30859354185446
1.39833937333966,1.09040299679263
1.70049888470136,1.38326789438131
1.46568237567043,1.1478435497874
1.73949980428957,1.36754597261726
1.5187570296321,1.2418466980612
1.62636971069728,1.30045957311038
1.31642227483948,1.06972583329793
1.66268759653297,1.29621490832702
1.60773853400214,1.32387185848451
1.63554962278855,1.28898190669176
1.84565193040054,1.48057384494338
1.70315106002892,1.27008412762397
1.22480459972982,1.05124588222951
1.40734852298983,1.08740506317533
1.98783986900808,1.60934965285404
1.53457553514604,1.14503177566713
1.7552344510542,1.38505692580178
1.79918957809721,1.34952000243395
1.5705081503435,1.19264663122287
1.59737972866827,1.22635101706811
1.4889654460401,1.14820633376499
1.55976639793316,1.29011049102343
1.71074131447864,1.3680183884838
1.70946295644621,1.26317321003963
1.40721771207884,1.04077642558323
1.65104536573051,1.33024708803263
1.68245191735585,1.34249357639449
1.58556485102337,1.22208335782181
1.80977982522171,1.31490853603788
1.64333998358356,1.30594183334362
1.50047122673675,1.21992899562215
1.65715857508198,1.27418097651087
1.80183860617569,1.35903078660796
1.58185607048281,1.1754217718159
1.71868880216425,1.35674573994409
1.68417661115729,1.23325494434663
1.32787336387788,1.09357358209455
1.70079388499018,1.26431659654647
1.51140933184497,1.19520954815803
1.64294588874229,1.29529374696152
1.60441578382241,1.29585632183987
1.83000294376273,1.23237225916481
1.68684242464812,1.32991679638457
1.88026371783896,1.32148032109057
2.12756333541781,1.76332101481434
1.60399869886678,1.2582444557291
2.04485992568501,1.58209433396624
1.29288254316939,0.99411701845945
1.83431570881168,1.25876042180516
1.77687550184616,1.25277193183233
1.3847726822349,1.03844207012778
1.50668660990394,1.14552444802784
1.47291326668415,1.11646950057935
1.23422870147809,0.939527937893943
1.30262773985765,1.02795016590294
1.83530593026255,1.36581486568892
1.37240436310968,1.08737788589137
1.60652366678327,1.29273552406028
1.51791586112088,1.07505123030522
1.70016429317086,1.26626276594815
1.58461333706011,1.21785301071493
1.71520358903012,1.31454615462493
1.44005645401758,1.13328781826063
1.6988039098588,1.15309980451753
1.66560212082035,1.28058994203283
1.55873851292089,1.23296828301486
1.63442912360787,1.31344382624519
1.7629434919735,1.23796752521227
1.41276657215582,1.11999113063525
1.60725644209222,1.24837594530642
1.59239688972506,1.25575551321492
1.40747991951671,1.08482343340077
2.00008697249739,1.47127079177181
1.717626105772,1.37470687718601
1.20350563893383,0.967988510257503
1.42962132708139,1.12084735277752
1.87829189140322,1.34724108799317
1.92526019223291,1.42858909916237
1.82612614588519,1.45830912834146
1.58124672678521,1.21731280149945
1.38058002784469,1.14207024965047
1.43447549139133,1.1636313163129
1.92968455001633,1.37712614597056
1.87065057313401,1.43868674383077
1.47640601226964,1.13893010532179
1.72025784026687,1.24127302901862
1.72659557837778,1.30457964403955
1.55469842642374,1.32495451439117
1.55519268238397,1.25459707576702
1.46405646093793,1.09502402136325
1.5740780677816,1.29653390706622
1.90150770485372,1.33526065940161
1.66511174574133,1.26847734981091
1.65752024956547,1.20406352271726
1.54910095752185,1.32516583104561
1.59444743187911,1.3084553020534
1.5293932160456,1.26074025629921
1.56783891051419,1.25883649999146
1.59112357734936,1.17913640545649
1.88599387750803,1.39765889908194
1.59574562299543,1.2209908925004
1.33785466604431,0.957047056575738
1.79940475616013,1.36571538724226
1.49415979287598,1.14275378050699
1.59306930419017,1.40021300661458
1.38900273860579,1.04157320630218
1.57553829313575,1.35201154030485
1.56250129276431,1.22917606197877
1.78074458718945,1.34189862691874
1.99103828555891,1.47956879875807
1.85306248936172,1.38795470166093
1.41989034034551,1.12645838962267
1.5870468270651,1.14398147869709
1.76540104100681,1.29845066712376
1.62590549647079,1.20074065436701
1.67034543303731,1.30793800511597
1.50947581140473,1.2920979239129
1.8522304915039,1.38396645935026
1.42409355839697,1.09065509297861
1.39850427832067,1.05723078330126
1.70962140829686,1.31242921134878
1.71936199918093,1.24569189449836
1.45805479976821,1.13251716058122
1.1711778332971,1.03210673701195
1.56487572656104,1.17766450335893
1.65581184085718,1.2626459083939
1.43717838108714,1.10077447825278
1.75921016508715,1.3209508425483
1.51567294333303,1.19138887264728
1.36757090648094,1.08583390714723
1.47944501709604,1.17502167524525
1.43591465814804,1.09031621447705
1.5831321783376,1.25935631474521
1.76806131278385,1.32854337723471
1.60527416098183,1.22333398075925
1.55972807807456,1.21493518474236
1.84108292775211,1.38597618344172
1.77419354850782,1.25858229786707
1.93405790048419,1.46726525392453
1.9128764963824,1.45381517063386
1.60484469346115,1.16863843359815
1.48071726246587,1.11968607630591
1.46714558880783,1.25597486342608
2.00972943220482,1.62651903212972
1.6238287832237,1.20525041162618
1.79188261697206,1.24172064005631
1.95271078166412,1.4792929683801
1.49276259167966,1.16748549661322
1.46740024512836,1.16474934762641
1.6050752427214,1.23114094909205
1.59771226540891,1.25166995176886
1.35875648631473,1.13548999569495
1.61686647316062,1.2877003489008
1.80740346757083,1.37113851144858
2.1312254663987,1.62685114829749
1.58364658915344,1.24413088121892
1.34943955924125,1.12350046785398
1.31779640388604,1.15979847106484
1.6018660066661,1.26977940895047
1.47931316623003,1.14574184747163
1.56719897818026,1.25315395115502
1.67228806458436,1.27391590478834
1.8832299005055,1.5202705139639
1.73712052463845,1.27526384114987
1.60381147579936,1.24651578055375
1.6186703200014,1.1890451949404
1.49610401404973,1.1329821704554
1.44054860823207,1.27249362035433
1.58662535112913,1.23233947606923
1.94222184063181,1.53885268657025
1.85489722309254,1.4848819287183
1.65466869624666,1.24202814965959
1.47851702238472,1.21288052385498
1.73538231543748,1.22901678935741
1.36226811708159,1.12285290122406
1.7374062646511,1.38934229468817
1.71379261048692,1.24009716425614
1.67826688375876,1.24481282197085
1.6022765920687,1.16117357828293
1.64204799260877,1.29617682001012
1.60489734532803,1.28560666610054
1.40750457405664,1.14217356840518
1.6045716090438,1.21193134006138
1.65372313247962,1.3830937563405
1.73337028390711,1.21794953638689
1.63013786908811,1.16715572877261
1.70379164986981,1.26818294498005
1.50418332332164,1.21741677129154
1.53915135273129,1.28328236535691
1.48610477044219,1.10439608280027
1.95293895159814,1.68514294973541
1.73062766128555,1.35526251954802
1.53184119995105,1.23154913369807
1.94898895889721,1.39847845868002
1.7444389418848,1.30078844771627
1.76365435786589,1.27313636957478
1.62420383179789,1.195802383994
1.92919224036432,1.46410594296539
1.96291280804338,1.49200565712706
1.40817927716436,1.1696544711376
1.5092433686383,1.12489285820722
1.79048826018283,1.33880738594057
1.39129400756524,1.24238040399288
1.77780747627231,1.41503434792062
1.72510863120495,1.37600839786578
1.79975106059065,1.29051425793408
1.55971140774875,1.26599973916194
1.82044181747691,1.37942408828884
1.60128400964558,1.08460525449385
1.62053600486091,1.20435748132503
1.48677204254629,1.15724835076534
1.74243752492325,1.30067930142455
1.65305534617365,1.27446674391761
1.59189311166761,1.19080743482104
1.38728988469271,1.22637942977613
1.76380875247527,1.40355536413424
1.58088633127242,1.33652625382487
1.61253119195376,1.29097194592587
1.47411301908485,1.07182685005999
1.5869988907861,1.11421890134405
1.76836950934493,1.29870402280822
1.76739116295691,1.4114099340806
1.6559864896201,1.27986328890649
1.62054235985205,1.28850118737451
1.61264839319531,1.2763588521532
1.71827808058348,1.33829114386028
1.71105848883563,1.31408031666522
1.3979287364322,1.19643109127036
1.63569907605879,1.26731336724033
1.43002839089061,1.16204427780286
1.57623895899289,1.15268139433711
1.76189685837543,1.27651249872956
1.77367515980085,1.32449960825076
1.32874462730331,1.00004945236991
1.55016855580647,1.04455134371509
1.78899228624767,1.35150182030366
1.61361330394904,1.30231720662934
1.525832538055,1.14665968319633
1.60554200794675,1.22652688267618
1.587896183569,1.19943516706894
1.69559338984055,1.33921141222308
1.76947930605998,1.33175378211892
1.78064186135474,1.33703057872736
1.80953765415917,1.3261861198273
1.85386654251522,1.38641813699229
1.72136114670247,1.28579840648415
1.67009139181653,1.26963271096096
1.81917721299823,1.48081475875797
1.39548358561618,1.08973110864151
1.85304316866411,1.49684298877236
1.24487296468041,0.900388132633047
1.44124784062577,1.1209590431013
1.83316720263452,1.39645743302405
1.65513031933603,1.36060546737134
1.33037267827691,1.10381892584166
1.46532881450583,1.18018945010807
1.72295877143142,1.27636854189764
1.52295485576318,1.11418440334297
1.70935020088042,1.32375354842948
1.83494678257566,1.40095140716079
1.62749400510859,1.26364202418685
1.39753524676797,1.03001464380465
1.74744362655549,1.43683469332839
1.84995350539399,1.42867777067171
1.61848345486534,1.24870094930884
1.64915849962201,1.29124255110196
1.70057089282109,1.31110864581652
1.60829214208568,1.22280729270855
1.41767857029143,1.13127256397291
1.66528596886888,1.32220483874553
1.82107708838854,1.3701320917467
1.64878802171641,1.20678528215378
1.46127667749899,1.1086689945619
1.78012490588484,1.37799754054735
1.68164050883668,1.25906959869754
1.76118552633794,1.37683049387103
2.03102467401941,1.5475168797167
1.79107221208951,1.36784084566502
1.75838433551323,1.31422106100601
1.49877594945986,1.22503696874907
1.62376167109099,1.31512365053548
1.69215632241824,1.34075812902527
1.84244159320165,1.50602041075521
1.94647442131287,1.48800100813216
1.68525417531247,1.22812270802548
1.47261454181748,1.15809895406641
1.4982214698111,1.13645650553934
1.59187784300572,1.19929555952707
1.41780047993269,1.12478518753423
1.47553505561257,1.11057946985741
1.75498492406022,1.40103478529602
1.70135035895668,1.26660505341575
1.69674824637195,1.33260825524067
1.97654095230613,1.55211569445074
1.9257596753521,1.37345476725706
1.67585858714656,1.36131427302235
1.58617822124383,1.28536987163078
1.52005004142083,1.10061915502609
1.62635012109142,1.2328624107483
1.72340391211784,1.27701759765022
1.58982678172002,1.199675386584
1.45900353597841,1.23258588405125
1.70114606952338,1.37221217574421
1.68433167314257,1.31760670989527
1.62521884852333,1.20551183660705
1.7415362680481,1.32976387865885
1.83191834263016,1.29050698712514
1.79609188204668,1.33453257596499
1.47245540528164,1.04322634010211
1.64929616419321,1.12163305712253
1.67904198076907,1.30642210340828
1.67990638013298,1.32241876270046
1.87139890418985,1.39344789322011
1.146635945872,0.905500565444033
1.66553962879931,1.2767676810769
1.56874765118922,1.25876963701569
1.67770408363006,1.24668773973281
1.48233017597152,1.11569911869322
1.3405894045092,1.10205133221377
1.59977405761662,1.29855870845762
1.65148182708728,1.35945501241456
1.55520794928247,1.24479553298533
1.93303280222024,1.40371472264605
1.69713150748388,1.37448388257753
1.77284583828704,1.35284622714247
1.64575283761376,1.34095968295196
1.5749330911934,1.18353608997755
1.50920983334562,1.20384095163589
1.36455098510226,1.06139993575705
1.60480686287348,1.19231867527426
1.58500338532628,1.23748496967907
1.49562230531044,1.15308873791349
1.86938399309097,1.39697778654234
1.64357515053416,1.28061405778535
1.53923172942179,1.17946187765163
1.63925861882339,1.28296386347864
1.77833746264559,1.29411948073785
1.64377336032851,1.32252645691128
1.80624556314884,1.28649262618097
1.52890038587949,1.19553672833663
1.80609540665177,1.31814226833667
1.43312976676023,1.12401928812371
1.64227190339808,1.27825499993765
1.45222485096221,1.18346905726129
1.33969541735427,1.04727765674306
1.58859746003909,1.23515156175286
1.97156041550107,1.52347948150224
1.64320884633,1.32166065301805
1.77881181862279,1.26316782943233
1.61126723540528,1.27182495849068
1.80908775568403,1.37792171288982
1.46798302423294,1.1411764704044
1.67050246948542,1.34279761504521
1.46729426303908,1.02672192005836
1.77402915032591,1.50735033051902
1.65889641883353,1.21574623335086
1.6568817179253,1.28012763752665
1.64028819566598,1.30397864363327
1.58704623403081,1.19454688734507
1.47820625396517,1.19916726147492
1.50039422702709,1.17097888235176
1.54625391086062,1.26131102211573
1.61060469082361,1.27226905739936
1.50583720257092,1.27657203942685
1.54560696522548,1.24183531002229
1.85519696109247,1.33369751822975
1.63643800041278,1.30405424550177
1.57007244327952,1.34589766788415
1.55770658970408,1.25784246511304
1.88393546014464,1.40913416720459
1.51596956079306,1.09123306128108
1.61117875402019,1.19634782024232
1.59270627585734,1.12434276932806
1.89752911997596,1.34182680159367
1.67199706389775,1.22606022849318
1.85091327338851,1.39249746396462
1.72694338321529,1.22832822020632
1.43051644327831,1.03007639462595
1.66445649550966,1.28744253362168
1.78019037295236,1.37308562925242
1.57781655745582,1.22962650383282
1.37163603646724,1.09125320510324
1.52458425673175,1.1483668878403
1.67697224871149,1.37524010280631
1.43397018135024,1.09561475378426
1.65904462891079,1.23122828914956
1.64620433741798,1.23871847185489
1.64535291772355,1.34257171857101
1.70115148897935,1.30465392426012
1.62276312644331,1.29298616017997
1.54303965809801,1.19496865025096
1.50788629794968,1.18882230569905
1.55355769555661,1.18951352967673
1.43527347567706,1.10026413907478
1.530194223717,1.11698630069989
2.15739087818399,1.84797603075956
1.6038071957314,1.20588948834117
1.98607734799954,1.51548615231626
1.64311848252504,1.2399390747972
1.75205003399124,1.3477501568813
1.62351073790882,1.24324721374047
1.91280687772827,1.45566318411224
1.73396222190607,1.34729275337705
1.42011502531125,1.02478306573046
1.58405458100279,1.29042567592588
1.64690761471707,1.30827348692767
1.96769998856061,1.59179321916446
1.66591154271814,1.31873700975971
1.59516775908913,1.13678325489582
1.6466927286997,1.14694187468104
1.64114154057114,1.22982608271994
1.71739810903662,1.30941278168733
1.69008885967019,1.21213718705249
1.47488246277518,1.16186239905146
1.60844684563574,1.19189635809106
1.8780480990112,1.50488149331337
1.61056871166875,1.19130735933588
1.73481491564864,1.29036028834768
1.7549064173837,1.35389963308082
1.4366138703043,1.0949774749191
1.61117754985983,1.25065875748038
1.80285920634425,1.49190988008806
1.87808217479241,1.33177488218579
1.48360272692317,1.15636825734995
1.92526080866879,1.4145429121381
1.74960149670799,1.43307829771721
1.45792329797238,1.13984208354145
1.77722485106786,1.417114830892
1.95887770499053,1.47826790973204
1.750294470196,1.19174950042203
1.9314398418532,1.47442481599115
1.79838741188624,1.45648264363869
1.58791169593229,1.24457779311899
1.29069624695099,0.945474575530267
1.71087137933227,1.32950401555477
1.49779127581278,1.2216228495786
1.68233523419945,1.27043503787356
1.56986035608816,1.13000884982548
1.48273219186864,1.13784954053522
1.7886544818468,1.25980017565648
1.73373365066737,1.25004386743071
1.52962795700316,1.26853922620929
1.8245129510829,1.32832198282744
1.50212619321838,1.17904140506083
1.70083487084985,1.28107404793682
2.06323064655839,1.60185464982095
1.73719036330897,1.36435341789598
1.80999140134949,1.3839867099791
1.6955160451907,1.32942169877656
1.69292721556906,1.2752354793684
1.52355935950642,1.35388560712954
1.6956727771876,1.26160929535541
1.30022509617845,1.09994991386989
1.79415101594937,1.29297633914148
1.29902078898232,1.00681806875293
1.76840008172519,1.33891296469293
1.56013860608337,1.14271584648312
1.54942051190763,1.08735949716721
1.69547191999409,1.27683198647479
1.80717297020964,1.38928447764352
1.73508239453824,1.2910403831377
1.8345483841301,1.30708620372738
1.48579340857046,1.18642224822125
1.45967885593324,1.13380961044319
1.87356243108843,1.53501305831952
1.6335478069624,1.31083190194947
1.70669264315307,1.37124243740698
1.44998978163176,1.14420052483178
1.71070607003685,1.38938168334977
1.59809837801761,1.26326226679247
1.5306979057963,1.26450800677167
1.58694606667871,1.29590021929731
1.44671159941138,1.1473828272812
1.759015939475,1.29833883517069
1.26769275879967,1.11504703370212
1.42406275415731,1.08775216826006
1.88190220834007,1.36750447192089
1.72861730921048,1.43151382645696
1.5962933186738,1.21090365053176
1.77460689424366,1.32467324698399
1.79157986788877,1.34210514581406
2.28658005161974,1.77410931841126
1.63329360200747,1.1787225786118
1.71583889407151,1.31856810278715
1.35986286659419,1.11659045728126
1.63491831474176,1.19958399969164
1.72405537467398,1.43081420645112
1.68614022295637,1.12867252930543
1.44971440824539,1.1495564960511
1.67481163938478,1.29729969650181
1.55982512684094,1.16086790081804
1.65002829419469,1.24095755640627
1.72757896257691,1.35903242713082
1.44066172680994,1.22880995302126
1.64231062418783,1.28219138731181
1.73918136336695,1.15170965645004
1.38803411911046,1.14546706920984
1.65237799840015,1.16385503683105
1.54149336952434,1.24661284581751
1.71653154984643,1.30317646715666
1.62140072208868,1.15394264278235
1.3175889037029,1.1608592500966
1.62447276915547,1.2802596083556
1.44183866315157,1.19128145225048
1.46665920846711,1.16294958036686
1.58934456962648,1.2000838043948
1.5018809853601,1.15764521163137
1.52396709517101,1.11197615900399
1.72425196165129,1.28395223528068
1.78687201084063,1.35507107073664
1.65994200467293,1.14261479925129
1.15666391100689,0.973371827904144
1.5139959661498,1.12844501491015
1.62354381844733,1.21164521544461
1.78137879443322,1.30605221707043
1.42867993317324,1.111974922495
1.40007748463494,1.04791667899609
1.52308917103386,1.20724877773533
1.69840998213335,1.32848504996668
1.4546254644497,1.20893490843851
1.85588128113504,1.33992364667584
1.40137669130737,1.06659350066283
1.64072595514423,1.34785922667411
2.21695629481935,1.77393618318167
1.40638689427633,1.14123442818917
1.71557763188555,1.21166578192786
1.55859453747195,1.22697217045937
1.69627916756046,1.28545350077019
1.70919186581834,1.34060402433072
1.50026466633344,1.1716553752479
1.64649566119722,1.13460989676453
1.88225436642823,1.36145047062808
1.48524019890559,1.09317107270916
1.50442348466992,1.15790646170122
1.59161569877443,1.20073801466334
1.41842185590738,1.11307580982732
1.5928421097623,1.16792666009576
1.53512303757889,1.17995487571649
1.60419114576641,1.26672244519484
1.87206024611768,1.34076247747536
1.88960693419058,1.42489876723223
1.75801796793812,1.44520087227757
1.81439099595694,1.38492976308227
2.26229743732154,1.77576565393675
1.68112874332343,1.2280989310273
1.69109157839932,1.31114209066043
1.6887409097459,1.2245019584663
1.69919004405316,1.32178655684619
1.59356975026275,1.20481816103269
1.64424453450694,1.27697411741811
1.61425051841217,1.13881244149037
1.71091243794625,1.28779498178172
1.63501702183341,1.26808120022587
1.82225087847073,1.46549594809656
1.33871243378354,1.18967835646025
1.50769039702541,1.18672471904529
1.61252419982906,1.23328540533525
1.79581215285252,1.29463294627366
1.57290847174078,1.18616194431206
1.47298829219945,1.26306615780202
1.59493237724458,1.18919219347441
1.65012112018662,1.27936178118232
2.15535491210682,1.63854548935705
1.64943385749526,1.42486084726931
1.61882751389638,1.28086717839376
1.49503288584853,1.15185637970486
1.64601784713098,1.34009153349862
1.70229482617239,1.22968227051607
1.45622314687621,1.13048031773462
1.83866941183781,1.52016731379667
1.65866942045087,1.31043184511855
1.78253204054609,1.28217244942696
1.67224766594734,1.43044671875105
1.39339657423306,0.997585078233032
1.79271277069163,1.34044570009111
1.50985296635136,1.24940354500622
1.76204584970992,1.44050979449309
1.52161497018987,1.29778051252996
1.57285121508375,1.1908529774944
1.73686346393817,1.28007465987302
1.66667548519692,1.29751596692525
1.72729273264521,1.35371188321865
1.62231637016122,1.32989428924761
1.68498764387247,1.31390060752171
1.5962914086543,1.27748064156993
1.74137331595517,1.36715776994574
1.71594286001835,1.33458301833823
1.55437220975906,1.27994869906445
1.62720585787747,1.32522540594116
1.75908798125785,1.385586569928
1.62744107800558,1.36763658484719
1.66665852848357,1.18488499205656
1.7617864443232,1.35435684187707
1.516286182126,1.23973048493313
1.75546845877812,1.21338839742173
1.62999128824914,1.18280709474712
1.85596921861734,1.45227328851822
1.42492561876191,1.06022710496737
1.46151409102467,1.27489173427038
1.56354599006131,1.17569144335499
1.4510333813775,1.11827292087761
1.5663087586471,1.19109762664719
1.87839484997235,1.32359431891509
1.7763255386876,1.21146972603325
1.74675929810129,1.34957846975497
1.65210069799885,1.2547952519545
1.52411382788753,1.26906988848086
1.34182710869826,1.0310574311487
1.75180051182722,1.28501091513556
1.62197923657483,1.27563012238478
1.74326480738133,1.34986314219627
1.72809030629563,1.27560137121109
2.02891026773089,1.40777499861456
1.69128871595304,1.35633985628467
1.67227417971178,1.31118170490984
1.65145006114754,1.25468667048175
1.54537084678912,1.16327843273259
1.79599468895141,1.37526042680213
1.66131737243463,1.28192289593138
1.48832392893393,1.20174774166096
1.54089639076501,1.18868196378171
1.44824903943147,1.16490554603368
1.2299278440142,0.993330606813605
1.52105071690681,1.15864260950778
1.6373943416312,1.23028683889102
1.79872621557709,1.3072940335305
2.08848091220064,1.76240062374687
1.61705685994714,1.31677352053327
1.61054556688744,1.27860624353217
1.45363255489548,1.18815681945614
1.71830921334252,1.26719324951214
1.49443985036958,1.13592271996404
1.83433675879386,1.2794258189239
1.66233121837928,1.37416548546095
2.00880292883299,1.68043018655577
1.84745001152297,1.32807208570617
1.52109559551791,1.1804828127833
1.52143055450319,1.25826827277694
1.60509451019987,1.31951619144641
1.79060709115297,1.21861118375623
1.65966372212665,1.18806282209834
1.77678551404629,1.40952783437484
1.8081463323666,1.42000797584161
1.46163817934587,1.14751588558486
1.65306405901086,1.24825296735997
1.65746270911757,1.3819499282181
1.07122804698605,0.910927546952924
1.55382401107058,1.2573511081743
1.60425294549905,1.19893550600321
1.57836446516145,1.28050304407378
1.60839336674726,1.29858430098002
1.5029665719675,1.19164869948203
1.91301759675521,1.39706665377318
1.61680019593408,1.15943944952086
1.61040905578767,1.35654549868625
1.79250553920474,1.280394864196
1.72830194829495,1.36149272995278
1.57510570474583,1.2802480986005
1.81548142189988,1.29701927331812
1.91814332567039,1.45819944353945
1.68797602880953,1.20241285413008
1.61124053063765,1.21367296256992
1.50718826516214,1.08473644028198
1.88494715368399,1.44389578000685
1.51065705304622,1.11495113968915
1.61392213194331,1.2776042226267
2.01759193074007,1.46058754094482
1.97397591243526,1.49088499307046
1.81513487028896,1.21987297620527
1.78898617465663,1.3376520566461
1.56070884341081,1.3149400409142
1.80210266817445,1.40903540037336
1.62162000747117,1.34826236305265
1.57644125842202,1.20348033513858
1.76582208671959,1.27195674704723
1.47181387176753,1.17722136618629
1.69465273356513,1.27619572104193
1.54534328358783,1.1804957563511
1.58369545447351,1.13672156074756
1.87122874945189,1.3774201659814
1.45922093161412,1.13559842689939
1.74425647260582,1.44686137960592
1.21201977110018,0.972527986297053
1.58174980180507,1.30370317464865
1.44547707124761,1.1374947977577
1.80227493087713,1.40646325107297
1.22780096254478,0.985862993808369
1.60121720463328,1.14121363871355
1.56074689190594,1.22516839669401
1.52063052971589,1.20903391318783
1.57657572194441,1.13723258262597
1.53717167893474,1.23662724463941
1.63153243265603,1.2344142974145
1.57572021706321,1.26918299429479
1.97322891137761,1.59240184599944
1.77644873895376,1.21192430100403
1.67405826307693,1.29409020086288
1.36276928802133,0.900440584157036
1.43588532618765,1.18070290010453
1.85693366671619,1.31322742058078
1.47241987002417,1.11948847927331
1.53192717945434,1.24926052979868
1.62511255249987,1.23910252596044
1.37613399345327,1.04118394305935
2.36289478987493,1.86788299111924
1.87153169215741,1.31845301739926
1.62640386267066,1.23412789308291
1.48967560404919,1.19359919127192
1.8410392161362,1.41888683077699
1.68278501929225,1.25924460373551
1.62113642600518,1.28108176372226
1.88262343636865,1.46661116926807
1.38007162950111,1.05875930175831
1.29524389862811,0.973687955062219
1.61620575085072,1.29041156746785
1.65824496325301,1.35935142728658
1.59051858172047,1.26792871707899
1.55233511177241,1.25502076228992
1.84343483534324,1.3437345760091
1.84856230295316,1.45292666060555
1.69698259329344,1.33507622439671
1.68001446560398,1.31561040070692
1.49841363290457,1.16496822809888
1.59656166571395,1.28228342352519
1.58864795911087,1.23917449921498
1.68730665439399,1.36876165560222
1.48839153322132,1.27187944865165
1.75104925866893,1.39423488738914
1.60351646398448,1.17921402596799
1.80937349036153,1.33137230492923
1.26504528962698,0.967073124518581
1.79666454110659,1.37224242478321
1.5835770982597,1.3380951628385
1.67340961584942,1.34149016719755
1.68566891531894,1.24148357788241
1.80568996300534,1.32860765068562
1.82841142223523,1.48691368295286
1.64019968733058,1.21863443031066
1.57046221550154,1.30986057859133
1.62682897902574,1.1669221541098
1.48850751061305,1.20700538367591
1.73071951611252,1.20214161434132
1.83454053905766,1.26253051117464
1.87659248889873,1.42103693242504
1.75563396974793,1.29752983710901
1.59949008818721,1.29903316494357
1.43758334923803,1.14965741784433
1.7306433093531,1.38782517899182
1.61910893179872,1.23738991045123
1.74058358582639,1.21952716245337
1.32689286117949,0.961198596101977
1.59706650607095,1.23289446316643
1.77551644181242,1.15998638057147
1.34957194982994,1.01285101052178
1.45365284014224,1.13781363624033
1.50973282411676,1.11910896852746
1.68469142274285,1.23060754379912
1.81480669765246,1.38347734501501
1.65490056334066,1.28044668280119
1.80454703064033,1.43772677466411
1.57089605715616,1.19258708421333
1.36527596362147,1.0352191474566
1.71785718180904,1.34037214071683
1.62661306080515,1.15727188036765
1.63359303369244,1.20774788358067
1.72242523639486,1.33009607418191
1.59408595218489,1.24523042571612
1.68647746618424,1.34875563815138
1.90898281162842,1.42869220108594
1.71810169682366,1.30329837054613
1.8251559730694,1.28810241343891
1.67210926276914,1.25123200153208
1.64784025013861,1.2305663724548
1.63738633201984,1.28993783074024
1.69476138736962,1.35578049381139
1.74403707979913,1.35947773172001
1.65010762199697,1.2036447980445
1.63299501824522,1.29095212251804
1.69787830064771,1.32996950686456
1.68560385400725,1.23759724371889
1.66436997181085,1.2445252370329
1.54610168772614,1.18442466910306
1.67677608689467,1.16608936867253
1.60592441147673,1.22720727508985
1.67037802672734,1.09578294261549
1.67031378679151,1.27868168718068
1.54508392949033,1.09551258889664
2.21899928693068,1.80134308941794
1.57770336154721,1.29847489663361
1.50917384619436,1.1572460814546
1.50080047618703,1.09019408270745
2.11136138102439,1.60788543723798
1.36943207177037,1.10677230355929
1.72637716094233,1.33715142777237
1.79351540124201,1.22897980010881
1.80055087590058,1.40622331007121
2.09485692044486,1.73945876266187
1.64761277186812,1.30208170430172
1.58252997613653,1.18511227602502
1.82910305045802,1.50748646865114
1.45655703313179,1.16054823964785
1.42552200324155,1.09643131643872
1.7532290216782,1.44441494986984
1.59949241623782,1.22587175372014
2.02457372077958,1.41616107315425
1.75559165428699,1.2968552027402
1.6965681202677,1.33594338654811
1.56697560804692,1.22048964942197
1.28851421084767,1.03596706889206
1.65794751918617,1.36498469174932
1.63950422242842,1.13121510909584
1.77784305530906,1.3471262916857
1.56370883258508,1.1135706000803
1.67175884923144,1.28588820616146
1.75102097228812,1.27799819728482
1.47383033202777,1.1517440282451
1.80408975197715,1.20282886271941
1.63489629870256,1.31896061189146
1.73114259528681,1.41672974403944
1.51148369106554,1.18270797527798
1.7206457648871,1.31060491766222
1.60739200445885,1.2735029956434
1.37322525284807,1.09444256215288
1.38642266763708,1.11853354297233
1.31333593348637,1.07114505708039
1.72046791312035,1.26992680998227
1.81950501689238,1.5085898570987
1.55081466413172,1.15139195567944
1.51470420407575,1.20139700497674
1.34523616236412,1.09255925505125
1.59514691025822,1.31607388172429
1.91448861398887,1.45853949849046
2.04552100927262,1.57344612373431
1.68112243955104,1.25934049055554
1.6628975022747,1.28893751837351
1.57483863822515,1.21282872798997
1.71163050611359,1.3724416051656
1.49588966388082,1.21698573546977
1.34445558029136,1.06716891370095
1.63369461240065,1.34639208981147
1.68377958831188,1.20920163777802
1.61466424035744,1.2740484677855
1.28152616008339,1.03507671981395
1.34362117430504,1.04482746986229
1.54398927484653,1.07751522629646
1.3311555159113,1.10788773509457
1.951299202733,1.45200586933206
1.67323707292305,1.3106004944143
1.53969349655901,1.23660024772535
1.66459317085629,1.25412981624651
1.89483428041558,1.45003621236743
1.49044021232218,1.12202594579014
1.47354093602789,1.16443710912185
1.54343218626935,1.20952156213581
1.72759572852908,1.34797829846883
1.68447180625202,1.35263635235983
1.61551713753061,1.28549383519618
1.76672298803262,1.26805650509822
2.21252375360908,1.61519706273323
1.70724622035855,1.32634732698798
1.81469141168037,1.26085037037132
1.7244377576328,1.3072539617695
1.56753366996653,1.20556434719127
1.70918860570558,1.35662209111308
1.69815011247361,1.08183410567034
1.50917256681232,1.1708325491024
1.3652428169514,1.15146051508226
1.7492289196883,1.42338574230355
1.80413085222616,1.35289030587682
1.70321320447043,1.28334620521274
2.31214929248201,1.79880502656206
1.48995214299932,1.19761378039694
1.90167118866453,1.37365761585542
1.71154222631856,1.38278292802888
1.5068911691126,1.01980121519287
2.17162303158189,1.77763199067817
1.64867115979689,1.34305264593176
1.91699939377535,1.35889175128492
1.37315785144951,1.09120776933939
1.84332626655485,1.30504161781019
1.55341982301126,1.25523319412357
1.42331191785347,1.22303778568228
1.76664376195965,1.31560295598267
1.5030254189691,1.18149385926914
2.04089701277049,1.62292252228803
1.60074575759269,1.10209281528814
1.62274448087145,1.29924544761002
1.62073674002214,1.24259218138206
1.49051754713537,1.03551137841974
1.97471061327117,1.6153666454048
1.46806118837552,1.22722167257727
1.91333750134853,1.40829460434289
1.78947423232034,1.38719938003507
1.47694365106995,1.10334989199827
1.41602914684051,1.11057180237042
1.65331860790521,1.27181529050114
1.74785345642391,1.25276084176107
1.6017315669701,1.29780974066952
1.68610733523393,1.204555043825
1.87517684306443,1.32414912187347
1.59302340696474,1.22009418795522
1.74095140918344,1.34480796465241
1.47265584473775,1.2527158436095
1.76452369652403,1.42013277718593
1.59431833501013,1.24469231006628
1.57930284522411,1.24902240043137
1.76348641963751,1.43763071805839
1.37867345350342,1.17653213800624
1.52986605836786,1.25160990773898
1.6713960934529,1.29524087562006
1.64423826588606,1.21454636261955
1.76576627893671,1.29274632670734
1.44785545223472,0.972336343436118
1.5698320635024,1.30104777126088
1.80713891664962,1.2589186712581
1.74711052320246,1.25050234417185
1.640902315788,1.29300552036317
1.78429538759232,1.44030698723784
1.51326532617718,1.06047690286924
1.82386431291712,1.31839587000945
1.53769157054791,1.23246887325062
1.8339529212639,1.34942042198455
1.50121254421445,1.23520130002609
1.65613779007393,1.32188594870893
1.90584272890522,1.34510791535681
1.59525505611185,1.23092106447441
1.4557003400052,1.10487753273375
1.73978652189778,1.37660850888068
1.84832390361008,1.37570799964402
1.68579022141083,1.29607882496823
1.6940631643086,1.23942551864357
1.69003879736124,1.29727026379545
1.63409598087512,1.3075137517082
1.72450174891259,1.26793767831442
1.58724238561514,1.31159187200941
1.70930361112051,1.25625705063641
1.51557201499108,1.17861906240482
1.65663896284378,1.25597372588392
1.7006605926974,1.2297648582616
1.73900115819908,1.25189320567386
1.93945793148025,1.41842734160987
1.46973756515892,1.1462952816483
1.78636062194811,1.34700946001022
1.61271457010892,1.21446988730766
1.45050564338096,1.08848028519601
1.53344544780517,1.15796328279585
1.49228536728032,1.11330475373417
1.4256317853052,1.18490188594933
1.5025336918476,1.21062105025304
1.40631019534066,1.08785889465036
1.76833894547364,1.2752097999532
1.56876190019693,1.22090330842055
1.49668983280329,1.1109014821975
1.73819543071089,1.25270633838533
1.61851351871868,1.14531236631959
1.49619847413188,1.25498665012061
1.66974454454629,1.31340971909764
1.65312588207279,1.23991042285468
1.54509669954475,1.18000176028016
1.54243646075585,1.19304024887152
2.03109717838252,1.4439539439333
1.80376465020365,1.4448188347249
1.89379567451226,1.35576095581022
1.7262579904002,1.37720307652928
1.88824858171278,1.43810258587302
1.52744590738265,1.21467633758386
1.4318569211238,1.09447542409975
1.5742781752764,1.12783161682813
1.57824835381382,1.05068958381339
1.6944062822378,1.33937487867601
1.65559333192859,1.22970271697588
1.59378250618046,1.25796113946998
1.52736053953294,1.18840140864694
1.62537167141566,1.33950268360069
1.49878281135511,1.21767923860407
1.8276167461468,1.28000521212861
1.64866887665504,1.3607421678527
1.59649434256207,1.12009911099134
1.54648393875263,1.19443552038324
1.63665604293638,1.28864967736546
1.72401880953128,1.37213496944578
1.53730378799804,1.24429081609783
1.66432211813051,1.19374807517076
1.84619541648365,1.42087858051332
1.66783985917944,1.31870574970659
1.44394395915694,1.18666096293731
1.60491109810228,1.31347375024896
1.57064924733675,1.22217485744834
1.44465106057669,1.07175107296735
1.6613338048112,1.20703470430327
1.53094222142112,1.14748953404994
1.73125312908606,1.31198473473808
1.87962256068556,1.36658730765378
1.78150626752037,1.45294527495834
1.65669000448668,1.29551272043282
1.76657353104042,1.32066847388246
1.55923134844371,1.28351753374406
1.90204493110399,1.33004696221097
1.56095896158461,1.236064974568
1.52264233150954,1.23232813915348
1.67151809326093,1.25730244835298
1.85818475958167,1.30553440044499
1.56654377804429,1.24343389269997
1.52430340359104,1.15759098007078
1.46700773995858,1.14015980720454
1.62790326230075,1.26052093180397
1.64159201931327,1.25130182129402
1.50250883862941,1.2290388508026
1.41835482219005,1.20412681862145
1.75258997069122,1.35799747312327
1.59760666869596,1.28856374389872
1.62345568009915,1.26268851351351
1.55968963174884,1.24183687676147
1.53050689910521,1.22184495195028
1.45171543649064,1.08314704054226
1.51266651671962,1.14165923189872
1.51302765769408,1.18454663033873
1.70318299827622,1.33904803491016
1.74340166542042,1.25054443498684
1.81000438030609,1.52486792399075
1.79724797421675,1.32467464015398
1.59167302915981,1.25533301920061
1.75016046518824,1.28612828671826
1.6963470072708,1.33946677630807
1.83369277852545,1.311525039953
1.53692526212649,1.1741308099642
1.59090057595322,1.28572682481396
1.90324203778018,1.43408691973494
1.62836392177606,1.21812948945907
1.7034321969191,1.36253641485136
1.91629785060843,1.46406434843764
1.62430751086853,1.16682118379832
1.6850149761634,1.26386226610381
1.54702406801235,1.23500832628387
1.46104293162587,1.22281447818148
1.63549188648944,1.25740780414675
1.69093230731645,1.19547545197524
1.58105388166652,1.32759684211239
1.59492421995745,1.24053014010939
1.85996507851754,1.36531157086988
1.74252742316019,1.35636872656241
1.55549270645954,1.31715412932056
1.71332631651749,1.2489529720599
1.72524971521412,1.27737068574758
1.81311947843043,1.42165408763771
1.74973356769972,1.40358740607945
1.7875684137374,1.38588817230163
1.48313379720389,1.18670559937288
1.45136237875773,1.12663499744048
1.93246853322242,1.42326640057905
1.66126880073745,1.27711207414764
1.69055424046075,1.31840756593251
1.65034940235703,1.25359458499455
1.81265693480648,1.20930657022266
1.53489801544364,1.32502255118881
1.66744570762311,1.35543459122084
1.63341058610137,1.26631502376807
1.80307338174624,1.35771196216994
1.73737027498261,1.40549499480737
1.43806950181771,1.08753164530561
1.36667547096467,1.03868878013988
1.75819183887467,1.2538952721893
1.87360681428412,1.34708577304138
1.2497305853259,1.02226485808096
1.5013149589473,1.2734733980197
1.8116328704992,1.32900298971313
1.57169052874868,1.27754719118477
1.61298761437931,1.30989263624467
1.43722686232768,1.14762251382444
1.44709989523177,1.14676738361825
1.70470339178438,1.32651381804798
1.56978268358184,1.1170523362912
1.87506512583226,1.40732930642951
1.56846652046521,1.20380462848593
1.94374169369733,1.45999015146764
1.53284166829667,1.22595941663209
1.74307951873436,1.34278572164772
1.64313894160448,1.24710187315187
1.74390238167927,1.32803431834672
1.47503509952436,1.08592701477643
1.88892142388523,1.3895642965851
1.72927707766058,1.35684101115533
1.64783523137926,1.21462920809789
1.52243316611531,1.14085020960251
1.43454693968525,1.04063700819439
1.81911310224977,1.42513976721562
1.47529738554052,1.2087166391565
1.89873409549093,1.31271690633409
1.79947056525763,1.35413397510095
1.50130277777979,1.11120758035288
1.5285426912987,1.25044402674331
1.43393608611207,1.08093140710497
1.55244434285184,1.19287707363359
1.65053104935184,1.27378710864752
1.74126250781022,1.24879006846143
1.75762729033502,1.2584391956652
1.52207842753004,1.27930497577915
1.55879374296585,1.24644958151176
1.57496933113715,1.20935248973744
1.2382054455537,0.956705273548373
1.61169730332212,1.14623357989739
1.69339102977309,1.26873146855906
1.71802821895544,1.29470874929393
1.69591873808559,1.29991706976407
2.02703824288082,1.55595177708798
1.82545573966368,1.3423420865143
1.57547470152898,1.20068004329345
1.86778206859295,1.4701355800898
1.66796505990323,1.36315454161005
1.42434577420201,1.20549608249299
1.70744417761933,1.27840955779854
1.51861550888959,1.02885479197088
1.959131380944,1.46049037354447
1.68944924636296,1.20172816072531
1.24196184802566,1.01091019430874
1.60433944343583,1.29094541583328
1.6123216016984,1.24156415003089
1.753990837973,1.42026206129886
1.55503834193147,1.0989587276426
1.80066880289034,1.40347481500266
1.57800542423914,1.21307517370187
1.48740627277762,1.10309524555223
1.63743261925903,1.29374295983108
1.44609937877088,1.05651057359488
1.70303589267131,1.29127527433319
1.52816711198551,1.35587151272283
1.5416153103851,1.13024829367418
1.59609249297835,1.18753030607637
1.65621174908028,1.20576789732591
1.54114656294482,1.30069002680155
1.60648598119185,1.16998831902604
1.30209637862206,1.05677042357378
1.33374410021636,1.05750066816162
1.53704440778574,1.27895353788757
1.65295189453381,1.21890792430876
1.48393157525331,1.15702461462291
2.03968245636981,1.73122945040393
1.92621517603997,1.40528806488661
1.66113835984589,1.20211159624033
1.61491146517539,1.16900558687816
1.44005332585966,1.22897880210897
1.47061549945087,1.08818103727003
1.75137814459385,1.30417007052439
1.63375634384308,1.18819742065813
1.65471390341236,1.26470933996425
1.74232373821089,1.23929283671936
1.41935695349964,1.10486859151746
1.38738658653463,1.13078458032198
1.77920450253997,1.26420261249945
1.52089349931159,1.2844720296625
1.61872868448899,1.39571941696689
1.92069534769526,1.35347266525874
1.60140021512982,1.21411211925497
1.57429848318684,1.0847734257003
1.38026655459549,1.10148852406442
1.53229677326248,1.16365474514322
1.62481175311302,1.31704823624005
1.14590809183248,0.947654479680342
1.67150415110029,1.30109029068408
1.5787594206752,1.23109796152934
1.42636134700647,1.10503086600773
1.76405276398769,1.29736396303503
1.73851668105377,1.33788951404903
1.71974543697112,1.33960980087085
1.45797489091334,1.06348745902776
1.49346629195623,1.20539248484713
1.6309611006683,1.40894047022566
1.80117355303645,1.30546824585018
1.7689002838072,1.46123515887596
1.78368341431922,1.23283080552822
1.64092251543413,1.31566320364824
1.60454637231666,1.24255957215812
1.40808489417368,1.15721455074867
1.86233077967383,1.36508995295679
1.57808048783289,1.241431724502
1.74930137315508,1.36006671549811
1.66572612276947,1.29866463707413
1.42176048749343,1.20113841633579
1.67981203401183,1.3217133005394
1.51822862419755,1.32437780008977
1.49166845130191,1.15435076459124
1.59962611790833,1.24886936816308
1.46488943511606,1.26178747712305
1.62455723719857,1.24630454644131
1.68741543610965,1.32818632765853
1.44775386799536,1.21166804647617
1.49168678423259,1.13422477964379
1.79211849389054,1.33272889180572
1.71289465491233,1.28033258522848
1.60000000487886,1.33824597470296
1.73231619231582,1.16833234025474
1.75328888257816,1.24757957483759
1.85598060772479,1.42993646284886
1.7745638861124,1.24072817183562
1.81797761879975,1.36681280278921
1.7687909437469,1.42178022932264
1.82715251181542,1.50646418365336
1.73572956229941,1.37059346457899
1.5263737498139,1.24391058211672
1.65471193742787,1.38035326735612
1.64306247703253,1.32331693609159
1.78454258725702,1.41842226741936
1.70184209866481,1.35696234292559
1.54846248655816,1.19983219853843
1.75209273142697,1.27185775235881
1.60307152893704,1.28504057712332
1.39864455763947,1.0453882542315
1.74641268110627,1.38366862187293
1.71545809555733,1.37844924030957
1.76164869579712,1.31760330620041
1.57080001977161,1.14947080980349
1.20712207023724,0.949401548041005
1.50290177514119,1.1395242505712
1.5724586332805,1.18217629280528
1.66185379917569,1.3938184066147
1.64734822385684,1.28226093041673
1.6394627251176,1.24832607948569
1.77776264189182,1.45888080795338
1.73528146922367,1.4016343807674
1.68510124875089,1.31199890527047
1.42982640974804,1.17874489215262
1.35153294166223,1.05208729993561
1.62212261904452,1.15681040258393
1.64054790284107,1.22122034100563
1.53975825384558,1.17933071879009
1.64939780157116,1.35391864769207
1.6896682244777,1.18596694828023
1.95038194688155,1.53298779551683
1.71979123317427,1.34095933927022
1.81350537260552,1.38457434128056
1.73845888413439,1.316333750421
1.64111938512403,1.25792155561767
1.50560894253627,1.22382677078399
1.58540478550238,1.15787613331301
1.96325338891088,1.43942361262151
1.71545198683078,1.36081870717721
1.65743224572523,1.26340831522858
1.4984035133057,1.18143982144584
1.41162162041435,1.25440663074432
1.80055515079354,1.3149540330969
1.4968617942325,1.24562525828217
1.68658661694,1.28700519326146
1.62463792898732,1.26715380631713
1.72449914158084,1.17729135319175
1.70442809992888,1.35159224716066
1.5746511388557,1.24159194212884
1.47468237296244,1.0582336502569
1.52266396017079,1.26173865635297
1.60818876576479,1.33734823487613
1.56459277982674,1.27692096085865
1.50994487495353,1.16259640183233
1.89778424316975,1.53395207907806
1.54044583642679,1.3135112769032
1.54718373798781,1.21249199119484
1.64012043156629,1.31806360173698
1.83394349471904,1.40730007923484
1.6493319099734,1.34122832071308
1.81257340251103,1.51043502124439
1.6500670165349,1.20992524848819
1.88680453337723,1.32439902387043
1.90998552649693,1.43334085037981
1.71986271151691,1.26803265305686
1.31694807239872,1.04434876888107
1.63373714873877,1.31329150984878
1.68275219779898,1.32438556803458
1.53011590115336,1.14053473207479
1.67792218793957,1.25500192236332
1.39289058841101,1.10300673910481
1.62325908940925,1.26415598679245
1.80293663876638,1.28409020625936
1.61257072374909,1.30055942930691
1.62986705449764,1.24500030418975
1.62500159484167,1.30441698757517
1.67701300101347,1.32462118357727
1.51348087470906,1.1721193473767
1.38541302411878,1.1304339992684
1.41990802784467,1.16715485516307
1.65669555707451,1.30028629214446
2.26872926396627,1.66857465620059
1.75007011137893,1.3385215682699
1.68659425349976,1.20671014077365
1.43848875261971,1.20750517391709
1.94269402453203,1.42098792787514
1.48191534809113,1.24494537481534
1.77891672819031,1.34735792606739
1.60452661840288,1.2070714450496
1.73062979931119,1.2817891083641
1.60557208374931,1.29342275235475
1.85710630432937,1.25735812778755
1.53870806898509,1.19541040412371
1.53830301752456,1.23830643972329
1.53576096171076,1.23127609551557
1.8347616874389,1.36967818026707
1.41446137221802,1.07600001575401
1.68502356263017,1.28103220180905
1.71241131714503,1.34708457478155
1.48947979174805,1.21440628696384
1.80869754496147,1.32745164006147
1.38497597395621,1.0591244181799
1.49114528431549,1.16030614707488
1.27474450390429,1.03359193272733
1.88841888180334,1.45926419904578
1.69056552229006,1.34823377879012
1.69303844853867,1.23301008382165
1.62971621742293,1.25957028713575
1.50659144835005,1.2407118919953
1.68607744674078,1.19136437938845
1.61456902226749,1.28061758095823
1.48103292181097,1.12455426905301
1.82662156490395,1.29864608053989
1.56110100356839,1.19278864544792
1.51611001548506,1.08608123200041
1.68042246826061,1.32428210137028
1.57865313406335,1.1723413498164
1.47741109268362,1.25958909020625
1.5949591224281,1.17354924752577
1.82007288726369,1.36867733450462
1.60736610369676,1.22212896124508
1.74291422116146,1.23040260968742
1.87969240523161,1.41149684107723
1.8201310004838,1.32002806867711
1.75082080085466,1.16156110237334
1.79436704087926,1.40186008582592
1.83741268398553,1.33811861771013
1.65250305082154,1.20936050526258
1.58865926900848,1.24557394054475
1.66581345694525,1.33257688273824
1.63804393220339,1.31214819622529
1.82325284670933,1.37620582123347
1.44618730087236,1.13896817565206
1.62518515516734,1.27615615382279
1.76597449429913,1.25151457789113
1.6335006508664,1.25497044294845
1.80879381557306,1.32387733638801
1.77900758812209,1.3551208144406
1.83911337014076,1.34563109816605
1.39751711482258,1.11994451639857
1.77204983081408,1.34240652461586
1.57223995117882,1.26718164907646
1.74588409005463,1.28219172539053
1.65867197281528,1.23247896340644
1.61955787985073,1.33846146119334
1.53192034978444,1.269391942229
1.81348423688626,1.22120361860517
1.80887107722414,1.38534989748014
1.7158895755914,1.28910052652655
1.4478963330469,1.1769975325534
1.73192021613077,1.24647164133533
1.51556155134796,1.2320539085614
1.68865256104368,1.31347981912376
1.88589123734102,1.39285444629343
1.59285969899513,1.21218926249764
1.72109105603186,1.25390977020628
1.58268397487966,1.23143442669367
1.39735369231239,1.12499798928408
1.17911068775129,0.998563286895591
1.48774341489186,1.14148273033723
1.42767575756951,1.08997901737833
1.71571682214705,1.39433124638223
1.73763649644833,1.36305084409095
1.42999254689759,1.21745494383362
1.47801539915964,1.17114846836704
1.52485948485401,1.17476360091089
1.45920205350908,1.29552114577994
1.59032114776322,1.14277039880223
1.72344961483823,1.30001856417375
1.65484484050718,1.2509166913183
1.56968482250689,1.26968784448334
1.58909643757989,1.0804796622518
1.43118271172166,1.18787224314809
1.88186489385802,1.33455382703325
1.86079299594778,1.44685849773211
1.52746605521285,1.16764983248743
1.71805478294035,1.37882836886367
1.53405992719758,1.21622680966121
1.79776290676002,1.28767212733609
1.62677873877839,1.22054255318795
1.75074353099694,1.36819288786024
1.64818513248214,1.27659347969959
1.62563527299116,1.27248047572934
1.66803923253885,1.33008266145109
1.69563856549805,1.20921219689858
1.82013088865576,1.37280248310867
1.38739731999957,1.06600111846157
1.77910151868633,1.44636538092482
1.58373926675412,1.2529119515553
1.45502297390765,1.18219847600303
1.56702944282934,1.30351333793786
1.5349185671853,1.30922702293121
1.78479955603279,1.40790186124428
1.59373113777371,1.2424861412357
1.71548586889724,1.36427304526821
1.51419437426213,1.15967167817998
1.59767857455111,1.26306305249863
1.74141783081539,1.2989464523085
1.46784106574036,1.12988226909234
1.62896077188622,1.36403726884311
1.65106918928426,1.20518639649889
1.77792788721305,1.3443782937633
1.72629154769698,1.32037225033437
1.45928410562955,1.13922672836018
1.62643457663093,1.21467075726164
1.53428869763173,1.2733838643058
1.66129108814767,1.17724858740103
1.57627172258218,1.2615256759158
1.41356562122397,1.15435607482013
1.47015041393383,1.13030662203797
1.50714479219576,1.14475304047577
1.77171486182365,1.29897728907474
1.70271781091655,1.30352439511398
1.54451192189499,1.25319840696591
1.59404626789163,1.11356608211279
1.55956706907391,1.21540232250023
1.49337970724375,1.16494926511369
2.17087237728089,1.78479963647961
1.67452504913297,1.30549727859545
1.56076244083875,1.16323741916828
1.64838883026599,1.26888439162159
1.76732052332228,1.47145848434532
1.74382663807578,1.38031034833966
1.66826783302284,1.19837455926657
1.93721598646641,1.46671047865091
1.63775390054952,1.26292727892167
1.93661487741797,1.34757645669516
1.34704672079792,1.12891672025126
2.19868632001427,1.65949591141586
1.60417762380059,1.34950389352769
1.50115708910136,1.21166043647844
1.64921851797928,1.40086170358966
1.55045434787831,1.27276539640527
1.4546822353127,1.24075511618214
1.87439034413556,1.32279556476707
1.76341920184444,1.33450352502183
1.49636306399392,1.13908930299938
1.52985230341944,1.24944289603346
1.53224737759904,1.14812374357925
1.72975778256259,1.19975419266962
1.50562174877054,1.08471621947606
1.52309416486805,1.18633889726775
1.7672650866548,1.40423932876715
1.55632816555101,1.21342757501023
1.50767520458484,1.21524524518364
1.77703713195141,1.27676781785665
1.44081865451307,1.21470600528641
1.69937812358087,1.36165557012067
1.78059189678718,1.27017615819872
1.6139931671338,1.2708403872308
1.5820308246173,1.39001115789555
1.94885863134234,1.4423237727837
1.46450935364096,1.11321416920392
1.62576956568955,1.24406458332229
1.57898199834353,1.26160259778408
1.86846569207471,1.45901231171669
1.46080890912817,1.05704303875874
1.52478306118369,1.29218101159787
1.7421354491406,1.28879896187891
1.71060977881311,1.37837485233752
1.72396023955086,1.30133158562623
1.69114232907796,1.26968286089051
1.86727319436489,1.35189002376606
1.84744215906701,1.514550048996
1.73740157810944,1.3312485695159
1.90725983732492,1.36281079812399
1.67703522934445,1.40118046345817
1.6005146737622,1.18964075749862
1.8130904293295,1.30020216548334
1.47618193653247,1.0491101667714
1.46846662079475,1.13709118898958
1.19078210695407,1.04310575818766
1.63800116159307,1.27841530379184
1.45128444369533,1.12019361656919
1.50071677875123,1.20327148420053
1.47044288014649,1.14476370996809
1.64018751179603,1.27001357932904
1.74765884244124,1.39981927942267
1.74364936048426,1.33444860353158
1.93827433527286,1.66568466465784
1.76631783972445,1.35944766873666
1.74399799115947,1.4148610794552
1.78412863122994,1.46453027688584
1.83507562071029,1.54208606340548
1.57041937447824,1.33681295565987
1.35964091561049,1.04882405480857
1.94600751171548,1.64285549027438
1.53687567839592,1.20108246244688
1.72350726818609,1.29154246342522
1.4392671536283,1.10256720486685
1.71120382139528,1.24992312413032
1.7129762170286,1.27341972006212
1.54686883624099,1.29147822020309
1.68103232095797,1.25409573923086
1.75168181264678,1.26815964125104
1.57844800871908,1.25208903706608
2.18589409225585,1.76514447879293
1.79229011902132,1.48333295437365
1.70639871522875,1.35832730202779
1.92159457200979,1.42964477864095
1.84068834921956,1.41293939485058
1.56620678710593,1.21699176303075
1.89566715434664,1.34752817957216
1.7402064154091,1.4220413963435
1.71794383845011,1.27421873029955
1.66415280585537,1.225437996915
1.67029122010616,1.13994139981385
1.68598767675442,1.35638901524939
1.49703304119095,1.26433229836485
1.51699094009461,1.2132724114949
1.7127062563443,1.3471065814159
1.54840155556562,1.21633035132587
1.70014516414167,1.34387130201239
1.60545443338991,1.32483698259386
2.0415650926615,1.3619485180496
1.48662392877507,1.13835926071025
1.93118576338449,1.49183269576121
1.73055705746715,1.43285893954341
1.43303449215705,1.21565483575178
1.47051649841052,1.11464541135014
1.86632356994619,1.40112582921375
1.58078566224092,1.20959734539551
1.47478520874021,1.05094132708826
1.47016017214007,1.19583651419062
1.43153009470264,1.11615674490452
1.43195079769015,1.18590367799876
1.88074722636949,1.4984842559629
1.86632364946567,1.42050053611673
1.79787869152281,1.34067508894674
1.6034143355549,1.19555831389088
1.35399028723842,1.19443234106116
1.34518193529801,1.09838205874844
1.73092760775023,1.25927404916394
1.66196851944216,1.2284266403035
1.47626793161533,1.20456269689074
1.65408649926703,1.29102383109924
1.83964494036062,1.3501125589651
1.76693572700112,1.43990527862284
1.78687131231954,1.27446475379339
2.2285015034757,1.73767969230318
1.55861279513172,1.29389312077297
1.6231611856536,1.22388784717694
1.68141564675839,1.35368028887604
1.62932117432461,1.20107101079588
1.81960940403721,1.35166731544132
1.91112059259504,1.46229314552542
1.66299589641424,1.33484559346272
1.42044139676362,1.07691913932652
1.38104042107248,1.1384420606549
1.78428145709203,1.37801855404155
1.51286919525173,1.15030163693086
1.52036596341645,1.1927263462013
1.5666811609474,1.17662086417977
1.59813356436903,1.26736151783386
1.95349282281945,1.47014060062299
1.50577667774559,1.17423127005408
1.47792699600825,1.20528975991544
1.35287345004946,1.09254719591643
1.64688479020906,1.29089142414408
1.54023566035155,1.22010548527134
1.66608651604954,1.16094585889526
1.56060950904254,1.24638028048336
1.61378752992118,1.1881555162328
1.75677871834782,1.33887405727848
1.43335553871871,1.18410394429072
1.51670332630521,1.34575814265489
1.5661773427803,1.27289247691124
1.75317716414434,1.38927381259884
1.72620354368562,1.25466495973466
1.58445736712645,1.22371652442077
1.44838076176294,1.18320162687894
1.56865851516241,1.21428787133058
1.76141664289177,1.26419057556504
1.72823935534379,1.34113905640251
1.50132477525082,1.29931729578607
1.24026804840908,1.02213034359091
1.78126377874633,1.30156115804215
1.74192731674069,1.28235660069236
1.51087847662601,1.18042573465938
1.43987232357925,1.15047247065152
1.71349535734087,1.36835515413884
1.80317352570079,1.39302071003286
1.80613235977141,1.32429968331257
1.67391879197863,1.35504434533881
1.555286441387,1.26384649288506
1.58369629480104,1.19369724546948
1.40716184253936,0.976524781826269
1.54407632669663,1.22220870256635
1.59971113097623,1.34543849059667
1.75567843553296,1.33131758215233
1.83839246660525,1.28367937683933
1.40628860589471,1.07970050918337
1.55400040092869,1.27361119988508
1.42326792585307,1.07758123046048
1.27597445192462,1.02501012646446
1.70760617643334,1.28237514340804
1.87646931867226,1.42254736467614
1.68016292918991,1.25013965570635
1.57642068196241,1.32114823429368
1.54420024849658,1.23756402337374
1.80298097866056,1.46502421439272
1.58217173107336,1.28708109276301
1.89609901531527,1.47344187060542
1.80980037414143,1.3400099415492
1.72310787724982,1.26800693615372
1.71928076055339,1.16916384984493
1.29785716010102,0.975714362354403
1.68807178034242,1.16004405204317
1.69206870539674,1.17441397211546
1.71275719846716,1.31282585970889
1.67350218298959,1.27239299005224
1.67976199109891,1.34078003872874
1.559990031577,1.14748306370955
1.72657639299001,1.38113116712875
1.73579659226637,1.31370923322234
1.34709613909598,1.130768597133
1.57793411654142,1.25074020966818
1.51466138019038,1.13723245770874
1.5934578176588,1.12765635498781
1.56054251494348,1.16915630244839
1.63244294801456,1.35741932391348
1.54370825684885,1.06356564477818
1.77502213899543,1.3768391132179
1.53512600068031,1.29438484477995
1.74901690248042,1.23492743087682
1.66384759410668,1.30145594755646
1.71030952534941,1.29713129328488
1.63925571593661,1.19266189024125
1.6076915242055,1.24042589614243
1.85694306691808,1.40597662535157
1.40703932370319,1.21244913996495
1.64968462585096,1.35709084072791
1.69029414425282,1.20369405387063
1.65910713845,1.36679473026925
1.66494609559495,1.31925046445298
1.38280527634865,1.10343865361801
1.65817832940538,1.17560041245881
1.53968043718302,1.18113995900099
1.60205831650292,1.26102463176609
1.41795306386775,1.12883473341914
1.33229583049473,1.10222821179948
1.62912190601095,1.24513571749994
1.80674688864689,1.37448597368755
1.61829162457526,1.2334954255674
1.48629479765109,1.26434335867724
1.76334418344599,1.39175009420086
1.56264755677096,1.19045959064459
1.58866345355149,1.17600714025935
1.52773938610291,1.21965882410478
1.67349802417402,1.19854507966058
1.62915789811045,1.27278977054489
1.49625713432757,1.2391712192041
1.57583757032169,1.25481079215009
1.64211184757148,1.26347358633158
1.67037892688335,1.39898013231174
1.93709956029901,1.43270377521427
1.79761186156835,1.30076627672089
1.72265699130681,1.25253061238717
1.87577126978285,1.3657226056058
1.52090603881959,1.18910776499014
1.59520413190506,1.29019432933993
1.93169616733412,1.43987515246435
1.76592895841401,1.28354409280344
1.58909385261897,1.27739751254557
1.66095454571127,1.29795385755923
1.3481759557489,1.08425557366517
1.5563395467093,1.24249435713953
1.5594475807768,1.30819288562875
1.71019865412162,1.37655536554748
1.67221178366645,1.34262810865209
1.70169113690162,1.3459467178039
1.53972797542409,1.11608033812359
1.54286086479049,1.15991334861366
1.45798136845835,1.30371176293309
1.6982971646566,1.27035836978327
1.31517408364994,1.10827535502122
1.62289489991823,1.331470109219
1.80653536014387,1.33165919033924
1.43064724405986,1.05083368667509
1.82821583986577,1.41118620291929
1.56364876685403,1.2279127110141
1.96418729753316,1.40720545556617
1.4085622713145,1.06932863011645
1.45352686752078,1.20411300595067
1.48582758085716,1.19198911080619
1.75284422678676,1.18453485501424
1.58875885046731,1.37349208326156
1.67840355266587,1.38006188691716
1.59532968547719,1.22253458052567
1.89952640589238,1.34863502728941
1.50467751998219,1.22351410760923
1.46610141564835,1.10033919067812
1.64974089326234,1.37456205339044
1.56657498579536,1.19306362034854
1.74774028404764,1.3645946582861
1.62070373429529,1.27616683840791
1.75279561157427,1.35461318875305
1.53215977367519,1.2491751043459
1.43792674675453,1.21367328396041
1.76933884389991,1.29824855434153
1.77281031034689,1.36117129609154
1.44275140508537,1.10029394020742
1.6323364535904,1.32227161277693
1.72321725061499,1.2894002186411
1.62218358630608,1.39565832292713
1.50575752866671,1.08983450223456
1.68406465429664,1.30103110069063
1.65529377990639,1.26191958974575
1.57081899591415,1.23104657716763
1.72888990355358,1.36126377372553
1.62306126209208,1.31291244812723
1.46125558358459,1.20801538154773
1.82586441393512,1.3699788866773
1.70931314740831,1.30813979704304
1.68024288614894,1.25272106328025
1.83080638429472,1.30702781837222
1.4499747506529,1.12401970914286
1.56786473296099,1.12255816353194
1.58062073366208,1.36686860253221
1.64625584991048,1.24933582174952
1.38744179296264,1.09428408922914
1.51061359134541,1.164098447127
1.71432393804058,1.36583961002959
1.74690875731859,1.36583328148282
1.75985033070022,1.49184057449563
1.55919552100381,1.25856212054219
1.52385120006929,1.28020052446616
1.74829320701992,1.27718048200716
1.49568762792878,1.09978777466581
1.46749271621775,1.16789104728313
1.53350053330411,1.16269688122018
1.56607622113029,1.31544666107403
1.63989230848045,1.28701605387307
1.840573014857,1.37455287565144
1.50226639275281,1.07645499621374
1.50427342566187,1.1621298356629
1.89312224607744,1.53769551596899
1.35870702930338,1.04950344136436
1.57037814980095,1.19412445559723
1.62011316133107,1.17636307745816
1.55423766002501,1.11994131568542
2.01315895746277,1.6161514675642
1.64822900180998,1.26127768316617
1.66512998666784,1.41330864312072
1.74102997585013,1.28287632325753
1.53130858073142,1.27252104287958
1.34157849156525,1.09126488480622
1.6468961952102,1.22503919091961
1.84117051724838,1.48281612226491
1.59925975890348,1.25993632252943
1.56032267793491,1.14056487328378
1.66039428879984,1.29520545080891
1.6003322752417,1.33546266268199
1.60887253331263,1.17376811389731
1.66796999010059,1.34900564805587
1.65337960961794,1.24668819572883
1.54045258002806,1.20435012080962
1.6466798333819,1.222248595766
1.9037231292028,1.46546841408242
1.66311758183158,1.33190505476368
1.6926368591453,1.30555347459766
1.49382746197155,1.13588011489741
1.74452922311454,1.22682950237941
1.77493941888592,1.31369887655295
1.39806990608515,1.06093109587481
1.51692628227597,1.14652859276849
1.43073095652579,1.08426612040095
1.61390110207901,1.28444701198852
1.64188424042418,1.32212595790195
1.71250201325302,1.35511659663074
1.59467645457754,1.32495127538454
1.37517462948219,1.05624147137498
1.36590887832353,1.16108401293781
1.66147919129084,1.34282937586123
1.57576159806959,1.18284092049557
1.68451273250328,1.26446904168895
1.76558620455994,1.43601330509864
1.43956998382491,1.17590581013323
2.045143009639,1.575375353914
1.41250090314138,1.12912437823632
1.79644149396349,1.22200664313221
1.42744448579343,1.18745936719146
1.44869913986892,1.16846662695231
1.82876866506169,1.2787387486895
1.83749053498881,1.35596068362649
1.64330051485967,1.27009275585111
1.77047023165482,1.35871686249368
1.66573554281566,1.26506558926681
2.13192113852007,1.77685083116641
1.736149764558,1.25968459118303
1.54371903682634,1.22296093936164
1.92123485422358,1.47435554865609
1.43381724129113,1.18210513245133
1.928003680017,1.35050396711105
1.58170733594193,1.21849590018552
1.67907092243222,1.35821686948284
1.42157907732859,1.18030397760833
1.7943296647927,1.3139325892167
1.77453658946107,1.21673848467111
1.5868677004711,1.24235867244996
1.61614196479929,1.26618878165528
1.6921272235103,1.31140373852216
1.48054602157686,1.25863288843439
1.71566624987894,1.2957345224371
1.76789927634813,1.29119801213854
1.46625914559646,1.1076127491647
1.55679274707485,1.24832673472838
1.50025465729052,1.21369908985013
1.61947538097898,1.28853624736273
1.97965151216371,1.40869123192963
1.92232128894778,1.64658597356019
1.65811815005898,1.23566365045935
1.8376245128756,1.3735556499643
1.56508321985022,1.253090293054
1.56836159355375,1.19227959064537
1.87220510234783,1.40524100125721
2.01784865851329,1.47212866479205
1.64950792963065,1.20748292681859
1.63929741944249,1.2501237777988
1.66798637565841,1.18923144119409
1.81853406420406,1.34549799196046
1.51025041467248,1.28988046114008
1.82722625793246,1.37108334468502
2.24741626977332,1.84982076993848
1.47757336229265,1.09078643902652
1.38935024339277,1.144946423623
1.48885561946573,1.21329344916105
1.47466607883719,1.21008638107704
1.60534625161712,1.30024883324556
1.59715399621694,1.13067422689282
1.74871568045806,1.33884649172571
1.72899623122422,1.26373436506839
1.43598974570604,1.13991731918101
1.66192453954601,1.3260592699606
1.41690044723582,1.06918138897761
1.78597000748516,1.40410287938116
1.48590077307018,1.15121438735242
1.45965674701134,1.19006132044651
1.57318923200542,1.26763631611406
1.63234813306009,1.29115405407472
1.48952375085949,1.15421053953335
1.71674141266534,1.41940005188407
1.55208226806798,1.20397630727616
1.78066086022912,1.40027881829037
1.69269091124889,1.34717140701841
1.51945249021369,1.26566789313389
1.61173525166459,1.21022611423489
1.74167058935448,1.27417884089406
1.57801966417886,1.24504823259541
1.60452469541225,1.21820435338878
1.58523433974073,1.22521786369595
1.60663077858099,1.21624553722999
1.70413539646262,1.36598986963386
1.52046286981792,1.10696728399289
1.54456102235396,1.08388461904325
1.54882429441373,1.28217200728719
1.85811917472962,1.40090260184662
1.69276156389097,1.35706034286324
1.82937597535909,1.35864539378001
1.38453952215231,1.05012795853507
1.91081770986823,1.36822664519244
1.61838618408652,1.16476310660301
1.51188315900107,1.22008828538891
1.45962150179036,1.17063415284206
1.7570402382585,1.31229073091013
1.46154363993816,1.20317893503131
1.61719920863715,1.20308010263508
1.74892741997151,1.35184627857125
1.47730469220814,1.27955449887236
1.88696784412443,1.43346580724718
1.61623012014231,1.26546437437609
1.38252010446585,1.13425573887045
1.61372982541186,1.34929119688151
1.50138977151599,1.2618199508358
1.49911411710526,1.12643892529185
1.48978967384777,1.20312816601704
1.58053052657619,1.23668608310844
2.04452125983456,1.512408727976
1.61846515925351,1.20760277230937
1.62870796647286,1.10256206311081
1.82122815207667,1.32206533648626
1.7664547413568,1.32950935287324
1.3743954201903,1.16468074391612
1.73414354829737,1.36204947904476
1.765173227212,1.39282689639449
1.81055688714047,1.31734807461416
1.79115225509855,1.43207369730403
1.47248547106282,1.18561480191072
1.79882796687619,1.40004917368796
1.78491495363929,1.39023127135101
1.61379949665612,1.21513525008503
1.50670078099558,1.13104550865234
1.3459258032412,1.15456239066468
1.49046531298026,1.24620873903666
2.15409728082126,1.79566213352991
1.76782235407789,1.24419199990417
1.80871357814325,1.31146941191321
1.46156639154884,1.16183708818509
1.62848407929286,1.31897126808114
1.80570167840691,1.272417262263
1.73153789545882,1.3888399174565
1.31241846802975,1.0459013191895
1.60294956219153,1.29471156497785
1.61444334965568,1.2644470402254
1.6043378125529,1.3115556277604
1.27225081937931,1.11133348617367
1.67997145785741,1.3111284933225
1.76860940419715,1.48246284987609
1.66044925945646,1.35351099849404
1.69995258998902,1.23459848189011
1.70939369572184,1.37260068742739
1.68044233455473,1.12279646025777
1.62125652060004,1.18897182199898
1.54151647072462,1.28783810885034
1.74147849651655,1.2812682578369
1.59946478874109,1.12601444456254
1.42110345216695,1.09006447869523
1.63096190566357,1.24641657250778
1.70689598891199,1.36048649196997
1.7346433268743,1.38870260074897
1.77265148055513,1.4185341086361
1.71782719515218,1.38352048556286
1.72445618674242,1.39301440079387
1.57923062200619,1.27487353166851
1.70185854248164,1.26398118098102
1.45732322335929,1.1113041604318
1.50201809448453,1.18166753949044
1.48208106728275,1.07517644792279
1.64280251976295,1.24436720637378
2.13458003202385,1.75394194270254
1.76990722880992,1.56350120300414
1.74835549679299,1.40285297508508
1.56874154662439,1.23140329316842
1.49451415530587,1.10967686998274
1.65812330570229,1.29377745710113
1.66052510736357,1.33530184136782
1.72256045066619,1.32808260505505
1.65015464202511,1.35935191932476
1.77697429863736,1.28699157838319
1.83286763406152,1.29185889076964
1.21076875561141,1.03902774254839
1.76769356860196,1.35722884860145
1.79554913920619,1.39886228798781
1.35026430586873,1.14693429069559
1.75753386626878,1.31709070459243
1.31582083761701,1.06581951913858
1.81153024058122,1.29577760544362
1.79296962887547,1.32364039168086
1.76024572212079,1.32151125964023
1.79537673329253,1.37529232724242
1.84956310880633,1.35622180077211
1.72556095134641,1.31068745465399
1.64429337556095,1.32416230261368
1.8090683170818,1.36162643756788
1.92253836719701,1.37208465529705
2.02040290163373,1.70605463944041
1.54453376106741,1.27403574387481
1.65155882189064,1.13392517213764
1.42284032021805,1.06699319567406
1.565019974387,1.1568617699724
1.64636446906814,1.23921267801682
1.42700502706346,1.0814454214127
1.53990079914135,1.28971623530159
1.86577178573441,1.42625002821953
1.51193854098759,1.26327174688462
1.82578943816918,1.35973067285212
1.54893281122607,1.16356605754008
1.82041783680147,1.39228947029554
1.87693346937525,1.42527135971758
1.58697579460267,1.17162094016869
1.66591111253869,1.18708664743711
1.50112825780862,1.17628448273608
1.76050866145823,1.4057301423163
1.62391109038419,1.15887624361427
1.52922632531789,1.32368297112218
1.80906282104572,1.41344602234816
1.27660420000749,1.01381912267898
1.68700839987023,1.27236040541912
1.32775314967163,1.08180577899239
1.57227028568273,1.19813297547171
1.57479619681392,1.12177521344831
1.9628886668301,1.42904880745605
1.67189036133191,1.28597763452252
1.67358947978937,1.24621524574071
1.76399655207465,1.32625859738618
1.76403907704906,1.34627208828103
1.63008955928543,1.19963204050028
1.68756441595676,1.31153712018698
1.67318636831456,1.1766978924526
1.62430943167884,1.33684184424024
1.5406608013557,1.26160491676826
1.6343174032477,1.30367535604285
1.52324395129907,1.16395792884002
1.36151385786615,1.11529853047444
1.47955856529607,1.12241579758155
1.63805120741033,1.26869856342286
1.72106816833558,1.30150850752238
2.08282734430907,1.76311122838595
1.5203461878552,1.29633873722286
1.50961965174934,1.28506844536815
1.61605020356447,1.22546747718767
1.45815021252787,1.08524765968313
1.52415571977638,1.20260657695107
1.49271997895845,1.11824183769616
1.60167484201496,1.21309759354728
1.38117383211375,1.1340249991711
1.64433550329516,1.30762660169577
1.64163793852429,1.28223493725178
1.68309233888528,1.33426338644176
1.71681055266999,1.33554923639865
2.24550987700832,1.55740994587684
1.59705789674741,1.20230461726535
1.660843450311,1.3084460038915
1.50771974795177,1.21595280818023
1.45979300401794,1.20735891299866
1.68214724505547,1.34526400847117
1.54772732941334,1.25231994567345
1.57026398424429,1.13112742447671
1.72485904129202,1.24878463917426
1.71371399701555,1.24956658123101
1.51271571600018,1.20765691594999
1.6604015542028,1.16905410871105
1.84499538597393,1.4202507273586
1.57380682973034,1.30683384365373
1.64234847362104,1.31355271769537
1.64097734725373,1.25204829375771
1.80313214956605,1.36483234646575
1.63660798036191,1.28530142131123
1.5958435807069,1.28236544103544
1.27678134941339,1.0141776518023
1.30211188409025,1.04197301437099
1.69749587657201,1.29595676498532
1.69047434158471,1.24516198328877
1.52999080692478,1.26066715802192
1.67846204911198,1.27786338566287
1.43172630229992,1.21000543236796
1.73885408094625,1.1735470728167
1.57045691869928,1.18557519037524
1.62927301163699,1.28578156346174
1.67934420974395,1.36269006627013
1.91442995073623,1.50908137670985
1.81368956951222,1.34436301628331
1.63012171010991,1.23069054589296
1.68519677742433,1.33665358325295
1.2232987931745,1.02662120570165
1.37106261166828,1.0308151936735
1.56756881221516,1.21126219559037
1.36446648212299,1.08843891227318
1.36882060823611,1.08407456728241
1.60800911336007,1.19615603077266
1.73902423643368,1.3291886213836
1.77038964080477,1.31409094660637
1.7505505071109,1.34101320616313
1.57949626981497,1.35785632157199
1.70778676840608,1.3703736874334
1.66893073918657,1.26626336185427
1.88659660829596,1.51278103412373
1.51057362095199,1.25451000773619
1.64342504610923,1.30178441541393
1.66574864007981,1.28573206599494
1.85664980366119,1.3345542373645
1.41128414130302,1.15494612530016
1.62637452407255,1.16530156685596
1.94204012027634,1.53498522203535
1.77099571174478,1.39429927063747
1.65491179430558,1.25176369429468
1.40514035934855,1.05345821145098
1.7147140448942,1.24324365568971
1.53033954669054,1.33430472232308
1.54942611984302,1.25389317701755
1.60598002812632,1.2749931356376
1.41999665725084,1.03210672420652
1.53839307380473,1.3140655585827
1.68561432631203,1.20824045164183
1.55903750518825,1.25302305623891
1.52248603312769,1.31971602583157
1.69142935210827,1.3547194697176
1.53818107146264,1.15334585098297
1.71746143773448,1.32552116882881
1.49861378257386,1.25733505649545
1.7199172243466,1.20644776425984
1.46761789088363,1.14349212203138
1.2668630909102,0.963404229273457
1.58826960787844,1.35650132977336
1.42419036154509,1.20024353776994
1.77346093490334,1.3809925803555
1.45248467112099,1.27907848019832
1.52709749975196,1.08480048393636
1.57407597725877,1.23926795107288
1.7052161357155,1.33762243825185
1.6060516392973,1.30037302450145
1.85720645069094,1.34811047685213
1.70447153942109,1.20367689549382
1.85855403857199,1.46523427945681
1.63398147160428,1.27958323037198
1.68874128872328,1.33060918623354
1.49338439077855,1.17322818562647
1.82925739139213,1.48844036939127
1.76449775552864,1.26093309622777
1.65924559446241,1.29418061207465
1.53072187941202,1.18966833666545
1.55402587712615,1.22964908870791
1.58586637984276,1.23750558368867
1.40575662346377,1.17282490488546
1.52473026091321,1.2239462230049
1.98894341435723,1.48463007166615
1.60580757989829,1.17841710286982
1.50905912131929,1.12960788792216
1.77750709526941,1.43886131907203
1.44679575243806,1.0902847224519
1.83058754882544,1.26151165326286
1.51146428347262,1.14690397896332
1.54099439821263,1.21486685327367
1.79777109891847,1.30681511581856
1.70514859335471,1.38220527665826
1.7663973531165,1.34424530048669
1.87389820617695,1.37846324007252
1.65461669614997,1.23972950933465
1.66050666925076,1.33727955718435
1.61172095237062,1.27192601944059
1.70227543193933,1.36261401899888
1.77733624830848,1.18370799406153
1.90299179916834,1.31900014543778
1.54474248680172,1.2388354989788
1.28321791319045,1.05749367952078
2.2401969275796,1.77807710970806
1.50678801061816,1.26415100132463
1.70126160530484,1.34852581823395
1.39679715270592,1.10865174442181
1.54628801126145,1.29665490194075
1.63381507429523,1.30952836627254
1.95089448694216,1.45417252235984
1.72841594057726,1.33916973187366
1.6133782772721,1.28870507924987
1.69729467956618,1.30939674875155
1.55958175698674,1.24141500241143
1.53628255713939,1.17639753267283
1.39487831291312,1.05233846196991
1.69042501050533,1.37145781417945
1.53895575693262,1.22607063698986
1.46239820864039,1.20028954502609
1.7292896528032,1.32378128032674
1.75376036342633,1.32164607041255
1.75701066414337,1.22241296706546
1.5963509542939,1.15166186845529
1.68097173844889,1.27512532216265
1.47363290400576,1.22498497779295
1.62824314420781,1.15505227191504
1.7579872317315,1.30512735056375
2.0731806522093,1.69330784441648
1.72870562083596,1.24096440958927
1.45085751624108,1.24928570523957
1.90432513852604,1.38058005143124
1.64232082342985,1.32774197339714
1.88807731543587,1.45076904185759
1.82062323064132,1.34873315154312
1.42546575370016,1.18625434227498
1.4063335322312,1.13461621545536
1.5592466636876,1.29222255036141
1.57066272751655,1.23078115615973
1.60216510659217,1.16083063065578
1.45306828455943,1.18785945530511
1.51921274280694,1.20334703942414
1.40083111673174,1.03305442344105
1.65729773286522,1.18137424557174
1.47222727298697,1.12819677224832
1.74113458227697,1.26533998042473
1.68285491715201,1.34390425474066
1.50631305098525,1.25442284296213
1.67708927037023,1.10269161135461
1.89899640487937,1.45687295019821
1.57693515627588,1.22183420529825
1.53346710005474,1.29306865111552
1.50436244435808,1.25000585893135
1.81245328013019,1.29969458271425
2.09150222361788,1.62402903944385
1.83850319494565,1.46150544274487
1.61783188244604,1.20908559809252
1.90213208447431,1.36295364442289
1.80157026276246,1.37099390246538
1.51910818005004,1.19095913223734
1.48284134228385,1.13897045645457
1.67881988073274,1.24959505548116
1.53944722595008,1.18180065907834
1.75667186596692,1.30834738321737
1.5351242164435,1.20886992245462
1.70532907926089,1.29001440471579
1.95957800077847,1.47829027892864
1.78048483970253,1.32942120346527
2.43324174116069,1.86939780336177
1.67394856499498,1.34388804121764
1.92336414456485,1.45859637803141
1.67381834816716,1.29787093728586
1.6177423359848,1.24202032290477
1.39045026752162,1.03857662550809
1.60133847554328,1.29318128178859
1.45326757801515,1.25363150259045
1.59508195370175,1.18604540959762
1.46664916064191,1.20296509075944
1.72939447109008,1.35331860282939
1.44928316425244,1.13631776113383
1.53766681272844,1.17775149784325
1.68147604849724,1.39056338616039
1.83655444740212,1.42925647527409
1.53159362973031,1.30815501946175
1.72530972725997,1.3079350871825
1.41634477208163,1.08112857801401
1.62903712563752,1.26673581122119
1.62076598892278,1.24370545334475
1.72145820946573,1.29320919311725
1.65852662435158,1.38477868498765
1.73780835650259,1.34871734044609
1.60192303834357,1.2851154144937
1.69486462202437,1.33503155861186
1.7296154441064,1.28759814556101
1.61952394274574,1.26580392541252
1.63597758877705,1.21155257401861
1.83122387062279,1.44553551796518
1.74059174161743,1.25664030259638
1.72500122020878,1.28001502910198
1.66244174211648,1.28334938813709
1.82125349216069,1.38197209149921
1.74486568855195,1.23296614900373
1.61089350307729,1.31911693428077
1.68835451471474,1.20721096590035
1.8066096175569,1.45271284965928
1.8221063783098,1.32394041017368
1.937724900401,1.47166735558011
1.67142586701665,1.40213217567662
1.55765542588417,1.22626017442037
1.65758447777089,1.19286332334193
1.63580988709482,1.12746861655353
1.79590440251611,1.42424891337524
1.78196664424148,1.31415314338328
1.86554598237908,1.28874943403026
1.6800927142611,1.29183902319108
1.56619749761568,1.2580109314407
2.13633415438992,1.66383581870583
1.88169145167983,1.38276372449124
1.6984537961078,1.33811323902203
1.4681720374141,1.18467377638072
1.61439112324668,1.25811740734684
1.59852130114181,1.23614162420811
1.61681271386317,1.25961698379737
1.47128441063075,1.14599519063983
1.72396081172581,1.36262238089147
1.6164045599171,1.28778843144878
1.35081586643911,1.12211582871015
1.58712025932045,1.25805539504281
1.46313494529734,1.17907856818189
1.85333980667652,1.31135325301073
1.65867627384425,1.34483990345462
1.6099646801461,1.26450721075819
1.6754827507949,1.36402946579403
1.65546242068989,1.23604258709015
1.87182834414732,1.30195496660059
1.7005713574697,1.2986606250381
1.6082079538427,1.2958900762022
1.72714151026483,1.21293021167933
1.96955914361167,1.39012250400596
1.54904919762737,1.16670078947459
1.82548296006614,1.37009035645601
1.63096394319663,1.25380508855826
1.66161719675839,1.27437768171898
1.48708813684423,1.11119545099645
1.33094545096032,0.952677653127171
1.38004908461748,1.01991473684856
1.85048058301635,1.40880434187163
2.04942718770278,1.58514376534573
1.82341880730937,1.36948637022951
1.70517116550114,1.25404940428235
1.37023708976294,1.06534617029915
1.71269414455542,1.23776117817782
1.62983818195058,1.22464304572851
1.80876768244693,1.30034426858215
1.59591447743813,1.19826198853919
1.59872326548735,1.25473610057985
1.45288731265216,1.2120820004934
1.65543325083103,1.21260843472338
1.81199181047395,1.31467759645793
1.64856097135992,1.22848064154094
1.6708360559711,1.35489325581625
1.54726699598211,1.14067995031081
1.62118885502944,1.29775366236194
1.60709283184752,1.16075072766776
1.66834778989462,1.11154507401373
1.64605747368957,1.18315432762665
1.50925122325866,1.16162702876384
1.44169024586647,1.19026596919689
1.78374915966,1.37920017423471
1.48402806257596,1.13452921452863
1.64869020984045,1.26029108815753
1.67282322420812,1.21130404625998
1.54733113762266,1.23114664007509
1.67714954470384,1.18607963302001
1.8079028074068,1.31759628407965
1.23839199847516,1.00418833044919
1.61604693880711,1.27597359740039
1.57742230433833,1.26312779612033
1.78952429516096,1.34637243022173
1.60475434962774,1.36679154388094
1.81968692155748,1.47683050796372
1.35511256358543,1.14236722447427
1.86290127808438,1.37963850539079
1.69458677487388,1.21483585343551
1.65893535258976,1.31429435697365
1.6113785633823,1.30525913338298
1.7735684595809,1.18958794088295
1.67409653261307,1.28780136816181
1.74595846892624,1.19325561541587
1.38294289241093,1.13185291602577
1.89139898219775,1.39088588783928
1.56093969144014,1.16541019477572
1.78461998478081,1.27615726185348
1.81326242307359,1.33859016046327
1.74055394823037,1.24022773887923
1.64425787864267,1.18255525620563
1.8957262126218,1.40515814925761
1.58061803113416,1.28557484176547
1.46284165754647,1.16479629662568
1.73445459169389,1.27316863888238
1.71904796891562,1.37376109196245
1.68771899371649,1.33905807405908
1.65775974160916,1.32947674733053
1.65335576316639,1.3067431308144
1.45426271446525,1.07005241771951
1.84387761437853,1.38595624485653
1.75089754170858,1.3637395514424
1.54678580606937,1.26656361495887
1.4179495693775,1.18819951228182
1.4602499647902,1.10083166522513
1.75497394950889,1.28731034905207
1.86861907693491,1.29277060613691
1.56780507392917,1.22481799091123
1.76977167383993,1.31398346047897
1.62499376734944,1.32231731860159
1.51672018822988,1.17482771968948
1.62141264852016,1.14985315843949
1.63000390207698,1.28722650076321
1.74828575606818,1.29328155024656
1.60845289937019,1.263816935814
1.73623615296145,1.33782660462349
1.72533232239944,1.31166552234611
1.66389318011134,1.31273108634968
1.63081050631879,1.28906199663578
1.34372902177238,1.15635947304627
1.82251368912073,1.26395713237327
1.62849235376264,1.25108971650116
1.46069680635305,1.14749869951019
1.66172401077595,1.30939119407122
1.55860538803207,1.25179927909698
1.83971765778954,1.35723470579547
1.60378733103782,1.11428954232684
1.84943750728791,1.34127930896526
1.95416501723908,1.36938159781661
1.48804703770136,1.08182978984404
1.41456292410759,1.05135091331196
1.48786718635538,1.22508213467969
1.56475456604205,1.25673843559287
1.34770448512451,1.10913328969214
1.59254583756236,1.2383751812248
1.80006329701788,1.45191643294163
1.88261697165121,1.37154095666085
1.43226930114297,1.20975833734337
1.69075472677346,1.28680009204271
1.58588339822779,1.29375878627298
1.64141032284495,1.26365693133771
1.78220405350218,1.20475166214152
1.64299815607832,1.23440937145009
1.63972812867159,1.33693897974472
1.6648203222552,1.15221547471117
2.01116987487359,1.58286239109183
1.451241108665,1.12539830878475
1.56481516779861,1.17572469820873
1.56486993083885,1.24368435016168
1.71020601675336,1.36009065241655
1.81585903639038,1.37383031443668
1.49926809254992,1.13345711011863
1.55296465773679,1.23303550874397
1.77399485420273,1.23179474456143
1.56351618428839,1.29051061898517
1.78079500161334,1.29400640321669
1.68704008843393,1.14941788747457
1.75175129899716,1.31598761204431
1.43084840920119,1.26106482394591
1.6001062759148,1.21708745924806
1.44785584118055,1.20266718376258
1.54584778926799,1.27662891764659
1.36733877767166,1.10299318437883
1.70467656572395,1.36850090838694
1.21857252556985,0.986818281209508
1.55697798508862,1.20348408093446
1.97486876575119,1.42225812536467
1.52427811116032,1.13081311501679
1.72897306614633,1.30294625937384
1.89610867954931,1.45898627449162
1.47914057491622,1.19189024701633
1.55301379261301,1.15990947501245
1.39521308864712,1.08318435647997
1.5026987287575,1.15638967424473
1.66253843620007,1.28967890417254
1.70577550199727,1.26722527529565
1.69786135821419,1.32364271223193
1.63690077070103,1.40653990487871
1.69329023390121,1.13388644183561
1.84102193150735,1.37138861451768
2.18552884248159,1.81008450944338
1.71358731202465,1.40856292929125
1.77822316528116,1.27480532210734
1.43376364310811,1.22088935155502
1.5353337517478,1.26733400874566
1.66011389901238,1.2509207854279
1.56317163189196,1.28318229727681
1.48851756304667,1.08958393467663
1.6319848472589,1.19647971634954
1.58933281373934,1.28709412517384
1.82330827446766,1.30372091385641
1.6495179928137,1.24231328131235
1.67805346787637,1.25914523292999
1.69212546122322,1.23597051521919
1.44906344247993,1.17264390870778
1.46507005064187,1.15974006562111
1.87792460366048,1.3896306465952
1.84687811868587,1.36673190114748
1.65191804781055,1.34882907896805
1.36650159624541,1.17079799247879
1.88773267347671,1.39682268539065
1.29591846259719,1.07202452639837
1.7170856368253,1.37980831097533
1.60908850308886,1.32913752703363
1.79215412518967,1.34240241618557
1.67447142947791,1.25390877015431
1.84892773530623,1.32341086614118
1.69947024348219,1.34330974165584
1.66411157814429,1.24076268073206
1.56315539818931,1.25919179896338
1.49118948752128,1.13459106107421
1.58998290440749,1.19972929286007
1.56902595803699,1.1884911926508
1.27729495924721,0.915296049764934
1.82710649641635,1.4727077885261
1.89944077994151,1.52964165962334
1.44342373299525,1.10711535024648
1.64876008978938,1.24282588739207
1.72039610987902,1.32961167495973
1.66999702881773,1.27239034106199
1.58125561230963,1.25413374072053
1.80727331634834,1.24357014137135
1.66824212897988,1.42016582091915
1.86576620444525,1.36827419609373
1.4903480527906,1.26064147898831
1.43114442522987,1.14942551684437
1.41278857024882,1.09953099028511
1.39169618764834,1.16819629573868
1.82795335960753,1.31677045860784
1.67412369907351,1.28505212720541
1.57096808231469,1.29066506420234
1.51105865525764,1.16329606688736
1.85004795045334,1.45248118037333
1.5984172634521,1.17065537069023
1.41451277462936,1.14956778101413
1.50374498411694,1.19843150923499
1.76068229488197,1.36488132036392
1.47964960501261,1.22157209209305
1.61179146348925,1.28832668187461
1.67718263468962,1.39062700045439
1.88017858669011,1.54040125134592
1.80802723461559,1.32489780266383
1.70212728414249,1.25129425201537
1.32122271098282,1.03856914261458
1.51990419634148,1.14790421270846
1.49548748259604,1.32088155244723
1.51785002505619,1.09202807433471
1.89668901684454,1.26748663112414
1.50642635268679,1.21810423115357
1.93321077899952,1.41228794863476
1.53235328550972,1.19316120795662
1.60140946493052,1.17405120980403
1.54409426126607,1.19405902431193
1.75055591191471,1.35679688625052
1.58862248630029,1.25044968096223
1.55951019417034,1.23256998326043
1.94096398611207,1.52731354200288
1.45721367514527,1.11597347048986
1.67478001874165,1.15054472435916
1.78451719869055,1.26349515869279
1.83275006259812,1.34417806728014
1.33133735275221,1.0660934707459
1.5766913613259,1.29884817560086
1.69298359570132,1.32547464706789
1.98260840392513,1.44528436644877
1.84129939770238,1.28745051010836
1.54677391554214,1.22574625465723
1.64671803526365,1.2092509369182
1.78972691609327,1.29061694330354
1.84632105016525,1.39080892353648
1.91675178106734,1.34906339153556
1.73929463443171,1.34091846249208
1.92142167653436,1.579252667622
1.74665580035012,1.1797414501861
1.64288590174259,1.11478758195147
1.59123058658,1.23547349499814
1.92546393242247,1.36021932603674
1.853081833108,1.4377317552271
1.65230404085086,1.35718153844979
1.67283927246175,1.31371873966623
1.53106477258842,1.15901855756127
1.75167640403238,1.38787595372628
1.68109631804589,1.20769396719395
1.76592012359148,1.38236532292545
1.44264942743662,1.09892110377064
1.5555083225862,1.32677654728699
1.50217796900275,1.18184301821354
1.57010818367496,1.27450074347304
1.60066944937063,1.14221695068829
1.72930049754498,1.2498674809799
1.78066164926338,1.29990480085652
1.56239753799934,1.20663044381784
1.95679112879052,1.51522521823271
1.79237499691418,1.39119759048558
1.70673555103908,1.35496887833481
1.73080814507596,1.38321684828507
1.66530411277463,1.20250619320168
1.73237207563307,1.25387882078875
1.66013488498486,1.38112807881437
1.90430803578538,1.44359318735584
1.94738188689779,1.43822725267345
1.69422424518264,1.26965919071288
1.52509922444722,1.21195707644223
1.45069530760355,1.22885469794847
1.78087533155764,1.31585267331827
1.42859914538882,1.02774680289012
1.454196732259,1.12299302172567
1.52872041437719,1.17252180848894
1.39298523431814,0.982783879552498
2.05361305926847,1.44270115526925
1.39186951943718,1.13532469581796
1.94989689246088,1.41506316931975
1.6549450103503,1.32687005401546
1.70483596150751,1.3478987227763
1.62096107810795,1.20108132291194
1.86261632303363,1.33376794414732
1.81735178008153,1.27231167026607
1.74791635796163,1.502964383678
1.55609667614919,1.30152241203152
1.51434081240443,1.23280598443891
1.54846991426502,1.20209819534185
1.69798806006838,1.33320658152715
1.60167426234696,1.2182604961285
1.53282010006066,1.18358839985825
2.00054407884172,1.51088351611304
1.64766824507978,1.28677057581298
1.55119152043267,1.29833841420356
1.41417062983864,1.10634031270122
1.8054127172388,1.38984810191789
1.40768423229048,1.14499664994164
1.77880642273296,1.2873775514265
1.66565431046264,1.26000849376568
1.68518527351015,1.30652553649659
1.80120598745436,1.54850330758133
1.74186084449674,1.23595288750353
1.47266379136731,1.24155461524199
1.41204094918597,1.12518855902642
1.70768989154781,1.39898029354521
1.86854686389157,1.3731839428863
1.54350739905236,1.2330352026378
1.60569356221153,1.36673110459758
1.66303209934217,1.22859927851629
1.75573054650097,1.34868824846271
1.47525223309503,1.1562055966641
1.82119781314313,1.32696385588981
1.38841069487748,1.12463006454131
1.71248696681393,1.34631229951359
1.52506470148539,1.19045694092709
1.67731263362298,1.29939194140364
1.63637227186152,1.30081294587481
1.59098939680077,1.22366077762254
1.64608700203709,1.25748734222804
1.52234778953607,1.26500426886943
1.54970720057751,1.25855680651176
1.9679420344091,1.44956820624794
1.57082741501566,1.28468142880762
1.7966439586166,1.3394494651517
1.72973735432971,1.22037334329222
1.69804105516789,1.31526255558836
1.60752184766194,1.24100722255936
1.83305113012185,1.34737030158068
1.56734165590361,1.16017324188056
1.7006628259411,1.35291188005352
1.62378806321006,1.37292295899988
1.52288997585631,1.1854913579275
1.78347057510207,1.34259050010756
1.64923394491629,1.41750259237351
1.85348425616101,1.46981050233401
1.83505956290923,1.33753619819243
1.68249047152339,1.35987263569703
1.67514030153203,1.27596750207462
1.66770157095763,1.27991103918528
1.90658104879543,1.51076607770397
1.40927754528553,1.1479784785892
1.82488313123955,1.58277465867126
1.47647549107915,1.19620110713991
1.80145789246946,1.29718338999215
1.55186220735277,1.21772673085876
1.65813188781217,1.25890909565917
1.54876425658952,1.19449520758721
1.66692137075033,1.30912839189156
1.77677192614149,1.3948431994379
1.61183889690235,1.26545161838675
1.79166396498854,1.36135058455433
1.75151077396591,1.25680370622962
1.83120480380392,1.49364702547621
1.58805278707614,1.26757804644887
1.53449062232839,1.25111132422514
1.46318017577378,1.21222171427957
1.73466429793232,1.32333692064831
1.5848783403913,1.40158375697085
1.9604603640649,1.78798386645105
1.80238335540453,1.27178985223825
1.65214322241112,1.36153369802994
1.64361032692224,1.22783330240862
1.55310667364302,1.24121755502555
1.58126974082258,1.21122558919325
1.68476193988587,1.224512999707
1.61826856314404,1.12817039080744
1.50969609141753,1.17835291931514
1.66204893202328,1.16053722599834
1.50949093823641,1.16949464801852
1.83193193047354,1.34815530189004
1.60864383179968,1.29290297666499
1.75664419669548,1.31487692964572
1.77640453739878,1.31751014073284
1.89078459843236,1.39127327030604
1.79184766642362,1.32889967215536
1.7857251947384,1.27672901478151
1.51390396461011,1.15462339042228
1.85233536049957,1.34736417209627
1.70335531487688,1.35845063832918
1.6903115455793,1.34174668563475
1.50668309918097,1.27603412823656
1.80009393844105,1.41679688509612
1.83008186779661,1.32289643843555
1.55358896246619,1.17920045228721
1.75909789100714,1.21931818881672
1.72241615374964,1.20938813057794
1.66788403522872,1.2822897206515
1.36053838747316,1.14285413895648
1.55274660521544,1.18787709708633
1.62549862796619,1.19575996534311
1.97810148270628,1.54787811762978
1.84076111462646,1.43711869132081
1.47999532607705,1.15301264998598
1.71912351096326,1.36282089926428
1.90734673432499,1.44856646777164
1.68649589124742,1.35051596779051
1.86090115528547,1.39634012766392
1.58386897228588,1.26597620890856
1.70009753066845,1.27575436394332
1.6003502330695,1.23494150106011
1.50916301772969,1.17619701709284
1.75971494097349,1.36339482187648
1.81316034997638,1.37117340852299
1.59584783031309,1.30910239408238
1.82813090264448,1.37133313995906
1.77662935520669,1.32165927795582
1.61442829488386,1.29434188328146
1.69833488901586,1.33575095018053
2.09179890334803,1.60053033376125
1.81072474662455,1.29834228696927
1.85192037935247,1.39751724796609
1.44329461539129,1.2037333337713
1.42022095493381,1.1149716161257
1.41831594260543,1.13407775772013
1.7976681056984,1.37251271323218
1.67290209455731,1.34223262173106
1.54336129065835,1.2560988335454
1.71739098623627,1.38649840838723
1.62565622023496,1.11807059862892
1.50369537293024,1.28126635812652
1.6327107449601,1.22212888614802
1.98853537052759,1.60450197185835
1.73224380075847,1.41007866767741
1.61064499593042,1.3874033387338
1.34290663418252,1.07846962823136
1.64705163597266,1.23518260948565
1.81382289876136,1.44242687953741
1.71859732421856,1.34591890734786
1.82935435255219,1.43267942627571
1.54293909088762,1.12355677063811
1.56097277408103,1.14641356191785
1.42308828417908,1.11018932609614
1.47698720060122,1.2320669409824
1.80627016522019,1.26529000084591
1.65686899554407,1.30241011624074
1.62525019158721,1.15914930894436
1.38267339159416,1.05060516365876
1.55809768711045,1.2269991863087
1.70076331945288,1.36288367506636
1.74322578049749,1.27714473179337
1.51707409102535,1.20676680688873
1.79601358343267,1.35952654189341
1.54432641227204,1.14440375502192
1.62148375947984,1.19523240162852
1.53872567578052,1.25367050852836
1.41890293181324,1.16914107426244
1.44514072003435,1.08244517438411
1.64677677886127,1.25062971384472
1.62523947654947,1.20842856163988
1.65980940400382,1.16731852022812
1.6349896207619,1.22859324433883
1.80637402372195,1.3116746567447
1.54431608838593,1.12325075374836
1.43860455630115,1.18017068899042
1.63636451610352,1.23374738225572
1.9449024512958,1.42071572919081
1.66901007443822,1.29465378610131
1.49906766727424,1.14289282848355
1.51914082445496,1.27445027244057
1.46267920693445,1.21446903886996
1.85123761925561,1.43010973810885
1.54373595562173,1.25165238551896
1.74267007956817,1.35333246706579
1.58257764307177,1.24220507610408
1.7373770666628,1.37897097433377
1.82586893415009,1.27701242959186
1.50692698222681,1.21700751698253
1.86190350600126,1.38069204947508
1.52395749195642,1.1749050429803
1.65814753364652,1.37350876691497
1.86606506294807,1.36676136480441
1.51717510302577,1.242440837048
1.64133340669796,1.23267669597513
1.58091743835259,1.1832422928288
1.73836921968426,1.3082202998121
1.82801374893518,1.38583403640036
1.8506301220517,1.44816833438436
1.63014050297646,1.25741383948604
1.40031426833207,1.20080886906467
1.77762884670503,1.29976580734162
1.76492125218566,1.27339790360107
1.81704585546419,1.28032411777612
1.59692106125569,1.21879497233785
1.64996904191957,1.31647347548099
1.59140036312259,1.275583848297
1.80465264033216,1.33055028429888
1.67670553883888,1.30084585813852
1.5318885192791,1.29931148565886
1.59741848837284,1.10714360475113
1.33408436416085,1.13467799519174
1.43299418635256,1.14695054415163
1.46920712335065,1.08826995544158
1.64336182427334,1.27078622769734
1.85134296814935,1.41377530925198
1.46157213911965,1.10632288058703
1.74295712283303,1.31930745885437
1.89940362869822,1.36680043321432
1.42717054959642,1.09942107400544
1.89940530624298,1.38463035191641
1.43073475645732,1.08954856170216
1.78356547724316,1.43178940418909
1.58168038582248,1.21001308821017
1.77202781825887,1.33845237607176
1.55463787716659,1.2344874930183
1.4594019809022,1.15117864527716
1.91282672490987,1.39070155561259
1.58786825643875,1.30657124166708
1.73361617872668,1.36130215461142
1.58055739088728,1.25977182228891
1.66737488134926,1.29423930270398
1.74825109972355,1.36553252228213
1.42281019313204,1.08690621864069
1.55524457467458,1.1938860797202
1.57701835235965,1.13273859704068
1.66131348322519,1.34466264834669
1.47781306182766,1.21168719309689
1.68299463496308,1.3668936015852
1.5228238980788,1.17606864134028
1.56091581764573,1.27989902958743
1.65047218056992,1.16196410154159
1.90526225102775,1.4548677274093
1.7201074174793,1.24090867157921
1.99496678894564,1.44387533777741
1.76345881156598,1.33748719873582
1.72463294265379,1.34800153986713
1.96312526039655,1.41018230322212
1.66568131406107,1.24637157965411
1.51583472668939,1.10310399583664
1.56020105202942,1.22516417076697
1.53830821473374,1.19798277331301
1.76717612654415,1.31142354357441
1.5501080821018,1.2042433723105
1.64022253725093,1.30536481222824
1.63888126655362,1.26556532800304
1.38891103051918,1.04424327616055
1.6771070761665,1.22700198308394
1.92852127189878,1.55233327549319
1.33622698405508,1.07340535812958
1.61793782955334,1.19185628201638
1.55142068295545,1.08347840837326
1.61846447353719,1.20600991992174
1.63866638782223,1.2700201985211
1.87313890689945,1.40114050177825
1.51728895095611,1.15729194404676
1.53019673026978,1.22621462112621
1.57396291822921,1.29885378292567
1.72169390201912,1.33873118647765
1.63054926508415,1.23233785425899
1.68508679074031,1.37613740713791
1.31729649667366,1.060509950554
1.50327157865696,1.12846533520559
1.4600104796283,1.21813204896734
1.66576954911681,1.27877331570058
1.65934645999176,1.1508388210209
1.48470651376914,1.19217322741075
1.42473108960833,1.2129891581386
1.98291992565783,1.40521019434963
1.53422874978155,1.17469415024994
1.67861778349585,1.15593512002915
1.655164595673,1.2594770511549
1.75747920708683,1.32783989955936
1.60216059790993,1.19455860120399
1.49921425535332,1.10292264219208
1.75071160702639,1.3505384602736
1.46690104554756,1.15555953569532
1.44016159256977,1.07525819645188
1.76990977089517,1.22915247646214
1.87025468485417,1.39598997217645
1.73175216639168,1.23784112747983
1.76582989887642,1.26782664997463
1.69393165161114,1.18452393047657
1.81358742379308,1.31483733227975
1.73017552595822,1.23627131534916
2.02375811279856,1.5303353608856
1.65188622861825,1.30793819568507
1.6506965547897,1.1706095838901
1.62221225639064,1.35789582397575
1.80293599165255,1.23104786151595
1.86484077537268,1.39754266336861
1.63132763754998,1.27492426427746
1.69475111733877,1.20353385600832
1.71197473927614,1.29593477600513
1.85888101613203,1.47047702459952
1.79507221249419,1.31406572930061
1.68344020655187,1.21678978935226
1.76899744936636,1.4234528934322
1.56812768927426,1.27343967101864
1.66738489098621,1.3421482367687
1.71329182799616,1.34351157127825
1.7787631824142,1.2714573023556
1.38756593292043,1.0142705745801
1.50597774880407,1.23568243937248
1.63328077758439,1.29263056578054
1.88829555177869,1.46062656770394
1.53587180360997,1.17066622460667
1.43903094375057,1.22060459801709
1.75729969082858,1.255149764505
1.70763796798265,1.40486610224358
1.53527185749724,1.19982014335329
1.69847422275158,1.31891470200037
1.9179656104211,1.40301201723824
1.59677772510087,1.18328825476781
1.62105427786206,1.30579678230746
1.56871715990168,1.0984731033525
1.49840136631943,1.24349224254604
1.38703119534324,1.1203671737023
1.96446018853519,1.46249573259148
1.58199850836398,1.20016768830267
1.5233837354638,1.19011669388615
1.65974765984842,1.290765980981
1.22391912812417,0.99327882769022
1.80006582583945,1.27838894450886
1.7538062182326,1.44260754981535
1.74583817083035,1.4975373952909
1.5307045625427,1.10061823405097
1.60839084106178,1.22699321321572
1.45603498087519,1.13905860500168
1.66236091712477,1.35780681948835
1.69328912564463,1.3365279199941
1.86501806650878,1.40438592689017
1.51194696600583,1.12218422783441
1.44447136639883,1.11427540807518
1.78439547135429,1.3079657744763
1.51495195863982,1.07215896561439
1.55569648705889,1.16330816032024
1.99112197307395,1.55571265669296
1.64584924060667,1.29416862481888
1.70284846470513,1.29959168910478
1.74911190807829,1.46447831874596
1.82789592982706,1.29209714545029
1.58753650286063,1.27797923976273
1.68951500493965,1.31922183318985
1.85845527838414,1.62352446422953
1.46522673924352,1.15198128651705
1.48522240026915,1.20630127147112
1.83136057211799,1.47674398572794
1.72098802117767,1.21698351272548
1.80255509887225,1.35576442813232
1.42293665019606,1.16121348020294
1.67082855133173,1.30553069424647
1.51253488136361,1.22063670735417
1.75030186021739,1.28307612577865
1.5393675920894,1.18553696237887
1.6392072140977,1.18319739606134
1.55498696876342,1.16881688829619
1.65043566183275,1.33906239723389
1.64007730689676,1.25891783692041
1.4286050744651,1.08301466583256
1.63319638974098,1.26762256643166
1.87876053728961,1.34667919057548
1.67807821074804,1.2767896016802
1.87307302554307,1.34418475764668
1.70662662966242,1.29490056987486
1.67677362304916,1.23738191120605
1.62170434611854,1.28426950539206
1.47520849646317,1.12435391353708
1.51861375645037,1.1534899758235
1.67874655424035,1.15688698250518
1.40269990695434,1.17492519965411
1.66349196714553,1.30280603882641
1.27337829362817,1.05640208955344
1.48220419151186,1.03122327947006
1.47892598245892,1.12509446569958
1.41531007806709,1.16625391375813
1.62704424215814,1.20201804166343
1.37990741706868,1.10288378182921
1.50492687966161,1.16095488861235
1.58085526657719,1.16479476802678
1.59448459162928,1.31417811240594
1.60420590830113,1.19375774084973
1.85045821084385,1.3446756276894
1.57308586782447,1.33482877314382
1.66025361922384,1.23263543339417
1.45615474124831,1.12865630969852
1.54609401447777,1.13483664987109
1.69526816672942,1.22503393538259
1.73596626644086,1.38823870128555
1.56867064578111,1.26570018181485
1.90088702172376,1.50792973954674
1.86768034940085,1.31622923321151
1.73187698198874,1.30996905858551
1.29170093617223,0.976759394344595
1.62092429611759,1.2575327265621
1.61927005398274,1.3379790771339
1.7259523926133,1.36543165791169
1.66031705484938,1.36874651014774
1.69442579507145,1.29917950933179
1.54862338274279,1.16859507418164
1.90146294925917,1.55006721294512
1.81129109415356,1.39661306478886
1.76289866649983,1.34368417833843
1.69195819807523,1.29990785658362
1.66447973967418,1.35784896115071
1.60858911642984,1.33768308950391
1.63910193316442,1.24433651862249
1.47954764224174,1.14392386738168
1.60657375174376,1.29794889322228
1.52724092139417,1.22797976311499
1.41006447857665,1.08346143794413
1.58246164763696,1.27212815243747
1.75551763129304,1.36815422790987
1.90020367811105,1.39865570066149
1.55693054841435,1.25130859992381
1.72504295174792,1.43086377766082
1.81623134707459,1.36291868631948
1.69828002588389,1.21758429662406
1.4057521254088,1.09679443320942
1.3589158366302,1.18693665204344
1.37896403336347,1.05683474667453
1.8807628737113,1.34949260427323
1.76359091334342,1.4052567074396
1.54698508830542,1.19573298602654
1.60606542333193,1.25875556841486
1.53965105876916,1.24394597406953
1.69731489494228,1.3811201491304
1.68527465074243,1.29825165582123
1.75576958755659,1.28248581420291
1.46109500103777,1.14655439488405
1.46175885188878,1.20848141349827
1.83666590386314,1.33318433912121
1.74174330224707,1.40477358985422
1.58844641778431,1.28947807104924
1.78037027447052,1.28794605878394
1.57823546457711,1.30948437830695
1.52126963270652,1.31968181443217
1.7421151757365,1.23217973075108
1.70876737780608,1.32129402122273
1.9250952717029,1.4371803310848
1.649512084169,1.30276231205816
1.81610060250754,1.27655138387588
1.5613241463759,1.22756505219347
1.65700234892733,1.12304478970448
1.45186517997811,1.09978251158215
1.70363629705507,1.30455787217989
1.55585204904775,1.27941873257514
1.49326695784021,1.25040881462075
1.8764464055347,1.38534436041838
1.56887273307986,1.15665498458332
1.65202222283627,1.23098586208115
1.67562507123016,1.3130907714595
1.43864287069749,1.1361404010585
1.45401677174422,1.21193315093979
1.53793216951652,1.25913735236529
1.68018567549883,1.2040743564266
1.44791992963069,1.12468922689485
1.75761298847731,1.31241147913981
1.87234173286346,1.36816508611956
1.76389979121756,1.39883308042208
1.66258906583628,1.41618445607195
1.4875715921739,1.21848539012871
1.50516051612163,1.13510602634863
1.84846190116539,1.40436630074032
1.45114299806974,1.13331504595599
1.54472270013781,1.09739876412394
1.68231995759651,1.3046562370381
1.64056084242507,1.27004259360228
1.48684720866672,1.14310410352734
1.56908152553924,1.17879714537731
1.44041588380081,1.10232241082672
1.59612025993143,1.34026492048421
1.73236639348564,1.39394181874667
1.647051102193,1.29852084775841
1.65267733775735,1.36131452610371
1.59873269881186,1.33950120929435
1.67386781077673,1.28792793739292
1.59150700642067,1.32276077551924
1.67843927052559,1.39592906870606
1.7883551854113,1.33999500746766
1.55753182351838,1.19821586251286
1.92419004788136,1.39935535806068
1.55813932000421,1.18798488738775
1.73009496069458,1.32752579998369
1.48040695563581,1.25459118571317
1.5817896856598,1.23010562165859
1.81814104809816,1.38341569044774
1.78366417155463,1.26417160526053
1.71917802837224,1.2855970148804
1.72827089522382,1.29999525367405
1.80898605167272,1.32660817562618
1.74310878216537,1.21977961275993
1.62909896962621,1.29536527981711
1.58137557379864,1.23333469789517
1.39458654394068,1.12652560283711
1.32818225351898,1.04474506514046
1.92623829899329,1.41728241975869
1.69119286368509,1.25184384391911
1.66141074584632,1.11446491989126
1.67331469280439,1.3644260271644
1.68308511684789,1.296055135555
1.65574487382734,1.29030610837054
1.92569341908845,1.52352183387908
1.50044355154869,1.1498756971119
1.80832773950305,1.28380055606538
1.69057836651208,1.27251333065011
1.52759206886316,1.25300685568579
1.73044934888438,1.40088435817488
1.79567168544431,1.2737562556076
1.79245915870478,1.4269832717299
1.67287145271194,1.21982294940978
1.90449241725795,1.35754111610413
1.47831115192962,1.26472510625441
1.75590051585558,1.247389583339
1.64013308842606,1.19307811042281
1.38949047086144,1.04664816918511
1.85095742938334,1.36077216155457
1.62880593006331,1.31205688803332
1.70814591438097,1.34830210841851
1.62449237401467,1.2960186914038
1.75061184367263,1.40689092526308
1.85272452626141,1.42217371854416
1.87541606225163,1.5893820360158
1.89779473361964,1.36481663866103
1.66878256174116,1.29909703772831
1.76588328088456,1.30936391385968
1.48743548964313,1.24473484073687
1.59838636108567,1.2446479213433
1.7347608895141,1.33888839011937
1.83281184558836,1.4118417446339
1.65803205147984,1.33546450560776
1.78697777158141,1.32222238644394
1.35199845683193,1.03822286086799
1.72127234569345,1.34620586877019
1.55448044317673,1.21301598098734
1.94129022952618,1.42668253947113
1.62994224410597,1.22424104489536
1.69244304445236,1.32136415793581
1.53676592590424,1.18106488739368
1.34732359367461,1.19173276460026
1.5481243384106,1.13814166311763
2.13801679338775,1.68876223959565
1.85202676827501,1.32440431483063
1.33184272266111,0.947750918533965
1.74347994499171,1.34507983167801
1.70481438892983,1.38971889450199
1.5740453880599,1.25046971992068
1.75025076089209,1.24040776203337
1.82695897236647,1.3733708490151
1.58665472680448,1.26503148528712
1.66873469488234,1.41311432618696
1.5250168090321,1.23162033286982
1.52661846870818,1.27491651358879
1.68915493908106,1.35083847299975
1.62507082892489,1.24088498349315
1.82057109210997,1.40448276297128
1.52292905113767,1.32269765176183
1.80226813269744,1.52254498062216
1.80033212460889,1.30682436059726
1.53288498613539,1.12573744398677
1.65668857273992,1.30550260974638
1.46497399876493,1.16178928139569
1.6364757921038,1.17615553771849
1.41420616568927,1.12493779531007
1.52614302764746,1.10292106919632
1.74190862477195,1.4100075521586
1.66166040483009,1.17287132615804
1.77957733792358,1.36879272554911
1.76278232905033,1.38630006762548
1.71020420841182,1.27254942108077
1.70606451446133,1.16329183370558
1.75312749714864,1.36894798261247
1.85346081809905,1.38506781891059
1.75583095395133,1.43145082807671
1.93092973718561,1.42986563587864
2.02385958961293,1.76130417170695
1.418032367764,1.11448485063829
1.70753958829818,1.26779337527636
1.72054035667723,1.31905177419752
1.62855810458883,1.13714415528859
1.34322735619688,1.12131104266942
2.07343430961481,1.61202898235457
1.62443029122254,1.24313905127506
1.87653724864511,1.34960706415291
1.50906659828744,1.14911008723607
1.61002949344872,1.28776587645076
1.47208602290278,1.12992111006917
1.77070181201935,1.42079517616332
1.47205358606095,1.21174454199836
1.48019955929429,1.11714151152061
1.58506242903789,1.29247618808448
1.61608634738287,1.34605669642
1.47382232928429,1.1175808580892
1.50818796831417,1.15179325258471
1.5767562083792,1.27022372681108
1.37715322857015,1.06357529121614
1.67866075630794,1.30405954851965
1.68470294192706,1.23501194702084
1.68333279180324,1.38605727197999
1.32017861044847,1.01212138300082
1.29652117048739,1.0517304814793
1.48254380520542,1.16270992481413
1.93633141377096,1.61453540280054
1.68843327351234,1.36265844099661
1.624633179242,1.13535244331223
1.63443623333632,1.25081721127321
1.46859874546302,1.12609817044803
1.68063497758384,1.34183680220871
1.58801121742589,1.26955626864835
1.5981025510164,1.08637836984808
1.72997805524105,1.27967039834714
1.77650981727346,1.29080546995141
1.3267381807984,0.992874016814965
1.4729464019853,1.25872432596044
1.80250484825635,1.47017890037766
1.78959465514754,1.22648240168483
1.85970255031841,1.36528789514625
1.19341567680865,1.05039815194551
1.66732148674177,1.35386486258343
1.65665586099246,1.31038006780189
1.78701577451318,1.34370414610177
1.89001748328934,1.3774111282054
1.5708651241913,1.20285587369968
2.02951126348106,1.45179998932524
1.88389212620882,1.31753526337135
1.51162169440235,1.12749845747052
1.73017910360171,1.30064775427354
1.55608822501377,1.17363240631238
1.90484264236402,1.40430201581859
1.4595560729249,1.2009495345432
1.65359675553475,1.18936603787918
1.69912825963338,1.29868797910083
1.84404149833294,1.3663344127914
1.66485110235022,1.34211911332186
1.59922407636923,1.31461387906718
1.77591243313342,1.30869847883677
1.74945789617778,1.43221992578745
1.42327882149087,1.15641854586329
1.57274897559684,1.24762751231335
1.61693963383673,1.27204508653193
1.83766150754561,1.4275043169572
1.72975135070476,1.51090788286134
1.6467223530048,1.24344018625073
1.42592677179032,1.18990998529939
1.80985209868349,1.27955070740363
1.43256767601911,1.18184308066073
1.56107894646561,1.14141160483434
1.68903191552681,1.22978628963441
1.60549113512454,1.24881740550587
1.79831029315106,1.30113335271668
1.69984156996618,1.42575000634768
1.73728379810095,1.40326340955698
1.80002176644813,1.34048171682654
1.41164345488452,1.07040479299042
1.70159584525766,1.27234671328405
1.51847655993279,1.26733792067008
1.5737432896951,1.27667480866826
1.71951880159173,1.33668088416472
1.74912188030381,1.40553708008058
1.39913284070408,1.0671800976386
1.52888144920069,1.20372859561336
1.29039822845256,1.00130890569678
1.80614411920674,1.43592663202403
2.07900602228932,1.64519416807421
1.52047533241515,1.23577292043577
1.5765737667281,1.17600453749615
1.76755516035487,1.36899755486501
1.68871252079016,1.23165776039053
1.75394231544664,1.32660790608064
1.69673040974667,1.27999819627367
1.57932839273426,1.32316837210981
1.59817577003032,1.27530478870343
1.80543975800771,1.37217873685992
1.76284471355285,1.36460942410726
1.43623470190853,1.10598642336688
1.58302948506029,1.3056036558307
1.3985088719337,1.08845688300975
1.98534180416573,1.52447374450022
1.53104537931519,1.22962938404892
1.6800463503705,1.30078100218918
1.68020725320485,1.11061847085968
1.45996507206412,1.19427680261643
1.83862296910785,1.27883236492946
1.75926292583147,1.18895436414804
1.65853626996426,1.3481687576666
1.64253879580104,1.12929318423776
1.65493678972815,1.22395899201685
1.65176593687158,1.31973315431942
1.70035487730596,1.29225327554084
1.51469584263562,1.20775953083372
1.63440079462985,1.27512877749366
1.62559048401041,1.1371209642629
1.70474359671042,1.19532990264604
1.58630824140311,1.26479196654608
1.605316728394,1.19500342587097
1.66767129421815,1.2424281228929
1.80840641858352,1.40286082743158
1.770510234245,1.34764369209388
1.53526491559318,1.19292525007422
1.4730703439059,1.0622245732089
1.46834962706395,1.19550443148399
1.85992585804257,1.4334373649951
1.89212215195773,1.41299722430989
1.63581421219417,1.31951961096368
1.61346927836595,1.24291138233171
1.4694697880368,1.23619165261411
1.69601682716305,1.20512286398121
1.83179059853251,1.29508567029926
1.75577487522767,1.51213372449193
1.42862418531381,1.08156516756029
1.80269934986867,1.30071122806041
1.71363220970984,1.35046704234222
1.55553203750466,1.17400609322273
1.37139915521777,1.05373807345863
1.70866994089454,1.32868178005113
1.56762969792122,1.23876754725608
1.58829557742278,1.3141141547772
1.49384283139536,1.21498626014123
1.44746429834631,1.20535487494108
1.40529912603113,1.04190965221911
1.7116682016119,1.34879147458681
1.44841546822045,1.17270434322833
1.67663306639023,1.29669136083159
1.649674797319,1.36071179414405
1.46986194823203,1.03106276369697
1.83049872495429,1.34320060232239
1.50764330833946,1.21761550374418
1.72632519125923,1.36091959063769
1.56031733372177,1.22133876937672
1.64899574990353,1.28904914046171
1.72471812971478,1.19551263332571
1.59620526754073,1.23610424858095
1.47342522700723,1.12149765573308
1.82504496740674,1.29957688324968
1.68896371058399,1.39440873114583
1.53774632072184,1.28128532737538
1.481261295315,1.14605014741101
1.78376833919412,1.386015330123
1.88234650405369,1.38401142058666
1.68159729521959,1.38369294735093
1.63280834478876,1.27941856672368
2.16070484180217,1.74808177990184
1.79408998505196,1.2450734220715
1.60767145321381,1.14164648253097
1.7076794289161,1.35155987722091
1.75123828196769,1.27726545759604
1.62293602171141,1.2768662249539
1.7965673743522,1.34327043765761
1.69995619513228,1.15415387950658
1.23987769986262,1.02060404998606
1.57916169598814,1.23530210505173
1.70775273106301,1.27843944822686
1.41636076039195,1.08148456650887
1.61272632820102,1.26671658080473
1.46527157920522,1.19695324918732
1.57454772947506,1.2688562282159
1.59335282463248,1.21185988038905
1.41304213262927,1.16791160664411
1.61073793211663,1.27871018694954
1.87635503074025,1.42812221240623
1.49871502213021,1.24170519250272
1.75324064214194,1.24437106815129
1.45500019776839,1.23552673800787
1.55155056814462,1.27145878113174
1.77733393801119,1.32249367681506
1.75137574767069,1.29424080211676
1.53114857297578,1.28640329555905
1.75796961085737,1.13259936259827
1.9709626614372,1.40995876515544
1.68972759246461,1.1596003346289
1.68911124835849,1.31107862803443
1.73475781787091,1.20281388656131
1.73450156174209,1.36933984463043
1.57798699819343,1.1354401700413
1.48095864960248,1.12027100551702
2.07651629363629,1.40490168570488
1.75047559673091,1.26854312604903
1.2738279723845,1.07593903247469
1.68821588110522,1.28465480685045
1.54721431196094,1.28177197160409
1.59216102206257,1.18345929353403
1.52317211317311,1.16833952916717
1.57072163014466,1.22573969292653
1.96648131316692,1.45767287339801
1.5374917163278,1.288316832357
1.8727196615535,1.36142035731593
1.57681187827181,1.18023977593635
1.77547935120394,1.24641785316957
1.40623486174831,1.19155038922668
1.60995673050729,1.34730943443048
1.6456446024174,1.25584531731624
1.6106599082293,1.2451813031512
1.76015287148617,1.17953560621522
1.55656496296833,1.23325185307556
1.73018734980227,1.2190664364348
1.57606730474434,1.26916765864926
1.28210812316802,1.05868893701556
1.75213955779361,1.26731109875713
1.71769491027311,1.34904021640425
1.82785173174912,1.29430271617819
1.65686776452676,1.32165367299615
1.42153480805451,1.08143827264761
1.78496163862846,1.34614911877536
1.82146837296126,1.44050730504638
1.66962263468615,1.23023388196021
1.63722613237147,1.37741875927023
1.57208024631679,1.26673257550225
1.70099375797365,1.19960589152835
1.63578248095901,1.29630902468947
1.76395611569373,1.34629015761196
1.7790544178453,1.39940393011115
1.93439448258454,1.37234084997358
1.639015193109,1.29074937776699
1.63877761916811,1.27677280670289
1.4072710960603,1.19170051727025
1.62143709704691,1.38534692304163
1.38057226739058,1.04924850061972
1.66167514191071,1.23725672441788
1.1512948864822,0.92882313412593
1.65239434618588,1.35143621201863
1.56883265718392,1.25599476167223
1.56204048903241,1.20395704119691
1.59832511652648,1.25846155705224
1.98357733715749,1.41387534838287
1.64633497656514,1.39997270361115
1.62870085155254,1.26629242348232
1.6897805661924,1.40826433446396
1.46580018717484,1.16143017413281
1.44586133154938,1.16478752088594
1.47717461577027,1.14013934253604
1.60186078254624,1.13007685269044
1.49509607987073,1.2460616727921
1.43515595443992,1.0013113236258
1.58281386718009,1.21789064762369
1.60591901231751,1.24025708010197
1.61981657434194,1.17746199295349
1.64372834833548,1.28602071307883
1.40879876060823,1.01557348197559
1.71052661172264,1.21658398732414
1.81176994054987,1.43105074768151
1.64516906406221,1.31941004496205
1.47437348775106,1.12559266936262
1.54695232213835,1.23228351276791
1.81852000916423,1.47777271624556
1.61777024673507,1.26356642535333
1.98085210607987,1.44437781025468
1.84583062415658,1.40200950719218
1.69396612622726,1.31569029939722
1.90747100442114,1.3806108389765
1.58165753338045,1.22793543885353
1.62032929774389,1.25498014855454
1.73382071009176,1.31992127277082
1.57886219083932,1.24412278772685
1.60718253123976,1.26778195034154
1.90655624538249,1.37257715640661
1.51264432252659,1.2367524673793
1.66489538700916,1.12490279915167
1.90965766384359,1.41732361743408
1.57031080853083,1.09395978461462
1.41328956234517,1.16727652079666
1.63534152645384,1.25167864208352
1.45371737093937,1.12000655588906
1.58429683731661,1.18011389555386
1.5830920035804,1.26839524256753
1.6306797565482,1.24949292862908
1.30528173863371,0.959871799400488
1.66971175023966,1.23663782129109
1.9043112368973,1.3758542012801
1.25778609827675,1.07319979484859
1.88219685784922,1.39210288315309
1.49265788756117,1.12289877402653
1.85788149839077,1.29993570047706
1.85187815304076,1.31377718660706
1.41301830943739,1.18445232167076
1.62057710791565,1.23757993089268
1.33095171145881,1.04999035456071
1.37947715288567,1.17471985898876
1.64863491991396,1.34561396912287
1.73532830270103,1.38144256586659
1.64171315307548,1.39860302587022
1.60416923292172,1.2499367132966
1.46789648438795,1.30360547953465
1.43575548167111,1.19465612475489
1.53983607641731,1.21610173336582
1.81790723878242,1.39502027389595
1.74006312492768,1.35121416499977
1.64453102097792,1.3103133244292
1.62146751937708,1.33498256239936
1.87323689499926,1.42729898670516
1.59174508482418,1.17514781045242
1.7104220836406,1.38551891220633
1.40115362626788,1.11156272773332
1.53422857547223,1.21216923430698
1.67491521623351,1.24650698566676
1.79383096653787,1.30424945856546
1.7967916686442,1.48111306932965
1.3716032865826,1.02922560013313
1.75318824485127,1.39583609148621
1.62514569611298,1.24460120883018
1.92776489091965,1.35816600823603
1.6202812703988,1.26189817522585
1.67508375564018,1.29488173495564
1.60250379266164,1.29931060047592
1.70021890366953,1.27615701367588
1.71740865293473,1.40279033035577
1.79157142558571,1.4429653752498
1.47076519781565,1.11768678920137
1.79889677575412,1.27071790973445
1.82100090004273,1.43730249969173
1.55666131426025,1.19861389175767
1.43865400669461,1.08573636794839
1.68688892408398,1.32291982404642
1.90298674365282,1.34393953728304
1.70760597748937,1.15452970405574
1.61092988184786,1.12658336252643
1.61354236516442,1.24256419049113
1.85874536929598,1.47014570537663
1.80507037715127,1.32856270909917
1.81312979548091,1.36393565693656
1.80125229670236,1.31420688916505
2.05328490251036,1.65834572520548
1.50916242836006,1.18858312692204
1.79548935779853,1.36160909239481
1.74343863984228,1.38039094874881
1.48542995112095,1.08925141567971
1.44069687351196,1.09001484355019
1.43487876488569,1.08408666037721
1.67959529184173,1.22652561079414
1.35637555511771,1.1457231732873
1.84451200104012,1.41310808455106
1.49308078336084,1.21611401427368
1.35013681401039,1.10098699307077
1.70863940557235,1.30518406423774
1.82914066399713,1.46592285336546
1.82931083832271,1.36482176351863
1.83363242790363,1.3667468237147
1.75786679858844,1.24895056412164
1.68928210014169,1.29346824992945
1.56183299226975,1.15750239071555
1.80170424067988,1.268727697002
1.49541765297129,1.0231643481452
1.27193936333344,0.986363902285865
1.31810520363811,1.04141350408372
1.6509529242042,1.3664644423136
1.68382504290309,1.46250287462716
1.67813011652308,1.30217629216293
1.99145870135089,1.43414705196308
1.72587062424009,1.38825578038962
1.56714266769475,1.2405293407034
1.41554502404335,1.15746272987849
1.58270298841611,1.24918713629281
1.70699589763282,1.35653299762685
1.63336785102091,1.20986436002259
1.81164484401264,1.36598796362377
1.34276160557072,1.09882650779046
1.56097717131639,1.26676464797186
1.62802135840395,1.21222423591299
1.49428426772021,1.17186961766023
1.54109125076364,1.20336392973825
1.9141438675286,1.5383809972583
1.8970893150607,1.40759584704155
1.80527331384083,1.4643006520655
1.54200809805761,1.14114240975292
1.834402471478,1.33744476474885
1.60531689025,1.2323069105729
1.55246915871253,1.18568006781289
1.76196328611571,1.33191563576237
1.68009147996091,1.31717814552835
1.29168329501251,1.01859003564655
1.43023355729871,1.19504857371913
1.99321606818554,1.46523713532162
1.60613792773216,1.2419340771696
1.61833246446047,1.21186259812464
1.92186752467649,1.41670835718136
1.65327957261145,1.30936530860688
1.69363681689174,1.36711675186755
1.58045182312329,1.22979286835205
1.70342501774781,1.32991910728775
1.62801380133507,1.30264274485262
1.6892179805149,1.2472298093212
1.82936770614619,1.33610034730479
1.48059385634201,1.15047680276113
1.46386096295067,1.21393355892955
1.59340847838264,1.23625167245999
1.68474458025945,1.34495300259752
1.8609466321209,1.34663168967684
1.62763414903135,1.17710523124694
1.66408061547599,1.29820734281001
1.86878847276821,1.37340895098634
1.57444650848358,1.07082084150334
1.76860157050617,1.31994576508124
1.63402053849808,1.3106103912544
1.72383492598613,1.35766515948384
1.79422209125691,1.33075683325078
1.65247031962799,1.13105886822634
1.72941173912095,1.43858668964263
1.77176163913994,1.34664566823482
1.58271149700653,1.13783497039721
1.76284502634917,1.3781456913228
1.83814209768777,1.26021396386259
1.66328556106577,1.29154565531083
1.52837827777462,1.1885441021382
1.8988736133234,1.43271488384524
1.73321297626482,1.19139203610153
1.5337949400783,1.14165483427961
1.7406319320741,1.38694359774615
1.68337811970458,1.20006000184787
1.76232534957612,1.26788252467612
1.70554292327956,1.36939389678295
1.5548808151123,1.21348578882954
1.63528106378899,1.27818285500121
2.10170837951738,1.70630851997747
1.49520933978096,1.1875914346585
1.88291799579133,1.34138839089461
1.72132665930679,1.36648310350999
1.72672799803677,1.36764002001667
1.72662845215381,1.36097689592394
1.5612597366307,1.06522285980883
1.61463911702715,1.31448225282449
1.55462141146975,1.26468605642369
1.62575658966673,1.31196844499967
1.70805576285862,1.24083578159903
1.62490714043228,1.21185200421921
1.95683889550137,1.41631311740883
1.65018866605234,1.28381779312001
1.27947254866323,1.01926174698467
1.69649716591504,1.31883209844786
1.57885836761986,1.24320897377327
1.32915335467541,1.0264885543284
1.82374907399202,1.37761669951159
1.58731685560158,1.30983799686609
2.02782678915222,1.59698622701622
1.48239421385572,1.21046591169348
1.76297029675702,1.19673318724971
1.62115417910279,1.29424695394162
1.70143488578756,1.39674357467608
1.58360951505296,1.22381868436105
1.6642112419138,1.26858565837154
1.37696773826695,1.0593284183556
1.48207088462095,1.20455917817631
1.65216011126597,1.32366715846431
1.75816482411764,1.24112831347081
1.66769433201798,1.23825235560661
1.37698533882833,1.11639279617416
1.71000561504008,1.36110724323945
1.60961582902116,1.12476926390858
1.66865989084889,1.25061759178626
1.57628284760738,1.24555489674699
1.75851544785579,1.28043582966761
1.67865470547865,1.28779935654786
1.55472807971535,1.28201977238868
1.46350574864128,1.0827438424888
1.42053216244763,1.13967909463453
1.79235972802687,1.44954455589385
1.58864860325045,1.28037718704601
1.56401553107082,1.21173111177555
1.37524089153382,1.13481880955954
1.59235877674234,1.2257819506448
1.49363391380932,1.20722645880341
1.76274693224104,1.31145417649941
1.8298874081714,1.33266529751415
1.83809213275588,1.3352546692388
2.09492126362887,1.4744031209083
1.72302910715893,1.34287386710258
1.24290240781237,1.05080185046925
1.84560253889297,1.40939119324715
1.67967973013799,1.33841950796304
1.60813516825295,1.30590568567129
1.7083753426655,1.26738663379001
2.34018625153779,1.86988508864675
1.69091954343892,1.3310142983108
1.50183214969893,1.13937571887134
1.81125686260051,1.40579325050353
1.78174845941246,1.33806278971345
1.70868527821802,1.3410200322012
1.50777037779713,1.173411645693
1.49799595487512,1.07952755462836
1.47303112717565,1.14282493525935
1.7643419932466,1.32751284107009
1.68003444714351,1.3683189667591
1.68263432338473,1.28070544739542
1.53360934442708,1.18024037266376
1.48152011819026,1.15236339006429
1.61193046583775,1.24976704656145
1.48723447266982,1.00982976436624
1.63745739327289,1.26066911030509
1.6018071908506,1.29302621139809
1.53056664660418,1.13132755676511
1.84290020801733,1.35720268066079
1.84771994828811,1.34604139487806
1.71395888652803,1.29032338984566
1.4602435298384,1.11315129769824
1.65005227880948,1.33928141662926
1.69718210024102,1.16206677346282
1.85504453832312,1.3610078152771
1.56754756921136,1.23143906663349
1.67222829665183,1.30996152789437
2.01185669957199,1.50847546771552
1.39237336936481,1.09120371743532
1.40039368390765,1.06827386000566
1.34420297384475,1.06188814827369
1.46860666178955,1.22506702010816
1.80357507696624,1.3279953574231
1.59011669089723,1.2337559828768
1.83915962925151,1.34477490930563
1.99715545527822,1.53771921855108
1.77167496024485,1.33170300214935
1.88405519947682,1.39532019261329
1.65041722668182,1.31633931035657
1.69393336155367,1.29910222568814
1.62487053391803,1.24398859823064
1.58521651936871,1.18718111542075
1.64798401718522,1.29052953065183
1.3411901751282,1.17973001748997
1.7053884754486,1.4436721906786
1.8513430832802,1.39850178978949
1.55573939838483,1.19210002536586
1.75677826496122,1.44853769094198
1.54488511944754,1.17739214151451
1.56598996544533,1.22115943463829
1.73561987061261,1.38795150291148
1.76868984888107,1.23594300688787
1.57882910045803,1.20619350408301
1.68591736027148,1.27225664249538
1.54974868957325,1.1615152537624
1.78282249386566,1.29713169324477
1.54185309572934,1.28220334285939
1.72754642853563,1.33776035265301
1.65667494093921,1.33667826612809
1.62158039396336,1.19843836899696
1.55895312834572,1.27389532483496
1.47222358795624,1.13341341112746
1.70299168896452,1.31255754824337
1.36291613519925,1.16149812823346
1.65916747434621,1.32568102963835
1.41803488660725,1.10247441184221
1.66511184329265,1.25626497627336
1.53924811288992,1.07534252905414
1.58148974298237,1.26334114456597
1.74228158967538,1.31280595398136
1.55318548160524,1.15470758286848
1.8611806831776,1.30728000416717
1.69755840963581,1.35206310120247
1.88617308585957,1.35585240259363
1.68218822481477,1.32208004096535
1.27711784643975,1.0382003299672
1.57144894158945,1.20926736832789
1.39071416998379,1.03724249166013
1.54731955808892,1.30708426219953
1.89305490633331,1.31788861217145
1.71283217316524,1.24804955657051
1.60574848054473,1.14370712526031
1.61519139499757,1.24748935815963
1.51953794381229,1.21507964365997
1.50642006778918,1.1882067690168
1.38853265254618,1.23823977891982
1.34653049457558,1.04379550749693
1.97451383527615,1.43195361109484
1.58022271633022,1.28018219098386
1.46866663002421,1.232238768921
1.54924525060046,1.17367160141628
1.68286044764836,1.18005834448868
1.73676077387599,1.26634557116838
1.90359687543473,1.33339422502204
1.53313697058658,1.19854369556233
1.73839085686448,1.29037785915884
1.56254085342224,1.21067669025137
1.50399287355818,1.211137020889
1.69602909399187,1.35506607850877
1.57663235265905,1.26191862326681
1.87879073454706,1.29923276168497
1.83571611571825,1.48039230031609
1.58236059633427,1.18955918703118
1.60317551987415,1.25454934088446
1.34374203457398,1.14768120566619
1.54035759409908,1.13566665923058
1.63706275568334,1.29508616306802
1.83087781058795,1.36400667761596
1.66439867845545,1.39656980596457
1.60178628057938,1.18769279792908
1.40839418551867,1.08540657385464
1.68045709870525,1.28016038914645
1.74741243732678,1.39605630476353
1.86840780905309,1.45492639094212
1.69318054194347,1.35154299204141
1.52221535796692,1.19564175794251
1.89863451501153,1.42327084407298
1.47634716587087,1.15307780192544
1.54709058526148,1.17258086284915
1.46341298013119,1.20455673687625
1.76993762891899,1.26028692784718
1.91260547584228,1.40524087512293
1.84775026906474,1.37318945212361
1.7333135308788,1.24382316140133
1.61889534672197,1.20912095825197
1.71431694202567,1.30533212095621
1.7434614654688,1.35602651552236
1.7035346152959,1.38937075108116
1.74696548064262,1.2323000342137
1.61437072230722,1.2260746249493
1.91498851435296,1.44127082679605
2.02132067843364,1.45598397102763
1.42264127905413,1.10936058356095
1.7502494608177,1.32731511306894
1.8928493389668,1.41852459741003
1.62183288097236,1.17301026663817
1.66702994689981,1.33099647372999
1.77561965299978,1.26682637890203
1.66281832626735,1.30923824974472
1.69363650839434,1.29551164875446
1.73064487859248,1.26983816892052
1.26241183489164,1.03102332142694
1.45838902908342,1.13680536390524
1.77818408554723,1.28447457999
1.46938450990437,1.1725559937324
1.66818215441128,1.30300162847209
1.66823635860334,1.3335779361057
1.410098651688,1.11527530623754
1.7373917736527,1.15809922024887
1.50403270094114,1.15984378368453
1.32001189110973,1.11325154211341
1.3669389832421,1.1105317901353
1.81263152828851,1.36588275993124
1.85909977311514,1.63227754948771
1.48059415713334,1.18128713769276
1.48543730839363,1.25391023600806
1.64467902807987,1.31376195548231
1.54366400687229,1.182232471852
1.86808583683239,1.29401977626861
1.82026031343589,1.29436551487875
1.77766574347857,1.44243323730996
1.64298601181042,1.16882030277537
1.92984128522699,1.34027357022409
1.82190206992271,1.29263637264969
1.69091544018084,1.21111923537952
1.62967647872229,1.26188912128765
1.88824574227406,1.42280219409371
1.57748697745769,1.31532121816374
1.75857344662563,1.39951763029552
1.67218611034411,1.27370300635917
1.46653333780355,1.19968284083752
1.66640319658752,1.38047581720017
1.72217974719444,1.17243067977492
1.54430804439573,1.30271037320209
1.49856213410242,1.21654678766047
1.92399255132809,1.39422635593693
1.72518035728536,1.20624093346663
1.56518121074281,1.12049675946797
1.5921665443889,1.2604412558084
1.50217771514158,1.22629946157994
1.32401395189743,1.10203613018921
1.71457096326156,1.29312563873827
1.6425643323179,1.25096366220323
1.35253676426287,1.0032614608063
1.85937738310725,1.52854581858914
2.22513347783384,1.81759532919212
1.4153709339426,1.10888075584919
1.46074246900046,1.14385176517379
1.64208257047386,1.39028977895827
1.52270978383437,1.09224393588952
1.73537885898469,1.3118632152858
1.74650973992349,1.23613337632719
1.72164696211052,1.35430466974874
1.54637868615015,1.22526557011215
1.76881069541405,1.38126029529596
1.96832036357352,1.44549509344492
1.85617962941229,1.37743996739398
1.25436876499086,1.00087723970216
1.50221995020649,1.08641742948076
1.69770563633925,1.3544677560316
1.8227200370555,1.38188977482741
1.84535484023846,1.3055912675756
1.67271369332466,1.27465817649462
1.41475551995354,1.13962491926799
1.63397632748898,1.26323008409204
1.84782264267844,1.36815181343782
1.5461686530578,1.18355844714123
1.73564888454284,1.34070166550355
1.62398917931216,1.29041765751165
1.65852017207469,1.33880304706109
1.65772776731897,1.24981868408781
1.67164945197908,1.26893976094363
1.78810324039791,1.24684357653735
1.54353983504521,1.20170468309245
1.58787788346552,1.1260237418284
1.41564720999097,1.19857693858079
1.90422210904226,1.54946331577462
1.35467081529068,1.0902946141724
1.38442057687552,1.0903664724709
1.96578961791138,1.44386271973608
1.67268593977213,1.28650651170768
1.77146267413956,1.34587438000325
1.75111419538579,1.39495630472258
1.9076496354003,1.43403542236404
1.75231805519161,1.33180440001587
1.48325041148263,1.10375437601431
1.57269268835752,1.31106096513632
1.43030706878195,1.15207177660595
1.43432717548594,1.11874293644525
1.45394900901303,1.04654404795078
1.56534990930605,1.09727947182782
1.82662221714052,1.33968839250693
1.69450500945007,1.28552610881573
1.6767678111793,1.33143584135529
1.42751709228017,1.22194125027111
1.59138443069561,1.24310851618458
1.74857503958906,1.1967138483598
1.60781565211612,1.31741379839665
1.65961620220031,1.39076703702554
2.12766078954917,1.70087933912824
1.96854107893195,1.47912712221296
1.86416234131251,1.42843645021415
1.34789286498891,1.03764354137598
1.7936358764943,1.31013214138799
1.77745796398473,1.51689301834152
1.76850304261036,1.35764241810093
1.54911824091429,1.37930153220607
1.72601608191404,1.31861206722215
1.52859870340355,1.31611239985924
1.51899263997147,1.17156541747526
1.78366388965307,1.30854137342591
1.5724133011123,1.29867938485219
1.65174462765774,1.25099667096606
1.80306856889985,1.30464160874279
1.59048792498891,1.27095817689993
1.93091964540929,1.6274004369131
1.69250416708636,1.41534265580824
1.86599842891656,1.37600057176838
1.57005730189032,1.27048533126561
1.78491400959338,1.3311500143666
1.54563064478225,1.20691665828971
1.76142118043115,1.36774329002223
1.49180529558604,1.20562263058509
1.74397028768806,1.35568174880469
1.82676604807741,1.4785362064413
1.67620375215774,1.38182555432698
1.52385893795841,1.12994211138388
1.37327466476708,1.13216652396949
1.45875320842487,1.13895659679721
1.53331235410214,1.16008629857556
1.66596765412441,1.31646464881578
1.66492779120136,1.38670382016815
1.36417171672318,1.13878737417679
1.51693421543545,1.1618464794051
1.84177058847276,1.32507836848644
1.57828685936868,1.20379179555672
1.7386898855727,1.27324267980157
1.68566331352792,1.27091366831748
1.46726988954952,1.19161574659344
1.74718982003568,1.25101918434108
1.77108288561213,1.39461020473695
1.70786195157998,1.216454583289
1.51262710772309,1.15833137390181
1.88412711861795,1.44743785010595
1.80567453191319,1.32301108272634
1.65015566696272,1.28447224823995
1.49139398758558,1.09792802815333
1.58533747142004,1.20067244347372
1.85530648632444,1.41613981129992
1.89670771000282,1.50848899682898
1.84615019437996,1.4046740317904
1.57683889734873,1.37645783962729
1.51214189115503,1.12435581484499
1.415613268269,1.16086434962025
1.59079884502551,1.25427967635359
1.66498401604557,1.30702011881572
1.58027655520628,1.2715395569323
1.44951003998651,1.18120054234621
1.77303834984847,1.31511834954436
1.70834372429541,1.2973650486088
1.76839500754022,1.28303724142646
1.64030908258889,1.26008890256958
1.47968755774412,1.18926377410899
1.73697969800511,1.28043342816374
1.61166837902723,1.17843409756774
1.88866402689706,1.43824222537922
1.70251720956976,1.33538691270408
1.64477562038102,1.28011431500046
1.62405518056842,1.25042119709962
1.65224517063178,1.30228573354787
1.74270555704853,1.23457715367821
1.80719784003756,1.42450697556203
2.02410757962091,1.6927020495575
1.40502789991766,1.18866273428592
1.50853376298246,1.25012419478624
1.51016058187542,1.25137263369928
2.11390353092455,1.79793152559502
1.88465306504433,1.56383204775979
1.45189833954994,1.13943641298174
1.8303039007107,1.36476831320582
1.56126641051545,1.19298696949051
1.25204382869415,1.00879914766881
1.25396989965172,1.01913204054594
1.8572918485809,1.34035810952538
1.7996215378817,1.20134947141889
1.5235775472182,1.22033160548397
1.63073306619697,1.27077190595825
1.57206246445626,1.05873047570202
1.73644213378617,1.31905641131273
1.70044989248861,1.39214339050047
1.59212757174131,1.21657311190109
1.42559709848478,1.15167024436399
1.83136974234612,1.4093640898086
1.92000523352564,1.47567054690492
1.6214113356451,1.21267013586218
1.74309639373951,1.22941925232272
1.52629563258414,1.18899496423925
1.62765744827352,1.25353247004166
1.89934327611632,1.44211548685225
1.71475293450529,1.3418481709765
1.60742658823164,1.21966187260393
1.51971135262161,1.28023787570624
1.26649234209663,1.0590985316369
1.81501319615955,1.3292556520429
1.76105434689628,1.26856199812793
1.78322548348928,1.45721169043864
1.69668520122383,1.32964851424
1.90030333787442,1.38467030795141
1.56014699257027,1.21517854660596
1.58018059573161,1.13641687798872
1.70253571050283,1.30675522517616
1.97977950077592,1.55428756907468
2.20423089384785,1.76579185927762
1.53620329271743,1.16445341384307
1.53013891882941,1.21615454095849
1.57290814764463,1.16047148979365
1.78825010304416,1.35287935201621
1.60144365988379,1.2428607109022
1.36948899508543,1.0934169140443
1.69563057342564,1.27477563458811
1.4563704863602,1.22418370547372
1.80208254680379,1.49478741457803
1.70234022461402,1.21104601523123
1.71528310621148,1.36417351724078
1.61484953191137,1.28873275843753
1.67768118367409,1.29936808145459
1.54942502367363,1.1904894645791
1.43871850091206,1.16241721152359
1.67764014484477,1.12347636312807
1.77815936736692,1.3977487708182
1.65708789422356,1.28049054661236
1.22933303521798,0.86185607659521
1.81231263968751,1.34336514033996
1.64014742752584,1.17227625440992
1.65479680033398,1.24752150237264
1.54059570534344,1.24142311599408
1.57329911643859,1.28908266945842
1.48834529648667,1.11286793527246
1.68595693787236,1.31115475678482
1.61151074875575,1.30667333735847
1.70977618392428,1.37588729604257
1.99955665890671,1.72093510821122
1.93807282891179,1.39614348895706
1.66899540830735,1.33168674236541
1.72804015061742,1.3758626787665
1.5720731538232,1.30374570711674
1.77987220427453,1.23671424907515
1.82392853768754,1.32020338460997
1.75123245985115,1.24380642090713
1.44279081717101,1.16688658811493
1.75616467040871,1.4934200640944
1.88698389677329,1.36233819000799
1.45086916991291,1.10019612047224
1.7826243560566,1.36024218820839
1.69653460623426,1.3300144621044
1.60926077094288,1.223954363714
1.51086356471385,1.22995828101111
1.62279646425438,1.17786898666838
1.73021520998242,1.41764348107911
1.73675883327246,1.2778322103856
1.64721370772356,1.34394544384547
1.70793644585262,1.18922350378467
1.66269837079332,1.19056593124287
1.74213341748142,1.199500632446
1.63838514412975,1.2903117451744
1.40453966133589,1.16348002258813
1.70630838105931,1.36182890741702
1.67260817468471,1.26865059628315
1.73513950599169,1.24154109973622
1.77295774159161,1.34383604592833
1.35573970135533,1.06628524129611
1.47712254657564,1.17409908362186
1.93704516478137,1.37174670163133
1.68542286188014,1.30621474000067
1.56964778713568,1.28691272291293
1.85599637781108,1.32580350228539
1.63843527518919,1.19663992866011
1.844569661042,1.44219828132234
1.38853290481595,1.14071787563859
1.79962117992848,1.36294229263753
1.71569049251605,1.30513598025556
1.81569470980835,1.45265740782297
1.47565051698138,1.1631552002
1.79232948936758,1.27580844891819
1.96823946218918,1.42188253784907
1.62943123760535,1.25114313082392
1.48251999851756,1.17997942181715
1.61266706563538,1.29903261403068
1.63199785689159,1.17822769508446
1.63411006579858,1.2641146672915
1.47543818178448,1.06544472793148
1.53864057034808,1.16551255985191
1.5832119009937,1.05411425046486
1.61485674948675,1.19165044143716
1.56971606586524,1.07686385579501
1.65461483349235,1.23059187966121
1.58002525743786,1.26322234241164
1.26644021416341,0.98598454630345
1.76509698749236,1.30114454651202
1.83529694562116,1.47895697203418
1.87815371029977,1.42416979798158
1.55898931245707,1.22761838672103
1.74929358175335,1.20399764631904
1.38638099005669,1.08319930628351
1.67761980338893,1.35499580271475
1.76698804115984,1.33252318663542
1.66990812018971,1.39914556559319
1.76107388561798,1.28044216557622
1.47246850705077,1.13187653044362
1.52498712980051,1.23027299989947
1.19963464880271,1.00487186374676
1.68732937480771,1.36761961931735
1.47939395881326,1.17802330235725
1.52448746122328,1.11659656001188
1.74737838870257,1.38085474892326
1.6399647396036,1.26341235070728
1.58699275797767,1.33390190979147
1.79576609666949,1.24120723380055
1.85419070555328,1.48621801828278
1.69675815649291,1.2259933467894
1.76199533516214,1.42134402406938
1.59226359209142,1.2519133513765
1.54811623179677,1.34046435926034
1.58510800495992,1.20973599748944
1.44406760832032,0.999819764490163
1.60715512606852,1.26547792358077
1.5860741695806,1.18153089426522
1.68523425539996,1.23399848876109
1.74628959807068,1.36742089403483
1.6420514388755,1.22256207996248
1.77787049527458,1.40843394231923
1.65403773531393,1.27165753653351
1.70833565135933,1.23078213355322
1.50340041820343,1.16593028593024
1.75023130700185,1.24331739674843
1.95832816421418,1.47711855923926
1.48795650365407,1.20328599245751
1.56194066011134,1.28651620727849
1.60194455132037,1.30996235046423
1.9206510451459,1.43044982490657
1.56316160800372,1.27562619667457
1.74526804194732,1.3812784825401
1.72739928307446,1.34908510282213
1.85432371110463,1.28553094104573
1.70903665539993,1.28896385599183
1.48486958080623,1.13534158142418
1.9061719061257,1.50883387464356
1.55575673903155,1.22855469163466
1.79773879881199,1.5519050657153
1.57448227030395,1.17095113408105
1.87608218228303,1.46224165044889
1.82801753117932,1.42500400039257
1.80675274185733,1.41615322634986
1.81849821973171,1.24563890444153
1.72393724252383,1.1797839062356
1.79002309510904,1.34105979259665
1.864583725083,1.39204836200562
1.50684809737463,1.14504122411965
1.61219651763257,1.26001557422429
1.47308509207694,1.12835031044593
1.66775194872949,1.15419132900853
1.54042950649389,1.24117637529948
1.72874137508748,1.19599765432288
1.59184573096766,1.12787541758709
1.76623392996858,1.3038808772776
1.66487251010005,1.2595768786713
1.81265076994623,1.32232417990974
1.65983892320927,1.37465217973912
1.45761036920465,1.25301943256542
1.61884447333052,1.17414964372258
1.7309844742674,1.33133819957642
1.61501003448725,1.18263239914073
1.67469510513457,1.29321868035657
1.61089095144749,1.36244099289237
1.9034963399782,1.44014677823542
1.9661977630501,1.44983275614419
1.71137556038334,1.38284883119333
1.69106622837593,1.31167466967623
1.43140980997005,1.08222922070961
1.74303101087124,1.20163535263822
1.78258332257623,1.37847890253559
1.6562494855586,1.2072094663729
1.67435152669758,1.25958033958174
1.58483171133587,1.19395689082867
1.6747485630623,1.31167231560028
1.68463489415832,1.34438574081266
1.37272026860181,1.05016384834122
1.55283957548275,1.19571479826099
1.47613228899626,1.11664734608051
1.692080834122,1.2568168943547
1.64864964644382,1.31677668918126
1.74928412555381,1.35574512403883
1.3768729389695,1.10140838717663
1.60640196073155,1.18102757056285
1.69566164445314,1.34011899287072
1.63878061423555,1.21151647629588
1.84427429657,1.34978638281557
1.59896248559413,1.13072160651766
1.32272973743079,1.08054187785016
1.802619377977,1.27593509305993
1.57216127595976,1.11290535839366
1.64561426283231,1.30023408464089
1.51600772311236,1.14933432455382
1.19910271651977,1.06266536132563
1.94032277085583,1.41588785083708
1.69502589116933,1.14419245632124
1.6050405053705,1.28486917344714
1.77973631900576,1.35884652341893
1.54900151764015,1.18972479569067
1.73461824702473,1.27951590729428
1.5015268196564,1.14720835923531
1.3934885447796,1.0143840145358
1.37826758138254,1.09435166559856
1.86235381907699,1.428702098832
1.75627616620254,1.34905063657812
1.50618916846455,1.08070503543674
1.61890251345562,1.26746054149501
1.70068275045741,1.2539647491232
2.09717994016921,1.57247674428623
1.91074643664638,1.45896478603238
1.42359506831447,1.2094224869468
1.96893916381686,1.49130282127397
1.72974089345449,1.27800076668693
1.62394109445613,1.30130549567455
1.4576556387799,1.19629108781936
1.54701894809686,1.14622334175272
1.66524709235971,1.32686571395887
1.39912688314119,1.11503678453029
1.81303752717615,1.37847262139009
1.58867177920925,1.20122023486949
1.25177360957813,1.04744548792646
1.75994864063851,1.42221249597885
1.51610422639177,1.16667473841296
1.65714262164552,1.36678103858171
1.59370996605467,1.17150140296709
1.76318737941975,1.30982089421034
1.5034146717742,1.12634776372452
1.75835882026641,1.27550983724147
1.69862953120706,1.32709659839145
1.61426830234128,1.23673914836234
1.68722327405024,1.22465355562114
1.42862108809563,1.10680442092893
1.69508752370836,1.25489177749005
1.79242098428536,1.32684017526135
1.65265926720587,1.2979958291125
2.01788253779417,1.45283454861365
1.50860249701724,1.15147444777697
1.88754128237161,1.37932512114106
1.73067761211647,1.23823760989802
1.54281515153536,1.24828462641404
1.55547228243654,1.20124404964012
1.73266427815907,1.32779625220653
1.69912638103598,1.37719818281935
1.71756002294857,1.14455953854063
1.65227025154189,1.26966472006578
1.57181000704652,1.31923783396914
1.46725455999195,1.18007353073002
1.68367845437116,1.18537641341263
1.34573735112032,1.04511819511287
1.82040822721311,1.33104280346817
1.51754160539771,1.20988455818425
1.5997022666008,1.22478553184258
1.70098646580407,1.28008835335037
1.76915479061371,1.2749369384381
1.48793702909606,1.16139169666002
1.5325953648986,1.24777473274768
1.8366799167476,1.40252021288325
1.37791458680646,1.00489034978611
1.70179786019977,1.19070450361407
1.94464744255661,1.5395595302962
1.66737980125165,1.14578393106994
1.40136138847871,1.17177536149671
1.60197633031932,1.26519382984788
1.82536742181227,1.41692728327056
1.93887344704378,1.42109067010369
1.13036196236942,0.950817575003301
1.3655355944012,1.12501143787848
1.62863844562592,1.24215262505836
1.49218333544493,1.1564746557944
1.89300732571853,1.35981677700026
1.91991793674701,1.50839186651941
1.65597290762234,1.37185934639653
1.66852339591385,1.34178563456086
1.88020115348849,1.35758671037889
1.67678504525434,1.19574853695664
1.41666595737529,1.06554584957935
1.58713325678975,1.23054935103952
1.61675119444099,1.18178052975771
1.59828656484829,1.16364961835476
1.65179045444772,1.26226434028461
1.67457237593211,1.36492197130305
1.2617278251244,1.09615846019252
1.87887553155222,1.35332394608426
1.47560713689086,1.11322958639241
1.63036806857763,1.19143940480804
1.44695136574676,1.16287102647531
1.65107181541945,1.35532493616174
2.05755074059361,1.51367979793188
1.55717303107094,1.15584364654784
1.43270474879372,1.0077730878261
1.63207507640867,1.18950452409017
1.63418899891518,1.25345200833781
1.83359683960645,1.30959175137493
1.4576506474394,1.16996122611474
1.5730956202119,1.22373497215835
1.28595836222572,1.04599271957135
1.53463093275067,1.18830175863788
1.89587755978589,1.38533769584903
1.7567340049191,1.30215951201591
1.79959161051007,1.24089388449464
1.6098337362275,1.35213270380119
1.82439891977551,1.35704424186437
1.80390586851767,1.42035335926748
1.41242077889198,1.04422443502956
1.65124948681129,1.38594507071975
1.68217873465511,1.31251084572948
1.72064740860652,1.35742589013647
1.62481130234013,1.20995735619713
1.77278725743631,1.246216208036
1.49817613715852,1.13399035892887
1.75387547267651,1.25257891863084
1.68690673482393,1.31372008072192
1.69629149874951,1.28042561848621
1.43442596026446,1.14787849150949
1.65077183430305,1.34614747458976
1.70096780511302,1.36651447840598
1.35372873884793,1.10383878518796
1.58743337675314,1.06669151492478
1.88612711959723,1.3919556128967
1.60487921147424,1.08743609418042
1.67328749710379,1.21428267363133
1.80341589910443,1.35473203664937
1.54701733588907,1.1311516272024
1.6601840041062,1.17672280209347
1.68076009289387,1.24260279476393
1.94136212146398,1.36753396092048
1.82726189617164,1.42215585341008
1.58419669093303,1.22145948221064
1.86044211339351,1.38392373982982
1.55998695568498,1.22054469184675
1.76127148253856,1.33817911489825
1.49784346387135,1.20217189799281
1.78036467958516,1.38293784475455
1.47547967536528,1.18874814706025
1.58617416151085,1.14419034489602
1.67319547899627,1.33240384667843
1.69855777287304,1.19923660839117
1.44161719327768,1.16550564696676
1.76201121297405,1.32014120257103
2.10520085879375,1.44239821158149
1.48659086983247,1.22201564716552
1.80366161629976,1.37944008451282
1.52473693506448,1.20797304190267
1.48005205612409,1.11804776706403
1.424723464177,1.08895103264664
1.55755227301642,1.27847727147473
1.38314857703128,1.12697030218383
1.55233183466536,1.08270740676247
1.51327090762441,1.23846115139541
1.85407367261139,1.43374381021567
1.67363832532106,1.27004259469004
1.55233999829082,1.22233684490144
1.49337958427889,1.09231979686357
1.68926547546145,1.27732907073581
1.66762557705722,1.32710164843717
1.568281516929,1.29701426493898
2.32426292593466,1.85143948559806
1.56647381441482,1.22485426453264
1.75841291643309,1.34629772830229
1.4329651654264,1.17707395375141
1.53453093503974,1.23233313823679
1.66051274219974,1.1075240595354
1.70835208649834,1.1940317780258
1.75103609980686,1.3056090364138
1.37682237129177,1.10165065683631
1.44947887513482,1.1450679448262
2.14170289852373,1.53141563418312
1.54716574776284,1.32607048755091
1.3540228475343,1.1279828028876
1.3825964312451,1.16973474843727
1.69642984640873,1.26153829838567
1.3596361892226,1.12008375962829
1.65930514421484,1.2699425259327
1.46859613624646,1.13763401334999
1.46968202915662,1.16251204768641
1.41492541540127,1.16929110714778
1.68127762396501,1.19184694270744
1.71813847193594,1.21792042958099
1.7607258517827,1.38315403379334
1.70641151329579,1.296820357998
1.57902539946776,1.27969134268332
1.61213857135,1.3142365354
1.45985992293177,1.22997216255134
1.86408807419061,1.29315687722004
1.71939529413951,1.29708581106659
1.66041989193856,1.22659260097628
1.6288414277567,1.16261700563993
1.84566005755964,1.39612433721746
1.56649408406085,1.28178448446519
1.56577867496388,1.22402565496355
1.68763015697955,1.19224610431534
1.75951755271331,1.44699568283839
1.5476326524646,1.22749572290691
1.59093222135952,1.23854584798361
1.48274033997069,1.23093825637471
1.41491064262381,1.12897984861463
1.95964542258583,1.42103569751759
1.89686829087805,1.39223953742304
1.72464726776945,1.33547215464763
1.42131359910759,1.19252857065236
1.6065771599914,1.26039358812954
1.64901635316845,1.27366447461291
1.43968133426233,1.2305774505329
1.47687520261383,1.21879349261861
1.7043290237148,1.22430328054506
1.9213605269178,1.38252113498736
1.56891106400934,1.32307619496071
1.54447429824202,1.2377418089835
1.62806285435309,1.18091481098697
1.69314902893503,1.28076923761653
1.64009947570659,1.22409391928436
1.83259795532172,1.45939860320459
1.49094217033545,1.07933722738926
1.58231714650367,1.24878751138504
1.77122363028742,1.42491067285036
1.55852624980338,1.24364918298444
1.5260038160443,1.29617545283015
1.76428192484671,1.42196192612791
1.75146860787909,1.26139312601032
1.56862485659188,1.21764376570597
1.45932465068719,1.03354863214353
1.50414391500022,1.19445481207232
1.33535825824296,1.03380517599309
2.14264825324483,1.81850442930168
1.67935008391715,1.3193529151197
2.25234012839784,1.76147175684584
1.80028333647843,1.32246544396989
1.78930337321051,1.24233381140422
1.49072280237411,1.14028142686287
2.00104606165542,1.53716591313247
1.66841955721855,1.17029212871107
1.69434693157803,1.20468353941547
1.67747244204199,1.27414391780053
1.77238548788442,1.24204023898134
1.21420716289161,1.07904705944831
1.62463211499362,1.2059284547983
1.46618779406424,1.25768115843011
1.58012249601637,1.27640589572258
1.33632017815812,0.884276829555126
1.41690764495388,1.06028755822359
1.41684427498865,1.2011986440724
1.70606284590531,1.37072888877921
1.73025016590141,1.30464813651643
1.47093979148213,1.13404346773186
1.7297673928779,1.17333780899297
1.7074102148438,1.40735794234632
2.19162833947264,1.82888502644011
1.76271668021276,1.22540789353556
1.55695925096413,1.24210844072534
1.65368401107894,1.24540355238514
1.61164871210304,1.22814299812781
1.82514842417026,1.36640445814739
1.60413641949708,1.11217100213972
1.84816474364213,1.34009566096875
1.63339536003214,1.16890776047098
1.44505746762015,1.12845817851306
1.47243553903964,1.22430024401267
1.45463686072693,1.22434899191645
1.57268471056141,1.16564648344462
1.66458546061841,1.32770075532129
1.38215241211153,1.05315992583406
1.64002365851707,1.24143277434755
1.83426986178969,1.4809579174133
1.55571384857836,1.33799740914145
1.72286982026141,1.35130891183788
1.68614350442561,1.33249151401254
1.83944517400943,1.30557810030204
1.80274600933977,1.27394961287178
1.83540932305538,1.44277546874245
1.71913686071247,1.38177749805031
1.79492859036298,1.33647602020496
1.86290826028216,1.49585680342254
1.65705739374495,1.28368716252041
1.66719246802483,1.28465578933563
1.55362457438487,1.28446410930785
1.82221499247243,1.32860170269584
1.41007909539887,1.09081047668058
1.53252981640765,1.23820070738603
1.54926620703089,1.22728749530999
1.48098802274536,1.23148434718346
1.72840025983453,1.34506705200992
2.02205763422461,1.46165825396968
1.80004771841129,1.36574679791625
1.59320760037417,1.1972984701527
1.38848759233501,1.03836973785014
1.33026385463097,1.16523516432399
1.59886282658967,1.3616473983182
1.78217069301467,1.25576529118013
1.65463565956292,1.14635513277742
1.67484713929516,1.37493348986216
1.66189566029305,1.28980024041508
1.44344277656359,1.17073088402641
1.5607635628471,1.24447701646465
1.58981335356917,1.30488176121441
1.82516225287756,1.34702791864204
1.7212493557764,1.32570411070568
1.90736053387871,1.4758405660821
2.135709155007,1.75329092690421
1.54849330686676,1.24039521109875
1.60814797271585,1.19727661920881
1.61947320533949,1.2721684956797
1.77495271990851,1.44162347980535
1.20882023525068,0.961773708952175
1.69269978953078,1.27638960774249
1.59159331930178,1.20772525058059
1.64747183060103,1.19860928864164
1.74790226121474,1.26450276689043
1.71542162247791,1.17259303082323
1.38657506856741,1.09509733298745
1.73192994859379,1.39175441043081
1.62512431588046,1.34469807957215
1.51188223060547,1.19770557181563
1.58513075409777,1.24176674673042
1.82105649155951,1.43103425139045
1.62542789778903,1.28371341987509
1.55740396049661,1.33022932462982
1.71971151112435,1.28521161046959
1.44229493300389,1.13918774439515
1.45054576173347,1.18568284428962
1.56073357630253,1.10519732375455
1.60463199499642,1.21619353413744
1.86412315727109,1.4500331193369
1.68250105204925,1.29743300562155
1.20134109909274,0.98570484047137
1.50047039629472,1.26847286450565
1.71018019666699,1.30521029881058
1.81872765271574,1.37202071581837
1.64328947185753,1.26526643127392
1.8200521150246,1.34562596962539
2.04676737495304,1.49135713992377
1.60111885667736,1.23953105084865
1.65540781745049,1.34849474212466
1.74668175936055,1.37449025039938
1.38235084880101,1.20388981574923
1.46274340051059,1.23172644159516
1.60100871537822,1.20355842639818
1.45143707392654,1.19489793114177
1.81016252945528,1.41472875903364
1.47700896633923,1.11779793548584
1.61204686840646,1.15549389955179
1.82484013046597,1.33350541856067
1.49310371600851,1.34082540460865
1.48215793894911,1.16732779584476
1.82928703467872,1.35466899137327
1.56829846593576,1.1502273876034
1.6189469691411,1.2092356710676
1.39508423639736,1.14422172362541
1.48894243401577,1.157315827041
1.58782060691281,1.20177289643092
1.60139476305655,1.29096934322524
1.65605774886918,1.16442377202554
1.32747549530326,1.16588368190879
1.67879408502271,1.31188005633277
1.43638385678767,1.13437941339306
1.65159577103086,1.30902726536101
1.62581188601048,1.2412719014796
1.83722861805529,1.48318660364134
1.68365365855497,1.22618916620464
1.56242279156878,1.19633761092616
1.92569704390876,1.4264769737314
1.80293277705786,1.38789844071029
1.44876808197355,1.15807738484403
1.54381237826999,1.13578457583894
1.79450000115266,1.24719162520403
1.44764340532434,1.18947415147882
1.6946240380179,1.21406296498674
1.47298276715289,1.10451388055527
1.67684101488628,1.3246470033748
1.7277291926191,1.36177551086925
1.55257433116217,1.23248984177075
1.51573264638173,1.13026528829739
1.73428823033745,1.20823987156522
1.60962222065436,1.21618667800353
1.74724949925816,1.16655266359945
1.76814711055822,1.23621709858214
1.51325799490655,1.16023223721372
1.49946491635526,1.23904310588623
1.86862922424042,1.36967163499445
1.87551639055864,1.35040834988305
1.72661325778471,1.21295139224377
1.81143270910428,1.32275272095477
1.80532083572413,1.35801194129616
1.544134702627,1.19892621825414
1.66483868023116,1.40964677294032
1.78362871095024,1.39391023146906
1.63312160298524,1.2977818133405
1.51550188207619,1.2145955142357
1.76332570402539,1.24859542054605
1.59277990662198,1.22247250942124
1.66094604119167,1.21679159240983
1.50902940355063,1.18564402492545
1.55460203249745,1.36999506052192
1.59707832816016,1.24224624089742
1.96600179550906,1.49014381077072
1.21142890674189,0.882847807593183
1.38998724896745,1.07131600609211
1.39475293193587,1.08331187962622
1.68693264114906,1.33123386215109
1.45359819879543,1.22573681142469
1.36971297724405,1.03297025645732
1.60852295705549,1.31019360932869
1.88225927913023,1.41070301966384
1.92820440895446,1.38898079918836
1.78687623554047,1.41929516841379
1.81791470175502,1.41303068757895
1.84832800192239,1.34106201393544
1.673593198146,1.30262573074621
1.75034498266914,1.37842431011563
1.77423509300861,1.31507128249235
1.88638130567098,1.3600148643683
1.61280675164578,1.32741027983465
1.63492724010047,1.25558372209808
1.91203723331775,1.52144845475224
1.64604594191365,1.42058458623525
1.6841449442305,1.29988938694725
1.60800596582371,1.1205518133622
1.60430009963844,1.3241376958187
1.8480459797771,1.40490814584771
1.60179680088574,1.28614477306493
1.65673480789156,1.29669888266724
1.91104492884415,1.35053365551887
1.77194513768148,1.2934820774529
1.808698044038,1.34631520455131
1.55897626385774,1.21966327683738
1.69897460694795,1.2495050525718
1.13023408222195,0.932322549201143
1.91944364457427,1.4405599552253
1.8675941412074,1.34248910929967
1.24185940211819,1.05047323038799
1.64326218788599,1.27471801619728
1.42941938257254,1.13213060510687
1.71529268188463,1.28870735089666
1.80805122824893,1.46187082089605
1.48819989280073,1.18051929771227
1.73324454720756,1.39376025147666
1.52375374200247,1.07786801110629
1.64508609990957,1.3856513797608
1.69009151452807,1.32103250734067
1.65448386480595,1.32289406195072
1.75078508925616,1.42691732646088
1.43332067489732,1.10340395206214
1.63429646113814,1.2348959469919
1.77028860327731,1.38371581403768
1.63207128101365,1.221930550825
1.73279546493506,1.33931271769721
1.88100557740427,1.39125565732131
1.66127776313475,1.1322820601357
1.65698458333452,1.38982159423639
1.59836298170325,1.21525601243278
1.46029882001178,1.12964536783663
1.7241336290927,1.35514321949378
1.55990284857748,1.20277188176279
1.98476110071783,1.57075819973
1.57773784926619,1.19364322256027
1.5216271846753,1.28556286542939
1.65475510879486,1.20333486507282
1.80616245145696,1.26149345527108
1.56651792595135,1.19374729537137
1.62985297379551,1.30080022625965
1.39017169045763,1.12748063565894
1.6239052377271,1.33211840763185
1.59100562904986,1.21457646926196
1.79379761643115,1.26400700289559
1.92239747616615,1.43502035045833
1.61727722050755,1.19945713244972
1.71206501469919,1.17519961616592
1.78854249851208,1.26302632880025
1.437226746293,1.03601896688266
1.53373067830437,1.27424143644289
1.66552961250176,1.23374556346474
1.556399769835,1.07020050022142
1.46682459687933,1.07800091039365
1.61104367056572,1.1489438272632
1.74885801513367,1.3236139929166
1.49379600302943,1.20980810543963
1.75067774839975,1.30644751653719
1.69294217382117,1.32452141461229
1.73558203264434,1.34507389862891
1.65156403175615,1.31032512777734
1.85222186425553,1.32361102231824
1.89972286300989,1.31231366478028
1.67722016347467,1.26906634466079
1.7357860518291,1.23553775828792
1.51734966055219,1.30051446491066
1.35080945601303,1.15212955540916
1.6842851381732,1.29971266463572
1.73779349700273,1.33784276131733
1.532470955215,1.19351062534016
1.45806979719408,1.12787440971169
1.5309030375166,1.26842867661471
1.77208762269473,1.35987550198653
1.43394747672423,1.1355264846675
1.72103705737753,1.36498567259214
1.9219279031931,1.52403429998195
1.55543625221112,1.26086779338788
1.82368729710909,1.41946592865299
1.64970289923066,1.40214645573509
1.87480744487137,1.46136902876934
1.30788207189024,1.00792064887159
1.63399107473979,1.22630706958898
1.53877502703574,1.12228851727873
1.80978573787872,1.47770056576818
1.68615317057936,1.385108901808
1.70856934330878,1.334872856497
2.07186900617287,1.56312262790418
1.50632120044804,1.30402969152304
1.761208365745,1.27715219760274
1.75978807074087,1.32274192611496
1.63556530085657,1.26050719112504
1.76590554199299,1.29026829931704
1.59105251753688,1.0526479325989
1.78429522356144,1.4284569077578
1.57748215088997,1.33601019503114
1.69798501110473,1.2509355583332
1.42646627273356,1.09132923128129
1.6857156861868,1.48887077060986
1.48664433379375,1.13683831477259
1.70816477641274,1.24344898849655
1.55346218848631,1.29618902898664
1.77294966991232,1.31422081185241
1.90559768001141,1.43234686390593
1.52036997506439,1.18752568966995
1.44263802860597,1.18475438111884
1.50702706107278,1.19837173418535
1.67488106581518,1.35529838572866
1.52779239273746,1.20174102277015
1.39892301216884,1.09242447856701
1.69923693855293,1.27008223298572
1.79259607372896,1.26383600205438
1.75001435652914,1.24500826588916
1.86472020416995,1.35802815644253
1.42916444443359,1.06155770360274
1.6936586381168,1.28016086183654
1.67004889500416,1.29574557685875
1.5223337950316,1.20155229799494
1.46335914572394,1.19610791625505
1.56802729407962,1.29815699798061
1.44132299022526,1.23264743219378
1.59858901299734,1.25845720047001
1.44170536118065,1.08329034064333
1.58294351842436,1.20703574283484
1.81261642876822,1.42349681921635
1.4236516054118,1.12784505121634
1.78652940979306,1.25780899163054
1.56138880118594,1.19043386695882
2.00675276939477,1.42837694093444
1.78535985332181,1.27420863538356
1.46246005197868,1.20165006399017
1.63595372051893,1.19659103081346
1.62607404538567,1.30342114236472
1.9116466301911,1.36917169805687
1.86622843976559,1.38815075802401
1.69585607496863,1.27467003145662
1.56093375031151,1.28772842742435
1.62507263752485,1.19521935203103
1.30232997067945,1.14438959051141
1.78325930560934,1.31070623273919
2.06554331674438,1.49777353461153
1.5856942623459,1.17556574375047
1.66049990483019,1.28681908215757
1.65814292388386,1.28826474628396
1.68156739159169,1.28571548609698
1.67832662160233,1.29889885282442
1.57179473923153,1.21124352227539
1.70029449532793,1.30888002119892
1.49170366972839,1.11514622385125
1.53299540964184,1.23952691588089
1.67389150877657,1.27281670842716
1.76934628863897,1.4078220003403
1.66036616552283,1.29960404450613
1.49292089896099,1.09726312141808
1.96268441348428,1.38489239981233
1.5779916265801,1.23670437504765
1.49563778033161,1.24719601992572
1.87791553564493,1.30919194078318
1.73884677520729,1.22551738833998
1.91775695803813,1.50823573688649
1.61004306477036,1.24295404972749
1.47139494936169,1.19376655336621
1.49320044796376,1.2571460379233
1.69538306289692,1.36782378998924
1.83611165565051,1.29088112774604
1.64571399922981,1.22241614400645
1.52951648590171,1.15120585239727
1.67180875226401,1.33260320531049
2.1063456745733,1.53672102338711
1.23757018415597,0.95456962466094
1.84910703571842,1.35655558427331
1.42175299053568,1.13880147058761
1.85603227190131,1.26663520622531
1.8791147554602,1.37136392528297
1.6883811541128,1.11949129572804
1.72013930033271,1.27689051198374
1.58788408767501,1.1926996330503
1.66687476573136,1.3077985033316
1.54436992700061,1.31832922104269
1.57775507939478,1.26558537018429
1.60724863994372,1.25658697898448
1.57463030443516,1.27435796920711
1.69580472363597,1.227432821759
1.37491142854572,1.19353544386543
1.67187824681512,1.28160497733271
1.76405786141835,1.34068029866804
1.75018840585244,1.2497532569703
1.75758854703038,1.3256269772773
1.67407022341967,1.31128272360697
1.35575817087579,1.15983166613226
1.53388370219132,1.18755665054245
1.53218325893453,1.07530017961147
1.62645770203079,1.23003501994614
1.8769757830064,1.33359354700665
1.4843400065225,1.15414109055654
1.51200802917948,1.22180601277961
1.72135773261048,1.34806215019387
1.72892130495102,1.21996375126119
1.56168585039646,1.20104701706704
1.86427671832981,1.38071513246755
1.85961481240382,1.46552964385971
1.70624828923757,1.33259435173481
1.68798948072165,1.29357549918475
1.53509551597392,1.13057937607586
1.438707204228,1.19087934619109
1.74260835849148,1.35222659481041
1.41212103192572,1.16547217797874
1.56704359410317,1.17211132945736
1.55064244199033,1.27715167946884
1.75011840671152,1.28780070759764
1.51125449889721,1.23993756236859
1.54223984193603,1.26517308987078
1.44038646610049,1.17422231719595
1.7060084704985,1.15832318093472
1.69993503459698,1.34628151445051
1.68654902608892,1.29915318890997
1.4883304645254,1.23103902405317
1.78627604912684,1.30404716773517
1.81796102222341,1.42941924569691
1.59987368784704,1.21353558966261
1.73112177131873,1.27036044259625
1.70761624144624,1.23830118668504
1.45608301821783,1.12045548260124
1.3494259992539,1.06676346145303
1.84946156584197,1.30415055468967
1.68340115981681,1.28975983236332
1.54012390112729,1.15294281814415
1.36387369555229,1.00340845543793
1.63643571934468,1.32176366614805
1.63837684846929,1.16622071315879
1.57200162739491,1.2381533313844
1.67246205652318,1.39344316389298
1.42570502449203,1.16630262547513
1.49617691701934,1.03334753889863
1.49501586453817,1.25988762884353
1.33693734337072,1.04092120050828
1.60650693816548,1.27983961597451
1.81958083526325,1.25234050987418
1.57988238559379,1.14051471879582
1.78831590320562,1.3424791764233
1.70525244270488,1.3623145448066
1.51929417552539,1.15332042605739
1.70753807642057,1.2652262927979
1.50149877218537,1.17048547905335
1.41471080136185,1.02929684247957
1.68909795471165,1.21990454336325
1.73512027511538,1.36802999864163
1.50731639750702,1.0671530656945
1.56548181420999,1.21604147189979
1.60518378031803,1.218256495784
1.88184819731049,1.36190429599716
1.60279267755716,1.32343335071867
1.23199898244263,1.02201025581418
1.58414831063817,1.28386414540359
1.58595914977609,1.28334460013033
1.61401185321492,1.25685258768298
1.65678126980662,1.22064771740616
1.95036008904156,1.39927079084897
1.59964998762068,1.15414936095725
1.74810698088659,1.34508427320567
1.63699334627483,1.25599175506741
1.72373585195554,1.27995370730865
1.53076527558538,1.18282333248134
1.63193087484772,1.24530064504931
1.36064081104779,1.1113379433032
1.71855978283847,1.38280736854975
1.57675192990735,1.2250476480426
1.76065168242954,1.27065079627097
1.53508779596191,1.16125431870578
1.85731723403003,1.31593381019363
1.37507698747172,1.09953798847207
1.33752498094939,0.980973766113753
1.74850420263418,1.28849868708521
1.7664419320767,1.36522588153344
1.81529340187165,1.35132691502351
1.51194257240994,1.12216037342485
1.54706098697589,1.21923951628837
1.4859351559569,1.15055785133271
1.75594107499625,1.37298924814433
1.45366024486331,1.15402849927549
1.85771201221664,1.36744605905961
1.17052254267857,1.03524146463125
1.6238145228822,1.20340844993915
1.72622988983092,1.32763820719895
1.78602094971543,1.38305316017502
1.6503072114584,1.27364987996245
1.68612214151336,1.30786526733274
1.81347300481348,1.40605711664877
1.7054258559783,1.27501969998027
1.64522991427597,1.26208849207813
1.66426434245633,1.32185318850478
1.55014170801758,1.19822852371761
1.73903374900946,1.39737927136896
1.79391733615771,1.3606567666849
1.7736987919558,1.29972196350137
1.52750568964999,1.24431291828348
2.04813689886906,1.45787394808395
1.45741290309229,1.15917152295199
1.39684811079859,1.10860574191394
1.56967922692651,1.19531325314849
1.51290479946758,1.25214738257731
1.55151056419431,1.22002065522622
1.56996706132508,1.21832880094138
1.89356119867914,1.47069421802295
2.0860784278999,1.39337290090954
1.56730439374383,1.32090487514408
1.76370167511699,1.25033730557377
1.4074527603128,1.0207615102284
2.14677431883859,1.79288010668106
1.77381361452367,1.43218308698182
1.70597679930537,1.30438444742907
1.73027381959318,1.31595570415857
1.51110188975602,1.15785339830186
