r0,rt
1.84140741634937,1.78715215177775
1.98576615551152,1.91770190029403
1.92135064923133,1.87342189302031
1.75914207735635,1.69204357934793
1.58325961470024,1.55106305567984
1.71298099987226,1.66650185578475
2.27755265786331,2.21788048683846
1.77467308564831,1.70814987325179
1.74882186887498,1.70454075731774
2.04062330452468,1.97401246569112
1.94115375962843,1.88791172875659
2.04474851119971,1.99017682866025
2.04596500986784,1.95797431099793
1.77195713970554,1.71865282976416
1.83254671750485,1.77794564417635
1.87383123629917,1.82074990556028
1.65962659256085,1.60470650292406
1.95863898711089,1.90778737293394
1.94662202666852,1.87928353916043
2.20788370790758,2.14679766508537
1.76584342852629,1.66493256560125
1.89603489660327,1.83748557079296
1.76529746108714,1.70800198328302
2.23812231515387,2.1797985307414
1.90094487270698,1.84414538515968
1.85215305020348,1.79414495813878
2.31536219696029,2.25056799944393
1.97345581598797,1.91674231590147
2.02264336852957,1.96156194356865
1.80313990752513,1.73917351490073
1.88315870332195,1.83789170119811
2.03140685391683,1.98428699257669
1.88643509925472,1.82349168947988
1.73528669164178,1.66910452452329
1.39310370686665,1.34463201945562
1.83207478583925,1.77799738173468
1.76866425923499,1.69585090733844
1.5484690580063,1.49830348216057
2.14512286024631,2.08104857124523
2.22715251184439,2.1636448656114
1.89017448556405,1.8116975900949
1.83738428215321,1.78406950470676
1.83905945317237,1.79729072945171
1.85780891614522,1.80438782938641
2.02407891924839,1.96952500587802
1.93326434184555,1.87064366868796
1.74195149019159,1.69426008669946
1.89961187339706,1.83515488998848
1.90811575274453,1.85233487907371
1.96153337362764,1.88496563909618
1.65825353991098,1.59288376342366
1.75424567955956,1.68604155359739
1.84772404517893,1.77550129522147
1.84179817042331,1.78428781096096
2.03269308617598,1.97358255311709
1.95111482910366,1.86956558618906
1.82762757874082,1.76500632242936
2.07297511254025,1.99921794748155
2.12140760499686,2.06626837006893
1.97537639140479,1.92178862586701
2.09775030447314,2.02179096783999
1.71089924245774,1.65875725845037
1.77650346599603,1.71970687014211
1.99273019306837,1.93341915302307
1.69009860074254,1.64574271394478
1.75913813506947,1.70214156054954
2.23719997260795,2.16773681325176
1.70172587300145,1.65466216269911
1.98852343928174,1.92949901035158
2.17106733496164,2.11162371939402
2.02804406083616,1.97264558903416
1.89213441071596,1.84913092826414
1.94913582093004,1.84271035670643
1.72416897871687,1.67885768712659
2.14329260470592,2.09113138173646
1.98441030224958,1.9087675671409
1.67997131550621,1.63871520318962
1.57493515754445,1.52405447140192
1.93074235773168,1.88580087341331
1.97727687852725,1.89971849932835
1.74879293005598,1.69738002454949
2.0013634201198,1.93572557360481
1.646988566132,1.57782636168608
2.09391849565402,2.02022166815745
1.68781037275846,1.65212654517622
1.83253555190888,1.78036321051774
2.01875398011312,1.97245646108013
1.63292704225013,1.58223029671769
1.9640239064779,1.90824792008248
2.2294455757413,2.15490093526015
1.9566349017946,1.91085592621692
1.6252964949954,1.57508153276126
2.20639566375441,2.13870119491161
1.81286177964431,1.77106474616614
2.01828874274709,1.960494239027
2.05292396772992,1.97459682757805
1.56182696604904,1.51075849551766
2.01754723234988,1.95613602607329
1.83930231226199,1.77286776350512
2.02790475025104,1.97339968641887
1.88762777611176,1.82762696630251
2.03250838975129,1.97611314659473
1.88212052012941,1.79856227665073
1.97450675412599,1.92428830344577
1.98543542338159,1.92779670093171
1.93514577882489,1.87074678256613
1.5930448557034,1.55155415455839
1.93727721041927,1.88359611802815
1.66976473177644,1.61678775744957
1.98170863779825,1.90956031771373
1.73022952742898,1.65446974028948
1.85282625269311,1.79216956116042
1.49972157893105,1.44941936784361
1.89420105934136,1.84215858688633
1.83160086152142,1.74660613630499
1.86328438039202,1.79013158816546
2.10264143969682,2.02826257862339
1.94029867598231,1.87736043518921
1.39534701235042,1.34496500956601
1.60330844391247,1.55956144418555
2.26462769886996,2.1998125930866
1.74825060966005,1.69271464346639
1.99963418474529,1.94246875293809
2.04970964593352,1.99203379629888
1.78918650039133,1.72490227900093
1.8197996908879,1.77914684963651
1.69628974865328,1.63751889073644
1.7769490609365,1.70672960283006
1.94894580130478,1.89262305443082
1.94748944405264,1.89369255438965
1.60315941882399,1.57451402456764
1.88093775842715,1.828438156749
1.91671737420287,1.86723600727457
1.8063397036975,1.75097161034185
2.06177448442979,2.00024022164563
1.87215947496861,1.81491991058984
1.70939760007984,1.65855326421923
1.88790217414403,1.82625014884632
2.05272752602293,1.99359584652068
1.80211451067661,1.75236202863982
1.95799990119977,1.88055059294818
1.91868221524248,1.84732448012502
1.51276712340518,1.45570976668404
1.93761328669767,1.87979078540064
1.72185873248161,1.66056044792924
1.87171050616209,1.80867515507352
1.82781544992427,1.78324691681657
2.08481348023601,2.03245817023702
1.92171921795355,1.87696574094238
2.14207258994312,2.07933036467033
2.42380633148864,2.36435440577051
1.82734028984823,1.77398655306844
2.32958725710951,2.27504604080489
1.47290416310437,1.42957004294499
2.08972675687406,2.04013875340845
2.02428854640701,1.9799519257896
1.57758913166001,1.53365716681439
1.71647841634626,1.6762063984644
1.67800245571611,1.61937091226072
1.40608333079782,1.37634998547135
1.48400628591378,1.44085840265293
2.09085485726113,2.02815588811084
1.56349864151735,1.52599758025363
1.83021683557587,1.77006459920014
1.72927123418835,1.69226906531581
1.93689603019465,1.88572576660567
1.80525570044823,1.76085552214026
1.95402940522418,1.90678992091161
1.6405706438175,1.59355190297494
1.93534622642142,1.89106558035045
1.89752140346622,1.82497882581889
1.77577805269468,1.72518829948628
1.86200786233808,1.80383195281836
2.0084166364255,1.96921883487034
1.60948090498765,1.55496599689334
1.83105164288987,1.78423369022892
1.81412303892729,1.75693819061335
1.60345813615827,1.55291262517616
2.27858009525019,2.1898245905666
1.95678923442379,1.87458025816571
1.37108237346892,1.33720705357658
1.62868252452309,1.58964405505555
2.13982620539607,2.08817650808362
2.1933343962147,2.11476013351519
2.08039687505908,2.00566098336235
1.80142032165403,1.75601759473932
1.57281268994965,1.51792609554321
1.63421258512936,1.58925809414242
2.19837480381607,2.11789973652739
2.13112090610203,2.05813584523953
1.68198153296541,1.63991481355095
1.95978741296225,1.89651004568741
1.96700762093671,1.90907182593902
1.77117542250805,1.71244577302437
1.77173849891844,1.71567052693665
1.66791242385334,1.62464996532581
1.79325349494105,1.7219024743195
2.16627460046626,2.1094139753607
1.8969627483129,1.82433354330575
1.88831420836571,1.84543414165671
1.76479855920211,1.70293874191555
1.81645909960911,1.76106542297236
1.7423467018241,1.66812098015509
1.78614559425667,1.73255342005399
1.81267242989168,1.75214982177191
2.14860061994586,2.09076044238473
1.81793805151378,1.7434446533197
1.52413822713909,1.49265213745711
2.04995478549887,1.97559784267143
1.70220735897263,1.6406657726704
1.81488908072298,1.75399112334625
1.58240818322178,1.54863223793522
1.79491704281288,1.72234531666382
1.78006476390871,1.7293855573929
2.02869636515253,1.97211689829798
2.26827146456079,2.20697573877656
2.11108384863993,2.04701967146163
1.61759659026703,1.56210002575757
1.80802803083365,1.75496998718731
2.01121637583054,1.94693816979176
1.85229740104266,1.80179182274993
1.90292517687794,1.82249361076821
1.71965598767628,1.67082554069042
2.11013600297912,2.04411988616454
1.62238506652819,1.57966437124262
1.59323272213748,1.52830369166674
1.94766995881921,1.88167276723081
1.95876683450992,1.88608950568051
1.66107508834353,1.60425509299698
1.33425322780682,1.26429647900048
1.78276981506954,1.74474379364153
1.88636791996388,1.8313695211029
1.63729182655496,1.58954444619709
2.0041634792132,1.93670811593278
1.72671601139205,1.68146053576717
1.55799217194031,1.5207071975988
1.68544369036257,1.62833971669485
1.63585214219397,1.57621826586056
1.80356830443524,1.75233487713144
2.01424706519679,1.96535256630771
1.82879334795398,1.77114546269833
1.77690540540139,1.71823454274802
2.09743624680619,2.03176259305689
2.02123315652789,1.97032042443687
2.20335710181743,2.13983965650055
2.17922638828375,2.10289108622467
1.82830408115826,1.7760809667821
1.68689308382188,1.64142804880349
1.67143168345196,1.62129371768492
2.28956517592954,2.23426117912059
1.84993152519155,1.79241644862626
2.04138525984158,1.97752278195392
2.22460721961735,2.16572013656785
1.70061561077429,1.65734080584944
1.6717217982475,1.62522853344536
1.82856673221425,1.78028309391287
1.82017853021267,1.75677422129485
1.54795042744716,1.49473558473189
1.84199977955006,1.7586058978545
2.05906724153639,1.99366197532217
2.42797837944155,2.36968008549831
1.80415434207353,1.74269103589886
1.53733620673054,1.48368469839138
1.50128704240182,1.44660753886276
1.82491064050568,1.77924635962766
1.68529348051523,1.64449917432697
1.78541655742055,1.72537817373878
1.90513830142522,1.86239819641992
2.145451785386,2.08627888076492
1.97899806604381,1.91982933993141
1.8271269977461,1.77846422296178
1.84405479493829,1.79655960934234
1.70442229448703,1.65339725254044
1.641131325834,1.55955528506246
1.80754786837496,1.75873091491306
2.21265779312484,2.1437316832526
2.11317405162441,2.05013185070177
1.88506560331898,1.82549979058341
1.68438648119778,1.63107344644413
1.97701782771358,1.93078538128756
1.55195101946003,1.49371229507617
1.9793235926405,1.91166707229916
1.95242196131421,1.9018641623493
1.91194961440872,1.86337693112336
1.82537839602763,1.77858763618834
1.87068758651632,1.80744384070895
1.82836406429776,1.7710684905229
1.60348622360883,1.55886526791324
1.82799297232838,1.77220325167134
1.88398837877424,1.8351148709627
1.97472563989418,1.92575160818249
1.8571190913662,1.77831894532367
1.941028461877,1.85428244808904
1.71362657087276,1.66802242095021
1.75346356640273,1.69465405950702
1.69303075113667,1.64205455548735
2.22486716004852,2.17120577175106
1.97160113311012,1.9150606261596
1.74513554424804,1.6870384477607
2.2203671683639,2.14866227385863
1.98733550341307,1.93604238309004
2.00922648364468,1.95736611356036
1.85035879571911,1.78756903977086
2.19781394471884,2.1300447322759
2.23622978131524,2.1770612387988
1.60425487271888,1.55068432092948
1.71939117946135,1.66782699327014
2.03979675210702,1.98036081618236
1.58501848963128,1.5227465600807
2.02535028942415,1.96116568133665
1.96531363048665,1.9047423959378
2.05034930953365,1.99911197922293
1.77688641389097,1.7302673942888
2.07392105788508,2.01135835787768
1.82424760592534,1.77857307889004
1.8461802587023,1.79416751337247
1.69379093454641,1.63548489138832
1.9850554081404,1.92594217624279
1.88322760956491,1.83501210126219
1.81354911455803,1.75200595567012
1.58045683066258,1.49076153876198
2.00940237623765,1.93334129360109
1.80100974448756,1.71627472159242
1.8370608515929,1.77447423650662
1.67936926224856,1.62402339786682
1.8079734198829,1.76417923131151
2.01459817520309,1.94248586805874
2.01348360336863,1.95527564049934
1.88656688690897,1.82174505329928
1.84618749856563,1.77939180227512
1.83719437199465,1.77048477638973
1.95753199053814,1.89777080823347
1.94930713917982,1.89043724224106
1.59257704150504,1.53443902946385
1.86345464361128,1.7998098999119
1.62914626810323,1.57025019070115
1.79571526973873,1.75219049910052
2.0072242690353,1.93840663570648
2.02064258711489,1.96681543764813
1.51375970199111,1.47765918668601
1.76601481041243,1.72387206771724
2.03809247800368,1.96748657159982
1.83829363741029,1.77801653484422
1.7382902332272,1.68973188885691
1.82909849006591,1.76763223326812
1.80899565216721,1.75698113393802
1.93168867197024,1.86140934972814
2.01586250057466,1.95993124822581
2.02857933572058,1.97015909872259
2.06149859334588,1.98926299889179
2.11199985856165,2.04896523505033
1.96104434434458,1.8982503945738
1.90263576282896,1.84996519424201
2.07248036923848,2.00727872508999
1.58979142665134,1.53705815714813
2.11106183771861,2.03698060084711
1.41820970659793,1.38296669103377
1.64192791970025,1.59604228919672
2.08841833211527,2.01793991099362
1.88559150304104,1.82976136649937
1.5156144436066,1.4767025084779
1.66936194057626,1.58730330889788
1.96286442314972,1.90606413869515
1.73501186099603,1.68313880085057
1.94736098834478,1.89766889662036
2.09044570166847,2.03433102013666
1.85410709442751,1.79692670183222
1.59212876214072,1.55110972335589
1.99075856189866,1.89310584766355
2.10754196817036,2.04490757127628
1.84384191060608,1.78232673103888
1.87878816412634,1.81891612146861
1.93735924498606,1.87106311138413
1.83223155427482,1.78095083827929
1.61507685223074,1.5357123400243
1.89716123035695,1.83366525996324
2.0746447842401,2.01120318600918
1.87836610068958,1.82196997942392
1.66474558196088,1.61914482352263
2.02799039910931,1.94773172822746
1.91579298475065,1.8687180180168
2.00641389076474,1.95144815829318
2.3138255779968,2.24764095771007
2.04046201377286,1.98221418738216
2.00322266071127,1.94724268312762
1.70746627153654,1.64528068854964
1.8498550683315,1.76236280293986
1.92777302553977,1.86094340187959
2.09898409352087,2.04205555829666
2.21750250529314,2.17308693836632
1.91990981997623,1.86111308407276
1.67766213624776,1.61968852098384
1.70683458586075,1.6599664787922
1.81353171987993,1.76443277346527
1.61521573663218,1.56394821048377
1.68098930386241,1.62723948334502
1.99934991348633,1.93516170555077
1.93824724438103,1.86513289962248
1.93300433130982,1.86547260520198
2.25175551528545,2.19544251864478
2.19390342761631,2.13721013999028
1.90920598535684,1.85509195835422
1.80703847989803,1.74925367233872
1.73170257883385,1.69201019069689
1.8528039354206,1.78125097859785
1.9633715454507,1.90805057987885
1.8111950677823,1.75025979126417
1.662155927064,1.59682275453234
1.9380145095836,1.88543155207544
1.9188588681371,1.85754656300649
1.85151514388734,1.79983817843314
1.98402865980163,1.91121071973151
2.08699558021157,2.029787050064
2.04618062511647,1.99089585924945
1.6774808414601,1.63173125069839
1.87894499718214,1.82831100585962
1.9128326363192,1.84272079607438
1.91381739508821,1.85038124326568
2.131973435153,2.06611442998633
1.30629411555038,1.25910908155119
1.89745021002453,1.82793606218004
1.78718086844341,1.72902249047851
1.91130844970513,1.85703968250328
1.68873058022072,1.63438334313521
1.5272537519725,1.47142303789723
1.82252740741134,1.74650248825871
1.88143499288424,1.81834577897787
1.77175589158762,1.70715102026912
2.20218926835217,2.12056553798859
1.93344095789302,1.85968130167815
2.01969779045358,1.97047883923503
1.87490829601568,1.81453598408005
1.79422757224564,1.74343398721663
1.71935297469754,1.6495025405181
1.55455175517979,1.51717974776269
1.82826098302041,1.76320544128165
1.80570005923248,1.74679146046275
1.70387351237898,1.64917740579022
2.12967796681249,2.07857975140789
1.87242738668448,1.82274006131924
1.75355513478432,1.70207461896242
1.86750981891272,1.7782848524493
2.0259540713684,1.97265598603253
1.87265319531096,1.80898935969303
2.0577481099164,1.99621612247558
1.74178524973613,1.69651149731023
2.05757704555264,2.00298462590049
1.63267948111924,1.5788484549284
1.8709426747573,1.81392532060195
1.65443337451391,1.60554966646551
1.52623528559348,1.49025197153523
1.80979457472808,1.74932012538106
2.24608148601387,2.17730870722504
1.87201007809746,1.81235641368958
2.02649447691204,1.97197647312122
1.83562090109462,1.78273711948371
2.06098605077927,2.00045264084551
1.67238572380967,1.61189923889352
1.90310407916061,1.83921469762009
1.67160105915844,1.63671557844444
2.0210458674599,1.97723083227629
1.88988199613946,1.83585829321112
1.88758676725667,1.83125350350301
1.86868275455617,1.81234872553227
1.80802735522498,1.76551311433737
1.68403244122614,1.63063665028789
1.70930987889162,1.65054935306812
1.76155508832222,1.69950402612893
1.83486610346994,1.77825994325234
1.71551073710611,1.6393215866808
1.76081806164928,1.72144071251601
2.11351552529521,2.04946876286972
1.86429645616646,1.78975579211534
1.78869012525515,1.72995282600785
1.77460244396667,1.72433936227122
2.14625558750654,2.08488912896552
1.72705393001741,1.68285333275703
1.83552009951667,1.78652142442676
1.81447550414127,1.7737063367678
2.16174203541565,2.10111663229588
1.90480678165566,1.86176319509948
2.10863537474641,2.03909671496591
1.9674038542959,1.9175212545501
1.62970227715251,1.59158496891434
1.8962162607072,1.83393498831133
2.02806498184446,1.95556439054354
1.79751253381043,1.74036879857843
1.56262333268419,1.51575017615343
1.73686814058047,1.67291332513093
1.91047471372195,1.83812595125789
1.6336369154623,1.57743605438607
1.89005084306292,1.82353369917319
1.87542266288124,1.81575737918617
1.87445269107747,1.81528869554845
1.93802068364736,1.8454281155142
1.84871748582149,1.79812945597809
1.75789328137747,1.70231935378362
1.71784514956293,1.65384442368204
1.7698758556974,1.72701619689103
1.63512168115108,1.59162659555671
1.74325924220925,1.70166765343945
2.45778707641214,2.39559311122622
1.82712212171932,1.78330125056412
2.26261976354377,2.17245127571389
1.87190713199055,1.8167972716854
1.99600636783811,1.92611583750913
1.84956919508599,1.78813828102878
2.17914707589297,2.12131052571177
1.97539999963983,1.90475689357666
1.61785256048117,1.58007429258297
1.80461914291457,1.73807942941668
1.87622386486755,1.81575171443736
2.24168353127158,2.14436042522241
1.89787390942573,1.83671377323481
1.81727972554457,1.77287728798723
1.87597905801231,1.82201429797215
1.869654919638,1.80642898696822
1.95652949130753,1.90639966957147
1.92541768823185,1.87688865574872
1.68024584366792,1.62944843425032
1.83240779882552,1.78619410382436
2.13954846722795,2.07707656166383
1.83482511455933,1.77652962322386
1.97637142289085,1.91585411193402
1.99926047550042,1.91724133687101
1.6366487130049,1.58147484285811
1.83551872768841,1.78255268752689
2.05389023507573,1.98789606897129
2.13958728773819,2.08647164598297
1.6901803218112,1.6404964249073
2.19333509848343,2.14720765497662
1.99321689498378,1.93388165649186
1.66092527617106,1.61528312879529
2.02468653919123,1.96218355999503
2.23163282847021,2.16878677091603
1.99400635845114,1.94432267002636
2.20037450337706,2.15627476443577
2.04879578569318,1.97221359292736
1.80901332447982,1.75686874617353
1.47041344589353,1.43453938737195
1.94909397645448,1.89108882597458
1.70634449143227,1.66070513173419
1.91658444402468,1.86713797772827
1.78844850693587,1.74167577150468
1.6891885730149,1.64963584897244
2.03770763754698,1.98996939930536
1.97513960202611,1.9161174235649
1.74261412823145,1.68952027850642
2.07855905819571,2.02525733280309
1.71128300493233,1.6607770894809
1.93765997944919,1.88362406442371
2.35051592645892,2.28932863733349
1.97907762908617,1.92326393364998
2.06201552052473,2.00333380302039
1.93160055781219,1.87335205903772
1.92865125824324,1.87212448624547
1.73570053614655,1.67333191019477
1.93177911325169,1.86591838362426
1.48126909691216,1.44342114510034
2.04396951184104,1.98829369140015
1.47989710137226,1.42510935554645
2.01463300449704,1.95249045934058
1.77737309553801,1.73122819335785
1.76516260850236,1.72595759365587
1.93155028860086,1.8714809261372
2.05880464960592,1.9782387629926
1.97667614567648,1.92145592217172
2.08999183002163,2.01166229444469
1.69267603508027,1.62979902205045
1.66292527891128,1.60608525152062
2.13443821263238,2.06897662523703
1.86100383071665,1.79886087161764
1.94433339093388,1.88183961538572
1.6518870929982,1.60454723364563
1.94890564940906,1.89187980927321
1.82061840533652,1.75737391269408
1.74383305723629,1.68363835974151
1.80791324052005,1.74964537528911
1.64815245502562,1.58874806555125
2.00394220952847,1.95064590843799
1.44420694040469,1.38914582448333
1.6223499730906,1.58562951219776
2.14393922469122,2.06903180969294
1.96931085859421,1.88460972505891
1.81856200861572,1.7705484661129
2.02170405673328,1.97170147939456
2.04104035582266,1.9800732858367
2.60496461576932,2.55127583707326
1.86071423013508,1.81634549671986
1.95475317046121,1.89809749179455
1.54921086067693,1.49195607554765
1.86256516869313,1.8000312752104
1.96411371798301,1.89662954968432
1.92091924134269,1.86641132307852
1.65157337648208,1.6001204853979
1.90801326005861,1.85227540888263
1.77701596728714,1.7272723722443
1.87977906933572,1.84308170019214
1.96812793204964,1.90806332426293
1.64126019509992,1.58210344137072
1.87098678704943,1.83049153411174
1.98134585700031,1.93267455665344
1.58130469265749,1.52281307090303
1.88245594754448,1.83189190754929
1.75613168679988,1.70810539271353
1.95554227197694,1.89462064904347
1.84716537959469,1.77690069023167
1.50105064978811,1.45328507522528
1.85066518005053,1.77435860516506
1.64260100865369,1.58875482665777
1.67087757926632,1.63156679345875
1.81064571223269,1.75087925073918
1.7110036542077,1.65478430877328
1.73616504513153,1.69893042932927
1.96433767783057,1.91279689596016
2.0356769743754,1.96767000795661
1.89107316988055,1.83963035106286
1.3177183796281,1.28382784240435
1.72480553105673,1.68010555725489
1.84960688177543,1.79090272438882
2.02941887973405,1.96970241424701
1.62761005045053,1.5853935820099
1.5950249824955,1.55562110509453
1.73516487839301,1.6878387513765
1.93489744800001,1.86124671862489
1.65716825063889,1.59602061847613
2.11429513040699,2.05754874491106
1.59650509136282,1.54423730373436
1.86918146788582,1.79406809681377
2.52564641181952,2.47024277312624
1.60221291752999,1.54766539832245
1.9544555299962,1.89504372243832
1.77561403003133,1.7345384980016
1.9324699377271,1.873858665618
1.94718060662848,1.87618597027675
1.70916227810138,1.66169179346364
1.87575455073101,1.82600862560527
2.14434041744988,2.08832279844052
1.69204579622155,1.6429949739198
1.71390017240877,1.66530668762536
1.81323307455314,1.75214092284321
1.61592363331221,1.57463921893985
1.81463025162794,1.77213528051392
1.74887434660885,1.68922935998782
1.82755953315161,1.77408966724527
2.1327268626657,2.08162420710458
2.15271676047027,2.09059755359259
2.0028052799295,1.94030526319285
2.06702771691297,2.01364684579161
2.57730087796124,2.51808413868757
1.91520996074822,1.85336930854833
1.92656002602454,1.8668204323694
1.9238820490776,1.8743026600514
1.93578612613649,1.8704426423824
1.81545920916009,1.75508175973864
1.87318997602056,1.81542146516745
1.83901957793791,1.79009616315791
1.94914075209067,1.90157354713577
1.8626776198102,1.81647425995321
2.07598201344767,1.99866726451995
1.52511543089264,1.46765015310003
1.71762197129477,1.65407925045582
1.83705288588121,1.77342815329648
2.04586194628767,1.99687347847419
1.79192104375532,1.75017549118444
1.67808792782215,1.62850863569916
1.81701156901281,1.76519936919714
1.87988482046578,1.8219745277206
2.45546762138751,2.39103436304032
1.87910186296928,1.82722237550098
1.84423387659081,1.77619725538595
1.70320202185275,1.6517963495442
1.87521020559225,1.78967784386602
1.93932321969007,1.88482528946581
1.65898839517542,1.60333999757004
2.09468667171395,2.04189770143866
1.88962339038707,1.82951081580632
2.03073270441959,1.97670007965741
1.90509227766152,1.84132506573255
1.58741381874652,1.54943640981758
2.0423310045854,1.97194036879316
1.72008565786864,1.65607067974973
2.00739400599864,1.930427000133
1.73348540907706,1.67875640444745
1.79185581465236,1.73644295790111
1.97870521208145,1.92650326620258
1.89874422364206,1.85261503925252
1.96780184731733,1.87881343489663
1.84820852296848,1.79050660027265
1.91960617656357,1.86255487481567
1.81855983264414,1.76178917828347
1.98384301817678,1.90868597644862
1.95487161267913,1.88036447845375
1.77080378326981,1.71332424216615
1.85377882543003,1.77993569254226
2.00402428244566,1.9215263448297
1.85404679772787,1.78440618310478
1.89872490586735,1.85682207576102
2.00709848087453,1.93423725860362
1.72741463786506,1.66960524815347
1.99990077582318,1.95185631509537
1.856952100537,1.79799209757768
2.11439531234886,2.07136236161062
1.62333298339964,1.57046974995033
1.66501605306608,1.60724705572783
1.7812549253863,1.72091336192169
1.65307600410095,1.60930007511961
1.78440238326884,1.73604869891506
2.13994349996849,2.08920305474525
2.0236620060998,1.98254475424539
1.98997894720401,1.9184709761567
1.8821400356949,1.82582507168305
1.73633220898579,1.69039028551187
1.52866379471953,1.4855105060977
1.99572210208164,1.94636971106745
1.84782444673081,1.79943861367397
1.98599788182682,1.93609502586296
1.96871047552666,1.91054519979064
2.31141676070608,2.2395720427597
1.92678461311105,1.86931189157624
1.90512248321595,1.84403046898364
1.88139880383897,1.8109338741592
1.76054906596229,1.71673368658607
2.0460698988054,1.98443700142987
1.89264004454578,1.83690660058063
1.69555890638042,1.65480155346653
1.75545158441583,1.71383472220953
1.64990396897256,1.60644476326121
1.40118361976301,1.3552598904695
1.73284258888117,1.69249925413116
1.86538595882035,1.79752744873562
2.04918176458149,2.00534704723981
2.37928205187414,2.30146878629478
1.84221667588914,1.76433813141224
1.83479874708695,1.78913694122158
1.65603708785561,1.61236547930342
1.95756745823831,1.91373976839508
1.70252641181345,1.64900866583184
2.08975073786641,2.02220823689653
1.89379505891311,1.84306210262395
2.28850966575911,2.23761856392107
2.10468988654515,2.05187708629172
1.73289371641281,1.68523282670814
1.73327531525679,1.67893757326386
1.82858868250618,1.75841742551314
2.03993212916161,1.99136656431802
1.89075613913163,1.84306324268729
2.02418602866032,1.93328198963702
2.05991354320245,2.01286951668075
1.66515741950795,1.60918960338229
1.88323753558199,1.80536811046256
1.88824865595673,1.8353748633728
1.22038638264233,1.18394601209427
1.77017925311838,1.70703254038438
1.82762993791031,1.78376139555084
1.79813673246241,1.74008649188183
1.83234687350953,1.77886312104916
1.71224039844399,1.65834265100116
2.17938713554391,2.11560310989275
1.84192427384895,1.78490659776025
1.83464322811253,1.78009278993759
2.04209491808134,1.98251273982253
1.96895158666514,1.90121743347418
1.79442422059651,1.70561264038381
2.06826997431632,2.00983563472046
2.18522657354854,2.13155137806931
1.92301066573237,1.85822673275742
1.83559047794163,1.78789404247742
1.71704992233661,1.66569554697643
2.14740814976657,2.07695769905528
1.72100170600202,1.68077995442863
1.83864546677086,1.77488384205865
2.29852245274184,2.24972630557934
2.24883331796421,2.16817233528267
2.06787516868362,2.01040007383702
2.0380855154316,1.98028864804051
1.77802273299966,1.72833975053516
2.05302835614811,2.00543612883162
1.84741519838487,1.77535039680011
1.79594573744281,1.73581199708585
2.01169604816156,1.9658445056803
1.67674998049465,1.62527007204866
1.93061703823876,1.8680967242546
1.7605176648469,1.70277673678919
1.80421001142552,1.75481524434647
2.13177958798316,2.07441420548126
1.6624035929781,1.61511782653709
1.98712762701928,1.92455645462738
1.38078201770906,1.34185451300493
1.80199344509438,1.74533828273318
1.64674603053525,1.59506565823218
2.05322460479673,1.98083581842096
1.39876059024088,1.35778312105892
1.8241714989493,1.77939945987439
1.77806607938652,1.72639741448308
1.73236389461304,1.66130460624413
1.79609892373413,1.74771126137732
1.75120824182438,1.69615888100277
1.85870783467142,1.79596815286156
1.7951242979201,1.73172687294223
2.24798230410107,2.18614055720438
2.0238023608334,1.97395909397361
1.90715498325219,1.85841420366197
1.55252197369518,1.52860643165125
1.63581872603656,1.57786323053555
2.11549405068932,2.02352721014266
1.67744035825538,1.63119386316666
1.74523349558089,1.68179657372998
1.85139404715174,1.79740903721479
1.56774758747841,1.52857313910133
2.69190545681954,2.62087369508211
2.13212471258438,2.07370692333116
1.85286516000455,1.78749044972077
1.69709878942312,1.65510232457853
2.09738644876276,2.04218615258398
1.91709685742155,1.86008582034993
1.84686428279071,1.78310551593512
2.14476087687567,2.08240332567821
1.57223350196329,1.53985637874199
1.47559431489278,1.42945348854479
1.8412470579312,1.78139930046938
1.88913983155407,1.81105653254409
1.81198319436509,1.75257461659851
1.76848303872807,1.72663912062885
2.10011563520115,2.02598291122478
2.10595705399726,2.0376474729839
1.93327130881531,1.85872569394382
1.91394053043492,1.84695696783246
1.70705350584065,1.65498846064224
1.81886772043361,1.7666240868583
1.80985210531618,1.74294340181646
1.92224808728429,1.85965977486476
1.69563592392303,1.64624453679982
1.99486624405321,1.92951129820276
1.82679090833675,1.77615675956863
2.06131157129795,1.99554854985552
1.4411908362839,1.39735560245152
2.04683302151383,1.9930778621872
1.80407517523256,1.7328687500545
1.9064160180563,1.85177085952549
1.9203823085912,1.87042384212065
2.05711514772759,1.99443428932396
2.0830003544452,2.04336564527732
1.86858192227534,1.81531030194246
1.78913416955871,1.7308522524525
1.85334946977616,1.81062994969026
1.6957680500655,1.65231312703658
1.97170577784971,1.91246891957293
2.08998289259733,2.0411550868526
2.1378901772264,2.07344361092315
2.00008933262422,1.94624797788331
1.8222038979348,1.75128580880409
1.63775318267624,1.58009906706315
1.97161896002251,1.91485460646903
1.84455447926436,1.78995384233213
1.982943325625,1.93034515291291
1.5116500950146,1.46593977520106
1.81944285501753,1.7692475286342
2.02274025016604,1.96374739687608
1.53748703145183,1.49342979165126
1.6560601976304,1.61215486121106
1.71994878696846,1.66968454077684
1.91926870945388,1.86704456382501
2.06750130112306,2.00227838842468
1.88532975570455,1.81992128365976
2.05581307288138,1.9529378926635
1.789628419545,1.74220521361579
1.55537768007509,1.50959834672182
1.95705248560524,1.89060677780594
1.8531034869932,1.79306113851618
1.86105535483949,1.82165596183863
1.96225659842453,1.90891946762198
1.81604728729924,1.74901489651603
1.92130344248837,1.85438779241517
2.17479054489314,2.10788924055981
1.9573310470143,1.89618666874169
2.07929161488918,2.00990197965225
1.90493460315471,1.84730813774229
1.8772863609174,1.82142823834514
1.86537683394666,1.81059361671196
1.930740821054,1.88327632377267
1.98687768584711,1.8729682196852
1.87986944278136,1.81819629950288
1.8603740714186,1.80138211077398
1.93429173491511,1.8739987510875
1.92030818810952,1.87361070019831
1.89611768940476,1.83815224392743
1.76138166956143,1.70064820191819
1.91025123823443,1.8595582544924
1.82953413965703,1.78130128464645
1.90296230892988,1.84645443562647
1.90288912419286,1.84744659225331
1.76022219815354,1.727400660379
2.52797387118685,2.46935742576546
1.79738357644619,1.69996082776508
1.71931197667712,1.66475141190778
1.70977269439028,1.6694329597945
2.40534840876196,2.35555508995761
1.560112486827,1.5049281915166
1.96675879094696,1.90707937467227
2.04324539382,1.99815901936593
2.0512604915323,1.9552869260791
2.38654585873464,2.33803513258583
1.87702720845735,1.82495209918002
1.80288225129478,1.7545754091494
2.08378828533192,2.03563285850287
1.65936877192229,1.61188316949949
1.62401240875619,1.57583455855301
1.99734951836757,1.94322065879275
1.82220655014436,1.75547786554859
2.30647639076155,2.22120178302735
2.00004112513707,1.94697525210682
1.9327991243556,1.87153568155937
1.78516208511674,1.73803595040651
1.46792758197835,1.41450677181331
1.88880097122475,1.81981919121652
1.86778962048807,1.82073869153994
2.02539082250399,1.97042541838583
1.78144044218552,1.72910837506159
1.9045353978586,1.8501798190829
1.99483401906242,1.91990047623125
1.67904721370252,1.63036076834825
2.05529212250562,2.00011285586944
1.86254008712948,1.7952686873592
1.97218776678244,1.91146379061574
1.7219434455177,1.66862664261421
1.96022935240303,1.90013391685259
1.83120608102906,1.77250868368694
1.56443383235856,1.51705702032769
1.57946886186503,1.52426839010216
1.49620549384523,1.44519389197817
1.96002673646622,1.90964365502234
2.07285381671284,2.00724954687436
1.76675088318803,1.70800027768227
1.7256123843901,1.67534671137944
1.53254752674394,1.47630003187463
1.81725597371189,1.76098869541233
2.181062977962,2.11126770995518
2.33034039031058,2.25459163596879
1.91520277923536,1.84482941304851
1.89444019246484,1.83599303118467
1.79411996759828,1.7490325698746
1.9499588044332,1.88453388856076
1.70417809809208,1.64852011400131
1.53165825602813,1.49079181674955
1.86117107741847,1.80568678791003
1.91822991073505,1.86894070334914
1.83949090673632,1.78148107284453
1.4599665114874,1.42076072960308
1.53070766692979,1.47807872697271
1.75897512324288,1.72008643339837
1.51650628394958,1.44647122461632
2.22299909172113,2.1539851929383
1.9062194501655,1.85774834640809
1.75408119861153,1.70902512027377
1.8963719667983,1.83283561051424
2.15867196503041,2.10975597109723
1.69796986213919,1.65642110793714
1.67871752205709,1.62798977962186
1.75834046537015,1.69985182303776
1.96814703250148,1.90789160924435
1.91901851345166,1.86030643153066
1.84046256174374,1.77424432499855
2.01272239142956,1.9645303553984
2.52059668132679,2.46033157109635
1.94496404850974,1.88814882947936
2.06736996267384,2.01147564311667
1.96454934413863,1.91351975075983
1.7857978518606,1.72686862442795
1.94717689257598,1.88957955673373
1.93460139395728,1.8873504493363
1.71931051915328,1.66229106931134
1.5553399180459,1.49335004683653
1.99279244015122,1.93742549813671
2.0553389455741,1.99764401319908
1.94036947344733,1.87976625231669
2.6340941306757,2.57156510491878
1.69741383379669,1.65779062786387
2.16646084784567,2.1089356225629
1.94985823251482,1.87284291039054
1.71671145848271,1.67871369617427
2.47400092205531,2.3931991621269
1.87823296685721,1.81247391069394
2.18392335999723,2.13466269176951
1.56435704595514,1.49394977333752
2.0999919492397,2.02975494995443
1.76971878570903,1.70867057969382
1.62149458995965,1.54795919926264
2.01263213387808,1.9527172259487
1.71230743933189,1.66995252034536
2.32507254619422,2.27431434511211
1.82363440738407,1.77714971101395
1.84869624403076,1.79306175577348
1.84640894432902,1.784964221657
1.69805796509092,1.66393504028827
2.24967031891652,2.17289186760223
1.67247477156704,1.59407907319845
2.17975158381479,2.12527811309235
2.03864153049152,1.96041750011026
1.6825940328645,1.6327928963034
1.61319776222336,1.56016557482613
1.88352752799328,1.81477919390558
1.99122545668546,1.93973567889238
1.82475748135834,1.76993925963928
1.92088177431713,1.87489767323334
2.13627741614935,2.06654799795958
1.81483679274464,1.75321973134414
1.98336236489252,1.92609291174066
1.67770919020757,1.62687037174599
2.01021686945776,1.94168062743893
1.81631202722673,1.75318059233004
1.79920577304013,1.7378068467313
2.00903516161236,1.94480286215648
1.57064064323174,1.49685070676954
1.74288538295072,1.66889999011915
1.90412213178178,1.85606673855456
1.87318283455374,1.8166890366345
2.01163246967473,1.95996024972718
1.64945557849525,1.62602318539591
1.78841627487615,1.72648274230649
2.05876585441096,2.00260975081696
1.99037907706609,1.93156016971356
1.86938238507493,1.81480629912156
2.03274158080137,1.97140528663097
1.72397315640438,1.68198166510211
2.07782010332329,2.0211472441001
1.75180052340901,1.69747736525439
2.08931345460444,2.03002906596789
1.71024213897848,1.66437743797583
1.8867392545146,1.82752816430752
2.17121323546164,2.11071831058578
1.81737917784894,1.76574067472513
1.65839279241099,1.60988671075987
1.9820352781114,1.91686750563345
2.10568545980895,2.05369930648211
1.92052050540474,1.8647323134362
1.92994537706042,1.87456899115677
1.92536065522166,1.87147931048494
1.86162833264254,1.76885332792103
1.96462224559662,1.91688170011765
1.80825081905521,1.75466285176179
1.94730791140311,1.88806444326837
1.72660102973667,1.65539776155063
1.88731021083467,1.82960858747515
1.93746143471856,1.88626928313119
1.98114055997363,1.92710718934957
2.20950903586357,2.11890937221219
1.67438456790257,1.61511064186146
2.03509437943455,1.97167233849052
1.83726976341522,1.76582979466707
1.65247478359856,1.60257105363646
1.74696316838564,1.70249198156385
1.70007193740796,1.64891132459061
1.62413747692997,1.56434467794399
1.71174724387701,1.66179130567534
1.60212553899569,1.54759406555879
2.01456335560288,1.94213590966707
1.78719710149018,1.73570604288917
1.70508968294046,1.65092867007913
1.98022264258202,1.93236339583756
1.84387616056558,1.80075746031862
1.70452990723884,1.62298568777786
1.90224062036919,1.82203310627032
1.88330796691836,1.82350587337517
1.76023674631681,1.70229030837119
1.75720609453198,1.70607882335788
2.31390817790413,2.25088406088129
2.05492175339656,1.99496071284117
2.15748874311523,2.10315765047229
1.9666230270382,1.86880557803062
2.15116927030569,2.07135537306496
1.74012824891695,1.67957755666659
1.63122940381192,1.58331320027648
1.79348146550476,1.75294230246712
1.79800445371195,1.7566803834236
1.93033627090382,1.87396793308633
1.88611898574142,1.83753798707919
1.81570158931951,1.7538748677459
1.74003099440461,1.67661410038293
1.85168924591657,1.78562131839172
1.70747408888556,1.63954068467111
2.08209502725584,2.02808753028875
1.87823036580953,1.81425607261092
1.81879102317198,1.77291874384768
1.76181714541439,1.71694126416651
1.86454485904144,1.80279041251429
1.96407206149133,1.90066073028482
1.75135874582055,1.69276684019815
1.89606317255374,1.84541295929453
2.10326060105732,2.04467583235461
1.90007072564746,1.83671914600512
1.64499944714082,1.58783945227352
1.82837973201525,1.75107619244675
1.78934724380136,1.74174818137178
1.64580500572028,1.58957736520181
1.89265876497478,1.83423677186251
1.74411139149242,1.68438940424933
1.97231369136386,1.91497547619673
2.14134215774304,2.08436464210835
2.02956410223839,1.9832516271574
1.88736835954178,1.83455701310172
2.01255212397009,1.92636966899321
1.77633951088523,1.68562367891506
2.16688663037164,2.1055106446982
1.77830767775462,1.72603546302408
1.73465582070707,1.66698917585775
1.90426111890486,1.85655892960836
2.11691934635885,2.05311385755339
1.7846701268859,1.73247132983538
1.73654818130624,1.67290211065826
1.67127464045913,1.61117070027385
1.85457333679832,1.80581189463563
1.87016812326827,1.82638805419613
1.71171893008413,1.6604625534104
1.61584726578613,1.54697949459612
1.99662148559758,1.93070319342818
1.82005823015994,1.75303263749005
1.84950647099903,1.78448536736077
1.77686160578982,1.72874817670699
1.74361545467682,1.67880560219505
1.65385302891339,1.60419927731387
1.72329096841476,1.66524811881545
1.72370239484136,1.67445604344415
1.94033506132733,1.8935699032641
1.98615379604858,1.92774978910051
2.06203030667782,1.9876500026557
2.04749769214566,1.99467707300604
1.81329838765041,1.75390852351624
1.99385369451825,1.92030532465981
1.93254722347306,1.85323644794413
2.08901708945937,2.03693453012722
1.75092751381498,1.69927051246232
1.81241837766823,1.72974326450707
2.16825042278754,2.12104997693987
1.85509813873222,1.80238376138983
1.94061895851543,1.87619654584024
2.18312413360453,2.13017925334045
1.85047691111604,1.80418913849113
1.91963731461654,1.86383088098345
1.76243248254571,1.69388784248477
1.66447928919403,1.61192686881616
1.86321860486139,1.79316741450932
1.92637857795545,1.87548119693543
1.80120062468337,1.74760910092357
1.81700227590088,1.76068896447511
2.11894755780479,2.0463896657491
1.98515782385338,1.92294063541669
1.77208029849821,1.69620589686643
1.95189074033638,1.90650692683316
1.96547435910469,1.9033693338099
2.06557915264226,1.99164590416904
1.99336735560727,1.93257930709316
2.03647034476413,1.97400880268253
1.68964609808037,1.63322871216948
1.65345081124298,1.60549657436157
2.20154643025338,2.1444019811804
1.89258470970089,1.83044566028383
1.92594786887933,1.85987703373279
1.88014488876117,1.83274774491908
2.06505220420991,2.01422611862341
1.74861799227757,1.65692063052742
1.89962169222886,1.83840606760131
1.86084750315346,1.80552977887423
2.05413423236912,1.99889118257829
1.97928259175234,1.88935560401536
1.63830702738727,1.59170554984678
1.55697205552937,1.50849052605054
2.00300336074329,1.94296559717653
2.13448877576672,2.06620721038358
1.42374370480165,1.37630851981501
1.7103588139906,1.65294983446473
2.06388554866997,1.96029885951682
1.79053351376431,1.74144217153874
1.83758082650807,1.78550719152755
1.63734705834799,1.58984857527791
1.64859481735264,1.59462012026472
1.94206715519738,1.86855454805421
1.78836001927044,1.73656244537352
2.1361501433532,2.08036168648322
1.78686059293505,1.72995448758746
2.21438927130075,2.15983399027885
1.74627531831266,1.69584799589889
1.98578679349483,1.93317250618938
1.87193043980257,1.81271296851255
1.98672423229284,1.92233574545119
1.68041973363535,1.62599700308143
2.15193579936292,2.09618897756372
1.97006249353737,1.90706456475697
1.87728064334346,1.82989559439552
1.73441753101745,1.67575972605827
1.63429398191991,1.58880288116549
2.07240733167695,2.00498134632199
1.6807185404892,1.60297696246077
2.16311479233143,2.09418859921018
2.05002975788843,1.9899144751289
1.71034493671115,1.6671081047504
1.74137774958079,1.68670451267154
1.6335980727859,1.59475215273946
1.76860747919829,1.72315924558142
1.88035182837551,1.82139888623802
1.98371678104962,1.92384189308008
2.00236020417913,1.96065490398287
1.73401339845194,1.67912488742646
1.77584097299906,1.70725448767435
1.7942688582575,1.73852408758241
1.41061379873207,1.36789302281859
1.83611085188596,1.7818167560409
1.92917965417187,1.87033861477658
1.9572473380505,1.88150526061954
1.93205932186966,1.87996991546648
2.30928407416801,2.2539794004582
2.07963312113584,2.02474336139101
1.79484459667858,1.7364808256669
2.12785298953627,2.05344920111617
1.90021335938342,1.84233569601385
1.62267240098963,1.55807150045403
1.94518956943974,1.90036986752229
1.73006830126662,1.69661154692452
2.23192182639189,2.15909219364575
1.92468901484388,1.8673092088751
1.41489324458619,1.36807143095553
1.8277284798636,1.77492201406696
1.83682207788425,1.79321109139946
1.99821741034898,1.93736197620642
1.77156266802319,1.71745898703111
2.05139483873583,1.98870319320202
1.79772769850028,1.74225777304775
1.69451347531627,1.64273955800236
1.86542956624446,1.81400914399225
1.64745498847315,1.59893076887109
1.94016747266351,1.887961303049
1.74094987441387,1.67323689370861
1.75627060676783,1.70956782671331
1.81833321984876,1.76132134274602
1.88682351161044,1.83027858847442
1.75573659069663,1.69541744888544
1.83017390262363,1.77670318933133
1.4834009376707,1.43880494916434
1.51945530404395,1.47479622813325
1.75106324937616,1.69481916880869
1.88310975326636,1.83954156860481
1.69055495914935,1.64746434828237
2.32368887434536,2.27379603082306
2.19442235245059,2.13852359801523
1.89243610615354,1.83234483475105
1.8397725552631,1.79496544477904
1.64056708009328,1.59195904086436
1.67538474620986,1.6358272169845
1.99524092422085,1.92800785898898
1.86124140437818,1.8113666432125
1.88511710515332,1.8362002028592
1.9849257777086,1.92514348261956
1.61698893436668,1.56966423460415
1.58056699731793,1.52944519719406
2.02694183833667,1.97259595514414
1.7326634802284,1.65925911453549
1.8441212861267,1.77472473990221
2.18813394041232,2.13266048302605
1.82437999192004,1.77008416103506
1.79350460109893,1.74947390234338
1.5724555685265,1.52944359384449
1.74565455181801,1.68824478945252
1.85105136430596,1.78932061901871
1.30546491474586,1.2673569399099
1.90424523543071,1.84036635379998
1.79858668178187,1.74285334437689
1.62496862317193,1.57101393010217
2.0096803640366,1.95883222501269
1.9805886239853,1.90617395805115
1.95920366237217,1.89630518894579
1.66098405293924,1.60220939313945
1.70141729463368,1.64261042844401
1.85805695012844,1.80266402069363
2.05196987054785,2.00002968159102
2.01520285497022,1.97159485485796
2.03204439605986,1.96677246077138
1.86940539733001,1.79606604185645
1.82796422162657,1.7761689088479
1.6041473477928,1.54552992414445
2.1216426603879,2.04644076159275
1.79781321398683,1.75059715366186
1.99287498207541,1.93282994550382
1.89766267150953,1.83365139801411
1.61972713765074,1.56580235603642
1.91370991216537,1.85556705467776
1.72962754655417,1.64204926676979
1.69936912173636,1.64220637647843
1.82235886850316,1.77237024649142
1.66886138177778,1.61781538573896
1.85076140946672,1.80397240066529
1.92237201582112,1.85810062833446
1.64933984961496,1.59082601478128
1.69939000735358,1.64173521616192
2.04165398038163,1.98942340966914
1.95139897395076,1.89504455640062
1.82278481568477,1.72278145630691
1.97352477605599,1.91866762306375
1.99741771432954,1.94833562395031
2.1144082872814,2.07100408680177
2.02165506012804,1.94061877036772
2.07111374293642,2.00392038316087
2.01507829034456,1.95511708793329
2.08156615270111,2.01770172681299
1.9774134254044,1.9215153685613
1.73890680358545,1.68314354251218
1.88511486542416,1.82495588887642
1.8718433282649,1.78780519815236
2.03302320067255,1.95635956745456
1.9388074541751,1.8714923329126
1.76407118721816,1.72045780879534
1.99605501048642,1.93669285292256
1.82628402030802,1.76676809725865
1.59339253401965,1.54807563429249
1.98958406708309,1.92163934994424
1.9543193493691,1.90582588405569
2.00694155217394,1.93731332343923
1.78951900986639,1.73214763302242
1.37520235849812,1.33242315032571
1.71216657927477,1.65781970095824
1.79140856956006,1.71051862697698
1.89325116361787,1.84407526838589
1.87672582464703,1.79798311819914
1.86774234507068,1.81482069685325
2.02529921228181,1.94380551698974
1.9769029396219,1.91419041542544
1.91973559984278,1.85247845354482
1.6289161630041,1.56684909015891
1.53972107277976,1.4994657817472
1.84798779384819,1.79267320524357
1.86897862348982,1.82026903646461
1.75415497273547,1.6962493224596
1.87906078660005,1.81262504370535
1.92493848358218,1.86126369448669
2.22195411670049,2.16523493197772
1.95925583526182,1.90374660216118
2.06601877891768,2.0144512309305
1.98052277939361,1.91805199086995
1.86962967925522,1.804113438509
1.71525069402866,1.66706019944145
1.80615735057234,1.75202475256732
2.23661778483517,2.15745655613698
1.95431239006038,1.90404925722275
1.88821395082621,1.82842006215197
1.70704197718371,1.62459900802675
1.60817652958597,1.54657345556639
2.05126536166353,1.97736847969897
1.70528558836614,1.65314116510835
1.92142779145063,1.85676824300169
1.85085333682099,1.80908733919863
1.96461927521868,1.90844344080896
1.94175353156454,1.88744273329086
1.79390636072168,1.72840958264013
1.68001789324834,1.63781093526907
1.73468046095405,1.68266866358659
1.83211378378267,1.75977313429931
1.78244747068869,1.7299245089357
1.7201903638711,1.66810304441847
2.16203268209212,2.08370881330435
1.75493829466343,1.69468858941704
1.76261438504941,1.70857932964724
1.8684916308983,1.7965251349632
2.0893027155027,2.02644378366913
1.87898572022286,1.83194835899805
2.06495704083535,2.01117013778232
1.87982318339419,1.83065218414692
2.14952415194874,2.07847345151694
2.17593287828764,2.11488819197463
1.95933726628508,1.91091484460554
1.50032058880867,1.4649361112711
1.86121953653783,1.78424868500372
1.91705946584695,1.83699458874111
1.74317001397218,1.69397901562947
1.91155692296913,1.86430357080735
1.58683737920241,1.53387042413447
1.84928250692192,1.7947738137486
2.05397844922752,1.99903045456538
1.83710588781541,1.77923802232817
1.85681056841503,1.80610181714625
1.85126763969304,1.79852621099989
1.91052114039508,1.85889507972455
1.72421871802298,1.66968039784367
1.57831863507203,1.53447214613657
1.61761674058253,1.55379103252197
1.88737468527476,1.83935530873172
2.5846282754046,2.50022769682177
1.99375075979878,1.9213371737299
1.92143649132883,1.86741779628699
1.63878465488321,1.57938766032576
2.21319572415041,2.14362793983417
1.68825799149622,1.62034179302292
2.02661399414086,1.97256344913221
1.82794171716784,1.76904126478041
1.97160356883553,1.87497462418912
1.82913275363845,1.78142167667048
2.11569072645118,2.06402270639898
1.75295855960327,1.69333791626061
1.75249710857228,1.69802883531445
1.74960109561986,1.6857014604384
2.09023483379114,2.03436619884535
1.61141168986862,1.56874581840293
1.91964709666728,1.8565804540246
1.95084833598801,1.87971665281704
1.69687571211803,1.64630836050097
2.06054150691814,2.00773109539442
1.57782072982354,1.53671095910204
1.69877310871384,1.64694203810773
1.45224057406817,1.40469297717799
2.15136328306709,2.10097229223777
1.92596072159626,1.86259071853514
1.92877797934785,1.87161797724349
1.85663872870967,1.81265894132048
1.71637000444942,1.65251991305321
1.92084772413506,1.86181431252528
1.83938243043131,1.78099270658245
1.68725269573401,1.64594788588407
2.08096127647284,2.01416991156514
1.77846949773614,1.72214644342112
1.72721394169183,1.69467403725009
1.91440534358803,1.84958759720293
1.79846559576837,1.75169724786386
1.68312656128514,1.64189946850184
1.81704203820922,1.75611088633797
2.07350075764218,1.99468650183465
1.83117657383175,1.78563776231146
1.98559847980419,1.94322518824672
2.14142172747905,2.07503300516175
2.07356696257648,2.01120939803615
1.9946059756572,1.94585150563981
2.04421561619156,1.98879757590425
2.09325495643921,2.0280979252106
1.88259841232833,1.83065051329235
1.80986499000966,1.75684847538596
1.89776216614016,1.80555859895002
1.86612599871272,1.80370076681518
2.07712349625113,2.00843436204404
1.64755515289256,1.60155069226986
1.85147675905139,1.79106082464794
2.01186967704964,1.95324105441565
1.86095010858198,1.80936720133516
2.06065118229843,2.00361259993602
2.02671750545554,1.97013421264275
2.0951924469958,2.04318616675747
1.59210810549408,1.53799430530553
2.01879094649705,1.95423037029867
1.79115943805182,1.73625035915459
1.98898187474577,1.93174287078057
1.88962629814399,1.8116680310603
1.84506593907046,1.7822355552107
1.74522571494429,1.67351195067249
2.06599470025017,2.01180091263964
2.06073920190091,1.97994049501252
1.9548109089016,1.89771294934814
1.64950215157242,1.58809320618932
1.97307366394644,1.91967928895925
1.72658910913059,1.67233313589288
1.92378139865736,1.87396524365794
2.14848368811002,2.07067369506483
1.81465028999445,1.75373507541955
1.96073664611224,1.90440363481092
1.80305769290088,1.74482541557598
1.59192192795082,1.52737111657472
1.34329065693185,1.30193018910784
1.69489756126921,1.63075923407157
1.62646605292729,1.577528916465
1.95461410118018,1.88646229000357
1.97958588202974,1.93590322878928
1.62910543317447,1.56404294341753
1.68381501170086,1.64078601300189
1.73718169160583,1.69005663870212
1.66238208627616,1.5940111990414
1.81175826960367,1.77572413167281
1.96342361184103,1.90284129532747
1.88526627399552,1.83365012999215
1.78824853196987,1.71061820994766
1.8103630301543,1.75997115588099
1.63046131715125,1.57932721531468
2.14389671452179,2.09793947634068
2.11989075487722,2.05764204236202
1.74015120214123,1.70132887355398
1.95727760081812,1.89659136834391
1.74766320819977,1.69433730524996
2.04808432415698,2.00078861090687
1.85329223405132,1.7944513140315
1.99451794670536,1.94212078013885
1.87767926485307,1.8269587703063
1.85198955150892,1.80189417197743
1.90029785985439,1.83660280279293
1.93174013790917,1.87532269078696
2.07356683517745,2.00454994160397
1.58057922531596,1.53009305381896
2.0268245149591,1.97977329796525
1.80425992415026,1.7466033607212
1.65762110951504,1.60575920517535
1.78522341588153,1.71144926867392
1.74864140565414,1.68444384860889
2.03331594991078,1.97401278420405
1.81564306834979,1.76366663047107
1.95435098988293,1.87182949033145
1.72503156561508,1.67241491324558
1.82014014822278,1.75969202085629
1.98389373130868,1.92544975726247
1.67222399894471,1.62119939083287
1.85577809455392,1.80039367581418
1.8809648991846,1.8201829446603
2.02548746644524,1.97244260137761
1.96666125686997,1.90809363466282
1.66247556337543,1.60694755095388
1.85290015059219,1.80197009141058
1.747923832745,1.6965235669084
1.89261010042138,1.84635623978206
1.79575259534678,1.74848707569492
1.61039121405262,1.56467350607257
1.67485490194993,1.6181627238075
1.71700039617238,1.67082636355971
2.01840933625478,1.96380839914135
1.93980510104416,1.87325322122589
1.759570543931,1.6996910166222
1.81600207734489,1.76874349026973
1.77672197742597,1.71658240842212
1.70131865382199,1.65076519054179
2.47314574626936,2.40955879111161
1.90768676483502,1.83388098638219
1.7780837933606,1.72689354921832
1.87791132561948,1.82083449021537
2.0134031278355,1.95408338408409
1.98663794211164,1.92606583142337
1.90055829078551,1.84197974793188
2.20695492129085,2.14687409531485
1.86579558290451,1.79789063780395
2.20627011351414,2.15419463373203
1.53461018825079,1.48004571489993
2.50483251647196,2.45638516882651
1.82754412838042,1.76715722478102
1.71017896226737,1.62964504795446
1.87885653947006,1.80295843859221
1.76634039631705,1.68297265788806
1.65723292630561,1.59698320529335
2.1353814047114,2.06132689864839
2.00895858437974,1.92913978106954
1.70471741467662,1.66501251223014
1.74286971275632,1.69125851489614
1.74559827827739,1.68684144868032
1.97061013203333,1.91907122681064
1.71526528340947,1.67717463014041
1.73517056757119,1.68688803149364
2.01333997213837,1.94279010530041
1.7730320873366,1.71704988149091
1.71760466345109,1.67000536474131
2.02447268196996,1.96412383237961
1.6414389734959,1.59649651172608
1.93600039395288,1.88136182381278
2.02852241406134,1.97208072234457
1.83872639293723,1.78726018746015
1.80231359766527,1.7444618816726
2.2202186939343,2.1770155747229
1.66842837756565,1.61412342732365
1.85214254319063,1.79071857674495
1.79884025127744,1.74276449982178
2.12863180109777,2.07450460611063
1.66421268128526,1.62402202420856
1.73709462666496,1.64946613388922
1.98471127117283,1.91468032567114
1.94879595054658,1.88144945959206
1.96400533619718,1.90843586822983
1.92661784325337,1.87470061856587
2.12727325940305,2.05784674057177
2.10468094070925,2.01882355428946
1.9793182535424,1.92108293429693
2.17282766277522,2.11571649056428
1.91054646381014,1.85211070523306
1.82337114732403,1.76069870766496
2.06554605872981,2.008478587183
1.68172625680914,1.63346706300078
1.67293665660161,1.61378985918247
1.356587210454,1.29416832337987
1.86607727270096,1.81382781007718
1.65336202446303,1.61464798244699
1.70967734288115,1.66341683267149
1.67518809130612,1.61705985878703
1.86856805141319,1.81898628129909
1.9910037445533,1.9226012647438
1.98643598029853,1.91817552402675
2.20816063512098,2.14489495853586
2.01226083006583,1.94638162617799
1.98683315448547,1.92995482387585
2.03255160519866,1.9662556359941
2.0905924792902,2.0165263539233
1.78908536332963,1.71395460064519
1.54895800512587,1.5034606941828
2.216970582967,2.15971601101786
1.75087102602067,1.71097556659139
1.96348929287023,1.89520565159401
1.63967144084236,1.58815859386692
1.94947270791868,1.89671966553688
1.95149189281739,1.89601005239557
1.76225563622391,1.70597718998518
1.91510011248377,1.85425927503316
1.99558687516722,1.93529255138041
1.7982319086673,1.75393733050214
2.49025909244337,2.41829964271126
2.04184950268251,1.975016052336
1.94399853633655,1.89178292488389
2.18915837317571,2.13330244435709
2.09698672695899,2.04294619828851
1.78428621315865,1.71586262664981
2.15962080874933,2.10305382294722
1.98251363780783,1.91490914619083
1.95715120836088,1.8796957247859
1.89587028515169,1.8412286327258
1.90286341531081,1.85644225723194
1.92074545453035,1.86225959255214
1.70548067983779,1.66092516854127
1.72821752669006,1.66012037818344
1.95118434267072,1.88536090660321
1.76400177216336,1.69008803229113
1.93687423762975,1.88125274076063
1.82899872158344,1.76692239199275
2.32583364986752,2.25877378749189
1.69362219733869,1.64360075587316
2.20008504689372,2.14590279433909
1.9715206983803,1.8864791957064
1.63257094043208,1.56612742941596
1.67527196021451,1.62710758061319
2.12619140879945,2.06347751390315
1.80089505824915,1.74826947063132
1.68013504793188,1.63874703389411
1.67486601889374,1.61984715617147
1.63085706991439,1.58501606421235
1.6313363517989,1.56545399831127
2.14262342244625,2.07771075648256
2.12619149939127,2.06852239904346
2.04821623084877,1.98609329975993
1.82667455949292,1.78312857538542
1.5425205803982,1.47876949842383
1.53248574907369,1.48722389934519
1.97194284427241,1.91945083680115
1.89338185759233,1.84233208943131
1.68182422589088,1.62522673511274
1.88440234093712,1.8204688593382
2.09579803332222,2.04072747342892
2.01296475227975,1.96286157023501
2.03567617859188,1.98433652093666
2.53879918117484,2.48624054488694
1.7756348298969,1.71079045297374
1.84917097099777,1.80006002624294
1.91553681276273,1.86669827090785
1.85618867961031,1.79011501191063
2.07297273877656,2.01270792887776
2.17722599156396,2.12067523144074
1.8945522870542,1.83748983968365
1.61822437605982,1.57668526719126
1.57333718856358,1.51528158857575
2.03272571061118,1.96194340887334
1.7235218680083,1.68007251202774
1.7320624899681,1.6859158766775
1.784826639054,1.72294583955579
1.82065849105332,1.76974945023649
2.22549815257912,2.15139669321703
1.71544178477345,1.66116581268949
1.6837142992499,1.61656210182596
1.54124823423356,1.48645765666276
1.87619786226348,1.8034312289442
1.75469885356506,1.70575989314852
1.89807324613238,1.85868116183043
1.77790956726365,1.70781611811288
1.83849212269501,1.78938198847672
2.00139347659878,1.94188831762005
1.63293668967953,1.57487185260495
1.727889865411,1.66141961821362
1.78425266899021,1.70630739358942
1.99729044016443,1.93127198406116
1.96656099913551,1.90611367731569
1.80507801318203,1.7493686640029
1.65005403238815,1.59443722553068
1.7870793210711,1.73202363339487
2.00667718810454,1.94954698708088
1.96888027823976,1.90736731957756
1.71036999712118,1.64065919263378
1.41296359945338,1.37732875180511
2.02928784920467,1.96917020650829
1.98447415831217,1.91481606065771
1.72125396071317,1.66562114643102
1.6403608749637,1.57683572392856
1.95208331848959,1.88892582791142
2.05424832041861,1.98037283483502
2.05761914404338,1.98508734927017
1.90699609212755,1.84518276335991
1.77184531297253,1.71582260952034
1.80421096876067,1.7620909430849
1.60309576998155,1.56651572558372
1.75907429623667,1.71217561795668
1.82245571883368,1.7584144870843
2.00013998984767,1.94599348015259
2.09437116448699,2.04030884839456
1.60210094342436,1.54379671839895
1.77038020358964,1.70264832387823
1.62144447249084,1.56573508999946
1.45364178067361,1.41375503916311
1.94537412505064,1.88430246357688
2.13774985671524,2.06818027985278
1.91410966616571,1.86501355847422
1.79592229590654,1.71744686882348
1.75921547297079,1.71440535252273
2.05402896303101,1.98624165775735
1.80247412400762,1.74471059366054
2.16011280225789,2.10180928831515
2.06179789459149,2.00668969356486
1.96303429053777,1.91838012045304
1.95867428417474,1.91265969507321
1.47857144821636,1.43526051198836
1.92311974975719,1.87604679038358
1.92767320867983,1.87063775575814
1.95124237800056,1.8695929253334
1.90652147429194,1.84477277134461
1.91365290125192,1.8528689014986
1.77720383344215,1.73699422502354
1.96698576416583,1.90451629825097
1.97748978865789,1.91526581299918
1.5346664875777,1.47995479099892
1.79764646188262,1.73861646472351
1.72556359768524,1.66255362559279
1.8153316910037,1.77331807995658
1.77783324487232,1.72676562692785
1.85974513064949,1.79520236744667
1.75865497615692,1.71451845986953
2.02217712037454,1.95189150012606
1.74887772229402,1.67952236726281
1.99255090155997,1.9417910475408
1.89552257556457,1.84407018518254
1.94845388963856,1.90229535212711
1.86750651182652,1.82714877335665
1.8315473060569,1.77828685114625
2.11550475978008,2.06034620197613
1.60295619156059,1.55234194124359
1.8793875484378,1.81380903388601
1.92565155674371,1.86365118657237
1.89012205646202,1.79857192264617
1.89677403295627,1.84135039096252
1.57534778318201,1.53847697862711
1.88906391957574,1.83995127193263
1.75406632084141,1.69497347023234
1.82512972766155,1.77211021729615
1.61538956643161,1.5660385113496
1.51780537651297,1.44903432830087
1.85596166507577,1.80061335442155
2.05831924023063,1.98913788032516
1.84362336976929,1.80123435163802
1.69324723783035,1.64057819258969
2.00887312038151,1.95233206107644
1.78023139378969,1.73676188637748
1.80986975721056,1.74815133049999
1.74046259176281,1.69572026042173
1.90651673640078,1.86258330947949
1.85600266873342,1.7851319483929
1.70459673530989,1.6588262802902
1.79525799150572,1.74218592965755
1.87076033267636,1.80816608712007
1.90296333442407,1.83283084822487
2.20682228388495,2.15784998073511
2.04791224735634,1.98853210323523
1.96252062300776,1.91425460744066
2.13695461114501,2.07080428919772
1.73267776574383,1.68685199927471
1.81732116292981,1.75420726950917
2.20066651974773,2.12693356203707
2.01181780072483,1.96447315048999
1.81036008526211,1.75172604635883
1.89222669764575,1.83162984429816
1.53589665844811,1.48425384814727
1.77304505321312,1.72025756013878
1.77658585151788,1.71104767997659
1.94832758064488,1.87315750592894
1.90505139911367,1.85394715888083
1.93863547241956,1.88962034276266
1.75412047833124,1.71198100910905
1.75768959279929,1.70594307944911
1.6609914324209,1.59388499018926
1.93476892176068,1.87848589551311
1.49829958896828,1.44781456967133
1.84886760750177,1.77926539113587
2.05807825839174,1.99504663044566
1.6298512907011,1.59575074301159
2.08277753908758,2.02445900922766
1.78137201287168,1.71819733799828
2.23768173136688,2.15485025888054
1.60469119516842,1.5582485086006
1.65591668451734,1.59060146291252
1.69271496553347,1.64391654092962
1.9969111444406,1.94508776214401
1.80997843724124,1.75076480513263
1.91210531316365,1.84660411266353
1.8174641986449,1.75355877699622
2.16401742443434,2.10497279762905
1.71418957972654,1.66009546414639
1.67024211909305,1.62688138293351
1.87945165055203,1.80251908428647
1.78470568002003,1.73226030398771
1.99109652613022,1.92838214226749
1.84637134286805,1.78800908856687
1.99685576002131,1.94463864128897
1.74549847633882,1.67368849307659
1.63814439503681,1.57940113891697
2.0157024803923,1.94960706302462
2.01965731558506,1.96756023098958
1.64364084123649,1.59568519785701
1.85962380788779,1.80700044485833
1.96315889310568,1.90840287053082
1.84805725022211,1.79064501257915
1.71541996936714,1.67061114622723
1.91855466945186,1.86013369370708
1.88577772394399,1.84124270100534
1.78954062825662,1.73370809280657
1.96962140911167,1.91046776625617
1.84905713402895,1.78757934900652
1.66472155091915,1.61490014243321
2.08009869941975,2.03616500732431
1.94731877552845,1.8848171113707
1.9142007563722,1.85377361556824
2.08572879223449,2.03317564860823
1.65186996909824,1.60940033267458
1.78617501223403,1.71495056212362
1.80070716493149,1.74393251726052
1.87548134799928,1.82381892816466
1.58062989071693,1.54352049347197
1.72095219267199,1.67222185861228
1.95302727118548,1.89057425062031
1.99014921719839,1.93239212012583
2.00489278181038,1.9409507171719
1.77629869481447,1.69673637625652
1.73603301273716,1.68934535872304
1.99172643837712,1.95135091800322
1.70394793055177,1.65647949948435
1.6718271450582,1.6195921623947
1.74702592401734,1.69522728066909
1.78413746711045,1.71469594695609
1.86823174383849,1.80215026606744
2.09685533338139,2.0283934671491
1.71144272592091,1.66692654779757
1.71372921910846,1.65829015006159
2.15672154616417,2.09930708157442
1.54789408401651,1.50019808042453
1.78903839850741,1.73166569426387
1.84569853822527,1.8069326802718
1.77065049876267,1.7109142420897
2.29347223002087,2.23871240775489
1.87772924256833,1.82393457142206
1.89698352911525,1.81186634317605
1.98345187122166,1.91674365291342
1.74452876285858,1.67924089109555
1.52838056001104,1.47689696208288
1.87621085530275,1.82549801095768
2.09753603230828,2.03465527576171
1.82194149748497,1.7470541676674
1.77758279764737,1.73105232581923
1.8915884302783,1.83760446025866
1.82316335154117,1.73005318892638
1.83289275947009,1.77799906758422
1.90021897606396,1.81603474809173
1.88359702361538,1.83380381953001
1.75494597724715,1.71162301237624
1.87596436714393,1.81795915092971
2.16879850162344,2.11509160886881
1.89469091601066,1.84044090964876
1.92832047244401,1.86766967379308
1.7018287541448,1.65328308160586
1.98743835544694,1.92820421554192
2.02208288227509,1.95847577041394
1.59273786769194,1.54779305480889
1.72814386588402,1.67393471697111
1.62994665933318,1.56403706813706
1.8386215086976,1.7863020359216
1.87050103339463,1.80046254199492
1.950951660668,1.89611463962148
1.81672001154402,1.76353756015862
1.56665464118224,1.52575071088386
1.55609872214073,1.51975366378032
1.89282439514145,1.83632606513911
1.79517144083877,1.74063518078312
1.91906513829487,1.86448045773132
2.01142732165056,1.95401399739878
1.64001643726888,1.58418790633785
2.32990975781658,2.27531663409961
1.60917824408512,1.56242004703573
2.0465789171736,1.99736659247909
1.626202578752,1.58293729106298
1.65041674162282,1.59206147544728
2.0834073399437,2.01283933304757
2.0933436474556,2.02443095580838
1.87211451059962,1.811874733472
2.01699140315106,1.94953653640486
1.89767340320772,1.83325839915864
2.42877091730134,2.36584889630171
1.97789213683823,1.92415799131918
1.75866725714393,1.70986312850126
2.18874856810281,2.14030306389027
1.63346267995192,1.57057386788913
2.19645988862696,2.14048982448937
1.80194506626295,1.74836160845298
1.91286560783418,1.83200478504295
1.61952046784269,1.53957160486342
2.04417303583978,1.98545356910214
2.02162396267716,1.95617677751801
1.80782396256201,1.75489219003436
1.84117439027767,1.77647784593641
1.92773987488515,1.86639770145908
1.68669799926478,1.62945395245443
1.95455648720386,1.90143586455413
2.01406246672572,1.957548161621
1.67042181143901,1.61792264618698
1.77356135742704,1.72924241380975
1.70915087539425,1.65899239616264
1.84497195301403,1.78073293600092
2.25529919107257,2.18186280246299
2.18998627854811,2.12573853414689
1.88899536082668,1.83621343831628
2.09349628049119,2.03128947012554
1.78300619982936,1.74057035481652
1.78674105594731,1.72075516363399
2.13289188875069,2.0548702615673
2.29881492742019,2.22863378840081
1.8791862489463,1.8291722786375
1.86755402214967,1.8214544519677
1.90023764315515,1.84863373837786
2.07174766808058,2.01117363800852
1.72053844709523,1.67602909981034
2.08165016726483,2.02627321457496
2.56034764910883,2.48544783017718
1.68331142539669,1.63619838740848
1.58280407475125,1.53628909444741
1.69616462977108,1.62648656501929
1.67999933032085,1.62838954371881
1.82887547652583,1.75700536051725
1.81954252733575,1.77496852845609
1.9922077372307,1.93420262113798
1.969742541901,1.92109391859022
1.63593768498157,1.53899555031913
1.89333175391316,1.83231452085094
1.61419038292689,1.56212047862183
2.034649375616,1.97625227103407
1.6927983490673,1.61941720409042
1.6629000915319,1.60474545801863
1.79224089722136,1.74131610989901
1.85963711361275,1.80778467258484
1.69692579211841,1.64942258857902
1.95578135620101,1.8725906582173
1.76819498893819,1.70829224860682
2.02860098000786,1.97473292686943
1.92838205078988,1.85784129202246
1.73102182429408,1.67322885184334
1.83615408417485,1.78194094939047
1.98418168407471,1.92667970610887
1.79774392121643,1.72704310779635
1.82793952641902,1.76288629503315
1.80596317185652,1.76209191280226
1.83033886167455,1.7797090972542
1.94142007191943,1.86215835312702
1.73217288966599,1.68047505982962
1.75962648116274,1.71841975753924
1.76448337338272,1.71352722485968
2.1168446294388,2.04743191612488
1.92846254114161,1.86661054537336
2.0840992124344,2.02065656031191
1.57732350624946,1.53187599094358
2.17688093529292,2.1167460729942
1.84373109579476,1.79546755941351
1.72239853557084,1.66719221214275
1.6628599387485,1.60229772459124
2.00169141067424,1.94279460011457
1.66504971638524,1.607095603166
1.84237884528282,1.78776330915915
1.99244895946121,1.90392641771192
1.68300534555357,1.62562220051194
2.14971020216706,2.08508830163715
1.84127482041528,1.77166580023371
1.57502290382185,1.52824441309896
1.8384263833806,1.7843406786058
1.71044404349923,1.65634622813614
1.70785152581612,1.66478404071184
1.69722874235822,1.6421240330026
1.80060439736528,1.75291094533819
2.32920143525455,2.25623102906825
1.843821067504,1.78502377947691
1.8554900883868,1.8086162369694
2.07481688211266,2.01267815056618
2.01241679395078,1.95641835834155
1.56576693439401,1.51786374685361
1.97560657400966,1.92325165967277
2.0109568411276,1.9454129331854
2.06265974484357,2.00159060303439
2.040553202011,1.97917491199017
1.67751509361587,1.61968066414263
2.049297683783,1.99576782985514
2.03344741553843,1.98562186611467
1.83850575568419,1.77624060779821
1.71649456062787,1.66819588007092
1.53333319356592,1.49254618399954
1.6979984578256,1.62083295066122
2.45403487688497,2.38203272177168
2.01397483375961,1.95617796136717
2.06055977256826,1.98946751476338
1.66507563594171,1.61817127256226
1.85523502704249,1.79485097746399
2.05712849438761,2.00431601280096
1.97263810875054,1.91910261719365
1.49516028003389,1.44645991802833
1.8261450708511,1.76353235258416
1.83923925910141,1.78841374737378
1.8277266218957,1.7714159017858
1.44939966764732,1.38030965715386
1.91389153426793,1.85568300726585
2.01487147313599,1.93603973194053
1.89165105507698,1.83507791448449
1.93665484935458,1.88471195378747
1.94741053942994,1.88512717696638
1.914427976075,1.87250777680381
1.84700109941776,1.79941538265895
1.75615800462298,1.69198832867061
1.98396284413277,1.92840881687563
1.82217507578098,1.77317607339915
1.61897861639273,1.57248316803199
1.85805786721166,1.755490531128
1.94456505065923,1.87160746255392
1.97617594200869,1.91045273865371
2.01947637025267,1.95426613611005
1.95701832359109,1.88524981305274
1.96457033932681,1.8694428838341
1.79912349342477,1.74265883148209
1.9388261876373,1.87853217796833
1.66024164686501,1.62339234441633
1.71115985447605,1.66562471861065
1.68844678551199,1.63776753407666
1.87154717441349,1.81935521468985
2.43180003648287,2.38204487360613
2.01635000750497,1.96260918418037
1.99179740140973,1.92995770034099
1.78717391387588,1.73085008336397
1.70261106300669,1.65284974922395
1.88900123434438,1.82991779436207
1.89173746408507,1.84444048910055
1.96241063999946,1.89674528149636
1.87992300990202,1.8004750942282
2.02440109971345,1.9736569495349
2.08807705146249,2.01394723139988
1.37935681019021,1.34234638439754
2.01382811612881,1.96032213764112
2.04556231048807,1.97562021296503
1.53827579149601,1.4829468531183
2.00225377169861,1.94278164258924
1.4990363972852,1.46057239301126
2.06376862851025,2.00744852784195
2.04262362783281,1.98981299165466
2.00534322773254,1.93820651941758
2.04536589868769,2.00547249855616
2.10709721256417,2.04989817341056
1.96582893191363,1.89889795517732
1.87324561772766,1.81641023686656
2.06096390553623,1.98911853083898
2.19023358288267,2.12220265289853
2.30172482464602,2.235635621893
1.75959542400085,1.70252754597331
1.881522708483,1.83718238008658
1.62095732683068,1.57184507436372
1.78293414803582,1.73022971335383
1.87560509134344,1.82289247561128
1.62570192956596,1.5711964292388
1.7543173661104,1.69432700758436
2.12556279387464,2.05022056030846
1.72246162897321,1.66348872410974
2.0800132839902,1.9916068656954
1.76460700013096,1.71657256835191
2.07389373812826,2.01163485168622
2.13827863599712,2.0814771134815
1.80794710777519,1.75680934983593
1.89787341934787,1.84275850120572
1.71014611649084,1.65081047616398
2.00564277887647,1.94951402372814
1.85002529284275,1.80177445332179
1.74215657314696,1.66387890862447
2.0609576442293,1.98964478424589
1.4543592151984,1.41615433897678
1.92190830364963,1.87064575549965
1.51263017051198,1.4557624122498
1.79119399634741,1.72474782644196
1.79407161662345,1.74200261417773
2.23620227866721,2.17722057899927
1.90468522177053,1.84447299994859
1.90662092634232,1.85402162715309
2.00961632514833,1.95884938346932
2.00966477132171,1.94315469754945
1.85706405488214,1.78471181271403
1.92254173969758,1.84591520660286
1.90616168542165,1.86538819479245
1.85047909938096,1.78275826782656
1.75518319141788,1.69823008713678
1.86188058597839,1.79891055375907
1.73534121034072,1.67626413712948
1.55109173680954,1.47091029638263
1.68557304907147,1.62611592892993
1.86613428692315,1.81023213298497
1.96071057152154,1.89585163529028
2.37284127832678,2.3191351942402
1.73203996084769,1.67452786804242
1.7198198564233,1.61604480981816
1.84106985216205,1.79330039099326
1.66118378642415,1.60986033002153
1.73637993392246,1.67620812938628
1.70056706463621,1.65815561248341
1.82469285799172,1.75780650964614
1.57348917582579,1.51545715030039
1.87329361134891,1.81157836600889
1.87022043629349,1.80168671414133
1.91744696835031,1.85678456532508
1.95586012329493,1.88388060885118
2.55817580924998,2.48075541725203
1.81943304692743,1.76054021251548
1.89210013326569,1.83564942347103
1.71765540905898,1.66956421097105
1.66305532103309,1.6102699694467
1.91637027917711,1.8619799300472
1.76323366642026,1.71730140978248
1.78890833648083,1.75640363186657
1.96502928754786,1.92227154648295
1.95233240166328,1.90878278895686
1.72334701822805,1.66547696681908
1.89159670731964,1.83349039598999
2.10189347769181,2.03630600239602
1.79294448956621,1.74202759113379
1.87102990665688,1.81569498513079
1.86946786395994,1.81360358552562
2.05420118304993,1.9911017865232
1.86449010420977,1.81389335730373
1.81804964890659,1.75944871042733
1.45456103097727,1.41985016922162
1.48341860212813,1.43832863276058
1.93385606191748,1.88487749444384
1.92585684484333,1.8547634979525
1.74302750155987,1.67382420454996
1.91217195468453,1.85053613571899
1.63108059755687,1.56038785853321
1.98097300360965,1.92984147845422
1.78912813522703,1.72528552330597
1.85613381072568,1.79569915181968
1.91317694780956,1.85569878844673
2.18099614640836,2.1164777279212
2.06622862349493,1.99423944930177
1.85710068240369,1.80861919130194
1.91984442997708,1.86880953589409
1.39363153652791,1.35811724674923
1.56197006392589,1.52299993867998
1.78583788733372,1.72397792425187
1.5544554859629,1.50334191182807
1.55941588280062,1.50170126101805
1.83190911648615,1.77888271451817
1.9811668516333,1.90956417615709
2.01689959079024,1.96186325977599
1.9942980460757,1.9277941803364
1.79942613016894,1.67434023700787
1.9455798627411,1.88914333714947
1.90131350033913,1.828280754762
2.14928727527388,2.08329053684652
1.72090665678075,1.66767371013827
1.87225638164343,1.806789446293
1.89768832414155,1.84493303019012
2.11517066239882,2.05760576798794
1.6077920597123,1.5352110114918
1.85283173628518,1.79562363954881
2.21245076993507,2.1544988315928
2.0175900513548,1.94052333844087
1.88534255047471,1.83151480496164
1.60079281444771,1.55416990128753
1.95347169671491,1.89098411552228
1.7434248000272,1.65964873123028
1.76516899728951,1.70255799893737
1.82959750039708,1.76982056645167
1.6177177107921,1.58012798264062
1.7525997043345,1.70539929479061
1.92032011858333,1.860777134421
1.77611867679674,1.7184286076344
1.73447775925939,1.64071705143068
1.92694483151575,1.8750243673048
1.75235818267895,1.69386836499584
1.95660163792535,1.89914457266611
1.70728152445123,1.64703845817387
1.95939936950879,1.90860442978753
1.67196974910793,1.62063605441289
1.4432617491382,1.39370009618076
1.80942107226657,1.74015253761678
1.62249534859567,1.53328529961895
2.02039853343418,1.95131250934354
1.65472937216315,1.55696023467938
1.73973132883135,1.6797751881645
1.79325111333277,1.73287245017283
1.9426512938531,1.8617041545749
1.82967908274376,1.77534529371318
2.11580481724284,2.05327052880134
1.94180301959364,1.89821381164547
2.11734004394277,2.05947943424735
1.86149787904284,1.80393915520146
1.92388248082398,1.86330275776847
1.70132398949455,1.64566952968112
2.08396411677584,2.00961130434008
2.01018731642504,1.94861776912495
1.8902797911597,1.81453487294597
1.7438603689504,1.68799992470685
1.77040922710574,1.70144255915969
1.80668321754238,1.75044679111827
1.60149488749037,1.54920318164036
1.73703447445808,1.68602466962229
2.26588490243229,2.21181522898994
1.82940104039045,1.77490994403331
1.71918127745236,1.67715425329683
2.02500808321831,1.96298089333854
1.64824832556235,1.58577329193639
2.08547948600365,2.03794433555903
1.72192133560173,1.66780449966604
1.75556323847008,1.70109785760091
2.04809365699573,1.99157768126342
1.9425743468598,1.882712086281
2.01235141494285,1.95113946890871
2.13482074121424,2.0800935173171
1.8850063627025,1.81479933124619
1.89171645864011,1.83821964237137
1.83613779383994,1.76659586316717
1.93930112499417,1.87350471624356
2.02481344744003,1.97131672274744
2.16796534082469,2.09322944586934
1.75983321281208,1.70200659811746
1.46189382515367,1.41509281388211
2.5521230820527,2.48910839601077
1.71659393614726,1.64686453368529
1.93814613262577,1.88438870155565
1.59128789548775,1.53780899400393
1.76159393688013,1.70812882697643
1.86130831248824,1.8098006648751
2.22253802309867,2.16789821822869
1.96908145129055,1.89532242883251
1.83802588549986,1.7787322275159
1.93362685013868,1.86946038425954
1.77673871049121,1.7224838422571
1.75019531826006,1.70354572421515
1.58910187547064,1.5572973590337
1.92580064487949,1.88015554855043
1.75324073574602,1.70046274412182
1.66602327566626,1.56352990044844
1.97007681964922,1.90447744464426
1.99795484440974,1.93868647322538
2.00165771864434,1.95405548465425
1.81862766944874,1.77574787410887
1.91503109443544,1.86381371236429
1.67882229570276,1.62293610011401
1.85496054403421,1.80005772080783
2.00277026399791,1.94182030933077
2.36185137593464,2.30913059044608
1.96941146677514,1.9112706155063
1.65287565141388,1.60181824922478
2.16948433502967,2.10289561142732
1.87099840643907,1.81476084711916
2.15097415682567,2.08382873426018
2.07412773111036,2.00873019363763
1.62394832700018,1.57107214029634
1.60215212532668,1.53788390041725
1.77635695863144,1.71573746924506
1.78936260096822,1.73303918567097
1.8252513872569,1.77040304483846
1.65539424823225,1.59455987831125
1.73074869433702,1.68107841066135
1.59588355070704,1.55428917491171
1.88806070832747,1.8167219936335
1.6772209439092,1.62998910354259
1.98357104310035,1.93064596347199
1.91717648789469,1.85332027419426
1.71605284289459,1.65599620857661
1.9106080295357,1.86629016412783
2.16341362581193,2.08755138017319
1.79650840588391,1.74162674625278
1.7469878355054,1.70313033700238
1.713830632813,1.64234560646078
2.06482019255339,1.99813298600075
2.3827240522229,2.30454987233496
2.09449731069757,2.04416463025257
1.84309961291321,1.79169399820608
2.16698591902136,2.11467872823921
2.05242181833697,1.97945288454832
1.7306295722089,1.68417260758142
1.68931292158919,1.63925348230632
1.91257961096135,1.86056489170043
1.75380063715832,1.70618558608598
2.00127174603826,1.92882742421911
1.74887568961917,1.69155967294712
1.94277996371494,1.87949135886847
2.23243063379825,2.17483847007676
2.02840045029402,1.97286423875093
2.77204755322103,2.70331878812146
1.90703001075377,1.84589205664446
2.19117434190931,2.12816104690363
1.90688166246892,1.85805167380574
1.84299759795737,1.78869425643285
1.58405726679678,1.54086274996316
1.82430965568221,1.77081077044773
1.65562129140966,1.60953720919226
1.81718197257162,1.76102165456696
1.67086613237686,1.61212607713125
1.97019623288743,1.8980293545975
1.65108208585721,1.58689395256944
1.75177231829822,1.68786639005487
1.91560562487027,1.85338325586897
2.09227721855937,2.01244641657348
1.7448535022244,1.680002023526
1.96554272725819,1.91540102938
1.61355733528286,1.56601323584069
1.85586507984022,1.80645862852427
1.84644226586139,1.79390611536012
1.96115492217614,1.89809879609414
1.88946071128661,1.82361687912735
1.97978167196497,1.9122569023449
1.8249756133028,1.77142445757017
1.93085843015434,1.86615905779233
1.97044797429842,1.91605096017589
1.84502727654578,1.80111633709737
1.86377193658145,1.81530471650379
2.08620440957027,2.01160972797671
1.98295261703252,1.93139773064521
1.96519126352898,1.91863696994316
1.89392097203143,1.8182386555624
2.0748457505628,1.99407596511971
1.98782167050222,1.93382808018825
1.83519513008805,1.77693219511601
1.92344185220666,1.87589551157435
2.05816285544457,2.00280625744802
2.07581739301116,2.0240235892009
2.20753469665936,2.14003272639892
1.90415605103162,1.83803371265442
1.77454415607057,1.72480497087272
1.88838737973899,1.82955048373308
1.86358088403206,1.82225182868842
2.04596704084113,1.96696310210383
2.03008858204726,1.97365962182442
2.12530554954578,2.07472511382698
1.91402967447467,1.84951125608723
1.78427563019508,1.69555908697844
2.43379840373535,2.38259440542494
2.1436991221669,2.08918498992036
1.93494736265445,1.86386305743452
1.67260105528188,1.5994611824827
1.83917976066078,1.76801372350333
1.82110021649067,1.76460473618491
1.84193853478082,1.78206968654681
1.67614679692111,1.62561852688305
1.96400598804205,1.88937021154367
1.84147354927265,1.79274181142063
1.53890415163949,1.49040342879416
1.80811168783342,1.76467468824412
1.66686259590836,1.60382070259091
2.11139977975806,2.04141271035696
1.8896311980504,1.83968598586986
1.83413697738163,1.77137949735278
1.90877781736127,1.8405368752401
1.88596984635557,1.83096833073596
2.13246267054757,2.07257391359821
1.93735977433255,1.88412218847288
1.83213564361826,1.78076632782751
1.96762956865613,1.91079567958843
2.24380155601329,2.16948650361282
1.76473959223371,1.71353387013952
2.07966413172093,2.01419947779588
1.85806018845185,1.80167970018016
1.89298161656019,1.82831025656855
1.69415104197443,1.64624798102815
1.51626696944847,1.47310844941279
1.57220781791864,1.53288416392737
2.10814243634774,2.03246668260402
2.33479046700316,2.27934633206449
2.07731256528915,2.0219343520412
1.94260006196332,1.8902003823767
1.56102959593246,1.51988480990061
1.95117054443022,1.90536408793201
1.8567776756399,1.8069561889204
2.06062141038258,1.99901340145932
1.81813041733458,1.77110461760958
1.82133030245394,1.76259196409019
1.65518807770499,1.56692386278076
1.88593661487079,1.81477687331123
2.06429446762854,2.00944671999915
1.87810743572649,1.80595140334013
1.90348411439745,1.84791820504387
1.76270923592899,1.70292033454553
1.84692401205885,1.79891454536713
1.83086525147186,1.76722367413014
1.90064938089261,1.84778956638622
1.87525534977293,1.80248886697701
1.71940012776302,1.6695188689907
1.64243192567066,1.55119147379753
2.03211929581519,1.96398249285412
1.69066488141565,1.63629280616939
1.87825466943849,1.80866873145645
1.90574797694596,1.85717655472618
1.76278230868404,1.6973041307745
1.91067669649804,1.86178067674217
2.05963610970395,1.99577499021324
1.41082632737676,1.36861638107425
1.84106613281823,1.79132292397581
1.79706338468923,1.72967345577003
2.03869856410742,1.95228989765996
1.82820115780375,1.72156040541509
2.07306104987561,2.02091792306089
1.54379912307201,1.49455390482357
2.12229259528601,2.07262382496933
1.93054189542593,1.8723613878692
1.88992635105163,1.83339898331191
1.83574773043553,1.77570831704923
2.02052102990229,1.97527591674086
1.90719858145793,1.85092676577864
1.98906661016913,1.93209657625699
1.57550456097448,1.54159562771246
2.15475833414933,2.07910670177552
1.77828572442547,1.72466198720788
2.03311137506674,1.97353658432607
2.0657420009699,2.00511884728406
1.9829095612751,1.92681726883884
1.87320517820051,1.82767381659882
2.15968809032863,2.08623830710905
1.80070408610221,1.72901722414647
1.66652847062255,1.62408894783102
1.9759609272462,1.91990617015596
1.95840907851146,1.87576177164594
1.92271784094283,1.86683146475921
1.88858704740284,1.82021473757013
1.88356985677183,1.80971221783387
1.65675499116294,1.61833201758108
2.10062006701352,2.0308442182662
1.99469340194648,1.94130107006426
1.76216104488915,1.70389011625809
1.61538558536677,1.57214496321676
1.66357590925466,1.6181002204078
1.99933741083291,1.93481455932427
2.12880654334356,2.0771252387965
1.78610704624842,1.72747681583699
2.01619557779232,1.95980910035413
1.85125872229683,1.78238653132203
1.7279090751986,1.67388981479313
1.84717896666853,1.77883019895335
1.85696647072061,1.78851049967401
1.99171794995109,1.94190352768549
1.83241469548503,1.78365913694134
1.97799055400671,1.91504022704863
1.96556846855632,1.90118790167246
1.8955745089876,1.83461417260099
1.85788538694546,1.7948162886604
1.53083053113309,1.47494231896652
2.07628141798565,2.02792259936542
1.85524445365363,1.80104522837733
1.66408496926296,1.61076419904687
1.89310330341564,1.82448758536126
1.77562639142894,1.73009355921102
2.09588087596276,2.02566123638337
1.82709949105574,1.7774016746558
2.10695412222673,2.03845342101565
2.22626394369009,2.17085867026034
1.69524346067243,1.65597941752272
1.61152738189472,1.56736217988153
1.69503856673398,1.64319810886304
1.78263178409854,1.72840571086865
1.53535954001527,1.48860755928203
1.81429272633686,1.76169972290633
2.0507050219191,1.98512471665786
2.14475351200771,2.09532156044265
1.63169920383376,1.58058226364597
1.92617627100773,1.8788797648928
1.80670260557596,1.70011855597195
1.86996112729171,1.82243556686775
2.03035904829362,1.97910432600679
1.87177005122846,1.82723108685721
1.8680447035499,1.80513178498888
1.89663074687301,1.84363635166392
2.29120618656485,2.221560694239
1.65331265544114,1.60809577912735
1.78270082407437,1.72265183160999
1.78276321234805,1.73391348231699
1.94833596845319,1.88198000876734
2.06870016803967,1.99816431110101
1.70802694087965,1.66224256272494
1.76920024299129,1.72006089891255
2.02100679592716,1.96294232263194
1.78122096944247,1.72250862210368
2.02875379930634,1.96798914206899
1.92194440454498,1.87007489374358
1.9956660368322,1.93584313843128
1.63008046617857,1.56730224032432
1.82290588395357,1.77227899774999
1.64945602159809,1.59956707673084
1.76109241815341,1.69399165342304
1.55772772139809,1.49785420802341
1.94203659386273,1.88715412694806
1.38824718102894,1.34608744487763
1.77377238807564,1.72580066024266
2.24985049262792,2.19429218381998
1.73651936714467,1.68142521261037
1.96971615130594,1.90851803777234
2.16012381214478,2.10892618770257
1.68509685749949,1.63647523581168
1.76925621943254,1.72252980693341
1.58948326554735,1.55124478570831
1.7119352606098,1.67061681328643
1.89403112984818,1.83520483060565
1.94328854657917,1.88765496334636
1.93427243340857,1.88260890479005
1.86482366282396,1.81079395658642
1.92906482343176,1.88216381960056
2.09736675741343,2.04800950915171
2.48984298510561,2.40432948160131
1.95218807699011,1.90659529566881
2.02582385918107,1.96887034774613
1.63340161873076,1.57831883672996
1.74911440072534,1.69451698259188
1.89126899887487,1.82521331317094
1.7808284413959,1.73454572063689
1.69577950220507,1.64855539468352
1.85922324371267,1.80548552457776
1.81063231944988,1.74191559793266
2.0771866417986,2.01299592243418
1.87919771333207,1.80981175529317
1.9117064823908,1.84547824078674
1.92773786721632,1.86684206764856
1.65083176991384,1.58983518651678
1.66906714630087,1.62585029120499
2.13940777632206,2.05937214250744
2.10403836305985,2.0586701149174
1.88193195320188,1.82326841949902
1.55677397040616,1.50988715172262
2.15058152674561,2.0945400641213
1.47636280549048,1.42927861495204
1.9561735103073,1.88508357773317
1.83313880098731,1.76338281857675
2.04169457300089,1.98641201475193
1.90762567915205,1.85508811408947
2.10637336933621,2.05044003413404
1.9361053406759,1.86540715851814
1.89582331687324,1.84241319390615
1.78080994730428,1.72778920288205
1.69882346679639,1.64067143581142
1.81137292907182,1.76109435755512
1.78749792687758,1.7325216320884
1.45514615610441,1.4273896993755
2.08151373009457,2.02400070302567
2.16391987588273,2.09220990746964
1.64440678442497,1.60451626098477
1.87833427950689,1.81995599240835
1.95994493530521,1.89226273444251
1.90252826067843,1.83967860268843
1.80143044440337,1.74229677289196
2.05891896799178,1.99157529096229
1.90052900769859,1.85702142552999
2.12555643544395,2.0709898863178
1.69786487026777,1.65227501345379
1.63041769962896,1.58189636065723
1.60950596610624,1.57215626581922
1.58547666947279,1.52935102770012
2.08247851094528,2.03094280729929
1.90722953059008,1.85462645713335
1.78971047352306,1.7278051453901
1.7214592275087,1.66337851531471
2.10764956380759,2.04913606423913
1.82098169254036,1.76033548286386
1.61147024957775,1.57202210007539
1.71312719709524,1.63940809430696
2.00584058910603,1.95202506033165
1.68567676520423,1.635623131131
1.83621812296243,1.78138225232357
1.91071439395019,1.86185659252316
2.14197560508999,2.07093467732042
2.05977786222029,1.99930930716931
1.93913234902308,1.89290039965267
1.50519043023359,1.45931279095414
1.73153642621181,1.67484448675684
1.70371991688156,1.64739053598691
1.72919623107667,1.69100174008199
2.16078495589884,2.08045541258554
1.71618192078241,1.66648176725892
2.20239202670831,2.14332916293629
1.74571893285917,1.6887027357096
1.82439052966767,1.78265961989203
1.75909472802463,1.69833848476596
1.99430420344713,1.93424775451335
1.80982308565856,1.7481010043098
1.77665718323203,1.70181133354482
2.21122479430489,2.14883904508426
1.6601168451022,1.62045249744594
1.90797723654111,1.84466839547892
2.03299427698924,1.97541231033127
2.087943109289,2.01590835226453
1.51671343984429,1.46654627442015
1.79623066480165,1.73483323204696
1.92871548877366,1.87393198162593
2.25866780194002,2.18253863910466
2.09768285814194,2.03054658312827
1.76214749871889,1.7138473308775
1.87600788827504,1.81909069985247
2.03892939808094,1.99412152049357
2.10340372803636,2.03791742721079
2.18364126957039,2.12222848535033
1.98147489998549,1.92141737934549
2.18896140364674,2.13380044950357
1.98986103837355,1.94085151398271
1.87164216654218,1.82633470309821
1.81279433914177,1.75258040760678
2.19356650529141,2.14131739693662
2.11110588581923,2.03402956073346
1.88237169210857,1.82829325315762
1.90576625976655,1.84120371469317
1.7442510067463,1.68811035597749
1.99558071345461,1.94006974228435
1.91517302055861,1.85646005257587
2.01180773573712,1.94968435350172
1.6435246641683,1.60189376388391
1.77209808902225,1.69482904331441
1.71134199000312,1.65800665866025
1.78873084216135,1.72704853019013
1.82354747396654,1.77661860788081
1.97008917441833,1.91953007063299
2.02860187890764,1.97080715175934
1.77994656227772,1.71129194462087
2.22925571634362,2.16840597323921
2.04194619901615,1.97527229350885
1.94438227333566,1.88236167795348
1.97180674755488,1.90098270773573
1.89718190062932,1.84239920437609
1.97358844059463,1.92212137232704
1.89129290694478,1.82342689292711
2.16946485089473,2.11569591798654
2.21853632684557,2.15255186060513
1.93012888691692,1.86689596371834
1.73745481266139,1.69432997155739
1.65269085676353,1.59960256847657
2.02884531443275,1.96896104894292
1.62751801373409,1.58757021970798
1.65667982156088,1.6278159021142
1.74158021891073,1.67357092094979
1.58694520365358,1.54754571410597
2.33955918144508,2.27507870981334
1.58567413606767,1.5282768735451
2.2214015230567,2.16882196567684
1.88538039153831,1.82648352672134
1.9422181839959,1.8752676892315
1.84666451936348,1.79248207020296
2.1219679629497,2.05623692485301
2.07040076211819,2.01615929824314
1.99129711666513,1.92028748027891
1.77276836523326,1.71557277046761
1.72519839387846,1.66056627148606
1.76407964916268,1.7136406528315
1.93441677729308,1.87118831872987
1.82469219761046,1.7768451909723
1.74625074690455,1.67841182661622
2.27910084931335,2.21053074663136
1.87709040578709,1.83738316152143
1.76718021315114,1.70379691339696
1.61108046437313,1.55949104479537
2.05679929812015,1.97937399694619
1.60369089754611,1.54507007051834
2.02648832969577,1.96979497352671
1.89758086002072,1.83702053438547
1.91983132425206,1.86155994699086
2.05200682115053,1.98656687913027
1.98439843043933,1.92800115329305
1.67771824332985,1.59568783248586
1.60865424590806,1.55662885877792
1.94546949670003,1.86692421243959
2.1287242753195,2.07207637136452
1.75842615081914,1.70662881551287
1.82927114682326,1.7487232397314
1.89459353089614,1.84881994588599
2.00019935677325,1.93939781395873
1.68066710099433,1.62969265307941
2.07478231877065,2.01619642620889
1.58173370302497,1.52603539726201
1.9509345191551,1.89431201005724
1.73741548270488,1.68461255691579
1.91086249400086,1.86164084082025
1.86422157553844,1.80428431197657
1.81251956597555,1.75156067907463
1.8752889896625,1.8301394778969
1.73432026656008,1.67241211726653
1.7654892158478,1.70815349958362
2.24195927970656,2.18448035940496
1.78955021963809,1.7227582959257
2.04680957310751,1.99469665035268
1.97058685936295,1.91608615118258
1.93447715145709,1.82631176721813
1.8313540036655,1.76133361034911
2.08828609760716,2.0277564968357
1.78557910166233,1.73219618208578
1.93746397892024,1.87039101010962
1.84988513530259,1.78919356851539
1.73493794717808,1.68664658059584
2.03180192100235,1.97190053242678
1.87887411446159,1.82372743738218
2.1115643424619,2.05775817404844
2.09057418559279,2.03289450388845
1.91676129667222,1.83873819614893
1.90838768528965,1.84897582521617
1.89991318210362,1.8208983304514
2.1720543593872,2.10834739452085
1.60550606424934,1.54423855859706
2.0789807824248,2.02355394549628
1.68206068603954,1.62570966941085
2.05229380154748,2.00919921392963
1.76794428685759,1.71475056128703
1.88901101143158,1.83491547485553
1.76441497586148,1.71661352838777
1.89902434642443,1.85298457383954
2.02417054876878,1.97621697767982
1.836272161028,1.77708131820149
2.04113616264517,1.98347993222081
1.99539202097382,1.93673824746909
2.08618268787788,2.02133270101258
1.80917406122598,1.75498941459835
1.74815387353867,1.683930759029
1.66691412429923,1.61391968672395
1.97619983308745,1.90574996346763
1.80555760297743,1.74186956483974
2.23343585779545,2.1593471307324
2.05334812641022,2.00059379772927
1.88218848122785,1.81042875789717
1.87246746105065,1.81746975864936
1.76936203326419,1.68907150874012
1.80144654017763,1.75131858863809
1.91934904543959,1.85900516819706
1.84359709725271,1.79250733975763
1.71990693958959,1.66701162417716
1.89347346686196,1.83356994198555
1.71967322077565,1.6622655529009
2.08701106003314,2.02657595537747
1.83263221344267,1.76350945862269
2.00124022408345,1.94275402630543
2.02375200463152,1.95429991372367
2.15405840327736,2.08497632665309
2.04134544276108,1.976589257234
2.03437047501842,1.98128275615108
1.72470071917607,1.68384157214959
2.11025547398685,2.05090418247722
1.94053137137873,1.87026909255009
1.9256713810397,1.87386826386926
1.71647441678844,1.6549995412125
2.05073992986954,1.99183074231301
2.08490339369234,2.03216808503489
1.76991147622731,1.71453065793342
2.00403557203345,1.95681881230577
1.96224625110718,1.91185760654513
1.90012105279221,1.83765673301025
1.54998044142512,1.49911417076195
1.76895182872645,1.70584306026358
1.85183387996147,1.7994962542396
2.25353333472868,2.19885009645475
2.09706962425799,2.02326644151196
1.68607062464474,1.63743744043042
1.95849513907207,1.88737294653475
2.17292665935758,2.12694048507477
1.92132443306668,1.86249219293481
2.12001397437585,2.03647061272751
1.80440768994595,1.75156790003817
1.9368199716476,1.88865262522586
1.82318380982601,1.76705117045173
1.71929964045153,1.6604155310983
2.00473854034954,1.93573660225998
2.06562571516296,1.99968280129671
1.81805449023009,1.75282102604568
2.0826807751646,2.04357949968048
2.02400812618483,1.96821054291216
1.83922210809554,1.78627122157713
1.93481189887883,1.87379007530993
2.38306204178889,2.32870462688701
2.06285097716721,2.00957711976534
2.10978271065471,2.05621796742297
1.64425968842045,1.59766942159601
1.61797323979802,1.56452265627061
1.61580297258847,1.5596782068153
2.04797632294754,1.99739372074446
1.9058378292425,1.81095004727714
1.75825969821837,1.68913780728354
1.95652137672487,1.89529032514626
1.85201341545754,1.80014612432757
1.71307067802179,1.65401679912298
1.86005021577733,1.79904618957032
2.2654200423732,2.19890634127343
1.97344230466155,1.8804190967311
1.83491202068022,1.76438167433176
1.52989363387881,1.48796742488363
1.87638793971568,1.8185321022504
2.06638051757623,2.01318111598933
1.9578956858186,1.88244840200913
2.08407457885692,2.03167891150538
1.7577787111378,1.70707733911641
1.77832341351003,1.72258206905846
1.6212398174192,1.56537728567092
1.68264364625455,1.63665105298172
2.05777613759262,1.99413361589311
1.88757227340463,1.8264273181332
1.8515508511753,1.80228979851445
1.57519753472752,1.54012679010497
1.77504799797393,1.71468766704956
1.93757846519948,1.88879762781211
1.98595342081993,1.91915532898719
1.72831225559849,1.66616343850026
2.0460914241638,1.98810246332169
1.75935920385422,1.70948446771253
1.84725997915424,1.80023451335966
1.75297861797781,1.67897276770812
1.61647169447077,1.57473925518039
1.64636284560875,1.59304936578921
1.87607481136093,1.82627713601984
1.85153864417029,1.76186618769749
1.89092210582713,1.85088094906027
1.86264640339964,1.80578673730498
2.05789445740475,1.9991913708969
1.75934744246499,1.71491539550817
1.63891658312789,1.5587278785024
1.86421273986477,1.80412504497356
2.21571165337496,2.14752614488791
1.90140388227139,1.8467178498117
1.70779860828711,1.65321328554842
1.73066676203729,1.67188998445742
1.66634340030508,1.60544694285312
2.10900488269627,2.03939056755919
1.75868653172095,1.7017803737666
1.98532034381183,1.93156137296067
1.80293655539821,1.74025311003694
1.97929032910952,1.9232549277768
2.08010384903174,2.02852099905888
1.71675225823307,1.67132938547275
2.12115589291282,2.0581659893458
1.73615410476048,1.69814697534005
1.88902883579982,1.83776782000581
2.12589690715603,2.05798691432142
1.728427332561,1.6594991698989
1.86987350130146,1.7975370325722
1.80104518293332,1.75630319446433
1.98042063002004,1.93309025466209
2.08254730891349,2.0116987925867
2.10831279727409,2.04383373558491
1.8571220919985,1.78919154938361
1.5952947360745,1.52893312414984
2.02514678738548,1.97020861529813
2.010669780971,1.96077243098997
2.07005224040224,2.00944460871465
1.81927715839255,1.74811190784561
1.87971156674381,1.81583640888457
1.81298775545611,1.76853843599688
2.05593338772019,1.9884236975073
1.91017086703163,1.85205773950305
1.74518945234328,1.65716923447223
1.81984384751336,1.76664603074325
1.51984294651236,1.4560789716607
1.63252502242696,1.59354126523369
1.67378026710833,1.62075488058953
1.87218435676709,1.79769360452289
2.1091249004233,2.04161843908096
1.66508218380719,1.61698188279367
1.98564735512624,1.92571635324254
2.16387755168151,2.10553179583399
1.62589049954022,1.56450465205356
2.16387946280846,2.09299559143487
1.6299509883691,1.57873839694502
2.03191003736563,1.97283975608887
1.80191436359523,1.74086097976267
2.01876586890251,1.94362186661603
1.77110644234168,1.72224245499086
1.66260985166074,1.61408211179732
2.17916968660618,2.11425557822012
1.80896383644921,1.74818194132975
1.97500577323292,1.91080005882574
1.80063500227665,1.71949112327042
1.89954100406877,1.84416984273554
1.99167846803949,1.92906855480435
1.62092300483397,1.5828298320442
1.77179761671788,1.71327209025233
1.79660318623251,1.75189440259803
1.89263561380085,1.82001890526256
1.68358450081632,1.63236022561383
1.91733566008452,1.85601120658223
1.73486266869737,1.68688841110235
1.77825852643183,1.72216316062372
1.88028476267459,1.8291877567468
2.1705519315506,2.10893657900001
1.95961604522957,1.90729405808131
2.2727469747482,2.200855490503
2.00900370937896,1.94743720984372
1.96477170682077,1.90419749864554
2.23647181564163,2.15432800274973
1.89761162361388,1.83849120516435
1.72690032154488,1.67082723461176
1.77744423648921,1.72600417999615
1.7525030294435,1.69003933739148
2.01323862517688,1.95167468710268
1.76594591631851,1.71567922691281
1.86860795383017,1.81143140954147
1.86707992392185,1.80220125534642
1.58230370565475,1.54028322170948
1.91062831462005,1.85102804324059
2.19704955026442,2.12793243512614
1.52228390588553,1.46815402556108
1.84322031214938,1.78234243713005
1.76744128437963,1.73494201955625
1.84382028630819,1.79148045130139
1.8668351253671,1.81245159888957
2.13395571672089,2.07567029411021
1.72855703273481,1.68610959050925
1.7432620977757,1.68406951999617
1.79312231190669,1.72708128237148
1.96142343268001,1.88113188962368
1.85758777034903,1.79009953191859
1.91971912869149,1.83839728850183
1.50071752785607,1.45924918792795
1.71258787441931,1.65943272363035
1.66330307805755,1.6061872912215
1.89771214456345,1.83809006247282
1.89039470125643,1.85031978390714
1.69143780049648,1.6398999801675
1.62311136790822,1.57504489215544
2.25902270011651,2.19270232602114
1.74785553772581,1.68125409139796
1.91234937360287,1.85927899064071
1.88563055203253,1.81652173541078
2.00219150174449,1.94944207493963
1.82524625078346,1.77810112671263
1.70796560736453,1.65217477961242
1.994481577625,1.94472992049381
1.6711530898643,1.6219822121093
1.64069042191492,1.57933125162802
2.01635290355145,1.96538998659333
2.13066989413766,2.05830186758289
1.97288221487659,1.91993750292051
2.01170494808706,1.95876498142006
1.92979555246838,1.88930185386454
2.06611225495413,2.0052798766451
1.97108604223087,1.92165982975451
2.30554721711228,2.24877185260902
1.88189570348914,1.82975632524073
1.88054037887434,1.8235054126929
1.84808991234377,1.76536494780261
2.05397771200924,2.00893688122202
2.12450214915875,2.05210262679336
1.85847452379111,1.80167866236398
1.93072912101885,1.88988509813717
1.9503509687956,1.88073417594976
2.11771255002382,2.03965645331083
2.0450189762592,1.98605391958356
1.91784327328693,1.86518805744302
2.01531354991103,1.93367188386122
1.7864745827175,1.72106421866971
1.89955240745264,1.8361228882738
1.95185144961588,1.90179557967441
2.02643906857313,1.96772628417725
1.5807713159853,1.52513628504728
1.71567085306793,1.66337110970058
1.86069962003285,1.77436519031601
2.15122278050736,2.09047860287396
1.74972737120123,1.68986905072887
1.63940234098166,1.57571354018895
2.00198698955154,1.96263309040089
1.94541034327137,1.87344173458319
1.749043888288,1.67416562783912
1.93497063351445,1.88392776837024
2.18502411313796,2.13593495053913
1.81911386403896,1.77835544763115
1.84677069629854,1.78740519265949
1.78714613153356,1.75067673954544
1.70703953124997,1.66021165923813
1.5801621212771,1.52456885411946
2.23799261985021,2.12611920652474
1.80227678168049,1.76209416437229
1.73550045812331,1.68242335418729
1.89085176438427,1.84241355866526
1.39433824723006,1.34926793805971
2.05070790285507,1.99455996980045
1.99800708406246,1.94340497626742
1.98892956170546,1.92396805152603
1.74384064087144,1.69660030097981
1.83234399614632,1.77477691445015
1.65877402884515,1.6135886236976
1.89382889292695,1.83208997875979
1.92906356086096,1.86243443514896
2.1247041264024,2.06131010881103
1.72247122709525,1.67012364325714
1.64560029083411,1.59147092949246
2.03285560027703,1.96398741092825
1.72589463642511,1.68819216251699
1.77231245361139,1.72587440474052
2.26836680476779,2.21852681121213
1.87501812221013,1.81371542043307
1.93995394713243,1.88207286013394
1.99265913578539,1.94345760993349
2.0824130846131,2.01257352087547
1.8085858893349,1.73416471747296
1.92476392967807,1.83760794147499
2.11722753233637,2.07252510767749
1.66924565230275,1.59841135234779
1.69202551929397,1.64072157316652
2.08636014545088,2.02440204784904
1.96061926463278,1.9031007550959
2.05354378352534,1.96726337402612
1.62106706984361,1.57361103458225
1.9034755648083,1.84471785032433
1.72314100408512,1.66967181207432
1.99401477746285,1.942647261682
1.75370991503855,1.71967833304269
1.86745125656699,1.81869787107446
1.7715041416292,1.71787155272123
1.88024315904997,1.82831175355835
1.86844250152796,1.80897418613913
1.62752476837796,1.58096059062718
1.86060348198339,1.80592198892008
2.14036010577296,2.08573879757919
1.91173467047245,1.86701380601638
2.1338806620111,2.08045816859272
1.94425818569137,1.89243945738051
1.91024843132183,1.86292463439917
1.84751128038821,1.79189380031704
1.68061727445171,1.60937018178982
1.73006630481687,1.67213635876287
1.91249607445103,1.86553475519141
1.59801255222646,1.5374068760119
1.89511743092529,1.83870635111592
1.45068413198146,1.40912484143196
1.6885870536211,1.64492123569907
1.68485238507977,1.63067522668994
1.61237856994985,1.55726686186602
1.85359470625611,1.77876528135391
1.57204642450862,1.5240646611625
1.71447366037399,1.65876194745424
1.80097435432844,1.75037561559281
1.81650143350171,1.74050532383966
1.82757635122913,1.78088043574337
2.10811694906261,2.05377045612672
1.79212314055953,1.71449854100159
1.89142817379931,1.84402637076165
1.65891046471327,1.59361469342379
1.76137292788606,1.70848495460158
1.93131816462845,1.88981099815448
1.97768308835035,1.89261612320505
1.78709314076329,1.73375969386539
2.16556749310301,2.10053337023557
2.12773710691236,2.0763716987908
1.97302440986059,1.91303335421375
1.47155802855063,1.43081152602491
1.84662261583016,1.78980082262958
1.84473803618286,1.7955156402547
1.96627487766072,1.8986998571409
1.89150044223347,1.83055317395058
1.9303585007143,1.8703481976871
1.764254486669,1.70017863140223
2.16622361308007,2.09665487224092
2.06349618321291,1.9909789333953
2.00836556943018,1.94090894376109
1.92754731426291,1.86762292082214
1.89624274140096,1.83144733329434
1.83256987947703,1.7746027924593
1.86733131626326,1.80891046426283
1.68556060508552,1.63820905003136
1.83027389439162,1.75655337409986
1.73989472057563,1.67489772825649
1.60640257053035,1.55658457749467
1.80280440870033,1.7363590290051
1.99995679514398,1.94142598876413
2.16478900037968,2.10851338999678
1.77371834629484,1.71786731082302
1.96523880578877,1.92464948528218
2.06912431945207,2.00794800111921
1.93474939657658,1.88179853042367
1.60148976312395,1.55854205023211
1.54813196578123,1.48515983619099
1.57097168357863,1.51899838490216
2.14264124853187,2.07624284174681
2.00915420507478,1.93244926841013
1.76238807528465,1.70443783645656
1.82969478607435,1.77963860098678
1.75403285176233,1.70847336182648
1.93364988031399,1.87625398991192
1.91993314641543,1.86434121203154
2.00024383392523,1.94428635248624
1.66453860877721,1.62124899509684
1.66529489455683,1.59264172289597
2.09240419427446,2.03475562962719
1.9842645215473,1.91706199022425
1.80962250127326,1.74765803202132
2.0282699329411,1.96731860159832
1.79798976977139,1.73329466197182
1.73309198662768,1.67308056396268
1.98468817488968,1.89996066540296
1.94669701269047,1.8796687008443
2.19314651206659,2.13634020456295
1.87919098196468,1.8201284856877
2.06897536994529,2.01031474977359
1.77872371106116,1.7173131540682
1.8877241949805,1.83750890303298
1.65402362275987,1.60928658271367
1.94085147765767,1.87055845374505
1.77248967613035,1.70559776780878
1.70119020513442,1.6355421364408
2.1377237531408,2.08823484570608
1.78732336679983,1.73813543102828
1.88205063361093,1.80831802694832
1.908939954566,1.84273026217355
1.63896023244017,1.58029702353213
1.65647480325291,1.59683884358252
1.75207462349983,1.69983861955054
1.91413557968221,1.855028768028
1.64952903375648,1.59049734473384
2.00234391092351,1.94537589213393
2.13304754376849,2.06727684515342
2.00950609126051,1.9383773971443
1.89408880918057,1.83458827303078
1.694701813869,1.63233081353598
1.71473982849299,1.66046358045008
2.10584267221373,2.03379272881332
1.65320088387692,1.5935615783625
1.75981067104307,1.71839342599127
1.91656704029982,1.85753434887004
1.86899336478806,1.78376423105025
1.6938765668355,1.64335255237275
1.78756123162698,1.73220622152251
1.64098012078573,1.58786516435573
1.81836485308644,1.76473096998469
1.97358196726212,1.86773350734412
1.87638733161228,1.81324517685552
1.88279696706534,1.83715869235743
1.82134104927933,1.76139704253001
1.90693801227729,1.83980336695086
1.81310924782101,1.75017502356252
1.91214600439623,1.86591007252277
2.03736666692426,1.98726882295343
1.77440334324879,1.69857848227841
2.19211524442179,2.13010798169689
1.77509542785289,1.71989112985433
1.97099425901914,1.91450494502663
1.68653956971168,1.63049404827462
1.80203888239724,1.74478926392326
2.07129992821309,2.01551124777077
2.03202247392299,1.9689018558729
1.95855724751269,1.90618992029328
1.96891620974865,1.91109875382481
2.06087018544993,1.98853198643281
1.98582013158081,1.93719109510112
1.8559355350172,1.79664501165102
1.80156710939085,1.74978421125675
1.58876948043875,1.53324728246174
1.51311902299631,1.47919685309515
2.19444869505564,2.1272672605989
1.92667541432478,1.87899385363162
1.89274641931859,1.84650180669092
1.90630787787843,1.85076124875638
1.91743874071278,1.85101521075356
1.88629162841089,1.83471787865453
2.19382794579696,2.13695709936377
1.70936607138458,1.64039147428396
2.06012020956043,2.00847049155746
1.92597535425427,1.87556451260818
1.740294761996,1.68458153780258
1.97139799239992,1.91362641348821
2.04570192012643,1.99277421358465
2.04204207953708,1.93021712905797
1.90580292081107,1.85850931248048
2.1696749057369,2.12035612537289
1.68415194523627,1.60983464814622
2.00039299274686,1.94462545069057
1.86850605010563,1.81880961053926
1.58296382756366,1.53722305338063
2.1086856790443,2.06216024322072
1.85560169247718,1.76682084144145
1.94598901638338,1.89106109344291
1.85068751470025,1.77815591317625
1.99436792317136,1.94451598962125
2.11069882738642,2.04522003478275
2.1365499443373,2.05160555088329
2.16204463323756,2.10347790297346
1.90114469059119,1.84945636549385
2.01176576303304,1.94552851768999
1.69454676035293,1.64621288613019
1.82094648731279,1.76364103175759
1.97630987412999,1.90756387629643
2.08801349497408,2.02091415398534
1.88889727383779,1.80692014319529
2.03579746129527,1.96159297912937
1.54025140651739,1.5014043530842
1.9609431786381,1.90565464982542
1.77092708716336,1.72584288445291
2.21159646401716,2.16147357621087
1.85689622746249,1.80239073061666
1.92809967089509,1.86940200528474
1.75074599153647,1.70155351567681
1.53492561304702,1.45824812983739
1.76368595515132,1.7097237268289
2.4357153342392,2.37811836908124
2.1099039132247,2.05844645980659
1.51728917771519,1.48990906684208
1.98624297530701,1.92693872462839
1.94219360764158,1.88989073172093
1.79321626487836,1.74360189535941
1.99395656304162,1.93815602557935
2.08134566472129,2.04218637275489
1.80758133433422,1.75357668514678
1.90109015872671,1.81761579989482
1.73736092168213,1.69051093451038
1.73918559726248,1.67467280881525
1.92435372806703,1.86891382268971
1.85134651396506,1.7974892618522
2.0740683327835,2.00790706052015
1.73498246332139,1.67967963295964
2.05321686003505,1.97202214582794
2.0510112812,1.99310938170274
1.74632466774918,1.69706555621949
1.88736672843788,1.83994129315621
1.66895772011194,1.62043693735016
1.86433950999166,1.81628860674414
1.6111209482536,1.55778976565289
1.73864395554773,1.70229602426495
1.98445286366424,1.93210415420303
1.89303084094567,1.84010814402003
2.02736658750787,1.9536247111323
2.00823303309531,1.91302450813813
1.94833390831726,1.88839017894871
1.94361780128506,1.89579392096808
1.99723385751111,1.93127902259074
2.11153764087233,2.04367608585211
2.00031374500784,1.94330678906814
2.19979337147727,2.14231627000046
2.30566282360966,2.25019588881456
1.61547991264253,1.56387739300703
1.94529826514982,1.87242495317438
1.96010926710064,1.9056899909734
1.85531935965817,1.79774063061803
1.53025901338884,1.45716200892188
2.36214035272573,2.29722323759744
1.85061678746872,1.79481007861384
2.1378272452919,2.06264157395682
1.71918979551734,1.67428309244478
1.83421081532132,1.74782042947302
1.67706002609177,1.61944162707799
2.0172552288828,1.96649898154035
1.67702307272766,1.62610988148031
1.68630329539856,1.63494750209711
1.80576732422038,1.73112988914271
1.84111102866402,1.76514912520681
1.67903809665298,1.62605039187492
1.71818882466171,1.65494323489243
1.79630454119149,1.70634157725633
1.56890874140903,1.52659756173827
1.91239832997107,1.85902950556512
1.91928183257512,1.86908943097925
1.91772090205431,1.85268052199782
1.50400094861217,1.46994903265241
1.47704943473247,1.43335976392084
1.68897395529732,1.63366279190886
2.20594718024539,2.13393810696507
1.92353157741912,1.86371029408736
1.85084792571874,1.78468064592387
1.86201596202872,1.81697480379134
1.67308717837559,1.61283836568326
1.91464744281703,1.81768836305637
1.80912670339657,1.74024093678498
1.82062315938577,1.77292200671514
1.97086107559107,1.92271681637089
2.02387194372926,1.95597896754914
1.51147387685894,1.47370924511764
1.67804020479338,1.61681941983989
2.05348653598824,1.99283897672496
2.03877872105416,1.97885744807072
2.11864847504628,2.03953548836534
1.35958747990859,1.30510378436757
1.8994801747691,1.84084965699351
1.88732946189015,1.83833963124684
2.03584075577451,1.96684237564183
2.15318447463343,2.07298940049723
1.78959317945844,1.73150694717079
2.3121014394088,2.24730790891275
2.14620621973157,2.08272682958379
1.722100664509,1.66567177717352
1.97109011802725,1.90657929159486
1.77275873735746,1.72649774547074
2.17007389636406,2.11435492797482
1.66278539953469,1.60253589766567
1.88384440503959,1.82576286236483
1.93571573882283,1.87858904709695
2.10080677025271,2.04119782995952
1.89666581280404,1.82537481917783
1.8219008464966,1.76004826124349
2.02319137951909,1.96407143587327
1.99305329944304,1.94711901141834
1.62145688524276,1.57194741710213
1.79173933928753,1.73689431788294
1.84208312715577,1.79659797228211
2.09353842631777,2.02291750102969
1.97060280460035,1.92758632508528
1.87601280722065,1.81443949659347
1.62447353748264,1.5661478715844
2.06185682128498,1.99385320977824
1.63203912457873,1.58765212225349
1.7784443693912,1.72515854834296
1.9242135746508,1.87464883158192
1.82904053368619,1.76755190175762
2.04870792890627,1.99183520963525
1.93652837084755,1.86722133787475
1.9791840737859,1.92438878347284
2.05065770861179,1.9988823401336
1.60820140429882,1.5614339032953
1.93852691231885,1.87269687605156
1.72991000498672,1.67472651608131
1.79287210218429,1.73154382811377
1.9589454701678,1.84983793275551
1.99267049654864,1.95545475198953
1.5939488058654,1.55201788613092
1.74176367630458,1.67237583954939
1.47007393114849,1.42993050494838
2.05763254086842,2.001056540099
2.36848787349416,2.30614664998457
1.73218708756157,1.68150006775737
1.79609669627252,1.74131223535475
2.01367043584732,1.95713234153074
1.9238497072293,1.86852445482032
1.99816213152149,1.95003343912061
1.9329840111038,1.87286442341994
1.79923487779853,1.7517834150383
1.82070657345226,1.71127723963563
2.05683010405941,2.01690108304658
2.00830410404754,1.94981492237195
1.63621674900971,1.58655362660444
1.803451312094,1.73244866960914
1.5932379553675,1.54035251740213
2.2617818022141,2.18533430769679
1.74422891314389,1.66345939327372
1.91397685485247,1.86099079337602
1.91416016187894,1.86850924460425
1.66325134792115,1.61432530301925
2.09463376227476,2.03582826378579
2.00422358639028,1.95470003021487
1.88947169995928,1.83392046747602
1.87124672939359,1.81541639916746
1.88537102627257,1.84639613378644
1.88175866225876,1.81092780310593
1.93711315136122,1.867852283127
1.7256028586988,1.66809977827469
1.86197558881881,1.80629622248028
1.8519385260878,1.8039357007564
1.94211295827769,1.8999118825167
1.80718660413013,1.75362847799169
1.82884184247418,1.78062067268515
1.8998786896156,1.84337716933057
2.06020984395591,2.01044876708445
2.01703697572215,1.94704863558993
1.7490359797897,1.69694498646772
1.67818140444976,1.63705611478586
1.6728033726045,1.61523778611021
2.11890287625103,2.07380928898604
2.15558219843285,2.08525971477415
1.86358581136044,1.78162203408287
1.83812955763209,1.76973601302581
1.67407950535838,1.61155443975586
1.93217106891994,1.88130865709686
2.08685004896108,2.02563516245521
2.0002498578543,1.92997042612471
1.62754654023092,1.57486160872612
2.05370812010354,2.00734797672823
1.95223922625171,1.88109547131019
1.77212510601796,1.73012767418245
1.56235346796961,1.51782328060131
1.94658600861403,1.892978710587
1.78590725079632,1.7341372034208
1.80945065782341,1.73472091919798
1.70184626361496,1.6554218471762
1.64900996014136,1.59489131259511
1.60097368788357,1.55639121075529
1.95000174867179,1.89296101133758
1.65009357139038,1.60210001088602
1.91008830348253,1.84219346977792
1.87937635137608,1.8124258271725
1.67452627013775,1.63083803829318
2.08537829425172,2.02898907014669
1.71756832595634,1.65530676180653
1.96669958497886,1.90875719889862
1.77757670930328,1.70848069143103
1.87860275305465,1.80341813736666
1.96486875537127,1.90749618453388
1.8184616971983,1.76283895555689
1.6785857016538,1.62605575689521
2.07916515274186,2.01606360049618
1.9241358728172,1.84094188129909
1.75186289702488,1.69312904475998
1.68751286808038,1.64836638822842
2.03214114591735,1.96153956031638
2.14444538436495,2.06973974778605
1.91574375404764,1.86073872915945
1.86016140545554,1.80471933566444
2.46156247800246,2.40216616921985
2.04389998297058,1.99458236312913
1.83152444037016,1.79019026174024
1.94545757724618,1.86383486877043
1.9950815870518,1.93766834341853
1.84891445511426,1.80144721440526
2.04672232521137,1.98858158951705
1.93665895647981,1.87451710928792
1.41251889857766,1.35644645059346
1.79904497011307,1.74304310642821
1.94554108602115,1.87984118594071
1.61357554981361,1.56248020763196
1.83728315871002,1.76967887068685
1.66929673580341,1.60695618127572
1.79378855256652,1.74466197901179
1.81521207869523,1.76023166964685
1.60979483464094,1.55428892605326
1.83501789734806,1.78588082811759
2.1376196552737,2.08074860197756
1.70739686065466,1.63747049894897
1.99736275687055,1.93630768975105
1.65759516201461,1.60496954741117
1.76758925484829,1.71578977836812
2.02481081545579,1.96241327987101
1.99523819354889,1.93059753378735
1.74434647554202,1.66651486810949
2.00275018958434,1.95401495193583
2.24540050037148,2.18007472573984
1.92500611799766,1.8789950006925
1.92430395382613,1.87040480428548
1.97630637478964,1.93232191199848
1.97601443742769,1.91944017735483
1.79770670680264,1.73476168988719
1.6871680818256,1.63956307182843
2.36565147376286,2.30002741940829
1.99421270513648,1.9325604343188
1.45119642423551,1.40680793628011
1.92328391518316,1.87058590121507
1.76264921615802,1.66614078692428
1.81385432893203,1.76099045431341
1.73525936943772,1.69044816613007
1.78942970522809,1.73939601278211
2.24029516689901,2.16977605628621
1.75157284138609,1.68498485162803
2.1334780954407,2.07728018275099
1.79636796258813,1.7560343213567
2.02269799504246,1.96612758829359
1.60203971591579,1.54436796216514
1.83412792083109,1.76308863626651
1.87478499009577,1.82831884487454
1.83492900937515,1.76808812868521
2.00523744852854,1.9466430997484
1.7733018565462,1.71798074212708
1.97109951243297,1.92295564546145
1.7955197142657,1.73011091494347
1.4606295074066,1.41180552183696
1.99610835698006,1.94711724871342
1.95686761929847,1.88026343679154
2.08236273237241,2.01383458733693
1.88757087097985,1.81806148373494
1.61947003449248,1.56235663677626
2.03350060096913,1.96744048885309
2.07509055147485,2.01376075834
1.90210173571839,1.85192757678576
1.86519432801813,1.80002920306656
1.79097749580394,1.72618827806713
1.93784099009656,1.89002313943599
1.86354966185204,1.80861131307084
2.00957025838525,1.9514843358303
2.02677085577312,1.93738999988808
2.20374054977986,2.15337888983241
1.86723249847861,1.80903340907889
1.86696184462189,1.80167380224204
1.60322023601805,1.56828148794844
1.84720681942053,1.7852875923356
1.57280384892598,1.53763510569484
1.89304763002485,1.84530245339676
1.3116017694101,1.26849998190039
1.88247457160417,1.82659862973014
1.78727771071585,1.74148989603982
1.77953979763185,1.72947577635927
1.82087671503016,1.74916503897294
2.25977164992625,2.19757446762033
1.8755714922894,1.82031745904573
1.85548198278137,1.80013849028752
1.92506646781411,1.84937104888722
1.66989894741437,1.61259121311965
1.647183795436,1.58977315421304
1.68285715720663,1.62155024109728
1.82490468897672,1.77535113465423
1.7032740150426,1.63236103520502
1.63498779619738,1.60812948201477
1.80320567147098,1.73775476404639
1.82952798871615,1.77015779776837
1.84536065431361,1.80098736204054
1.87260191582522,1.80314968237128
1.60496061335114,1.56599061561631
1.94870120322832,1.87646680480326
2.0640417044239,2.00142440766276
1.87424323753923,1.79330144322265
1.67966599870374,1.62652870553921
1.76235074673989,1.70828406568517
2.07173165600989,2.00700716362817
1.84302939501463,1.78635540927619
2.25666695629352,2.19678034574644
2.10284501486192,2.04950973137547
1.92983482734751,1.86252512123496
2.17306823288484,2.10335084484891
1.8018883291676,1.73974301145393
1.84594476958164,1.78658805880713
1.97523878364884,1.91755453046851
1.79870376171568,1.75910202930091
1.83096744065289,1.76339042201651
2.17202610233448,2.10028485584488
1.72326568389105,1.66019100415515
1.89671626368131,1.85144085340878
2.17555936387244,2.1075509736796
1.78896168060474,1.73949573152409
1.61007671659576,1.53972742137627
1.8630473086183,1.81372961844785
1.65613371372839,1.61000635022353
1.80489513112018,1.76065952327282
1.8035225357245,1.73900828786637
1.85773643151061,1.8036590308447
1.48702982882322,1.44559028131499
1.9022032597667,1.86027602317364
2.1694684977311,2.11154885520208
1.43292087145453,1.38471279931871
2.14427490134721,2.09007143273706
1.70049632760133,1.64953968056424
2.11657385892619,2.05086777519959
2.10973460472997,2.05279368211893
1.60976769429576,1.55737139439434
1.84622708496719,1.76294340339455
1.51627410166193,1.46771053366591
1.57155625012292,1.52640878549267
1.87819168091463,1.81933924964111
1.97695629421636,1.91481435146847
1.87030612375688,1.82472017339986
1.82753456915132,1.77675680532703
1.67228713411285,1.61144070176975
1.63567080190379,1.58001228201565
1.75424363136149,1.69694790875656
2.07103356316985,2.0012801844273
1.98235039548722,1.9251199923965
1.87351635301283,1.80661405948936
1.84724147777135,1.782021618528
2.13406734873333,2.06309770569888
1.81338047638197,1.75858335791231
1.94858212060321,1.87960171802952
1.5962509666343,1.53643519128559
1.74785533914557,1.6864073746549
1.9081312590002,1.86062883188425
2.04360489858745,1.99062988108585
2.04697785035415,1.99678273240938
1.56258602268904,1.51855781462516
1.99730306375461,1.9197818275099
1.85143180569833,1.79557021258649
2.19618785041479,2.13697603910674
1.84589005488471,1.80406801932197
1.90832326591919,1.84474943304817
1.82563723214617,1.74691849550004
1.9369582446868,1.88024724729908
1.95654150334337,1.91258743488929
2.04103073800904,1.97245017746684
1.67555528865075,1.64166621338767
2.04937607364393,1.99191367630439
2.07455798739046,2.02597467773146
1.77341162384079,1.71543972526714
1.63897291901917,1.58507434133893
1.9217721919944,1.84591249875807
2.16795958137663,2.11278012888942
1.94537389840562,1.89900173723363
1.83523657425705,1.79090375267861
1.83821282107338,1.78391099392893
2.11755801565365,2.0505470790308
2.05640929042549,1.99105202032625
2.06559090624407,2.01253924508013
2.05205957852167,1.99690821480516
2.33918533197382,2.2869332342289
1.71929896901779,1.66508669424876
2.04549420508693,1.9815514305264
1.98619591880766,1.91633176727488
1.69226196963146,1.63521647119089
1.64130023564654,1.59932846380863
1.63467201062926,1.58865515058127
1.91346299070576,1.86866318423759
1.54523797418473,1.50685744532052
2.10134278599507,2.03086747255485
1.70097810762627,1.64476208395672
1.53813054760677,1.49921404844647
1.94655122153811,1.88862600086966
2.08383113619926,2.02706567742843
2.0840250056841,1.98716229368039
2.08894833558641,2.02779173526031
2.00263306168302,1.96852228726894
1.92449859509813,1.86503594199002
1.7793034089149,1.72355205573296
2.05257445140746,1.98807772967192
1.70364036414451,1.66119725282953
1.44904484430391,1.40904001807831
1.50163883958771,1.44950560956643
1.88083244529592,1.80777831365779
1.91828169444655,1.86535496654947
1.91179380363389,1.86537073724004
2.26875041926051,2.21154269978272
1.96618172381782,1.89351787563276
1.78535240623453,1.71215414731627
1.61264622992281,1.56012163920571
1.80307935389176,1.74870357014805
1.94467887072093,1.87575797235421
1.86079881761876,1.78177962910421
2.06389918938148,2.01464541014606
1.52972841140968,1.49597148029636
1.77832842301867,1.70943867856351
1.85470787666272,1.80668320625864
1.7023491657572,1.62033979598325
1.75567357681933,1.69568297754752
2.18067022883004,2.1244553290239
2.1612409918413,2.07145685163793
2.05664048412246,2.0043528691718
1.75671808639474,1.7201964092698
2.08982560041798,2.02532488110462
1.82884202686709,1.77679081121984
1.76863575043199,1.71163360312129
2.00729994620777,1.93442938176603
1.91402826830989,1.84767586311252
1.47153793102691,1.42383881545069
1.62938000198587,1.57316722010176
2.27075248274302,2.19461658248526
1.82977738602398,1.77436851386295
1.84366989622079,1.79245257006333
2.18946933190992,2.13482350665805
1.88348305740545,1.83265566186948
1.92945966481338,1.86866055951515
1.80051473520374,1.73728488662957
1.9406107797127,1.88271223909505
1.85469926734375,1.79587046384472
1.92442554742204,1.8765710769112
2.08408979181211,2.02345148158284
1.68675249456685,1.62375869178135
1.66768970462735,1.62668897344324
1.81527548170174,1.75497323087345
1.91932926865,1.86096072873289
2.12006578342887,2.06067076926064
1.85426675206103,1.80825646871181
1.89578804294733,1.84354835664484
2.12899952593846,2.07203523036245
1.79367323751293,1.75191690376188
2.01486254867791,1.95547063521993
1.86154238563072,1.80206553253651
1.96386257390825,1.90028764071427
2.0440504837104,1.97951368396093
1.88256112362682,1.83515697299206
1.97021590532766,1.90189998565279
2.01846262686828,1.97363793752266
1.80308904722262,1.76204971280615
2.00830446039779,1.93476601850086
2.09408593407467,2.04869780702733
1.89488228475847,1.83260715610865
1.74119044303437,1.69853565879358
2.16327373669754,2.09691819821095
1.97454642865612,1.91610313840828
1.74736132413983,1.70815529524743
1.98299840362872,1.90840988807555
1.91777254143559,1.86206010698429
2.00771242356773,1.95544040438019
1.94302358348304,1.88711244168887
1.77138320708996,1.71967855809166
1.86297842710138,1.80985011596813
2.39435131843752,2.33632974122063
1.70340304532008,1.6426681000634
2.14509645090151,2.08513066201583
1.96100505490647,1.8961261829427
1.96715847877606,1.91158218123474
1.96704507207396,1.86553193787537
1.77865033287042,1.73329510865418
1.8394622852208,1.77388414489726
1.77108768395288,1.7149739380409
1.85212776037981,1.79988451669333
1.94588631211741,1.88497467287524
1.85116003340387,1.79542241102016
2.22931013411548,2.16623691308253
1.87996177145202,1.80302354778304
1.45762695417329,1.40879540863696
1.93271829028295,1.86341818057137
1.7986994061492,1.74284268546535
1.51422534076946,1.47452976400789
2.07768881847191,2.00835509625791
1.80833565828027,1.73466783588683
2.31018241802151,2.26241922987708
1.68880353477233,1.62270161816024
2.00844717352066,1.94441705253295
1.84688450783861,1.79494353026786
1.93834354077063,1.88137560185309
1.80411210575653,1.74345946154385
1.89593685787647,1.84409427829615
1.5686974233421,1.5287058486313
1.68843518501121,1.64000601981483
1.88220772169541,1.81830359181025
2.00297258443781,1.94279098599183
1.89990493521036,1.84424384728651
1.56871747461455,1.52497522611229
1.94810766270388,1.89807720392072
1.83373955204942,1.78662674235865
1.90100493894177,1.85533017038106
1.79576526942613,1.74288369834588
2.0033720292028,1.94901097868128
1.91239143662125,1.85035010609595
1.771209204739,1.73267698278156
1.66728503009766,1.62222949839198
1.61832778000362,1.5718908560608
2.04192880408123,1.97153714549697
1.80985283914607,1.74407235661505
1.78178984552372,1.72581368760137
1.56673012959549,1.52322679293368
1.81407961907355,1.76011880782968
1.70160825623846,1.64818993147815
2.00819270761637,1.95595913366401
2.08468185741045,2.02137423881277
2.09402901200036,2.02910241564444
2.38661916109618,2.3127049065885
1.96294455245954,1.89955411232409
1.41596476839383,1.37734723285178
2.10258517089072,2.04398531134097
1.91355918623315,1.83953645494681
1.83205272332614,1.78804472648506
1.94625039037842,1.86523629811279
2.66603497010634,2.59353872134305
1.92636403682914,1.85794787927214
1.71094801864435,1.6774130766075
2.06345718524108,1.98767207361147
2.02984001705216,1.9570160405699
1.9466034815142,1.88067143456118
1.71771308862964,1.65627499783579
1.70657767011089,1.65812400610935
1.67813672716213,1.63432820854441
2.01000986572397,1.95408161078814
1.91396329421413,1.85149911701495
1.91692517853956,1.8604566498438
1.74714988605616,1.70106424499927
1.68780772958383,1.64106277551327
1.83637648006832,1.78718168148746
1.69431775367448,1.65758424259733
1.86545778980455,1.79668942924232
1.82484363514625,1.7658996651487
1.74368352144779,1.6984443835829
2.09950656609569,2.03125634354075
2.10499740944215,2.03560186704507
1.95261138971548,1.8978180344018
1.6635685782969,1.62216072906587
1.87980639358042,1.81895639329047
1.93349859521128,1.88541774784188
2.11334187910229,2.0649175490827
1.78581368644332,1.73965220837897
1.90507021137549,1.85157224962245
2.29198864508201,2.22981802431327
1.58624814231433,1.54047640322471
1.59538520951505,1.56361137325121
1.53137047653199,1.46986971085892
1.67309619697544,1.60589344972878
2.05470578388559,2.00018260975523
1.81152534406013,1.75863638093508
2.09524514724855,2.03545497515293
2.27524039208911,2.2073868464392
2.01836387875995,1.95034472679817
2.14639199940397,2.08549796627386
1.88022215697929,1.81512122857007
1.92979750050419,1.84395347752221
1.85111832978003,1.79887456063797
1.80594287016688,1.75313457753366
1.87745014616037,1.81660069268169
1.52793817419667,1.46513489043295
1.9428476302579,1.8789664814053
2.10912503158504,2.04331212480733
1.77236133993209,1.71387960744654
2.0013929600824,1.8906382759286
1.75999570569973,1.70004746487634
1.78403920114025,1.73209492383637
1.97728846019158,1.91967140383435
2.01496311897843,1.96429317201214
1.79866606381295,1.73011405305351
1.92066534714472,1.84608292460092
1.7655364817923,1.71263603329471
2.03106360060644,1.96617361886339
1.7565415014638,1.68922348894392
1.96809086795198,1.9074661855195
1.88735119853834,1.81346707237147
1.84737006907218,1.79217203910351
1.77602255127992,1.72280053487924
1.67721674577292,1.62799613321644
1.9401171140102,1.86776956057466
1.55268926794851,1.50933905167593
1.89019079355897,1.84111019091253
1.61548278221079,1.56035627355698
1.89696285944732,1.82904088124761
1.75357379949485,1.69997668509964
1.80169717554953,1.74008037467058
1.98487776038967,1.92175027177545
1.76945181448698,1.70275143244721
2.12033242387321,2.06413242554511
1.93392730211674,1.85554799678925
2.148804781359,2.07647689469359
1.91641696497885,1.8547254787074
1.45494438201997,1.40377723781547
1.79025828788672,1.73378635508302
1.5843579151714,1.53486756646947
1.76276911681016,1.71268666995256
2.15664482999996,2.09329360083525
1.95132779221356,1.90576121754541
1.82933371201298,1.7814878929167
1.84009146265546,1.78844698323866
1.73111917649501,1.66953921326352
1.71617476077247,1.66778825807198
1.58187264214121,1.52881655603905
1.53402208242787,1.49535143328327
2.24944614145384,2.17149818401751
1.8002537274648,1.73086542608414
1.67316451521745,1.61054524770636
1.76496294372204,1.70728098923127
1.91718278846016,1.86242576178623
1.97858822340302,1.92645105996148
2.16865466821678,2.1098316032283
1.74661173864294,1.70542934532793
1.98044527997219,1.92332679164457
1.78010983301267,1.73505509282237
1.71340960278779,1.65718257057968
1.9321850437882,1.86847556089699
1.79616343973815,1.7340154555345
2.14039450771184,2.08732119289339
2.09132215714737,2.01674522963974
1.8026892869631,1.73408165138975
1.82640249099587,1.75823327892855
1.53084535584378,1.48421585027516
1.75483776542933,1.71038887537072
1.86500820267722,1.81400365396249
2.08581016396094,2.0228390178899
1.89615039317709,1.83395984041443
1.82481981331827,1.76928979286954
1.60449970502127,1.54364058590644
1.91444479599332,1.86200372572304
1.99072302986595,1.92488638410527
2.12856585841492,2.06387731966425
1.92893985791028,1.85825471344275
1.73416939515219,1.68963606690329
2.16300134621565,2.09176096139125
1.68191449276428,1.62557370417585
1.76250826169029,1.70833674728853
1.66717934445325,1.6157712188966
2.01638464054061,1.96921569018493
2.17891763070639,2.11749213236205
2.10503195209906,2.04958997429998
1.97466098454546,1.92704317270324
1.84431115449338,1.79202477953901
1.95301930104189,1.87107658545777
1.98622192268597,1.9306907458695
1.94073563767887,1.88679552320206
1.99021383870677,1.93544773422946
1.83915651908417,1.78825341276789
2.18163248470591,2.11151620118699
2.30277039315225,2.22796060547924
1.62073057107432,1.57043060361672
1.99395508194421,1.94668831831676
2.15641063932926,2.10547947784011
1.84765771250015,1.79462694050689
1.89914804077193,1.84753761433148
2.02285783253139,1.96781100443369
1.89434999195014,1.834412014793
1.92945931336063,1.86631452904308
1.97162074776358,1.91855821432563
1.43819069797781,1.39491963614178
1.66145585591782,1.61370431473305
2.02577933796518,1.97216734145359
1.6739823530556,1.63009321811822
1.9004606822407,1.84691797089947
1.9005224338519,1.84439158403291
1.60644150192303,1.56459182037347
1.97930708390813,1.92775459038969
1.71345497575573,1.65769603122769
1.50381101518829,1.45544674841072
1.55727225938973,1.50625626100502
2.06502326007551,2.01205656453649
2.11796176684003,2.06060169078872
1.68675283724052,1.63657091552394
1.69227035133451,1.64067320029407
1.87368496869859,1.81254579630647
1.75860456479121,1.70314389072128
2.12819905461917,2.06438211606944
2.07371428112949,2.02410481795627
2.02518882168445,1.95710178105341
1.87175621598655,1.82092885846149
2.19855336291683,2.13743409751963
2.07558463662081,2.01091675262253
1.92635936223133,1.8671341433286
1.85659345677223,1.7918025333713
2.1511660355021,2.09573780423386
1.79713706292648,1.73807000279208
2.00343810375071,1.93665641145142
1.90502215102493,1.8402687395374
1.67073418230784,1.60792083990091
1.89843402142881,1.84092729495237
1.96197692718353,1.91070708168486
1.75933827842551,1.70146109571606
1.70722268442047,1.65014444099156
2.19189024834845,2.11220644640488
1.96539534374282,1.91601373178865
1.78311783502345,1.73569197400489
1.81386062018989,1.75607150699158
1.7113417007942,1.65467877437382
1.50837032494643,1.45749315688365
1.95330869232329,1.90015543644516
1.87127582162798,1.80391788426385
1.54086466814757,1.47687795313238
2.11827803138799,2.06616010454499
2.53496218993728,2.4760775532788
1.61244789942828,1.55880131961631
1.66413699000052,1.61159239002594
1.87072697902085,1.81521005319308
1.73473266512776,1.68558891564585
1.97701388998255,1.9039860573164
1.98969464041917,1.95355852311619
1.96136995683476,1.90897954438436
1.76169723738624,1.71436274075997
2.01510079224385,1.95773535350558
2.2423902876154,2.18820831242482
2.11463502084944,2.05642419038337
1.42902770695161,1.38323305080214
1.71138981669094,1.66839900618483
1.93409502874092,1.88023498356453
2.07651649791134,2.02416470430553
2.10230298255014,2.05074855734246
1.90562319492683,1.84133213034958
1.61174679488378,1.56954320339602
1.86149201865833,1.79009563999125
2.10511440305139,2.04064500717124
1.76145795917976,1.71160997911224
1.97732151403615,1.89746756859775
1.85011425491258,1.77732864450926
1.88945336059142,1.82245063985444
1.88855062099628,1.83719016193859
1.90441076807742,1.85464794902944
2.03707964095964,1.98921211384485
1.75846310321607,1.70908712167363
1.80897480394806,1.75680927746253
1.6127626442935,1.56924986068099
2.16936695966839,2.12233122678323
1.54329586552103,1.49634390581859
1.57718799897212,1.53181756322621
2.23950715964587,2.18766766956308
1.90559157695559,1.84635643009559
2.01812203382987,1.95266196711547
1.9949402225914,1.91906791345772
2.17327173653198,2.10426513626697
1.99631170844613,1.9427608471309
1.68977894979033,1.63957444007655
1.79167521458452,1.71324601903247
1.62946374924526,1.57874074288862
1.63404361764221,1.58006745290139
1.65639760520472,1.61717003902924
1.78331002326005,1.74669102956977
2.08096201952717,2.02326131363749
1.93044874494312,1.8927098443903
1.91024181020426,1.84896435454553
1.62628529500271,1.57524712326939
1.81296960458993,1.76380859613152
1.99204751345589,1.93259661564358
1.83168871760064,1.76405655613127
1.89070200250668,1.82970136487936
2.4239173551826,2.36488911708028
2.2426417354921,2.15604616767693
2.12372924959653,2.0654473447142
1.53557414998736,1.50299159205992
2.04338264410742,1.99047259028225
2.02495211086868,1.9642580957537
2.01475030170801,1.96171510298698
1.76481824914286,1.70852330447973
1.96634743509194,1.92209414103653
1.74144156083949,1.66669300571695
1.73049794427129,1.68018517298683
2.03202215276931,1.98173261443595
1.79135692531781,1.71520151396348
1.8817343859392,1.83791970228405
2.05412874937957,2.00494205218261
1.81194826897471,1.72726350700577
2.1997818745169,2.14645344664453
1.9281693042756,1.8312454503203
2.12582099496823,2.06106332256723
1.78867287557124,1.73134429240863
2.03344634004308,1.9724358048119
1.76084503835952,1.71109289097736
2.00668235745321,1.93734674191972
1.69952502028789,1.65344346756303
1.98680159356868,1.91063051701219
2.08112587755654,2.01953070789681
1.90959921131894,1.83896602945262
1.73604182805388,1.68377064828025
1.56449012441819,1.52384604523995
1.66187074377516,1.61147059447444
1.746811542648,1.69439482525734
1.89793783381261,1.83106901803335
1.89675317984965,1.83921994284927
1.55411967727958,1.50233839098632
1.72815290366063,1.66979477954291
2.09821965775377,2.03486147958954
1.79804832079976,1.74205210800323
1.98078594558915,1.92804886999726
1.92037592680395,1.86872986717496
1.67157329189186,1.62535890578181
1.99046941523051,1.944271109837
2.0176893633556,1.96117300540846
1.94566551445821,1.90041928097623
1.7232460720896,1.67490455925301
2.14647393260273,2.06728347451716
2.05709756800236,1.99975211052501
1.87992417755246,1.83144066795685
1.69905644155319,1.65221354504678
1.80608066364308,1.75040631405099
2.11364030087594,2.02409546432463
2.16080625190195,2.10181615879632
2.10320908220502,2.05538896850942
1.79639874381501,1.70997503350809
1.72269329372092,1.66216758797854
1.61272397650899,1.55645213480181
1.81230248167463,1.75328962392924
1.89681723346963,1.83527341436042
1.80031506289322,1.7258819593588
1.65134055188336,1.59972099523334
2.01991710742231,1.95142374720967
1.94621436945047,1.88373171716163
2.01462722378,1.95815222485805
1.86870654978481,1.82017035449359
1.6857200024933,1.64956866349601
1.97883763063873,1.92255247489643
1.83607790015759,1.79149073736179
2.15164256228778,2.09259884014873
1.93957656786428,1.89374944717713
1.87379501056065,1.81245686260227
1.85018944621719,1.79463530050985
1.88230462477038,1.82216798040756
1.98536076119453,1.92915227984379
2.05883298232127,1.99423490585004
2.30594534387192,2.24206308591497
1.60066469610873,1.53647243360768
1.7185827679547,1.65945929332986
1.72043610593402,1.66775051905094
2.40824452890138,2.34902938117263
2.14707311207582,2.06782470231171
1.65406139948727,1.60292181905189
2.08515634258181,2.00468708393619
1.77865793603026,1.71917658237556
1.42637904534777,1.38163747689191
1.42857330340069,1.38200937712058
2.11590210597824,2.05701786496031
2.05020175201712,1.99496337746738
1.73572125632452,1.68829969583147
1.85779716402186,1.80313378047207
1.79095723798815,1.7504902223004
1.97822521570576,1.91244835304823
1.93722139650602,1.84634668237364
1.81381622097111,1.75061936455456
1.62409796029912,1.56763018790243
2.08637059254622,2.0020037024417
2.1873477343963,2.12964098978652
1.84717747098809,1.79837428389196
1.98580601818425,1.9341205379479
1.73881780927307,1.69054084074767
1.85429329550148,1.78576545192682
2.16380879557555,2.09904533234356
1.95351600133514,1.87394549966507
1.83124548026389,1.77925598477787
1.73131673083474,1.66792209701463
1.44283937707211,1.39237716307357
2.06773655258683,1.9938881027196
2.0062644458312,1.96083419509204
2.0315227027093,1.9832649196997
1.93293250772335,1.86611447322129
2.16490253681895,2.09661783815971
1.77738264976359,1.72045029064713
1.80020574197271,1.75544182686724
1.93959764487665,1.88150456988113
2.25544500088396,2.17574304010228
2.51114911957349,2.44533325538263
1.75010501701986,1.69025256292345
1.7431962366411,1.68774637014821
1.79192067453186,1.73507862549492
2.03724695283511,1.97258680568393
1.82442948594356,1.77375908600058
1.56017733617327,1.51904128308867
1.93173103301654,1.86630496403176
1.65915625028377,1.5970582474762
2.0530054330676,1.97925208780889
1.9393749394337,1.89765724040322
1.95411999441814,1.90122714182493
1.83970199838004,1.74172735690998
1.9112823611477,1.84534608812988
1.76516774848893,1.71505292186843
1.63904639344412,1.58766200851874
1.91123560805101,1.86296289798965
2.02575117801295,1.98091897337325
1.88782165164709,1.83390521017055
1.40050598948883,1.3611922120231
2.06465996926424,2.01862329404114
1.86852238578893,1.82214912239612
1.88521154468428,1.79439674208109
1.75510903140392,1.69216082089128
1.79236608201865,1.72799163684584
1.69558324916203,1.65692314685932
1.92071043555079,1.85887206248523
1.8358983213673,1.77892416929917
1.94784628548335,1.88051650421955
2.27797594052663,2.21354302596255
2.20793107091217,2.14769697740683
1.90138717402103,1.84569442617719
1.96865333614643,1.89374866055141
1.79096941574795,1.71155473850041
2.02770251119883,1.97322305370593
2.07789327078327,2.02410270875267
1.9950749542608,1.93415619115747
1.64368574108089,1.6013353436603
2.00069392831372,1.93113256677206
2.14972848999489,2.08168937512251
1.65288892774889,1.59617198882113
2.03083787398853,1.95953820474595
1.93276094381118,1.87441075150504
1.83333505550454,1.75067617599831
1.72123697245881,1.66192900933256
1.84875546560625,1.78806206400652
1.97113125187869,1.89892489258412
1.97858601258887,1.92689091038936
1.87657257841924,1.81968416445737
1.94575038135109,1.91137520066163
1.89421333381517,1.84387890165135
1.9847089566244,1.94080350739454
1.86651472116047,1.80874662413413
1.60010847493962,1.54502946272953
1.94389562399162,1.8772345050941
1.90550298381802,1.84696380936373
1.97674120935761,1.92623441717576
2.01982527523094,1.94329338701106
1.54451358382253,1.49548037025095
1.68279783787098,1.61808443343137
2.20676031430789,2.14566823024761
1.92010199454699,1.85437721421629
1.78820633977483,1.73475233858226
2.11442625320249,2.06524503557129
1.866571832494,1.81291917310637
2.1014084746048,2.03833096351132
1.58187292953716,1.54663140285293
2.05020134422232,1.96830100957948
1.95458410539803,1.88462429129758
2.06851296054116,2.0101152574906
1.68112084213068,1.62657577557688
2.04189435497572,1.98002846330736
2.24229812148134,2.17343382482995
1.85631406815799,1.78322259348933
1.68894683375418,1.63260000571835
1.83721564439474,1.78106408086217
1.85923806481321,1.80046110226032
1.86164437875788,1.80529652683758
1.68087894127345,1.62957435232981
1.75288166242186,1.69824177763772
1.80365912771434,1.76413373146642
1.83971022093427,1.79458244525331
1.78828412566926,1.75202093148592
1.88500424068748,1.83132231255773
1.80002877429629,1.73579970123241
1.44277999081907,1.37381788024069
2.01086998575079,1.95020385492361
2.09084462159372,2.03853462546896
2.13966878388581,2.07019684434674
1.77606377368527,1.71652787464194
1.99286610579495,1.94147679607412
1.57942138107724,1.53117544248683
1.91121243424055,1.85664440674288
2.01302435068842,1.94118999435128
1.90242697236803,1.82798500069411
2.00628670513441,1.95306089816312
1.67749576752619,1.60971825257099
1.73732710989932,1.67767598300659
1.36667238471195,1.32358569023486
1.92227397129993,1.8666645743499
1.68538552269865,1.62840635929034
1.7367578672164,1.6908212826768
1.99068424029406,1.92918084100668
1.8683142603079,1.80483175268597
1.80796643313911,1.73068244306581
2.04580947721841,1.98930391249478
2.11236915822526,2.0450763978777
1.93301562132103,1.88099101241782
2.00733645777965,1.93395219942967
1.81397118086364,1.76040511264999
1.76367671976847,1.71764549308021
1.80581924615686,1.74944285199768
1.64514031327631,1.5996661565283
1.83093621957173,1.74760254322354
1.80691994002852,1.74801236398407
1.91988712640501,1.8653704122532
1.98944384590331,1.93980323914625
1.87069151264297,1.81979399352133
2.0254220832242,1.96290932782246
1.8843467870665,1.80915179383401
1.94620517243468,1.88482725530299
1.71273465364947,1.65778506030317
1.99393440038185,1.92979810393243
2.23100676935793,2.18141474167721
1.69514032061856,1.64220980302248
1.77942606848127,1.73029770799206
1.82500012175738,1.77694489679066
2.18808346915355,2.12316875199836
1.78081702177639,1.7306045364369
1.98828004778809,1.91690250365712
1.9679232338823,1.90004591944137
2.11252068353692,2.0455066293269
1.94700378463283,1.89640926820942
1.69162357307039,1.64857672272727
2.17158824748498,2.11959439901362
1.77238109509923,1.70918040229073
2.04805685940606,1.98875712269396
1.79371397882728,1.73550348606055
2.13730881525915,2.08488904751201
2.08255161779923,2.02862056034265
2.05832590844506,1.97477831418762
2.07170683260574,2.01597926760781
1.96397913705247,1.92022549532477
2.03926681721283,1.98314742343067
2.12420930705659,2.04831842091083
1.71666238941413,1.6669881137041
1.83667957704976,1.78336911573371
1.6781982061636,1.62009712568048
1.89997057450195,1.85128696919047
1.7549196909424,1.71985995812417
1.96945219946675,1.91769012435168
1.81349513654543,1.7699770527313
2.01216523667307,1.95265356293233
1.8966902013798,1.84439764419554
2.0650451809514,1.99854417705589
1.89095573530169,1.81435599247882
1.66056877504327,1.60715452471501
1.84425319746515,1.7758870576986
1.97200762891222,1.91976273764399
1.83988484941585,1.78196264477642
1.90788049952039,1.83929460152688
1.83519222316802,1.77788742027487
2.16854013415237,2.1075336250551
2.23997213512037,2.18628314734833
1.94966835993038,1.90722358932955
1.92653114625105,1.86615683804115
1.63072003667473,1.57823470293433
1.9857315313723,1.93556894843337
2.03079112698557,1.97324746750456
1.88686650253511,1.83437737363737
1.90748908104787,1.85122701391066
1.8055044812687,1.7534730735821
1.90794140095706,1.85288348984747
1.91920430980061,1.86988805801371
1.56385853385017,1.51782723494748
1.76905774422085,1.72089238718031
1.68166969632485,1.62189439775455
1.92768702621493,1.86814416823948
1.87820845797396,1.81026128117924
1.99285533290941,1.92401105001217
1.56858942414247,1.52806370896899
1.83007818311188,1.75950254021403
1.93176643038965,1.88417365920602
1.86696525672403,1.81269047849584
2.10107198343417,2.04136423458295
1.82160283168951,1.76115427928438
1.50690729580723,1.45226815552967
2.05361701288518,1.98047913091052
1.79106980805542,1.74897729187474
1.8747504260115,1.81837694163699
1.72709740607737,1.6811468393212
1.36606638590859,1.30814771934954
2.2104942959117,2.15464535864108
1.9310421544967,1.87547214554574
1.82852715801702,1.77831428987428
2.02754770519643,1.95943287341072
1.76468527326093,1.71375465805471
1.97614737002817,1.91733972464872
1.7106001742921,1.66424905413433
1.58751859531853,1.54978847916571
1.57017825727124,1.51595823532015
2.12166890780922,2.07302194594448
2.00082094883833,1.92533864297875
1.71591171090898,1.68327114370408
1.84431931912666,1.7915473188727
1.93748667773628,1.88203035006499
2.38919233690162,2.31449238323322
2.17679973795157,2.10781005650682
1.6218171664342,1.57945498033675
2.24309524991794,2.18585737719223
1.97059089127726,1.91074951985488
1.85005947469685,1.79773906286966
1.66062034797711,1.6122692018355
1.7624266497306,1.70337747270481
1.89711694066295,1.83792320533798
1.59394201876844,1.5524008275371
2.06548579045383,2.00961101223376
1.80987924213711,1.75819442561214
1.4260712007852,1.37422620831636
2.00500478047424,1.9502991477316
1.72720734652227,1.68139915726655
1.887883999343,1.84543256902948
1.81561894866988,1.76505923091928
2.00869448288325,1.95235739467386
1.71275089189465,1.66912870259309
2.00319359270856,1.95182152796611
1.93514756719791,1.86168908104741
1.83903983811032,1.7765108896669
1.92215309701926,1.86784422536907
1.62754301175451,1.58205855481348
1.93111236878167,1.87822198127884
2.04199858969218,1.97717545789956
1.88277638036112,1.8315048369919
2.29885352406931,2.22705588442931
1.71866107255128,1.66278601722205
2.15036348624614,2.08960433253073
1.97165803912003,1.91378141583448
1.75763751440737,1.6765170292716
1.7720570306239,1.71351710815655
1.97392132954831,1.90846221006037
1.93571359864858,1.8698339052718
1.95671395019456,1.90493004594634
1.88233319795911,1.78928467048062
1.79066962828084,1.73994433780717
1.67155582783893,1.62690413771894
1.91811469485322,1.87280336270324
1.53311850127631,1.48714097025047
2.07388279049595,2.02261310461318
1.72884486690878,1.67306258809349
1.82244562017813,1.77346062746621
1.93783268256159,1.86722482526948
2.01549279943334,1.95697500627386
1.69511813441323,1.63462100771885
1.74599471950473,1.69013507357464
2.09242015832005,2.03494957451631
1.56977611155167,1.52811364423006
1.93875705592379,1.88988767949328
2.2154211370898,2.15486502233972
1.89954660902087,1.85936612194747
1.59648765776056,1.54490058632251
1.82503632568023,1.7614369084606
2.07953250586207,2.01903726456924
2.20884316751823,2.13334998789601
1.28775413434491,1.25226406607084
1.55567346197605,1.51067750336491
1.85541088742194,1.78261759375383
1.69995569860814,1.65377809047304
2.15659062423629,2.08407063030242
2.18724828237,2.12253353212325
1.88655141374696,1.83335959134476
1.90084943838285,1.84602289680134
2.14200131410081,2.07891174095407
1.91026144396064,1.86301947322261
1.61392324257944,1.56718244878843
1.80812649507693,1.75212076135628
1.84186844936315,1.77629620984251
1.82083279539679,1.759405501518
1.88178659367461,1.82392887838236
1.90774068144164,1.840203756881
1.43741144634425,1.37558275959335
2.14049111189492,2.08450097397661
1.6810714217744,1.6324689022313
1.85738134394919,1.81164534209529
1.64842560654694,1.60339507719715
1.88096789098418,1.81266219415342
2.3440451475117,2.27826087797972
1.77399459235929,1.73301582697286
1.63219528343588,1.58260075093774
1.85932603641494,1.80668861912944
1.8617343025616,1.80283727877703
2.08890779195671,2.03468826308867
1.66061466163983,1.58286488742896
1.79213425087432,1.74205552472262
1.46501585570019,1.42036136498849
1.74831372085519,1.69746530058252
2.15986051114847,2.11723694157091
2.0013425372496,1.94965430802398
2.05016765754312,1.99748458608615
1.8339878007655,1.77327369536437
2.07842914911133,2.02386771943548
2.05508263502013,1.99021914675161
1.60908696329466,1.56600397454099
1.88117030143057,1.80442898656683
1.91640615340455,1.86177810166657
1.96023122499477,1.89761049707455
1.85105085076723,1.80286763741414
2.01963105277555,1.96259428949758
1.70678294106667,1.66184056215621
1.9980859815302,1.93285904844753
1.9217924827108,1.86306465199539
1.93248398591717,1.88457469468709
1.6341561572633,1.57366420442454
1.88062614034525,1.82450363796271
1.93781142354648,1.87008707182076
1.54222261387739,1.4973008069253
1.80846840389598,1.76828187137625
2.14875241473102,2.09119141458399
1.82834340547698,1.79392342837961
1.90627689543468,1.86448884214014
2.0545244420177,2.00652136909776
1.76242481303818,1.71162574309967
1.89134886543744,1.8514969383477
1.91478997924617,1.86883843492539
2.21167836622479,2.14633568820432
2.08169076779047,1.97589783696364
1.80478104030345,1.75138218489904
2.11949101525843,2.06127983404442
1.77720032926136,1.72497251235357
2.00651181555025,1.94795167239682
1.70640394618254,1.66195047337143
2.02826355902106,1.97241832781829
1.68092621244146,1.62373489360986
1.80703385488578,1.76356505211419
1.90617206467929,1.84440133036396
1.93506581719713,1.88815743760678
1.64234870120242,1.59036771261328
2.00735454642612,1.95220230987324
2.39833009229668,2.32913419340635
1.69358453525218,1.64243797604859
2.05480437299973,1.98824383982261
1.73704207792155,1.65564494900646
1.68613525381226,1.63886573008082
1.62310268070797,1.56405910372143
1.77442664014529,1.71606211214987
1.5757388852255,1.50756347905687
1.76847930531497,1.72420716086435
1.72397951501515,1.67193867820092
2.11223582955727,2.05578803331612
1.90667657315058,1.86094496613337
1.76848860564777,1.70522275988652
1.70131851373544,1.64918350926087
1.92447965558899,1.87147392408599
1.89982660677404,1.84579394848189
1.78664982941279,1.73338035047899
2.64789447258378,2.58874092698272
1.78459042148523,1.73229046111242
2.00325522125289,1.95425667813918
1.63249196061236,1.57811126752198
1.74819979941235,1.6938105325541
1.89172337718957,1.84830455196101
1.94622389601076,1.89984708932233
1.99485125294453,1.94326991299178
1.56853181539568,1.51391733445164
1.65130504762194,1.5984863665856
2.4399146945207,2.36576385392421
1.7625938898564,1.6946167491093
1.54255767440616,1.48661851589394
1.57510985838049,1.52034714162804
1.9326415971745,1.88281363914601
1.54895262063334,1.49739702858234
1.89034763264982,1.82657530419547
1.6730842058504,1.61532700368116
1.67432129903919,1.58161878762182
1.61194034665966,1.54523613995235
1.91537957160571,1.85746873055288
1.95737294271184,1.90173545134236
2.00589021089168,1.93476650117406
1.94401311641292,1.87489014672347
1.79888969559618,1.73679451806752
1.83661356229747,1.78862655249293
1.66313155777036,1.6083675622842
2.12364464148297,2.06114297770452
1.95880476547539,1.89998173781169
1.89161759841101,1.84968128218244
1.85564213288737,1.79949090253525
2.10265069848566,2.03376533037091
1.78461351348704,1.71370539114842
1.78379849046517,1.72866347890588
1.92261663453367,1.88354257885078
2.00451366764807,1.90966948847812
1.76312580660523,1.70482459855184
1.81245442939692,1.75253642723297
1.68919785566281,1.63396072314403
1.6119235169132,1.56081702647273
2.2325074434522,2.16992201942376
2.16098919213955,2.09485264130081
1.96478802657279,1.89512915319688
1.61921802429979,1.57505104478543
1.83027777720539,1.77141832292606
1.87862622512862,1.81558476292932
1.64014329219759,1.56429013499481
1.68251605361068,1.62890291971858
1.94164065992824,1.88568886050302
2.18889173952661,2.11614140095539
1.78736703494734,1.72278362350217
1.75952768154154,1.69169508386553
1.85475515052884,1.80592792017883
1.92890395701459,1.87982255286952
1.86846775713409,1.82225408005975
2.08776982251841,2.02999596695473
1.69854171304038,1.64995329532792
1.80263978715608,1.74669308077587
2.01784970539072,1.95995286621801
1.77553623395321,1.72431976214172
1.73848536005046,1.67706617969328
2.00994143336967,1.943757020459
1.99534398365972,1.93305978303065
1.78704097586416,1.73140768556646
1.66252175394742,1.6131499242575
1.71358167531671,1.66480389165327
1.52129421825146,1.48349794671522
2.44099168091183,2.37012387552748
1.9131836399056,1.84347139471014
2.56595710830134,2.49004348809443
2.05095569978555,2.00194120845362
2.03844688087273,1.98697225646345
1.69829180017303,1.64696558481243
2.27967272846821,2.21101233863874
1.90073114113505,1.85588593490908
1.93026865622813,1.88062706352923
1.91104455422505,1.86110412432711
2.01917334062781,1.9761196168842
1.38327398304108,1.34150172199867
1.85084671328387,1.80360984224121
1.6703405248833,1.60536320265624
1.80013955242371,1.72853815459774
1.52239007638267,1.49224523583342
1.61419858285885,1.56694083237229
1.61412638922758,1.53207945580521
1.94361590039845,1.86854125778609
1.97117107507755,1.92342409879791
1.67575419282774,1.6211379309752
1.97062108049381,1.92186500948187
1.94515087767015,1.87736500104348
2.49679177914604,2.42132835405026
2.00815824328035,1.96258476670621
1.77375104540217,1.71273300680676
1.88394381008992,1.81528966364507
1.83605549480094,1.77876216478548
2.0792830148775,1.99969439943832
1.82749718676882,1.78570442696212
2.10550413832647,2.03580669628619
1.86083015699864,1.81735505768797
1.64626800108625,1.59293708329024
1.67745820903249,1.62146112974023
1.65718123373954,1.59198924167936
1.79166612595603,1.74141025967666
1.896363182983,1.83418542194975
1.57460401379794,1.53175751889707
1.86838138312072,1.81159549580275
2.08967452608952,2.02804430937776
1.77233223255762,1.72472199837674
1.96276308637376,1.92163464611832
1.92092297972537,1.85373076848648
2.09557045140313,2.04991412375629
2.05376127646303,2.00255169362705
2.09097264651878,2.02291070225243
1.95851034764712,1.90918669300111
2.04485535610972,1.9958113192362
2.12230054968853,2.04497559272024
1.8877869042664,1.81911889343767
1.89933319142069,1.83797043960311
1.76995204676757,1.69860489792673
2.07594113066479,2.02970859330624
1.6064192226063,1.54871123916927
1.74592004400871,1.67325185111854
1.76498681813645,1.71702721753271
1.68720154489977,1.62092992241753
1.96906358715326,1.90200823493401
2.30360996304069,2.24993208607657
2.05068727413944,1.97170249276267
1.81504663333766,1.76533521018669
1.58182130772343,1.54000359797584
1.5154904673011,1.46489982466412
1.82148929611481,1.74130672095765
2.03032104267495,1.97401901323584
1.88502796659067,1.84217460424189
1.90805370299449,1.852683612621
1.89329885349841,1.8380533965221
1.64442847962941,1.58820099924478
1.77808507159796,1.71829125653507
1.81117976988893,1.74247113973682
2.07929876910101,2.02421778735324
1.96091698759336,1.89765541816392
2.17294238036815,2.11253488792322
2.43308637912189,2.37428040872101
1.76410629896214,1.71448192101071
1.83206731068894,1.77821446738443
1.84496947443739,1.80560330677146
2.0220980353388,1.97240512985487
1.37713697686786,1.32829233724621
1.92839216528822,1.86983842594088
1.8132075789514,1.75152076209166
1.87686664245686,1.8257393849986
1.99128105708008,1.93266685591808
1.95427779775964,1.8975315419888
1.57964248317805,1.53036180366316
1.97308475156254,1.87026015704967
1.8514074484714,1.79362367475829
1.72239747790496,1.66978924189872
1.80584516289619,1.75616241747719
2.07462131949818,2.01466729949657
1.85175330127864,1.78830699078497
1.77425767651513,1.72488126825715
1.95916501267331,1.90905631989153
1.64312080975127,1.58568657096883
1.65252048805078,1.58242360529217
1.77805090971174,1.73008791571359
1.82806176645162,1.77500351173849
2.12368460954934,2.02849579058719
1.91677335043585,1.86316139638273
1.36861644200439,1.3352234113474
1.70939665400664,1.65846876010981
1.94830655316492,1.89191893421086
2.07196821195464,2.01752586214907
1.87210192996427,1.80108287667186
2.073477093066,2.02552613419323
2.3317603005794,2.2524671811328
1.8240594569742,1.76430511041812
1.88590764013347,1.84072528959169
1.98989061192974,1.93856521057038
1.57483008091254,1.496706336116
1.66641653222725,1.61763970126797
1.8239339795448,1.78055974676106
1.65353590700492,1.61151290069188
2.06221047659462,2.01230525988976
1.68266844266494,1.63242734449781
1.83650909058963,1.78873768117624
2.07893179420173,2.02698019961104
1.70100423342741,1.64405923598341
1.68853436082809,1.64825274281197
2.08399788760866,2.01927698693876
1.78666913840783,1.72912692832981
1.84436996484428,1.78717546253987
1.58933647184509,1.5382130933992
1.69626353242303,1.64982786684932
1.80890955217915,1.7537121519372
1.82437378069733,1.76576964296553
1.88664806833197,1.83633341124185
1.51231385540877,1.44798202857646
1.9125502234436,1.85740811674121
1.63638667228975,1.59040082037427
1.88156480244021,1.81313217495685
1.85219075621446,1.79772352047681
2.09304526107564,2.04359591431041
1.91808644645502,1.86789144381334
1.77997533216696,1.72752508713804
2.1938320753391,2.12195605686846
2.05397404981274,1.98283891182502
1.650495283261,1.60961875523368
1.75877359549745,1.72207893932321
2.04436708992075,1.98634421060693
1.6492140060657,1.55603273642793
1.930584347109,1.88476802893883
1.67808163346531,1.62966870647212
1.91032520683247,1.85463176376416
1.96829908019897,1.91983914114893
1.76875556714677,1.71874496624111
1.72678402752349,1.66138237715518
1.97577140165026,1.91131823079832
1.83374683365686,1.76729656653336
1.99053740421815,1.93323815720379
2.0143448094967,1.96480750462303
1.72396480432391,1.68141460893362
1.7082511705313,1.65549813555172
2.12881810356503,2.0731498078577
2.13666424240857,2.07662919182474
1.96702776203321,1.90777152932223
2.06365751670107,1.9920634528107
2.05669462297685,2.0043132712909
1.75914080046114,1.72066989048532
1.89665166102283,1.85316783811691
2.0319820757661,1.97174121538203
1.86051828188191,1.79789356377767
1.7265211314792,1.65954820958442
2.00885206787703,1.95482769773044
1.81455938729086,1.76103213308538
1.89221700895253,1.83916019826107
1.71914742176654,1.66149887536516
1.77106560664267,1.66840508020222
1.81945632322043,1.75966146814712
2.23974888095969,2.17686042925433
1.38010888109836,1.3448082830331
1.58352977730468,1.53901945744948
1.58895903638263,1.51623057666203
1.92182199624576,1.86527467442309
1.65599794799479,1.61058825357925
1.56043250572107,1.51715392086624
1.8324945080379,1.77292892765983
2.144346014199,2.0819907278095
2.19668856716331,2.15469358313445
2.03568178732459,1.96363332592061
2.07104206529052,1.98966013159859
2.10569012877234,2.04038751497233
1.9066251624448,1.84649586424955
1.99406390430662,1.92643455477316
2.021280485706,1.96689282107942
2.14904199380237,2.07882412626842
1.83737478035595,1.79063906014259
1.86257533682332,1.81539876969448
2.17827026580504,2.12294836009085
1.87524221230668,1.82931231634923
1.91864613899677,1.84769470571151
1.83190553068523,1.79242347518077
1.82768365781594,1.73608917899518
2.10536883772074,2.03366596108426
1.82483179847743,1.76812751959498
1.88741940139544,1.8183378411195
2.1771397923541,2.12116557330669
2.01867167583966,1.95565125143182
2.06054207548631,1.99370469269403
1.77604890819236,1.71005156744954
1.93554069145969,1.87118366304545
1.28760844810096,1.25277538616777
2.18670794951499,2.09658609278394
2.1276388950464,2.06593401176556
1.41477653405869,1.35833561056537
1.87207084695872,1.81211842114748
1.62845246115858,1.57479778657634
1.95413090341285,1.8826237900842
2.05980519673928,2.00395026298989
1.69541759939323,1.64058445476738
1.97458239555292,1.91158222703239
1.73592198455976,1.68216801208042
1.87414872141596,1.81979102977635
1.92542071275349,1.87642982116204
1.88485503585487,1.79902312119682
1.99456529155765,1.89531565252961
1.63289697140201,1.58861231125915
1.86185672787889,1.81276558633982
2.0167844847463,1.95616869631467
1.85932171254719,1.79865595846989
1.97407078283741,1.91686859467297
2.14291774640992,2.08269010417264
1.89259492002693,1.8541146689389
1.88770395569755,1.85816003759277
1.82091985257332,1.76414452878947
1.66363156710202,1.61946814771443
1.96420286858661,1.91178799606348
1.77710451103763,1.7223998475241
2.26112024132411,2.20191496963319
1.79742286625262,1.72896600822266
1.73349932431363,1.6794042392986
1.88516404799415,1.83782593135421
2.05765342571045,2.00388587094984
1.78464067513444,1.73406578934186
1.8567945271088,1.80138837898353
1.58373990052135,1.53950946139512
1.85001862525872,1.79845293901219
1.81253805841124,1.75938311927719
2.04356690479498,1.9839904183823
2.19007307411333,2.13524486981012
1.84246771956557,1.77958042631191
1.95045381421427,1.90203189277361
2.03758006159604,1.98099580104234
1.63734692615658,1.59979197891868
1.74728811452396,1.67373385878488
1.89743879905263,1.84456943804215
1.77311366183733,1.73274378428933
1.67106599644481,1.62402223750084
1.83536620697361,1.79976435792747
1.99236989065861,1.92518675263738
1.70179291484365,1.64961536697758
1.99444300450604,1.93648361483049
1.92866829928994,1.85954583188671
1.97724535364545,1.90220753938765
1.88152864377282,1.80472235828382
2.11012617446832,2.0610762907602
2.16424123634038,2.0992135942364
1.91075714826227,1.8588135502509
1.97747778056479,1.92569348504091
1.72862619556578,1.65268035616095
1.53889684862245,1.49318310489038
1.91880585361503,1.86980274339954
1.97976474342084,1.90915998672676
1.7458529869538,1.68746861429785
1.66109217401857,1.60396514323191
1.74406675160119,1.68729428241812
2.01883400053829,1.94858479050308
1.63361104943266,1.59134924043474
1.96067512865794,1.87899970750354
2.18953811756175,2.1232226834854
1.77201598353165,1.70893753458171
2.07761843974453,2.0184644633798
1.87940836621214,1.81087628906595
2.13585658276484,2.07211343179963
1.489992233799,1.45827715952744
1.8615088193238,1.80868786487248
1.75303484092679,1.71663268819418
2.06178122036817,2.01458499911554
1.92093399179926,1.85506979092745
1.94647140376948,1.88486424342799
2.36035709563998,2.30334278261159
1.7160621270927,1.6475064328636
2.00643991034241,1.95443343514706
2.00482185274276,1.94223707820531
1.86330224148216,1.80122860118077
2.01179112378948,1.96297587030422
1.81259147567492,1.76888870200337
2.03274139393075,1.94163632375603
1.79713156430502,1.72879894862266
1.93441330379019,1.8772293637964
1.62508815881038,1.57195773417826
1.92043559185838,1.86314584900481
1.69364544356249,1.65335834308929
1.94601050477401,1.90260614374438
1.76976705017427,1.71421279186199
2.01981607964694,1.97052924982858
2.17093406583578,2.10680775673116
1.73206706019994,1.66907186321915
1.64351167815869,1.57336067815309
1.71686627210823,1.65635024352473
1.90809235346033,1.80680066782559
1.74052297906799,1.70015638203469
1.59370976069867,1.54715519472442
1.93583955025018,1.8795128538841
2.04219805867856,1.99228550436915
1.99368724161547,1.95035245931087
2.12436478956069,2.04872212305006
1.62816202530409,1.58973867782826
1.92948452443686,1.85502474196527
1.90258734873891,1.84214753182067
1.73430432345372,1.67531641899566
1.66711801411588,1.60266767550646
1.78636020844513,1.69255484919463
1.64201353316801,1.58903374804658
1.82117735657925,1.7397505393887
1.64244914564883,1.60093096748402
1.80335337542016,1.74822017439359
2.06500605809037,1.99606794439095
1.62188157578559,1.57039686181166
2.03528666938449,1.98528206360669
1.77879736843967,1.71980857217333
2.28617404108265,2.21492491230247
2.03395426327801,1.98587048101798
1.66609373010228,1.60628058996574
1.86374474489499,1.81678578159193
1.8524894187938,1.80011852321056
2.17782527490125,2.12011822422518
2.12608303264434,2.06536975155635
1.93198793350856,1.85309686958529
1.77827895605109,1.68746820584835
1.8513485743954,1.80104342676153
1.48366705520444,1.41939312139413
2.03156123423849,1.97579063670573
2.35315061401257,2.27335404582129
1.80648713431811,1.75610277510029
1.89170875233819,1.8276385020021
1.88902358417148,1.84067253714908
1.91570968662344,1.84595450120918
1.91201767017987,1.85309263557166
1.79065223456756,1.72408992736691
1.937044361766,1.86924594688459
1.69940924399436,1.64234475672299
1.74645046668057,1.67325222700835
1.90696500999862,1.80531317754445
2.01571096174059,1.95471085786864
1.89155639110195,1.83466451036704
1.70079596084163,1.65325447113722
2.23596958498209,2.17296951333907
1.79771197964821,1.73362798760811
1.70389114214994,1.64486471521632
2.13939744567144,2.09077767957199
1.9809646806159,1.93015171082774
2.18478640789154,2.1130648986459
1.83422627632066,1.73884147393889
1.67627272712091,1.62152560259767
1.70111443438909,1.6313737100827
1.93144905899649,1.86025817837595
2.09177277226008,2.04382869451625
1.87486404975548,1.80410555729886
1.74248713583738,1.70040346903391
1.90459224941469,1.8542822856749
2.39963431280502,2.31444129681754
1.40989008321565,1.36834946312942
2.10657763562858,2.05285944759033
1.61971859681279,1.57240979792666
2.11446714520402,2.06169533555277
2.14076364546098,2.05099775816079
1.923472200888,1.87577809627205
1.95965236746763,1.90829469307207
1.80898187203482,1.75704658562581
1.89897125209901,1.83683683769407
1.75940877759563,1.70276056967975
1.79744249551303,1.74015959118119
1.83104275436627,1.76033100835214
1.79388262530588,1.72633043092256
1.93192943199034,1.87929430190755
1.56635479201411,1.52157394920479
1.90467142042228,1.85241604567184
2.00968617123609,1.94523187151466
1.99388552565467,1.93855815090865
2.00231606623714,1.93402585437555
1.90716860895912,1.85818903364452
1.54453462504836,1.49797232002335
1.74746244553441,1.69378945537244
1.74552523169755,1.70583767851963
1.85292649598444,1.79922626759785
2.13832684139969,2.08711517296571
1.69102026059525,1.6435497092939
1.72254079273611,1.6391962625297
1.9610404548727,1.90202549825149
1.96965718285558,1.9213560901824
1.77913577893268,1.72627630980022
2.12385955252764,2.06125830476469
2.11854852046004,2.04319403589213
1.94382716495419,1.88515571819793
1.92302599069555,1.88214777968434
1.74884299288169,1.69591214751605
1.63903352380406,1.56985692521846
1.98525002866118,1.92378031095864
1.60874547940904,1.54779374357311
1.78523953758589,1.72193310280941
1.76655468074847,1.69764760817125
1.99380577979793,1.94205869550731
1.72168234051581,1.66402846802659
1.75698209840813,1.69521619605967
1.64094660694993,1.57791723207638
1.94355395373247,1.89628857338322
1.93663484954086,1.87660095488952
1.92138496643041,1.86644118462575
1.69556635199096,1.64708331869594
2.03499803065083,1.98041486818656
2.07109483544439,2.01354595728348
1.82264091020549,1.76183200655851
1.9721640432745,1.89344384326764
1.94538559152102,1.89338084222228
1.65882875493171,1.6174342233912
1.53732075864369,1.48998238044173
2.10698153070604,2.05573847812565
1.91779878966472,1.84657233362595
1.75457153292982,1.69595750859168
1.55378015948994,1.50961663952022
1.86429385748128,1.80253856712975
1.86650527040805,1.8174804170102
1.79088792994357,1.72794274500302
1.9053365200897,1.85017718198466
1.62422091397826,1.57084204632354
1.70450534850305,1.66060583472267
1.70318263048652,1.64213774306924
1.52309317599196,1.47957246455409
1.83019777765687,1.75427434002072
2.07294019207206,2.02333518762209
1.79986600890431,1.74976709688611
2.03732191504438,1.98312887679959
1.94269265624606,1.87916875783224
1.73084146578842,1.67079030675827
1.94529654275761,1.86992733742574
1.71056822147701,1.65782714613938
1.61169584965274,1.57525483255394
1.92428880916517,1.87096244414272
1.97671930076435,1.91845151751735
1.71719589589407,1.67091409686501
1.78346029466961,1.72173136980007
1.82869038264079,1.76338471628767
2.14387769313852,2.07530726650585
1.82596634152081,1.74965073405735
1.40354314455489,1.35616001718236
1.80472592351183,1.76053654275597
1.80678890480819,1.73174015949257
1.83874768087776,1.76162835863756
1.88747233269108,1.84759070978381
2.2219292153638,2.15332726817506
1.82238606184634,1.7796255576376
1.99151428202269,1.91935661274913
1.86492912866752,1.81808490729863
1.96374970475948,1.88487883141982
1.74390980762891,1.69633146501421
1.85916175615563,1.78605205071397
1.55009712651014,1.50534573487144
1.95785291715775,1.89173509652158
1.79629966698305,1.74580655589301
2.00580571416023,1.94747816454501
1.7488341979313,1.6933440065377
2.11593102611016,2.07381317779611
1.5665434034488,1.51262207024109
1.52376263652463,1.48339050293533
1.99196681312754,1.94914697220236
2.01240220110003,1.9489501541146
2.06805577428415,2.01119036538825
1.72246622173285,1.6750208529136
1.76247454212443,1.70565162498616
1.69283751944457,1.62343778896812
2.00043919936282,1.95319555702807
1.65606863338858,1.60223696673957
2.11638077341136,2.04751543365072
1.33350669419077,1.28418211028529
1.84991527923288,1.80164355005276
1.96659101373143,1.8780496764607
2.03470741106821,1.96923017187512
1.88009682318045,1.82577882444705
1.9208986422304,1.85504200016475
2.06598190421789,1.99810272725882
1.94289021567149,1.89473965323413
1.87431256056756,1.81263351403986
1.89599735216545,1.84056676634243
1.76598422432382,1.69985283194909
1.98117768874495,1.91566448096979
2.04370329435688,1.95324374241677
2.02066950982307,1.97712337751654
1.74019635529745,1.68997627853527
2.33332051769893,2.26596707913831
1.66034381364944,1.60348760712736
1.59134594901105,1.53474471104081
1.78824215725805,1.73596726960714
1.72356242977319,1.66079838403901
1.7675436807277,1.70684634154365
1.78857006986401,1.74745810830906
2.15722161874838,2.07925665139165
2.37654504444292,2.30422764483326
1.78553665110056,1.73284861358995
2.00928038937378,1.95222891074225
1.60342719529307,1.55049030354802
2.44569226196801,2.38087884015761
2.02080032034342,1.95962377441565
1.94351787262637,1.87300395805555
1.97119802232135,1.91967619211132
1.72150848200053,1.67164777343746
