r0,rt
1.61634650990667,1.51382118444373
1.74306140317122,1.62625940227593
1.68651890321417,1.59338925676899
1.54413582345725,1.42175696984069
1.38975010623688,1.31542362005213
1.50361665544343,1.4175320102476
1.99918511079113,1.86779792972686
1.55776859740241,1.4430060623849
1.53507697379027,1.4257569156883
1.79121378952722,1.67509335806924
1.70390163345162,1.57040637595662
1.79483480427531,1.68090612868271
1.79590261977288,1.61787866611319
1.5553846004082,1.44748336427608
1.60856878536537,1.51355469592104
1.64480741852927,1.55219007579979
1.45678334235898,1.35743298071087
1.71924977757512,1.62399067589476
1.70870155674237,1.5842245087067
1.93803125471888,1.80996394035889
1.55001812059531,1.37347572341207
1.66429729812954,1.56211321266183
1.54953888250982,1.44816209355293
1.96457403219062,1.81956898397967
1.66860716604279,1.56544012416087
1.62577878851195,1.51081422206348
2.03237348399847,1.9175400534874
1.73225566070055,1.61856151934135
1.77543140126485,1.61826018502302
1.58275614104984,1.47109930420301
1.65299486180483,1.56839647483012
1.78312379399366,1.67572432228947
1.65587080934581,1.54350603894239
1.52319609599668,1.39995375778806
1.22283547602739,1.11304852991638
1.60815453423668,1.5177287677847
1.55249418310627,1.35206161988596
1.35921172869442,1.26631217740829
1.88294117732731,1.76779740901216
1.95494498261897,1.81826089221528
1.65915315955067,1.50972665605197
1.61281509211226,1.52053763350396
1.61428552000686,1.53963050356525
1.6307433819497,1.52058255654028
1.7766914957847,1.65947791022464
1.69697647784221,1.57301754955036
1.52904630805706,1.41889923340139
1.66743708887076,1.53997340388303
1.67490160518686,1.56127842880769
1.72179040573982,1.58845075690358
1.45557810725519,1.31986434917823
1.53983787428006,1.42045602411359
1.62189110632374,1.49498824294061
1.61668950514935,1.50325946561149
1.7842528200878,1.66329726870851
1.71264523887989,1.58266210534067
1.60425087467249,1.48775727757755
1.81961148767422,1.68883863352209
1.86212445327503,1.69218262521691
1.73394149912199,1.61452964233582
1.84135860059309,1.71350780774983
1.50178933504624,1.37901364787817
1.55937526459652,1.43431424616587
1.74917428058224,1.63558320789707
1.48353099398512,1.39077674023746
1.54413236300543,1.4345370533395
1.96376442040031,1.83394541376683
1.49373715519016,1.41220641015914
1.74548168559175,1.62856255230527
1.90571466068856,1.79519223578221
1.78017200895619,1.65584829738769
1.66087353829513,1.56183945078552
1.71090810948304,1.5110264952362
1.51343721465148,1.43338365233314
1.88133461968631,1.78980035174764
1.74187126530797,1.60864761653385
1.47464148805545,1.40123875308059
1.38244308273346,1.2729414512736
1.69476273623115,1.60490583243034
1.73560970448503,1.60939381726575
1.53505157193803,1.44111829533109
1.75675233543849,1.637073378524
1.44568996360476,1.32182938286171
1.83799512396297,1.70638596066439
1.4815224383102,1.39615718010531
1.60855898445336,1.5121682559502
1.77201738254374,1.67829856509524
1.43334707041956,1.34028178553168
1.7239765401306,1.62528685200788
1.9569577831507,1.81450022347966
1.71749063601971,1.60255402836687
1.42664914560707,1.33582779651099
1.93672508262887,1.8066664674275
1.59128978435445,1.51321683187216
1.77160900752245,1.65769720735144
1.80201103834071,1.66745876265955
1.37093700353194,1.2804750391658
1.77095812617379,1.65492352235531
1.61449869631886,1.49831319607853
1.78004972522037,1.61896211425661
1.65691771458699,1.54631286769544
1.78409069767058,1.67711979413101
1.65208356766915,1.52003008790477
1.73317815084393,1.59514699332561
1.74277109385717,1.61502894024913
1.69862796141296,1.585084360358
1.39833937333966,1.32205933771283
1.70049888470136,1.58949714080156
1.46568237567043,1.36823300277566
1.73949980428957,1.61546838058015
1.5187570296321,1.38975518938756
1.62636971069728,1.51591993949346
1.31642227483948,1.18527914298472
1.66268759653297,1.5542906760367
1.60773853400214,1.42168253569341
1.63554962278855,1.51078351161
1.84565193040054,1.71406100397017
1.70315106002892,1.59017616501484
1.22480459972982,1.13307044191514
1.40734852298983,1.28450333197203
1.98783986900808,1.85266249726684
1.53457553514604,1.43798225304703
1.7552344510542,1.63619932348642
1.79918957809721,1.68926008713362
1.5705081503435,1.45677322324217
1.59737972866827,1.50970726457528
1.4889654460401,1.37502132715936
1.55976639793316,1.4419396419207
1.71074131447864,1.58996958492949
1.70946295644621,1.60116862589625
1.40721771207884,1.34076787385757
1.65104536573051,1.53832794871698
1.68245191735585,1.5691357554159
1.58556485102337,1.47513299713636
1.80977982522171,1.65438061920311
1.64333998358356,1.53523787639831
1.50047122673675,1.39661480753147
1.65715857508198,1.54373800838048
1.80183860617569,1.68781564601321
1.58185607048281,1.49034357346031
1.71868880216425,1.57994784457409
1.68417661115729,1.56499234290556
1.32787336387788,1.19586382304047
1.70079388499018,1.59995282115261
1.51140933184497,1.39749666678978
1.64294588874229,1.53041477113454
1.60441578382241,1.50406457284873
1.83000294376273,1.72814921335236
1.68684242464812,1.58415599762598
1.88026371783896,1.76737059039041
2.12756333541781,2.01402226800924
1.60399869886678,1.49525788250596
2.04485992568501,1.92066522110896
1.29288254316939,1.21221934627845
1.83431570881168,1.73587009021784
1.77687550184616,1.67330796796342
1.3847726822349,1.30217572313664
1.50668660990394,1.42621835297851
1.47291326668415,1.37605684118409
1.23422870147809,1.17325867403338
1.30262773985765,1.22189394529358
1.83530593026255,1.72267354637884
1.37240436310968,1.28118769406124
1.60652366678327,1.48829136633305
1.51791586112088,1.44854557990713
1.70016429317086,1.53904672095189
1.58461333706011,1.47789479896679
1.71520358903012,1.63315542929841
1.44005645401758,1.35010958296201
1.6988039098588,1.6036088071066
1.66560212082035,1.54327970381345
1.55873851292089,1.45921912376232
1.63442912360787,1.51382694976619
1.7629434919735,1.66653622205882
1.41276657215582,1.31417169847905
1.60725644209222,1.47941983607198
1.59239688972506,1.48229946534395
1.40747991951671,1.32083567132083
2.00008697249739,1.79825056500375
1.717626105772,1.58205438384909
1.20350563893383,1.13198259814151
1.42962132708139,1.33120451313149
1.87829189140322,1.76376605038365
1.92526019223291,1.74624795465949
1.82612614588519,1.68442786106056
1.58124672678521,1.49116752249
1.38058002784469,1.27595999350516
1.43447549139133,1.32631287299987
1.92968455001633,1.7438536221097
1.87065057313401,1.7424524825171
1.47640601226964,1.38238071487581
1.72025784026687,1.61846825112642
1.72659557837778,1.62025267789019
1.55469842642374,1.44534513159484
1.55519268238397,1.44587695535158
1.46405646093793,1.37940973070961
1.5740780677816,1.45668343397127
1.90150770485372,1.79865086042891
1.66511174574133,1.5298509007688
1.65752024956547,1.55992000724675
1.54910095752185,1.43910143860515
1.59444743187911,1.49251832909204
1.5293932160456,1.39958635854118
1.56783891051419,1.46546511199541
1.59112357734936,1.46491638681442
1.88599387750803,1.78523067915823
1.59574562299543,1.46145033121046
1.33785466604431,1.27730293543801
1.79940475616013,1.67843159242378
1.49415979287598,1.38447168364553
1.59306930419017,1.457475584234
1.38900273860579,1.32096864856492
1.57553829313575,1.39921114375161
1.56250129276431,1.46701519038914
1.78074458718945,1.67655893975189
1.99103828555891,1.88689791778788
1.85306248936172,1.72624799845898
1.41989034034551,1.32377623880607
1.5870468270651,1.4862268723731
1.76540104100681,1.64800091511968
1.62590549647079,1.53586731427054
1.67034543303731,1.49876091778399
1.50947581140473,1.40451578122652
1.8522304915039,1.73363655960107
1.42409355839697,1.32474049499113
1.39850427832067,1.28818223290546
1.70962140829686,1.59024368729598
1.71936199918093,1.58808653627903
1.45805479976821,1.34987723042363
1.1711778332971,1.02158364041825
1.56487572656104,1.4803449278376
1.65581184085718,1.50514231572877
1.43717838108714,1.35433386038306
1.75921016508715,1.63160831762711
1.51567294333303,1.41500999413317
1.36757090648094,1.28463894637727
1.47944501709604,1.38444072822996
1.43591465814804,1.33218585885433
1.5831321783376,1.47235825403432
1.76806131278385,1.65411816377023
1.60527416098183,1.49394459669287
1.55972807807456,1.44614487941122
1.84108292775211,1.72255030764131
1.77419354850782,1.68112828302344
1.93405790048419,1.81293152388337
1.9128764963824,1.78813552861253
1.60484469346115,1.50370230393598
1.48071726246587,1.38369604236753
1.46714558880783,1.36024965149865
2.00972943220482,1.91270601748873
1.6238287832237,1.51698938610237
1.79188261697206,1.67887642635443
1.95271078166412,1.81385684634273
1.49276259167966,1.39234718403843
1.46740024512836,1.38012872189287
1.6050752427214,1.50242386234264
1.59771226540891,1.48539722924979
1.35875648631473,1.24738621302194
1.61686647316062,1.45323387138259
1.80740346757083,1.68218346563321
2.1312254663987,2.02101097369777
1.58364658915344,1.47465193596686
1.34943955924125,1.25954006743221
1.31779640388604,1.17585552117706
1.6018660066661,1.50602092198174
1.47931316623003,1.38067090065659
1.56719897818026,1.4499443388652
1.67228806458436,1.59162987961238
1.8832299005055,1.77224742322495
1.73712052463845,1.62522709925357
1.60381147579936,1.51742650858179
1.6186703200014,1.51506400631233
1.49610401404973,1.38047437060109
1.44054860823207,1.30009570808088
1.58662535112913,1.48219524703831
1.94222184063181,1.8156596124812
1.85489722309254,1.73024178846088
1.65466869624666,1.54820890710603
1.47851702238472,1.37338689883985
1.73538231543748,1.65170465694785
1.36226811708159,1.25858610938717
1.7374062646511,1.55004727276605
1.71379261048692,1.61306749411162
1.67826688375876,1.56977898925046
1.6022765920687,1.51353493279933
1.64204799260877,1.5287981497586
1.60489734532803,1.48892294792321
1.40750457405664,1.30850929679335
1.6045716090438,1.49856680607286
1.65372313247962,1.5594971596739
1.73337028390711,1.63884657774843
1.63013786908811,1.47919385626572
1.70379164986981,1.56310373891617
1.50418332332164,1.38832671779837
1.53915135273129,1.41858198569166
1.48610477044219,1.389082422912
1.95293895159814,1.82664605934982
1.73062766128555,1.60979589974168
1.53184119995105,1.42937802226193
1.94898895889721,1.8225952446057
1.7444389418848,1.64786389144973
1.76365435786589,1.65208938918505
1.62420383179789,1.51639065520522
1.92919224036432,1.78559411112763
1.96291280804338,1.84697602521566
1.40817927716436,1.30179000655432
1.5092433686383,1.41149182201211
1.79048826018283,1.67810344299631
1.39129400756524,1.2735579128578
1.77780747627231,1.65940502351869
1.72510863120495,1.60280894977635
1.79975106059065,1.67875500735964
1.55971140774875,1.45002777269433
1.82044181747691,1.70295258293181
1.60128400964558,1.51501023792729
1.62053600486091,1.51521713142368
1.48677204254629,1.35464730508248
1.74243752492325,1.62410534278419
1.65305534617365,1.55459613662577
1.59189311166761,1.49087599573818
1.38728988469271,1.19964154700302
1.76380875247527,1.63169317703469
1.58088633127242,1.40375398868858
1.61253119195376,1.4744528921829
1.47411301908485,1.33203900037753
1.5869988907861,1.49873851571907
1.76836950934493,1.61079491312737
1.76739116295691,1.64578506378223
1.6559864896201,1.54651356541891
1.62054235985205,1.49220330657748
1.61264839319531,1.49915316012766
1.71827808058348,1.60552986782162
1.71105848883563,1.60132153260979
1.3979287364322,1.28055334677397
1.63569907605879,1.52176107190035
1.43002839089061,1.32517716234117
1.57623895899289,1.47807541650178
1.76189685837543,1.64271135467702
1.77367515980085,1.658804475686
1.32874462730331,1.26310349806399
1.55016855580647,1.46712399578815
1.78899228624767,1.66871365082206
1.61361330394904,1.49886623641121
1.525832538055,1.431742074547
1.60554200794675,1.49312953157514
1.587896183569,1.50400369657743
1.69559338984055,1.58693561393401
1.76947930605998,1.65393246607882
1.78064186135474,1.66525621741361
1.80953765415917,1.64607874231657
1.85386654251522,1.7421473979198
1.72136114670247,1.61105122109904
1.67009139181653,1.56019060738514
1.81917721299823,1.70589796060927
1.39548358561618,1.29537273472796
1.85304316866411,1.69184232416153
1.24487296468041,1.17384248116851
1.44124784062577,1.35278219501651
1.83316720263452,1.70746162341591
1.65513031933603,1.54071291789583
1.33037267827691,1.23357231951116
1.46532881450583,1.31185505547776
1.72295877143142,1.61072834207273
1.52295485576318,1.42178685059793
1.70935020088042,1.59795329853021
1.83494678257566,1.71400607751066
1.62749400510859,1.52512293894183
1.39753524676797,1.31617790611599
1.74744362655549,1.60387979552158
1.84995350539399,1.72665397827492
1.61848345486534,1.4707699555172
1.64915849962201,1.52507731126439
1.70057089282109,1.56972861106557
1.60829214208568,1.49844337492916
1.41767857029143,1.27369520910087
1.66528596886888,1.54452488183739
1.82107708838854,1.71643163911416
1.64878802171641,1.54402124476346
1.46127667749899,1.37595823672547
1.78012490588484,1.65333710794013
1.68164050883668,1.57786058750876
1.76118552633794,1.65486009400694
2.03102467401941,1.91031734881637
1.79107221208951,1.68301741687674
1.75838433551323,1.64130296902818
1.49877594945986,1.38598892804012
1.62376167109099,1.41307635039858
1.69215632241824,1.56903427340721
1.84244159320165,1.72199156104919
1.94647442131287,1.8319216828825
1.68525417531247,1.56585066796689
1.47261454181748,1.37589380260431
1.4982214698111,1.41229308297023
1.59187784300572,1.50099498581044
1.41780047993269,1.33176757344298
1.47553505561257,1.38489970877633
1.75498492406022,1.64795432244211
1.70135035895668,1.5880507995078
1.69674824637195,1.55960182846657
1.97654095230613,1.84831949192688
1.9257596753521,1.82066432016207
1.67585858714656,1.55584212968152
1.58617822124383,1.47850210586248
1.52005004142083,1.43379750165898
1.62635012109142,1.49471694182668
1.72340391211784,1.62236677194595
1.58982678172002,1.47740351571394
1.45900353597841,1.34163747050024
1.70114606952338,1.59440534892972
1.68433167314257,1.57154525472736
1.62521884852333,1.51600040617392
1.7415362680481,1.61954053032967
1.83191834263016,1.72451247062198
1.79609188204668,1.69400549112316
1.47245540528164,1.38581637250967
1.64929616419321,1.55492091439344
1.67904198076907,1.54381819726244
1.67990638013298,1.56216142447611
1.87139890418985,1.75611137508777
1.146635945872,1.06758258086493
1.66553962879931,1.49526030099783
1.56874765118922,1.44668940916036
1.67770408363006,1.56445091827148
1.48233017597152,1.37792501981466
1.3405894045092,1.23758615887583
1.59977405761662,1.47991889206748
1.65148182708728,1.53395347777386
1.55520794928247,1.43486340345544
1.93303280222024,1.79747684541417
1.69713150748388,1.56513521735134
1.77284583828704,1.66895319114486
1.64575283761376,1.52769804472812
1.5749330911934,1.47285010865365
1.50920983334562,1.39465246378494
1.36455098510226,1.28707219552337
1.60480686287348,1.49542278913443
1.58500338532628,1.48373758433434
1.49562230531044,1.39143652927313
1.86938399309097,1.75120240712935
1.64357515053416,1.52921513848966
1.53923172942179,1.44179955784597
1.63925861882339,1.50238610967154
1.77833746264559,1.67265084343063
1.64377336032851,1.53021151568201
1.80624556314884,1.6940748270096
1.52890038587949,1.44252583023332
1.80609540665177,1.70477092681032
1.43312976676023,1.33472522855019
1.64227190339808,1.52507953267568
1.45222485096221,1.34889854274729
1.33969541735427,1.26264860867418
1.58859746003909,1.46598331810253
1.97156041550107,1.83473051478627
1.64320884633,1.52384053872228
1.77881181862279,1.68201042790893
1.61126723540528,1.48840103338096
1.80908775568403,1.69172669013056
1.46798302423294,1.36022767334145
1.67050246948542,1.54841840967701
1.46729426303908,1.40160739146207
1.77402915032591,1.67163574877642
1.65889641883353,1.55703915107
1.6568817179253,1.54891379518109
1.64028819566598,1.52538407985215
1.58704623403081,1.50003364246301
1.47820625396517,1.36477793308181
1.50039422702709,1.40103744235771
1.54625391086062,1.43030740995701
1.61060469082361,1.50416736774763
1.50583720257092,1.3083696586991
1.54560696522548,1.439245689098
1.85519696109247,1.74133560363211
1.63643800041278,1.51908021665878
1.57007244327952,1.45396203257495
1.55770658970408,1.44779072705897
1.88393546014464,1.7577188102311
1.51596956079306,1.42289784353922
1.61117875402019,1.50308842235441
1.59270627585734,1.50308999255817
1.89752911997596,1.7922093694579
1.67199706389775,1.56925907800112
1.85091327338851,1.73104622090796
1.72694338321529,1.63147094493972
1.43051644327831,1.35798071543105
1.66445649550966,1.54646012930532
1.78019037295236,1.65465225537199
1.57781655745582,1.47381631090861
1.37163603646724,1.28663183984787
1.52458425673175,1.41234813514222
1.67697224871149,1.50541905793899
1.43397018135024,1.34187315601843
1.65904462891079,1.5454103977637
1.64620433741798,1.53446929046194
1.64535291772355,1.50347755639158
1.70115148897935,1.56395013563974
1.62276312644331,1.50786382005583
1.54303965809801,1.43833852461956
1.50788629794968,1.40001542912221
1.55355769555661,1.46729132288682
1.43527347567706,1.35630369925264
1.530194223717,1.43811595350727
2.15739087818399,2.0169447870917
1.6038071957314,1.52036892551354
1.98607734799954,1.78909293510988
1.64311848252504,1.5452738394455
1.75205003399124,1.63334849343106
1.62351073790882,1.51987054517449
1.91280687772827,1.7704953708712
1.73396222190607,1.60973222534886
1.42011502531125,1.33433833634994
1.58405458100279,1.46424058985145
1.64690761471707,1.54192783092483
1.96769998856061,1.77379738296108
1.66591154271814,1.53260466192568
1.59516775908913,1.51473766742088
1.6466927286997,1.55008054937929
1.64114154057114,1.49888775467082
1.71739810903662,1.6078337037854
1.69008885967019,1.59032458688591
1.47488246277518,1.35983921463674
1.60844684563574,1.5121165187743
1.8780480990112,1.75731224916713
1.61056871166875,1.50618496388278
1.73481491564864,1.61620458884546
1.7549064173837,1.61154130964482
1.4366138703043,1.29523952689602
1.61117754985983,1.51154781554612
1.80285920634425,1.67670264421091
1.87808217479241,1.7707235763511
1.48360272692317,1.39785758141195
1.92526080866879,1.8079506780506
1.74960149670799,1.62339695622624
1.45792329797238,1.36864567808747
1.77722485106786,1.66103020067772
1.95887770499053,1.84611156879655
1.750294470196,1.64887909066624
1.9314398418532,1.84219183868928
1.79838741188624,1.66878900909348
1.58791169593229,1.48005464942646
1.29069624695099,1.21754946929704
1.71087137933227,1.60428524516545
1.49779127581278,1.39687161792301
1.68233523419945,1.58903373094183
1.56986035608816,1.44703843730469
1.48273219186864,1.40563316214618
1.7886544818468,1.67937909892929
1.73373365066737,1.61693202046309
1.52962795700316,1.41726247078837
1.8245129510829,1.71679007666672
1.50212619321838,1.39421289033389
1.70083487084985,1.58975956262557
2.06323064655839,1.95175307618925
1.73719036330897,1.61865588538179
1.80999140134949,1.68883958996236
1.6955160451907,1.57667017953693
1.69292721556906,1.58906735411766
1.52355935950642,1.401165081617
1.6956727771876,1.57651114724264
1.30022509617845,1.2192609018804
1.79415101594937,1.67312802556644
1.29902078898232,1.20805526968016
1.76840008172519,1.66114450939281
1.56013860608337,1.46193256057334
1.54942051190763,1.45881198409575
1.69547191999409,1.57947027602306
1.80717297020964,1.60428377584066
1.73508239453824,1.6316851181024
1.8345483841301,1.70735281953047
1.48579340857046,1.36616176376917
1.45967885593324,1.36011626741597
1.87356243108843,1.76029062760764
1.6335478069624,1.50715547012023
1.70669264315307,1.59761304110079
1.44998978163176,1.36483598609829
1.71070607003685,1.58425474748882
1.59809837801761,1.4773789932462
1.5306979057963,1.42754302893203
1.58694606667871,1.47974828173661
1.44671159941138,1.33936201548174
1.759015939475,1.65144098209273
1.26769275879967,1.16530715355059
1.42406275415731,1.33813143697209
1.88190220834007,1.75679999215717
1.72861730921048,1.51656383894558
1.5962933186738,1.49586133037843
1.77460689424366,1.67300110754311
1.79157986788877,1.68401189785202
2.28658005161974,2.16606017173385
1.63329360200747,1.54769999664163
1.71583889407151,1.61103405315677
1.35986286659419,1.26822292400675
1.63491831474176,1.50000535505983
1.72405537467398,1.60011705684325
1.68614022295637,1.58021568231076
1.44971440824539,1.34548833246759
1.67481163938478,1.55409501816919
1.55982512684094,1.45838947164395
1.65002829419469,1.56189647809504
1.72757896257691,1.60600174024362
1.44066172680994,1.33523392561831
1.64231062418783,1.55537872384632
1.73918136336695,1.65097881492417
1.38803411911046,1.28104033673
1.65237799840015,1.5347260262554
1.54149336952434,1.41556769973157
1.71653154984643,1.60441162814348
1.62140072208868,1.51310648081036
1.3175889037029,1.20271879613351
1.62447276915547,1.50203115609385
1.44183866315157,1.34220910616813
1.46665920846711,1.37599356634377
1.58934456962648,1.47609862443505
1.5018809853601,1.39477815632495
1.52396709517101,1.43081606515251
1.72425196165129,1.63099602530749
1.78687201084063,1.67594510774262
1.65994200467293,1.56374776911839
1.15666391100689,1.08849424493486
1.5139959661498,1.42895110811993
1.62354381844733,1.506465042359
1.78137879443322,1.67263420292949
1.42867993317324,1.34983476989688
1.40007748463494,1.31043026253624
1.52308917103386,1.42281641638394
1.69840998213335,1.56927929216899
1.4546254644497,1.34837868532675
1.85588128113504,1.75415586826053
1.40137669130737,1.31469264285481
1.64072595514423,1.51308867277653
2.21695629481935,2.10791045871428
1.40638689427633,1.29775105481883
1.71557763188555,1.60787908275614
1.55859453747195,1.45155562117983
1.69627916756046,1.57477074917891
1.70919186581834,1.52281262375681
1.50026466633344,1.40542179231022
1.64649566119722,1.55212433668717
1.88225436642823,1.76492248836308
1.48524019890559,1.38829576787498
1.50442348466992,1.40665285156007
1.59161569877443,1.48774317276415
1.41842185590738,1.34407907358573
1.5928421097623,1.51327087330131
1.53512303757889,1.42640611821589
1.60419114576641,1.49428582553654
1.87206024611768,1.76090937004816
1.88960693419058,1.77385411823029
1.75801796793812,1.6373828641788
1.81439099595694,1.70626742687466
2.26229743732154,2.11006728715854
1.68112874332343,1.56354852000765
1.69109157839932,1.58257068134808
1.6887409097459,1.59898319903451
1.69919004405316,1.57645466486791
1.59356975026275,1.47822799757641
1.64424453450694,1.53347325989888
1.61425051841217,1.53305611349866
1.71091243794625,1.60006800380553
1.63501702183341,1.54071975930768
1.82225087847073,1.70251346040326
1.33871243378354,1.23354043071822
1.50769039702541,1.35139143794216
1.61252419982906,1.45884308777475
1.79581215285252,1.68714295898433
1.57290847174078,1.47961883448728
1.47298829219945,1.36059392040199
1.59493237724458,1.50763064265978
1.65012112018662,1.54280135071095
2.15535491210682,2.02887043921193
1.64943385749526,1.52661456059639
1.61882751389638,1.5043860115094
1.49503288584853,1.40048507407518
1.64601784713098,1.47684759493219
1.70229482617239,1.60490479256875
1.45622314687621,1.35287253395596
1.83866941183781,1.71868622917411
1.65866942045087,1.55139196639294
1.78253204054609,1.67984008276182
1.67224766594734,1.55215508938686
1.39339657423306,1.31865487285079
1.79271277069163,1.67058359901417
1.50985296635136,1.39598982646498
1.76204584970992,1.63188001996162
1.52161497018987,1.41314149593093
1.57285121508375,1.46990447039299
1.73686346393817,1.6415329020202
1.66667548519692,1.56616757123651
1.72729273264521,1.58903605265046
1.62231637016122,1.50187915997437
1.68498764387247,1.55741097558489
1.5962914086543,1.48404267558108
1.74137331595517,1.61954450862248
1.71594286001835,1.59868930723849
1.55437220975906,1.43701031325772
1.62720585787747,1.44958930735454
1.75908798125785,1.61604933455503
1.62744107800558,1.50696220898155
1.66665852848357,1.5672638308685
1.7617864443232,1.64574196093346
1.516286182126,1.3907453266141
1.75546845877812,1.6553667553465
1.62999128824914,1.52242818929619
1.85596921861734,1.75797240889226
1.42492561876191,1.30165500227043
1.46151409102467,1.35315449584258
1.56354599006131,1.45420777881278
1.4510333813775,1.36528489372051
1.5663087586471,1.48143078059904
1.87839484997235,1.75935452145719
1.7763255386876,1.68602480919742
1.74675929810129,1.62749060300777
1.65210069799885,1.55280385999867
1.52411382788753,1.40824549769374
1.34182710869826,1.25703593180986
1.75180051182722,1.6501323633434
1.62197923657483,1.53390483893794
1.74326480738133,1.63320868844645
1.72809030629563,1.62094695176438
2.02891026773089,1.89050479113185
1.69128871595304,1.58783411406445
1.67227417971178,1.54842270544264
1.65145006114754,1.54005306082074
1.54537084678912,1.4532540519917
1.79599468895141,1.660588973897
1.66131737243463,1.55187886664488
1.48832392893393,1.3829314978435
1.54089639076501,1.44557902085162
1.44824903943147,1.36777516653625
1.2299278440142,1.14319305637121
1.52105071690681,1.43607726487796
1.6373943416312,1.52090006005658
1.79872621557709,1.71906850314738
2.08848091220064,1.92393027086534
1.61705685994714,1.4847441986583
1.61054556688744,1.51428268719518
1.45363255489548,1.35386645747052
1.71830921334252,1.63166977894439
1.49443985036958,1.38858374323097
1.83433675879386,1.72083038022468
1.66233121837928,1.54932004598662
2.00880292883299,1.89954935401943
1.84745001152297,1.73945640400126
1.52109559551791,1.41796007099432
1.52143055450319,1.41548788021689
1.60509451019987,1.48089571065004
1.79060709115297,1.69466516753406
1.65966372212665,1.54898476019691
1.77678551404629,1.6269469646944
1.8081463323666,1.69551544129219
1.46163817934587,1.37278050020845
1.65306405901086,1.52239090870021
1.65746270911757,1.54256595746626
1.07122804698605,1.00428921898744
1.55382401107058,1.43245939419775
1.60425294549905,1.51269018146476
1.57836446516145,1.47240135537632
1.60839336674726,1.4986023982279
1.5029665719675,1.39876206107109
1.91301759675521,1.79776361760703
1.61680019593408,1.49140422804834
1.61040905578767,1.50109912924107
1.79250553920474,1.67670009889996
1.72830194829495,1.60458028129682
1.57510570474583,1.40281534633936
1.81548142189988,1.69974358164748
1.91814332567039,1.81252497003612
1.68797602880953,1.58380922774137
1.61124053063765,1.51166685795265
1.50718826516214,1.41488412947821
1.88494715368399,1.75912309236732
1.51065705304622,1.43123205136807
1.61392213194331,1.50205751765162
2.01759193074007,1.91005497536988
1.97397591243526,1.77292536748063
1.81513487028896,1.66374598662467
1.78898617465663,1.67146271202657
1.56070884341081,1.46305408905363
1.80210266817445,1.69690499753379
1.62162000747117,1.49070149786306
1.57644125842202,1.46722750359726
1.76582208671959,1.6713811013659
1.47181387176753,1.36658893162141
1.69465273356513,1.58918782418173
1.54534328358783,1.43907897870918
1.58369545447351,1.49268272409156
1.87122874945189,1.76241965950493
1.45922093161412,1.37302994061537
1.74425647260582,1.59505351820147
1.21201977110018,1.13632102080034
1.58174980180507,1.47730892713278
1.44547707124761,1.34683120840734
1.80227493087713,1.66036990953054
1.22780096254478,1.14924690581993
1.60121720463328,1.47669999169219
1.56074689190594,1.45752826040342
1.52063052971589,1.37979499702671
1.57657572194441,1.47642376345768
1.53717167893474,1.43694388766122
1.63153243265603,1.51636438952825
1.57572021706321,1.45634762982372
1.97322891137761,1.83965261126156
1.77644873895376,1.68580349118504
1.67405826307693,1.55924787711171
1.36276928802133,1.30782140963244
1.43588532618765,1.32250896424039
1.85693366671619,1.72172722092818
1.47241987002417,1.38726157539317
1.53192717945434,1.42707501357726
1.62511255249987,1.50631750528882
1.37613399345327,1.29043820600506
2.36289478987493,2.21903716812508
1.87153169215741,1.75619598911734
1.62640386267066,1.51057365474561
1.48967560404919,1.40645534155253
1.8410392161362,1.71189649151442
1.68278501929225,1.5659300783242
1.62113642600518,1.50141838404071
1.88262343636865,1.76697620125314
1.38007162950111,1.3077200295518
1.29524389862811,1.21753929737223
1.61620575085072,1.49551866924547
1.65824496325301,1.52758826093342
1.59051858172047,1.45015299933694
1.55233511177241,1.45758852505544
1.84343483534324,1.72587405633652
1.84856230295316,1.70935943620519
1.69698259329344,1.57249489677179
1.68001446560398,1.55291209417663
1.49841363290457,1.38909252650509
1.59656166571395,1.48793075328451
1.58864795911087,1.46453228419682
1.68730665439399,1.57386564905872
1.48839153322132,1.3934644146787
1.75104925866893,1.61815173142204
1.60351646398448,1.50561222289803
1.80937349036153,1.69656597369995
1.26504528962698,1.16283329006623
1.79666454110659,1.6933559666304
1.5835770982597,1.44817525911974
1.67340961584942,1.55778257993932
1.68566891531894,1.59528285322962
1.80568996300534,1.68411252549418
1.82841142223523,1.72471927901513
1.64019968733058,1.5393400363948
1.57046221550154,1.45550983474796
1.62682897902574,1.54315765564658
1.48850751061305,1.38270739341764
1.73071951611252,1.62092897677056
1.83454053905766,1.73210922367219
1.87659248889873,1.75946655867767
1.75563396974793,1.64473685119827
1.59949008818721,1.47319607943195
1.43758334923803,1.33528784402776
1.7306433093531,1.61327536662112
1.61910893179872,1.50921693737341
1.74058358582639,1.64524934767305
1.32689286117949,1.25073789537613
1.59706650607095,1.50967003764647
1.77551644181242,1.67293156488297
1.34957194982994,1.2762196334576
1.45365284014224,1.36260303175821
1.50973282411676,1.40203018256831
1.68469142274285,1.59254471566673
1.81480669765246,1.68755901517764
1.65490056334066,1.54405518082982
1.80454703064033,1.61174217454188
1.57089605715616,1.48461818403387
1.36527596362147,1.27085979188342
1.71785718180904,1.60055295251315
1.62661306080515,1.51990991894214
1.63359303369244,1.53949598902602
1.72242523639486,1.61864700748356
1.59408595218489,1.47379789548256
1.68647746618424,1.56694362728751
1.90898281162842,1.78776336908128
1.71810169682366,1.60816864738813
1.8251559730694,1.69639429116056
1.67210926276914,1.57979063650023
1.64784025013861,1.53742055364561
1.63738633201984,1.52966399082143
1.69476138736962,1.58713280240658
1.74403707979913,1.55021286538512
1.65010762199697,1.54022422576024
1.63299501824522,1.52965512820951
1.69787830064771,1.57848177619433
1.68560385400725,1.5746102300832
1.66436997181085,1.56276066278969
1.54610168772614,1.43733752043986
1.67677608689467,1.57535325125278
1.60592441147673,1.51335209633655
1.67037802672734,1.57325877364376
1.67031378679151,1.56674039434953
1.54508392949033,1.47427587664962
2.21899928693068,2.09254005175493
1.57770336154721,1.42688382624471
1.50917384619436,1.40413625469247
1.50080047618703,1.42275327923651
2.11136138102439,1.98021639564881
1.36943207177037,1.25962454989017
1.72637716094233,1.61286182095531
1.79351540124201,1.70269192016525
1.80055087590058,1.61514746388004
2.09485692044486,1.99936292250679
1.64761277186812,1.54320543348296
1.58252997613653,1.49030333257632
1.82910305045802,1.70178245019269
1.45655703313179,1.36534912810332
1.42552200324155,1.33491806283199
1.7532290216782,1.62178391037994
1.59949241623782,1.493448178281
2.02457372077958,1.87741742613154
1.75559165428699,1.64124295854684
1.6965681202677,1.58283447360178
1.56697560804692,1.47119326240016
1.28851421084767,1.19805727824302
1.65794751918617,1.54114700034943
1.63950422242842,1.55628886624407
1.77784305530906,1.68077009235287
1.56370883258508,1.46257640507689
1.67175884923144,1.55570006891014
1.75102097228812,1.62883230662937
1.47383033202777,1.36684963024212
1.80408975197715,1.70838136917952
1.63489629870256,1.51451293949346
1.73114259528681,1.60269006276936
1.51148369106554,1.40493788175468
1.7206457648871,1.60232856563281
1.60739200445885,1.50251812750779
1.37322525284807,1.27123812950996
1.38642266763708,1.28406689356975
1.31333593348637,1.2178185081682
1.72046791312035,1.61029690018479
1.81950501689238,1.70154211273318
1.55081466413172,1.44569306488381
1.51470420407575,1.41203144222636
1.34523616236412,1.25287268870805
1.59514691025822,1.48757152775831
1.91448861398887,1.76190813388271
2.04552100927262,1.92494168515224
1.68112243955104,1.52611289565828
1.6628975022747,1.48774537047874
1.57483863822515,1.49553457329507
1.71163050611359,1.58038713639324
1.49588966388082,1.34808945998812
1.34445558029136,1.26520511820489
1.63369461240065,1.51827825396185
1.68377958831188,1.58164952282631
1.61466424035744,1.49952839840368
1.28152616008339,1.20303788472372
1.34362117430504,1.24344317168659
1.54398927484653,1.4691786452848
1.3311555159113,1.18920214450017
1.951299202733,1.82927185948928
1.67323707292305,1.56484377341653
1.53969349655901,1.43369982774408
1.66459317085629,1.54817663290186
1.89483428041558,1.77080632084978
1.49044021232218,1.39701315175325
1.47354093602789,1.37371043768177
1.54343218626935,1.43679411706597
1.72759572852908,1.6057651694421
1.68447180625202,1.57242113764711
1.61551713753061,1.49776908939869
1.76672298803262,1.65446280619088
2.21252375360908,2.07731583315586
1.70724622035855,1.59518606650597
1.81469141168037,1.70617553903784
1.7244377576328,1.60968798275464
1.56753366996653,1.45919390945962
1.70918860570558,1.59053316215794
1.69815011247361,1.60680045888455
1.50917256681232,1.40725145145774
1.3652428169514,1.2562321210019
1.7492289196883,1.62290289098948
1.80413085222616,1.69055728780473
1.70321320447043,1.5930094807106
2.31214929248201,2.19444822654455
1.48995214299932,1.40275360279191
1.90167118866453,1.78156046933978
1.71154222631856,1.5701515691054
1.5068911691126,1.43021840802445
2.17162303158189,2.04049047410284
1.64867115979689,1.53211939133502
1.91699939377535,1.81118119322794
1.37315785144951,1.26328894058895
1.84332626655485,1.7252796381417
1.55341982301126,1.45060482556081
1.42331191785347,1.26446239522087
1.76664376195965,1.64393180417607
1.5030254189691,1.40942817402073
2.04089701277049,1.92728867740182
1.60074575759269,1.49970308855596
1.62274448087145,1.51457354549692
1.62073674002214,1.51554962339664
1.49051754713537,1.41068936445526
1.97471061327117,1.79009776360987
1.46806118837552,1.34339389236203
1.91333750134853,1.78584450835987
1.78947423232034,1.65838024556733
1.47694365106995,1.37166183037891
1.41602914684051,1.29390643484617
1.65331860790521,1.5280034565652
1.74785345642391,1.64253415715901
1.6017315669701,1.49247020864829
1.68610733523393,1.60109335724789
1.87517684306443,1.74308311714372
1.59302340696474,1.47364439006454
1.74095140918344,1.61742462529723
1.47265584473775,1.36378921422232
1.76452369652403,1.63821998813584
1.59431833501013,1.48267795380477
1.57930284522411,1.47221224407744
1.76348641963751,1.61700148881434
1.37867345350342,1.24824228800321
1.52986605836786,1.40375741636523
1.6713960934529,1.57754977920253
1.64423826588606,1.54120291763489
1.76576627893671,1.63782833422854
1.44785545223472,1.39002686653359
1.5698320635024,1.4459224915271
1.80713891664962,1.70706433545499
1.74711052320246,1.62942249932668
1.640902315788,1.52987273903258
1.78429538759232,1.65582628610205
1.51326532617718,1.41875585780308
1.82386431291712,1.71663113017663
1.53769157054791,1.4337807239074
1.8339529212639,1.72512559286991
1.50121254421445,1.38893477561281
1.65613779007393,1.54912320360804
1.90584272890522,1.78477172205573
1.59525505611185,1.49136865866106
1.4557003400052,1.36052061542368
1.73978652189778,1.62250482824954
1.84832390361008,1.717932868633
1.68579022141083,1.58458428299379
1.6940631643086,1.58057522920678
1.69003879736124,1.5787996008578
1.63409598087512,1.45266804129787
1.72450174891259,1.62960918514207
1.58724238561514,1.4648759589651
1.70930361112051,1.59697788593639
1.51557201499108,1.3935358954516
1.65663896284378,1.52979962401611
1.7006605926974,1.59168682781
1.73900115819908,1.64557119845908
1.93945793148025,1.80153410653573
1.46973756515892,1.37060396706931
1.78636062194811,1.67307879506863
1.61271457010892,1.48010092146869
1.45050564338096,1.34412681420127
1.53344544780517,1.43493542871165
1.49228536728032,1.39510054459292
1.4256317853052,1.32081808045511
1.5025336918476,1.39692920823397
1.40631019534066,1.28364110877375
1.76833894547364,1.62078179180571
1.56876190019693,1.45930957751562
1.49668983280329,1.40028870836505
1.73819543071089,1.63633422149128
1.61851351871868,1.53730241228342
1.49619847413188,1.32100870402494
1.66974454454629,1.54829931337985
1.65312588207279,1.55067600060573
1.54509669954475,1.43801535429817
1.54243646075585,1.43070276508575
2.03109717838252,1.91818789333998
1.80376465020365,1.69492727740349
1.89379567451226,1.78003108633315
1.7262579904002,1.52463058819714
1.88824858171278,1.74600467379657
1.52744590738265,1.42437011783554
1.4318569211238,1.30198949803088
1.5742781752764,1.48022458924073
1.57824835381382,1.50461551054601
1.6944062822378,1.57754499326638
1.65559333192859,1.55041025381378
1.59378250618046,1.48799177075657
1.52736053953294,1.41182262449237
1.62537167141566,1.51172458556319
1.49878281135511,1.39025157508581
1.8276167461468,1.7195601752467
1.64866887665504,1.52240399659712
1.59649434256207,1.5096481381284
1.54648393875263,1.45029397445132
1.63665604293638,1.5163477260913
1.72401880953128,1.60490711855121
1.53730378799804,1.43040776942671
1.66432211813051,1.57452359818365
1.84619541648365,1.72822503807107
1.66783985917944,1.55425939725009
1.44394395915694,1.34057882183804
1.60491109810228,1.46505501717439
1.57064924733675,1.47079375659237
1.44465106057669,1.32980515181118
1.6613338048112,1.56089242886967
1.53094222142112,1.42661986882751
1.73125312908606,1.61394711192599
1.87962256068556,1.75202617881922
1.78150626752037,1.67016738030656
1.65669000448668,1.5472377941326
1.76657353104042,1.62714276910398
1.55923134844371,1.37945489440265
1.90204493110399,1.79009431615865
1.56095896158461,1.44993694765864
1.52264233150954,1.4050972627458
1.67151809326093,1.56643867243795
1.85818475958167,1.74789831776176
1.56654377804429,1.46522486625439
1.52430340359104,1.41329456676435
1.46700773995858,1.33912154646036
1.62790326230075,1.51383531639089
1.64159201931327,1.55390621922652
1.50250883862941,1.40051906398542
1.41835482219005,1.29827410706474
1.75258997069122,1.63715550469323
1.59760666869596,1.47883779191843
1.62345568009915,1.49817913910013
1.55968963174884,1.45071992052241
1.53050689910521,1.42937123237495
1.45171543649064,1.36576805723159
1.51266651671962,1.41418946639588
1.51302765769408,1.41361539186282
1.70318299827622,1.59706171801127
1.74340166542042,1.63338352644787
1.81000438030609,1.68125333776053
1.79724797421675,1.67276462453176
1.59167302915981,1.4580947739315
1.75016046518824,1.63124848081442
1.6963470072708,1.52815523521694
1.83369277852545,1.71345841989306
1.53692526212649,1.43538760254946
1.59090057595322,1.43959177105194
1.90324203778018,1.79321735789352
1.62836392177606,1.53653792688312
1.7034321969191,1.59627977527919
1.91629785060843,1.77838984924378
1.62430751086853,1.54151656072213
1.6850149761634,1.5750800805825
1.54702406801235,1.37437745047935
1.46104293162587,1.35222126983217
1.63549188648944,1.47692593339292
1.69093230731645,1.59211768462893
1.58105388166652,1.45465056796421
1.59492421995745,1.48750968360253
1.85996507851754,1.74361030819184
1.74252742316019,1.59822455908004
1.55549270645954,1.42937933012564
1.71332631651749,1.61441053601132
1.72524971521412,1.6126884245816
1.81311947843043,1.67765865365251
1.74973356769972,1.6524206905087
1.7875684137374,1.67244623208245
1.48313379720389,1.38083335915641
1.45136237875773,1.35628948388848
1.93246853322242,1.81594589238752
1.66126880073745,1.54136058534132
1.69055424046075,1.56426619803614
1.65034940235703,1.54012815021231
1.81265693480648,1.70984771331627
1.53489801544364,1.39934559042994
1.66744570762311,1.54104810608731
1.63341058610137,1.52967665035014
1.80307338174624,1.68941315364935
1.73737027498261,1.54365161813339
1.43806950181771,1.30197234963752
1.36667547096467,1.27092808499906
1.75819183887467,1.65028229114173
1.87360681428412,1.76218759782589
1.2497305853259,1.14170982631768
1.5013149589473,1.38973553250649
1.8116328704992,1.65454764448355
1.57169052874868,1.46441390931658
1.61298761437931,1.49437659617874
1.43722686232768,1.34855792700851
1.44709989523177,1.34531748766033
1.70470339178438,1.57517826644792
1.56978268358184,1.48131500242359
1.87506512583226,1.75150481498161
1.56846652046521,1.45721593401429
1.94374169369733,1.82754390349165
1.53284166829667,1.44180124796541
1.74307951873436,1.60845058654332
1.64313894160448,1.52845813175339
1.74390238167927,1.63249635375927
1.47503509952436,1.38259702122045
1.88892142388523,1.76615492031142
1.72927707766058,1.60745774224336
1.64783523137926,1.55496709492408
1.52243316611531,1.41227283385503
1.43454693968525,1.35441204880165
1.81911310224977,1.68671933431183
1.47529738554052,1.34751713241968
1.89873409549093,1.76662463404972
1.79947056525763,1.69031139983933
1.50130277777979,1.41743904371316
1.5285426912987,1.43182643748671
1.43393608611207,1.33917408700031
1.55244434285184,1.45686943996577
1.65053104935184,1.53502380404128
1.74126250781022,1.63899129710633
1.75762729033502,1.67622151818273
1.52207842753004,1.38531610671794
1.55879374296585,1.44389944082015
1.57496933113715,1.46281620910424
1.2382054455537,1.15875093881824
1.61169730332212,1.51283651708137
1.69339102977309,1.57856086033307
1.71802821895544,1.55885106712503
1.69591873808559,1.58658837502304
2.02703824288082,1.92077685413888
1.82545573966368,1.7139769006128
1.57547470152898,1.43802662028552
1.86778206859295,1.73821177137442
1.66796505990323,1.55107598540224
1.42434577420201,1.31511894775894
1.70744417761933,1.6113966333843
1.51861550888959,1.44890107179242
1.959131380944,1.81680803553865
1.68944924636296,1.58081098644304
1.24196184802566,1.14067126971354
1.60433944343583,1.49370800505941
1.6123216016984,1.50727489487351
1.753990837973,1.63170458909838
1.55503834193147,1.45896731586048
1.80066880289034,1.67924957559084
1.57800542423914,1.46831797772401
1.48740627277762,1.39280707500967
1.63743261925903,1.53166443622191
1.44609937877088,1.35098600899664
1.70303589267131,1.59699287685492
1.52816711198551,1.39669712775469
1.5416153103851,1.45680696853869
1.59609249297835,1.4926873960601
1.65621174908028,1.51348712682741
1.54114656294482,1.42668158818048
1.60648598119185,1.51044450551783
1.30209637862206,1.22116236753263
1.33374410021636,1.25075728427447
1.53704440778574,1.43232366383329
1.65295189453381,1.5508636823967
1.48393157525331,1.39440686288266
2.03968245636981,1.92637423342388
1.92621517603997,1.81023154436722
1.66113835984589,1.56074486819416
1.61491146517539,1.51505168131258
1.44005332585966,1.33722241631154
1.47061549945087,1.40152605202706
1.75137814459385,1.59006683238386
1.63375634384308,1.51827334864048
1.65471390341236,1.56704546219986
1.74232373821089,1.60354659477061
1.41935695349964,1.31665746554978
1.38738658653463,1.29285913242596
1.77920450253997,1.67336736859354
1.52089349931159,1.40421841166226
1.61872868448899,1.48848566554855
1.92069534769526,1.81185212665961
1.60140021512982,1.49493670329624
1.57429848318684,1.49062638692515
1.38026655459549,1.29078662494648
1.53229677326248,1.42676636529714
1.62481175311302,1.45273851310307
1.14590809183248,1.07863229406605
1.67150415110029,1.55998399343221
1.5787594206752,1.47266998757881
1.42636134700647,1.33069687134078
1.76405276398769,1.66166759403185
1.73851668105377,1.60980708472333
1.71974543697112,1.59583477635616
1.45797489091334,1.36063411230684
1.49346629195623,1.39170794598434
1.6309611006683,1.51346219753824
1.80117355303645,1.71045862990791
1.7689002838072,1.67013110325719
1.78368341431922,1.66195615643309
1.64092251543413,1.51215378343336
1.60454637231666,1.48989583711745
1.40808489417368,1.29707369011631
1.86233077967383,1.72655746096971
1.57808048783289,1.48269459352715
1.74930137315508,1.57877498225536
1.66572612276947,1.55239829342438
1.42176048749343,1.31519791615822
1.67981203401183,1.57809376671748
1.51822862419755,1.38902612951409
1.49166845130191,1.35150186073073
1.59962611790833,1.48179113693624
1.46488943511606,1.35135209829355
1.62455723719857,1.51985070351922
1.68741543610965,1.57259337930579
1.44775386799536,1.34293896119907
1.49168678423259,1.39738429428934
1.79211849389054,1.67885361623683
1.71289465491233,1.60274160838633
1.60000000487886,1.40797285508923
1.73231619231582,1.6256485180539
1.75328888257816,1.65828648899206
1.85598060772479,1.75302091872666
1.7745638861124,1.64096112259157
1.81797761879975,1.60295464660086
1.7687909437469,1.65407913170736
1.82715251181542,1.69112609424139
1.73572956229941,1.61309685951668
1.5263737498139,1.42115770533972
1.65471193742787,1.52832788154688
1.64306247703253,1.43641744774488
1.78454258725702,1.65714900660934
1.70184209866481,1.57800398925667
1.54846248655816,1.44721722097423
1.75209273142697,1.64837918240062
1.60307152893704,1.49945703948537
1.39864455763947,1.32098146908069
1.74641268110627,1.62217215249725
1.71545809555733,1.62038196802025
1.76164869579712,1.6365491179745
1.57080001977161,1.46907189929919
1.20712207023724,1.13237562927988
1.50290177514119,1.40079257235192
1.5724586332805,1.43788476247826
1.66185379917569,1.56285777590084
1.64734822385684,1.52431226207443
1.6394627251176,1.53617204419021
1.77776264189182,1.62832088135429
1.73528146922367,1.5935518429163
1.68510124875089,1.5681420467903
1.42982640974804,1.30702996891024
1.35153294166223,1.25776113550915
1.62212261904452,1.48578233965775
1.64054790284107,1.5344773778227
1.53975825384558,1.43094616677915
1.64939780157116,1.53109522527608
1.6896682244777,1.5811592052999
1.95038194688155,1.84414246776523
1.71979123317427,1.60942168791574
1.81350537260552,1.71335142482914
1.73845888413439,1.60959398480205
1.64111938512403,1.52221725057447
1.50560894253627,1.41338791220156
1.58540478550238,1.4840829943509
1.96325338891088,1.79273886140702
1.71545198683078,1.58977741267469
1.65743224572523,1.53874516184543
1.4984035133057,1.33678931071547
1.41162162041435,1.29999133949248
1.80055515079354,1.63552610055382
1.4968617942325,1.38183823854362
1.68658661694,1.57115212183953
1.62463792898732,1.52726778588748
1.72449914158084,1.62442751347431
1.70442809992888,1.59384582268662
1.5746511388557,1.41657479059692
1.47468237296244,1.33507798216278
1.52266396017079,1.41867286411121
1.60818876576479,1.47968364909003
1.56459277982674,1.4547876793177
1.50994487495353,1.4183957271271
1.89778424316975,1.76183348053125
1.54044583642679,1.42402349994095
1.54718373798781,1.44862014395813
1.64012043156629,1.51687885771516
1.83394349471904,1.71433652048576
1.6493319099734,1.54838279991214
1.81257340251103,1.7064558816659
1.6500670165349,1.56145729374388
1.88680453337723,1.77037948020883
1.90998552649693,1.79056305313085
1.71986271151691,1.61522293415493
1.31694807239872,1.2367259638704
1.63373714873877,1.461872278405
1.68275219779898,1.53803925504712
1.53011590115336,1.4305380340949
1.67792218793957,1.57110932013962
1.39289058841101,1.30041552171148
1.62325908940925,1.51902746948086
1.80293663876638,1.69343852992105
1.61257072374909,1.50792423905495
1.62986705449764,1.52113227608375
1.62500159484167,1.51926330315275
1.67701300101347,1.56339600547897
1.51348087470906,1.40073635287811
1.38541302411878,1.27696552228492
1.41990802784467,1.31410790325453
1.65669555707451,1.55798560645741
2.26872926396627,2.07531675778811
1.75007011137893,1.57736969709948
1.68659425349976,1.59863038509925
1.43848875261971,1.32500043512029
1.94269402453203,1.82050304683568
1.48191534809113,1.36464005280923
1.77891672819031,1.67146911559105
1.60452661840288,1.50086580797225
1.73062979931119,1.55174160104906
1.60557208374931,1.48542216347679
1.85710630432937,1.75661623375877
1.53870806898509,1.42578953749598
1.53830301752456,1.44114004852023
1.53576096171076,1.41878279100155
1.8347616874389,1.7189543313481
1.41446137221802,1.33155320954936
1.68502356263017,1.50395614689706
1.71241131714503,1.59047201424211
1.48947979174805,1.373457563927
1.80869754496147,1.69668903549108
1.38497597395621,1.30365825060604
1.49114528431549,1.38991153651294
1.27474450390429,1.19104914241675
1.88841888180334,1.79240527330138
1.69056552229006,1.56884168362797
1.69303844853867,1.58881764931688
1.62971621742293,1.53508628723128
1.50659144835005,1.38180802213228
1.68607744674078,1.58412139947545
1.61456902226749,1.50678199021797
1.48103292181097,1.38443881897681
1.82662156490395,1.717739124617
1.56110100356839,1.45432670766379
1.51611001548506,1.42903208245227
1.68042246826061,1.5632089128025
1.57865313406335,1.48432814256761
1.47741109268362,1.38467293812328
1.5949591224281,1.49223305212094
1.82007288726369,1.68050902278255
1.60736610369676,1.50718732982019
1.74291422116146,1.64572036217805
1.87969240523161,1.76201912653839
1.8201310004838,1.70869894976363
1.75082080085466,1.65020993646043
1.79436704087926,1.68501462010118
1.83741268398553,1.71601303361915
1.65250305082154,1.5589620190159
1.58865926900848,1.48691955952187
1.66581345694525,1.46463525870761
1.63804393220339,1.53496459026408
1.82325284670933,1.6935536225046
1.44618730087236,1.35101457765491
1.62518515516734,1.5225600231276
1.76597449429913,1.66524834111136
1.6335006508664,1.53341076734529
1.80879381557306,1.698305891889
1.77900758812209,1.6623252440207
1.83911337014076,1.74193964857946
1.39751711482258,1.2917440938441
1.77204983081408,1.65825539078492
1.57223995117882,1.45335233982221
1.74588409005463,1.63688465812717
1.65867197281528,1.49928177944672
1.61955787985073,1.45839673915365
1.53192034978444,1.40194807763537
1.81348423688626,1.71708866546987
1.80887107722414,1.67488384780225
1.7158895755914,1.60487307047259
1.4478963330469,1.33348002377708
1.73192021613077,1.63347089067484
1.51556155134796,1.41558077503889
1.68865256104368,1.57915599128057
1.88589123734102,1.70964106921285
1.59285969899513,1.48758864769405
1.72109105603186,1.61798817118635
1.58268397487966,1.47207369880878
1.39735369231239,1.28749805167286
1.17911068775129,1.09096568336966
1.48774341489186,1.32767546935718
1.42767575756951,1.32875489716756
1.71571682214705,1.59831477513237
1.73763649644833,1.61940216634069
1.42999254689759,1.32157875994063
1.47801539915964,1.37192874271348
1.52485948485401,1.42971700942496
1.45920205350908,1.33511746712104
1.59032114776322,1.50818336527946
1.72344961483823,1.62318098681135
1.65484484050718,1.53476772860823
1.56968482250689,1.43495239548882
1.58909643757989,1.49897902005452
1.43118271172166,1.32133347882062
1.88186489385802,1.79508451987912
1.86079299594778,1.74279768084134
1.52746605521285,1.43985025080767
1.71805478294035,1.59252907203409
1.53405992719758,1.42249990503265
1.79776290676002,1.68979798812392
1.62677873877839,1.5179079758862
1.75074353099694,1.63578789424515
1.64818513248214,1.53443669534074
1.62563527299116,1.5265097158221
1.66803923253885,1.55692520804018
1.69563856549805,1.58958369644658
1.82013088865576,1.68276647871779
1.38739731999957,1.28785205776896
1.77910151868633,1.6652357421455
1.58373926675412,1.46551472996672
1.45502297390765,1.36086664001254
1.56702944282934,1.44788314368824
1.5349185671853,1.40879861328271
1.78479955603279,1.66893639145618
1.59373113777371,1.50200977994224
1.71548586889724,1.52368718074311
1.51419437426213,1.41994598094498
1.59767857455111,1.49477852503682
1.74141783081539,1.63575127405031
1.46784106574036,1.37937520368949
1.62896077188622,1.51176590027444
1.65106918928426,1.53679543604041
1.77792788721305,1.66989782158519
1.72629154769698,1.61106324535813
1.45928410562955,1.35667063328634
1.62643457663093,1.52072080836108
1.53428869763173,1.41650784985711
1.66129108814767,1.56511813953252
1.57627172258218,1.47746510119218
1.41356562122397,1.32173104935692
1.47015041393383,1.36577263393581
1.50714479219576,1.41983966978149
1.77171486182365,1.65947341872849
1.70271781091655,1.58212217846251
1.54451192189499,1.42997186261836
1.59404626789163,1.49906203444879
1.55956706907391,1.45366065911088
1.49337970724375,1.40018753470652
2.17087237728089,2.04915108013403
1.67452504913297,1.52844411868054
1.56076244083875,1.46249797395014
1.64838883026599,1.54695382801926
1.76732052332228,1.64385343916846
1.74382663807578,1.62606060875853
1.66826783302284,1.56995842018272
1.93721598646641,1.81216091437288
1.63775390054952,1.46752162978367
1.93661487741797,1.82968350805271
1.34704672079792,1.20879083640464
2.19868632001427,2.0942746891646
1.60417762380059,1.47855857873489
1.50115708910136,1.3701032273871
1.64921851797928,1.51688399888802
1.55045434787831,1.37932803738222
1.4546822353127,1.32550845244071
1.87439034413556,1.7430705908511
1.76341920184444,1.63476633247296
1.49636306399392,1.40185248813396
1.52985230341944,1.4115515333505
1.53224737759904,1.42893340271368
1.72975778256259,1.62648958162936
1.50562174877054,1.43801765948995
1.52309416486805,1.4297048482264
1.7672650866548,1.64799356055608
1.55632816555101,1.4465858860694
1.50767520458484,1.41100101709676
1.77703713195141,1.67427930248737
1.44081865451307,1.32843985749223
1.69937812358087,1.58204493165291
1.78059189678718,1.67926524903685
1.6139931671338,1.50301208753526
1.5820308246173,1.45660006184314
1.94885863134234,1.84895469810175
1.46450935364096,1.37265302554682
1.62576956568955,1.51215693492756
1.57898199834353,1.46366341289849
1.86846569207471,1.74966242987849
1.46080890912817,1.39267906135876
1.52478306118369,1.34929557746545
1.7421354491406,1.62262332539026
1.71060977881311,1.58290359913552
1.72396023955086,1.60361718666668
1.69114232907796,1.5937006465031
1.86727319436489,1.75120756684478
1.84744215906701,1.66721011572938
1.73740157810944,1.62343996492901
1.90725983732492,1.78521802447214
1.67703522934445,1.54848685519147
1.6005146737622,1.49044843487751
1.8130904293295,1.70277347171592
1.47618193653247,1.38564644629194
1.46846662079475,1.36649185664801
1.19078210695407,1.0919508351695
1.63800116159307,1.5353427789456
1.45128444369533,1.35676501347039
1.50071677875123,1.41333951503893
1.47044288014649,1.3689079125982
1.64018751179603,1.52154637563508
1.74765884244124,1.61949795075179
1.74364936048426,1.62268397616355
1.93827433527286,1.82876735117848
1.76631783972445,1.64820137842637
1.74399799115947,1.6424942296603
1.78412863122994,1.66543823220638
1.83507562071029,1.70308284419212
1.57041937447824,1.43984897202287
1.35964091561049,1.27026528301882
1.94600751171548,1.82661981769873
1.53687567839592,1.44757443131454
1.72350726818609,1.61500071852522
1.4392671536283,1.34225689294993
1.71120382139528,1.61300169002153
1.7129762170286,1.61161044805455
1.54686883624099,1.42227060764898
1.68103232095797,1.57477134021459
1.75168181264678,1.64495610146121
1.57844800871908,1.47984596541798
2.18589409225585,2.06505110289915
1.79229011902132,1.65880982511595
1.70639871522875,1.59340832404603
1.92159457200979,1.80820275726948
1.84068834921956,1.73885096899026
1.56620678710593,1.44484987934804
1.89566715434664,1.79517794421415
1.7402064154091,1.6210606390157
1.71794383845011,1.56522514144008
1.66415280585537,1.56033724014842
1.67029122010616,1.58427434655338
1.68598767675442,1.57590686285263
1.49703304119095,1.41042427876608
1.51699094009461,1.39882996001656
1.7127062563443,1.59260689280886
1.54840155556562,1.43177881284133
1.70014516414167,1.5814134444261
1.60545443338991,1.47977879087918
2.0415650926615,1.91230781644656
1.48662392877507,1.38886482847411
1.93118576338449,1.82703567683114
1.73055705746715,1.58969753735006
1.43303449215705,1.32661541083143
1.47051649841052,1.38454219651647
1.86632356994619,1.75554314037301
1.58078566224092,1.47309928737293
1.47478520874021,1.39309230351112
1.47016017214007,1.36891263699689
1.43153009470264,1.34554976047205
1.43195079769015,1.31490686051251
1.88074722636949,1.75634822579025
1.86632364946567,1.73741514049208
1.79787869152281,1.68476983519616
1.6034143355549,1.50635915242384
1.35399028723842,1.24125117785915
1.34518193529801,1.25823492122723
1.73092760775023,1.63172147196741
1.66196851944216,1.56124810197141
1.47626793161533,1.37211779163638
1.65408649926703,1.54348669861157
1.83964494036062,1.73564400413532
1.76693572700112,1.65578109475704
1.78687131231954,1.68372844278999
2.2285015034757,2.10655493740374
1.55861279513172,1.43050034807002
1.6231611856536,1.53423216513745
1.68141564675839,1.56897452973094
1.62932117432461,1.51387007725895
1.81960940403721,1.71328483660529
1.91112059259504,1.80261303478262
1.66299589641424,1.56240782647144
1.42044139676362,1.3418908684816
1.38104042107248,1.27482909210754
1.78428145709203,1.66253801147352
1.51286919525173,1.40586657533659
1.52036596341645,1.42501003977972
1.5666811609474,1.45675250340402
1.59813356436903,1.46580679860948
1.95349282281945,1.82097430773702
1.50577667774559,1.4017405750237
1.47792699600825,1.32098277036036
1.35287345004946,1.25507379400054
1.64688479020906,1.47961042619755
1.54023566035155,1.44618512669912
1.66608651604954,1.56415555970226
1.56060950904254,1.44253990861747
1.61378752992118,1.51683053163359
1.75677871834782,1.63959818839222
1.43335553871871,1.33388466448643
1.51670332630521,1.38394778532118
1.5661773427803,1.42899392218671
1.75317716414434,1.63971264683509
1.72620354368562,1.61266825203682
1.58445736712645,1.48117519641447
1.44838076176294,1.35006097886765
1.56865851516241,1.46449774996583
1.76141664289177,1.65067108042074
1.72823935534379,1.61355021425447
1.50132477525082,1.38330265100011
1.24026804840908,1.16291290754712
1.78126377874633,1.68021280109016
1.74192731674069,1.60477612693473
1.51087847662601,1.40500589120355
1.43987232357925,1.27672346710842
1.71349535734087,1.58516467886178
1.80317352570079,1.67286127020818
1.80613235977141,1.67703063150562
1.67391879197863,1.55421816968193
1.555286441387,1.45098170410649
1.58369629480104,1.49011159987124
1.40716184253936,1.34034771909603
1.54407632669663,1.43054049731309
1.59971113097623,1.47259717914231
1.75567843553296,1.65734122561589
1.83839246660525,1.73881307874161
1.40628860589471,1.29769413448929
1.55400040092869,1.43173556957613
1.42326792585307,1.32631335223436
1.27597445192462,1.19594206846011
1.70760617643334,1.59746582583819
1.87646931867226,1.74166335611341
1.68016292918991,1.58794840325925
1.57642068196241,1.41248814263733
1.54420024849658,1.43930934806034
1.80298097866056,1.67291349053306
1.58217173107336,1.4665479045909
1.89609901531527,1.78559395104716
1.80980037414143,1.70360505417873
1.72310787724982,1.62411731262141
1.71928076055339,1.61489821879599
1.29785716010102,1.21996934741657
1.68807178034242,1.57842884441191
1.69206870539674,1.58942711729199
1.71275719846716,1.56936322147761
1.67350218298959,1.56605414115379
1.67976199109891,1.5691878014283
1.559990031577,1.47050546243886
1.72657639299001,1.59854351244059
1.73579659226637,1.6207442079805
1.34709613909598,1.25420521723511
1.57793411654142,1.46937070936591
1.51466138019038,1.4028227886715
1.5934578176588,1.50993517792758
1.56054251494348,1.41522572284218
1.63244294801456,1.49551780995561
1.54370825684885,1.45814766875742
1.77502213899543,1.65281795755726
1.53512600068031,1.41436582019347
1.74901690248042,1.64367838753156
1.66384759410668,1.55832245275551
1.71030952534941,1.60788767163557
1.63925571593661,1.54002970125979
1.6076915242055,1.49061137500149
1.85694306691808,1.73459554661407
1.40703932370319,1.31403266515289
1.64968462585096,1.51452296466355
1.69029414425282,1.58731505415222
1.65910713845,1.47587248950286
1.66494609559495,1.54974789453534
1.38280527634865,1.28275727623894
1.65817832940538,1.55288335338162
1.53968043718302,1.43697955407648
1.60205831650292,1.49596213623749
1.41795306386775,1.32436379284777
1.33229583049473,1.21529383389483
1.62912190601095,1.52132201176845
1.80674688864689,1.69285004905757
1.61829162457526,1.53913255485911
1.48629479765109,1.37721236738932
1.76334418344599,1.64703563580075
1.56264755677096,1.46396600098062
1.58866345355149,1.46909980473578
1.52773938610291,1.43719729765769
1.67349802417402,1.57702537998123
1.62915789811045,1.49597220598089
1.49625713432757,1.39988058673617
1.57583757032169,1.46783631649201
1.64211184757148,1.52590072898976
1.67037892688335,1.53989075586813
1.93709956029901,1.82733250151957
1.79761186156835,1.6691303930485
1.72265699130681,1.62015238169201
1.87577126978285,1.69442796825531
1.52090603881959,1.43784496079361
1.59520413190506,1.47925247156202
1.93169616733412,1.80108174836159
1.76592895841401,1.61306281047935
1.58909385261897,1.48466738936435
1.66095454571127,1.53639609524768
1.3481759557489,1.26328464929365
1.5563395467093,1.45323452379016
1.5594475807768,1.44586319309162
1.71019865412162,1.57884740426438
1.67221178366645,1.55339026585802
1.70169113690162,1.59884579207072
1.53972797542409,1.45692559319571
1.54286086479049,1.44357061434705
1.45798136845835,1.30655568564632
1.6982971646566,1.5730554556902
1.31517408364994,1.15280129123057
1.62289489991823,1.46854042087079
1.80653536014387,1.68667846230269
1.43064724405986,1.35255957048742
1.82821583986577,1.70185655266951
1.56364876685403,1.4466294379416
1.96418729753316,1.82151993966535
1.4085622713145,1.32737871469793
1.45352686752078,1.33998736309681
1.48582758085716,1.39046183851196
1.75284422678676,1.65960290127552
1.58875885046731,1.48203182058773
1.67840355266587,1.55987842710983
1.59532968547719,1.48418013668437
1.89952640589238,1.78364746862071
1.50467751998219,1.39757396431312
1.46610141564835,1.37119198725632
1.64974089326234,1.46852509084446
1.56657498579536,1.45866227928904
1.74774028404764,1.63361557968649
1.62070373429529,1.50981687005635
1.75279561157427,1.63756022415494
1.53215977367519,1.41499938294946
1.43792674675453,1.32182547329319
1.76933884389991,1.64736817752649
1.77281031034689,1.6601582285912
1.44275140508537,1.32193000387888
1.6323364535904,1.53510526605782
1.72321725061499,1.61017583134234
1.62218358630608,1.50668617711118
1.50575752866671,1.42605451992267
1.68406465429664,1.57242021058991
1.65529377990639,1.55478629374088
1.57081899591415,1.47187632859408
1.72888990355358,1.60940153900265
1.62306126209208,1.49684363044167
1.46125558358459,1.35101097073718
1.82586441393512,1.72241986000162
1.70931314740831,1.59591363233122
1.68024288614894,1.54733095292521
1.83080638429472,1.73180603319421
1.4499747506529,1.35030980049612
1.56786473296099,1.45306692941104
1.58062073366208,1.46790979638564
1.64625584991048,1.54261715304503
1.38744179296264,1.30441932013772
1.51061359134541,1.41043986179096
1.71432393804058,1.59049469845732
1.74690875731859,1.6200057040144
1.75985033070022,1.63796525095566
1.55919552100381,1.37564814453691
1.52385120006929,1.43638688273382
1.74829320701992,1.65136565144229
1.49568762792878,1.40804506790471
1.46749271621775,1.36334139406726
1.53350053330411,1.4233701234409
1.56607622113029,1.45665269743128
1.63989230848045,1.52363634085754
1.840573014857,1.71785951169304
1.50226639275281,1.41086891703921
1.50427342566187,1.35401114382871
1.89312224607744,1.77635028259857
1.35870702930338,1.27163735713884
1.57037814980095,1.45859618641556
1.62011316133107,1.53041110192209
1.55423766002501,1.45070416075176
2.01315895746277,1.89379609424859
1.64822900180998,1.5346299226383
1.66512998666784,1.45312935814255
1.74102997585013,1.62265133123195
1.53130858073142,1.41006741102686
1.34157849156525,1.25401048594851
1.6468961952102,1.55482875355907
1.84117051724838,1.71279732205613
1.59925975890348,1.47367150271283
1.56032267793491,1.44644259817104
1.66039428879984,1.55962117831198
1.6003322752417,1.41610824005312
1.60887253331263,1.50985190828644
1.66796999010059,1.50284273742914
1.65337960961794,1.54900117357141
1.54045258002806,1.44150890625232
1.6466798333819,1.5424447649191
1.9037231292028,1.79617157244948
1.66311758183158,1.54877764539889
1.6926368591453,1.53273867254178
1.49382746197155,1.39735265930076
1.74452922311454,1.63333157204642
1.77493941888592,1.65599859197303
1.39806990608515,1.31646366121335
1.51692628227597,1.42178483487849
1.43073095652579,1.3225860715914
1.61390110207901,1.49557469607954
1.64188424042418,1.51958644777019
1.71250201325302,1.58902853911042
1.59467645457754,1.48270927583699
1.37517462948219,1.29586806847753
1.36590887832353,1.29848274976577
1.66147919129084,1.5541312180273
1.57576159806959,1.46374590755677
1.68451273250328,1.57387298905464
1.76558620455994,1.66088279770827
1.43956998382491,1.33810023402848
2.045143009639,1.93453185161525
1.41250090314138,1.31309343486867
1.79644149396349,1.67536288302173
1.42744448579343,1.33104435388948
1.44869913986892,1.33431844701901
1.82876866506169,1.70546505976006
1.83749053498881,1.72118121596316
1.64330051485967,1.53353390757147
1.77047023165482,1.64072648562016
1.66573554281566,1.53318307512796
2.13192113852007,2.01230019878441
1.736149764558,1.63084671264288
1.54371903682634,1.44362067799094
1.92123485422358,1.80614540083798
1.43381724129113,1.32529535452693
1.928003680017,1.81732186366502
1.58170733594193,1.47796554201389
1.67907092243222,1.53772171874608
1.42157907732859,1.27714873024425
1.7943296647927,1.68082565564117
1.77453658946107,1.65841386603758
1.5868677004711,1.4870713248886
1.61614196479929,1.502604241673
1.6921272235103,1.57628289881464
1.48054602157686,1.37386253140419
1.71566624987894,1.61201501787711
1.76789927634813,1.65835346148582
1.46625914559646,1.36207166609429
1.55679274707485,1.45947606058563
1.50025465729052,1.38509370953805
1.61947538097898,1.49761272658106
1.97965151216371,1.84749067212814
1.92232128894778,1.81805710395585
1.65811815005898,1.55314515457888
1.8376245128756,1.73406963327361
1.56508321985022,1.48931502547672
1.56836159355375,1.46015574927441
1.87220510234783,1.69953515571236
2.01784865851329,1.88689518986497
1.64950792963065,1.55388165178422
1.63929741944249,1.54316215992096
1.66798637565841,1.57321972426442
1.81853406420406,1.69968110018814
1.51025041467248,1.40466968687073
1.82722625793246,1.71428936398381
2.24741626977332,2.05098079988594
1.47757336229265,1.3926165280112
1.38935024339277,1.30616387308052
1.48885561946573,1.3693330888507
1.47466607883719,1.36410210161676
1.60534625161712,1.48727522625664
1.59715399621694,1.50099563490857
1.74871568045806,1.64202621650448
1.72899623122422,1.62399463393289
1.43598974570604,1.26128999457113
1.66192453954601,1.54840248343572
1.41690044723582,1.32941987772956
1.78597000748516,1.66277957627852
1.48590077307018,1.3421630098742
1.45965674701134,1.35703590610189
1.57318923200542,1.47851162115342
1.63234813306009,1.52123380060595
1.48952375085949,1.39273628204891
1.71674141266534,1.54053327956563
1.55208226806798,1.41188614187566
1.78066086022912,1.67035035191625
1.69269091124889,1.57629013687077
1.51945249021369,1.39476666418528
1.61173525166459,1.51697276047336
1.74167058935448,1.63261462528427
1.57801966417886,1.46369259338398
1.60452469541225,1.48859139495103
1.58523433974073,1.49197354905318
1.60663077858099,1.49756282823883
1.70413539646262,1.50115757392969
1.52046286981792,1.43554731052469
1.54456102235396,1.42044824640492
1.54882429441373,1.43719504048513
1.85811917472962,1.72970186520304
1.69276156389097,1.57778254852704
1.82937597535909,1.71006550649299
1.38453952215231,1.29442874808405
1.91081770986823,1.80172680773233
1.61838618408652,1.52892945243743
1.51188315900107,1.40979486392279
1.45962150179036,1.34796288791259
1.7570402382585,1.6318277722157
1.46154363993816,1.35144004187576
1.61719920863715,1.4552585307927
1.74892741997151,1.57136333026909
1.47730469220814,1.36690844040605
1.88696784412443,1.76449056115188
1.61623012014231,1.42775746061723
1.38252010446585,1.28772035164024
1.61372982541186,1.50077089077134
1.50138977151599,1.40011637612587
1.49911411710526,1.40421770482942
1.48978967384777,1.37728077244999
1.58053052657619,1.48076454398533
2.04452125983456,1.90880028077295
1.61846515925351,1.50781701133674
1.62870796647286,1.54070030350473
1.82122815207667,1.70812613334962
1.7664547413568,1.64124660729419
1.3743954201903,1.27367711832455
1.73414354829737,1.61784785375139
1.765173227212,1.64586893791388
1.81055688714047,1.69435622739879
1.79115225509855,1.66748153135239
1.47248547106282,1.35636448860306
1.79882796687619,1.68533752217045
1.78491495363929,1.66525663224991
1.61379949665612,1.49688373656072
1.50670078099558,1.40679072370908
1.3459258032412,1.23786893623147
1.49046531298026,1.37160793337049
2.15409728082126,2.02877880836974
1.76782235407789,1.66711860242276
1.80871357814325,1.64888945602214
1.46156639154884,1.35241987610403
1.62848407929286,1.52172172690492
1.80570167840691,1.69810677796707
1.73153789545882,1.61506965480059
1.31241846802975,1.22277481484605
1.60294956219153,1.49719571012376
1.61444334965568,1.50374075276537
1.6043378125529,1.49492070467513
1.27225081937931,1.15643248803023
1.67997145785741,1.52442527966569
1.76860940419715,1.63429805423946
1.66044925945646,1.54917882662493
1.69995258998902,1.59804238298148
1.70939369572184,1.58790887585243
1.68044233455473,1.59586684503947
1.62125652060004,1.52184897046967
1.54151647072462,1.42033592204677
1.74147849651655,1.64156900484468
1.59946478874109,1.51480123759122
1.42110345216695,1.33090209616932
1.63096190566357,1.48129609236634
1.70689598891199,1.51397874489303
1.7346433268743,1.61404545114069
1.77265148055513,1.65170003030653
1.71782719515218,1.59491556469895
1.72445618674242,1.54068463914072
1.57923062200619,1.47921572012166
1.70185854248164,1.56735658474481
1.45732322335929,1.37303990859091
1.50201809448453,1.40269002498392
1.48208106728275,1.39762999093543
1.64280251976295,1.54409381926953
2.13458003202385,2.01553465968436
1.76990722880992,1.67545614929191
1.74835549679299,1.6289301835526
1.56874154662439,1.45769688656701
1.49451415530587,1.4053489038466
1.65812330570229,1.54008757122432
1.66052510736357,1.56980737739439
1.72256045066619,1.58538533531496
1.65015464202511,1.52964842382075
1.77697429863736,1.67312870443117
1.83286763406152,1.70243862940756
1.21076875561141,1.12888409960552
1.76769356860196,1.67045793418827
1.79554913920619,1.6688076791046
1.35026430586873,1.24881210633066
1.75753386626878,1.64750153251312
1.31582083761701,1.22905937174929
1.81153024058122,1.66707896148687
1.79296962887547,1.69023221727433
1.76024572212079,1.64581288258452
1.79537673329253,1.70163706054252
1.84956310880633,1.71862582985911
1.72556095134641,1.62337266551204
1.64429337556095,1.53874761517717
1.8090683170818,1.6678471483741
1.92253836719701,1.80066457142492
2.02040290163373,1.90805660283614
1.54453376106741,1.43736534715156
1.65155882189064,1.54146853547253
1.42284032021805,1.33444466911825
1.565019974387,1.46121833540383
1.64636446906814,1.53927482603497
1.42700502706346,1.32822386906795
1.53990079914135,1.41910563076745
1.86577178573441,1.73458400204484
1.51193854098759,1.39999233980281
1.82578943816918,1.65077823716652
1.54893281122607,1.45901493654831
1.82041783680147,1.65982393765426
1.87693346937525,1.75244471085311
1.58697579460267,1.48804728308901
1.66591111253869,1.55784396814273
1.50112825780862,1.37955642223734
1.76050866145823,1.64234326335288
1.62391109038419,1.53505599765818
1.52922632531789,1.39910381086053
1.80906282104572,1.61603188594224
1.27660420000749,1.20381964319856
1.68700839987023,1.58299264525854
1.32775314967163,1.22858589002298
1.57227028568273,1.45027557082112
1.57479619681392,1.48568035247869
1.9628886668301,1.83715008832831
1.67189036133191,1.56158038416235
1.67358947978937,1.58259605955146
1.76399655207465,1.66337860316921
1.76403907704906,1.64493901854717
1.63008955928543,1.50265273439587
1.68756441595676,1.5668302563465
1.67318636831456,1.58533241957759
1.62430943167884,1.4918970944034
1.5406608013557,1.4201054528336
1.6343174032477,1.52245253201081
1.52324395129907,1.41885476497584
1.36151385786615,1.2423838560358
1.47955856529607,1.37376971093516
1.63805120741033,1.52454921131091
1.72106816833558,1.5628109625762
2.08282734430907,1.96072530598307
1.5203461878552,1.41245463518319
1.50961965174934,1.34398166228674
1.61605020356447,1.49983135511977
1.45815021252787,1.35878712260759
1.52415571977638,1.41949980824023
1.49271997895845,1.39246539820163
1.60167484201496,1.48908557835497
1.38117383211375,1.276785180175
1.64433550329516,1.53118079826762
1.64163793852429,1.5231495449597
1.68309233888528,1.56131302558245
1.71681055266999,1.58539475904858
2.24550987700832,2.09998599085933
1.59705789674741,1.48832186444283
1.660843450311,1.52911866136201
1.50771974795177,1.40070529095986
1.45979300401794,1.35646858179893
1.68214724505547,1.56627595714873
1.54772732941334,1.43081172954361
1.57026398424429,1.49074861441923
1.72485904129202,1.63010039692087
1.71371399701555,1.6020523927086
1.51271571600018,1.39539878310668
1.6604015542028,1.54878634552162
1.84499538597393,1.72570078227106
1.57380682973034,1.46353471773616
1.64234847362104,1.53217592933462
1.64097734725373,1.5393524033654
1.80313214956605,1.68879205927077
1.63660798036191,1.52697285980128
1.5958435807069,1.48548709920416
1.27678134941339,1.19332983809721
1.30211188409025,1.21181257820979
1.69749587657201,1.58550851798492
1.69047434158471,1.57575495305193
1.52999080692478,1.40854871001568
1.67846204911198,1.57055464367399
1.43172630229992,1.30682984167539
1.73885408094625,1.63742716402978
1.57045691869928,1.46688259383969
1.62927301163699,1.51871861256663
1.67934420974395,1.56955950349846
1.91442995073623,1.78907408559866
1.81368956951222,1.69947944793678
1.63012171010991,1.54243581587682
1.68519677742433,1.5638596131037
1.2232987931745,1.14661357634681
1.37106261166828,1.28783131440465
1.56756881221516,1.45922325041786
1.36446648212299,1.26694006682891
1.36882060823611,1.26387197898525
1.60800911336007,1.50567210557503
1.73902423643368,1.62150648968207
1.77038964080477,1.66394754183946
1.7505505071109,1.63819388179212
1.57949626981497,1.39573386891352
1.70778676840608,1.58928034867809
1.66893073918657,1.54897697841308
1.88659660829596,1.76751396009096
1.51057362095199,1.40138391061309
1.64342504610923,1.53545225770254
1.66574864007981,1.56673647439551
1.85664980366119,1.73940923753303
1.41128414130302,1.29507717362636
1.62637452407255,1.52520155703467
1.94204012027634,1.82158744333255
1.77099571174478,1.59288406278648
1.65491179430558,1.55683379485618
1.40514035934855,1.31712946612151
1.7147140448942,1.5935932051676
1.53033954669054,1.39286012967529
1.54942611984302,1.44258321500199
1.60598002812632,1.50685240259074
1.41999665725084,1.33051157905203
1.53839307380473,1.43899508195729
1.68561432631203,1.58086485913259
1.55903750518825,1.44240332788603
1.52248603312769,1.29991199291835
1.69142935210827,1.58438065036614
1.53818107146264,1.43580816750255
1.71746143773448,1.58177644284907
1.49861378257386,1.38331672903599
1.7199172243466,1.62913260150815
1.46761789088363,1.37346145726016
1.2668630909102,1.17587976789889
1.58826960787844,1.46223307184046
1.42419036154509,1.2537830479148
1.77346093490334,1.64816596911897
1.45248467112099,1.27187451849613
1.52709749975196,1.43439254847499
1.57407597725877,1.4247475708588
1.7052161357155,1.52176451523286
1.6060516392973,1.48878949193472
1.85720645069094,1.7361730709997
1.70447153942109,1.60679930877189
1.85855403857199,1.7354872036895
1.63398147160428,1.52105574490031
1.68874128872328,1.57914205410707
1.49338439077855,1.39409499735506
1.82925739139213,1.68640764507559
1.76449775552864,1.65315429263484
1.65924559446241,1.52656655930681
1.53072187941202,1.42494989737883
1.55402587712615,1.42432500930464
1.58586637984276,1.47668550163771
1.40575662346377,1.30221341081168
1.52473026091321,1.41143809051304
1.98894341435723,1.87306512168884
1.60580757989829,1.50025132473673
1.50905912131929,1.42485084553455
1.77750709526941,1.64928389168945
1.44679575243806,1.34858856231726
1.83058754882544,1.73122739221816
1.51146428347262,1.4056134671992
1.54099439821263,1.44430496851524
1.79777109891847,1.70001795793221
1.70514859335471,1.59318788060648
1.7663973531165,1.65058932700936
1.87389820617695,1.76746145212789
1.65461669614997,1.5376694488234
1.66050666925076,1.53975713346791
1.61172095237062,1.4979253598772
1.70227543193933,1.58594985948794
1.77733624830848,1.68306524487229
1.90299179916834,1.77673456375358
1.54474248680172,1.42401404613938
1.28321791319045,1.20157866287666
2.2401969275796,2.12643909228322
1.50678801061816,1.37473498282605
1.70126160530484,1.58783866099834
1.39679715270592,1.30483560660788
1.54628801126145,1.43126996300536
1.63381507429523,1.52973197606053
1.95089448694216,1.81521126646612
1.72841594057726,1.60634706099666
1.6133782772721,1.50388464092489
1.69729467956618,1.59265628063696
1.55958175698674,1.45685437521503
1.53628255713939,1.44169126929059
1.39487831291312,1.32658406872009
1.69042501050533,1.58062834946537
1.53895575693262,1.43308457148559
1.46239820864039,1.28051623030894
1.7292896528032,1.61597710394544
1.75376036342633,1.63897149634148
1.75701066414337,1.65937590289291
1.5963509542939,1.50397566783335
1.68097173844889,1.58932431479901
1.47363290400576,1.36740559455165
1.62824314420781,1.53024475189488
1.7579872317315,1.64856139045451
2.0731806522093,1.96920991707818
1.72870562083596,1.62906356062889
1.45085751624108,1.3320737421818
1.90432513852604,1.78731524063924
1.64232082342985,1.53207928875196
1.88807731543587,1.77525895688381
1.82062323064132,1.70670650284584
1.42546575370016,1.3065160527006
1.4063335322312,1.26402294752931
1.5592466636876,1.4286435060236
1.57066272751655,1.46182400639421
1.60216510659217,1.50407634524336
1.45306828455943,1.35138409535134
1.51921274280694,1.43084888262112
1.40083111673174,1.31914186958321
1.65729773286522,1.54186370568824
1.47222727298697,1.38240596127667
1.74113458227697,1.63509052512418
1.68285491715201,1.55752604868914
1.50631305098525,1.40355833478653
1.67708927037023,1.59005862587353
1.89899640487937,1.76544776304544
1.57693515627588,1.47584185338098
1.53346710005474,1.41283673195655
1.50436244435808,1.3820792633711
1.81245328013019,1.69415472736043
2.09150222361788,1.96287573453609
1.83850319494565,1.73088754944471
1.61783188244604,1.51828580959933
1.90213208447431,1.79270619491472
1.80157026276246,1.65834933553052
1.51910818005004,1.43328179127336
1.48284134228385,1.37927111872627
1.67881988073274,1.57114925096579
1.53944722595008,1.4334457408899
1.75667186596692,1.63540554187737
1.5351242164435,1.43667599869933
1.70532907926089,1.58471124067661
1.95957800077847,1.83730968034105
1.78048483970253,1.6104615769976
2.43324174116069,2.29873176300269
1.67394856499498,1.55542342871627
1.92336414456485,1.78592709406049
1.67381834816716,1.5597600731897
1.6177423359848,1.50274605336304
1.39045026752162,1.30821768186895
1.60133847554328,1.49548936828301
1.45326757801515,1.34961618200999
1.59508195370175,1.50319369095843
1.46664916064191,1.36990168477307
1.72939447109008,1.55735860295607
1.44928316425244,1.34249360855285
1.53766681272844,1.43291191830639
1.68147604849724,1.56360190287863
1.83655444740212,1.65274234288108
1.53159362973031,1.41569268667015
1.72530972725997,1.62111697236756
1.41634477208163,1.33078766685285
1.62903712563752,1.52239772433775
1.62076598892278,1.52418567421983
1.72145820946573,1.60014553021663
1.65852662435158,1.54000731335876
1.73780835650259,1.6110967699838
1.60192303834357,1.48377144091255
1.69486462202437,1.57682377064307
1.7296154441064,1.6227182146482
1.61952394274574,1.52293798052427
1.63597758877705,1.52902573169366
1.83122387062279,1.70365771369209
1.74059174161743,1.63996335996714
1.72500122020878,1.62638637851047
1.66244174211648,1.54522359750817
1.82125349216069,1.65366116231127
1.74486568855195,1.6426328426254
1.61089350307729,1.49231866622431
1.68835451471474,1.57857642307207
1.8066096175569,1.69996252852997
1.8221063783098,1.71102473200004
1.937724900401,1.80727140527162
1.67142586701665,1.54389357001474
1.55765542588417,1.45116416470935
1.65758447777089,1.53951234735801
1.63580988709482,1.54753347741269
1.79590440251611,1.66013815839066
1.78196664424148,1.67025628491903
1.86554598237908,1.76727595415043
1.6800927142611,1.55976271270043
1.56619749761568,1.38860892213616
2.13633415438992,2.01571000628451
1.88169145167983,1.75178200618377
1.6984537961078,1.5691557890846
1.4681720374141,1.34425989326916
1.61439112324668,1.49582292463987
1.59852130114181,1.49541069157291
1.61681271386317,1.49757686635983
1.47128441063075,1.37946485146441
1.72396081172581,1.5876610779761
1.6164045599171,1.50480516476094
1.35081586643911,1.24965680201642
1.58712025932045,1.46692874380784
1.46313494529734,1.35281319620457
1.85333980667652,1.68391521234857
1.65867627384425,1.54943457071603
1.6099646801461,1.49872925660215
1.6754827507949,1.55210197780656
1.65546242068989,1.55524655937404
1.87182834414732,1.75909380532687
1.7005713574697,1.59187787215111
1.6082079538427,1.50553517000584
1.72714151026483,1.62546777340719
1.96955914361167,1.84632411663692
1.54904919762737,1.44166319937824
1.82548296006614,1.70585366512529
1.63096394319663,1.5264088903529
1.66161719675839,1.53829617877376
1.48708813684423,1.39026738825932
1.33094545096032,1.25421185682072
1.38004908461748,1.30259954423562
1.85048058301635,1.71630806611719
2.04942718770278,1.93470542938959
1.82341880730937,1.71608307964523
1.70517116550114,1.60158129567775
1.37023708976294,1.28713327729746
1.71269414455542,1.61368918731135
1.62983818195058,1.53501463617713
1.80876768244693,1.66125380448077
1.59591447743813,1.48226615167306
1.59872326548735,1.49021286889786
1.45288731265216,1.28848101573718
1.65543325083103,1.49546036934203
1.81199181047395,1.69560092226329
1.64856097135992,1.52728789982375
1.6708360559711,1.55762304719652
1.54726699598211,1.44437766559699
1.62118885502944,1.50534756816424
1.60709283184752,1.49985596670261
1.66834778989462,1.57222134129526
1.64605747368957,1.5282472355346
1.50925122325866,1.41183733299912
1.44169024586647,1.26104723899165
1.78374915966,1.66246621454364
1.48402806257596,1.37846016737468
1.64869020984045,1.47208833498859
1.67282322420812,1.56749423412948
1.54733113762266,1.42601518826324
1.67714954470384,1.57978253216772
1.8079028074068,1.68009958950018
1.23839199847516,1.15561134726519
1.61604693880711,1.50331083570903
1.57742230433833,1.45423438970937
1.78952429516096,1.61218137041018
1.60475434962774,1.39099971989832
1.81968692155748,1.71586390032802
1.35511256358543,1.24905602487698
1.86290127808438,1.7531876829299
1.69458677487388,1.59863718983523
1.65893535258976,1.50794968516472
1.6113785633823,1.4910497629047
1.7735684595809,1.68147502699918
1.67409653261307,1.57053685324537
1.74595846892624,1.61019307741903
1.38294289241093,1.28452745147659
1.89139898219775,1.76578193784016
1.56093969144014,1.46045556402101
1.78461998478081,1.64196735028247
1.81326242307359,1.70831605675403
1.74055394823037,1.64289761924029
1.64425787864267,1.5562141937162
1.8957262126218,1.75602518376753
1.58061803113416,1.45587317466496
1.46284165754647,1.37801511637639
1.73445459169389,1.623753358126
1.71904796891562,1.54495965681553
1.68771899371649,1.57298697141212
1.65775974160916,1.53293946501728
1.65335576316639,1.51653449401491
1.45426271446525,1.37899487784158
1.84387761437853,1.71864168237457
1.75089754170858,1.63860885273385
1.54678580606937,1.43062347187287
1.4179495693775,1.31943718325347
1.4602499647902,1.37778408397806
1.75497394950889,1.62635574924691
1.86861907693491,1.7693071311546
1.56780507392917,1.46930735724303
1.76977167383993,1.65055489092549
1.62499376734944,1.50407424404264
1.51672018822988,1.40917182935559
1.62141264852016,1.51916593946626
1.63000390207698,1.45746741488377
1.74828575606818,1.64463459663333
1.60845289937019,1.50833988633272
1.73623615296145,1.6167211312435
1.72533232239944,1.59742691845984
1.66389318011134,1.54669000277994
1.63081050631879,1.4961951649115
1.34372902177238,1.234160694321
1.82251368912073,1.71603218758817
1.62849235376264,1.52740005200821
1.46069680635305,1.35652845661161
1.66172401077595,1.49248672797963
1.55860538803207,1.46248606253823
1.83971765778954,1.72366142498475
1.60378733103782,1.5034319651087
1.84943750728791,1.72759515292008
1.95416501723908,1.85737218729123
1.48804703770136,1.40308836353708
1.41456292410759,1.32766685297357
1.48786718635538,1.39115313104098
1.56475456604205,1.46309068941584
1.34770448512451,1.26163147170296
1.59254583756236,1.49131072032885
1.80006329701788,1.68125566167974
1.88261697165121,1.7706126950174
1.43226930114297,1.32540302529192
1.69075472677346,1.58375871678885
1.58588339822779,1.38455274164254
1.64141032284495,1.52975420467317
1.78220405350218,1.67776051769588
1.64299815607832,1.55707892000031
1.63972812867159,1.51600530132577
1.6648203222552,1.5786362134944
2.01116987487359,1.87335106451677
1.451241108665,1.36688697037666
1.56481516779861,1.45989611743439
1.56486993083885,1.47654280741482
1.71020601675336,1.58822791511722
1.81585903639038,1.69406971856334
1.49926809254992,1.409111010224
1.55296465773679,1.45113517870458
1.77399485420273,1.66643415892984
1.56351618428839,1.44401328395627
1.78079500161334,1.67712608174744
1.68704008843393,1.57548840277115
1.75175129899716,1.64491675339224
1.43084840920119,1.30897366211672
1.6001062759148,1.49155647462781
1.44785584118055,1.33646372355937
1.54584778926799,1.43077269566264
1.36733877767166,1.26617209631709
1.70467656572395,1.58530013686551
1.21857252556985,1.12786328619022
1.55697798508862,1.45509589498521
1.97486876575119,1.85845881288884
1.52427811116032,1.41595654766114
1.72897306614633,1.62133422295811
1.89610867954931,1.79223541523776
1.47914057491622,1.37177565296941
1.55301379261301,1.46716968956093
1.39521308864712,1.30226753494812
1.5026987287575,1.41881697825784
1.66253843620007,1.55047716132221
1.70577550199727,1.59768908263672
1.69786135821419,1.58593791855433
1.63690077070103,1.52036095999361
1.69329023390121,1.54944139285547
1.84102193150735,1.72624079969104
2.18552884248159,2.01473271868873
1.71358731202465,1.62676372692572
1.77822316528116,1.6281525145163
1.43376364310811,1.32305115595694
1.5353337517478,1.43230574028227
1.66011389901238,1.55134668481304
1.56317163189196,1.47124487861199
1.48851756304667,1.39066343179101
1.6319848472589,1.52099748570419
1.58933281373934,1.47283335233379
1.82330827446766,1.70010170612069
1.6495179928137,1.53137103999491
1.67805346787637,1.55970745515237
1.69212546122322,1.56520840290665
1.44906344247993,1.3320778391283
1.46507005064187,1.36662342599149
1.87792460366048,1.70658903670681
1.84687811868587,1.74711234075076
1.65191804781055,1.53003107059012
1.36650159624541,1.27582187549573
1.88773267347671,1.77333196752299
1.29591846259719,1.2013818931817
1.7170856368253,1.58700041276428
1.60908850308886,1.47901203358138
1.79215412518967,1.66097867045773
1.67447142947791,1.57798123157032
1.84892773530623,1.73875564165442
1.69947024348219,1.58299869407975
1.66411157814429,1.55477889089671
1.56315539818931,1.45007860188328
1.49118948752128,1.39043966466428
1.58998290440749,1.50094726976032
1.56902595803699,1.46823762196727
1.27729495924721,1.22387412715675
1.82710649641635,1.72105874695799
1.89944077994151,1.78010939981634
1.44342373299525,1.36844010630953
1.64876008978938,1.54664970512009
1.72039610987902,1.5616999792977
1.66999702881773,1.55619153571246
1.58125561230963,1.46993428960306
1.80727331634834,1.68385361709191
1.66824212897988,1.54956424353118
1.86576620444525,1.74999366686999
1.4903480527906,1.40413796595977
1.43114442522987,1.34235941338938
1.41278857024882,1.32286046303704
1.39169618764834,1.2888629266394
1.82795335960753,1.70632094134513
1.67412369907351,1.56250329293913
1.57096808231469,1.45339253719612
1.51105865525764,1.42066180110848
1.85004795045334,1.73055200881528
1.5984172634521,1.45972441771809
1.41451277462936,1.32705187197259
1.50374498411694,1.34421647447531
1.76068229488197,1.65437862444665
1.47964960501261,1.37807931977617
1.61179146348925,1.50352049668525
1.67718263468962,1.56018056849155
1.88017858669011,1.75359263712104
1.80802723461559,1.69395244218656
1.70212728414249,1.59540895886063
1.32122271098282,1.20640165379936
1.51990419634148,1.4253988791174
1.49548748259604,1.38052807130864
1.51785002505619,1.44452839448458
1.89668901684454,1.75983710579323
1.50642635268679,1.39718982667448
1.93321077899952,1.81294698674162
1.53235328550972,1.41611508651044
1.60140946493052,1.51492046446698
1.54409426126607,1.42934123718484
1.75055591191471,1.63499905132844
1.58862248630029,1.47167312813973
1.55951019417034,1.38094111915707
1.94096398611207,1.83455125478183
1.45721367514527,1.36420917176975
1.67478001874165,1.57474297769138
1.78451719869055,1.67056198764473
1.83275006259812,1.6422060857735
1.33133735275221,1.2326176041468
1.5766913613259,1.46333222839374
1.69298359570132,1.58289426002433
1.98260840392513,1.79752639069633
1.84129939770238,1.69326840086175
1.54677391554214,1.42812071724693
1.64671803526365,1.52846943511701
1.78972691609327,1.68482581640997
1.84632105016525,1.71402734827164
1.91675178106734,1.8019721238482
1.73929463443171,1.61638791974636
1.92142167653436,1.8136848774211
1.74665580035012,1.66253148124064
1.64288590174259,1.55567140739221
1.59123058658,1.48477771374635
1.92546393242247,1.81454165619792
1.853081833108,1.71793241257333
1.65230404085086,1.54678549192811
1.67283927246175,1.55456397514608
1.53106477258842,1.42526835414598
1.75167640403238,1.63885335958352
1.68109631804589,1.57262752177139
1.76592012359148,1.63419447193926
1.44264942743662,1.3465526848534
1.5555083225862,1.37049197500935
1.50217796900275,1.40087304889891
1.57010818367496,1.47133249864853
1.60066944937063,1.50442117773493
1.72930049754498,1.62846336905231
1.78066164926338,1.67233633018853
1.56239753799934,1.43280227657715
1.95679112879052,1.79938598604478
1.79237499691418,1.6590137259738
1.70673555103908,1.59875190347538
1.73080814507596,1.59648616729475
1.66530411277463,1.55773377605054
1.73237207563307,1.62392870196831
1.66013488498486,1.53510365686265
1.90430803578538,1.79724033619385
1.94738188689779,1.82962717805889
1.69422424518264,1.57511847134075
1.52509922444722,1.43527058093342
1.45069530760355,1.32394559850573
1.78087533155764,1.66438929558971
1.42859914538882,1.35029290854148
1.454196732259,1.38959275232303
1.52872041437719,1.38944457647418
1.39298523431814,1.3153221117908
2.05361305926847,1.90883544047809
1.39186951943718,1.28095880895689
1.94989689246088,1.82708018935966
1.6549450103503,1.53804543769832
1.70483596150751,1.57997289513493
1.62096107810795,1.52283055657517
1.86261632303363,1.74918656388898
1.81735178008153,1.67517502832216
1.74791635796163,1.62335560170679
1.55609667614919,1.44958818577715
1.51434081240443,1.38988612730159
1.54846991426502,1.45171956392365
1.69798806006838,1.58808696768707
1.60167426234696,1.48548962628624
1.53282010006066,1.42193477248165
2.00054407884172,1.89112571854189
1.64766824507978,1.55950665862906
1.55119152043267,1.43964055928672
1.41417062983864,1.32959874721589
1.8054127172388,1.68130294906684
1.40768423229048,1.30539812335333
1.77880642273296,1.66283751282452
1.66565431046264,1.55532123283398
1.68518527351015,1.55506573825732
1.80120598745436,1.67314939496727
1.74186084449674,1.64447526583341
1.47266379136731,1.3349408036277
1.41204094918597,1.31066337823517
1.70768989154781,1.50901080216616
1.86854686389157,1.75115126023559
1.54350739905236,1.42513567481907
1.60569356221153,1.47026396168106
1.66303209934217,1.56590309812517
1.75573054650097,1.63492913857641
1.47525223309503,1.37175954101652
1.82119781314313,1.7077052234076
1.38841069487748,1.28946545396848
1.71248696681393,1.60019344754537
1.52506470148539,1.42041559807921
1.67731263362298,1.56827782061158
1.63637227186152,1.53153881205022
1.59098939680077,1.47332408196125
1.64608700203709,1.55069752626631
1.52234778953607,1.40985729233712
1.54970720057751,1.43904257364764
1.9679420344091,1.85325423064454
1.57082741501566,1.46046663845131
1.7966439586166,1.67795217763109
1.72973735432971,1.63241134068887
1.69804105516789,1.5182320539537
1.60752184766194,1.49173685444965
1.83305113012185,1.71875467065217
1.56734165590361,1.4722065382624
1.7006628259411,1.58314897781151
1.62378806321006,1.51945332563027
1.52288997585631,1.40912781318527
1.78347057510207,1.67817924297546
1.64923394491629,1.52336593425417
1.85348425616101,1.731304729529
1.83505956290923,1.72844961994496
1.68249047152339,1.5518383498846
1.67514030153203,1.56870574415719
1.66770157095763,1.52110610712354
1.90658104879543,1.74691716844822
1.40927754528553,1.28770577499361
1.82488313123955,1.71861385127103
1.47647549107915,1.37217961636574
1.80145789246946,1.71004756343295
1.55186220735277,1.45299757705939
1.65813188781217,1.5556437946716
1.54876425658952,1.44782511450735
1.66692137075033,1.5620805817463
1.77677192614149,1.65524896965463
1.61183889690235,1.50329190739098
1.79166396498854,1.65911454019261
1.75151077396591,1.63577391477028
1.83120480380392,1.69559454889014
1.58805278707614,1.46471126906122
1.53449062232839,1.41827102151188
1.46318017577378,1.34297023407463
1.73466429793232,1.61088013841638
1.5848783403913,1.46608134846779
1.9604603640649,1.83321491798017
1.80238335540453,1.70385699510724
1.65214322241112,1.51758760361058
1.64361032692224,1.53021812276692
1.55310667364302,1.37851855072886
1.58126974082258,1.4781665054314
1.68476193988587,1.5790138793104
1.61826856314404,1.51797344375612
1.50969609141753,1.40263457527224
1.66204893202328,1.55669952632484
1.50949093823641,1.36041446174861
1.83193193047354,1.72449697919112
1.60864383179968,1.49355514749685
1.75664419669548,1.64376541093138
1.77640453739878,1.65353496507324
1.89078459843236,1.77257529241076
1.79184766642362,1.6712205352197
1.7857251947384,1.67466260600461
1.51390396461011,1.40493627862592
1.85233536049957,1.7282512741171
1.70335531487688,1.57893904356927
1.6903115455793,1.58015212873858
1.50668309918097,1.38677057192306
1.80009393844105,1.68921265199159
1.83008186779661,1.70349958516961
1.55358896246619,1.44905330797403
1.75909789100714,1.66449306096301
1.72241615374964,1.62873149897231
1.66788403522872,1.55476828587531
1.36053838747316,1.26975776871822
1.55274660521544,1.43322534327563
1.62549862796619,1.52257552668271
1.97810148270628,1.86029355431695
1.84076111462646,1.70157766048913
1.47999532607705,1.33643640750151
1.71912351096326,1.5917215214318
1.90734673432499,1.80728426213
1.68649589124742,1.56767670871341
1.86090115528547,1.69580325746821
1.58386897228588,1.46941409012244
1.70009753066845,1.61327731696083
1.6003502330695,1.48945432002137
1.50916301772969,1.39933028131471
1.75971494097349,1.6455245497817
1.81316034997638,1.70244419856692
1.59584783031309,1.48145142677932
1.82813090264448,1.73787712718916
1.77662935520669,1.66539339981922
1.61442829488386,1.49851668169462
1.69833488901586,1.5807602933483
2.09179890334803,1.91525229692356
1.81072474662455,1.70302958614545
1.85192037935247,1.73060075086973
1.44329461539129,1.3526306067409
1.42022095493381,1.32720336341427
1.41831594260543,1.32134667140879
1.7976681056984,1.69250049289026
1.67290209455731,1.47467731738865
1.54336129065835,1.42751304458208
1.71739098623627,1.59824725003309
1.62565622023496,1.51793996113368
1.50369537293024,1.38786739481072
1.6327107449601,1.51915733660946
1.98853537052759,1.8681180595596
1.73224380075847,1.54739511489246
1.61064499593042,1.46115552401572
1.34290663418252,1.25556138872192
1.64705163597266,1.53693142159642
1.81382289876136,1.70470644154519
1.71859732421856,1.59527347443946
1.82935435255219,1.70990559580467
1.54293909088762,1.44385038831758
1.56097277408103,1.46857369895619
1.42308828417908,1.26990664406711
1.47698720060122,1.36642066657929
1.80627016522019,1.68557723066017
1.65686899554407,1.5007951629802
1.62525019158721,1.51907457162656
1.38267339159416,1.31005068912292
1.55809768711045,1.4545783439955
1.70076331945288,1.59091904706939
1.74322578049749,1.63027719573794
1.51707409102535,1.41392248114346
1.79601358343267,1.67979146217254
1.54432641227204,1.41607156433418
1.62148375947984,1.5219874831231
1.53872567578052,1.4147928291332
1.41890293181324,1.32962849195406
1.44514072003435,1.34888323536573
1.64677677886127,1.54482078323698
1.62523947654947,1.47084461548489
1.65980940400382,1.56607410376253
1.6349896207619,1.51941734248797
1.80637402372195,1.64541765109668
1.54431608838593,1.46367083554749
1.43860455630115,1.27050548559627
1.63636451610352,1.51843217427878
1.9449024512958,1.81132854459918
1.66901007443822,1.55558171007538
1.49906766727424,1.40569107305537
1.51914082445496,1.40983644813741
1.46267920693445,1.3567105020534
1.85123761925561,1.72098938201015
1.54373595562173,1.43247699597436
1.74267007956817,1.63520886125033
1.58257764307177,1.47583190908402
1.7373770666628,1.62900946434556
1.82586893415009,1.72693220862095
1.50692698222681,1.39615330835552
1.86190350600126,1.74864718090746
1.52395749195642,1.44344741136322
1.65814753364652,1.54940496484565
1.86606506294807,1.73407652985248
1.51717510302577,1.39796639836836
1.64133340669796,1.4867495502141
1.58091743835259,1.47862409367548
1.73836921968426,1.62425344964314
1.82801374893518,1.70063924645571
1.8506301220517,1.73570815662658
1.63014050297646,1.49886468650687
1.40031426833207,1.25086524313849
1.77762884670503,1.67518391025106
1.76492125218566,1.65896534485639
1.81704585546419,1.71332466049014
1.59692106125569,1.4525709594701
1.64996904191957,1.52486763920481
1.59140036312259,1.490179773796
1.80465264033216,1.69644143223337
1.67670553883888,1.56150030389939
1.5318885192791,1.34520135629015
1.59741848837284,1.50167536476867
1.33408436416085,1.17929806356788
1.43299418635256,1.35183942126053
1.46920712335065,1.36679447592772
1.64336182427334,1.52459314068432
1.85134296814935,1.70640250561048
1.46157213911965,1.36004542656173
1.74295712283303,1.61475546847924
1.89940362869822,1.78974598187748
1.42717054959642,1.32545248420975
1.89940530624298,1.75960032341614
1.43073475645732,1.30917961053159
1.78356547724316,1.66284417788877
1.58168038582248,1.47691015659997
1.77202781825887,1.65193772999902
1.55463787716659,1.45192647747978
1.4594019809022,1.35628031073784
1.91282672490987,1.79130910933792
1.58786825643875,1.4848826681492
1.73361617872668,1.62208078688138
1.58055739088728,1.43490621249462
1.66737488134926,1.55355998864067
1.74825109972355,1.61362715209443
1.42281019313204,1.33522290184313
1.55524457467458,1.41983355587794
1.57701835235965,1.49608276847937
1.66131348322519,1.53431486148591
1.47781306182766,1.37578449466146
1.68299463496308,1.56381858547419
1.5228238980788,1.41246503094505
1.56091581764573,1.4421450755413
1.65047218056992,1.53900621795987
1.90526225102775,1.7866337005307
1.7201074174793,1.61292068309555
1.99496678894564,1.86428329337931
1.76345881156598,1.64654916070329
1.72463294265379,1.58713965425129
1.96312526039655,1.81792760017322
1.66568131406107,1.56199256659284
1.51583472668939,1.40805489563645
1.56020105202942,1.46476289196481
1.53830821473374,1.42942218812887
1.76717612654415,1.66163286629604
1.5501080821018,1.43749117668036
1.64022253725093,1.53119368178856
1.63888126655362,1.53131784939965
1.38891103051918,1.313844354344
1.6771070761665,1.56573361210997
1.92852127189878,1.79215191689166
1.33622698405508,1.24185505239564
1.61793782955334,1.5028902432927
1.55142068295545,1.48235231769119
1.61846447353719,1.50826227294797
1.63866638782223,1.53226032081674
1.87313890689945,1.76366410299416
1.51728895095611,1.42294251326161
1.53019673026978,1.41609467355558
1.57396291822921,1.45458308636037
1.72169390201912,1.58584199884494
1.63054926508415,1.50145853325767
1.68508679074031,1.4810334404143
1.31729649667366,1.23785199629809
1.50327157865696,1.38425269911273
1.4600104796283,1.35332955465182
1.66576954911681,1.54677042522096
1.65934645999176,1.56305677596777
1.48470651376914,1.38997456485669
1.42473108960833,1.31974784339257
1.98291992565783,1.84238988268868
1.53422874978155,1.41766919631699
1.67861778349585,1.58752691357718
1.655164595673,1.53556793658603
1.75747920708683,1.65575315382377
1.60216059790993,1.51261864618367
1.49921425535332,1.39813847794001
1.75071160702639,1.64432777356154
1.46690104554756,1.36189786406825
1.44016159256977,1.34342584346922
1.76990977089517,1.66826293898753
1.87025468485417,1.74988115285257
1.73175216639168,1.61968575755125
1.76582989887642,1.66015350825397
1.69393165161114,1.59573320840348
1.81358742379308,1.68551787975602
1.73017552595822,1.6252283937849
2.02375811279856,1.91554644946005
1.65188622861825,1.53781752721109
1.6506965547897,1.54919821174156
1.62221225639064,1.43463894130861
1.80293599165255,1.71539474218366
1.86484077537268,1.72827067518056
1.63132763754998,1.53229837892212
1.69475111733877,1.6149834768374
1.71197473927614,1.59573292125414
1.85888101613203,1.71508690537353
1.79507221249419,1.67056084866327
1.68344020655187,1.5595807213058
1.76899744936636,1.62820331230039
1.56812768927426,1.45309028376248
1.66738489098621,1.55133600899755
1.71329182799616,1.58267775714669
1.7787631824142,1.67275791941738
1.38756593292043,1.30482119628566
1.50597774880407,1.40116313841182
1.63328077758439,1.49053759459271
1.88829555177869,1.7720852838141
1.53587180360997,1.4304956879143
1.43903094375057,1.31336391542601
1.75729969082858,1.65451919214676
1.70763796798265,1.5880193470272
1.53527185749724,1.41707670699802
1.69847422275158,1.59811776843413
1.9179656104211,1.82890612777567
1.59677772510087,1.50290962596211
1.62105427786206,1.49454241923573
1.56871715990168,1.4927048851808
1.49840136631943,1.38222603117975
1.38703119534324,1.29263051766331
1.96446018853519,1.76167939837736
1.58199850836398,1.47795631635895
1.5233837354638,1.41662559504432
1.65974765984842,1.54072473703818
1.22391912812417,1.1388996012407
1.80006582583945,1.69006458717072
1.7538062182326,1.64297881627905
1.74583817083035,1.63441944272961
1.5307045625427,1.41969932607359
1.60839084106178,1.50524685591367
1.45603498087519,1.36009774370393
1.66236091712477,1.55553947715489
1.69328912564463,1.57226421920272
1.86501806650878,1.75116984454201
1.51194696600583,1.41423635354135
1.44447136639883,1.34137400557712
1.78439547135429,1.66890326301165
1.51495195863982,1.44640979392768
1.55569648705889,1.46560303812654
1.99112197307395,1.86616791069832
1.64584924060667,1.53015680091323
1.70284846470513,1.58974836073655
1.74911190807829,1.63383085641468
1.82789592982706,1.71950151258041
1.58753650286063,1.44263210917202
1.68951500493965,1.49818939452633
1.85845527838414,1.77161358452362
1.46522673924352,1.3493261615841
1.48522240026915,1.38054778789375
1.83136057211799,1.70763270988976
1.72098802117767,1.62960097283292
1.80255509887225,1.66883490697379
1.42293665019606,1.33239350850339
1.67082855133173,1.55471305308616
1.51253488136361,1.40009358066564
1.75030186021739,1.64470214595029
1.5393675920894,1.47898453949532
1.6392072140977,1.53952802062064
1.55498696876342,1.44523144308929
1.65043566183275,1.5451791016531
1.64007730689676,1.53388249102432
1.4286050744651,1.30623966924699
1.63319638974098,1.52128475642789
1.87876053728961,1.77158857604554
1.67807821074804,1.58778598545327
1.87307302554307,1.76605198329024
1.70662662966242,1.60700207841414
1.67677362304916,1.57660559469614
1.62170434611854,1.49955083807618
1.47520849646317,1.35659254365733
1.51861375645037,1.41337220496905
1.67874655424035,1.59288298072765
1.40269990695434,1.28844814886417
1.66349196714553,1.54418523313081
1.27337829362817,1.14360836470836
1.48220419151186,1.39684582157789
1.47892598245892,1.38631144461784
1.41531007806709,1.31801230540999
1.62704424215814,1.50740020595287
1.37990741706868,1.28574640997752
1.50492687966161,1.39533169870676
1.58085526657719,1.48032869164096
1.59448459162928,1.4655821748479
1.60420590830113,1.5158259038089
1.85045821084385,1.75066399394224
1.57308586782447,1.44091987885594
1.66025361922384,1.55391150347641
1.45615474124831,1.31103781673118
1.54609401447777,1.44503640466759
1.69526816672942,1.59749486833147
1.73596626644086,1.59675298318984
1.56867064578111,1.46205492936665
1.90088702172376,1.78771455012945
1.86768034940085,1.75538763084863
1.73187698198874,1.61045111981179
1.29170093617223,1.19774506408281
1.62092429611759,1.51748158596544
1.61927005398274,1.51397324397519
1.7259523926133,1.60455182464619
1.66031705484938,1.47232264678022
1.69442579507145,1.57598334081764
1.54862338274279,1.44279614485322
1.90146294925917,1.7879694487786
1.81129109415356,1.66870513661175
1.76289866649983,1.64446355759947
1.69195819807523,1.58441650858455
1.66447973967418,1.54220317405833
1.60858911642984,1.48492776532934
1.63910193316442,1.50683820903153
1.47954764224174,1.39084918452747
1.60657375174376,1.43341081136795
1.52724092139417,1.41639327209476
1.41006447857665,1.30842923876763
1.58246164763696,1.46756919620974
1.75551763129304,1.64341577698913
1.90020367811105,1.79112386901853
1.55693054841435,1.45183026101295
1.72504295174792,1.62271270955134
1.81623134707459,1.69890809173212
1.69828002588389,1.59130267519007
1.4057521254088,1.32380931305046
1.3589158366302,1.2473704718407
1.37896403336347,1.28779890139488
1.8807628737113,1.76438235208149
1.76359091334342,1.62795333929444
1.54698508830542,1.43978185094987
1.60606542333193,1.48780486204113
1.53965105876916,1.44889239383642
1.69731489494228,1.58113827253881
1.68527465074243,1.5813808910761
1.75576958755659,1.65375515483928
1.46109500103777,1.34285973908103
1.46175885188878,1.33210282341581
1.83666590386314,1.72700481323553
1.74174330224707,1.61768027277777
1.58844641778431,1.47247656091771
1.78037027447052,1.66161982399174
1.57823546457711,1.45764583284228
1.52126963270652,1.34261768493088
1.7421151757365,1.61777142022555
1.70876737780608,1.58388093264046
1.9250952717029,1.8174230330695
1.649512084169,1.53139296824942
1.81610060250754,1.71238376820164
1.5613241463759,1.44453147579036
1.65700234892733,1.56183644005242
1.45186517997811,1.35314157129644
1.70363629705507,1.58837355212426
1.55585204904775,1.43227386686697
1.49326695784021,1.37861902363482
1.8764464055347,1.75760193105471
1.56887273307986,1.47433705090811
1.65202222283627,1.52603355923222
1.67562507123016,1.49915824884645
1.43864287069749,1.33928339907402
1.45401677174422,1.35014119814349
1.53793216951652,1.41129897345174
1.68018567549883,1.57385571103526
1.44791992963069,1.3434875418691
1.75761298847731,1.65080925919709
1.87234173286346,1.75426264483467
1.76389979121756,1.6312911077191
1.66258906583628,1.5510840850986
1.4875715921739,1.37272816062767
1.50516051612163,1.40862120612038
1.84846190116539,1.71352100458345
1.45114299806974,1.35460126436009
1.54472270013781,1.45927897515993
1.68231995759651,1.5595741890157
1.64056084242507,1.45715978142511
1.48684720866672,1.38844692132537
1.56908152553924,1.47212925784071
1.44041588380081,1.30305482206653
1.59612025993143,1.47564747806368
1.73236639348564,1.52082153052248
1.647051102193,1.53516600178051
1.65267733775735,1.53825433544767
1.59873269881186,1.4806800869415
1.67386781077673,1.5511039161242
1.59150700642067,1.47272779867702
1.67843927052559,1.55751832171331
1.7883551854113,1.69315898952913
1.55753182351838,1.43995213707247
1.92419004788136,1.81019152442365
1.55813932000421,1.45836123966929
1.73009496069458,1.6183656259889
1.48040695563581,1.37693876174444
1.5817896856598,1.47564569246361
1.81814104809816,1.70536139661912
1.78366417155463,1.67392786277697
1.71917802837224,1.6156448733254
1.72827089522382,1.607497581806
1.80898605167272,1.69047413577813
1.74310878216537,1.64828661866974
1.62909896962621,1.53415001047568
1.58137557379864,1.48533630580875
1.39458654394068,1.29518990483457
1.32818225351898,1.25848108384933
1.92623829899329,1.78595790868161
1.69119286368509,1.58320365462042
1.66141074584632,1.56167439600756
1.67331469280439,1.5494926371841
1.68308511684789,1.56443837590967
1.65574487382734,1.55573609238361
1.92569341908845,1.81058035489863
1.50044355154869,1.38682160236702
1.80832773950305,1.70828517373528
1.69057836651208,1.58216717811963
1.52759206886316,1.41719167621602
1.73044934888438,1.60225525574601
1.79567168544431,1.69452548777571
1.79245915870478,1.59050574546255
1.67287145271194,1.57061644213588
1.90449241725795,1.79641883691118
1.47831115192962,1.35351705386433
1.75590051585558,1.66097146443127
1.64013308842606,1.54444456187452
1.38949047086144,1.2992307199296
1.85095742938334,1.76286720736654
1.62880593006331,1.45791982408685
1.70814591438097,1.60088069233783
1.62449237401467,1.49837974039236
1.75061184367263,1.64023859209434
1.85272452626141,1.72439981865861
1.87541606225163,1.74214183837109
1.89779473361964,1.79675420379596
1.66878256174116,1.57584988714478
1.76588328088456,1.64646868082936
1.48743548964313,1.3643397772694
1.59838636108567,1.49421990019078
1.7347608895141,1.61893598278859
1.83281184558836,1.71479398040721
1.65803205147984,1.48604069412839
1.78697777158141,1.66295299210934
1.35199845683193,1.28426600042675
1.72127234569345,1.61759495009055
1.55448044317673,1.45929880738587
1.94129022952618,1.83516028374703
1.62994224410597,1.51678346087232
1.69244304445236,1.57528313824397
1.53676592590424,1.43868159200246
1.34732359367461,1.18034233883063
1.5481243384106,1.44282976048348
2.13801679338775,2.01830010363792
1.85202676827501,1.7318245624697
1.33184272266111,1.27656987930052
1.74347994499171,1.62268949303794
1.70481438892983,1.57845259284202
1.5740453880599,1.4781341718838
1.75025076089209,1.64052603916856
1.82695897236647,1.73890241360402
1.58665472680448,1.47674765918531
1.66873469488234,1.51035677162304
1.5250168090321,1.43687825189573
1.52661846870818,1.40464280374328
1.68915493908106,1.57527010535039
1.62507082892489,1.53020703908504
1.82057109210997,1.66962635000074
1.52292905113767,1.41390806600875
1.80226813269744,1.67545170528387
1.80033212460889,1.68946185179819
1.53288498613539,1.42708055028258
1.65668857273992,1.54463080440161
1.46497399876493,1.36007575699161
1.6364757921038,1.54867993568658
1.41420616568927,1.32594088832084
1.52614302764746,1.44679972487584
1.74190862477195,1.6416028285516
1.66166040483009,1.56632833685422
1.77957733792358,1.65497742101526
1.76278232905033,1.53987029152228
1.71020420841182,1.60890791982876
1.70606451446133,1.59918926248316
1.75312749714864,1.61791795373136
1.85346081809905,1.7297487325641
1.75583095395133,1.62518318093522
1.93092973718561,1.81353143283654
2.02385958961293,1.90491813096029
1.418032367764,1.33083215210031
1.70753958829818,1.58770475424957
1.72054035667723,1.61694474038017
1.62855810458883,1.50901218509477
1.34322735619688,1.23064074552245
2.07343430961481,1.93703676758426
1.62443029122254,1.52256150261738
1.87653724864511,1.74555152229643
1.50906659828744,1.40787617276289
1.61002949344872,1.44008239932912
1.47208602290278,1.34105443268468
1.77070181201935,1.6593189417247
1.47205358606095,1.36453685707286
1.48019955929429,1.39340287375131
1.58506242903789,1.45372288458993
1.61608634738287,1.43492661290597
1.47382232928429,1.35141486564155
1.50818796831417,1.36286601087427
1.5767562083792,1.44018980351667
1.37715322857015,1.29798626674328
1.67866075630794,1.56643876275138
1.68470294192706,1.58738958290333
1.68333279180324,1.56225449611368
1.32017861044847,1.2390910069211
1.29652117048739,1.21573899523242
1.48254380520542,1.3874256842073
1.93633141377096,1.78981404993223
1.68843327351234,1.57394634962715
1.624633179242,1.51029204512555
1.63443623333632,1.53628089268789
1.46859874546302,1.36759245497381
1.68063497758384,1.49231960623155
1.58801121742589,1.46797686113913
1.5981025510164,1.51579419415561
1.72997805524105,1.63624007633167
1.77650981727346,1.63415754117958
1.3267381807984,1.24010107355614
1.4729464019853,1.36218962117507
1.80250484825635,1.69219235150689
1.78959465514754,1.6872458109669
1.85970255031841,1.7327094515223
1.19341567680865,1.10187694164467
1.66732148674177,1.55824734507248
1.65665586099246,1.55469738514041
1.78701577451318,1.65365337985491
1.89001748328934,1.71802999694402
1.5708651241913,1.42258092241087
2.02951126348106,1.91970584454771
1.88389212620882,1.7630168005492
1.51162169440235,1.41058969411679
1.73017910360171,1.61859846511594
1.55608822501377,1.46882445401984
1.90484264236402,1.7900114564863
1.4595560729249,1.35837039118681
1.65359675553475,1.55819288783299
1.69912825963338,1.58413415390626
1.84404149833294,1.71029359073203
1.66485110235022,1.53675073975516
1.59922407636923,1.41737643784985
1.77591243313342,1.67206499010267
1.74945789617778,1.62654166163091
1.42327882149087,1.33221750053583
1.57274897559684,1.45318758114617
1.61693963383673,1.52606903667972
1.83766150754561,1.70304306912146
1.72975135070476,1.64384917153913
1.6467223530048,1.53959402172817
1.42592677179032,1.32250266882507
1.80985209868349,1.69889475595175
1.43256767601911,1.33595801122704
1.56107894646561,1.47007238049416
1.68903191552681,1.59712241536455
1.60549113512454,1.49397451378318
1.79831029315106,1.69196814451528
1.69984156996618,1.55645001471063
1.73728379810095,1.60421572893065
1.80002176644813,1.69179194034207
1.41164345488452,1.3195752854246
1.70159584525766,1.57028363447086
1.51847655993279,1.40738462182463
1.5737432896951,1.45976165386189
1.71951880159173,1.53435917087835
1.74912188030381,1.67897844674508
1.39913284070408,1.31721528039876
1.52888144920069,1.40976462891563
1.29039822845256,1.20668312384655
1.80614411920674,1.68019382669195
2.07900602228932,1.95822374346825
1.52047533241515,1.42592577015772
1.5765737667281,1.48352359262427
1.76755516035487,1.65149680341817
1.68871252079016,1.58399389512273
1.75394231544664,1.65255091623825
1.69673040974667,1.58810222087237
1.57932839273426,1.47082650838397
1.59817577003032,1.44741110221295
1.80543975800771,1.71780862618617
1.76284471355285,1.64146579083808
1.43623470190853,1.34761238337257
1.58302948506029,1.45848393287061
1.3985088719337,1.30996275985108
1.98534180416573,1.84583224691445
1.53104537931519,1.40308771852716
1.6800463503705,1.57410643190678
1.68020725320485,1.59011078122614
1.45996507206412,1.35988642656066
1.83862296910785,1.72981674250385
1.75926292583147,1.66728761611197
1.65853626996426,1.54912374731112
1.64253879580104,1.54050424388657
1.65493678972815,1.56772669361827
1.65176593687158,1.47677407523774
1.70035487730596,1.58389705944483
1.51469584263562,1.40427560691915
1.63440079462985,1.52206572758027
1.62559048401041,1.54130327986525
1.70474359671042,1.59141855995295
1.58630824140311,1.46252267590417
1.605316728394,1.50473996592161
1.66767129421815,1.5790168294114
1.80840641858352,1.70411338381528
1.770510234245,1.64910930039871
1.53526491559318,1.43873595083005
1.4730703439059,1.39712472451205
1.46834962706395,1.36173658425963
1.85992585804257,1.7571255861032
1.89212215195773,1.76402862387505
1.63581421219417,1.50261320455654
1.61346927836595,1.50243242325076
1.4694697880368,1.36492811074482
1.69601682716305,1.59425245336558
1.83179059853251,1.7275555112518
1.75577487522767,1.62300665682123
1.42862418531381,1.33469100940305
1.80269934986867,1.69779527147376
1.71363220970984,1.58913493446848
1.55553203750466,1.47337947240389
1.37139915521777,1.29204157448173
1.70866994089454,1.60611640516773
1.56762969792122,1.45558477303764
1.58829557742278,1.46744227919912
1.49384283139536,1.4024298440976
1.44746429834631,1.34627298352713
1.40529912603113,1.32182880993939
1.7116682016119,1.59519230475825
1.44841546822045,1.34058994973462
1.67663306639023,1.55618198316178
1.649674797319,1.50004687138535
1.46986194823203,1.3867700968624
1.83049872495429,1.72304714602903
1.50764330833946,1.39064556970696
1.72632519125923,1.60446017758616
1.56031733372177,1.43235200133729
1.64899574990353,1.52021309807253
1.72471812971478,1.60943173098453
1.59620526754073,1.49294873848828
1.47342522700723,1.37342760502591
1.82504496740674,1.71389912057062
1.68896371058399,1.50297673483031
1.53774632072184,1.40770204364602
1.481261295315,1.39091458080925
1.78376833919412,1.66239692634276
1.88234650405369,1.75696402185182
1.68159729521959,1.56313800825668
1.63280834478876,1.52907644793295
2.16070484180217,2.05498530906302
1.79408998505196,1.68804570472313
1.60767145321381,1.52612760739412
1.7076794289161,1.52449378746635
1.75123828196769,1.63896731052732
1.62293602171141,1.52220286885593
1.7965673743522,1.67051055538656
1.69995619513228,1.58763249885881
1.23987769986262,1.14772595507813
1.57916169598814,1.46957300695782
1.70775273106301,1.59837346914257
1.41636076039195,1.32044653712805
1.61272632820102,1.50948290839335
1.46527157920522,1.36479555180868
1.57454772947506,1.4656877927663
1.59335282463248,1.47945771209311
1.41304213262927,1.31592176949405
1.61073793211663,1.51626686748052
1.87635503074025,1.7512421527432
1.49871502213021,1.3819480855024
1.75324064214194,1.61435413722072
1.45500019776839,1.35817041441676
1.55155056814462,1.45498065805062
1.77733393801119,1.65326825774605
1.75137574767069,1.64243582789573
1.53114857297578,1.40743626697354
1.75796961085737,1.65950033188517
1.9709626614372,1.84635045325765
1.68972759246461,1.57896781980357
1.68911124835849,1.57378400234072
1.73475781787091,1.65013525113582
1.73450156174209,1.61563233432465
1.57798699819343,1.4783715339698
1.48095864960248,1.38224063354829
2.07651629363629,1.95025646006111
1.75047559673091,1.62035725760528
1.2738279723845,1.17826081419092
1.68821588110522,1.57191004871048
1.54721431196094,1.36053310237007
1.59216102206257,1.48537521381721
1.52317211317311,1.4290505411643
1.57072163014466,1.46305436899556
1.96648131316692,1.8377590581715
1.5374917163278,1.42380304863249
1.8727196615535,1.74412404667659
1.57681187827181,1.48211225822707
1.77547935120394,1.68001605181338
1.40623486174831,1.29584999694942
1.60995673050729,1.45813140711831
1.6456446024174,1.53594836205466
1.6106599082293,1.48396846396964
1.76015287148617,1.65783151102998
1.55656496296833,1.45512767318568
1.73018734980227,1.61445874617862
1.57606730474434,1.46473716045275
1.28210812316802,1.18814164605815
1.75213955779361,1.65871004028594
1.71769491027311,1.59533095623455
1.82785173174912,1.66732432019001
1.65686776452676,1.53479858626816
1.42153480805451,1.32564551335364
1.78496163862846,1.66034800802292
1.82146837296126,1.70173060743559
1.66962263468615,1.56358061639209
1.63722613237147,1.50969959672628
1.57208024631679,1.45429679665826
1.70099375797365,1.6040196363082
1.63578248095901,1.50724090769623
1.76395611569373,1.6446446535757
1.7790544178453,1.60157997337633
1.93439448258454,1.82112189905441
1.639015193109,1.51707602417905
1.63877761916811,1.53234765898524
1.4072710960603,1.31284174230629
1.62143709704691,1.49105545413551
1.38057226739058,1.30553205017494
1.66167514191071,1.56144743246934
1.1512948864822,1.08380749912237
1.65239434618588,1.51982800002072
1.56883265718392,1.46353837780784
1.56204048903241,1.47122926423441
1.59832511652648,1.47136679330305
1.98357733715749,1.86562589154918
1.64633497656514,1.5308758200753
1.62870085155254,1.52174150906871
1.6897805661924,1.55854907518347
1.46580018717484,1.36392585100105
1.44586133154938,1.3410943524935
1.47717461577027,1.37195330358928
1.60186078254624,1.5167979617236
1.49509607987073,1.36905051507418
1.43515595443992,1.37849916401453
1.58281386718009,1.46250737628883
1.60591901231751,1.50200499822147
1.61981657434194,1.52159602284953
1.64372834833548,1.52682440252036
1.40879876060823,1.3362688136327
1.71052661172264,1.58747167801854
1.81176994054987,1.69389038099133
1.64516906406221,1.49617516395592
1.47437348775106,1.33026702672748
1.54695232213835,1.4317601173275
1.81852000916423,1.69230598354481
1.61777024673507,1.51349914748814
1.98085210607987,1.86422859585146
1.84583062415658,1.73068328602822
1.69396612622726,1.57179382589846
1.90747100442114,1.77070739309056
1.58165753338045,1.47313844636346
1.62032929774389,1.51544535679278
1.73382071009176,1.6269911823838
1.57886219083932,1.5000771059005
1.60718253123976,1.48636533231289
1.90655624538249,1.78268938039121
1.51264432252659,1.40355760679643
1.66489538700916,1.56365735959965
1.90965766384359,1.76876137377428
1.57031080853083,1.48265398049117
1.41328956234517,1.3015352120001
1.63534152645384,1.51093528967291
1.45371737093937,1.36765171603794
1.58429683731661,1.48971121821968
1.5830920035804,1.44208975291078
1.6306797565482,1.53022521327942
1.30528173863371,1.231874537244
1.66971175023966,1.58861283329892
1.9043112368973,1.78267476407751
1.25778609827675,1.16167492151628
1.88219685784922,1.77437260697278
1.49265788756117,1.40172248662741
1.85788149839077,1.74604105328719
1.85187815304076,1.74848524542282
1.41301830943739,1.31358249764612
1.62057710791565,1.46361442251759
1.33095171145881,1.24561211121496
1.37947715288567,1.28429793502011
1.64863491991396,1.53312847616945
1.73532830270103,1.6266602163882
1.64171315307548,1.52006935226498
1.60416923292172,1.49127764354358
1.46789648438795,1.3563898642639
1.43575548167111,1.33219832345259
1.53983607641731,1.43991809754236
1.81790723878242,1.69800408686615
1.74006312492768,1.63050345349785
1.64453102097792,1.52902249505884
1.62146751937708,1.50274545034783
1.87323689499926,1.73999393559679
1.59174508482418,1.4935742244896
1.7104220836406,1.58822135593155
1.40115362626788,1.29496796630485
1.53422857547223,1.41648821013335
1.67491521623351,1.5718720407921
1.79383096653787,1.68810724848645
1.7967916686442,1.67606084399881
1.3716032865826,1.28136254107189
1.75318824485127,1.62766233421458
1.62514569611298,1.52023624790993
1.92776489091965,1.81300279493413
1.6202812703988,1.5315171340255
1.67508375564018,1.54987064329748
1.60250379266164,1.47384702881488
1.70021890366953,1.60371156544352
1.71740865293473,1.61931882599098
1.79157142558571,1.66185773814633
1.47076519781565,1.3962859335449
1.79889677575412,1.6926166163584
1.82100090004273,1.70111072059639
1.55666131426025,1.44002573565354
1.43865400669461,1.31213947079987
1.68688892408398,1.5058147699401
1.90298674365282,1.79841412412835
1.70760597748937,1.58245767003455
1.61092988184786,1.52604858918406
1.61354236516442,1.50973354960635
1.85874536929598,1.72338053335937
1.80507037715127,1.68978762850752
1.81312979548091,1.71259351565639
1.80125229670236,1.69130520424816
2.05328490251036,1.95409591606026
1.50916242836006,1.40762816494127
1.79548935779853,1.68748862940741
1.74343863984228,1.62257309675896
1.48542995112095,1.34854074351436
1.44069687351196,1.35309533463264
1.43487876488569,1.3538075725468
1.67959529184173,1.56018110122172
1.35637555511771,1.28168821094608
1.84451200104012,1.72927980795953
1.49308078336084,1.38451750160969
1.35013681401039,1.26491800906905
1.70863940557235,1.6028503677524
1.82914066399713,1.71119016704608
1.82931083832271,1.67800727894226
1.83363242790363,1.72429271543785
1.75786679858844,1.67887876359052
1.68928210014169,1.56408635293283
1.56183299226975,1.46289753394054
1.80170424067988,1.69090033893309
1.49541765297129,1.38694651280266
1.27193936333344,1.19672969865143
1.31810520363811,1.21840894860472
1.6509529242042,1.52830191502548
1.68382504290309,1.56595172195413
1.67813011652308,1.58789600846202
1.99145870135089,1.88003897858217
1.72587062424009,1.60684159875861
1.56714266769475,1.45087841484435
1.41554502404335,1.31798004076862
1.58270298841611,1.43851432753968
1.70699589763282,1.53675648805291
1.63336785102091,1.46902912607632
1.81164484401264,1.69871672835378
1.34276160557072,1.25954361927697
1.56097717131639,1.45432764637493
1.62802135840395,1.53397139468124
1.49428426772021,1.36088985649847
1.54109125076364,1.42523608385965
1.9141438675286,1.79237765461543
1.8970893150607,1.71724061062563
1.80527331384083,1.69902658772218
1.54200809805761,1.45899062200742
1.834402471478,1.71536743508104
1.60531689025,1.51249635673548
1.55246915871253,1.45416878402915
1.76196328611571,1.6454525246574
1.68009147996091,1.51560050015477
1.29168329501251,1.18648476134676
1.43023355729871,1.31297707549214
1.99321606818554,1.86061403708427
1.60613792773216,1.48594145274897
1.61833246446047,1.51705205560812
1.92186752467649,1.80294420317358
1.65327957261145,1.5470934843862
1.69363681689174,1.57313062168652
1.58045182312329,1.46811613442439
1.70342501774781,1.59483757666673
1.62801380133507,1.51122521213513
1.6892179805149,1.59140415785719
1.82936770614619,1.71759728368389
1.48059385634201,1.36967923131124
1.46386096295067,1.36629359738786
1.59340847838264,1.48729608717324
1.68474458025945,1.5702015181518
1.8609466321209,1.74808075689488
1.62763414903135,1.54419227876691
1.66408061547599,1.55877362277287
1.86878847276821,1.76027784582467
1.57444650848358,1.4759927510948
1.76860157050617,1.63743794723306
1.63402053849808,1.5189976821998
1.72383492598613,1.607606154501
1.79422209125691,1.67866863056387
1.65247031962799,1.54296283710625
1.72941173912095,1.59614255884893
1.77176163913994,1.66660935015386
1.58271149700653,1.48904756481994
1.76284502634917,1.62069749013155
1.83814209768777,1.73922586525461
1.66328556106577,1.54738204824356
1.52837827777462,1.44596296467752
1.8988736133234,1.78005325934307
1.73321297626482,1.63512286044214
1.5337949400783,1.4410471820678
1.7406319320741,1.60688139432699
1.68337811970458,1.5814161541803
1.76232534957612,1.66270619110799
1.70554292327956,1.59490436448265
1.5548808151123,1.45240827614217
1.63528106378899,1.52025585077376
2.10170837951738,1.99621448001176
1.49520933978096,1.38460280523797
1.88291799579133,1.77422151614336
1.72132665930679,1.60380710956506
1.72672799803677,1.61757357768468
1.72662845215381,1.53184709312382
1.5612597366307,1.47368513312573
1.61463911702715,1.5018782810033
1.55462141146975,1.45258794722381
1.62575658966673,1.51252495539798
1.70805576285862,1.59953406818938
1.62490714043228,1.50319551513663
1.95683889550137,1.85057352963687
1.65018866605234,1.52332240826522
1.27947254866323,1.18957308595223
1.69649716591504,1.57119341793798
1.57885836761986,1.47852801128363
1.32915335467541,1.25222419778536
1.82374907399202,1.69826767828817
1.58731685560158,1.47019021015442
2.02782678915222,1.93554995613691
1.48239421385572,1.37331370081257
1.76297029675702,1.65345799993869
1.62115417910279,1.52936603799875
1.70143488578756,1.56861506843983
1.58360951505296,1.46752788777433
1.6642112419138,1.56769845329235
1.37696773826695,1.29936334636785
1.48207088462095,1.3702525583615
1.65216011126597,1.52521338253288
1.75816482411764,1.65278705373487
1.66769433201798,1.57152994326359
1.37698533882833,1.30149639153093
1.71000561504008,1.6188553039713
1.60961582902116,1.51949717860633
1.66865989084889,1.58391987209064
1.57628284760738,1.47322106339522
1.75851544785579,1.63664192225963
1.67865470547865,1.5711561733033
1.55472807971535,1.44163032519899
1.46350574864128,1.38044753823347
1.42053216244763,1.3288767954998
1.79235972802687,1.67094182589347
1.58864860325045,1.47338291648968
1.56401553107082,1.4414703337374
1.37524089153382,1.27553950091854
1.59235877674234,1.48871023853195
1.49363391380932,1.38826108072222
1.76274693224104,1.66440989637259
1.8298874081714,1.695971469309
1.83809213275588,1.72078639856204
2.09492126362887,1.95960400203526
1.72302910715893,1.6085547056187
1.24290240781237,1.15073709354149
1.84560253889297,1.7132534555277
1.67967973013799,1.54861110589883
1.60813516825295,1.51726116386974
1.7083753426655,1.51200839936042
2.34018625153779,2.20212713299379
1.69091954343892,1.5694076183511
1.50183214969893,1.41877247883267
1.81125686260051,1.67445598472886
1.78174845941246,1.5929054516559
1.70868527821802,1.58249631898432
1.50777037779713,1.40080371371452
1.49799595487512,1.40193640861347
1.47303112717565,1.36860252319344
1.7643419932466,1.65028638974779
1.68003444714351,1.55911120979121
1.68263432338473,1.56617361429128
1.53360934442708,1.43980044784316
1.48152011819026,1.38911274475505
1.61193046583775,1.50665331690297
1.48723447266982,1.41590067652958
1.63745739327289,1.53027107209987
1.6018071908506,1.48699812106403
1.53056664660418,1.4437643680367
1.84290020801733,1.72207820013789
1.84771994828811,1.73146516232577
1.71395888652803,1.61291576148953
1.4602435298384,1.37415417521615
1.65005227880948,1.52591633226465
1.69718210024102,1.6086686820661
1.85504453832312,1.73751567119749
1.56754756921136,1.46360829485321
1.67222829665183,1.56843348519351
2.01185669957199,1.88769436323792
1.39237336936481,1.29473532007881
1.40039368390765,1.32382940258056
1.34420297384475,1.24971478857592
1.46860666178955,1.34793014845261
1.80357507696624,1.69533292650376
1.59011669089723,1.49049347125475
1.83915962925151,1.72881502396869
1.99715545527822,1.86392934443089
1.77167496024485,1.65794067327184
1.88405519947682,1.7619962967995
1.65041722668182,1.52581238969684
1.69393336155367,1.55335023375533
1.62487053391803,1.53124008976704
1.58521651936871,1.48505407191259
1.64798401718522,1.53865565138536
1.3411901751282,1.22437437961494
1.7053884754486,1.57783219736024
1.8513430832802,1.71858016911936
1.55573939838483,1.45228146610267
1.75677826496122,1.58616807401212
1.54488511944754,1.43930895923081
1.56598996544533,1.4648045140421
1.73561987061261,1.56274306194975
1.76868984888107,1.6681199423444
1.57882910045803,1.43905425363295
1.68591736027148,1.52619099369917
1.54974868957325,1.44925697106042
1.78282249386566,1.67298099986249
1.54185309572934,1.42217078057207
1.72754642853563,1.6124622661361
1.65667494093921,1.53227065161165
1.62158039396336,1.4846710379174
1.55895312834572,1.44514002219978
1.47222358795624,1.37278875513544
1.70299168896452,1.58013068228562
1.36291613519925,1.26606108999381
1.65916747434621,1.54710900960039
1.41803488660725,1.27474762859934
1.66511184329265,1.55454884293121
1.53924811288992,1.41792822019587
1.58148974298237,1.45748431930222
1.74228158967538,1.61866381182351
1.55318548160524,1.43049508581613
1.8611806831776,1.75118579016763
1.69755840963581,1.56369889669442
1.88617308585957,1.76376663687282
1.68218822481477,1.56546157698335
1.27711784643975,1.18204418956648
1.57144894158945,1.47469268738563
1.39071416998379,1.29867743666035
1.54731955808892,1.42914492648071
1.89305490633331,1.78017582916499
1.71283217316524,1.59341278164859
1.60574848054473,1.5060292382296
1.61519139499757,1.49324673334934
1.51953794381229,1.40921054476445
1.50642006778918,1.41288244237144
1.38853265254618,1.2710698230241
1.34653049457558,1.26865735144965
1.97451383527615,1.84781577598801
1.58022271633022,1.45016233502255
1.46866663002421,1.3459394931321
1.54924525060046,1.40191504455934
1.68286044764836,1.58399149912725
1.73676077387599,1.63766295148077
1.90359687543473,1.79001574206506
1.53313697058658,1.44268533477435
1.73839085686448,1.62872044437211
1.56254085342224,1.45586553247573
1.50399287355818,1.38424366409966
1.69602909399187,1.57067522217389
1.57663235265905,1.46559340532788
1.87879073454706,1.75855757025444
1.83571611571825,1.69662256896946
1.58236059633427,1.42499986105592
1.60317551987415,1.45295250987618
1.34374203457398,1.24261276561168
1.54035759409908,1.43489997213589
1.63706275568334,1.52313858973295
1.83087781058795,1.7187182757335
1.66439867845545,1.52560976445828
1.60178628057938,1.44551809206781
1.40839418551867,1.29630599330442
1.68045709870525,1.57265973802815
1.74741243732678,1.63152342670522
1.86840780905309,1.7547944233632
1.69318054194347,1.56772693913087
1.52221535796692,1.4259415140664
1.89863451501153,1.75780867483099
1.47634716587087,1.36952324601742
1.54709058526148,1.44397076312597
1.46341298013119,1.3674224370316
1.76993762891899,1.66300214181968
1.91260547584228,1.79649905740426
1.84775026906474,1.73024888018596
1.7333135308788,1.62880345779132
1.61889534672197,1.50897384771633
1.71431694202567,1.53965540831788
1.7434614654688,1.63332955606922
1.7035346152959,1.58527621952316
1.74696548064262,1.63948085829374
1.61437072230722,1.51320530069199
1.91498851435296,1.79831912342219
2.02132067843364,1.88614211719427
1.42264127905413,1.33233283706365
1.7502494608177,1.65420235650068
1.8928493389668,1.79205655789875
1.62183288097236,1.51751499793084
1.66702994689981,1.5636867096396
1.77561965299978,1.66542944332398
1.66281832626735,1.53605216114838
1.69363650839434,1.57944785386702
1.73064487859248,1.61921129738328
1.26241183489164,1.17860842313189
1.45838902908342,1.36176701570349
1.77818408554723,1.66482707577357
1.46938450990437,1.37802657606679
1.66818215441128,1.56288980385342
1.66823635860334,1.57029542830048
1.410098651688,1.32540359478202
1.7373917736527,1.63732998429591
1.50403270094114,1.39801436888522
1.32001189110973,1.22145816023798
1.3669389832421,1.2695021911146
1.81263152828851,1.69704199340026
1.85909977311514,1.75782698113211
1.48059415713334,1.38922539278343
1.48543730839363,1.3873952173774
1.64467902807987,1.52870938349677
1.54366400687229,1.44043443078069
1.86808583683239,1.7305072387369
1.82026031343589,1.71888874582857
1.77766574347857,1.66083895218025
1.64298601181042,1.54231897085202
1.92984128522699,1.82440297758095
1.82190206992271,1.70806978957371
1.69091544018084,1.58565962688496
1.62967647872229,1.51910190701219
1.88824574227406,1.77254803594672
1.57748697745769,1.4596587439573
1.75857344662563,1.63565625436851
1.67218611034411,1.55909030456015
1.46653333780355,1.35872368897031
1.66640319658752,1.54336130332822
1.72217974719444,1.62419041184386
1.54430804439573,1.43170391097344
1.49856213410242,1.39207729298274
1.92399255132809,1.79100676760967
1.72518035728536,1.63589210007234
1.56518121074281,1.47950856941622
1.5921665443889,1.48361090983867
1.50217771514158,1.39098800066206
1.32401395189743,1.22361074510461
1.71457096326156,1.5956390484674
1.6425643323179,1.49978351715042
1.35253676426287,1.25649978964008
1.85937738310725,1.73276553357164
2.22513347783384,2.11485260484407
1.4153709339426,1.32311933369224
1.46074246900046,1.37164687231542
1.64208257047386,1.52626999420685
1.52270978383437,1.42784853144001
1.73537885898469,1.60785561100276
1.74650973992349,1.66754339044666
1.72164696211052,1.6070416620373
1.54637868615015,1.45488684738185
1.76881069541405,1.63557097339339
1.96832036357352,1.84422798224368
1.85617962941229,1.74392829521688
1.25436876499086,1.16063901159856
1.50221995020649,1.39274514489274
1.69770563633925,1.58089223087323
1.8227200370555,1.70695046624443
1.84535484023846,1.74126719726902
1.67271369332466,1.55379691934921
1.41475551995354,1.32709759200434
1.63397632748898,1.51009511236682
1.84782264267844,1.73615400362312
1.5461686530578,1.4572596419544
1.73564888454284,1.60963556284534
1.62398917931216,1.5014162663089
1.65852017207469,1.54179158648524
1.65772776731897,1.56108743826187
1.67164945197908,1.56012440170611
1.78810324039791,1.6852509369881
1.54353983504521,1.4509045040409
1.58787788346552,1.49156400603904
1.41564720999097,1.3256040038717
1.90422210904226,1.78598329162644
1.35467081529068,1.249137006139
1.38442057687552,1.29638316138611
1.96578961791138,1.84373043090138
1.67268593977213,1.55784017399724
1.77146267413956,1.64935272641007
1.75111419538579,1.62366416348009
1.9076496354003,1.76749009199934
1.75231805519161,1.6396990216416
1.48325041148263,1.38418206975038
1.57269268835752,1.44819901188536
1.43030706878195,1.33602011857241
1.43432717548594,1.33176417474737
1.45394900901303,1.37925852881464
1.56534990930605,1.48682887702659
1.82662221714052,1.71104329739767
1.69450500945007,1.60928957013236
1.6767678111793,1.55719295160656
1.42751709228017,1.31334464588302
1.59138443069561,1.50467707862943
1.74857503958906,1.61144200536341
1.60781565211612,1.48359961061363
1.65961620220031,1.53675560230977
2.12766078954917,2.02242396922094
1.96854107893195,1.82233941775242
1.86416234131251,1.74349799978175
1.34789286498891,1.27882721683783
1.7936358764943,1.69449228802465
1.77745796398473,1.66676650401855
1.76850304261036,1.65839950154513
1.54911824091429,1.4279223754266
1.72601608191404,1.6257942008241
1.52859870340355,1.33706679285183
1.51899263997147,1.41469907885983
1.78366388965307,1.67034654868785
1.5724133011123,1.43619829029838
1.65174462765774,1.55257325685817
1.80306856889985,1.7076001335795
1.59048792498891,1.45785794933941
1.93091964540929,1.83346871454974
1.69250416708636,1.50747928022593
1.86599842891656,1.75142931970419
1.57005730189032,1.44501346707646
1.78491400959338,1.66447257748457
1.54563064478225,1.43026071457432
1.76142118043115,1.63490842656508
1.49180529558604,1.37986996603243
1.74397028768806,1.6201475736561
1.82676604807741,1.70121016502206
1.67620375215774,1.55346008986798
1.52385893795841,1.42620346208768
1.37327466476708,1.28381431245776
1.45875320842487,1.36514478441491
1.53331235410214,1.42846566610069
1.66596765412441,1.55272352538346
1.66492779120136,1.53005708205408
1.36417171672318,1.256382948253
1.51693421543545,1.39794162708755
1.84177058847276,1.7124635304611
1.57828685936868,1.47853900822202
1.7386898855727,1.6357625305728
1.68566331352792,1.57818408958006
1.46726988954952,1.37032001928947
1.74718982003568,1.64137229876774
1.77108288561213,1.63468964893525
1.70786195157998,1.60810613964581
1.51262710772309,1.42458214726244
1.88412711861795,1.68046606788859
1.80567453191319,1.68195846977483
1.65015566696272,1.53713067238434
1.49139398758558,1.39827959560522
1.58533747142004,1.47066429863518
1.85530648632444,1.66462786973037
1.89670771000282,1.76845263483296
1.84615019437996,1.74386387293169
1.57683889734873,1.43364862476409
1.51214189115503,1.40343021184434
1.415613268269,1.30533717878391
1.59079884502551,1.4777412772042
1.66498401604557,1.48807835037694
1.58027655520628,1.44486323117693
1.44951003998651,1.33856045918421
1.77303834984847,1.63960440769562
1.70834372429541,1.59548887307907
1.76839500754022,1.65715428184461
1.64030908258889,1.53808377445573
1.47968755774412,1.37977535261964
1.73697969800511,1.62639851451408
1.61166837902723,1.53115042961508
1.88866402689706,1.76444470500897
1.70251720956976,1.59393019492935
1.64477562038102,1.52510886753351
1.62405518056842,1.50925333326688
1.65224517063178,1.53156413996783
1.74270555704853,1.64221644515488
1.80719784003756,1.67464037017502
2.02410757962091,1.91322330000345
1.40502789991766,1.24593762594802
1.50853376298246,1.39947261693097
1.51016058187542,1.38846397376223
2.11390353092455,1.99975086189592
1.88465306504433,1.73384326720823
1.45189833954994,1.36163821857349
1.8303039007107,1.70565250783285
1.56126641051545,1.45222507238958
1.25204382869415,1.16299800292531
1.25396989965172,1.15906132810642
1.8572918485809,1.74919619482185
1.7996215378817,1.6951026627733
1.5235775472182,1.41277463386514
1.63073306619697,1.50810911156325
1.57206246445626,1.50045581437432
1.73644213378617,1.62209787083985
1.70044989248861,1.55088836378175
1.59212757174131,1.48645458631443
1.42559709848478,1.32278053213262
1.83136974234612,1.70410358028297
1.92000523352564,1.79293337293635
1.6214113356451,1.52199395803266
1.74309639373951,1.64457284500737
1.52629563258414,1.43493475099649
1.62765744827352,1.49574969379441
1.89934327611632,1.77575741648726
1.71475293450529,1.57978371349237
1.60742658823164,1.50172115847095
1.51971135262161,1.35289337867601
1.26649234209663,1.17316328550332
1.81501319615955,1.68070812115518
1.76105434689628,1.65822843271924
1.78322548348928,1.67576810505023
1.69668520122383,1.54045779621691
1.90030333787442,1.78777304475856
1.56014699257027,1.45621071428055
1.58018059573161,1.50090600782437
1.70253571050283,1.59051471021019
1.97977950077592,1.79420350022161
2.20423089384785,2.08795640319996
1.53620329271743,1.42073541702472
1.53013891882941,1.4290917829556
1.57290814764463,1.463369727447
1.78825010304416,1.67833643862188
1.60144365988379,1.49231650713449
1.36948899508543,1.28726973771672
1.69563057342564,1.5803849522666
1.4563704863602,1.34537816673086
1.80208254680379,1.66077109234953
1.70234022461402,1.60946006072297
1.71528310621148,1.60371952290625
1.61484953191137,1.42979466106312
1.67768118367409,1.56498899908352
1.54942502367363,1.44307598174361
1.43871850091206,1.32496566431193
1.67764014484477,1.58820245543328
1.77815936736692,1.67466123744134
1.65708789422356,1.50279893621909
1.22933303521798,1.16271700959664
1.81231263968751,1.70923156371007
1.64014742752584,1.4892915307163
1.65479680033398,1.5183503993053
1.54059570534344,1.41820826152638
1.57329911643859,1.44570461827549
1.48834529648667,1.40485646541319
1.68595693787236,1.58032501626689
1.61151074875575,1.48653048933574
1.70977618392428,1.59598324746925
1.99955665890671,1.88820087513203
1.93807282891179,1.82674623925284
1.66899540830735,1.55212349101821
1.72804015061742,1.60478138541553
1.5720731538232,1.43490666917577
1.77987220427453,1.68109351865259
1.82392853768754,1.70774935955062
1.75123245985115,1.64434070098875
1.44279081717101,1.36032158109821
1.75616467040871,1.63653233252542
1.88698389677329,1.75248531490133
1.45086916991291,1.34748519559969
1.7826243560566,1.59567053333856
1.69653460623426,1.57855251737913
1.60926077094288,1.4831299061377
1.51086356471385,1.40097099435416
1.62279646425438,1.47653586066472
1.73021520998242,1.59681462558458
1.73675883327246,1.58380524201449
1.64721370772356,1.52172429363432
1.70793644585262,1.62426308036355
1.66269837079332,1.57974280476264
1.74213341748142,1.63952608060931
1.63838514412975,1.50674761859087
1.40453966133589,1.30446143860182
1.70630838105931,1.50942378291726
1.67260817468471,1.56513629634085
1.73513950599169,1.64097008284586
1.77295774159161,1.60973979959675
1.35573970135533,1.26572877545566
1.47712254657564,1.35914862097228
1.93704516478137,1.82697299600789
1.68542286188014,1.56419600551879
1.56964778713568,1.45098883509018
1.85599637781108,1.74902455092736
1.63843527518919,1.54335506516972
1.844569661042,1.73919930165726
1.38853290481595,1.31435653071168
1.79962117992848,1.65971872980125
1.71569049251605,1.59891912764821
1.81569470980835,1.69987847370175
1.47565051698138,1.37670320827188
1.79232948936758,1.69171187632173
1.96823946218918,1.85254221141287
1.62943123760535,1.5076709332381
1.48251999851756,1.38256073939546
1.61266706563538,1.49950616560287
1.63199785689159,1.53288428596501
1.63411006579858,1.53263024418089
1.47543818178448,1.37238215486142
1.53864057034808,1.43617605246421
1.5832119009937,1.45761847353835
1.61485674948675,1.51947213223533
1.56971606586524,1.49407524412566
1.65461483349235,1.5467619263001
1.58002525743786,1.47224912044482
1.26644021416341,1.15778117170607
1.76509698749236,1.64909251917561
1.83529694562116,1.71502853703896
1.87815371029977,1.75990366787615
1.55898931245707,1.44707029260679
1.74929358175335,1.64381018862064
1.38638099005669,1.2933314105721
1.67761980338893,1.56852967264643
1.76698804115984,1.58318271208879
1.66990812018971,1.52429664489919
1.76107388561798,1.66007092211226
1.47246850705077,1.37079722039463
1.52498712980051,1.39896953353846
1.19963464880271,1.11678904728948
1.68732937480771,1.57369791836795
1.47939395881326,1.36950375491122
1.52448746122328,1.43931768631877
1.74737838870257,1.62924207514029
1.6399647396036,1.52189605257166
1.58699275797767,1.40992498378122
1.79576609666949,1.68585732868183
1.85419070555328,1.74229293585451
1.69675815649291,1.60032665058291
1.76199533516214,1.64073904092104
1.59226359209142,1.49021646718447
1.54811623179677,1.44641616967291
1.58510800495992,1.42940910495153
1.44406760832032,1.36281703668583
1.60715512606852,1.42572708583228
1.5860741695806,1.48425979933229
1.68523425539996,1.5813412746397
1.74628959807068,1.63575633229781
1.6420514388755,1.53621299746279
1.77787049527458,1.64364110125447
1.65403773531393,1.49031230363425
1.70833565135933,1.59565870566143
1.50340041820343,1.39417919110741
1.75023130700185,1.61841720772777
1.95832816421418,1.8381779754135
1.48795650365407,1.36580757706832
1.56194066011134,1.45472706837295
1.60194455132037,1.48635541884097
1.9206510451459,1.80738382879596
1.56316160800372,1.440811340312
1.74526804194732,1.61457370085436
1.72739928307446,1.59826494969034
1.85432371110463,1.74312442129665
1.70903665539993,1.599234101471
1.48486958080623,1.39444786172247
1.9061719061257,1.781465620408
1.55575673903155,1.40344470610455
1.79773879881199,1.66935721328294
1.57448227030395,1.46490579105643
1.87608218228303,1.7549290160539
1.82801753117932,1.71157756779039
1.80675274185733,1.66374422943546
1.81849821973171,1.7012010881059
1.72393724252383,1.63921477830776
1.79002309510904,1.67901095543582
1.864583725083,1.69693117127801
1.50684809737463,1.40427682209849
1.61219651763257,1.50146660232029
1.47308509207694,1.34657708842448
1.66775194872949,1.55953932493423
1.54042950649389,1.44618425945517
1.72874137508748,1.63691604001889
1.59184573096766,1.50541421969198
1.76623392996858,1.64899329424387
1.66487251010005,1.55743121793684
1.81265076994623,1.69654475334065
1.65983892320927,1.53297469093374
1.45761036920465,1.36350093870266
1.61884447333052,1.47810439681596
1.7309844742674,1.61885433598777
1.61501003448725,1.5153440720669
1.67469510513457,1.55168080694278
1.61089095144749,1.50179595444243
1.9034963399782,1.74476149878378
1.9661977630501,1.85587662271297
1.71137556038334,1.61055194974213
1.69106622837593,1.57963564002309
1.43140980997005,1.34712842849978
1.74303101087124,1.65089404512643
1.78258332257623,1.67076942009112
1.6562494855586,1.5567300777435
1.67435152669758,1.55616744138313
1.58483171133587,1.48521327576153
1.6747485630623,1.54967633301703
1.68463489415832,1.57121733590362
1.37272026860181,1.28150603652749
1.55283957548275,1.44704554719871
1.47613228899626,1.36957820368461
1.692080834122,1.58794385404696
1.64864964644382,1.51782311153632
1.74928412555381,1.61235029237631
1.3768729389695,1.30483011341752
1.60640196073155,1.4926953898429
1.69566164445314,1.59112404991807
1.63878061423555,1.54049055955347
1.84427429657,1.73591150768299
1.59896248559413,1.45781486045386
1.32272973743079,1.21741202195194
1.802619377977,1.64496328580594
1.57216127595976,1.48865178443462
1.64561426283231,1.52603057495595
1.51600772311236,1.42749460802607
1.19910271651977,1.09877171218933
1.94032277085583,1.81121045625471
1.69502589116933,1.58651987230505
1.6050405053705,1.49707678701977
1.77973631900576,1.65723455464912
1.54900151764015,1.44215687647864
1.73461824702473,1.60549817955853
1.5015268196564,1.40175547714225
1.3934885447796,1.3251586438697
1.37826758138254,1.27133271122333
1.86235381907699,1.76798738117542
1.75627616620254,1.62026803359521
1.50618916846455,1.43736685309294
1.61890251345562,1.5157059834828
1.70068275045741,1.58832388579155
2.09717994016921,1.9210591222402
1.91074643664638,1.7798548479946
1.42359506831447,1.33919319086948
1.96893916381686,1.85062166106839
1.72974089345449,1.61677539468682
1.62394109445613,1.50187292505908
1.4576556387799,1.34689869730847
1.54701894809686,1.44637585853575
1.66524709235971,1.55156693714656
1.39912688314119,1.30666999191424
1.81303752717615,1.69609697422264
1.58867177920925,1.4781695821819
1.25177360957813,1.15408576487613
1.75994864063851,1.62622043930902
1.51610422639177,1.41416663887953
1.65714262164552,1.54531274371865
1.59370996605467,1.49865120953531
1.76318737941975,1.64611143079658
1.5034146717742,1.39949986448432
1.75835882026641,1.6580443660706
1.69862953120706,1.57310548291534
1.61426830234128,1.50236107568588
1.68722327405024,1.58826471648956
1.42862108809563,1.33849089326668
1.69508752370836,1.59211686008479
1.79242098428536,1.67770706247003
1.65265926720587,1.54305274992334
2.01788253779417,1.8875128709602
1.50860249701724,1.38360446729922
1.88754128237161,1.77223400283009
1.73067761211647,1.62512190990634
1.54281515153536,1.41436588111851
1.55547228243654,1.44231230697181
1.73266427815907,1.6209813810836
1.69912638103598,1.58648898106709
1.71756002294857,1.61335651412526
1.65227025154189,1.50194187787921
1.57181000704652,1.4684027557152
1.46725455999195,1.37242628379411
1.68367845437116,1.59990288354991
1.34573735112032,1.25983297910176
1.82040822721311,1.71815229937691
1.51754160539771,1.41564104338315
1.5997022666008,1.48664597806992
1.70098646580407,1.58435019209373
1.76915479061371,1.64839344525392
1.48793702909606,1.3442227384988
1.5325953648986,1.42634693897613
1.8366799167476,1.72183478357542
1.37791458680646,1.30508693628293
1.70179786019977,1.59085998847
1.94464744255661,1.82663493492491
1.66737980125165,1.57069535212675
1.40136138847871,1.2964955897415
1.60197633031932,1.49211175582419
1.82536742181227,1.69750538104937
1.93887344704378,1.81282093390755
1.13036196236942,1.06214610939069
1.3655355944012,1.27898746850473
1.62863844562592,1.51122965249683
1.49218333544493,1.39925550640092
1.89300732571853,1.77126711347263
1.91991793674701,1.81059449595393
1.65597290762234,1.54765544352106
1.66852339591385,1.55148350034111
1.88020115348849,1.76951065779455
1.67678504525434,1.52080100489574
1.41666595737529,1.32023126460802
1.58713325678975,1.48797617834339
1.61675119444099,1.50038753793955
1.59828656484829,1.49449430203669
1.65179045444772,1.54234711115255
1.67457237593211,1.5530124584349
1.2617278251244,1.15448857956845
1.87887553155222,1.76858901656811
1.47560713689086,1.38210397975728
1.63036806857763,1.52426954217856
1.44695136574676,1.35181654988198
1.65107181541945,1.52750168189462
2.05755074059361,1.93703145617662
1.55717303107094,1.46397160706405
1.43270474879372,1.34752020869433
1.63207507640867,1.52966247872927
1.63418899891518,1.5120701011001
1.83359683960645,1.72818237519804
1.4576506474394,1.33019612708557
1.5730956202119,1.4801098848479
1.28595836222572,1.20485188632648
1.53463093275067,1.43649559246545
1.89587755978589,1.80548487430872
1.7567340049191,1.6302118210225
1.79959161051007,1.69580083669217
1.6098337362275,1.48874596739497
1.82439891977551,1.71948717145212
1.80390586851767,1.67850164168158
1.41242077889198,1.31619057596468
1.65124948681129,1.52725071779366
1.68217873465511,1.57344762007207
1.72064740860652,1.6099208842822
1.62481130234013,1.5333118666441
1.77278725743631,1.64009078277008
1.49817613715852,1.41094867760758
1.75387547267651,1.60376069311425
1.68690673482393,1.56991838831522
1.69629149874951,1.59209576929922
1.43442596026446,1.31926192561888
1.65077183430305,1.54451987927431
1.70096780511302,1.57626071441285
1.35372873884793,1.2640925310529
1.58743337675314,1.51458435814069
1.88612711959723,1.77995463251778
1.60487921147424,1.52356300049537
1.67328749710379,1.58203269803862
1.80341589910443,1.7069054437131
1.54701733588907,1.41031765262254
1.6601840041062,1.56744314167202
1.68076009289387,1.58763244887287
1.94136212146398,1.82013499301971
1.82726189617164,1.63131292595056
1.58419669093303,1.47846389635055
1.86044211339351,1.75152895814587
1.55998695568498,1.41048623851645
1.76127148253856,1.65440810880328
1.49784346387135,1.41364362671657
1.78036467958516,1.64997275457183
1.47547967536528,1.36889910780143
1.58617416151085,1.47915946436409
1.67319547899627,1.56135319948451
1.69855777287304,1.60205082927712
1.44161719327768,1.34062397237114
1.76201121297405,1.6568294209605
2.10520085879375,1.91485260121904
1.48659086983247,1.37829041487011
1.80366161629976,1.70375923462971
1.52473693506448,1.36697202931366
1.48005205612409,1.38409598005193
1.424723464177,1.32993199559325
1.55755227301642,1.4476043642331
1.38314857703128,1.26356927400085
1.55233183466536,1.4640278600584
1.51327090762441,1.41792123423545
1.85407367261139,1.73962525498564
1.67363832532106,1.56499022881207
1.55233999829082,1.4274021318304
1.49337958427889,1.40094857885214
1.68926547546145,1.57927588500273
1.66762557705722,1.55893391252289
1.568281516929,1.46301717688968
2.32426292593466,2.2047439441621
1.56647381441482,1.45622226923891
1.75841291643309,1.64744242071741
1.4329651654264,1.3265351811022
1.53453093503974,1.43383963968473
1.66051274219974,1.56505163458987
1.70835208649834,1.59529120773848
1.75103609980686,1.6461407177586
1.37682237129177,1.27919266738963
1.44947887513482,1.3521166519654
2.14170289852373,1.99944814494358
1.54716574776284,1.4182843945892
1.3540228475343,1.2514017536869
1.3825964312451,1.28319614078262
1.69642984640873,1.58189505082419
1.3596361892226,1.25690933825489
1.65930514421484,1.54142531231777
1.46859613624646,1.36784946620751
1.46968202915662,1.29539316121964
1.41492541540127,1.29808454966552
1.68127762396501,1.58234372107405
1.71813847193594,1.56499886302659
1.7607258517827,1.62923551471825
1.70641151329579,1.58199618870939
1.57902539946776,1.45948450941565
1.61213857135,1.51489878464162
1.45985992293177,1.34087060573589
1.86408807419061,1.74670409162377
1.71939529413951,1.61202574494193
1.66041989193856,1.56411235020072
1.6288414277567,1.52725466646128
1.84566005755964,1.72020807418245
1.56649408406085,1.44178062685414
1.56577867496388,1.44065704287375
1.68763015697955,1.60366339501665
1.75951755271331,1.54207065699972
1.5476326524646,1.43703310660519
1.59093222135952,1.48905515101706
1.48274033997069,1.38852418572742
1.41491064262381,1.31067327305283
1.95964542258583,1.84240679681002
1.89686829087805,1.73257146315446
1.72464726776945,1.57692760528997
1.42131359910759,1.32232074241312
1.6065771599914,1.50463127292589
1.64901635316845,1.53465497426075
1.43968133426233,1.31605911392189
1.47687520261383,1.36054892006659
1.7043290237148,1.59929800944289
1.9213605269178,1.79951835082128
1.56891106400934,1.4531432997013
1.54447429824202,1.42930478535025
1.62806285435309,1.52795211595546
1.69314902893503,1.59577192449582
1.64009947570659,1.52875710708841
1.83259795532172,1.72760749651395
1.49094217033545,1.40558319290553
1.58231714650367,1.48576465642376
1.77122363028742,1.64812963369792
1.55852624980338,1.44306597622277
1.5260038160443,1.41528218718696
1.76428192484671,1.64483452839286
1.75146860787909,1.64147825052235
1.56862485659188,1.4535159442776
1.45932465068719,1.33986209485971
1.50414391500022,1.40729209995256
1.33535825824296,1.26174924372361
2.14264825324483,2.02237534015214
1.67935008391715,1.55799832610101
2.25234012839784,2.12993356953288
1.80028333647843,1.6985313995874
1.78930337321051,1.68056070049627
1.49072280237411,1.34385822589639
2.00104606165542,1.87457162101923
1.66841955721855,1.5758495664358
1.69434693157803,1.59656718027217
1.67747244204199,1.57667792250258
1.77238548788442,1.68098981745297
1.21420716289161,1.12563119884337
1.62463211499362,1.52982695756497
1.46618779406424,1.34223702160679
1.58012249601637,1.41944679240001
1.33632017815812,1.2835217344198
1.41690764495388,1.32543964327111
1.41684427498865,1.26073849225303
1.70606284590531,1.57839867131408
1.73025016590141,1.61608080241169
1.47093979148213,1.36343611278297
1.7297673928779,1.63079030948231
1.7074102148438,1.57584468186065
2.19162833947264,2.05093618911144
1.76271668021276,1.66117266668553
1.55695925096413,1.44891829111187
1.65368401107894,1.53066905771404
1.61164871210304,1.48116864933665
1.82514842417026,1.7003769827945
1.60413641949708,1.51766540733103
1.84816474364213,1.72872545249148
1.63339536003214,1.54869395031027
1.44505746762015,1.34786509365172
1.47243553903964,1.36702202721452
1.45463686072693,1.34456594487833
1.57268471056141,1.47865851630638
1.66458546061841,1.55502853808374
1.38215241211153,1.30259288364397
1.64002365851707,1.5363469546329
1.83426986178969,1.71477288700988
1.55571384857836,1.44046389064722
1.72286982026141,1.60374140208643
1.68614350442561,1.57278968775128
1.83944517400943,1.73797985732313
1.80274600933977,1.69575196113701
1.83540932305538,1.71981542834883
1.71913686071247,1.60210676088479
1.79492859036298,1.67868273956235
1.86290826028216,1.69608849760696
1.65705739374495,1.53386938915444
1.66719246802483,1.55701026709369
1.55362457438487,1.37610797265815
1.82221499247243,1.72627569174693
1.41007909539887,1.31247531627501
1.53252981640765,1.4102503550907
1.54926620703089,1.43724836840112
1.48098802274536,1.35533379697695
1.72840025983453,1.59947510069672
2.02205763422461,1.90835622579727
1.80004771841129,1.67047771224311
1.59320760037417,1.50320454223483
1.38848759233501,1.30867288750612
1.33026385463097,1.22484788819864
1.59886282658967,1.4269023063985
1.78217069301467,1.68579742025407
1.65463565956292,1.57099922669355
1.67484713929516,1.56576826534855
1.66189566029305,1.5442709500869
1.44344277656359,1.35034112988869
1.5607635628471,1.44418176684944
1.58981335356917,1.46279806595015
1.82516225287756,1.71250802262895
1.7212493557764,1.59733873136695
1.90736053387871,1.78552840897523
2.135709155007,2.02729832238934
1.54849330686676,1.44779278193038
1.60814797271585,1.50880023795395
1.61947320533949,1.52414908720994
1.77495271990851,1.64722956803973
1.20882023525068,1.12697964077319
1.69269978953078,1.58136645513566
1.59159331930178,1.47998565245158
1.64747183060103,1.55550241058294
1.74790226121474,1.63394611482714
1.71542162247791,1.6206755019075
1.38657506856741,1.29753445461574
1.73192994859379,1.54583446668103
1.62512431588046,1.49481658434308
1.51188223060547,1.40494972561463
1.58513075409777,1.48841313026246
1.82105649155951,1.70827983039765
1.62542789778903,1.51716175861449
1.55740396049661,1.43889099885182
1.71971151112435,1.62055741127855
1.44229493300389,1.3385603921387
1.45054576173347,1.3329428605363
1.56073357630253,1.46959767865383
1.60463199499642,1.50056130213411
1.86412315727109,1.67584265159093
1.68250105204925,1.57776762824279
1.20134109909274,1.12941932424951
1.50047039629472,1.38798216274247
1.71018019666699,1.59597782817252
1.81872765271574,1.70614204315828
1.64328947185753,1.52601672936049
1.8200521150246,1.71262930209884
2.04676737495304,1.90040702534374
1.60111885667736,1.42991035219031
1.65540781745049,1.54983834368312
1.74668175936055,1.63562152853732
1.38235084880101,1.26000003977727
1.46274340051059,1.36840001032866
1.60100871537822,1.52267947136396
1.45143707392654,1.35586187483259
1.81016252945528,1.68243777185033
1.47700896633923,1.38837681011736
1.61204686840646,1.51946564772512
1.82484013046597,1.71344332561284
1.49310371600851,1.37345275228647
1.48215793894911,1.39395767044963
1.82928703467872,1.66330202747803
1.56829846593576,1.47065900104183
1.6189469691411,1.51850864958172
1.39508423639736,1.30611855450567
1.48894243401577,1.39837933398757
1.58782060691281,1.48914534913164
1.60139476305655,1.48731887724813
1.65605774886918,1.56764488859999
1.32747549530326,1.22051044417563
1.67879408502271,1.57027661425618
1.43638385678767,1.34361019238435
1.65159577103086,1.49512589453443
1.62581188601048,1.51837163162945
1.83722861805529,1.7291881566299
1.68365365855497,1.58534532442038
1.56242279156878,1.45647398614302
1.92569704390876,1.7927295444929
1.80293277705786,1.68488988178969
1.44876808197355,1.35940782561493
1.54381237826999,1.45979284681708
1.79450000115266,1.68619038578097
1.44764340532434,1.27133054818882
1.6946240380179,1.58651848004889
1.47298276715289,1.37831149414355
1.67684101488628,1.56268032948979
1.7277291926191,1.61695119653202
1.55257433116217,1.45608742856412
1.51573264638173,1.38477470730677
1.73428823033745,1.6260151220318
1.60962222065436,1.48985655495378
1.74724949925816,1.6111618776122
1.76814711055822,1.67397357253257
1.51325799490655,1.41179952989134
1.49946491635526,1.39077652330262
1.86862922424042,1.75812776575397
1.87551639055864,1.74287558112286
1.72661325778471,1.62114363543133
1.81143270910428,1.69672508690255
1.80532083572413,1.70097904345969
1.544134702627,1.44918302138363
1.66483868023116,1.55490933553911
1.78362871095024,1.65933852431838
1.63312160298524,1.52695888632112
1.51550188207619,1.40377597116534
1.76332570402539,1.65798173775631
1.59277990662198,1.48540296668171
1.66094604119167,1.55075543301268
1.50902940355063,1.37112304490702
1.55460203249745,1.36353783238627
1.59707832816016,1.48464588464262
1.96600179550906,1.83449460320722
1.21142890674189,1.14657733754995
1.38998724896745,1.30346190249762
1.39475293193587,1.26090131837953
1.68693264114906,1.56801987102031
1.45359819879543,1.34414896923043
1.36971297724405,1.28968731517912
1.60852295705549,1.48595800260867
1.88225927913023,1.77525005612434
1.92820440895446,1.84333216029765
1.78687623554047,1.64804342555062
1.81791470175502,1.6313254161507
1.84832800192239,1.73438949622454
1.673593198146,1.55036545932195
1.75034498266914,1.62345846285673
1.77423509300861,1.66592342414179
1.88638130567098,1.77103653907842
1.61280675164578,1.51192319811858
1.63492724010047,1.51292580457458
1.91203723331775,1.79600254721083
1.64604594191365,1.52674026830201
1.6841449442305,1.55371450945492
1.60800596582371,1.52078488525047
1.60430009963844,1.41381909779958
1.8480459797771,1.72902061208666
1.60179680088574,1.48644117222724
1.65673480789156,1.5356275611103
1.91104492884415,1.78888705151767
1.77194513768148,1.65318604338553
1.808698044038,1.68693313006277
1.55897626385774,1.44168568345344
1.69897460694795,1.57663047851801
1.13023408222195,1.07094349406253
1.91944364457427,1.74486197435392
1.8675941412074,1.75809323874425
1.24185940211819,1.11102294751296
1.64326218788599,1.5179151518862
1.42941938257254,1.32487210634431
1.71529268188463,1.58897155964707
1.80805122824893,1.70008207824881
1.48819989280073,1.39842961450122
1.73324454720756,1.60708439377578
1.52375374200247,1.43337151755723
1.64508609990957,1.52340364082228
1.69009151452807,1.58442938016408
1.65448386480595,1.48736182537196
1.75078508925616,1.55981713550627
1.43332067489732,1.32213952329575
1.63429646113814,1.51664736170069
1.77028860327731,1.63134366433992
1.63207128101365,1.51622422535979
1.73279546493506,1.61779450551938
1.88100557740427,1.75792429928727
1.66127776313475,1.585583454712
1.65698458333452,1.58624855873464
1.59836298170325,1.49045898985727
1.46029882001178,1.37067608448827
1.7241336290927,1.61334028712042
1.55990284857748,1.45638001877162
1.98476110071783,1.87020177475317
1.57773784926619,1.45980926943634
1.5216271846753,1.40255963494878
1.65475510879486,1.55813390334863
1.80616245145696,1.692583471039
1.56651792595135,1.46148724590615
1.62985297379551,1.51799136601278
1.39017169045763,1.30371062879994
1.6239052377271,1.52092721333437
1.59100562904986,1.48948424853747
1.79379761643115,1.68868605704428
1.92239747616615,1.79799688102629
1.61727722050755,1.51072732700358
1.71206501469919,1.62383576249235
1.78854249851208,1.6843130956169
1.437226746293,1.36563866954827
1.53373067830437,1.4003815692432
1.66552961250176,1.55914382875863
1.556399769835,1.46613096146505
1.46682459687933,1.38177801273065
1.61104367056572,1.52766102495016
1.74885801513367,1.63775529339996
1.49379600302943,1.38834100488248
1.75067774839975,1.63973438577584
1.69294217382117,1.57446955574453
1.73558203264434,1.57197379987801
1.65156403175615,1.53060215113851
1.85222186425553,1.74405603683333
1.89972286300989,1.70714728094991
1.67722016347467,1.58436427771504
1.7357860518291,1.64112242623138
1.51734966055219,1.3447903363961
1.35080945601303,1.25335317987306
1.6842851381732,1.58817444099393
1.73779349700273,1.62414682792052
1.532470955215,1.43410737799244
1.45806979719408,1.35578019303331
1.5309030375166,1.42009842769709
1.77208762269473,1.65379794793462
1.43394747672423,1.33288979747331
1.72103705737753,1.58048922687342
1.9219279031931,1.79617109916194
1.55543625221112,1.44392979657679
1.82368729710909,1.70423409678173
1.64970289923066,1.5136925206749
1.87480744487137,1.75050607031053
1.30788207189024,1.23544826402622
1.63399107473979,1.52688326306217
1.53877502703574,1.45857495501825
1.80978573787872,1.70126330443573
1.68615317057936,1.56887139891007
1.70856934330878,1.57870919730118
2.07186900617287,1.95028850443742
1.50632120044804,1.38469222250098
1.761208365745,1.66087484912821
1.75978807074087,1.64412412253113
1.63556530085657,1.52155341839182
1.76590554199299,1.66103030145057
1.59105251753688,1.5039266817251
1.78429522356144,1.6052094507395
1.57748215088997,1.45565749529168
1.69798501110473,1.58685590735927
1.42646627273356,1.31970985295008
1.6857156861868,1.55085283100905
1.48664433379375,1.39226271830037
1.70816477641274,1.60796208365255
1.55346218848631,1.4437205691636
1.77294966991232,1.67267552489867
1.90559768001141,1.79118273962998
1.52036997506439,1.40421129937394
1.44263802860597,1.32719454193109
1.50702706107278,1.39646001086023
1.67488106581518,1.47529780737256
1.52779239273746,1.43468665069632
1.39892301216884,1.31548552641224
1.69923693855293,1.58616964772456
1.79259607372896,1.68472804518072
1.75001435652914,1.65867703109596
1.86472020416995,1.73013943550152
1.42916444443359,1.33728421397551
1.6936586381168,1.57620179531388
1.67004889500416,1.55410559270285
1.5223337950316,1.40743828729023
1.46335914572394,1.34122378349561
1.56802729407962,1.36719717498379
1.44132299022526,1.3372915061578
1.59858901299734,1.43051288829578
1.44170536118065,1.35552495445096
1.58294351842436,1.44044199269552
1.81261642876822,1.68380672988601
1.4236516054118,1.32746754410307
1.78652940979306,1.67771521579761
1.56138880118594,1.45595475408614
2.00675276939477,1.86621184417073
1.78535985332181,1.68167460401309
1.46246005197868,1.35690458200102
1.63595372051893,1.53289213483297
1.62607404538567,1.50617236070447
1.9116466301911,1.79320352356147
1.86622843976559,1.74577245393837
1.69585607496863,1.57042255567484
1.56093375031151,1.38915339411921
1.62507263752485,1.53624238188753
1.30232997067945,1.20620463842306
1.78325930560934,1.66589007712045
2.06554331674438,1.916979676793
1.5856942623459,1.47867515817298
1.66049990483019,1.53767149908587
1.65814292388386,1.53678722773388
1.68156739159169,1.56192316866699
1.67832662160233,1.52450331456966
1.57179473923153,1.40792195962442
1.70029449532793,1.57655639056619
1.49170366972839,1.39141940748831
1.53299540964184,1.36363964398857
1.67389150877657,1.48727307562052
1.76934628863897,1.65166690136147
1.66036616552283,1.55639136823471
1.49292089896099,1.4028160072449
1.96268441348428,1.81604335840266
1.5779916265801,1.46131861092147
1.49563778033161,1.39606406443546
1.87791553564493,1.76918034370297
1.73884677520729,1.63340640582521
1.91775695803813,1.79249414965346
1.61004306477036,1.46597785849565
1.47139494936169,1.3671540688629
1.49320044796376,1.36707213520547
1.69538306289692,1.56588482974395
1.83611165565051,1.73426449187218
1.64571399922981,1.52646491257353
1.52951648590171,1.43923223338769
1.67180875226401,1.54678618612724
2.1063456745733,1.96018518423435
1.23757018415597,1.16389298836499
1.84910703571842,1.7412356641645
1.42175299053568,1.33677951762344
1.85603227190131,1.75102038525483
1.8791147554602,1.7355279478743
1.6883811541128,1.60088428359905
1.72013930033271,1.62220392323587
1.58788408767501,1.49860080248509
1.66687476573136,1.54824741676971
1.54436992700061,1.43274651371843
1.57775507939478,1.45110663127012
1.60724863994372,1.47941867427239
1.57463030443516,1.45727452576187
1.69580472363597,1.59435744316377
1.37491142854572,1.28215306534021
1.67187824681512,1.55435661735448
1.76405786141835,1.63919134924085
1.75018840585244,1.62967742931619
1.75758854703038,1.64145703237997
1.67407022341967,1.55812924910346
1.35575817087579,1.23741470830455
1.53388370219132,1.4168497327782
1.53218325893453,1.43684427381511
1.62645770203079,1.51824716874024
1.8769757830064,1.76544347276995
1.4843400065225,1.39443231752589
1.51200802917948,1.36088399958866
1.72135773261048,1.61300921293338
1.72892130495102,1.63621022357469
1.56168585039646,1.44976194483923
1.86427671832981,1.74627360028688
1.85961481240382,1.71606053772677
1.70624828923757,1.59533428469918
1.68798948072165,1.59262061153814
1.53509551597392,1.43198389617214
1.438707204228,1.32102154987471
1.74260835849148,1.63015332036485
1.41212103192572,1.30781690795731
1.56704359410317,1.45106841789275
1.55064244199033,1.4372428083908
1.75011840671152,1.64266116446192
1.51125449889721,1.39573014812639
1.54223984193603,1.42715828887597
1.44038646610049,1.33512285778763
1.7060084704985,1.61613528487633
1.69993503459698,1.59276728730905
1.68654902608892,1.58204845624943
1.4883304645254,1.38120631583769
1.78627604912684,1.68646802174391
1.81796102222341,1.69682702656692
1.59987368784704,1.4873053354958
1.73112177131873,1.59723061786378
1.70761624144624,1.60507008256886
1.45608301821783,1.36631189881311
1.3494259992539,1.25459748152914
1.84946156584197,1.74497951104282
1.68340115981681,1.55766606282899
1.54012390112729,1.43529717286508
1.36387369555229,1.28311391825166
1.63643571934468,1.51258838533109
1.63837684846929,1.53686140123579
1.57200162739491,1.45968665294629
1.67246205652318,1.56818353952438
1.42570502449203,1.32257986876925
1.49617691701934,1.40956400944082
1.49501586453817,1.37609368848823
1.33693734337072,1.24329372956641
1.60650693816548,1.45952355320083
1.81958083526325,1.68746240402637
1.57988238559379,1.4873369652026
1.78831590320562,1.69082830027169
1.70525244270488,1.57370878517988
1.51929417552539,1.4092770594446
1.70753807642057,1.59393698647772
1.50149877218537,1.4128516381461
1.41471080136185,1.33932944488438
1.68909795471165,1.58544081068454
1.73512027511538,1.61090028109867
1.50731639750702,1.41189239587093
1.56548181420999,1.44455628720112
1.60518378031803,1.48616720756648
1.88184819731049,1.76318107674734
1.60279267755716,1.4775744218644
1.23199898244263,1.13809572955082
1.58414831063817,1.48256016736957
1.58595914977609,1.46713998541014
1.61401185321492,1.48535287639523
1.65678126980662,1.5703796036405
1.95036008904156,1.8250799179859
1.59964998762068,1.51038355205301
1.74810698088659,1.61973613106271
1.63699334627483,1.52548217053153
1.72373585195554,1.59588446986684
1.53076527558538,1.43337546377577
1.63193087484772,1.489267855339
1.36064081104779,1.26775048248758
1.71855978283847,1.5950795632884
1.57675192990735,1.41849804458745
1.76065168242954,1.6186218199989
1.53508779596191,1.44227110661796
1.85731723403003,1.75271359907901
1.37507698747172,1.24355069447348
1.33752498094939,1.2572628502041
1.74850420263418,1.67128921796904
1.7664419320767,1.65403693680392
1.81529340187165,1.70138817564842
1.51194257240994,1.41936402745601
1.54706098697589,1.43788689322522
1.4859351559569,1.35042843197651
1.75594107499625,1.66524122723978
1.45366024486331,1.34521848587222
1.85771201221664,1.73574980144638
1.17052254267857,1.07995106340062
1.6238145228822,1.50792804773017
1.72622988983092,1.56089393965213
1.78602094971543,1.66547850575296
1.6503072114584,1.53188009570971
1.68612214151336,1.53440791252903
1.81347300481348,1.66726019608505
1.7054258559783,1.58938425494559
1.64522991427597,1.53579871861584
1.66426434245633,1.55191644624405
1.55014170801758,1.40047956912644
1.73903374900946,1.62885145847286
1.79391733615771,1.5891888877054
1.7736987919558,1.67345094329935
1.52750568964999,1.43038310654996
2.04813689886906,1.90181495545362
1.45741290309229,1.34738051589518
1.39684811079859,1.25995840505217
1.56967922692651,1.40527969617574
1.51290479946758,1.39218758663778
1.55151056419431,1.44435926567513
1.56996706132508,1.47373303953761
1.89356119867914,1.72188187798647
2.0860784278999,1.95550351797714
1.56730439374383,1.47287744687094
1.76370167511699,1.65872570337789
1.4074527603128,1.31924534706093
2.14677431883859,2.03353908524324
1.77381361452367,1.65296422759378
1.70597679930537,1.59131942572583
1.73027381959318,1.63189478043786
1.51110188975602,1.41426871245589
