r0,rt
1.84140741634937,1.31728565811258
1.98576615551152,1.49027805174286
1.92135064923133,1.37824574023095
1.75914207735635,1.4228638191012
1.58325961470024,1.17410867962587
1.71298099987226,1.24013459395519
2.27755265786331,1.51252864238043
1.77467308564831,1.40501503026713
1.74882186887498,1.48417678073908
2.04062330452468,1.56346123006102
1.94115375962843,1.5552414091586
2.04474851119971,1.46927377568848
2.04596500986784,1.56775310284393
1.77195713970554,1.46723358455548
1.83254671750485,1.3915789769335
1.87383123629917,1.20845710866123
1.65962659256085,1.34798176008444
1.95863898711089,1.42355871825938
1.94662202666852,1.51413566830158
2.20788370790758,1.50125412212834
1.76584342852629,1.44286759149236
1.89603489660327,1.42647294147157
1.76529746108714,1.34355090732467
2.23812231515387,1.85880741853795
1.90094487270698,1.48942971884709
1.85215305020348,1.50932158849545
2.31536219696029,1.8482525094924
1.97345581598797,1.48975783214944
2.02264336852957,1.44933187393578
1.80313990752513,1.36382009902578
1.88315870332195,1.31775449565393
2.03140685391683,1.46197022936774
1.88643509925472,1.50517576521444
1.73528669164178,1.40187671260378
1.39310370686665,1.22386413811216
1.83207478583925,1.3170417369218
1.76866425923499,1.51073097062495
1.5484690580063,1.3109428844648
2.14512286024631,1.56181427605881
2.22715251184439,1.59544893152211
1.89017448556405,1.36926329477541
1.83738428215321,1.38675286584329
1.83905945317237,1.26459991731704
1.85780891614522,1.46921534150453
2.02407891924839,1.47927649001619
1.93326434184555,1.56306608310839
1.74195149019159,1.27081828140091
1.89961187339706,1.55393057877929
1.90811575274453,1.53903588980982
1.96153337362764,1.56370505520572
1.65825353991098,1.22135560591569
1.75424567955956,1.48396213911232
1.84772404517893,1.58080699171769
1.84179817042331,1.46139163299571
2.03269308617598,1.6144177793234
1.95111482910366,1.4482515872719
1.82762757874082,1.43094873810619
2.07297511254025,1.5570552565981
2.12140760499686,1.58227092901372
1.97537639140479,1.50498532012165
2.09775030447314,1.57022832628538
1.71089924245774,1.44738163328368
1.77650346599603,1.30737243217395
1.99273019306837,1.55398546074595
1.69009860074254,1.29753067633994
1.75913813506947,1.45179614522693
2.23719997260795,1.58157340580977
1.70172587300145,1.27760778464013
1.98852343928174,1.53936534059418
2.17106733496164,1.58155722268954
2.02804406083616,1.46892322548165
1.89213441071596,1.48721714867919
1.94913582093004,1.62341897185221
1.72416897871687,1.15745324105397
2.14329260470592,1.5055397335427
1.98441030224958,1.59081054125523
1.67997131550621,1.26289980659623
1.57493515754445,1.40277449108542
1.93074235773168,1.59198993590499
1.97727687852725,1.53685203158032
1.74879293005598,1.28311722991887
2.0013634201198,1.61282431160174
1.646988566132,1.37473876314544
2.09391849565402,1.68056956002364
1.68781037275846,1.26738383585542
1.83253555190888,1.34744233066307
2.01875398011312,1.47894362404246
1.63292704225013,1.26416313317517
1.9640239064779,1.43954746526882
2.2294455757413,1.65543467733567
1.9566349017946,1.49321240257947
1.6252964949954,1.19112532924863
2.20639566375441,1.51604382405774
1.81286177964431,1.27616109699685
2.01828874274709,1.54169734693878
2.05292396772992,1.6396527440046
1.56182696604904,1.2513437425427
2.01754723234988,1.56096500097343
1.83930231226199,1.43594176489668
2.02790475025104,1.55144567978555
1.88762777611176,1.42028972477777
2.03250838975129,1.46537211872505
1.88212052012941,1.55931385700424
1.97450675412599,1.41347018790353
1.98543542338159,1.56657822419558
1.93514577882489,1.49080276920128
1.5930448557034,1.24223126216882
1.93727721041927,1.57587481638377
1.66976473177644,1.30766986684641
1.98170863779825,1.55796376627282
1.73022952742898,1.41476206108238
1.85282625269311,1.48153622253081
1.49972157893105,1.21867499995966
1.89420105934136,1.47670052847383
1.83160086152142,1.50820844637476
1.86328438039202,1.46846040002859
2.10264143969682,1.68672969677094
1.94029867598231,1.4469312846349
1.39534701235042,1.19762189114754
1.60330844391247,1.2388158947567
2.26462769886996,1.83343631337802
1.74825060966005,1.30446657987395
1.99963418474529,1.57791295344506
2.04970964593352,1.53742785087411
1.78918650039133,1.35871135202605
1.8197996908879,1.3971087536219
1.69628974865328,1.30808316504872
1.7769490609365,1.46974612901403
1.94894580130478,1.55850196156382
1.94748944405264,1.43905808738691
1.60315941882399,1.18569466205684
1.88093775842715,1.51547136611313
1.91671737420287,1.52942306171524
1.8063397036975,1.3922468633413
2.06177448442979,1.49799706637227
1.87215947496861,1.48778183545476
1.70939760007984,1.38979252665815
1.88790217414403,1.45159858083516
2.05272752602293,1.54826292145211
1.80211451067661,1.33908809447381
1.95799990119977,1.54565970373377
1.91868221524248,1.40497398723034
1.51276712340518,1.24584332137353
1.93761328669767,1.4403606796099
1.72185873248161,1.36163113081294
1.87171050616209,1.47565110413338
1.82781544992427,1.47629201222263
2.08481348023601,1.40396839651687
1.92171921795355,1.51509508448875
2.14207258994312,1.50548391010318
2.42380633148864,2.00884672573785
1.82734028984823,1.43344305083062
2.32958725710951,1.80238595008812
1.47290416310437,1.13253837546013
2.08972675687406,1.43403086028435
2.02428854640701,1.42720852993557
1.57758913166001,1.18303526976582
1.71647841634626,1.3050278521836
1.67800245571611,1.27192727914103
1.40608333079782,1.07034828367664
1.48400628591378,1.17108246748436
2.09085485726113,1.55599161913927
1.56349864151735,1.23878493329396
1.83021683557587,1.47273667298006
1.72927123418835,1.22474190794266
1.93689603019465,1.44257783462447
1.80525570044823,1.38742748056131
1.95402940522418,1.49758422678789
1.6405706438175,1.29108738789185
1.93534622642142,1.31365800514655
1.89752140346622,1.45889993396144
1.77577805269468,1.40464741102958
1.86200786233808,1.49632840964642
2.0084166364255,1.41034275024182
1.60948090498765,1.27593926274901
1.83105164288987,1.42220044401997
1.81412303892729,1.43060754670054
1.60345813615827,1.23587479754518
2.27858009525019,1.67613128176536
1.95678923442379,1.5661217588195
1.37108237346892,1.10277172054652
1.62868252452309,1.2769147056959
2.13982620539607,1.53483161923272
2.1933343962147,1.62750656866599
2.08039687505908,1.66136482975608
1.80142032165403,1.38681205234114
1.57281268994965,1.30109268947521
1.63421258512936,1.32565592997673
2.19837480381607,1.56887788781456
2.13112090610203,1.63901021449075
1.68198153296541,1.29751530986027
1.95978741296225,1.41410851407185
1.96700762093671,1.48622997422227
1.77117542250805,1.50944185183804
1.77173849891844,1.42928780783584
1.66791242385334,1.24749572054041
1.79325349494105,1.47706394475898
2.16627460046626,1.52118302969803
1.8969627483129,1.44510077826559
1.88831420836571,1.37171793727282
1.76479855920211,1.50968259233044
1.81645909960911,1.49064528082033
1.7423467018241,1.43628636793581
1.78614559425667,1.43411753163583
1.81267242989168,1.34331995558334
2.14860061994586,1.5922696318655
1.81793805151378,1.39100228259539
1.52413822713909,1.09030677331413
2.04995478549887,1.55587828926333
1.70220735897263,1.30187139551429
1.81488908072298,1.59517937462421
1.58240818322178,1.18660238692653
1.79491704281288,1.5402663117397
1.78006476390871,1.40032715921632
2.02869636515253,1.52874527117325
2.26827146456079,1.68558470744589
2.11108384863993,1.58121421708207
1.61759659026703,1.28330702615241
1.80802803083365,1.303270039022
2.01121637583054,1.47924759545745
1.85229740104266,1.36793239105102
1.90292517687794,1.49005595519541
1.71965598767628,1.47201029306533
2.11013600297912,1.5766706498927
1.62238506652819,1.24251846035538
1.59323272213748,1.20444013287485
1.94766995881921,1.4951725192581
1.95876683450992,1.41914266461839
1.66107508834353,1.29020942344696
1.33425322780682,1.17581780165919
1.78276981506954,1.34164310509245
1.88636791996388,1.43845736399305
1.63729182655496,1.25404687395886
2.0041634792132,1.5048807067006
1.72671601139205,1.35727846250956
1.55799217194031,1.23702597016772
1.68544369036257,1.33863228825408
1.63585214219397,1.24213239623967
1.80356830443524,1.4347097256591
2.01424706519679,1.51353042976106
1.82879334795398,1.39367162364978
1.77690540540139,1.38410337502294
2.09743624680619,1.57896020898424
2.02123315652789,1.43382793427893
2.20335710181743,1.6715680108001
2.17922638828375,1.65624513110186
1.82830408115826,1.33136024080801
1.68689308382188,1.2755917325004
1.67143168345196,1.43085743934617
2.28956517592954,1.85299636571741
1.84993152519155,1.37307008919437
2.04138525984158,1.41461845069705
2.22460721961735,1.68527047030644
1.70061561077429,1.33004676829354
1.6717217982475,1.32692963653641
1.82856673221425,1.40256563820612
1.82017853021267,1.4259531096101
1.54795042744716,1.29359619762715
1.84199977955006,1.46700039748193
2.05906724153639,1.56205653203003
2.42797837944155,1.85337472590852
1.80415434207353,1.41736429505953
1.53733620673054,1.27993724185896
1.50128704240182,1.32128939741563
1.82491064050568,1.44658413677902
1.68529348051523,1.30527552243603
1.78541655742055,1.42764374182217
1.90513830142522,1.45129660039178
2.145451785386,1.73195375008545
1.97899806604381,1.45283222409478
1.8271269977461,1.42008126898528
1.84405479493829,1.3546084499321
1.70442229448703,1.29073918153147
1.641131325834,1.44967627635303
1.80754786837496,1.40393104868646
2.21265779312484,1.75312331381421
2.11317405162441,1.69163764031198
1.88506560331898,1.4149687780932
1.68438648119778,1.38176262211327
1.97701782771358,1.40014570939451
1.55195101946003,1.27919950772361
1.9793235926405,1.582795019265
1.95242196131421,1.41276892130446
1.91194961440872,1.41814118958704
1.82537839602763,1.32285597525903
1.87068758651632,1.47665713672039
1.82836406429776,1.46461518922847
1.60348622360883,1.30121039438564
1.82799297232838,1.38068127348765
1.88398837877424,1.57567643127398
1.97472563989418,1.3875374465167
1.8571190913662,1.32967108341183
1.941028461877,1.44476538035702
1.71362657087276,1.38693049893973
1.75346356640273,1.46196725167243
1.69303075113667,1.25817275255726
2.22486716004852,1.9197831072935
1.97160113311012,1.54396995897876
1.74513554424804,1.40303065864337
2.2203671683639,1.59320330735699
1.98733550341307,1.48191088980335
2.00922648364468,1.45040852230037
1.85035879571911,1.36230651341089
2.19781394471884,1.66796879578336
2.23622978131524,1.69975328027133
1.60425487271888,1.33251775192891
1.71939117946135,1.28152350935
2.03979675210702,1.52522360423609
1.58501848963128,1.41537008049822
2.02535028942415,1.61206444699817
1.96531363048665,1.56760450389773
2.05034930953365,1.47020611663376
1.77688641389097,1.44227818385537
2.07392105788508,1.57149579678476
1.82424760592534,1.23562623929679
1.8461802587023,1.37205282682599
1.69379093454641,1.31838419707443
1.9850554081404,1.4817865459267
1.88322760956491,1.45192413864031
1.81354911455803,1.35661606498599
1.58045683066258,1.39714112252976
2.00940237623765,1.59898712369723
1.80100974448756,1.52262484612959
1.8370608515929,1.47072753333327
1.67936926224856,1.22106856335948
1.8079734198829,1.26936330532866
2.01459817520309,1.4795362285157
2.01348360336863,1.60793536793992
1.88656688690897,1.45807210128587
1.84618749856563,1.46791274511019
1.83719437199465,1.45407970498466
1.95753199053814,1.52463548034715
1.94930713917982,1.4970535253148
1.59257704150504,1.36302276220674
1.86345464361128,1.44377472217252
1.62914626810323,1.32384791142098
1.79571526973873,1.31318133532076
2.0072242690353,1.4542547453881
2.02064258711489,1.50892360433631
1.51375970199111,1.13929684447205
1.76601481041243,1.18999520170074
2.03809247800368,1.53968561806746
1.83829363741029,1.48365251388153
1.7382902332272,1.30632115807177
1.82909849006591,1.39730910684628
1.80899565216721,1.36644512704056
1.93168867197024,1.52568388734274
2.01586250057466,1.51718785304687
2.02857933572058,1.52319939348687
2.06149859334588,1.51084494663869
2.11199985856165,1.57946370037096
1.96104434434458,1.46483362764016
1.90263576282896,1.44641701248717
2.07248036923848,1.68700415554705
1.58979142665134,1.24146581997134
2.11106183771861,1.70526416442421
1.41820970659793,1.0257586321136
1.64192791970025,1.27704194783692
2.08841833211527,1.59090087306536
1.88559150304104,1.55005686156229
1.5156144436066,1.25751523197152
1.66936194057626,1.3445196267054
1.96286442314972,1.45409074393402
1.73501186099603,1.26932400380844
1.94736098834478,1.50807366276775
2.09044570166847,1.59602059043634
1.85410709442751,1.43959217945337
1.59212876214072,1.17343440433441
1.99075856189866,1.63690028353867
2.10754196817036,1.62760758684119
1.84384191060608,1.42257070174425
1.87878816412634,1.47103581771109
1.93735924498606,1.49366807751248
1.83223155427482,1.39307159928823
1.61507685223074,1.28879152857673
1.89716123035695,1.50630930996326
2.0746447842401,1.56090997793927
1.87836610068958,1.37481867587139
1.66474558196088,1.26304062671608
2.02799039910931,1.56987061581343
1.91579298475065,1.43438308712378
2.00641389076474,1.56854106896699
2.3138255779968,1.7629939136013
2.04046201377286,1.55829969759306
2.00322266071127,1.49721386696887
1.70746627153654,1.39561173654957
1.8498550683315,1.49824213352143
1.92777302553977,1.52744596977562
2.09898409352087,1.71571945529075
2.21750250529314,1.69519102192271
1.91990981997623,1.39912713572523
1.67766213624776,1.31935323880983
1.70683458586075,1.29469728479165
1.81353171987993,1.36628608047388
1.61521573663218,1.28140084655799
1.68098930386241,1.26521711755908
1.99934991348633,1.59611557818534
1.93824724438103,1.44296778237237
1.93300433130982,1.51816130343874
2.25175551528545,1.76823306962743
2.19390342761631,1.56469530447006
1.90920598535684,1.55086436167103
1.80703847989803,1.46434542337684
1.73170257883385,1.25386992344745
1.8528039354206,1.40452679705502
1.9633715454507,1.45483017453822
1.8111950677823,1.36671879484253
1.662155927064,1.40421176664066
1.9380145095836,1.5632796938858
1.9188588681371,1.50107093532372
1.85151514388734,1.37336791512195
1.98402865980163,1.51492087442147
2.08699558021157,1.4701978334337
2.04618062511647,1.52035356755504
1.6774808414601,1.1884857039138
1.87894499718214,1.27780981191174
1.9128326363192,1.48832897856639
1.91381739508821,1.50655302079799
2.131973435153,1.58747228341531
1.30629411555038,1.03158292265776
1.89745021002453,1.4545454594547
1.78718086844341,1.43404135862547
1.91130844970513,1.4202771718475
1.68873058022072,1.27104962889101
1.5272537519725,1.25550151771188
1.82252740741134,1.47937068052134
1.88143499288424,1.54874621667481
1.77175589158762,1.41812149327443
2.20218926835217,1.59916867136891
1.93344095789302,1.56586771432883
2.01969779045358,1.54121722079521
1.87490829601568,1.52767558817312
1.79422757224564,1.3483322544048
1.71935297469754,1.37146437528139
1.55455175517979,1.20918980022955
1.82826098302041,1.35833773132511
1.80570005923248,1.40979300343185
1.70387351237898,1.31364539762296
2.12967796681249,1.59149368087103
1.87242738668448,1.45892740760356
1.75355513478432,1.34369074669172
1.86750981891272,1.46160440143136
2.0259540713684,1.47431333248616
1.87265319531096,1.50667571040526
2.0577481099164,1.46562451083908
1.74178524973613,1.36200386772527
2.05757704555264,1.50168106519366
1.63267948111924,1.28052830292574
1.8709426747573,1.45623987334669
1.65443337451391,1.34825588801919
1.52623528559348,1.19310112793513
1.80979457472808,1.40713469060453
2.24608148601387,1.73560953588863
1.87201007809746,1.50568935153954
2.02649447691204,1.43905195758113
1.83562090109462,1.44891450967293
2.06098605077927,1.56978422987448
1.67238572380967,1.30007445995437
1.90310407916061,1.52976943486163
1.67160105915844,1.16968320006649
2.0210458674599,1.71723455375585
1.88988199613946,1.38502735445035
1.88758676725667,1.45837325794175
1.86868275455617,1.48554529021512
1.80802735522498,1.36087620077286
1.68403244122614,1.36613991813598
1.70930987889162,1.33402657483112
1.76155508832222,1.43693660747361
1.83486610346994,1.44942044513851
1.71551073710611,1.45432257656224
1.76081806164928,1.41474908736717
2.11351552529521,1.51940223595794
1.86429645616646,1.48563141892607
1.78869012525515,1.53330114062752
1.77460244396667,1.43298508683764
2.14625558750654,1.60534272213181
1.72705393001741,1.24317690525692
1.83552009951667,1.36292789647859
1.81447550414127,1.28089682581678
2.16174203541565,1.52866344485355
1.90480678165566,1.39677747549856
2.10863537474641,1.58638951590906
1.9674038542959,1.39936126352618
1.62970227715251,1.17350475337133
1.8962162607072,1.4667066838728
2.02806498184446,1.56427476750275
1.79751253381043,1.4008403208222
1.56262333268419,1.24319985391508
1.73686814058047,1.30826607475478
1.91047471372195,1.56672923104516
1.6336369154623,1.24816870684282
1.89005084306292,1.40266513953747
1.87542266288124,1.4111982590752
1.87445269107747,1.52951208444798
1.93802068364736,1.48631459725837
1.84871748582149,1.47302220779996
1.75789328137747,1.36135669015932
1.71784514956293,1.35435452547993
1.7698758556974,1.35514199583425
1.63512168115108,1.25346547489531
1.74325924220925,1.27251603877203
2.45778707641214,2.10528914896659
1.82712212171932,1.37379815127475
2.26261976354377,1.72650321149953
1.87190713199055,1.41258881938921
1.99600636783811,1.53541157113059
1.84956919508599,1.41635758527395
2.17914707589297,1.65835046291268
1.97539999963983,1.53489047853081
1.61785256048117,1.16747437868027
1.80461914291457,1.47010520042188
1.87622386486755,1.49043814966444
2.24168353127158,1.81343531297217
1.89787390942573,1.50235861871359
1.81727972554457,1.29506953089397
1.87597905801231,1.30664264204169
1.869654919638,1.40106768917462
1.95652949130753,1.49173608040328
1.92541768823185,1.38091578271802
1.68024584366792,1.32364070778014
1.83240779882552,1.35785661048348
2.13954846722795,1.71442195440763
1.83482511455933,1.3571855992434
1.97637142289085,1.47003070824419
1.99926047550042,1.54241730350979
1.6366487130049,1.24744269294581
1.83551872768841,1.42480111611689
2.05389023507573,1.69964416718893
2.13958728773819,1.51721189109773
1.6901803218112,1.31738155900628
2.19333509848343,1.61150458344847
1.99321689498378,1.63262084550061
1.66092527617106,1.29855427238899
2.02468653919123,1.61443461747189
2.23163282847021,1.68410268197321
1.99400635845114,1.35768930427826
2.20037450337706,1.67972447391396
2.04879578569318,1.6592840243985
1.80901332447982,1.41787343519885
1.47041344589353,1.0771229341484
1.94909397645448,1.5146248278472
1.70634449143227,1.39172223369714
1.91658444402468,1.44733105580532
1.78844850693587,1.28735185423156
1.6891885730149,1.29628428668569
2.03770763754698,1.43521538998839
1.97513960202611,1.42410060846536
1.74261412823145,1.44517127036502
2.07855905819571,1.51327820828442
1.71128300493233,1.34321172728449
1.93765997944919,1.45945144701662
2.35051592645892,1.82489770232766
1.97907762908617,1.55432667861567
2.06201552052473,1.57669372022935
1.93160055781219,1.51453104923912
1.92865125824324,1.4527999132045
1.73570053614655,1.54240132457795
1.93177911325169,1.43727641243021
1.48126909691216,1.2531074968138
2.04396951184104,1.47301101927511
1.47989710137226,1.14700792642738
2.01463300449704,1.52534388382739
1.77737309553801,1.30182817953772
1.76516260850236,1.23876398411453
1.93155028860086,1.45461871876874
2.05880464960592,1.58272915174578
1.97667614567648,1.47080549977713
2.08999183002163,1.48908554855017
1.69267603508027,1.3516202827837
1.66292527891128,1.29168183468211
2.13443821263238,1.74874905378173
1.86100383071665,1.49335279968927
1.94433339093388,1.56217492869149
1.6518870929982,1.30351958525139
1.94890564940906,1.58283989242379
1.82061840533652,1.43915954444712
1.74383305723629,1.44057874189177
1.80791324052005,1.47634202198427
1.64815245502562,1.30714499310516
2.00394220952847,1.4791201919666
1.44420694040469,1.27030674725557
1.6223499730906,1.23921133092918
2.14393922469122,1.55791648699848
1.96931085859421,1.63083853646995
1.81856200861572,1.37951048794758
2.02170405673328,1.50912142061467
2.04104035582266,1.52898054586411
2.60496461576932,2.02113719819004
1.86071423013508,1.34284850727926
1.95475317046121,1.50216619304865
1.54921086067693,1.27206507791536
1.86256516869313,1.366614683193
1.96411371798301,1.63004150102026
1.92091924134269,1.28582946376568
1.65157337648208,1.30962132461518
1.90801326005861,1.47793636310333
1.77701596728714,1.32250773510916
1.87977906933572,1.41374911489321
1.96812793204964,1.5482647904022
1.64126019509992,1.39991007306219
1.87098678704943,1.46072436529193
1.98134585700031,1.31207429215828
1.58130469265749,1.30496248390994
1.88245594754448,1.32591080145309
1.75613168679988,1.42019184966552
1.95554227197694,1.48463141827974
1.84716537959469,1.31461820063812
1.50105064978811,1.32249787985689
1.85066518005053,1.45852360445574
1.64260100865369,1.35715608484231
1.67087757926632,1.32487926877237
1.81064571223269,1.3671840809561
1.7110036542077,1.31883631704839
1.73616504513153,1.26680828240961
1.96433767783057,1.46273039462355
2.0356769743754,1.54375185273794
1.89107316988055,1.30171306243818
1.3177183796281,1.10890461406801
1.72480553105673,1.2855702701508
1.84960688177543,1.38035530873437
2.02941887973405,1.48790758906758
1.62761005045053,1.26680687372848
1.5950249824955,1.19382912797022
1.73516487839301,1.3753467088124
1.93489744800001,1.5134639809747
1.65716825063889,1.37726761720843
2.11429513040699,1.52649529368134
1.59650509136282,1.21510651974246
1.86918146788582,1.53553582785658
2.52564641181952,2.02093995552342
1.60221291752999,1.30014048781045
1.9544555299962,1.38037873890516
1.77561403003133,1.39781639672586
1.9324699377271,1.46444069707996
1.94718060662848,1.52727040746537
1.70916227810138,1.33479726294064
1.87575455073101,1.29259355327605
2.14434041744988,1.55101952350034
1.69204579622155,1.24538476637752
1.71390017240877,1.31913394371025
1.81323307455314,1.36792938379368
1.61592363331221,1.26806104917036
1.81463025162794,1.33054935960276
1.74887434660885,1.34425239005675
1.82755953315161,1.44310151984221
2.1327268626657,1.5274509237061
2.15271676047027,1.62330239304938
2.0028052799295,1.64643137348077
2.06702771691297,1.5777680845241
2.57730087796124,2.02302416271274
1.91520996074822,1.39910004800578
1.92656002602454,1.49370617923339
1.9238820490776,1.39500223116414
1.93578612613649,1.50583278628047
1.81545920916009,1.37257765180939
1.87318997602056,1.45478064009658
1.83901957793791,1.29738126245738
1.94914075209067,1.4671082070931
1.8626776198102,1.44464946861175
2.07598201344767,1.66955234593278
1.52511543089264,1.35532977318257
1.71762197129477,1.35196486979843
1.83705288588121,1.40500868962243
2.04586194628767,1.47489829322316
1.79192104375532,1.35132373402639
1.67808792782215,1.43893612914154
1.81701156901281,1.35477591661641
1.87988482046578,1.45750076337226
2.45546762138751,1.86669739293841
1.87910186296928,1.62325919309161
1.84423387659081,1.45921577285365
1.70320202185275,1.31224144523339
1.87521020559225,1.52668655715032
1.93932321969007,1.40090385248666
1.65898839517542,1.28788896957108
2.09468667171395,1.73183618027468
1.88962339038707,1.49289703874265
2.03073270441959,1.4607027904864
1.90509227766152,1.62962284414677
1.58741381874652,1.13648932963257
2.0423310045854,1.52709003807848
1.72008565786864,1.42337112722227
2.00739400599864,1.64108710765035
1.73348540907706,1.47848412819868
1.79185581465236,1.35666794904425
1.97870521208145,1.4583129036528
1.89874422364206,1.47818274713003
1.96780184731733,1.54220341126175
1.84820852296848,1.51506944344665
1.91960617656357,1.49684879337917
1.81855983264414,1.45535769292777
1.98384301817678,1.55752151006477
1.95487161267913,1.52041103354988
1.77080378326981,1.45816940399747
1.85377882543003,1.50975046246461
2.00402428244566,1.57851634548759
1.85404679772787,1.55806699539553
1.89872490586735,1.34986897829228
2.00709848087453,1.54293817429033
1.72741463786506,1.41235118536685
1.99990077582318,1.3823412122526
1.856952100537,1.34750175350937
2.11439531234886,1.65448855653975
1.62333298339964,1.20785366388688
1.66501605306608,1.45240830486499
1.7812549253863,1.33939531521454
1.65307600410095,1.27398180859474
1.78440238326884,1.35694666326894
2.13994349996849,1.50789226205516
2.0236620060998,1.38015538408851
1.98997894720401,1.53749445921452
1.8821400356949,1.42951357817601
1.73633220898579,1.44577582231997
1.52866379471953,1.17462238991624
1.99572210208164,1.46393648559748
1.84782444673081,1.45324950651431
1.98599788182682,1.53781876959068
1.96871047552666,1.45321675201263
2.31141676070608,1.60379430221912
1.92678461311105,1.5451973046281
1.90512248321595,1.49375130939096
1.88139880383897,1.42938987776402
1.76054906596229,1.32525391070802
2.0460698988054,1.56675238496445
1.89264004454578,1.46041848903575
1.69555890638042,1.3690797056897
1.75545158441583,1.35419464228296
1.64990396897256,1.327107584089
1.40118361976301,1.13164246345854
1.73284258888117,1.31997259311012
1.86538595882035,1.40159260126824
2.04918176458149,1.48932231668031
2.37928205187414,2.00779817895213
1.84221667588914,1.50012173225309
1.83479874708695,1.45664002427716
1.65603708785561,1.35359637659559
1.95756745823831,1.44363787919104
1.70252641181345,1.29408917464257
2.08975073786641,1.4575737177614
1.89379505891311,1.56550498343653
2.28850966575911,1.91441413658252
2.10468988654515,1.51299351536146
1.73289371641281,1.34485383734806
1.73327531525679,1.43347018417625
1.82858868250618,1.50324629405287
2.03993212916161,1.38829122200076
1.89075613913163,1.35348929099811
2.02418602866032,1.60579120371817
2.05991354320245,1.61773060538917
1.66515741950795,1.30729657851439
1.88323753558199,1.42206034256199
1.88824865595673,1.57437333594467
1.22038638264233,1.03776555981978
1.77017925311838,1.43242531310997
1.82762993791031,1.36587589291504
1.79813673246241,1.45880093628658
1.83234687350953,1.47939983655951
1.71224039844399,1.35757446776433
2.17938713554391,1.59159492202008
1.84192427384895,1.3208803855301
1.83464322811253,1.5454315807818
2.04209491808134,1.45867769338785
1.96895158666514,1.55106766703481
1.79442422059651,1.45851049207652
2.06826997431632,1.47761689365355
2.18522657354854,1.66123987238671
1.92301066573237,1.36983742875578
1.83559047794163,1.38266540039611
1.71704992233661,1.23577569146048
2.14740814976657,1.64494455950147
1.72100170600202,1.27019750091168
1.83864546677086,1.45549848147346
2.29852245274184,1.66396048968397
2.24883331796421,1.69847657438406
2.06787516868362,1.38972870706929
2.0380855154316,1.52390740630568
1.77802273299966,1.49803295800352
2.05302835614811,1.60523020295699
1.84741519838487,1.53599509714859
1.79594573744281,1.37105354636041
2.01169604816156,1.44906464853482
1.67674998049465,1.34113826527552
1.93061703823876,1.45389385941485
1.7605176648469,1.3448685831848
1.80421001142552,1.29499924642127
2.13177958798316,1.56921284732058
1.6624035929781,1.29371972684741
1.98712762701928,1.64832309069028
1.38078201770906,1.10794327552829
1.80199344509438,1.4852314647896
1.64674603053525,1.29588014934422
2.05322460479673,1.60229990628566
1.39876059024088,1.12313505623738
1.8241714989493,1.30011680359771
1.77806607938652,1.39576146458812
1.73236389461304,1.37738040742918
1.79609892373413,1.29558142324477
1.75120824182438,1.40881584832337
1.85870783467142,1.40629476920639
1.7951242979201,1.4459046770447
2.24798230410107,1.81412868531581
2.0238023608334,1.38067325430838
1.90715498325219,1.47427997566657
1.55252197369518,1.02581838701434
1.63581872603656,1.34510456973933
2.11549405068932,1.49608187154772
1.67744035825538,1.27536662195693
1.74523349558089,1.42320819850483
1.85139404715174,1.41163578906886
1.56774758747841,1.18615892247267
2.69190545681954,2.12796796456622
2.13212471258438,1.50203508311308
1.85286516000455,1.40596848579066
1.69709878942312,1.35979654701864
2.09738644876276,1.61645335151809
1.91709685742155,1.43458245995184
1.84686428279071,1.45946023715195
2.14476087687567,1.67082285106488
1.57223350196329,1.2061814830158
1.47559431489278,1.10926475893164
1.8412470579312,1.47008912749501
1.88913983155407,1.54862820830117
1.81198319436509,1.44447575363429
1.76848303872807,1.42977048868471
2.10011563520115,1.53083685874454
2.10595705399726,1.65523290448734
1.93327130881531,1.52097291386966
1.91394053043492,1.4987966590332
1.70705350584065,1.3271789940367
1.81886772043361,1.46082921667427
1.80985210531618,1.4117177839158
1.92224808728429,1.55934872157215
1.69563592392303,1.4489765870715
1.99486624405321,1.58836885905092
1.82679090833675,1.34340838401416
2.06131157129795,1.51675325878013
1.4411908362839,1.10172887603383
2.04683302151383,1.56331415481632
1.80407517523256,1.52441221082866
1.9064160180563,1.52827993731366
1.9203823085912,1.41434837986604
2.05711514772759,1.51360365267982
2.0830003544452,1.6939522970349
1.86858192227534,1.38831770541721
1.78913416955871,1.49224622877493
1.85334946977616,1.32940498569471
1.6957680500655,1.37506942444091
1.97170577784971,1.3695284214015
2.08998289259733,1.43832589880655
2.1378901772264,1.61890283440827
2.00008933262422,1.4781985486052
1.8222038979348,1.47991120056862
1.63775318267624,1.30973629881
1.97161896002251,1.58106665961093
1.84455447926436,1.409684708109
1.982943325625,1.38933474203548
1.5116500950146,1.09503637530605
1.81944285501753,1.40456331246808
2.02274025016604,1.32150347153711
1.53748703145183,1.15388089806279
1.6560601976304,1.29624338305861
1.71994878696846,1.27493426794268
1.91926870945388,1.40195796129014
2.06750130112306,1.57611343102976
1.88532975570455,1.45873672724186
2.05581307288138,1.63791657873126
1.789628419545,1.35864351366075
1.55537768007509,1.17936358571005
1.95705248560524,1.52700623625968
1.8531034869932,1.31841100295048
1.86105535483949,1.37591531040835
1.96225659842453,1.51529932501736
1.81604728729924,1.41861694068925
1.92130344248837,1.53655705612183
2.17479054489314,1.6276240265536
1.9573310470143,1.48477029555889
2.07929161488918,1.46745844568989
1.90493460315471,1.4254541789606
1.8772863609174,1.40191105722698
1.86537683394666,1.46954942742559
1.930740821054,1.54456005624082
1.98687768584711,1.54877209942785
1.87986944278136,1.37124090916462
1.8603740714186,1.47070494970409
1.93429173491511,1.51515513440266
1.92030818810952,1.40992091056582
1.89611768940476,1.41781356117672
1.76138166956143,1.34934455973766
1.91025123823443,1.32845624279149
1.82953413965703,1.39808423744413
1.90296230892988,1.24836031437207
1.90288912419286,1.45672597273748
1.76022219815354,1.24805231646452
2.52797387118685,2.05216301326094
1.79738357644619,1.47927519869651
1.71931197667712,1.31838161178372
1.70977269439028,1.24199325878064
2.40534840876196,1.8317682196382
1.560112486827,1.26087983949792
1.96675879094696,1.52333706961409
2.04324539382,1.40010356974422
2.0512604915323,1.60202655577732
2.38654585873464,1.98166188151352
1.87702720845735,1.48338422009057
1.80288225129478,1.35012790939559
2.08378828533192,1.71738964783041
1.65936877192229,1.32214356415578
1.62401240875619,1.24909896809474
1.99734951836757,1.64553601883906
1.82220655014436,1.39656275740269
2.30647639076155,1.61334805802383
2.00004112513707,1.47742997780529
1.9327991243556,1.5219608201181
1.78516208511674,1.39043124617693
1.46792758197835,1.18021564810487
1.88880097122475,1.55504585135998
1.86778962048807,1.28872607365349
2.02539082250399,1.53470083862927
1.78144044218552,1.26862473426869
1.9045353978586,1.46493593107001
1.99483401906242,1.45594731336245
1.67904721370252,1.31211344989948
2.05529212250562,1.37031136259173
1.86254008712948,1.50261335531938
1.97218776678244,1.61399591093101
1.7219434455177,1.34738883259517
1.96022935240303,1.49309420999493
1.83120608102906,1.45082619756843
1.56443383235856,1.24683329865518
1.57946886186503,1.27427871984189
1.49620549384523,1.22029183718019
1.96002673646622,1.44675206200511
2.07285381671284,1.71864667264408
1.76675088318803,1.31171235457151
1.7256123843901,1.36868013225198
1.53254752674394,1.24468775891914
1.81725597371189,1.4993246753821
2.181062977962,1.66162727676128
2.33034039031058,1.79253355868465
1.91520277923536,1.43469169810125
1.89444019246484,1.46840983105843
1.79411996759828,1.38170361416578
1.9499588044332,1.563541069176
1.70417809809208,1.38643944547189
1.53165825602813,1.21576205358335
1.86117107741847,1.53386440611433
1.91822991073505,1.37757148607623
1.83949090673632,1.45144762152779
1.4599665114874,1.17920132637032
1.53070766692979,1.19030977579248
1.75897512324288,1.22754899198331
1.51650628394958,1.26215058428495
2.22299909172113,1.65418390177069
1.9062194501655,1.49308917085173
1.75408119861153,1.40878509234533
1.8963719667983,1.42875548686312
2.15867196503041,1.65193998877302
1.69796986213919,1.27825740659636
1.67871752205709,1.32657392178439
1.75834046537015,1.37793595686358
1.96814703250148,1.53567147926828
1.91901851345166,1.54097812294157
1.84046256174374,1.46448664769184
2.01272239142956,1.44462133492202
2.52059668132679,1.8400979195695
1.94496404850974,1.51102860036605
2.06736996267384,1.43641181434707
1.96454934413863,1.48927666530702
1.7857978518606,1.3734277373065
1.94717689257598,1.54551883797693
1.93460139395728,1.23246923430798
1.71931051915328,1.33385986606602
1.5553399180459,1.31179046022029
1.99279244015122,1.62157869376354
2.0553389455741,1.54126743707486
1.94036947344733,1.46203998062211
2.6340941306757,2.04927154924791
1.69741383379669,1.36437012956613
2.16646084784567,1.56492639780996
1.94985823251482,1.57532232307087
1.71671145848271,1.16179885275136
2.47400092205531,2.02515036912702
1.87823296685721,1.53005997637796
2.18392335999723,1.54810452678029
1.56435704595514,1.24314809165247
2.0999919492397,1.48675627345464
1.76971878570903,1.43001249963444
1.62149458995965,1.39333418622032
2.01263213387808,1.49878817770177
1.71230743933189,1.34600566245851
2.32507254619422,1.84889907602433
1.82363440738407,1.25554877691053
1.84869624403076,1.48015304158104
1.84640894432902,1.4156113458783
1.69805796509092,1.17969650706047
2.24967031891652,1.84029111501812
1.67247477156704,1.39810063964498
2.17975158381479,1.60438625811215
2.03864153049152,1.58035372409058
1.6825940328645,1.25698088961828
1.61319776222336,1.26520838244731
1.88352752799328,1.44890349550763
1.99122545668546,1.42719589567717
1.82475748135834,1.4785174260792
1.92088177431713,1.37227789802848
2.13627741614935,1.50852431605838
1.81483679274464,1.38998072045531
1.98336236489252,1.53205970656603
1.67770919020757,1.42714463196019
2.01021686945776,1.61787278413586
1.81631202722673,1.41800389754385
1.79920577304013,1.42293691188383
2.00903516161236,1.63780714715512
1.57064064323174,1.3403530686147
1.74288538295072,1.42588470501908
1.90412213178178,1.47559087095956
1.87318283455374,1.38366041311087
2.01163246967473,1.47274897979316
1.64945557849525,1.10772494821836
1.78841627487615,1.48220632168961
2.05876585441096,1.43421114447125
1.99037907706609,1.42462292374008
1.86938238507493,1.47304426370487
2.03274158080137,1.64085606141019
1.72397315640438,1.20813824377508
2.07782010332329,1.50196997849178
1.75180052340901,1.40407846319691
2.08931345460444,1.53731440479252
1.71024213897848,1.4071913544601
1.8867392545146,1.5059460175165
2.17121323546164,1.53240142255839
1.81737917784894,1.40231513674299
1.65839279241099,1.25872123982326
1.9820352781114,1.56828817467419
2.10568545980895,1.56726227807546
1.92052050540474,1.47654549679924
1.92994537706042,1.41200375541672
1.92536065522166,1.47790283217203
1.86162833264254,1.48957262852832
1.96462224559662,1.44448596263668
1.80825081905521,1.49421858836515
1.94730791140311,1.43117891844654
1.72660102973667,1.3427305774232
1.88731021083467,1.43085614341205
1.93746143471856,1.40099793979169
1.98114055997363,1.42620744950186
2.20950903586357,1.61592988284668
1.67438456790257,1.30590601706768
2.03509437943455,1.53456773925215
1.83726976341522,1.38357328933784
1.65247478359856,1.24004083123596
1.74696316838564,1.31919867660287
1.70007193740796,1.26832187134272
1.62413747692997,1.34988822449923
1.71174724387701,1.37918853826296
1.60212553899569,1.23933291795611
2.01456335560288,1.45277065817453
1.78719710149018,1.39090250326391
1.70508968294046,1.26558396706044
1.98022264258202,1.42713380322379
1.84387616056558,1.30478624011093
1.70452990723884,1.42973162671967
1.90224062036919,1.49628955340237
1.88330796691836,1.41255617793571
1.76023674631681,1.34430580285081
1.75720609453198,1.3591597771954
2.31390817790413,1.64501082220249
2.05492175339656,1.64599614082583
2.15748874311523,1.54453779775848
1.9666230270382,1.56896553022322
2.15116927030569,1.63834471808319
1.74012824891695,1.38380848585503
1.63122940381192,1.24687073631617
1.79348146550476,1.28487146220927
1.79800445371195,1.19698813345829
1.93033627090382,1.52587011494735
1.88611898574142,1.40092714592189
1.81570158931951,1.43312028547213
1.74003099440461,1.35387502250917
1.85168924591657,1.52601571549445
1.70747408888556,1.38722951233375
2.08209502725584,1.45823378596931
1.87823036580953,1.55021259628788
1.81879102317198,1.27606227834456
1.76181714541439,1.36074932701887
1.86454485904144,1.46808191092267
1.96407206149133,1.56319173734329
1.75135874582055,1.41754649935196
1.89606317255374,1.35996616158693
2.10326060105732,1.61872243349618
1.90007072564746,1.50232300599484
1.64499944714082,1.35189223625769
1.82837973201525,1.49636250028363
1.78934724380136,1.39235110342215
1.64580500572028,1.2209822350261
1.89265876497478,1.37510282768727
1.74411139149242,1.30726655777841
1.97231369136386,1.49466615349908
2.14134215774304,1.55687161631443
2.02956410223839,1.65525411071204
1.88736835954178,1.47590056758169
2.01255212397009,1.50455902087875
1.77633951088523,1.46223516502488
2.16688663037164,1.51524337467072
1.77830767775462,1.40817528748253
1.73465582070707,1.40391813321283
1.90426111890486,1.43236987787049
2.11691934635885,1.48731767139303
1.7846701268859,1.4165702575063
1.73654818130624,1.31877453425785
1.67127464045913,1.29891623605581
1.85457333679832,1.4360365045868
1.87016812326827,1.42553372046153
1.71171893008413,1.4001708426865
1.61584726578613,1.37179004653077
1.99662148559758,1.54708572887461
1.82005823015994,1.46798401203651
1.84950647099903,1.43850590147108
1.77686160578982,1.4147508722599
1.74361545467682,1.39197526171551
1.65385302891339,1.23396498289624
1.72329096841476,1.30062444140361
1.72370239484136,1.34948350291754
1.94033506132733,1.52549776129005
1.98615379604858,1.42467087530147
2.06203030667782,1.73719130581224
2.04749769214566,1.50912300777035
1.81329838765041,1.43012622440575
1.99385369451825,1.4652094405651
1.93254722347306,1.52597480845223
2.08901708945937,1.49414245057937
1.75092751381498,1.33761737844023
1.81241837766823,1.46475207890197
2.16825042278754,1.63376990855879
1.85509813873222,1.38774245634577
1.94061895851543,1.55225667514712
2.18312413360453,1.6679214096125
1.85047691111604,1.32928995622593
1.91963731461654,1.43984308796636
1.76243248254571,1.4069715109563
1.66447928919403,1.39307978527004
1.86321860486139,1.43248990345832
1.92637857795545,1.3619340592123
1.80120062468337,1.51245209860904
1.81700227590088,1.41326218493475
2.11894755780479,1.5554182452948
1.98515782385338,1.54523019481793
1.77208029849821,1.50055533720063
1.95189074033638,1.42285781627077
1.96547435910469,1.45523242680104
2.06557915264226,1.61960592262523
1.99336735560727,1.59902362717912
2.03647034476413,1.57885994312843
1.68964609808037,1.35194308789315
1.65345081124298,1.28350822493219
2.20154643025338,1.62144273483689
1.89258470970089,1.45493780599098
1.92594786887933,1.50198330296109
1.88014488876117,1.42814572974063
2.06505220420991,1.37769102936758
1.74861799227757,1.50951936211383
1.89962169222886,1.54416598999843
1.86084750315346,1.4426373688497
2.05413423236912,1.54676046323158
1.97928259175234,1.60119682952739
1.63830702738727,1.23896010224689
1.55697205552937,1.18331633180493
2.00300336074329,1.42848828477262
2.13448877576672,1.53465467814841
1.42374370480165,1.16460553452261
1.7103588139906,1.45079247875662
2.06388554866997,1.51405403891369
1.79053351376431,1.45543350894467
1.83758082650807,1.49228275015215
1.63734705834799,1.30741805372405
1.64859481735264,1.30644385475497
1.94206715519738,1.51121827372554
1.78836001927044,1.2725912691925
2.1361501433532,1.60328655162856
1.78686059293505,1.37142299447764
2.21438927130075,1.66327991939351
1.74627531831266,1.39666262654288
1.98578679349483,1.52975588542146
1.87193043980257,1.42074896941352
1.98672423229284,1.51295048925575
1.68041973363535,1.23713204215036
2.15193579936292,1.58304793281847
1.97006249353737,1.5457682405567
1.87728064334346,1.38375479403557
1.73441753101745,1.29970277043324
1.63429398191991,1.18553583212019
2.07240733167695,1.62357694999248
1.6807185404892,1.37701895600107
2.16311479233143,1.49550027303884
2.05002975788843,1.54268427543146
1.71034493671115,1.26593268647797
1.74137774958079,1.42455648616326
1.6335980727859,1.2314408435373
1.76860747919829,1.35897388135472
1.88035182837551,1.4511498706111
1.98371678104962,1.42267222989277
2.00236020417913,1.43366490645402
1.73401339845194,1.45743604835599
1.77584097299906,1.42000585235517
1.7942688582575,1.37774334273886
1.41061379873207,1.08991740024498
1.83611085188596,1.30583572393373
1.92917965417187,1.4453902806369
1.9572473380505,1.47498465109435
1.93205932186966,1.48091818074387
2.30928407416801,1.77260329035339
2.07963312113584,1.52925047830743
1.79484459667858,1.36786334046089
2.12785298953627,1.67483800263395
1.90021335938342,1.55296087018867
1.62267240098963,1.37334996739707
1.94518956943974,1.45641595192239
1.73006830126662,1.17211305414404
2.23192182639189,1.66384979264559
1.92468901484388,1.36905739829465
1.41489324458619,1.15166984161755
1.8277284798636,1.47069730917715
1.83682207788425,1.41444017092126
1.99821741034898,1.61802006983415
1.77156266802319,1.25197829731436
2.05139483873583,1.59889535886378
1.79772769850028,1.38198437510339
1.69451347531627,1.25669078607216
1.86542956624446,1.47388438461768
1.64745498847315,1.2036196408043
1.94016747266351,1.4710730973416
1.74094987441387,1.54466374867157
1.75627060676783,1.28762463836299
1.81833321984876,1.35288262717561
1.88682351161044,1.37365962986496
1.75573659069663,1.48179876471062
1.83017390262363,1.33289808496637
1.4834009376707,1.20391567242582
1.51945530404395,1.20474759663983
1.75106324937616,1.45703567607445
1.88310975326636,1.38862928085808
1.69055495914935,1.31812930779825
2.32368887434536,1.97228671565004
2.19442235245059,1.60096108657967
1.89243610615354,1.36949422356493
1.8397725552631,1.33177851669663
1.64056708009328,1.40010243278237
1.67538474620986,1.23969991587725
1.99524092422085,1.48576337148348
1.86124140437818,1.35364263112952
1.88511710515332,1.44080810882003
1.9849257777086,1.41185259879421
1.61698893436668,1.25871105362749
1.58056699731793,1.28823559783517
2.02694183833667,1.44023082436646
1.7326634802284,1.46332256543829
1.8441212861267,1.59006009527874
2.18813394041232,1.54193088447198
1.82437999192004,1.38316570548034
1.79350460109893,1.23581782674717
1.5724555685265,1.25486034387086
1.74565455181801,1.32568262104923
1.85105136430596,1.50043469951397
1.30546491474586,1.07960636925608
1.90424523543071,1.48225476153882
1.79858668178187,1.40251666503342
1.62496862317193,1.25889592329994
2.0096803640366,1.47800957814117
1.9805886239853,1.52417792739763
1.95920366237217,1.52613774782754
1.66098405293924,1.21156799129744
1.70141729463368,1.37323194476255
1.85805695012844,1.60512205468746
2.05196987054785,1.48724230539893
2.01520285497022,1.66469828226375
2.03204439605986,1.4044907911081
1.86940539733001,1.4988568142828
1.82796422162657,1.4155741961295
1.6041473477928,1.31834569072633
2.1216426603879,1.55516576919128
1.79781321398683,1.41428930639469
1.99287498207541,1.54944309360544
1.89766267150953,1.47949135869204
1.61972713765074,1.36838553759774
1.91370991216537,1.50574932972843
1.72962754655417,1.5087848355453
1.69936912173636,1.31508314953432
1.82235886850316,1.42276257132502
1.66886138177778,1.4374794043174
1.85076140946672,1.41984062252808
1.92237201582112,1.51312366442111
1.64933984961496,1.38038131877032
1.69939000735358,1.29215481225241
2.04165398038163,1.51829873750018
1.95139897395076,1.45860674266535
1.82278481568477,1.5245840218135
1.97352477605599,1.33101152687249
1.99741771432954,1.42129318652383
2.1144082872814,1.6290415399544
2.02165506012804,1.4134877906988
2.07111374293642,1.5571285095067
2.01507829034456,1.61974962834225
2.08156615270111,1.71622501935193
1.9774134254044,1.56143559255834
1.73890680358545,1.41711332139879
1.88511486542416,1.57255435521584
1.8718433282649,1.50757625630687
2.03302320067255,1.61592410212332
1.9388074541751,1.54590646662409
1.76407118721816,1.3668974413729
1.99605501048642,1.44895186977586
1.82628402030802,1.46397027773542
1.59339253401965,1.1909486440612
1.98958406708309,1.57633134137422
1.9543193493691,1.57038521047926
2.00694155217394,1.50106705769666
1.78951900986639,1.30952370737106
1.37520235849812,1.08159670029988
1.71216657927477,1.29819218419504
1.79140856956006,1.34678311838576
1.89325116361787,1.58789438728257
1.87672582464703,1.46080359161399
1.86774234507068,1.42214363485711
2.02529921228181,1.66201611032664
1.9769029396219,1.59679866163374
1.91973559984278,1.49468229714357
1.6289161630041,1.34287392776881
1.53972107277976,1.19858046828108
1.84798779384819,1.3178852687665
1.86897862348982,1.39126367962666
1.75415497273547,1.3435413252039
1.87906078660005,1.54243896572514
1.92493848358218,1.35110158664836
2.22195411670049,1.74644179236094
1.95925583526182,1.52767519663696
2.06601877891768,1.57736317361076
1.98052277939361,1.49962072832772
1.86962967925522,1.43307518994418
1.71525069402866,1.39423303000708
1.80615735057234,1.3190993923819
2.23661778483517,1.63984968526502
1.95431239006038,1.55029979298669
1.88821395082621,1.43932592874143
1.70704197718371,1.34594410038134
1.60817652958597,1.42907084515175
2.05126536166353,1.49804889846482
1.70528558836614,1.41906674994172
1.92142779145063,1.46620844801938
1.85085333682099,1.4435929439056
1.96461927521868,1.34121799730706
1.94175353156454,1.53978863600581
1.79390636072168,1.41447183280501
1.68001789324834,1.20558263953318
1.73468046095405,1.43742378571858
1.83211378378267,1.52356128023862
1.78244747068869,1.45472008199086
1.7201903638711,1.32447691347986
2.16203268209212,1.74754034325348
1.75493829466343,1.49640525216819
1.76261438504941,1.3813199899688
1.8684916308983,1.50159144501681
2.0893027155027,1.60325325482449
1.87898572022286,1.52798163119211
2.06495704083535,1.72074875837968
1.87982318339419,1.37839585270806
2.14952415194874,1.50880901453593
2.17593287828764,1.63291995612889
1.95933726628508,1.44459416171035
1.50032058880867,1.18976442024425
1.86121953653783,1.49615488463786
1.91705946584695,1.50879368510268
1.74317001397218,1.29934336565483
1.91155692296913,1.42974902547719
1.58683737920241,1.25658995594219
1.84928250692192,1.44017770647241
2.05397844922752,1.46288757675116
1.83710588781541,1.4816499827547
1.85681056841503,1.41835477692503
1.85126763969304,1.48604466938944
1.91052114039508,1.50906210787283
1.72421871802298,1.33532583878358
1.57831863507203,1.28783620169817
1.61761674058253,1.32967008816046
1.88737468527476,1.48133881383545
2.5846282754046,1.90090783617788
1.99375075979878,1.52489798916824
1.92143649132883,1.37473307176745
1.63878465488321,1.37563880572833
2.21319572415041,1.61884700644003
1.68825799149622,1.41829219915671
2.02661399414086,1.53496472589956
1.82794171716784,1.37514468423372
1.97160356883553,1.46026607281986
1.82913275363845,1.47351959129022
2.11569072645118,1.43243331013771
1.75295855960327,1.36185995406499
1.75249710857228,1.41072885538097
1.74960109561986,1.40271960248609
2.09023483379114,1.5603928635954
1.61141168986862,1.22582280275772
1.91964709666728,1.45940377421285
1.95084833598801,1.53465331304227
1.69687571211803,1.38350083324994
2.06054150691814,1.51228667855104
1.57782072982354,1.20659743843279
1.69877310871384,1.32186776249037
1.45224057406817,1.17750979677797
2.15136328306709,1.66245288498887
1.92596072159626,1.53596253279887
1.92877797934785,1.40469503220188
1.85663872870967,1.43495349167363
1.71637000444942,1.41346924404528
1.92084772413506,1.35725055879697
1.83938243043131,1.45893142134481
1.68725269573401,1.28113777487052
2.08096127647284,1.47947021833658
1.77846949773614,1.35887314038371
1.72721394169183,1.23730773265869
1.91440534358803,1.50867581168766
1.79846559576837,1.33557875295539
1.68312656128514,1.43497491289319
1.81704203820922,1.33695483895341
2.07350075764218,1.55925265956223
1.83117657383175,1.39229881660832
1.98559847980419,1.40172449204895
2.14142172747905,1.60803437591077
2.07356696257648,1.50382944532836
1.9946059756572,1.32329745840001
2.04421561619156,1.59705579397889
2.09325495643921,1.5244389315685
1.88259841232833,1.37775247434977
1.80986499000966,1.41900828669655
1.89776216614016,1.51812556261318
1.86612599871272,1.49485237544653
2.07712349625113,1.56782941659509
1.64755515289256,1.29755868112259
1.85147675905139,1.45384878283609
2.01186967704964,1.42577610139496
1.86095010858198,1.42971316285266
2.06065118229843,1.50821468702431
2.02671750545554,1.54380852278042
2.0951924469958,1.53299745360689
1.59210810549408,1.27588615792242
2.01879094649705,1.52932388880288
1.79115943805182,1.44362466350483
1.98898187474577,1.46072475044491
1.88962629814399,1.40408995831114
1.84506593907046,1.5248295127519
1.74522571494429,1.44614271899506
2.06599470025017,1.3912446287907
2.06073920190091,1.57824671864826
1.9548109089016,1.46859553654923
1.64950215157242,1.34088326493425
1.97307366394644,1.42003098379974
1.72658910913059,1.40360571861425
1.92378139865736,1.49636941419162
2.14848368811002,1.58679620463808
1.81465028999445,1.38097510917452
1.96073664611224,1.42850480150082
1.80305769290088,1.4028999797776
1.59192192795082,1.28164327893123
1.34329065693185,1.13760374456459
1.69489756126921,1.30042336367532
1.62646605292729,1.2417482476462
1.95461410118018,1.588478635119
1.97958588202974,1.55284273377449
1.62910543317447,1.38697398664589
1.68381501170086,1.33421977408903
1.73718169160583,1.33833827951873
1.66238208627616,1.47591016607841
1.81175826960367,1.30189032774937
1.96342361184103,1.48103380728655
1.88526627399552,1.42509496479299
1.78824853196987,1.44647982282912
1.8103630301543,1.23092619750205
1.63046131715125,1.35327217573833
2.14389671452179,1.52037777763281
2.11989075487722,1.64831980754291
1.74015120214123,1.33023398637809
1.95727760081812,1.57081712908519
1.74766320819977,1.38557484644948
2.04808432415698,1.46696824633225
1.85329223405132,1.39049151629007
1.99451794670536,1.55870075832179
1.87767926485307,1.4543470021894
1.85198955150892,1.4496613014638
1.90029785985439,1.51528404469111
1.93174013790917,1.37758351545407
2.07356683517745,1.56395219594659
1.58057922531596,1.21443165394356
2.0268245149591,1.64775802890169
1.80425992415026,1.42736804607565
1.65762110951504,1.3468083903832
1.78522341588153,1.48501519511908
1.74864140565414,1.49152445650391
2.03331594991078,1.60393882926563
1.81564306834979,1.41549054064827
1.95435098988293,1.55423511486252
1.72503156561508,1.32114494982529
1.82014014822278,1.43893259145413
1.98389373130868,1.47981241402234
1.67222399894471,1.28720764833305
1.85577809455392,1.55396650880861
1.8809648991846,1.37299716056836
2.02548746644524,1.53157020808478
1.96666125686997,1.50422155101384
1.66247556337543,1.29785323484071
1.85290015059219,1.38380212852592
1.747923832745,1.45069047832306
1.89261010042138,1.34116927678599
1.79575259534678,1.43718114977749
1.61039121405262,1.31508919916217
1.67485490194993,1.28769108839769
1.71700039617238,1.30414903345341
2.01840933625478,1.47984754451553
1.93980510104416,1.48502779190201
1.759570543931,1.42769438768268
1.81600207734489,1.2686195872171
1.77672197742597,1.38463555727875
1.70131865382199,1.32715739063585
2.47314574626936,2.03331604155905
1.90768676483502,1.48727538067837
1.7780837933606,1.32520718639424
1.87791132561948,1.44556449678408
2.0134031278355,1.67634510874783
1.98663794211164,1.57250546013379
1.90055829078551,1.36523683967077
2.20695492129085,1.67093598833648
1.86579558290451,1.43877791269557
2.20627011351414,1.53521368484258
1.53461018825079,1.28610765598245
2.50483251647196,1.8905649623725
1.82754412838042,1.53740949895559
1.71017896226737,1.38037264915265
1.87885653947006,1.59591839649455
1.76634039631705,1.44998589463892
1.65723292630561,1.41351848678977
2.1353814047114,1.50698228897514
2.00895858437974,1.52032047154385
1.70471741467662,1.29769667430309
1.74286971275632,1.42341595750647
1.74559827827739,1.3079890749637
1.97061013203333,1.36680857392741
1.71526528340947,1.2357526550993
1.73517056757119,1.35152532600123
2.01333997213837,1.59976632391194
1.7730320873366,1.38238584494836
1.71760466345109,1.38445660843705
2.02447268196996,1.45454561527973
1.6414389734959,1.38384228450351
1.93600039395288,1.55125318115013
2.02852241406134,1.44703612959347
1.83872639293723,1.44779284621231
1.80231359766527,1.58355701532403
2.2202186939343,1.64315366519662
1.66842837756565,1.26821867377662
1.85214254319063,1.4172887658102
1.79884025127744,1.43726878228567
2.12863180109777,1.66216592474053
1.66421268128526,1.20422624668717
1.73709462666496,1.47210494992163
1.98471127117283,1.46825198188737
1.94879595054658,1.57030046468831
1.96400533619718,1.4825296545109
1.92661784325337,1.4464741453183
2.12727325940305,1.54012787517652
2.10468094070925,1.72543676467899
1.9793182535424,1.5166122943852
2.17282766277522,1.55256926368556
1.91054646381014,1.59628154064854
1.82337114732403,1.35528693892248
2.06554605872981,1.48124297333544
1.68172625680914,1.19518879758766
1.67293665660161,1.29542034188686
1.356587210454,1.18834833211252
1.86607727270096,1.4564224979907
1.65336202446303,1.27616994292692
1.70967734288115,1.37081561491199
1.67518809130612,1.30416118857124
1.86856805141319,1.44685091315967
1.9910037445533,1.59473082465873
1.98643598029853,1.52025790275749
2.20816063512098,1.89761544074943
2.01226083006583,1.54873785045948
1.98683315448547,1.61186705254389
2.03255160519866,1.66845221417374
2.0905924792902,1.75680690767713
1.78908536332963,1.52295146847326
1.54895800512587,1.19486284725027
2.216970582967,1.87160752056574
1.75087102602067,1.368321792661
1.96348929287023,1.4713774899781
1.63967144084236,1.25608922073439
1.94947270791868,1.4239630528067
1.95149189281739,1.45073132665304
1.76225563622391,1.47130430149719
1.91510011248377,1.42871666494655
1.99558687516722,1.44473883180497
1.7982319086673,1.42643054855629
2.49025909244337,2.01092408976409
2.04184950268251,1.68987298599529
1.94399853633655,1.5474614833228
2.18915837317571,1.62870924148969
2.09698672695899,1.60967779160192
1.78428621315865,1.38644631231351
2.15962080874933,1.53515868558853
1.98251363780783,1.62004716039132
1.95715120836088,1.4516415914805
1.89587028515169,1.39606860408037
1.90286341531081,1.29866741750945
1.92074545453035,1.54525330851197
1.70548067983779,1.44037856775743
1.72821752669006,1.38220907638659
1.95118434267072,1.53467838389153
1.76400177216336,1.38569280530795
1.93687423762975,1.53099262254576
1.82899872158344,1.50930795485377
2.32583364986752,1.55158691929701
1.69362219733869,1.29686498055598
2.20008504689372,1.69955623567732
1.9715206983803,1.63237094378363
1.63257094043208,1.3849232306033
1.67527196021451,1.26984920280395
2.12619140879945,1.59621929910427
1.80089505824915,1.37802229222272
1.68013504793188,1.19727492959422
1.67486601889374,1.36234539591337
1.63085706991439,1.27157097520768
1.6313363517989,1.35102950658086
2.14262342244625,1.70713396248938
2.12619149939127,1.6182917500064
2.04821623084877,1.52735136715451
1.82667455949292,1.36202845886303
1.5425205803982,1.36074570500639
1.53248574907369,1.25132133275139
1.97194284427241,1.43461600537664
1.89338185759233,1.39947338768752
1.68182422589088,1.37228661671096
1.88440234093712,1.47078664302446
2.09579803332222,1.53810291527669
2.01296475227975,1.64039841868425
2.03567617859188,1.45192187141019
2.53879918117484,1.9796350924973
1.7756348298969,1.47405545404515
1.84917097099777,1.39430261070791
1.91553681276273,1.54216741770687
1.85618867961031,1.36830874647632
2.07297273877656,1.53987415683188
2.17722599156396,1.66590358350997
1.8945522870542,1.52071016976766
1.61822437605982,1.22686990556186
1.57333718856358,1.29695930960685
2.03272571061118,1.5698945552372
1.7235218680083,1.31047021928832
1.7320624899681,1.35880216655844
1.784826639054,1.34045414906556
1.82065849105332,1.44382957727908
2.22549815257912,1.67484372222871
1.71544178477345,1.33773182664388
1.6837142992499,1.37311491635937
1.54124823423356,1.24467402066429
1.87619786226348,1.4706357996578
1.75469885356506,1.38999359081545
1.89807324613238,1.32259654810852
1.77790956726365,1.41992690181648
1.83849212269501,1.35359489191078
2.00139347659878,1.52529955892485
1.63293668967953,1.34897917704005
1.727889865411,1.53314218783468
1.78425266899021,1.45013066989888
1.99729044016443,1.58271700169487
1.96656099913551,1.42936514400151
1.80507801318203,1.39410743288442
1.65005403238815,1.347951220495
1.7870793210711,1.38336592936395
2.00667718810454,1.44021711140321
1.96888027823976,1.52787993767374
1.71036999712118,1.4802348939335
1.41296359945338,1.16445229016685
2.02928784920467,1.48279119270624
1.98447415831217,1.46091258306724
1.72125396071317,1.34478881163727
1.6403608749637,1.31066483998274
1.95208331848959,1.55888561863918
2.05424832041861,1.58698561902478
2.05761914404338,1.5086958417485
1.90699609212755,1.54372140608218
1.77184531297253,1.43982511847665
1.80421096876067,1.35990825433232
1.60309576998155,1.11249658689069
1.75907429623667,1.39238966115153
1.82245571883368,1.53277802726202
2.00013998984767,1.51669091637607
2.09437116448699,1.46241954323468
1.60210094342436,1.23003855476587
1.77038020358964,1.45094946822351
1.62144447249084,1.22762418660055
1.45364178067361,1.16773305546584
1.94537412505064,1.46093370768004
2.13774985671524,1.62062358001079
1.91410966616571,1.42420973434901
1.79592229590654,1.50510558337254
1.75921547297079,1.40988306460299
2.05402896303101,1.66901492778918
1.80247412400762,1.46629491580595
2.16011280225789,1.67860466271503
2.06179789459149,1.52659360429655
1.96303429053777,1.44456486397259
1.95867428417474,1.33195881627904
1.47857144821636,1.11157332420122
1.92311974975719,1.32156917321373
1.92767320867983,1.3379399682328
1.95124237800056,1.49562439713671
1.90652147429194,1.44956163423673
1.91365290125192,1.52747093019729
1.77720383344215,1.30725918650454
1.96698576416583,1.57344057014667
1.97748978865789,1.49663077202545
1.5346664875777,1.28821738913886
1.79764646188262,1.42489390974856
1.72556359768524,1.295581280934
1.8153316910037,1.28467179682156
1.77783324487232,1.33195021797917
1.85974513064949,1.54642707787611
1.75865497615692,1.21165706367135
2.02217712037454,1.56855088847608
1.74887772229402,1.47461564595184
1.99255090155997,1.40687935163182
1.89552257556457,1.48267133265925
1.94845388963856,1.47774451133721
1.86750651182652,1.35872873571788
1.8315473060569,1.41314342598505
2.11550475978008,1.60174552255242
1.60295619156059,1.38127117211196
1.8793875484378,1.54605285652546
1.92565155674371,1.37129702339692
1.89012205646202,1.5571079205599
1.89677403295627,1.50294356709833
1.57534778318201,1.25708201045089
1.88906391957574,1.33929160913029
1.75406632084141,1.34560248493783
1.82512972766155,1.43661033998668
1.61538956643161,1.28601425326231
1.51780537651297,1.25570302610067
1.85596166507577,1.41850904525309
2.05831924023063,1.56587009660607
1.84362336976929,1.40524795317805
1.69324723783035,1.44039116811331
2.00887312038151,1.58553808200098
1.78023139378969,1.35621978681029
1.80986975721056,1.33975496991572
1.74046259176281,1.3894847363219
1.90651673640078,1.36543110341079
1.85600266873342,1.45001366264607
1.70459673530989,1.41171404719453
1.79525799150572,1.4295312821963
1.87076033267636,1.43940028822584
1.90296333442407,1.59377483427919
2.20682228388495,1.63219417429473
2.04791224735634,1.48188563170735
1.96252062300776,1.42693360904867
2.13695461114501,1.55588651271547
1.73267776574383,1.35467973226725
1.81732116292981,1.46984164102017
2.20066651974773,1.64036409774419
2.01181780072483,1.46226542218113
1.81036008526211,1.45526298897596
1.89222669764575,1.4786816098776
1.53589665844811,1.23522786873247
1.77304505321312,1.41549990053871
1.77658585151788,1.49034632539984
1.94832758064488,1.56822763163636
1.90505139911367,1.52957632631251
1.93863547241956,1.53335702028292
1.75412047833124,1.27148392950789
1.75768959279929,1.32142027057253
1.6609914324209,1.48524124891111
1.93476892176068,1.44724371241132
1.49829958896828,1.26259217660645
1.84886760750177,1.51686468138874
2.05807825839174,1.51708009025989
1.6298512907011,1.19715230127542
2.08277753908758,1.60768048433843
1.78137201287168,1.39888789862366
2.23768173136688,1.60314545570829
1.60469119516842,1.21822249000609
1.65591668451734,1.37177431057672
1.69271496553347,1.35796227813363
1.9969111444406,1.3494700879909
1.80997843724124,1.56473781637392
1.91210531316365,1.57222240281701
1.8174641986449,1.39276091452292
2.16401742443434,1.53641965134237
1.71418957972654,1.39387683145355
1.67024211909305,1.25355097672191
1.87945165055203,1.56595676968531
1.78470568002003,1.35918640292871
1.99109652613022,1.55460150943986
1.84637134286805,1.45386095514825
1.99685576002131,1.54323021503511
1.74549847633882,1.42311087836874
1.63814439503681,1.38266576653717
2.0157024803923,1.47901734038908
2.01965731558506,1.55070147655998
1.64364084123649,1.25349942555276
1.85962380788779,1.5063853816446
1.96315889310568,1.46893695794556
1.84805725022211,1.58999049447394
1.71541996936714,1.24158361014064
1.91855466945186,1.48218732990071
1.88577772394399,1.43762991236858
1.78954062825662,1.40245812588717
1.96962140911167,1.55080683082655
1.84905713402895,1.49572304217026
1.66472155091915,1.37622005492779
2.08009869941975,1.56073544051845
1.94731877552845,1.49028584473257
1.9142007563722,1.42715057842054
2.08572879223449,1.4890190335886
1.65186996909824,1.28052878256782
1.78617501223403,1.278863730606
1.80070716493149,1.55719207883416
1.87548134799928,1.42329397414502
1.58062989071693,1.2466527598813
1.72095219267199,1.32618810432189
1.95302727118548,1.55601980889447
1.99014921719839,1.55601259915764
2.00489278181038,1.69956521145071
1.77629869481447,1.43380494745313
1.73603301273716,1.45845629369562
1.99172643837712,1.4550157389955
1.70394793055177,1.25292278126484
1.6718271450582,1.33050878804407
1.74702592401734,1.32459138366855
1.78413746711045,1.49861012021092
1.86823174383849,1.46622082086805
2.09685533338139,1.56594631403329
1.71144272592091,1.22634113492705
1.71372921910846,1.32394538240077
2.15672154616417,1.75180501819252
1.54789408401651,1.19563683193408
1.78903839850741,1.36039494941456
1.84569853822527,1.34016046799031
1.77065049876267,1.27588251154034
2.29347223002087,1.84118521621238
1.87772924256833,1.43689862639183
1.89698352911525,1.61009845418816
1.98345187122166,1.46150467206553
1.74452876285858,1.44970751720458
1.52838056001104,1.24321315990581
1.87621085530275,1.39561426813626
2.09753603230828,1.68928418992205
1.82194149748497,1.43537049402087
1.77758279764737,1.29937770374101
1.8915884302783,1.47555051357977
1.82316335154117,1.52141316001745
1.83289275947009,1.33720418038933
1.90021897606396,1.536841877532
1.88359702361538,1.42027769133664
1.75494597724715,1.37204444142868
1.87596436714393,1.3924351091005
2.16879850162344,1.66952097806857
1.89469091601066,1.51736018897128
1.92832047244401,1.48733940144038
1.7018287541448,1.2940406372249
1.98743835544694,1.39765386347021
2.02208288227509,1.49661897328816
1.59273786769194,1.20865567884472
1.72814386588402,1.30617181454638
1.62994665933318,1.23523988400108
1.8386215086976,1.46329406429072
1.87050103339463,1.50621944571108
1.950951660668,1.54380371768059
1.81672001154402,1.50943816183048
1.56665464118224,1.20331306865504
1.55609872214073,1.32275393878991
1.89282439514145,1.52980561806975
1.79517144083877,1.34754028917217
1.91906513829487,1.44053435129121
2.01142732165056,1.63596452479592
1.64001643726888,1.33963953053153
2.32990975781658,1.79473141585139
1.60917824408512,1.28634422837049
2.0465789171736,1.39215946685948
1.626202578752,1.35280181072445
1.65041674162282,1.33116451171782
2.0834073399437,1.45679097951968
2.0933436474556,1.54476533577701
1.87211451059962,1.44694111426076
2.01699140315106,1.5479052863852
1.89767340320772,1.44121396245585
2.42877091730134,2.02426044056932
1.97789213683823,1.43508371147433
1.75866725714393,1.39324663977908
2.18874856810281,1.6796455617601
1.63346267995192,1.3467020496281
2.19645988862696,1.53854882329107
1.80194506626295,1.3881598862873
1.91286560783418,1.54733567409438
1.61952046784269,1.34465010107278
2.04417303583978,1.49688522822156
2.02162396267716,1.38615776734683
1.80782396256201,1.41534532304425
1.84117439027767,1.44249354872121
1.92773987488515,1.49400425907589
1.68669799926478,1.43388556910246
1.95455648720386,1.47615325340935
2.01406246672572,1.47098507711986
1.67042181143901,1.26183730917498
1.77356135742704,1.42214438133613
1.70915087539425,1.38269516565204
1.84497195301403,1.46795268686893
2.25529919107257,1.60483811232489
2.18998627854811,1.87585743823312
1.88899536082668,1.40771808280179
2.09349628049119,1.56481023413654
1.78300619982936,1.42757121993493
1.78674105594731,1.3582932045327
2.13289188875069,1.6009074697867
2.29881492742019,1.67710860545929
1.8791862489463,1.37561346093257
1.86755402214967,1.42419164559356
1.90023764315515,1.35482062920845
2.07174766808058,1.53284581362584
1.72053844709523,1.46948406965326
2.08165016726483,1.56199368381838
2.56034764910883,2.10739075056282
1.68331142539669,1.2426680950935
1.58280407475125,1.30436934336797
1.69616462977108,1.38223304334803
1.67999933032085,1.37857942148017
1.82887547652583,1.48129613914051
1.81954252733575,1.28810987873866
1.9922077372307,1.52526815513055
1.969742541901,1.43969737792602
1.63593768498157,1.2986399838771
1.89333175391316,1.51070043413233
1.61419038292689,1.21805474693651
2.034649375616,1.59961087524436
1.6927983490673,1.31151006154073
1.6629000915319,1.35576606126817
1.79224089722136,1.44414263861095
1.85963711361275,1.47093499831297
1.69692579211841,1.31492339946838
1.95578135620101,1.61703803379197
1.76819498893819,1.37161857790954
2.02860098000786,1.59525434995105
1.92838205078988,1.53475223584376
1.73102182429408,1.44190013141835
1.83615408417485,1.37873861115367
1.98418168407471,1.45159614785399
1.79774392121643,1.41840937890616
1.82793952641902,1.38782774436696
1.80596317185652,1.39581781940044
1.83033886167455,1.38559618165442
1.94142007191943,1.55619099072211
1.73217288966599,1.26110196910582
1.75962648116274,1.23480526220117
1.76448337338272,1.46070228678287
2.1168446294388,1.59596498944552
1.92846254114161,1.54601811212268
2.0840992124344,1.54782386633165
1.57732350624946,1.19634830719185
2.17688093529292,1.55873921604202
1.84373109579476,1.32694531131988
1.72239853557084,1.38997399601268
1.6628599387485,1.33363384500993
2.00169141067424,1.49501475673306
1.66504971638524,1.37071017914959
1.84237884528282,1.37059758528047
1.99244895946121,1.54007803887864
1.68300534555357,1.45772031517104
2.14971020216706,1.63306231205374
1.84127482041528,1.44166827460567
1.57502290382185,1.29219008225748
1.8384263833806,1.53716718632071
1.71044404349923,1.43751639968635
1.70785152581612,1.28328485159831
1.69722874235822,1.37065234103207
1.80060439736528,1.40888287949062
2.32920143525455,1.72299728503595
1.843821067504,1.37574999377017
1.8554900883868,1.25608336303763
2.07481688211266,1.50615038333878
2.01241679395078,1.5146309083366
1.56576693439401,1.32685148041076
1.97560657400966,1.55170193815225
2.0109568411276,1.58676481867726
2.06265974484357,1.50077628753512
2.040553202011,1.63147636401724
1.67751509361587,1.35070040724005
2.049297683783,1.59499272951793
2.03344741553843,1.58380777748848
1.83850575568419,1.38433129756522
1.71649456062787,1.28853285795836
1.53333319356592,1.31532424252938
1.6979984578256,1.41973147485189
2.45403487688497,2.04569103819863
2.01397483375961,1.41743392394145
2.06055977256826,1.49407907686315
1.66507563594171,1.32361187261592
1.85523502704249,1.5026254952823
2.05712849438761,1.4495892861224
1.97263810875054,1.58222269077323
1.49516028003389,1.19153314844373
1.8261450708511,1.47498785883553
1.83923925910141,1.44050928633273
1.8277266218957,1.49417729744855
1.44939966764732,1.26607612348899
1.91389153426793,1.49369068859525
2.01487147313599,1.68888172770693
1.89165105507698,1.54197455524637
1.93665484935458,1.40650459962164
1.94741053942994,1.56372230213247
1.914427976075,1.27913520788859
1.84700109941776,1.35452486050516
1.75615800462298,1.46715733919659
1.98396284413277,1.45967269880153
1.82217507578098,1.28280126595732
1.61897861639273,1.24184560864014
1.85805786721166,1.41996824716076
1.94456505065923,1.54992131996579
1.97617594200869,1.58206625401781
2.01947637025267,1.6160515161677
1.95701832359109,1.57616257848934
1.96457033932681,1.58697843128416
1.79912349342477,1.45238756772362
1.9388261876373,1.43997856061129
1.66024164686501,1.26604271441597
1.71115985447605,1.34620352600176
1.68844678551199,1.2248845609247
1.87154717441349,1.4176335262486
2.43180003648287,1.99816170687631
2.01635000750497,1.78120390215661
1.99179740140973,1.59818693364123
1.78717391387588,1.40286451120453
1.70261106300669,1.26418883922085
1.88900123434438,1.47392368530508
1.89173746408507,1.52122994586207
1.96241063999946,1.5130054994298
1.87992300990202,1.54862876885099
2.02440109971345,1.46619293739857
2.08807705146249,1.47173797682617
1.37935681019021,1.18370249151082
2.01382811612881,1.5462100806852
2.04556231048807,1.59364058125193
1.53827579149601,1.30663400205827
2.00225377169861,1.50048308118125
1.4990363972852,1.21422476863888
2.06376862851025,1.47620233531551
2.04262362783281,1.50794475001617
2.00534322773254,1.50551915655216
2.04536589868769,1.5667887272382
2.10709721256417,1.5450628110062
1.96582893191363,1.49318823947922
1.87324561772766,1.50853933209154
2.06096390553623,1.55121999216594
2.19023358288267,1.56313441742701
2.30172482464602,1.94360655126122
1.75959542400085,1.45143312593332
1.881522708483,1.29181348724541
1.62095732683068,1.21556186848943
1.78293414803582,1.31794378857615
1.87560509134344,1.41176127875334
1.62570192956596,1.23202642945751
1.7543173661104,1.46929697692586
2.12556279387464,1.62484180430073
1.72246162897321,1.43917034455209
2.0800132839902,1.54906026021127
1.76460700013096,1.32558158453933
2.07389373812826,1.58615256109618
2.13827863599712,1.62372686550104
1.80794710777519,1.33475803310357
1.89787341934787,1.35237719328278
1.71014611649084,1.34007092969933
2.00564277887647,1.60146471909451
1.85002529284275,1.32023875854789
1.74215657314696,1.50799325824046
2.0609576442293,1.61025496216878
1.4543592151984,1.15498381064694
1.92190830364963,1.44952451250279
1.51263017051198,1.23243696340905
1.79119399634741,1.364961617626
1.79407161662345,1.27797176215629
2.23620227866721,1.62803028697524
1.90468522177053,1.46503781148135
1.90662092634232,1.41973888755271
2.00961632514833,1.51092751600958
2.00966477132171,1.53372769551003
1.85706405488214,1.36666941322816
1.92254173969758,1.49415621287124
1.90616168542165,1.3405419027941
1.85047909938096,1.5229843795142
1.75518319141788,1.43727142416636
1.86188058597839,1.48519977270704
1.73534121034072,1.32602802019749
1.55109173680954,1.27059326256581
1.68557304907147,1.27870154154859
1.86613428692315,1.44535279377288
1.96071057152154,1.48273121110145
2.37284127832678,2.00860772854095
1.73203996084769,1.47684159936782
1.7198198564233,1.46400202636878
1.84106985216205,1.39610218920115
1.66118378642415,1.23635809330989
1.73637993392246,1.37005812564046
1.70056706463621,1.27394639737537
1.82469285799172,1.38200991669943
1.57348917582579,1.29192721424555
1.87329361134891,1.4897011918053
1.87022043629349,1.4607739791476
1.91744696835031,1.5200468959463
1.95586012329493,1.52151178830226
2.55817580924998,1.77426449530273
1.81943304692743,1.36971412093521
1.89210013326569,1.49063468797766
1.71765540905898,1.38526269286355
1.66305532103309,1.37547217936556
1.91637027917711,1.53257925015702
1.76323366642026,1.42669360899507
1.78890833648083,1.28862617978359
1.96502928754786,1.4226660446289
1.95233240166328,1.42355686469355
1.72334701822805,1.37581167639873
1.89159670731964,1.33183379473411
2.10189347769181,1.6180071577503
1.79294448956621,1.48879804973209
1.87102990665688,1.49645246319725
1.86946786395994,1.42638413212904
2.05420118304993,1.55487229344199
1.86449010420977,1.46426744200013
1.81804964890659,1.46092265434417
1.45456103097727,1.15539226154693
1.48341860212813,1.18705786447328
1.93385606191748,1.47640644112252
1.92585684484333,1.41853896830367
1.74302750155987,1.43620309141737
1.91217195468453,1.455793730502
1.63108059755687,1.37848720143186
1.98097300360965,1.33695236143674
1.78912813522703,1.35065528017432
1.85613381072568,1.46481443938679
1.91317694780956,1.55243172106723
2.18099614640836,1.71920663169476
2.06622862349493,1.53155280336073
1.85710068240369,1.40205252063754
1.91984442997708,1.52276990497172
1.39363153652791,1.16956846219175
1.56197006392589,1.17434642317234
1.78583788733372,1.37991895700168
1.5544554859629,1.2399936975264
1.55941588280062,1.23502165892932
1.83190911648615,1.36270940214606
1.9811668516333,1.51426551803195
2.01689959079024,1.49706563537434
1.9942980460757,1.52773656398331
1.79942613016894,1.54692492330986
1.9455798627411,1.56118521353172
1.90131350033913,1.44257851350487
2.14928727527388,1.7234214312802
1.72090665678075,1.42918861640832
1.87225638164343,1.48304553654751
1.89768832414155,1.46475804986765
2.11517066239882,1.5203782450988
1.6077920597123,1.3157614085698
1.85283173628518,1.3275587470511
2.21245076993507,1.74871734155926
2.0175900513548,1.58844220705534
1.88534255047471,1.42605990489267
1.60079281444771,1.20014226620997
1.95347169671491,1.41635353179842
1.7434248000272,1.52009398745667
1.76516899728951,1.42848589786809
1.82959750039708,1.45252382540993
1.6177177107921,1.17581778707072
1.7525997043345,1.49703671230941
1.92032011858333,1.37647646389576
1.77611867679674,1.42749462103167
1.73447775925939,1.503473953479
1.92694483151575,1.54335129461498
1.75235818267895,1.31393831124642
1.95660163792535,1.51008740752648
1.70728152445123,1.43240702638722
1.95939936950879,1.37443416181501
1.67196974910793,1.30271254408637
1.4432617491382,1.0975491219571
1.80942107226657,1.54538126176711
1.62249534859567,1.36736605568728
2.02039853343418,1.57328268648095
1.65472937216315,1.4571780154158
1.73973132883135,1.23584865258572
1.79325111333277,1.41182424805771
1.9426512938531,1.52387366383121
1.82967908274376,1.48143762284975
2.11580481724284,1.5358220622366
1.94180301959364,1.37127747587904
2.11734004394277,1.66925424241914
1.86149787904284,1.45775304725921
1.92388248082398,1.51588388305087
1.70132398949455,1.33658907223269
2.08396411677584,1.69569156006601
2.01018731642504,1.43650605899366
1.8902797911597,1.47438297578125
1.7438603689504,1.35531835822646
1.77040922710574,1.40086605042673
1.80668321754238,1.40981648774658
1.60149488749037,1.3361296384771
1.73703447445808,1.39436911481571
2.26588490243229,1.69135071455637
1.82940104039045,1.3425004969403
1.71918127745236,1.2868950621898
2.02500808321831,1.639209097677
1.64824832556235,1.242096519249
2.08547948600365,1.43716517460325
1.72192133560173,1.30659946970505
1.75556323847008,1.38402552904595
2.04809365699573,1.48877671422368
1.9425743468598,1.57466423923092
2.01235141494285,1.53141869675699
2.13482074121424,1.57040115957629
1.8850063627025,1.41235007392554
1.89171645864011,1.52348303983027
1.83613779383994,1.44902964240067
1.93930112499417,1.55234508493543
2.02481344744003,1.34852809450047
2.16796534082469,1.50265839353671
1.75983321281208,1.41133158111509
1.46189382515367,1.20473963489709
2.5521230820527,2.02565746675601
1.71659393614726,1.44017202682552
1.93814613262577,1.53629523596273
1.59128789548775,1.26302097465776
1.76159393688013,1.4772017870211
1.86130831248824,1.49186775904466
2.22253802309867,1.6566522406631
1.96908145129055,1.52563640340037
1.83802588549986,1.46814502699352
1.93362685013868,1.49171781503341
1.77673871049121,1.41427025591175
1.75019531826006,1.34019972076651
1.58910187547064,1.1988666022442
1.92580064487949,1.56242029463481
1.75324073574602,1.39678933327959
1.66602327566626,1.36741846901706
1.97007681964922,1.50810525606843
1.99795484440974,1.50567273844467
2.00165771864434,1.39262236754293
1.81862766944874,1.31201985013893
1.91503109443544,1.45267441765365
1.67882229570276,1.39555250634639
1.85496054403421,1.31588233509308
2.00277026399791,1.48685394368022
2.36185137593464,1.92908488604409
1.96941146677514,1.41375692231689
1.65287565141388,1.42323687938685
2.16948433502967,1.5728127168204
1.87099840643907,1.51261743804737
2.15097415682567,1.65277485781244
2.07412773111036,1.53653143846684
1.62394832700018,1.35142899752845
1.60215212532668,1.29260075178459
1.77635695863144,1.47215227256363
1.78936260096822,1.40215574752374
1.8252513872569,1.32246527543063
1.65539424823225,1.35325760730962
1.73074869433702,1.37090169048319
1.59588355070704,1.17689744442651
1.88806070832747,1.34586939368932
1.6772209439092,1.28528746205505
1.98357104310035,1.44152655997754
1.91717648789469,1.5310301636286
1.71605284289459,1.42908931476699
1.9106080295357,1.25623094964449
2.16341362581193,1.659728677441
1.79650840588391,1.3919630186942
1.7469878355054,1.47311618481514
1.713830632813,1.42405730764331
2.06482019255339,1.48066471448459
2.3827240522229,1.85015966518919
2.09449731069757,1.66500620059542
1.84309961291321,1.37743928896616
2.16698591902136,1.55273199997544
2.05242181833697,1.56189178761878
1.7306295722089,1.35678888482734
1.68931292158919,1.29756127950521
1.91257961096135,1.42358930371271
1.75380063715832,1.34635518122848
2.00127174603826,1.49052233531093
1.74887568961917,1.37719358254324
1.94277996371494,1.46963666360027
2.23243063379825,1.68412816586807
2.02840045029402,1.51453048496043
2.77204755322103,2.12969370003239
1.90703001075377,1.53101169252642
2.19117434190931,1.66169207623831
1.90688166246892,1.47858714374338
1.84299759795737,1.41495986153708
1.58405726679678,1.18318856070543
1.82430965568221,1.47324449824016
1.65562129140966,1.42818778776128
1.81718197257162,1.35119097295931
1.67086613237686,1.37046655909303
1.97019623288743,1.54175537031196
1.65108208585721,1.29453922154487
1.75177231829822,1.34174221273282
1.91560562487027,1.58418613613208
2.09227721855937,1.62826687056541
1.7448535022244,1.49030318672858
1.96554272725819,1.4900526309674
1.61355733528286,1.23166546862356
1.85586507984022,1.44311674696084
1.84644226586139,1.41687963039275
1.96115492217614,1.47327629595636
1.88946071128661,1.57759597023909
1.97978167196497,1.53651342582465
1.8249756133028,1.46405553549915
1.93085843015434,1.52092202879832
1.97044797429842,1.46688396329735
1.84502727654578,1.44205510490034
1.86377193658145,1.3802497678693
2.08620440957027,1.64681261540337
1.98295261703252,1.43161553460346
1.96519126352898,1.45824496986303
1.89392097203143,1.46204360673846
2.0748457505628,1.57439858525226
1.98782167050222,1.40464497987766
1.83519513008805,1.50279144411733
1.92344185220666,1.37530363203837
2.05816285544457,1.65498932239665
2.07581739301116,1.50828654323583
2.20753469665936,1.67658306331911
1.90415605103162,1.59736576975816
1.77454415607057,1.39700526199788
1.88838737973899,1.35895821646548
1.86358088403206,1.28445791759262
2.04596704084113,1.6225620532123
2.03008858204726,1.49713649246196
2.12530554954578,1.46819555775598
1.91402967447467,1.47171534287591
1.78427563019508,1.43317701050206
2.43379840373535,1.89550916055094
2.1436991221669,1.57530044562293
1.93494736265445,1.52443280394914
1.67260105528188,1.34962835283879
1.83917976066078,1.43329831216729
1.82110021649067,1.40826260985733
1.84193853478082,1.43500669040206
1.67614679692111,1.30556414123525
1.96400598804205,1.55235461114219
1.84147354927265,1.46710074468848
1.53890415163949,1.27835980485966
1.80811168783342,1.43322766523864
1.66686259590836,1.34325406501734
2.11139977975806,1.49394674393627
1.8896311980504,1.53209609254323
1.83413697738163,1.44057783504097
1.90877781736127,1.55395761925902
1.88596984635557,1.40814978276093
2.13246267054757,1.48323983536776
1.93735977433255,1.47948678801809
1.83213564361826,1.47633046655947
1.96762956865613,1.38181922849544
2.24380155601329,1.58368386532324
1.76473959223371,1.3291527981356
2.07966413172093,1.56086243140558
1.85806018845185,1.42838554392714
1.89298161656019,1.45182267537605
1.69415104197443,1.2659188682238
1.51626696944847,1.08532897191703
1.57220781791864,1.16192818121988
2.10814243634774,1.60496697175249
2.33479046700316,1.80585998583691
2.07731256528915,1.56017434583108
1.94260006196332,1.42866387829634
1.56102959593246,1.21368551046738
1.95117054443022,1.41010767134182
1.8567776756399,1.39516296348818
2.06062141038258,1.48140486294169
1.81813041733458,1.36510859453832
1.82133030245394,1.42944619053401
1.65518807770499,1.38085291195451
1.88593661487079,1.38145264715322
2.06429446762854,1.49773397064827
1.87810743572649,1.39953490808461
1.90348411439745,1.543549278778
1.76270923592899,1.29950880415155
1.84692401205885,1.47845353939968
1.83086525147186,1.3223742467101
1.90064938089261,1.26631717292703
1.87525534977293,1.34789733527087
1.71940012776302,1.3233725644145
1.64243192567066,1.35599920541418
2.03211929581519,1.57124070482435
1.69066488141565,1.29250163680477
1.87825466943849,1.43577465739465
1.90574797694596,1.37996663497972
1.76278230868404,1.40257212160454
1.91067669649804,1.35122996166836
2.05963610970395,1.50105905781226
1.41082632737676,1.14401202203072
1.84106613281823,1.453640807165
1.79706338468923,1.4390063500105
2.03869856410742,1.53384200911336
1.82820115780375,1.55710429049727
2.07306104987561,1.68246513565487
1.54379912307201,1.30143101522385
2.12229259528601,1.57174006943254
1.93054189542593,1.38399021277464
1.88992635105163,1.49729736870415
1.83574773043553,1.48700407600592
2.02052102990229,1.35522676809449
1.90719858145793,1.46711548271598
1.98906661016913,1.35940513148644
1.57550456097448,1.28945268914328
2.15475833414933,1.58455354310803
1.77828572442547,1.3276825003774
2.03311137506674,1.45385004514954
2.0657420009699,1.52497613217334
1.9829095612751,1.41291767720419
1.87320517820051,1.34721484884186
2.15968809032863,1.60081308143272
1.80070408610221,1.46457893365686
1.66652847062255,1.32698312273811
1.9759609272462,1.45044528480271
1.95840907851146,1.56504428198253
1.92271784094283,1.52550919829515
1.88858704740284,1.51459376278162
1.88356985677183,1.48869470599109
1.65675499116294,1.21904705816146
2.10062006701352,1.57893749414034
1.99469340194648,1.55362733708628
1.76216104488915,1.44292057400378
1.61538558536677,1.35364501399195
1.66357590925466,1.25411202367419
1.99933741083291,1.46655609385678
2.12880654334356,1.47277663990281
1.78610704624842,1.39536226812672
2.01619557779232,1.49694318282413
1.85125872229683,1.50643745157143
1.7279090751986,1.33841132622852
1.84717896666853,1.30995929442473
1.85696647072061,1.46646057048973
1.99171794995109,1.47335872812899
1.83241469548503,1.43979144586405
1.97799055400671,1.52410625843182
1.96556846855632,1.49430249381202
1.8955745089876,1.49551642748698
1.85788538694546,1.46855164173696
1.53083053113309,1.3173715515717
2.07628141798565,1.43995116346321
1.85524445365363,1.42529208208992
1.66408496926296,1.30727699944198
1.89310330341564,1.49171148691657
1.77562639142894,1.42610044454086
2.09588087596276,1.54621675343788
1.82709949105574,1.26944378239766
2.10695412222673,1.52803971907434
2.22626394369009,1.56005498485436
1.69524346067243,1.23246431754384
1.61152738189472,1.19774154681109
1.69503856673398,1.39566319140723
1.78263178409854,1.43172733168808
1.53535954001527,1.26356957053535
1.81429272633686,1.41080716848395
2.0507050219191,1.65408201221198
2.14475351200771,1.56251501391742
1.63169920383376,1.37820570077092
1.92617627100773,1.46597478840309
1.80670260557596,1.47390241474137
1.86996112729171,1.43960916228347
2.03035904829362,1.37250189357895
1.87177005122846,1.40628915734821
1.8680447035499,1.52309504021549
1.89663074687301,1.31265054081019
2.29120618656485,1.80326095187676
1.65331265544114,1.28209933912186
1.78270082407437,1.33943320049096
1.78276321234805,1.41685558879179
1.94833596845319,1.54947036351252
2.06870016803967,1.56512314302913
1.70802694087965,1.29128025203388
1.76920024299129,1.40472399730326
2.02100679592716,1.40331046848771
1.78122096944247,1.47020197099576
2.02875379930634,1.4741845099937
1.92194440454498,1.30946341611027
1.9956660368322,1.4992263934682
1.63008046617857,1.43665612854597
1.82290588395357,1.38655533332057
1.64945602159809,1.37012717137509
1.76109241815341,1.45438737453409
1.55772772139809,1.25657451384931
1.94203659386273,1.55905166778258
1.38824718102894,1.12422335833994
1.77377238807564,1.3710578137228
2.24985049262792,1.62029406687114
1.73651936714467,1.28826810571533
1.96971615130594,1.48436915624868
2.16012381214478,1.66213626207905
1.68509685749949,1.35784964849962
1.76925621943254,1.32141585760912
1.58948326554735,1.23400749472402
1.7119352606098,1.31740595800033
1.89403112984818,1.4692544477915
1.94328854657917,1.44367436426087
1.93427243340857,1.50794739368195
1.86482366282396,1.60238723340612
1.92906482343176,1.29176936411651
2.09736675741343,1.5623414595771
2.48984298510561,2.06212159303676
1.95218807699011,1.60469194476218
2.02582385918107,1.45230986062862
1.63340161873076,1.39088660303736
1.74911440072534,1.4437982378115
1.89126899887487,1.42509962896849
1.7808284413959,1.46185325006218
1.69577950220507,1.24129815342907
1.85922324371267,1.36307815786656
1.81063231944988,1.46630976285627
2.0771866417986,1.48525167401362
1.87919771333207,1.41529361162166
1.9117064823908,1.43446925270504
1.92773786721632,1.40806767556616
1.65083176991384,1.3359234403
1.66906714630087,1.32122285956835
2.13940777632206,1.58312352143757
2.10403836305985,1.55703634307941
1.88193195320188,1.536640722875
1.55677397040616,1.33382049776064
2.15058152674561,1.59131698335643
1.47636280549048,1.22129376425131
1.9561735103073,1.57193351883265
1.83313880098731,1.51420730927882
2.04169457300089,1.52931920831268
1.90762567915205,1.42850366220111
2.10637336933621,1.50768326522413
1.9361053406759,1.53035287024083
1.89582331687324,1.41352710463146
1.78080994730428,1.4345223026165
1.69882346679639,1.29257209489467
1.81137292907182,1.36678020705577
1.78749792687758,1.35397730808319
1.45514615610441,1.04274233517524
2.08151373009457,1.67776836667531
2.16391987588273,1.74262973881139
1.64440678442497,1.26127065217954
1.87833427950689,1.41587759323147
1.95994493530521,1.51474747780222
1.90252826067843,1.44955861639973
1.80143044440337,1.42875995778288
2.05891896799178,1.41672547751166
1.90052900769859,1.61791042889523
2.12555643544395,1.55879338795488
1.69786487026777,1.43617383682213
1.63041769962896,1.30947210779738
1.60950596610624,1.25263024209696
1.58547666947279,1.33085653944913
2.08247851094528,1.50011824398362
1.90722953059008,1.4639834360568
1.78971047352306,1.47037792124317
1.7214592275087,1.32527400025142
2.10764956380759,1.65472539536201
1.82098169254036,1.33365801724202
1.61147024957775,1.30963418090218
1.71312719709524,1.36530171938163
2.00584058910603,1.55492808649054
1.68567676520423,1.39166440871359
1.83621812296243,1.46771394137614
1.91071439395019,1.58425860811259
2.14197560508999,1.75488750153333
2.05977786222029,1.50937724354108
1.93913234902308,1.4255250972327
1.50519043023359,1.18318003589002
1.73153642621181,1.30773897650331
1.70371991688156,1.50480176861077
1.72919623107667,1.24408261633069
2.16078495589884,1.44397211140725
1.71618192078241,1.38771368106102
2.20239202670831,1.60893563768517
1.74571893285917,1.35929757868476
1.82439052966767,1.33752669471345
1.75909472802463,1.36032040744396
1.99430420344713,1.54571797167781
1.80982308565856,1.42456292767848
1.77665718323203,1.40419365181568
2.21122479430489,1.73997745291467
1.6601168451022,1.27136218157073
1.90797723654111,1.31074715433322
2.03299427698924,1.43942486433356
2.087943109289,1.53134210196471
1.51671343984429,1.21453686540672
1.79623066480165,1.47970045321617
1.92871548877366,1.51003440805203
2.25866780194002,1.64652649342264
2.09768285814194,1.46671577100952
1.76214749871889,1.39641978378672
1.87600788827504,1.37762764965364
2.03892939808094,1.47032309996605
2.10340372803636,1.58446586225674
2.18364126957039,1.53690766124303
1.98147489998549,1.52762862815553
2.18896140364674,1.79914860868328
1.98986103837355,1.34400924704744
1.87164216654218,1.2700111693118
1.81279433914177,1.40750144999788
2.19356650529141,1.54961695371274
2.11110588581923,1.63792225279037
1.88237169210857,1.54615618304407
1.90576625976655,1.49664160215139
1.7442510067463,1.32040088836094
1.99558071345461,1.58112450424513
1.91517302055861,1.37585388667666
2.01180773573712,1.5748465704214
1.6435246641683,1.25193543467541
1.77209808902225,1.51151758551683
1.71134199000312,1.34640343847112
1.78873084216135,1.45196287231106
1.82354747396654,1.30125981723982
1.97008917441833,1.42389966187584
2.02860187890764,1.48090420350742
1.77994656227772,1.37464227776716
2.22925571634362,1.72620594482207
2.04194619901615,1.58490864738864
1.94438227333566,1.54363543101434
1.97180674755488,1.57581666260324
1.89718190062932,1.36994376440697
1.97358844059463,1.42846954267072
1.89129290694478,1.57343705181384
2.16946485089473,1.64459983369652
2.21853632684557,1.63848674355203
1.93012888691692,1.44644717929315
1.73745481266139,1.3807105934152
1.65269085676353,1.39996104829572
2.02884531443275,1.49907266580562
1.62751801373409,1.17085078810267
1.65667982156088,1.27935913867481
1.74158021891073,1.33578433878487
1.58694520365358,1.11962720455348
2.33955918144508,1.64358359461054
1.58567413606767,1.2934078813116
2.2214015230567,1.61209728150351
1.88538039153831,1.51162411216951
1.9422181839959,1.53558082341603
1.84666451936348,1.36832049445664
2.1219679629497,1.51948246801593
2.07040076211819,1.44946899144235
1.99129711666513,1.71223790545595
1.77276836523326,1.48274705168147
1.72519839387846,1.40446251391774
1.76407964916268,1.36947895671856
1.93441677729308,1.5188429409803
1.82469219761046,1.38789170445019
1.74625074690455,1.34839184793977
2.27910084931335,1.72125970190093
1.87709040578709,1.46594116231857
1.76718021315114,1.4791197123838
1.61108046437313,1.26038769801405
2.05679929812015,1.5833712553495
1.60369089754611,1.30442656322465
2.02648832969577,1.46663265352386
1.89758086002072,1.4354527144166
1.91983132425206,1.48844681373029
2.05200682115053,1.76411769218125
1.98439843043933,1.40804759335845
1.67771824332985,1.41442930850353
1.60865424590806,1.28186038370098
1.94546949670003,1.59377501796289
2.1287242753195,1.5643867703768
1.75842615081914,1.40472364857471
1.82927114682326,1.55703543561749
1.89459353089614,1.39967006413248
2.00019935677325,1.53648028305878
1.68066710099433,1.31719624936416
2.07478231877065,1.51173097506434
1.58173370302497,1.28122412416098
1.9509345191551,1.53377350577498
1.73741548270488,1.35621676814478
1.91086249400086,1.48031993324465
1.86422157553844,1.48193879909788
1.81251956597555,1.39404392387377
1.8752889896625,1.43258051646232
1.73432026656008,1.44114410377529
1.7654892158478,1.43379889349441
2.24195927970656,1.65140681724448
1.78955021963809,1.46356112142641
2.04680957310751,1.52595508688168
1.97058685936295,1.39029874552277
1.93447715145709,1.4984003797842
1.8313540036655,1.41380569658661
2.08828609760716,1.53497882458558
1.78557910166233,1.3217163515095
1.93746397892024,1.54129201525085
1.84988513530259,1.56408944696189
1.73493794717808,1.35055977485411
2.03180192100235,1.5295334811352
1.87887411446159,1.61487637105843
2.1115643424619,1.67446766088684
2.09057418559279,1.52377541566226
1.91676129667222,1.54922199003459
1.90838768528965,1.45363386312298
1.89991318210362,1.45812650033766
2.1720543593872,1.72112591130832
1.60550606424934,1.30782358320288
2.0789807824248,1.80316100354953
1.68206068603954,1.36276075496951
2.05229380154748,1.47780386201637
1.76794428685759,1.38728361743403
1.88901101143158,1.43420023556107
1.76441497586148,1.36081732509935
1.89902434642443,1.49141209202836
2.02417054876878,1.58906187277734
1.836272161028,1.44165374246592
2.04113616264517,1.55090572923911
1.99539202097382,1.43180169064134
2.08618268787788,1.70162319358049
1.80917406122598,1.44407625544808
1.74815387353867,1.42531669848434
1.66691412429923,1.381012079559
1.97619983308745,1.50759902352339
1.80555760297743,1.59674098895413
2.23343585779545,2.03694364532398
2.05334812641022,1.44887451520813
1.88218848122785,1.55111433952777
1.87246746105065,1.39879743312375
1.76936203326419,1.4140453158519
1.80144654017763,1.3798772535113
1.91934904543959,1.39501480979278
1.84359709725271,1.28525740724898
1.71990693958959,1.34242737643496
1.89347346686196,1.32213101696013
1.71967322077565,1.33233567495781
2.08701106003314,1.53587312873548
1.83263221344267,1.47292744177024
2.00124022408345,1.49796105909006
2.02375200463152,1.50096091982223
2.15405840327736,1.58499486490561
2.04134544276108,1.51393633536687
2.03437047501842,1.45450140924476
1.72470071917607,1.31539373592411
2.11025547398685,1.53497184162866
1.94053137137873,1.54760199303324
1.9256713810397,1.52857217350794
1.71647441678844,1.45370976634545
2.05073992986954,1.61407240074242
2.08490339369234,1.5070972083443
1.76991147622731,1.3433929203272
2.00403557203345,1.38909667080386
1.96224625110718,1.37778394622803
1.90012105279221,1.46083639061563
1.54998044142512,1.3019857279251
1.76895182872645,1.35327770554139
1.85183387996147,1.36225818836556
2.25353333472868,1.76340545046431
2.09706962425799,1.63722382555535
1.68607062464474,1.3135587151739
1.95849513907207,1.55258077131374
2.17292665935758,1.65026559619553
1.92132443306668,1.53856249495121
2.12001397437585,1.59076723404751
1.80440768994595,1.44225137723759
1.9368199716476,1.45339104753036
1.82318380982601,1.40689538095456
1.71929964045153,1.33997128529563
2.00473854034954,1.55323460720105
2.06562571516296,1.56209628819074
1.81805449023009,1.49138247427106
2.0826807751646,1.56227826071285
2.02400812618483,1.50568778501295
1.83922210809554,1.47456670247255
1.93481189887883,1.52174158881326
2.38306204178889,1.82338898782928
2.06285097716721,1.47912412439537
2.10978271065471,1.59210825717656
1.64425968842045,1.37134177265085
1.61797323979802,1.27022082849763
1.61580297258847,1.29198731892166
2.04797632294754,1.56362207836577
1.9058378292425,1.52912577159234
1.75825969821837,1.43099867112766
1.95652137672487,1.57955514879557
1.85201341545754,1.27375131489371
1.71307067802179,1.45967053457451
1.86005021577733,1.3922987310547
2.2654200423732,1.82791363882596
1.97344230466155,1.60641873532869
1.83491202068022,1.58058608210179
1.52989363387881,1.22863628532687
1.87638793971568,1.40717006143935
2.06638051757623,1.64327112858692
1.9578956858186,1.5333253374849
2.08407457885692,1.63216643499765
1.7577787111378,1.28000138427126
1.77832341351003,1.30604076674186
1.6212398174192,1.26477264998295
1.68264364625455,1.40362056567615
2.05777613759262,1.44146962121686
1.88757227340463,1.48375836027426
1.8515508511753,1.32054984563282
1.57519753472752,1.19689195859859
1.77504799797393,1.39784717427573
1.93757846519948,1.55265228805028
1.98595342081993,1.45497501090383
1.72831225559849,1.37479762810108
2.0460914241638,1.54882770595451
1.75935920385422,1.30375111331611
1.84725997915424,1.36165716641224
1.75297861797781,1.42823222490573
1.61647169447077,1.33193286941291
1.64636284560875,1.23316538853885
1.87607481136093,1.42476802843069
1.85153864417029,1.37669076642517
1.89092210582713,1.32985654203203
1.86264640339964,1.39966318975309
2.05789445740475,1.49431290008889
1.75934744246499,1.27965275743485
1.63891658312789,1.34449825328022
1.86421273986477,1.40553499244322
2.21571165337496,1.61853690667307
1.90140388227139,1.47492203479895
1.70779860828711,1.30202980460152
1.73066676203729,1.45190537366647
1.66634340030508,1.38357232276324
2.10900488269627,1.62923894214932
1.75868653172095,1.42593309742666
1.98532034381183,1.54177116501166
1.80293655539821,1.41517033986541
1.97929032910952,1.57097959101314
2.08010384903174,1.4548242868768
1.71675225823307,1.38646425985352
2.12115589291282,1.57294030952857
1.73615410476048,1.3384994160535
1.88902883579982,1.56475682306768
2.12589690715603,1.55706990927084
1.728427332561,1.41543892828253
1.86987350130146,1.40431522326281
1.80104518293332,1.34799754879231
1.98042063002004,1.49037755674796
2.08254730891349,1.57879826931686
2.10831279727409,1.64981202651383
1.8571220919985,1.4324967791613
1.5952947360745,1.36801010399772
2.02514678738548,1.48074585646514
2.010669780971,1.45070647245692
2.07005224040224,1.45859709620065
1.81927715839255,1.38850060139755
1.87971156674381,1.49977990877581
1.81298775545611,1.45319678919912
2.05593338772019,1.515816779581
1.91017086703163,1.48197629408186
1.74518945234328,1.48022827480123
1.81984384751336,1.26130284085571
1.51984294651236,1.29267113376274
1.63252502242696,1.30665251865375
1.67378026710833,1.23980121506002
1.87218435676709,1.44773114547798
2.1091249004233,1.61063009914782
1.66508218380719,1.26036783864345
1.98564735512624,1.50300849742902
2.16387755168151,1.55711441758593
1.62589049954022,1.25250502101885
2.16387946280846,1.57742698319591
1.6299509883691,1.24125785510372
2.03191003736563,1.63115248578504
1.80191436359523,1.3784959232774
2.01876586890251,1.5248191626134
1.77110644234168,1.40637815660312
1.66260985166074,1.31146934272081
2.17916968660618,1.58434354436878
1.80896383644921,1.48849888291186
1.97500577323292,1.55085055588643
1.80063500227665,1.43518308868356
1.89954100406877,1.47444983852353
1.99167846803949,1.55566996209357
1.62092300483397,1.23824759085648
1.77179761671788,1.36012338195972
1.79660318623251,1.29046169283115
1.89263561380085,1.53189415634433
1.68358450081632,1.3804031313762
1.91733566008452,1.55722055876795
1.73486266869737,1.33982503443829
1.77825852643183,1.45811281851733
1.88028476267459,1.3237565713765
2.1705519315506,1.65744424641565
1.95961604522957,1.41369342331809
2.2727469747482,1.64492127088565
2.00900370937896,1.52371959349649
1.96477170682077,1.53569795681066
2.23647181564163,1.60653680113913
1.89761162361388,1.41991698947936
1.72690032154488,1.25670075475059
1.77744423648921,1.39575665024085
1.7525030294435,1.36479050124267
2.01323862517688,1.49402682179363
1.76594591631851,1.37192282921449
1.86860795383017,1.4871244696271
1.86707992392185,1.44178328506675
1.58230370565475,1.18964423866392
1.91062831462005,1.39785036047537
2.19704955026442,1.76848094676439
1.52228390588553,1.22286686369192
1.84322031214938,1.35781095419587
1.76744128437963,1.23434249055182
1.84382028630819,1.37393535180958
1.8668351253671,1.44685845401137
2.13395571672089,1.59623601468408
1.72855703273481,1.31843386030644
1.7432620977757,1.39695336583999
1.79312231190669,1.47970684130773
1.96142343268001,1.52513679472137
1.85758777034903,1.40392920105454
1.91971912869149,1.56775147648622
1.50071752785607,1.2081758930362
1.71258787441931,1.28559341985446
1.66330307805755,1.38774537224127
1.89771214456345,1.45683035965888
1.89039470125643,1.31108220116305
1.69143780049648,1.35817203122743
1.62311136790822,1.38188638268954
2.25902270011651,1.60087237330971
1.74785553772581,1.33825915851259
1.91234937360287,1.31688811142562
1.88563055203253,1.4348472734676
2.00219150174449,1.51272899949801
1.82524625078346,1.36088954567543
1.70796560736453,1.25649414933275
1.994481577625,1.53858811929903
1.6711530898643,1.31646023053897
1.64069042191492,1.22497769216037
2.01635290355145,1.40030028964041
2.13066989413766,1.59036832273266
1.97288221487659,1.41019875282512
2.01170494808706,1.44435947465464
1.92979555246838,1.34945764231508
2.06611225495413,1.4979159481668
1.97108604223087,1.40841035925853
2.30554721711228,1.74342003138865
1.88189570348914,1.49005617229945
1.88054037887434,1.33360585506467
1.84808991234377,1.54696992604832
2.05397771200924,1.4024595890688
2.12450214915875,1.59213721143259
1.85847452379111,1.45244536436673
1.93072912101885,1.37111451950315
1.9503509687956,1.47638139038559
2.11771255002382,1.67522699005008
2.0450189762592,1.49703690679816
1.91784327328693,1.38621621571776
2.01531354991103,1.62165519504935
1.7864745827175,1.45075405559085
1.89955240745264,1.5290296368251
1.95185144961588,1.53058280272205
2.02643906857313,1.44849566091145
1.5807713159853,1.15549812293935
1.71567085306793,1.4077394878927
1.86069962003285,1.47261710025631
2.15122278050736,1.66400495054879
1.74972737120123,1.3336703824633
1.63940234098166,1.39056220027263
2.00198698955154,1.42991745323354
1.94541034327137,1.60048036964458
1.749043888288,1.36688370761767
1.93497063351445,1.50256105291181
2.18502411313796,1.59836812090432
1.81911386403896,1.34804991049498
1.84677069629854,1.48761658743888
1.78714613153356,1.25142505445222
1.70703953124997,1.41663673201448
1.5801621212771,1.27636766624312
2.23799261985021,1.66613437890169
1.80227678168049,1.36727964490177
1.73550045812331,1.35582914493359
1.89085176438427,1.47049288972519
1.39433824723006,1.13158347458379
2.05070790285507,1.45639246842781
1.99800708406246,1.64347695548584
1.98892956170546,1.70605526045798
1.74384064087144,1.25386887423528
1.83234399614632,1.39784036948626
1.65877402884515,1.29766170190064
1.89382889292695,1.54686852853103
1.92906356086096,1.52262674429708
2.1247041264024,1.59993333443184
1.72247122709525,1.27843772791261
1.64560029083411,1.26942768008565
2.03285560027703,1.49008759117553
1.72589463642511,1.22144692285183
1.77231245361139,1.32528777758003
2.26836680476779,1.7723308747135
1.87501812221013,1.47436931941392
1.93995394713243,1.48054749391684
1.99265913578539,1.66839302135615
2.0824130846131,1.47200940620919
1.8085858893349,1.45592571618539
1.92476392967807,1.50291094920363
2.11722753233637,1.84958483266656
1.66924565230275,1.31238374413335
1.69202551929397,1.37426727129621
2.08636014545088,1.68236656601916
1.96061926463278,1.38643691323156
2.05354378352534,1.54454175356847
1.62106706984361,1.32290143314259
1.9034755648083,1.48731344914154
1.72314100408512,1.39059878053007
1.99401477746285,1.46173229519087
1.75370991503855,1.35061172929238
1.86745125656699,1.34794640057621
1.7715041416292,1.33156354362857
1.88024315904997,1.52551412343101
1.86844250152796,1.43421019395996
1.62752476837796,1.23381417626494
1.86060348198339,1.44412697441581
2.14036010577296,1.53419148293409
1.91173467047245,1.4545704322939
2.1338806620111,1.53134972390127
1.94425818569137,1.4752031808701
1.91024843132183,1.40967559504487
1.84751128038821,1.46309184158589
1.68061727445171,1.2809095217511
1.73006630481687,1.31410250410272
1.91249607445103,1.31797251171476
1.59801255222646,1.33852237935278
1.89511743092529,1.48420941132122
1.45068413198146,1.20349605139
1.6885870536211,1.17481133104184
1.68485238507977,1.28175318877167
1.61237856994985,1.32864369921812
1.85359470625611,1.36938764240138
1.57204642450862,1.25644987803327
1.71447366037399,1.32260683512799
1.80097435432844,1.32698138129632
1.81650143350171,1.49716493818397
1.82757635122913,1.35997717311994
2.10811694906261,1.53190894293729
1.79212314055953,1.52069100737903
1.89142817379931,1.40426821525918
1.65891046471327,1.28581098573249
1.76137292788606,1.29285187959997
1.93131816462845,1.39560828081561
1.97768308835035,1.58153776095822
1.78709314076329,1.44193691599159
2.16556749310301,1.71789463998996
2.12773710691236,1.49950165808906
1.97302440986059,1.49236981357843
1.47155802855063,1.11276386697485
1.84662261583016,1.43263222013403
1.84473803618286,1.52427996129178
1.96627487766072,1.55555505331711
1.89150044223347,1.55933146725692
1.9303585007143,1.48007792202355
1.764254486669,1.3313108440044
2.16622361308007,1.76589935651976
2.06349618321291,1.59107817507592
2.00836556943018,1.53077944367669
1.92754731426291,1.48090768471552
1.89624274140096,1.54691653801979
1.83256987947703,1.52394276019433
1.86733131626326,1.41759856551929
1.68556060508552,1.30320440587786
1.83027389439162,1.47867595430386
1.73989472057563,1.39896428709303
1.60640257053035,1.23432315715154
1.80280440870033,1.44925992049839
1.99995679514398,1.55865671534035
2.16478900037968,1.59340522860169
1.77371834629484,1.42554144295118
1.96523880578877,1.63009797455029
2.06912431945207,1.552692174288
1.93474939657658,1.38712135058437
1.60148976312395,1.24951264542845
1.54813196578123,1.35220631245455
1.57097168357863,1.20398895190769
2.14264124853187,1.53739663777963
2.00915420507478,1.60092536290588
1.76238807528465,1.36222745243529
1.82969478607435,1.43402533110553
1.75403285176233,1.41715364134503
1.93364988031399,1.57342801799666
1.91993314641543,1.47902087372038
2.00024383392523,1.46105978833243
1.66453860877721,1.30620120936158
1.66529489455683,1.37675097740309
2.09240419427446,1.51881760153049
1.9842645215473,1.60037497578328
1.80962250127326,1.46902565056242
2.0282699329411,1.4672803201336
1.79798976977139,1.49181764617247
1.73309198662768,1.50343497846702
1.98468817488968,1.40374906034933
1.94669701269047,1.50527166974742
2.19314651206659,1.63729404807129
1.87919098196468,1.48415959601562
2.06897536994529,1.45429904492189
1.77872371106116,1.39849183161281
1.8877241949805,1.2794181148532
1.65402362275987,1.25291678534675
1.94085147765767,1.48620517083785
1.77248967613035,1.45756564470585
1.70119020513442,1.42451637108692
2.1377237531408,1.57824041060322
1.78732336679983,1.3177082102848
1.88205063361093,1.40238895680131
1.908939954566,1.4959261953336
1.63896023244017,1.29433716576285
1.65647480325291,1.38068333651369
1.75207462349983,1.43446027484653
1.91413557968221,1.37173027947334
1.64952903375648,1.28129152431058
2.00234391092351,1.49515231800737
2.13304754376849,1.55866908545265
2.00950609126051,1.59360730680996
1.89408880918057,1.61337469679082
1.694701813869,1.38814791280486
1.71473982849299,1.29315876419464
2.10584267221373,1.59991097552695
1.65320088387692,1.2911184067853
1.75981067104307,1.2502011236855
1.91656704029982,1.48631723206872
1.86899336478806,1.44688396739501
1.6938765668355,1.30227049768937
1.78756123162698,1.34293345675897
1.64098012078573,1.25581034144817
1.81836485308644,1.52688408662758
1.97358196726212,1.58803498338228
1.87638733161228,1.47932754807919
1.88279696706534,1.55086464999156
1.82134104927933,1.52601403590496
1.90693801227729,1.46725967551092
1.81310924782101,1.50694265565482
1.91214600439623,1.59029893903222
2.03736666692426,1.52657659078593
1.77440334324879,1.36505604590072
2.19211524442179,1.59420230665141
1.77509542785289,1.35340050461895
1.97099425901914,1.51237116453838
1.68653956971168,1.42928109764792
1.80203888239724,1.40138615125662
2.07129992821309,1.57604319164932
2.03202247392299,1.4401954996639
1.95855724751269,1.46460419416754
1.96891620974865,1.48100725102106
2.06087018544993,1.51132576970071
1.98582013158081,1.38962234365055
1.8559355350172,1.47573259726
1.80156710939085,1.40506484570336
1.58876948043875,1.28338359816885
1.51311902299631,1.19021589699545
2.19444869505564,1.61462554149724
1.92667541432478,1.42615121459138
1.89274641931859,1.26964357962295
1.90630787787843,1.5544093980354
1.91743874071278,1.47651850886012
1.88629162841089,1.4699689842196
2.19382794579696,1.73565778543186
1.70936607138458,1.3099849713933
2.06012020956043,1.46255759551752
1.92597535425427,1.44969873112038
1.740294761996,1.42747616470533
1.97139799239992,1.59594420551568
2.04570192012643,1.45111472157827
2.04204207953708,1.62567714500874
1.90580292081107,1.38967171451747
2.1696749057369,1.54656582847306
1.68415194523627,1.44082607041641
2.00039299274686,1.42107674051278
1.86850605010563,1.35920291060826
1.58296382756366,1.19238399021088
2.1086856790443,1.55024676632799
1.85560169247718,1.49474835345567
1.94598901638338,1.53604037667931
1.85068751470025,1.47647699020686
1.99436792317136,1.60278713004654
2.11069882738642,1.62019790720221
2.1365499443373,1.81068839546103
2.16204463323756,1.55485439847458
1.90114469059119,1.47998396703224
2.01176576303304,1.49168040819457
1.69454676035293,1.41805235020655
1.82094648731279,1.41795332811261
1.97630987412999,1.52531588747776
2.08801349497408,1.6084273040133
1.88889727383779,1.52141525955314
2.03579746129527,1.50632930101209
1.54025140651739,1.18278553769771
1.9609431786381,1.53365225556097
1.77092708716336,1.38191694036532
2.21159646401716,1.62533453863799
1.85689622746249,1.39470498785547
1.92809967089509,1.50535157233193
1.75074599153647,1.34551696032192
1.53492561304702,1.35767023815218
1.76368595515132,1.29661708456439
2.4357153342392,1.92390634890643
2.1099039132247,1.50881504221211
1.51728917771519,1.07971623630452
1.98624297530701,1.53236942849392
1.94219360764158,1.58322405702758
1.79321626487836,1.42458575687166
1.99395656304162,1.41312276687346
2.08134566472129,1.56459970140961
1.80758133433422,1.44117510982077
1.90109015872671,1.60987708046615
1.73736092168213,1.40311177162385
1.73918559726248,1.45243653446824
1.92435372806703,1.53892990594908
1.85134651396506,1.41366643689092
2.0740683327835,1.60004365401791
1.73498246332139,1.50687074251348
2.05321686003505,1.73454491463285
2.0510112812,1.48878724625005
1.74632466774918,1.28248569568112
1.88736672843788,1.48728145414144
1.66895772011194,1.32355740918496
1.86433950999166,1.33992403031221
1.6111209482536,1.2815747035178
1.73864395554773,1.25649235731227
1.98445286366424,1.60633771764904
1.89303084094567,1.33618252347118
2.02736658750787,1.55938411771418
2.00823303309531,1.57932919096573
1.94833390831726,1.44973984680088
1.94361780128506,1.32526917763926
1.99723385751111,1.55956099284965
2.11153764087233,1.57792536331586
2.00031374500784,1.63076676616335
2.19979337147727,1.62896085100099
2.30566282360966,2.00654905637501
1.61547991264253,1.26966628553729
1.94529826514982,1.44432156677054
1.96010926710064,1.50271721111109
1.85531935965817,1.29548068324016
1.53025901338884,1.27744296000313
2.36214035272573,1.83648871407482
1.85061678746872,1.41623436221209
2.1378272452919,1.53752703511091
1.71918979551734,1.30911275761071
1.83421081532132,1.46707504912111
1.67706002609177,1.28725189754716
2.0172552288828,1.61862741588226
1.67702307272766,1.38046846556775
1.68630329539856,1.272692861226
1.80576732422038,1.47244122693169
1.84111102866402,1.53348231237721
1.67903809665298,1.27319338263326
1.71818882466171,1.31216952826106
1.79630454119149,1.44709032168351
1.56890874140903,1.21166805328421
1.91239832997107,1.48563746033884
1.91928183257512,1.40697563584652
1.91772090205431,1.57905258833163
1.50400094861217,1.15304967683638
1.47704943473247,1.19817396624224
1.68897395529732,1.32460624345913
2.20594718024539,1.83934412977276
1.92353157741912,1.55239569227462
1.85084792571874,1.29343949238102
1.86201596202872,1.42498163309606
1.67308717837559,1.2828966498775
1.91464744281703,1.52867483795928
1.80912670339657,1.44632992630825
1.82062315938577,1.23764624413072
1.97086107559107,1.45785235254737
2.02387194372926,1.47053787715983
1.51147387685894,1.1311222976373
1.67804020479338,1.43398973843594
2.05348653598824,1.67488735486062
2.03877872105416,1.39725843229917
2.11864847504628,1.55539127295142
1.35958747990859,1.19665612246957
1.8994801747691,1.54237769155074
1.88732946189015,1.49283805192621
2.03584075577451,1.53080219176151
2.15318447463343,1.56920255112008
1.78959317945844,1.37034213459458
2.3121014394088,1.65394935492748
2.14620621973157,1.50098954054964
1.722100664509,1.284491913574
1.97109011802725,1.48175060613441
1.77275873735746,1.33704957681157
2.17007389636406,1.59983773954016
1.66278539953469,1.3681703558087
1.88384440503959,1.35497396720413
1.93571573882283,1.47951795087436
2.10080677025271,1.55658350824336
1.89666581280404,1.52899645821478
1.8219008464966,1.49766138121577
2.02319137951909,1.49092231766214
1.99305329944304,1.63164295342874
1.62145688524276,1.31743884971767
1.79173933928753,1.42134779883799
1.84208312715577,1.44916528845409
2.09353842631777,1.62627074083731
1.97060280460035,1.7212874614876
1.87601280722065,1.41657742737425
1.62447353748264,1.35559365413855
2.06185682128498,1.45771599577629
1.63203912457873,1.34640350961349
1.7784443693912,1.3003423346214
1.9242135746508,1.40102235527971
1.82904053368619,1.42270337336112
2.04870792890627,1.48230381955065
1.93652837084755,1.62427215913027
1.9791840737859,1.59865451721681
2.05065770861179,1.52713106980239
1.60820140429882,1.21944849834352
1.93852691231885,1.4495089138679
1.72991000498672,1.44380269443426
1.79287210218429,1.45443965544485
1.9589454701678,1.52280100727627
1.99267049654864,1.60124477477534
1.5939488058654,1.21577479477816
1.74176367630458,1.37133637474939
1.47007393114849,1.14073166471785
2.05763254086842,1.63586578331851
2.36848787349416,1.87427183704656
1.73218708756157,1.40784256758506
1.79609669627252,1.33975200474246
2.01367043584732,1.55961746756773
1.9238497072293,1.40315441057148
1.99816213152149,1.51132546262351
1.9329840111038,1.45822579322317
1.79923487779853,1.50740700620105
1.82070657345226,1.45287887320643
2.05683010405941,1.56324159895433
2.00830410404754,1.55461833126143
1.63621674900971,1.25998453294961
1.803451312094,1.48739656993371
1.5932379553675,1.24001417051743
2.2617818022141,1.73674224056987
1.74422891314389,1.40084360208105
1.91397685485247,1.48190240755729
1.91416016187894,1.26526154908065
1.66325134792115,1.36056850930986
2.09463376227476,1.45689763093229
2.00422358639028,1.35450497181422
1.88947169995928,1.53588845810119
1.87124672939359,1.28653653900504
1.88537102627257,1.39438366179134
1.88175866225876,1.50349346694617
1.93711315136122,1.4721872759326
1.7256028586988,1.37592857943082
1.86197558881881,1.4526783541067
1.8519385260878,1.29545426308431
1.94211295827769,1.3617682435208
1.80718660413013,1.44090224036895
1.82884184247418,1.36139630795427
1.8998786896156,1.41542444380204
2.06020984395591,1.59819587935243
2.01703697572215,1.53529028213227
1.7490359797897,1.35902876590734
1.67818140444976,1.21012926061774
1.6728033726045,1.36196707384252
2.11890287625103,1.63302990948809
2.15558219843285,1.60974367326442
1.86358581136044,1.50325018970546
1.83812955763209,1.4159749925298
1.67407950535838,1.40831960424393
1.93217106891994,1.37292478175074
2.08685004896108,1.47541405477131
2.0002498578543,1.72268398992752
1.62754654023092,1.23216284911932
2.05370812010354,1.4818229180435
1.95223922625171,1.53850675709873
1.77212510601796,1.33747529607653
1.56235346796961,1.20046109634528
1.94658600861403,1.51368810385571
1.78590725079632,1.41125416776009
1.80945065782341,1.49709207506264
1.70184626361496,1.3841615621862
1.64900996014136,1.37318909803413
1.60097368788357,1.18698567974329
1.95000174867179,1.53659788244067
1.65009357139038,1.33599228975379
1.91008830348253,1.47724332246637
1.87937635137608,1.55017799332866
1.67452627013775,1.17462846497124
2.08537829425172,1.53022853429133
1.71756832595634,1.3871569029997
1.96669958497886,1.55041472351129
1.77757670930328,1.39139859802411
1.87860275305465,1.46853699546271
1.96486875537127,1.36197641771283
1.8184616971983,1.40822003002894
1.6785857016538,1.27765555716427
2.07916515274186,1.48053062648698
1.9241358728172,1.5885669089003
1.75186289702488,1.4596921451112
1.68751286808038,1.30562675021508
2.03214114591735,1.57900480646923
2.14444538436495,1.57672187155443
1.91574375404764,1.57635905394409
1.86016140545554,1.45756545576115
2.46156247800246,1.99148557204007
2.04389998297058,1.41843807577765
1.83152444037016,1.30060991680743
1.94545757724618,1.53975175885926
1.9950815870518,1.4551125466284
1.84891445511426,1.45465772463103
2.04672232521137,1.53030809353398
1.93665895647981,1.31485885007078
1.41251889857766,1.16271347466766
1.79904497011307,1.40730619562855
1.94554108602115,1.45645000430908
1.61357554981361,1.23207102513669
1.83728315871002,1.44309483889146
1.66929673580341,1.36361762565644
1.79378855256652,1.44553241189153
1.81521207869523,1.38059986373436
1.60979483464094,1.33053221010088
1.83501789734806,1.45675844082859
2.1376196552737,1.62697467236152
1.70739686065466,1.41460085221829
1.99736275687055,1.41763792574197
1.65759516201461,1.40756210659124
1.76758925484829,1.44849734559312
2.02481081545579,1.50663836599184
1.99523819354889,1.47445154671529
1.74434647554202,1.46552274177613
2.00275018958434,1.29030307131448
2.24540050037148,1.60628213751885
1.92500611799766,1.32106367236204
1.92430395382613,1.49363388003922
1.97630637478964,1.37029430114579
1.97601443742769,1.56000741793339
1.79770670680264,1.29353943422427
1.6871680818256,1.27625810755104
2.36565147376286,1.60052090776506
1.99421270513648,1.44517571322042
1.45119642423551,1.22575332813572
1.92328391518316,1.46353079261443
1.76264921615802,1.46024654992871
1.81385432893203,1.3482447647856
1.73525936943772,1.33101971677273
1.78942970522809,1.39641230839731
2.24029516689901,1.66063998235216
1.75157284138609,1.46770272040671
2.1334780954407,1.55098521719536
1.79636796258813,1.34457695992749
2.02269799504246,1.41996970614255
1.60203971591579,1.35746246873925
1.83412792083109,1.53490948226257
1.87478499009577,1.4307098551704
1.83492900937515,1.41856097827352
2.00523744852854,1.34377474125785
1.7733018565462,1.40497046552911
1.97109951243297,1.38880986429281
1.7955197142657,1.44588720605611
1.4606295074066,1.20610132065064
1.99610835698006,1.44377213782458
1.95686761929847,1.53688125919472
2.08236273237241,1.47452208172199
1.88757087097985,1.50568139961587
1.61947003449248,1.23201828529474
2.03350060096913,1.53358760366813
2.07509055147485,1.64108427157183
1.90210173571839,1.40153227058758
1.86519432801813,1.56921124473824
1.79097749580394,1.44311306069876
1.93784099009656,1.36663962326014
1.86354966185204,1.47680774964622
2.00957025838525,1.53374828082375
2.02677085577312,1.59425764189878
2.20374054977986,1.56342628478003
1.86723249847861,1.47047397467125
1.86696184462189,1.45455129877544
1.60322023601805,1.35763350068762
1.84720681942053,1.57824333004743
1.57280384892598,1.19534639311107
1.89304763002485,1.40953297718492
1.3116017694101,1.05815293761181
1.88247457160417,1.53961087445161
1.78727771071585,1.43088010823418
1.77953979763185,1.37159662921167
1.82087671503016,1.43369038145191
2.25977164992625,1.61074406777795
1.8755714922894,1.5949056117089
1.85548198278137,1.44261162168871
1.92506646781411,1.60435177343996
1.66989894741437,1.32314829964497
1.647183795436,1.32697312505992
1.68285715720663,1.2988929218765
1.82490468897672,1.28742932584986
1.7032740150426,1.41956393102897
1.63498779619738,1.14073441932052
1.80320567147098,1.3874703580523
1.82952798871615,1.41295110391364
1.84536065431361,1.34141239703562
1.87260191582522,1.46508688831765
1.60496061335114,1.15698244782029
1.94870120322832,1.38598175771104
2.0640417044239,1.63031097837134
1.87424323753923,1.50312536767828
1.67966599870374,1.28232076256501
1.76235074673989,1.40386729302673
2.07173165600989,1.68353853749495
1.84302939501463,1.43950605419999
2.25666695629352,1.64549370788508
2.10284501486192,1.59722602085184
1.92983482734751,1.4988876828576
2.17306823288484,1.57284779123905
1.8018883291676,1.39891379109895
1.84594476958164,1.42972421987226
1.97523878364884,1.50370777910599
1.79870376171568,1.41735507462552
1.83096744065289,1.444308551022
2.17202610233448,1.56369549464043
1.72326568389105,1.40895850714098
1.89671626368131,1.28153483447658
2.17555936387244,1.61467247555782
1.78896168060474,1.24628329892805
1.61007671659576,1.32980869457847
1.8630473086183,1.42596300996857
1.65613371372839,1.27595683582298
1.80489513112018,1.3444335518968
1.8035225357245,1.44500723836807
1.85773643151061,1.42347295666604
1.48702982882322,1.09352483476005
1.9022032597667,1.40882789767339
2.1694684977311,1.56742883690138
1.43292087145453,1.22263267767561
2.14427490134721,1.58593999346554
1.70049632760133,1.27925176787832
2.11657385892619,1.48093940560677
2.10973460472997,1.49670818727386
1.60976769429576,1.34937606266289
1.84622708496719,1.40990118709292
1.51627410166193,1.19619154317042
1.57155625012292,1.33828844694921
1.87819168091463,1.53297793950707
1.97695629421636,1.57379532820244
1.87030612375688,1.59334521934582
1.82753456915132,1.42397853413537
1.67228713411285,1.48512016655847
1.63567080190379,1.36100064845494
1.75424363136149,1.38543235446738
2.07103356316985,1.58926360317259
1.98235039548722,1.53935790949341
1.87351635301283,1.49276201517251
1.84724147777135,1.52086621032838
2.13406734873333,1.62603682029702
1.81338047638197,1.33877598659136
1.94858212060321,1.57843926707049
1.5962509666343,1.26633728475948
1.74785533914557,1.38095229224846
1.9081312590002,1.42007124949378
2.04360489858745,1.48585381355558
2.04697785035415,1.68734400303377
1.56258602268904,1.17253549382255
1.99730306375461,1.59019301561719
1.85143180569833,1.41790011132552
2.19618785041479,1.54727773090181
1.84589005488471,1.43760551608008
1.90832326591919,1.47518172336718
1.82563723214617,1.48022726636496
1.9369582446868,1.45384976241556
1.95654150334337,1.59811556622809
2.04103073800904,1.64388460471496
1.67555528865075,1.27331406364713
2.04937607364393,1.44765331488734
2.07455798739046,1.63743322749692
1.77341162384079,1.36550949693912
1.63897291901917,1.23691484956146
1.9217721919944,1.50712385017946
2.16795958137663,1.53107035893005
1.94537389840562,1.31528700462046
1.83523657425705,1.28344940034656
1.83821282107338,1.41557945752154
2.11755801565365,1.67484953777084
2.05640929042549,1.51355245340412
2.06559090624407,1.55385074840874
2.05205957852167,1.4971977218336
2.33918533197382,1.8892546236518
1.71929896901779,1.35408204332891
2.04549420508693,1.55120023184219
1.98619591880766,1.57259728338471
1.69226196963146,1.24091933431866
1.64130023564654,1.24178906227236
1.63467201062926,1.23503543587277
1.91346299070576,1.39730765786674
1.54523797418473,1.30525424804881
2.10134278599507,1.60986996974171
1.70097810762627,1.38544634537508
1.53813054760677,1.25428897944771
1.94655122153811,1.48691855419489
2.08383113619926,1.67003869370748
2.0840250056841,1.55486023691996
2.08894833558641,1.55705334347244
2.00263306168302,1.42285507304997
1.92449859509813,1.47357142397026
1.7793034089149,1.31867360967594
2.05257445140746,1.44538598392633
1.70364036414451,1.16563027003883
1.44904484430391,1.12370571146491
1.50163883958771,1.18642044769031
1.88083244529592,1.55673164314207
1.91828169444655,1.66614251539803
1.91179380363389,1.48349197841346
2.26875041926051,1.63383841362882
1.96618172381782,1.58155721816539
1.78535240623453,1.41326127421907
1.61264622992281,1.31862842644385
1.80307935389176,1.42312458565004
1.94467887072093,1.54541733906856
1.86079881761876,1.37832648610168
2.06389918938148,1.55618881931822
1.52972841140968,1.25182766710306
1.77832842301867,1.44314959895528
1.85470787666272,1.38101495230593
1.7023491657572,1.33504133657494
1.75567357681933,1.37092093261319
2.18067022883004,1.75258594624363
2.1612409918413,1.60359020549037
2.05664048412246,1.66819061627714
1.75671808639474,1.30003565668053
2.08982560041798,1.52367125097971
1.82884202686709,1.40389394875393
1.76863575043199,1.35077476079949
2.00729994620777,1.51737224327359
1.91402826830989,1.50058269743735
1.47153793102691,1.16041902795176
1.62938000198587,1.36144774221166
2.27075248274302,1.66925749593602
1.82977738602398,1.41486160690207
1.84366989622079,1.38060295988883
2.18946933190992,1.61397154615598
1.88348305740545,1.49168199714707
1.92945966481338,1.5574747806086
1.80051473520374,1.40102985002132
1.9406107797127,1.51509771716325
1.85469926734375,1.48402338021184
1.92442554742204,1.42089471947985
2.08408979181211,1.52213963617001
1.68675249456685,1.31066977529749
1.66768970462735,1.3829622823248
1.81527548170174,1.40838798128353
1.91932926865,1.53222493966805
2.12006578342887,1.53413736798627
1.85426675206103,1.34100595964841
1.89578804294733,1.47897039054305
2.12899952593846,1.56464310871861
1.79367323751293,1.21992247766203
2.01486254867791,1.50373568173812
1.86154238563072,1.49310044573285
1.96386257390825,1.54670714371576
2.0440504837104,1.51605208851355
1.88256112362682,1.2885480777262
1.97021590532766,1.6388962287068
2.01846262686828,1.53415329292575
1.80308904722262,1.29626768779429
2.00830446039779,1.57003939517787
2.09408593407467,1.43568679427384
1.89488228475847,1.47138112630347
1.74119044303437,1.3540375847144
2.16327373669754,1.63220682969711
1.97454642865612,1.35728206644478
1.74736132413983,1.30061943145779
1.98299840362872,1.58006232654624
1.91777254143559,1.36715696413048
2.00771242356773,1.44442312937785
1.94302358348304,1.56006899633501
1.77138320708996,1.38245216448935
1.86297842710138,1.45615768291276
2.39435131843752,1.94389578225281
1.70340304532008,1.35295226733247
2.14509645090151,1.52816398962677
1.96100505490647,1.5567529027329
1.96715847877606,1.55807090887975
1.96704507207396,1.55048000801461
1.77865033287042,1.21354503016196
1.8394622852208,1.4975114272684
1.77108768395288,1.44078158326749
1.85212776037981,1.49464759556924
1.94588631211741,1.41361038410016
1.85116003340387,1.38059089088264
2.22931013411548,1.6135212729974
1.87996177145202,1.46257723266837
1.45762695417329,1.16118426871672
1.93271829028295,1.50246694759883
1.7986994061492,1.41631402075435
1.51422534076946,1.16941734037413
2.07768881847191,1.56943674627902
1.80833565828027,1.49222050275884
2.31018241802151,1.81935139786658
1.68880353477233,1.37901179813181
2.00844717352066,1.36336692218321
1.84688450783861,1.47445855512337
1.93834354077063,1.59122685722591
1.80411210575653,1.39422381762651
1.89593685787647,1.44522416776505
1.5686974233421,1.20682984369625
1.68843518501121,1.37228260804896
1.88220772169541,1.5079752438201
2.00297258443781,1.41394364825789
1.89990493521036,1.41066724056448
1.56871747461455,1.27183989437562
1.94810766270388,1.55062850495633
1.83373955204942,1.28138270571863
1.90100493894177,1.42475421849067
1.79576526942613,1.41898659123075
2.0033720292028,1.45872436291247
1.91239143662125,1.46711319100389
1.771209204739,1.46052885462001
1.66728503009766,1.23350564334166
1.61832778000362,1.29836858882415
2.04192880408123,1.65137987380311
1.80985283914607,1.45865755486254
1.78178984552372,1.38045316531391
1.56673012959549,1.29283155519441
1.81407961907355,1.39646045010166
1.70160825623846,1.3753212821811
2.00819270761637,1.49406172006262
2.08468185741045,1.51822628830726
2.09402901200036,1.52117620546193
2.38661916109618,1.67969975799679
1.96294455245954,1.52985630429408
1.41596476839383,1.19711603218016
2.10258517089072,1.60563553661068
1.91355918623315,1.52478171793257
1.83205272332614,1.48774065456222
1.94625039037842,1.44385819039368
2.66603497010634,2.13024883516719
1.92636403682914,1.51634540313888
1.71094801864435,1.29802297086608
2.06345718524108,1.60153661449769
2.02984001705216,1.52437533005329
1.9466034815142,1.52774434048238
1.71771308862964,1.33679807737177
1.70657767011089,1.22984151793104
1.67813672716213,1.30195245789039
2.01000986572397,1.51235640121909
1.91396329421413,1.55884439251037
1.91692517853956,1.45903152234921
1.74714988605616,1.34457763974352
1.68780772958383,1.31281905197197
1.83637648006832,1.4237852429181
1.69431775367448,1.1504389720628
1.86545778980455,1.43620531553745
1.82484363514625,1.47306783576998
1.74368352144779,1.28885417859316
2.09950656609569,1.54618026910722
2.10499740944215,1.53346488024082
1.95261138971548,1.46998867197607
1.6635685782969,1.26814704801065
1.87980639358042,1.52576363919788
1.93349859521128,1.32387353938802
2.11334187910229,1.55051523259417
1.78581368644332,1.40290526578499
1.90507021137549,1.49236123431004
2.29198864508201,1.71851635562527
1.58624814231433,1.24314347555922
1.59538520951505,1.217020853171
1.53137047653199,1.20974599170421
1.67309619697544,1.39564597227511
2.05470578388559,1.5129061033934
1.81152534406013,1.40554479061913
2.09524514724855,1.53202204857603
2.27524039208911,1.75183202113414
2.01836387875995,1.51713000244862
2.14639199940397,1.589605282724
1.88022215697929,1.49962706243154
1.92979750050419,1.47998987736623
1.85111832978003,1.41720220051592
1.80594287016688,1.3524848150363
1.87745014616037,1.47022351593246
1.52793817419667,1.34399622245693
1.9428476302579,1.64468983748194
2.10912503158504,1.59322988710194
1.77236133993209,1.35808863649276
2.0013929600824,1.65023281246554
1.75999570569973,1.34133281944691
1.78403920114025,1.3911942926259
1.97728846019158,1.58121057293712
2.01496311897843,1.40803633696086
1.79866606381295,1.37414449832242
1.92066534714472,1.44940630157702
1.7655364817923,1.32324522580526
2.03106360060644,1.47774496698771
1.7565415014638,1.46073798553601
1.96809086795198,1.52403078150343
1.88735119853834,1.52279802470289
1.84737006907218,1.36530953430033
1.77602255127992,1.45127315487528
1.67721674577292,1.29123046837305
1.9401171140102,1.49531872584688
1.55268926794851,1.32322571570901
1.89019079355897,1.51026952743609
1.61548278221079,1.25598350716201
1.89696285944732,1.43118794765319
1.75357379949485,1.22507376727686
1.80169717554953,1.43924940520173
1.98487776038967,1.4956017197256
1.76945181448698,1.31548965136916
2.12033242387321,1.48930633386133
1.93392730211674,1.54032505200281
2.148804781359,1.54464197763832
1.91641696497885,1.50616713527698
1.45494438201997,1.18275986958288
1.79025828788672,1.37764636898114
1.5843579151714,1.18166866138496
1.76276911681016,1.489083336683
2.15664482999996,1.50139208981557
1.95132779221356,1.42182860875121
1.82933371201298,1.30295748447377
1.84009146265546,1.42119040802996
1.73111917649501,1.38426794847339
1.71617476077247,1.35365328115839
1.58187264214121,1.41065291269346
1.53402208242787,1.18913412246486
2.24944614145384,1.63133955694349
1.8002537274648,1.45843540744996
1.67316451521745,1.40381631902392
1.76496294372204,1.33709422946159
1.91718278846016,1.34437026587318
1.97858822340302,1.44267216968549
2.16865466821678,1.51905671205042
1.74661173864294,1.36542952658999
1.98044527997219,1.47005072562399
1.78010983301267,1.37925192560283
1.71340960278779,1.37977635291152
1.9321850437882,1.54374616538973
1.79616343973815,1.43762881131662
2.14039450771184,1.48013858926136
2.09132215714737,1.68652287377782
1.8026892869631,1.35519401054185
1.82640249099587,1.42923342632406
1.53084535584378,1.30748491784756
1.75483776542933,1.29379745988294
1.86500820267722,1.47541461615344
2.08581016396094,1.5539316580435
1.89615039317709,1.59102889287102
1.82481981331827,1.35306774447616
1.60449970502127,1.23653913477111
1.91444479599332,1.45841056991367
1.99072302986595,1.59044389150276
2.12856585841492,1.65751107828849
1.92893985791028,1.53973252257882
1.73416939515219,1.36212352170665
2.16300134621565,1.62144779704517
1.68191449276428,1.31363293890239
1.76250826169029,1.33585161590409
1.66717934445325,1.37227982682105
2.01638464054061,1.43576991780059
2.17891763070639,1.6009073260894
2.10503195209906,1.5643930467231
1.97466098454546,1.41701372817873
1.84431115449338,1.37747957269213
1.95301930104189,1.4870872264058
1.98622192268597,1.54484033413939
1.94073563767887,1.58282743794057
1.99021383870677,1.403886114927
1.83915651908417,1.39679387652452
2.18163248470591,1.64195410647651
2.30277039315225,1.65871591636058
1.62073057107432,1.26382851291753
1.99395508194421,1.51213114147094
2.15641063932926,1.6160406805937
1.84765771250015,1.33634081009411
1.89914804077193,1.51632509665442
2.02285783253139,1.44321992533142
1.89434999195014,1.49153724654461
1.92945931336063,1.4758993466823
1.97162074776358,1.44665107851705
1.43819069797781,1.17458353073955
1.66145585591782,1.29509471837305
2.02577933796518,1.46332547087467
1.6739823530556,1.33582328399893
1.9004606822407,1.4844322349682
1.9005224338519,1.51926600315839
1.60644150192303,1.27056680457441
1.97930708390813,1.31935354205567
1.71345497575573,1.32134101938744
1.50381101518829,1.26826125050895
1.55727225938973,1.26516279888831
2.06502326007551,1.55606896701028
2.11796176684003,1.85955670194802
1.68675283724052,1.34577015686517
1.69227035133451,1.42850533216108
1.87368496869859,1.49669083535959
1.75860456479121,1.34684711983139
2.12819905461917,1.47419974511614
2.07371428112949,1.47459362454541
2.02518882168445,1.64327837161894
1.87175621598655,1.33156743354156
2.19855336291683,1.52689394076162
2.07558463662081,1.47262371567686
1.92635936223133,1.37975609093869
1.85659345677223,1.43759520146694
2.1511660355021,1.62091389200549
1.79713706292648,1.49846721056629
2.00343810375071,1.59438717375439
1.90502215102493,1.45105405787754
1.67073418230784,1.36672728703008
1.89843402142881,1.57269396896222
1.96197692718353,1.33568052126256
1.75933827842551,1.48410042516694
1.70722268442047,1.38593937834737
2.19189024834845,1.58835913967499
1.96539534374282,1.37419853179742
1.78311783502345,1.27651529559643
1.81386062018989,1.43594573446527
1.7113417007942,1.39705001952145
1.50837032494643,1.25548419894973
1.95330869232329,1.47318110742334
1.87127582162798,1.42514847592773
1.54086466814757,1.14295609458945
2.11827803138799,1.74138131231675
2.53496218993728,2.07067822313026
1.61244789942828,1.26328187375224
1.66413699000052,1.30312226412204
1.87072697902085,1.58387443172461
1.73473266512776,1.24432853455767
1.97701388998255,1.49452771361673
1.98969464041917,1.4082532135373
1.96136995683476,1.54287873768844
1.76169723738624,1.39587216848219
2.01510079224385,1.57358767818527
2.2423902876154,1.64676656215244
2.11463502084944,1.56923540589187
1.42902770695161,1.14023989333157
1.71138981669094,1.23769074244643
1.93409502874092,1.5430645321879
2.07651649791134,1.5743048067654
2.10230298255014,1.48738245673169
1.90562319492683,1.45214222638627
1.61174679488378,1.29830687005214
1.86149201865833,1.43912288061118
2.10511440305139,1.558653964676
1.76145795917976,1.34835772459127
1.97732151403615,1.52738164424455
1.85011425491258,1.4700960655196
1.88945336059142,1.52521866120883
1.88855062099628,1.42384407047978
1.90441076807742,1.44562757575857
2.03707964095964,1.42045470744762
1.75846310321607,1.3690306516243
1.80897480394806,1.28281185777919
1.6127626442935,1.36546739838317
2.16936695966839,1.76521137240146
1.54329586552103,1.24210778829767
1.57718799897212,1.24218965218203
2.23950715964587,1.64490689590186
1.90559157695559,1.46564032979355
2.01812203382987,1.53327461013028
1.9949402225914,1.58919072689914
2.17327173653198,1.63371124066789
1.99631170844613,1.51724551900541
1.68977894979033,1.25744169419351
1.79167521458452,1.49361375775024
1.62946374924526,1.31248683410804
1.63404361764221,1.274517269368
1.65639760520472,1.19226537108317
1.78331002326005,1.25006522106967
2.08096201952717,1.52622728260283
1.93044874494312,1.46452341510653
1.91024181020426,1.51682564205033
1.62628529500271,1.39208496866328
1.81296960458993,1.41619957540015
1.99204751345589,1.36334489053649
1.83168871760064,1.50085116273036
1.89070200250668,1.58441814344682
2.4239173551826,1.93771063951318
2.2426417354921,1.68508153163502
2.12372924959653,1.62733266480093
1.53557414998736,1.1821255534663
2.04338264410742,1.49255560411289
2.02495211086868,1.72810597026249
2.01475030170801,1.54668123581118
1.76481824914286,1.57135617593096
1.96634743509194,1.50221627911384
1.74144156083949,1.49936855680166
1.73049794427129,1.33469477940219
2.03202215276931,1.49074333681432
1.79135692531781,1.47950815995819
1.8817343859392,1.42518608084741
2.05412874937957,1.48630056692216
1.81194826897471,1.44792703697461
2.1997818745169,1.8540004977491
1.9281693042756,1.61241568383216
2.12582099496823,1.56759558809055
1.78867287557124,1.44738835207474
2.03344634004308,1.51650001636701
1.76084503835952,1.37496834488702
2.00668235745321,1.55818855825317
1.69952502028789,1.3734941361096
1.98680159356868,1.54444756192939
2.08112587755654,1.68440833645212
1.90959921131894,1.57423164416997
1.73604182805388,1.28727582309555
1.56449012441819,1.28980996401588
1.66187074377516,1.29754549002214
1.746811542648,1.32161730217468
1.89793783381261,1.49976985308126
1.89675317984965,1.57978916221688
1.55411967727958,1.29735270475837
1.72815290366063,1.32362257147416
2.09821965775377,1.50958295144024
1.79804832079976,1.37140837468487
1.98078594558915,1.45052963521697
1.92037592680395,1.44787633099459
1.67157329189186,1.35753692649886
1.99046941523051,1.42521172899617
2.0176893633556,1.58879643577627
1.94566551445821,1.38583433539253
1.7232460720896,1.3196180209008
2.14647393260273,1.64897982923462
2.05709756800236,1.50722781576419
1.87992417755246,1.46332281445057
1.69905644155319,1.25080408270632
1.80608066364308,1.36785468243841
2.11364030087594,1.61332383565813
2.16080625190195,1.71853176853934
2.10320908220502,1.60026155520426
1.79639874381501,1.56811652615767
1.72269329372092,1.28091168779809
1.61272397650899,1.32250368944079
1.81230248167463,1.42892621356738
1.89681723346963,1.48901026194195
1.80031506289322,1.44858936865705
1.65134055188336,1.34567150393872
2.01991710742231,1.49823609441762
1.94621436945047,1.47801081487078
2.01462722378,1.46168799656179
1.86870654978481,1.43554431938306
1.6857200024933,1.3548574641748
1.97883763063873,1.45872162702198
1.83607790015759,1.34251985798857
2.15164256228778,1.63850380106493
1.93957656786428,1.52132686257427
1.87379501056065,1.45835808038027
1.85018944621719,1.42453047770843
1.88230462477038,1.48361665847225
1.98536076119453,1.40648030165871
2.05883298232127,1.62285604810864
2.30594534387192,1.92839474000221
1.60066469610873,1.35417273526244
1.7185827679547,1.42419212064256
1.72043610593402,1.42561439282196
2.40824452890138,2.04827642156395
2.14707311207582,1.78158081390356
1.65406139948727,1.29809211605515
2.08515634258181,1.55479934415852
1.77865793603026,1.35909907916639
1.42637904534777,1.14926485177459
1.42857330340069,1.16103650188777
2.11590210597824,1.52699025135802
2.05020175201712,1.36862598009747
1.73572125632452,1.39025119612097
1.85779716402186,1.44771482957269
1.79095723798815,1.20614864320484
1.97822521570576,1.50272249390058
1.93722139650602,1.58598614107648
1.81381622097111,1.38596936798859
1.62409796029912,1.31202939231341
2.08637059254622,1.60560465927562
2.1873477343963,1.68114366103092
1.84717747098809,1.38152293958983
1.98580601818425,1.40060421150689
1.73881780927307,1.35455122508268
1.85429329550148,1.42807496587025
2.16380879557555,1.64291637742661
1.95351600133514,1.52868778972006
1.83124548026389,1.38948820929562
1.73131673083474,1.45849884574129
1.44283937707211,1.20656794743445
2.06773655258683,1.51434188207418
2.0062644458312,1.44519721305713
2.0315227027093,1.66011458404402
1.93293250772335,1.51478944660253
2.16490253681895,1.57747250272946
1.77738264976359,1.38438062271564
1.80020574197271,1.29465213948082
1.93959764487665,1.4887084843779
2.25544500088396,1.77070735717368
2.51114911957349,2.01166161183526
1.75010501701986,1.32659249678324
1.7431962366411,1.385492515016
1.79192067453186,1.32205612761302
2.03724695283511,1.54125495799314
1.82442948594356,1.41591726558478
1.56017733617327,1.24566483878464
1.93173103301654,1.45227603940417
1.65915625028377,1.39463966446373
2.0530054330676,1.70292237103826
1.9393749394337,1.37967267557988
1.95411999441814,1.55412172850215
1.83970199838004,1.46817656024528
1.9112823611477,1.48029275102421
1.76516774848893,1.35625382040657
1.63904639344412,1.32427277262181
1.91123560805101,1.27990978077882
2.02575117801295,1.59237201738782
1.88782165164709,1.4587866986723
1.40050598948883,0.981861353083149
2.06465996926424,1.53041598266577
1.86852238578893,1.33550459363156
1.88521154468428,1.42122702801946
1.75510903140392,1.41427949923377
1.79236608201865,1.46857519305389
1.69558324916203,1.26782423005723
1.92071043555079,1.49372060899536
1.8358983213673,1.48861519445902
1.94784628548335,1.56746653979533
2.27797594052663,1.9605589840381
2.20793107091217,1.59054321526753
1.90138717402103,1.51711147864413
1.96865333614643,1.56743849479727
1.79096941574795,1.48527991950008
2.02770251119883,1.4089149673008
2.07789327078327,1.50402917234048
1.9950749542608,1.41699465672964
1.64368574108089,1.32936446747269
2.00069392831372,1.70136462998096
2.14972848999489,1.55203084937619
1.65288892774889,1.25338798534812
2.03083787398853,1.54964299922474
1.93276094381118,1.51520634923286
1.83333505550454,1.39437838904126
1.72123697245881,1.40121829482278
1.84875546560625,1.34187606076145
1.97113125187869,1.61503687717873
1.97858601258887,1.45575821436334
1.87657257841924,1.53107708792522
1.94575038135109,1.35481158659012
1.89421333381517,1.35634093432731
1.9847089566244,1.36651970784987
1.86651472116047,1.46997540589488
1.60010847493962,1.32548357003711
1.94389562399162,1.55145065401939
1.90550298381802,1.44529814766435
1.97674120935761,1.41441391109189
2.01982527523094,1.5309524573867
1.54451358382253,1.21475533818544
1.68279783787098,1.33758123450592
2.20676031430789,1.56274940692176
1.92010199454699,1.48809274177292
1.78820633977483,1.4661031020527
2.11442625320249,1.51040905323651
1.866571832494,1.36326067822037
2.1014084746048,1.64301070024063
1.58187292953716,1.29955201022118
2.05020134422232,1.55271906756173
1.95458410539803,1.48686377497468
2.06851296054116,1.65492616081097
1.68112084213068,1.32511351921518
2.04189435497572,1.45345266332451
2.24229812148134,1.6198661823597
1.85631406815799,1.42535293385003
1.68894683375418,1.34428035396891
1.83721564439474,1.47991057294634
1.85923806481321,1.342284715919
1.86164437875788,1.44013063362323
1.68087894127345,1.21379779131435
1.75288166242186,1.32779911881863
1.80365912771434,1.20088965242832
1.83971022093427,1.35757645227018
1.78828412566926,1.22680692432343
1.88500424068748,1.40194011606973
1.80002877429629,1.43911406097528
1.44277999081907,1.12327353376342
2.01086998575079,1.48231657197572
2.09084462159372,1.68488768965919
2.13966878388581,1.62247192175116
1.77606377368527,1.39855259246699
1.99286610579495,1.37164288821156
1.57942138107724,1.23402452614576
1.91121243424055,1.54366610435857
2.01302435068842,1.51806438983782
1.90242697236803,1.59396330257453
2.00628670513441,1.4587315810362
1.67749576752619,1.28947959164463
1.73732710989932,1.40157683532851
1.36667238471195,1.14479073085073
1.92227397129993,1.55804766757672
1.68538552269865,1.34205186344496
1.7367578672164,1.27207203039328
1.99068424029406,1.57312566333029
1.8683142603079,1.43933052612221
1.80796643313911,1.5196350871042
2.04580947721841,1.4140335574943
2.11236915822526,1.69315976766392
1.93301562132103,1.39670128115248
2.00733645777965,1.61925268564866
1.81397118086364,1.42623040030235
1.76367671976847,1.52711129535988
1.80581924615686,1.37818025030442
1.64514031327631,1.13903517473563
1.83093621957173,1.44168371040847
1.80691994002852,1.3460478542262
1.91988712640501,1.40582106314554
1.98944384590331,1.55782127168524
1.87069151264297,1.39279224299523
2.0254220832242,1.60454499757886
1.8843467870665,1.44872377579766
1.94620517243468,1.40215686101
1.71273465364947,1.32827500928761
1.99393440038185,1.41643754059948
2.23100676935793,1.68279329533586
1.69514032061856,1.37083214330602
1.77942606848127,1.46565137538055
1.82500012175738,1.49236217141494
2.18808346915355,1.62962638280495
1.78081702177639,1.45324503418622
1.98828004778809,1.57360839783048
1.9679232338823,1.53693239562014
2.11252068353692,1.46452892017868
1.94700378463283,1.46843983594006
1.69162357307039,1.29342711807818
2.17158824748498,1.71892466731544
1.77238109509923,1.39961926895087
2.04805685940606,1.76799311284021
1.79371397882728,1.33399496287714
2.13730881525915,1.66584491823291
2.08255161779923,1.62342227892823
2.05832590844506,1.61333911862643
2.07170683260574,1.41908229619921
1.96397913705247,1.34405761469879
2.03926681721283,1.52778963713541
2.12420930705659,1.58587788076589
1.71666238941413,1.30447734393378
1.83667957704976,1.43546078076184
1.6781982061636,1.28546237898904
1.89997057450195,1.31490151406034
1.7549196909424,1.41399840223992
1.96945219946675,1.36252897327922
1.81349513654543,1.28492136180807
2.01216523667307,1.48543391082259
1.8966902013798,1.43496100101794
2.0650451809514,1.5064452682516
1.89095573530169,1.56605944527241
1.66056877504327,1.42749049279604
1.84425319746515,1.33763883462066
1.97200762891222,1.51671440458073
1.83988484941585,1.3473027331983
1.90788049952039,1.47328710420369
1.83519222316802,1.55214796658624
2.16854013415237,1.64067354482516
2.23997213512037,1.65170820320224
1.94966835993038,1.57539740262532
1.92653114625105,1.49431291482102
1.63072003667473,1.23291936536537
1.9857315313723,1.36895166756253
2.03079112698557,1.57041900288864
1.88686650253511,1.37530192371596
1.90748908104787,1.4349649438273
1.8055044812687,1.36020405284278
1.90794140095706,1.49431023296233
1.91920430980061,1.53157869206506
1.56385853385017,1.19638919431278
1.76905774422085,1.36220673219607
1.68166969632485,1.27212988793982
1.92768702621493,1.43181671508763
1.87820845797396,1.50012534210523
1.99285533290941,1.54451976156322
1.56858942414247,1.25476904868224
1.83007818311188,1.34547444747666
1.93176643038965,1.5267178399793
1.86696525672403,1.38020864388138
2.10107198343417,1.53773132219495
1.82160283168951,1.28816385552645
1.50690729580723,1.23099707603182
2.05361701288518,1.45359694146068
1.79106980805542,1.26786686399278
1.8747504260115,1.48127933693266
1.72709740607737,1.30936821784612
1.36606638590859,1.21063142429502
2.2104942959117,1.61303679209288
1.9310421544967,1.30351039327736
1.82852715801702,1.46377500772459
2.02754770519643,1.54805300136334
1.76468527326093,1.35538267863494
1.97614737002817,1.45767635008209
1.7106001742921,1.30694623204022
1.58751859531853,1.15562735833192
1.57017825727124,1.24672974561861
2.12166890780922,1.62763530246684
2.00082094883833,1.53689313027887
1.71591171090898,1.23118295176337
1.84431931912666,1.44394238904494
1.93748667773628,1.42856743570997
2.38919233690162,1.7914292023514
2.17679973795157,1.66211178155587
1.6218171664342,1.37782308639508
2.24309524991794,1.6989525811982
1.97059089127726,1.45595024052941
1.85005947469685,1.48249993178114
1.66062034797711,1.36286326460433
1.7624266497306,1.30582406022462
1.89711694066295,1.51161916780124
1.59394201876844,1.27029507098387
2.06548579045383,1.57041184715327
1.80987924213711,1.36847874858549
1.4260712007852,1.19329232801748
2.00500478047424,1.62024208402653
1.72720734652227,1.32912311971097
1.887883999343,1.55709232243485
1.81561894866988,1.3346218514815
2.00869448288325,1.49220101872063
1.71275089189465,1.28318099664818
2.00319359270856,1.45311247280673
1.93514756719791,1.51188220069912
1.83903983811032,1.40894333357735
1.92215309701926,1.39517493678357
1.62754301175451,1.26091642890637
1.93111236878167,1.42962354397601
2.04199858969218,1.51159007308255
1.88277638036112,1.4787294255712
2.29885352406931,1.65512796677504
1.71866107255128,1.31180633291047
2.15036348624614,1.57138304940121
1.97165803912003,1.41065044165597
1.75763751440737,1.42209640983878
1.7720570306239,1.36850587933684
1.97392132954831,1.51267927466567
1.93571359864858,1.56895995511065
1.95671395019456,1.30392858821084
1.88233319795911,1.44645347855596
1.79066962828084,1.50292917793952
1.67155582783893,1.34438756665445
1.91811469485322,1.3504288254068
1.53311850127631,1.19064098177415
2.07388279049595,1.5163778773688
1.72884486690878,1.3783494966656
1.82244562017813,1.39532528944091
1.93783268256159,1.45832850381688
2.01549279943334,1.45245980328391
1.69511813441323,1.32310446454939
1.74599471950473,1.42151551832014
2.09242015832005,1.59780783746193
1.56977611155167,1.14481179089556
1.93875705592379,1.35649880158565
2.2154211370898,1.75392857881845
1.89954660902087,1.30532346577588
1.59648765776056,1.33493395613549
1.82503632568023,1.44136005932036
2.07953250586207,1.61422095562468
2.20884316751823,1.6189640545485
1.28775413434491,1.08320989557338
1.55567346197605,1.28165860011473
1.85541088742194,1.41511058550952
1.69995569860814,1.317502772424
2.15659062423629,1.5491583535446
2.18724828237,1.71842111375629
1.88655141374696,1.56287773640111
1.90084943838285,1.52861654570225
2.14200131410081,1.54661777131772
1.91026144396064,1.36224516868479
1.61392324257944,1.21391299319166
1.80812649507693,1.40189166574122
1.84186844936315,1.34633224909106
1.82083279539679,1.32567678040415
1.88178659367461,1.43802266614703
1.90774068144164,1.55497439768702
1.43741144634425,1.24878811920666
2.14049111189492,1.54176145756434
1.6810714217744,1.26823623766224
1.85738134394919,1.35733603079396
1.64842560654694,1.32478977699719
1.88096789098418,1.54404106651337
2.3440451475117,1.72444533941607
1.77399459235929,1.31678390113045
1.63219528343588,1.14809592283985
1.85932603641494,1.35513173630526
1.8617343025616,1.42798330063801
2.08890779195671,1.4919399699208
1.66061466163983,1.33286721962438
1.79213425087432,1.39412844929432
1.46501585570019,1.19163727546103
1.74831372085519,1.35376149718239
2.15986051114847,1.57823281805586
2.0013425372496,1.48347286179027
2.05016765754312,1.41367657727237
1.8339878007655,1.54040434610261
2.07842914911133,1.54599976921257
2.05508263502013,1.61812408017813
1.60908696329466,1.18962277408431
1.88117030143057,1.5789247641111
1.91640615340455,1.49526552045131
1.96023122499477,1.54643455838332
1.85105085076723,1.37843243111066
2.01963105277555,1.41973998383849
1.70678294106667,1.29188775067846
1.9980859815302,1.42698864147817
1.9217924827108,1.49664312993636
1.93248398591717,1.458712729921
1.6341561572633,1.30770967387157
1.88062614034525,1.53358573054529
1.93781142354648,1.55678864628529
1.54222261387739,1.25753785654324
1.80846840389598,1.21521818155987
2.14875241473102,1.58577221722409
1.82834340547698,1.23885124653465
1.90627689543468,1.38336000793442
2.0545244420177,1.5433656113727
1.76242481303818,1.28865375250906
1.89134886543744,1.34057028086598
1.91478997924617,1.41562343707283
2.21167836622479,1.55795008206131
2.08169076779047,1.62017755451781
1.80478104030345,1.39153611897414
2.11949101525843,1.5766219820846
1.77720032926136,1.39049395273681
2.00651181555025,1.52450785241572
1.70640394618254,1.36956292176397
2.02826355902106,1.57549881047986
1.68092621244146,1.35427004095471
1.80703385488578,1.30350798785622
1.90617206467929,1.51792843292479
1.93506581719713,1.36621892095196
1.64234870120242,1.32779124337985
2.00735454642612,1.50395833204294
2.39833009229668,1.6432384688903
1.69358453525218,1.39216972461895
2.05480437299973,1.57151402033105
1.73704207792155,1.37617181988912
1.68613525381226,1.27372530425015
1.62310268070797,1.24057712579997
1.77442664014529,1.45649309408514
1.5757388852255,1.28389021767778
1.76847930531497,1.23346413428635
1.72397951501515,1.41090510918464
2.11223582955727,1.63337902429634
1.90667657315058,1.44688396863423
1.76848860564777,1.39253564609025
1.70131851373544,1.24441495845217
1.92447965558899,1.45518501729396
1.89982660677404,1.51188795391575
1.78664982941279,1.47761118790516
2.64789447258378,2.10923485701045
1.78459042148523,1.39540359250554
2.00325522125289,1.53375690566083
1.63249196061236,1.34097032705856
1.74819979941235,1.40392382837102
1.89172337718957,1.26173627035678
1.94622389601076,1.36028936737116
1.99485125294453,1.48740269971191
1.56853181539568,1.25504505209199
1.65130504762194,1.30450778524504
2.4399146945207,1.74465072248709
1.7625938898564,1.51071321366559
1.54255767440616,1.2850436994922
1.57510985838049,1.33260920708043
1.9326415971745,1.43719552980646
1.54895262063334,1.27604478944995
1.89034763264982,1.44676996625244
1.6730842058504,1.29603874938606
1.67432129903919,1.32438081381996
1.61194034665966,1.33210379295317
1.91537957160571,1.35780031447683
1.95737294271184,1.38750428686441
2.00589021089168,1.57574510178988
1.94401311641292,1.47739028126354
1.79888969559618,1.45787621318352
1.83661356229747,1.49723149602531
1.66313155777036,1.4012341092357
2.12364464148297,1.47321669556713
1.95880476547539,1.4776926961518
1.89161759841101,1.39738397579576
1.85564213288737,1.32450038617207
2.10265069848566,1.59052139683001
1.78461351348704,1.46026080508692
1.78379849046517,1.3944596069205
1.92261663453367,1.35825505554912
2.00451366764807,1.64847609437285
1.76312580660523,1.39841284888129
1.81245442939692,1.41100159896866
1.68919785566281,1.4023347224522
1.6119235169132,1.2861795743711
2.2325074434522,1.61890142755168
2.16098919213955,1.58609567554523
1.96478802657279,1.52142397364919
1.61921802429979,1.35857685264193
1.83027777720539,1.43589142951466
1.87862622512862,1.45101016095141
1.64014329219759,1.40192367782228
1.68251605361068,1.38849891564145
1.94164065992824,1.39477588922855
2.18889173952661,1.57502407783371
1.78736703494734,1.50730199425904
1.75952768154154,1.41008560517107
1.85475515052884,1.34534598720035
1.92890395701459,1.45910419475301
1.86846775713409,1.3945373763999
2.08776982251841,1.6626060036508
1.69854171304038,1.2296246894308
1.80263978715608,1.42266931676777
2.01784970539072,1.6233159564118
1.77553623395321,1.41681552491898
1.73848536005046,1.47665557917359
2.00994143336967,1.61995662470268
1.99534398365972,1.43703014355606
1.78704097586416,1.38718910017136
1.66252175394742,1.17746046699896
1.71358167531671,1.36077130489251
1.52129421825146,1.17775273214402
2.44099168091183,2.07171390679938
1.9131836399056,1.50306028304776
2.56595710830134,2.00673997615349
2.05095569978555,1.50660620199101
2.03844688087273,1.41531700033391
1.69829180017303,1.29905479009694
2.27967272846821,1.75120167318888
1.90073114113505,1.33324419726577
1.93026865622813,1.37242428541002
1.91104455422505,1.45155636205124
2.01917334062781,1.41498255073823
1.38327398304108,1.22929411835883
1.85084671328387,1.3738425434411
1.6703405248833,1.4328013197305
1.80013955242371,1.45413329892446
1.52239007638267,1.00740398303748
1.61419858285885,1.2079225346851
1.61412638922758,1.36845415147489
1.94361590039845,1.56158987329276
1.97117107507755,1.48630800362631
1.67575419282774,1.29194825437806
1.97062108049381,1.33671395961224
1.94515087767015,1.60331917482492
2.49679177914604,2.08353990353936
2.00815824328035,1.39603430909114
1.77375104540217,1.41506024892761
1.88394381008992,1.41881417360332
1.83605549480094,1.39915025103168
2.0792830148775,1.55666330675019
1.82749718676882,1.26703025560221
2.10550413832647,1.52669125933149
1.86083015699864,1.33166706889099
1.64626800108625,1.28558526666044
1.67745820903249,1.39477242988784
1.65718123373954,1.39482796547443
1.79166612595603,1.3279516900002
1.896363182983,1.51257048074577
1.57460401379794,1.19980244715273
1.86838138312072,1.41429050242126
2.08967452608952,1.68716724768604
1.77233223255762,1.52430084585734
1.96276308637376,1.53946584892922
1.92092297972537,1.51802830710288
2.09557045140313,1.48736745604029
2.05376127646303,1.45133500200583
2.09097264651878,1.64366825552937
1.95851034764712,1.574176896513
2.04485535610972,1.52256761795502
2.12230054968853,1.70414066212694
1.8877869042664,1.46242841299793
1.89933319142069,1.46353191190135
1.76995204676757,1.46331354224945
2.07594113066479,1.51359687648892
1.6064192226063,1.24269547976268
1.74592004400871,1.41060840081953
1.76498681813645,1.39817562756835
1.68720154489977,1.40295685122167
1.96906358715326,1.53235486937839
2.30360996304069,1.66518028933255
2.05068727413944,1.55591407357548
1.81504663333766,1.36401091536383
1.58182130772343,1.18295286590521
1.5154904673011,1.32748309859695
1.82148929611481,1.55124387150175
2.03032104267495,1.43061868615458
1.88502796659067,1.30597420189833
1.90805370299449,1.56637992515942
1.89329885349841,1.46939267895389
1.64442847962941,1.33374404509338
1.77808507159796,1.41775862635214
1.81117976988893,1.48657415834553
2.07929876910101,1.53458876807321
1.96091698759336,1.51029582232292
2.17294238036815,1.68133735376441
2.43308637912189,1.99742004330858
1.76410629896214,1.41310846834035
1.83206731068894,1.36398602188345
1.84496947443739,1.44930588115408
2.0220980353388,1.64235586306938
1.37713697686786,1.0956915671607
1.92839216528822,1.45411474299777
1.8132075789514,1.37588952597789
1.87686664245686,1.36550425288288
1.99128105708008,1.44057277240681
1.95427779775964,1.33586547815305
1.57964248317805,1.24757924011228
1.97308475156254,1.58554299922497
1.8514074484714,1.53193452103156
1.72239747790496,1.36447470206844
1.80584516289619,1.41467097728782
2.07462131949818,1.63029218512836
1.85175330127864,1.46245832643998
1.77425767651513,1.51545112932511
1.95916501267331,1.46416512585143
1.64312080975127,1.29780882272865
1.65252048805078,1.35077792387425
1.77805090971174,1.25908555870772
1.82806176645162,1.38553693762493
2.12368460954934,1.65193646506736
1.91677335043585,1.4780882342524
1.36861644200439,1.12295488154966
1.70939665400664,1.44509566842416
1.94830655316492,1.48694844168293
2.07196821195464,1.56306157498295
1.87210192996427,1.44144276980573
2.073477093066,1.53299161096564
2.3317603005794,1.6990144632043
1.8240594569742,1.41212398197947
1.88590764013347,1.53625983280024
1.98989061192974,1.56587496880942
1.57483008091254,1.37152004325862
1.66641653222725,1.40323265498182
1.8239339795448,1.37114251108654
1.65353590700492,1.36127612408556
2.06221047659462,1.61171630775984
1.68266844266494,1.27344068599652
1.83650909058963,1.31638545518558
2.07893179420173,1.51918338823367
1.70100423342741,1.52752261284529
1.68853436082809,1.32986710919022
2.08399788760866,1.54329378764043
1.78666913840783,1.31038563144691
1.84436996484428,1.37761025817827
1.58933647184509,1.30354373577578
1.69626353242303,1.31846106878088
1.80890955217915,1.36910836302257
1.82437378069733,1.47072456823129
1.88664806833197,1.32655872762403
1.51231385540877,1.32822191609862
1.9125502234436,1.49454689961961
1.63638667228975,1.29233097728323
1.88156480244021,1.49129688458849
1.85219075621446,1.41410722953371
2.09304526107564,1.68970625731291
1.91808644645502,1.39692436656225
1.77997533216696,1.36291626561208
2.1938320753391,1.62510034982058
2.05397404981274,1.58115012232817
1.650495283261,1.31932866627801
1.75877359549745,1.29393179525955
2.04436708992075,1.42085121858687
1.6492140060657,1.35509713459612
1.930584347109,1.38310970694692
1.67808163346531,1.25830695253132
1.91032520683247,1.50909152283205
1.96829908019897,1.55138982250927
1.76875556714677,1.40410235138439
1.72678402752349,1.28764399932614
1.97577140165026,1.37647580304898
1.83374683365686,1.38552912683947
1.99053740421815,1.3289840471386
2.0143448094967,1.40834859332142
1.72396480432391,1.32178356138271
1.7082511705313,1.41156809531343
2.12881810356503,1.5603854069557
2.13666424240857,1.53843989227183
1.96702776203321,1.38184335825239
2.06365751670107,1.50693347956872
2.05669462297685,1.54710221160321
1.75914080046114,1.36586531193509
1.89665166102283,1.60592670334973
2.0319820757661,1.58799899787614
1.86051828188191,1.47848561013475
1.7265211314792,1.38371640862295
2.00885206787703,1.42245047910309
1.81455938729086,1.39269020060647
1.89221700895253,1.38621826983398
1.71914742176654,1.35073369928216
1.77106560664267,1.56075386641738
1.81945632322043,1.41521723646542
2.23974888095969,1.69763218948562
1.38010888109836,1.005775983334
1.58352977730468,1.22048658921885
1.58895903638263,1.23415277425771
1.92182199624576,1.51659553915947
1.65599794799479,1.3964090256737
1.56043250572107,1.17680155798934
1.8324945080379,1.49262563088079
2.144346014199,1.60713002240184
2.19668856716331,1.58238318894876
2.03568178732459,1.6169185462942
2.07104206529052,1.60978179597602
2.10569012877234,1.52779216777455
1.9066251624448,1.48400399705264
1.99406390430662,1.57035680899249
2.021280485706,1.49818247372546
2.14904199380237,1.54938402269806
1.83737478035595,1.5122395593053
1.86257533682332,1.43041183530161
2.17827026580504,1.73329570794559
1.87524221230668,1.61838750330598
1.91864613899677,1.48088664335762
1.83190553068523,1.27657801522276
1.82768365781594,1.50851129903396
2.10536883772074,1.60052826742144
1.82483179847743,1.46522822247903
1.88741940139544,1.47725189164622
2.1771397923541,1.53858264552782
2.01867167583966,1.47358717684507
2.06054207548631,1.53377681531161
1.77604890819236,1.38948980905524
1.93554069145969,1.42348676875268
1.28760844810096,1.06213961301396
2.18670794951499,1.64114425278831
2.1276388950464,1.52941797261987
1.41477653405869,1.19674165487239
1.87207084695872,1.45221039819943
1.62845246115858,1.28976904379264
1.95413090341285,1.46814761494556
2.05980519673928,1.66542245418538
1.69541759939323,1.34489540245701
1.97458239555292,1.58782813459366
1.73592198455976,1.22795089872869
1.87414872141596,1.57859017947433
1.92542071275349,1.50497374254
1.88485503585487,1.50709450095651
1.99456529155765,1.62560201748707
1.63289697140201,1.25704247703282
1.86185672787889,1.40684348391482
2.0167844847463,1.57638510459988
1.85932171254719,1.39207277942089
1.97407078283741,1.5257992986424
2.14291774640992,1.58497479947996
1.89259492002693,1.28994158749637
1.88770395569755,1.583341056725
1.82091985257332,1.38446887492342
1.66363156710202,1.28693776082654
1.96420286858661,1.54383404752455
1.77710451103763,1.37024644757786
2.26112024132411,1.789471366781
1.79742286625262,1.35984670924587
1.73349932431363,1.46456528972969
1.88516404799415,1.37088782096904
2.05765342571045,1.43714444271388
1.78464067513444,1.35996527320788
1.8567945271088,1.48192430839707
1.58373990052135,1.28447161024436
1.85001862525872,1.51760324920084
1.81253805841124,1.38369471181742
2.04356690479498,1.44000797798231
2.19007307411333,1.63483331064874
1.84246771956557,1.36647015089208
1.95045381421427,1.33883500575864
2.03758006159604,1.4388907543294
1.63734692615658,1.18027477239797
1.74728811452396,1.45166745923873
1.89743879905263,1.40553292040286
1.77311366183733,1.21921575974592
1.67106599644481,1.22810230298011
1.83536620697361,1.30892334751503
1.99236989065861,1.50791467547461
1.70179291484365,1.37826239860211
1.99444300450604,1.48835793023224
1.92866829928994,1.50894844702665
1.97724535364545,1.53236266932407
1.88152864377282,1.49277546202482
2.11012617446832,1.50791129124862
2.16424123634038,1.49504088392691
1.91075714826227,1.4457717850566
1.97747778056479,1.40757466134067
1.72862619556578,1.48159875749316
1.53889684862245,1.31255265806106
1.91880585361503,1.48068531414196
1.97976474342084,1.52412466479189
1.7458529869538,1.35969564912169
1.66109217401857,1.28492021359559
1.74406675160119,1.44504532778891
2.01883400053829,1.54922525542769
1.63361104943266,1.29363776734272
1.96067512865794,1.55504696877586
2.18953811756175,1.73624160757436
1.77201598353165,1.43643166335328
2.07761843974453,1.61711308327555
1.87940836621214,1.59738203817921
2.13585658276484,1.66485079226887
1.489992233799,1.14826403036003
1.8615088193238,1.39705868687352
1.75303484092679,1.27855653867197
2.06178122036817,1.68345634074855
1.92093399179926,1.5779721666167
1.94647140376948,1.52074122892064
2.36035709563998,1.78077261406805
1.7160621270927,1.4856034460389
2.00643991034241,1.45498351625628
2.00482185274276,1.50692118164995
1.86330224148216,1.43602085064878
2.01179112378948,1.46992591061435
1.81259147567492,1.19921916372027
2.03274139393075,1.62735597086331
1.79713156430502,1.52203693104812
1.93441330379019,1.4251164588606
1.62508815881038,1.24328646601666
1.92043559185838,1.69618189056818
1.69364544356249,1.29513225733587
1.94601050477401,1.41658745524923
1.76976705017427,1.47667104568098
2.01981607964694,1.497213583123
2.17093406583578,1.63178756647511
1.73206706019994,1.35287736797842
1.64351167815869,1.34972018102146
1.71686627210823,1.36523362122381
1.90809235346033,1.54401081918456
1.74052297906799,1.36907205125713
1.59370976069867,1.244534216089
1.93583955025018,1.44692912618626
2.04219805867856,1.43981316689739
1.99368724161547,1.4183638472155
2.12436478956069,1.54712068455479
1.62816202530409,1.20936953574995
1.92948452443686,1.45841110842138
1.90258734873891,1.47616584705428
1.73430432345372,1.36885704834867
1.66711801411588,1.36265458813866
1.78636020844513,1.47891303567411
1.64201353316801,1.40428188477773
1.82117735657925,1.43368541825697
1.64244914564883,1.23412823617595
1.80335337542016,1.3751040108245
2.06500605809037,1.62170523708191
1.62188157578559,1.28488676720849
2.03528666938449,1.43294695249049
1.77879736843967,1.35619048134549
2.28617404108265,1.62726486941898
2.03395426327801,1.4516300909433
1.66609373010228,1.36896842733057
1.86374474489499,1.3632049718128
1.8524894187938,1.48491016218766
2.17782527490125,1.5598158585458
2.12608303264434,1.58143757243241
1.93198793350856,1.45215573203918
1.77827895605109,1.4670323856733
1.8513485743954,1.36164229978218
1.48366705520444,1.30373497653198
2.03156123423849,1.49320963223451
2.35315061401257,1.70632427993719
1.80648713431811,1.33925211313344
1.89170875233819,1.46599642271115
1.88902358417148,1.46764338184249
1.91570968662344,1.4647391613763
1.91201767017987,1.47975818676199
1.79065223456756,1.37989768360487
1.937044361766,1.49112913807471
1.69940924399436,1.2704197486913
1.74645046668057,1.41211927125671
1.90696500999862,1.45004435137271
2.01571096174059,1.60384784848895
1.89155639110195,1.48056156969052
1.70079596084163,1.25004659402059
2.23596958498209,1.57772551877354
1.79771197964821,1.40890371840872
1.70389114214994,1.42085622523183
2.13939744567144,1.49148448949982
1.9809646806159,1.39615905000757
2.18478640789154,1.71824324455423
1.83422627632066,1.41602360095537
1.67627272712091,1.35998721269568
1.70111443438909,1.43219168877338
1.93144905899649,1.55828026707635
2.09177277226008,1.4706240695841
1.87486404975548,1.39262598684279
1.74248713583738,1.3115003381741
1.90459224941469,1.51815555035372
2.39963431280502,1.75069483677013
1.40989008321565,1.08748438252512
2.10657763562858,1.54544307069111
1.61971859681279,1.29736876396056
2.11446714520402,1.44300213367439
2.14076364546098,1.56231333260085
1.923472200888,1.27536983057625
1.95965236746763,1.45468539339919
1.80898187203482,1.35877173385477
1.89897125209901,1.48989702911195
1.75940877759563,1.50189404928914
1.79744249551303,1.44180611793146
1.83104275436627,1.43155478618485
1.79388262530588,1.45180021808405
1.93192943199034,1.39834118934569
1.56635479201411,1.35972392339099
1.90467142042228,1.46005630329042
2.00968617123609,1.52735730228005
1.99388552565467,1.42376953325729
2.00231606623714,1.51020794879692
1.90716860895912,1.49386639398262
1.54453462504836,1.32132721458105
1.74746244553441,1.35291263985849
1.74552523169755,1.22502552107636
1.85292649598444,1.40130571892597
2.13832684139969,1.51928378772909
1.69102026059525,1.31484428038087
1.72254079273611,1.39193090063501
1.9610404548727,1.53576700654998
1.96965718285558,1.38983212168996
1.77913577893268,1.36828141184853
2.12385955252764,1.5729666066086
2.11854852046004,1.66959073351105
1.94382716495419,1.51814546400168
1.92302599069555,1.47369360666617
1.74884299288169,1.28800182084591
1.63903352380406,1.35669798933162
1.98525002866118,1.54051131054351
1.60874547940904,1.32775311415299
1.78523953758589,1.33531670444509
1.76655468074847,1.45498292597715
1.99380577979793,1.46711473017452
1.72168234051581,1.41258709636928
1.75698209840813,1.44133643149835
1.64094660694993,1.33772162718526
1.94355395373247,1.31960868714082
1.93663484954086,1.53373843418412
1.92138496643041,1.48004793673288
1.69556635199096,1.40244952107322
2.03499803065083,1.48562335564766
2.07109483544439,1.62845230522433
1.82264091020549,1.38250889961562
1.9721640432745,1.44724607384383
1.94538559152102,1.410722870907
1.65882875493171,1.27646827131786
1.53732075864369,1.21530014595914
2.10698153070604,1.48574113825405
1.91779878966472,1.46934664446453
1.75457153292982,1.31347915991106
1.55378015948994,1.14312355682802
1.86429385748128,1.50580670826993
1.86650527040805,1.32860587575052
1.79088792994357,1.41055442815943
1.9053365200897,1.58746689557428
1.62422091397826,1.32869919357926
1.70450534850305,1.17723137342881
1.70318263048652,1.43531502020148
1.52309317599196,1.18585959551576
1.83019777765687,1.45804513212286
2.07294019207206,1.42671703656552
1.79986600890431,1.29932056571675
2.03732191504438,1.52940665668477
1.94269265624606,1.55200391180498
1.73084146578842,1.31390934614133
1.94529654275761,1.44139704242798
1.71056822147701,1.33346446980761
1.61169584965274,1.17261665598938
1.92428880916517,1.38976466965433
1.97671930076435,1.55851518832591
1.71719589589407,1.21574399889247
1.78346029466961,1.38536370216432
1.82869038264079,1.38788714709569
2.14387769313852,1.5515365397436
1.82596634152081,1.50770888056557
1.40354314455489,1.16431548130729
1.80472592351183,1.46263003906738
1.80678890480819,1.46203815204721
1.83874768087776,1.43185737837302
1.88747233269108,1.39061132362727
2.2219292153638,1.59410596425832
1.82238606184634,1.31485370235636
1.99151428202269,1.53237448846216
1.86492912866752,1.43087668298819
1.96374970475948,1.45817510959213
1.74390980762891,1.34752025219392
1.85916175615563,1.41869693739795
1.55009712651014,1.26608120123149
1.95785291715775,1.57535016670225
1.79629966698305,1.39562390283333
2.00580571416023,1.44757685651123
1.7488341979313,1.32294795801924
2.11593102611016,1.49916510022058
1.5665434034488,1.25263821471502
1.52376263652463,1.11756505000301
1.99196681312754,1.46790989667936
2.01240220110003,1.55532062453176
2.06805577428415,1.53948635888755
1.72246622173285,1.27841055200299
1.76247454212443,1.38900704387283
1.69283751944457,1.31076210911321
2.00043919936282,1.56416496624037
1.65606863338858,1.31471601183283
2.11638077341136,1.55784994070082
1.33350669419077,1.17938901033939
1.84991527923288,1.37097165182941
1.96659101373143,1.5124992233912
2.03470741106821,1.57563018247787
1.88009682318045,1.45099353413443
1.9208986422304,1.48997308936641
2.06598190421789,1.60183722149859
1.94289021567149,1.45255408858512
1.87431256056756,1.43782233274723
1.89599735216545,1.50590869576494
1.76598422432382,1.36507047005804
1.98117768874495,1.59195106864818
2.04370329435688,1.55011530381823
2.02066950982307,1.48069590778637
1.74019635529745,1.41757167905712
2.33332051769893,1.66086905477917
1.66034381364944,1.32057515273012
1.59134594901105,1.2629685667374
1.78824215725805,1.36174927573878
1.72356242977319,1.42649701812604
1.7675436807277,1.3898969489919
1.78857006986401,1.38796952005979
2.15722161874838,1.67547442559576
2.37654504444292,1.58738684913745
1.78553665110056,1.50482833877173
2.00928038937378,1.42443490508404
1.60342719529307,1.16289285975387
2.44569226196801,2.04252164052272
2.02080032034342,1.63160098516916
1.94351787262637,1.48600759833691
1.97119802232135,1.49919004271229
1.72150848200053,1.3190734917363
