r0,rt
1.61634650990667,1.56872244433825
1.74306140317122,1.68331611248031
1.68651890321417,1.64444810609561
1.54413582345725,1.48523825298319
1.38975010623688,1.36148868220786
1.50361665544343,1.46281829563329
1.99918511079113,1.94680620511376
1.55776859740241,1.49937599985436
1.53507697379027,1.49620799809002
1.79121378952722,1.73274427543999
1.70390163345162,1.65716696190856
1.79483480427531,1.74693299404623
1.79590261977288,1.71866633965375
1.5553846004082,1.50859526168188
1.60856878536537,1.5606411765548
1.64480741852927,1.59821380599181
1.45678334235898,1.40857570812223
1.71924977757512,1.67461336068646
1.70870155674237,1.6495933288186
1.93803125471888,1.88441128379716
1.55001812059531,1.46144080758332
1.66429729812954,1.61290400102938
1.54953888250982,1.49924618532621
1.96457403219062,1.91337871031746
1.66860716604279,1.61874983808461
1.62577878851195,1.57486057436627
2.03237348399847,1.97549857728967
1.73225566070055,1.68247381062463
1.77543140126485,1.72181548379915
1.58275614104984,1.52660786307953
1.65299486180483,1.6132604932739
1.78312379399366,1.74176302681732
1.65587080934581,1.6006204829879
1.52319609599668,1.46510286041489
1.22283547602739,1.1802881059666
1.60815453423668,1.56068659063378
1.55249418310627,1.48858024088597
1.35921172869442,1.31517750100762
1.88294117732731,1.82669819031526
1.95494498261897,1.89919938203667
1.65915315955067,1.59026788463886
1.61281509211226,1.56601656524261
1.61428552000686,1.57762186251873
1.6307433819497,1.58385153912807
1.7766914957847,1.72880528293738
1.69697647784221,1.64200944251499
1.52904630805706,1.48718385388064
1.66743708887076,1.61085818121212
1.67490160518686,1.62593839385359
1.72179040573982,1.65458094987332
1.45557810725519,1.39819797011633
1.53983787428006,1.47996980815771
1.62189110632374,1.55849558136107
1.61668950514935,1.56620818962129
1.7842528200878,1.73236690773612
1.71264523887989,1.64106312565485
1.60425087467249,1.54928332746578
1.81961148767422,1.75486908723381
1.86212445327503,1.81372445817162
1.73394149912199,1.68690334937215
1.84135860059309,1.77468318288177
1.50178933504624,1.45602026019532
1.55937526459652,1.50952047490252
1.74917428058224,1.69711236765359
1.48353099398512,1.44459638224042
1.54413236300543,1.49410203648238
1.96376442040031,1.90279120274322
1.49373715519016,1.452425676147
1.74548168559175,1.69367135353084
1.90571466068856,1.85353637591254
1.78017200895619,1.73154446148554
1.66087353829513,1.62312603703186
1.71090810948304,1.61749020199786
1.51343721465148,1.47366396981111
1.88133461968631,1.83554865730201
1.74187126530797,1.67547375337924
1.47464148805545,1.43842778946645
1.38244308273346,1.33778114711946
1.69476273623115,1.65531409999613
1.73560970448503,1.66753068274378
1.53505157193803,1.48992246599345
1.75675233543849,1.69913689238644
1.44568996360476,1.38498091748001
1.83799512396297,1.77330568649377
1.4815224383102,1.45019996743246
1.60855898445336,1.56276326256557
1.77201738254374,1.73137844917033
1.43334707041956,1.38884659378553
1.7239765401306,1.67501761873906
1.9569577831507,1.89152415428391
1.71749063601971,1.67730686856819
1.42664914560707,1.382571567646
1.93672508262887,1.87730438220019
1.59128978435445,1.55460127719028
1.77160900752245,1.72087827647926
1.80201103834071,1.73325721531851
1.37093700353194,1.32611023495439
1.77095812617379,1.71705273399766
1.61449869631886,1.55618392574339
1.78004972522037,1.73220639141212
1.65691771458699,1.60425033708776
1.78409069767058,1.73458820645538
1.65208356766915,1.57873799839341
1.73317815084393,1.6890975108024
1.74277109385717,1.69217710415118
1.69862796141296,1.64209995358582
1.39833937333966,1.36191975789014
1.70049888470136,1.65337881471361
1.46568237567043,1.4191803648724
1.73949980428957,1.67616961221539
1.5187570296321,1.45225677203188
1.62636971069728,1.57312661479637
1.31642227483948,1.27226811177384
1.66268759653297,1.61700587071133
1.60773853400214,1.53313205297883
1.63554962278855,1.57133772738968
1.84565193040054,1.78036381901387
1.70315106002892,1.64790527088831
1.22480459972982,1.18058039728572
1.40734852298983,1.36894837878509
1.98783986900808,1.93094660948713
1.53457553514604,1.48582729815383
1.7552344510542,1.70505590535677
1.79918957809721,1.74856299897347
1.5705081503435,1.51408088934526
1.59737972866827,1.56169556801427
1.4889654460401,1.43737769297977
1.55976639793316,1.49812931803972
1.71074131447864,1.66130245888928
1.70946295644621,1.66224124218647
1.40721771207884,1.38207342156493
1.65104536573051,1.60496238203524
1.68245191735585,1.63901827305212
1.58556485102337,1.53696396907784
1.80977982522171,1.75576641677783
1.64333998358356,1.5930963659622
1.50047122673675,1.45584119859244
1.65715857508198,1.60304179732066
1.80183860617569,1.74993413194593
1.58185607048281,1.53818444736162
1.71868880216425,1.65070552047674
1.68417661115729,1.62154037699863
1.32787336387788,1.27778968408933
1.70079388499018,1.65003857829612
1.51140933184497,1.457603059849
1.64294588874229,1.58761485834231
1.60441578382241,1.56529451587232
1.83000294376273,1.78404661609694
1.68684242464812,1.64755881704943
1.88026371783896,1.82518998676618
2.12756333541781,2.07537775617634
1.60399869886678,1.55716597436008
2.04485992568501,1.99698485803986
1.29288254316939,1.25484481547394
1.83431570881168,1.7907884613252
1.77687550184616,1.73795780152642
1.3847726822349,1.3462101797593
1.50668660990394,1.47133672754097
1.47291326668415,1.42144780076219
1.23422870147809,1.20812943169153
1.30262773985765,1.26475348677314
1.83530593026255,1.78027016845285
1.37240436310968,1.3394867648893
1.60652366678327,1.55372337040901
1.51791586112088,1.485436179555
1.70016429317086,1.65524817290943
1.58461333706011,1.54563984721201
1.71520358903012,1.67373781946686
1.44005645401758,1.3987844481669
1.6988039098588,1.65993534275206
1.66560212082035,1.60192585821881
1.55873851292089,1.51433195177129
1.63442912360787,1.58336360302945
1.7629434919735,1.72853653283064
1.41276657215582,1.36491459727305
1.60725644209222,1.56616068364539
1.59239688972506,1.5422013006495
1.40747991951671,1.36311219321019
2.00008697249739,1.92217936283068
1.717626105772,1.64546489327879
1.20350563893383,1.17377063591722
1.42962132708139,1.39535422610432
1.87829189140322,1.8329549348734
1.92526019223291,1.85628945052999
1.82612614588519,1.7605246409514
1.58124672678521,1.54139322204896
1.38058002784469,1.33240179497682
1.43447549139133,1.39501543819168
1.92968455001633,1.85904532428515
1.87065057313401,1.80658590859914
1.47640601226964,1.43948078078361
1.72025784026687,1.66471437343673
1.72659557837778,1.67574082499092
1.55469842642374,1.50314684521028
1.55519268238397,1.50597746253328
1.46405646093793,1.42608163623044
1.5740780677816,1.51144772745823
1.90150770485372,1.85159671170551
1.66511174574133,1.60135944356839
1.65752024956547,1.61988107989867
1.54910095752185,1.49480178457032
1.59444743187911,1.54582409349796
1.5293932160456,1.46423952702503
1.56783891051419,1.52079689093628
1.59112357734936,1.53799817688868
1.88599387750803,1.83522305498215
1.59574562299543,1.53035697346952
1.33785466604431,1.31021687621236
1.79940475616013,1.7341358841227
1.49415979287598,1.44013995601069
1.59306930419017,1.53961443049282
1.38900273860579,1.3593549644098
1.57553829313575,1.51183644462713
1.56250129276431,1.51801621148932
1.78074458718945,1.731080388506
1.99103828555891,1.93723425959276
1.85306248936172,1.79682837828299
1.41989034034551,1.37117668927609
1.5870468270651,1.54047365541998
1.76540104100681,1.70897906015055
1.62590549647079,1.58157282219161
1.67034543303731,1.59974439167432
1.50947581140473,1.4666135301616
1.8522304915039,1.79428301118888
1.42409355839697,1.38659428142408
1.39850427832067,1.3415110182408
1.70962140829686,1.65169054012482
1.71936199918093,1.65556745498623
1.45805479976821,1.40817947051957
1.1711778332971,1.10977135378931
1.56487572656104,1.53149732997424
1.65581184085718,1.60753546852366
1.43717838108714,1.3952667916619
1.75921016508715,1.69999934620766
1.51567294333303,1.47594869250674
1.36757090648094,1.33484298455895
1.47944501709604,1.4293204179877
1.43591465814804,1.38356936669983
1.5831321783376,1.53816061437093
1.76806131278385,1.72514280820344
1.60527416098183,1.55467212836854
1.55972807807456,1.50822809863437
1.84108292775211,1.78343605390549
1.77419354850782,1.72950348367236
1.93405790048419,1.87830369848382
1.9128764963824,1.84587106457499
1.60484469346115,1.5590044041754
1.48071726246587,1.44080906506085
1.46714558880783,1.42313559663454
2.00972943220482,1.96118481278363
1.6238287832237,1.5733433271275
1.79188261697206,1.73582555304844
1.95271078166412,1.90102100876512
1.49276259167966,1.45477692957896
1.46740024512836,1.42658949046871
1.6050752427214,1.56269293799019
1.59771226540891,1.54205737202548
1.35875648631473,1.31204567993133
1.61686647316062,1.54366517700562
1.80740346757083,1.74999217833835
2.1312254663987,2.08005251949297
1.58364658915344,1.52969546484456
1.34943955924125,1.30234545747688
1.31779640388604,1.26979995077953
1.6018660066661,1.56178291567317
1.47931316623003,1.44350483079812
1.56719897818026,1.51449861917071
1.67228806458436,1.63477175019082
1.8832299005055,1.83128923978254
1.73712052463845,1.68518353171758
1.60381147579936,1.56109637348867
1.6186703200014,1.57698010153384
1.49610401404973,1.45131536611883
1.44054860823207,1.36894297244372
1.58662535112913,1.54377491420146
1.94222184063181,1.88172003307729
1.85489722309254,1.79956018006044
1.65466869624666,1.60238314951211
1.47851702238472,1.43172002521207
1.73538231543748,1.69480050135242
1.36226811708159,1.31114745901131
1.7374062646511,1.6780188745737
1.71379261048692,1.66941409806216
1.67826688375876,1.63563086176384
1.6022765920687,1.56120470287643
1.64204799260877,1.58653403795564
1.60489734532803,1.55460456390343
1.40750457405664,1.36833729072384
1.6045716090438,1.55560063202262
1.65372313247962,1.61082305340059
1.73337028390711,1.69038196718241
1.63013786908811,1.56096885200634
1.70379164986981,1.62764792665594
1.50418332332164,1.46415301394519
1.53915135273129,1.48752967445616
1.48610477044219,1.44135899870557
1.95293895159814,1.90583617742593
1.73062766128555,1.68099766074009
1.53184119995105,1.48084485970106
1.94898895889721,1.88604799594258
1.7444389418848,1.69941498071237
1.76365435786589,1.71813247745855
1.62420383179789,1.56908837935442
1.92919224036432,1.86970593166441
1.96291280804338,1.91097597627894
1.40817927716436,1.36115623726033
1.5092433686383,1.46398147187046
1.79048826018283,1.73831671642674
1.39129400756524,1.33663309162639
1.77780747627231,1.72146765361773
1.72510863120495,1.67194054754541
1.79975106059065,1.75477607065124
1.55971140774875,1.51879026832017
1.82044181747691,1.76552566969263
1.60128400964558,1.56119192480347
1.62053600486091,1.57488037284917
1.48677204254629,1.43559229355197
1.74243752492325,1.6905492435909
1.65305534617365,1.61073284444125
1.59189311166761,1.53787189442155
1.38728988469271,1.30855735069108
1.76380875247527,1.69704402438318
1.58088633127242,1.50650781117557
1.61253119195376,1.5575940520447
1.47411301908485,1.42553164923865
1.5869988907861,1.54855732526232
1.76836950934493,1.70507092862934
1.76739116295691,1.71629750666054
1.6559864896201,1.5990873245627
1.62054235985205,1.56191058199705
1.61264839319531,1.55409219260876
1.71827808058348,1.66582104278272
1.71105848883563,1.65938380152271
1.3979287364322,1.34689648141827
1.63569907605879,1.57983313436712
1.43002839089061,1.37833072294879
1.57623895899289,1.53803388254379
1.76189685837543,1.70149026912014
1.77367515980085,1.72642688415781
1.32874462730331,1.29705639720217
1.55016855580647,1.51317659277403
1.78899228624767,1.72701599062651
1.61361330394904,1.56070340280771
1.525832538055,1.48320910244106
1.60554200794675,1.55158829364647
1.587896183569,1.5422389953456
1.69559338984055,1.63390376253914
1.76947930605998,1.72038409566488
1.78064186135474,1.72936187554539
1.80953765415917,1.7461308545828
1.85386654251522,1.7985361507664
1.72136114670247,1.66624201301478
1.67009139181653,1.62385833716799
1.81917721299823,1.7619446586901
1.39548358561618,1.34919549349669
1.85304316866411,1.78801630518802
1.24487296468041,1.21393742879631
1.44124784062577,1.40097045385046
1.83316720263452,1.77130281076107
1.65513031933603,1.60612386614944
1.33037267827691,1.2962166463306
1.46532881450583,1.39329957114369
1.72295877143142,1.67310074396575
1.52295485576318,1.47742183630217
1.70935020088042,1.66573158703343
1.83494678257566,1.78569056211996
1.62749400510859,1.57730232716384
1.39753524676797,1.36152964605685
1.74744362655549,1.66172624406023
1.84995350539399,1.79497442367585
1.61848345486534,1.56448679724525
1.64915849962201,1.59660415106689
1.70057089282109,1.64237761999274
1.60829214208568,1.56327906915627
1.41767857029143,1.34801416513245
1.66528596886888,1.60955061707885
1.82107708838854,1.76538946327473
1.64878802171641,1.59928475971655
1.46127667749899,1.42124934509209
1.78012490588484,1.70967562811078
1.68164050883668,1.64031914914808
1.76118552633794,1.71293782783514
2.03102467401941,1.97292928510107
1.79107221208951,1.7399435644799
1.75838433551323,1.7092463551898
1.49877594945986,1.4441908266158
1.62376167109099,1.54696290480277
1.69215632241824,1.63349476387209
1.84244159320165,1.79247099006041
1.94647442131287,1.90748742367711
1.68525417531247,1.63364370713053
1.47261454181748,1.42172659064138
1.4982214698111,1.45708168693982
1.59187784300572,1.54877987893063
1.41780047993269,1.37279898475798
1.47553505561257,1.42835465760285
1.75498492406022,1.69864194153902
1.70135035895668,1.63717221189084
1.69674824637195,1.63747039789952
1.97654095230613,1.92711065525487
1.9257596753521,1.87599556732481
1.67585858714656,1.62835849677759
1.58617822124383,1.5354560012751
1.52005004142083,1.48520894516727
1.62635012109142,1.56354252565812
1.72340391211784,1.67484439789366
1.58982678172002,1.53633915010966
1.45900353597841,1.40165552897839
1.70114606952338,1.65498991793289
1.68433167314257,1.63051309419459
1.62521884852333,1.57985795662465
1.7415362680481,1.677618298431
1.83191834263016,1.78170196616729
1.79609188204668,1.74756414311896
1.47245540528164,1.43229743116859
1.64929616419321,1.60485077181011
1.67904198076907,1.61749936544307
1.67990638013298,1.62422353575543
1.87139890418985,1.81358933298801
1.146635945872,1.10521797158383
1.66553962879931,1.60452165458026
1.56874765118922,1.51769751942003
1.67770408363006,1.63006816575288
1.48233017597152,1.43462537897425
1.3405894045092,1.29158244437646
1.59977405761662,1.53304107302709
1.65148182708728,1.5961035171028
1.55520794928247,1.49849922890289
1.93303280222024,1.86138530556776
1.69713150748388,1.63238692036194
1.77284583828704,1.72964253666187
1.64575283761376,1.59275936380359
1.5749330911934,1.53034761100127
1.50920983334562,1.44789667445478
1.36455098510226,1.33174666748058
1.60480686287348,1.5477025540139
1.58500338532628,1.53329472640619
1.49562230531044,1.44761127841587
1.86938399309097,1.82453111512471
1.64357515053416,1.59996072049134
1.53923172942179,1.49404327664479
1.63925861882339,1.56093892603883
1.77833746264559,1.73155358773967
1.64377336032851,1.58789066017499
1.80624556314884,1.75223415195079
1.52890038587949,1.48916009208343
1.80609540665177,1.75817539384599
1.43312976676023,1.38587808821493
1.64227190339808,1.59222333697282
1.45222485096221,1.40931581834195
1.33969541735427,1.30811006390315
1.58859746003909,1.53551433227894
1.97156041550107,1.9111931985642
1.64320884633,1.59084618534975
1.77881181862279,1.73095712640641
1.61126723540528,1.56484702710237
1.80908775568403,1.75595287363106
1.46798302423294,1.41488933191764
1.67050246948542,1.61442179013319
1.46729426303908,1.43667256330123
1.77402915032591,1.73556928610919
1.65889641883353,1.61147561292977
1.6568817179253,1.60743363085264
1.64028819566598,1.59083943685611
1.58704623403081,1.54972817814058
1.47820625396517,1.43133661525271
1.50039422702709,1.44881554324869
1.54625391086062,1.49178686737984
1.61060469082361,1.56091706129927
1.50583720257092,1.43896005941981
1.54560696522548,1.5110424032085
1.85519696109247,1.79897813629676
1.63643800041278,1.57100786196791
1.57007244327952,1.51851414727356
1.55770658970408,1.51358677354919
1.88393546014464,1.8300693465364
1.51596956079306,1.47717125875339
1.61117875402019,1.56816880588572
1.59270627585734,1.55692000671841
1.89752911997596,1.84431348834861
1.67199706389775,1.63421436014288
1.85091327338851,1.78987378313674
1.72694338321529,1.68315754566065
1.43051644327831,1.39705791715815
1.66445649550966,1.60978737862884
1.78019037295236,1.71655096503267
1.57781655745582,1.52765705652996
1.37163603646724,1.33049182129024
1.52458425673175,1.46844614094826
1.67697224871149,1.61346611277082
1.43397018135024,1.38463831440555
1.65904462891079,1.60065735816314
1.64620433741798,1.59383147728564
1.64535291772355,1.59342007720364
1.70115148897935,1.61987579028469
1.62276312644331,1.57835807802521
1.54303965809801,1.4942580994323
1.50788629794968,1.4517078830098
1.55355769555661,1.51593643949324
1.43527347567706,1.39709445609978
1.530194223717,1.49368605135241
2.15739087818399,2.10279839763191
1.6038071957314,1.56534220882851
1.98607734799954,1.90692945312664
1.64311848252504,1.59474427181274
1.75205003399124,1.69070167959134
1.62351073790882,1.56958804668082
1.91280687772827,1.8620392392359
1.73396222190607,1.67195327325063
1.42011502531125,1.38695410126728
1.58405458100279,1.52564749915464
1.64690761471707,1.59382650489502
1.96769998856061,1.88227192880634
1.66591154271814,1.61222653428388
1.59516775908913,1.55619228612212
1.6466927286997,1.59932366155334
1.64114154057114,1.58564322189432
1.71739810903662,1.67339526551274
1.69008885967019,1.64749115337944
1.47488246277518,1.43029362561973
1.60844684563574,1.56788149113472
1.8780480990112,1.82321164857159
1.61056871166875,1.55939822482983
1.73481491564864,1.68169416491986
1.7549064173837,1.68291184014234
1.4366138703043,1.38818347317545
1.61117754985983,1.56468513682916
1.80285920634425,1.74493099387481
1.87808217479241,1.83145844480728
1.48360272692317,1.43999130630752
1.92526080866879,1.88477116381281
1.74960149670799,1.69751834292063
1.45792329797238,1.41785963527586
1.77722485106786,1.72236112488453
1.95887770499053,1.90371283224853
1.750294470196,1.7066832325787
1.9314398418532,1.89273007100473
1.79838741188624,1.73116526490291
1.58791169593229,1.54214034386343
1.29069624695099,1.25920679558204
1.71087137933227,1.65995574724436
1.49779127581278,1.45773006007779
1.68233523419945,1.63893222489482
1.56986035608816,1.52880428832078
1.48273219186864,1.44801368965359
1.7886544818468,1.74675091716804
1.73373365066737,1.68192529401809
1.52962795700316,1.48302335557786
1.8245129510829,1.77772588101605
1.50212619321838,1.45779322298879
1.70083487084985,1.65340334543859
2.06323064655839,2.00952180388162
1.73719036330897,1.68819834175943
1.80999140134949,1.75848189376234
1.6955160451907,1.64438680737755
1.69292721556906,1.64330927125992
1.52355935950642,1.46881356561541
1.6956727771876,1.63786169229241
1.30022509617845,1.26700300514363
1.79415101594937,1.7452800180068
1.29902078898232,1.25092932320188
1.76840008172519,1.71385273653229
1.56013860608337,1.51963363639189
1.54942051190763,1.51500722109793
1.69547191999409,1.64274436849822
1.80717297020964,1.73645402529351
1.73508239453824,1.68661130946185
1.8345483841301,1.76579245845701
1.48579340857046,1.43060136379984
1.45967885593324,1.40978594300144
1.87356243108843,1.81610170437474
1.6335478069624,1.57900009841993
1.70669264315307,1.65183699572747
1.44998978163176,1.40843590508894
1.71070607003685,1.66065005480648
1.59809837801761,1.54258376780925
1.5306979057963,1.47786033799533
1.58694606667871,1.53579982942044
1.44671159941138,1.39456774642832
1.759015939475,1.71223363074002
1.26769275879967,1.21936133482426
1.42406275415731,1.39183034959582
1.88190220834007,1.8161501440638
1.72861730921048,1.6542685364406
1.5962933186738,1.55414809803244
1.77460689424366,1.73071574302412
1.79157986788877,1.73806432867888
2.28658005161974,2.23945323476431
1.63329360200747,1.59434771378743
1.71583889407151,1.66610779835299
1.35986286659419,1.30960588853627
1.63491831474176,1.58002745268469
1.72405537467398,1.66481927138957
1.68614022295637,1.63829438359114
1.44971440824539,1.40455020384927
1.67481163938478,1.62588619224142
1.55982512684094,1.51616130452555
1.65002829419469,1.61781615905755
1.72757896257691,1.6748555846308
1.44066172680994,1.38873524298097
1.64231062418783,1.60676479105364
1.73918136336695,1.69645877750691
1.38803411911046,1.33669147334821
1.65237799840015,1.60799400773771
1.54149336952434,1.49933695582632
1.71653154984643,1.66305590304927
1.62140072208868,1.55972393920336
1.3175889037029,1.27566134380886
1.62447276915547,1.55749255342267
1.44183866315157,1.39457368117738
1.46665920846711,1.43215307425824
1.58934456962648,1.53688289787106
1.5018809853601,1.45253289325655
1.52396709517101,1.49128337685569
1.72425196165129,1.67901060867614
1.78687201084063,1.72717700698414
1.65994200467293,1.61478664148851
1.15666391100689,1.12691555055493
1.5139959661498,1.4747593224793
1.62354381844733,1.57201461363019
1.78137879443322,1.72896100806127
1.42867993317324,1.3916232553198
1.40007748463494,1.36548963669409
1.52308917103386,1.48154734843049
1.69840998213335,1.63376100857073
1.4546254644497,1.4009514317735
1.85588128113504,1.8060705649775
1.40137669130737,1.3554971888335
1.64072595514423,1.5747931072032
2.21695629481935,2.16832421196637
1.40638689427633,1.35850629408304
1.71557763188555,1.66342726747364
1.55859453747195,1.52253934824586
1.69627916756046,1.6448314953758
1.70919186581834,1.64687435168737
1.50026466633344,1.45859612981809
1.64649566119722,1.60282979358685
1.88225436642823,1.83308334529779
1.48524019890559,1.44218447710738
1.50442348466992,1.46176920358226
1.59161569877443,1.53799036560683
1.41842185590738,1.38218331440276
1.5928421097623,1.55554096845111
1.53512303757889,1.48276799376709
1.60419114576641,1.55725648569308
1.87206024611768,1.82720347068068
1.88960693419058,1.83508007482017
1.75801796793812,1.70315684213595
1.81439099595694,1.7675344535282
2.26229743732154,2.21031829951464
1.68112874332343,1.62684639305909
1.69109157839932,1.63865349063537
1.6887409097459,1.6452212238229
1.69919004405316,1.64183298609122
1.59356975026275,1.5405717668817
1.64424453450694,1.59353661942477
1.61425051841217,1.57130663210528
1.71091243794625,1.66915900248584
1.63501702183341,1.59446073929226
1.82225087847073,1.75438570996751
1.33871243378354,1.28827068994336
1.50769039702541,1.45191400873344
1.61252419982906,1.55667582344913
1.79581215285252,1.75281116443846
1.57290847174078,1.53626515337301
1.47298829219945,1.42946869133593
1.59493237724458,1.5494527796286
1.65012112018662,1.59928875211031
2.15535491210682,2.09879682977984
1.64943385749526,1.60389519627308
1.61882751389638,1.55910647972767
1.49503288584853,1.44991012904436
1.64601784713098,1.57093944072684
1.70229482617239,1.65445775408666
1.45622314687621,1.40737622008926
1.83866941183781,1.79233242681838
1.65866942045087,1.60590393831888
1.78253204054609,1.73510340325484
1.67224766594734,1.61627422436524
1.39339657423306,1.36006084861766
1.79271277069163,1.73092543482956
1.50985296635136,1.45366204111365
1.76204584970992,1.69448592233896
1.52161497018987,1.4735750661261
1.57285121508375,1.52421104082431
1.73686346393817,1.69104175588893
1.66667548519692,1.62618431223277
1.72729273264521,1.64918068174259
1.62231637016122,1.57166690468377
1.68498764387247,1.63490927900487
1.5962914086543,1.54645938982661
1.74137331595517,1.67540213488268
1.71594286001835,1.65054215330941
1.55437220975906,1.5039179459014
1.62720585787747,1.56238799678709
1.75908798125785,1.68667312490608
1.62744107800558,1.56631209405864
1.66665852848357,1.62987715539024
1.7617864443232,1.69783048255207
1.516286182126,1.46554238449027
1.75546845877812,1.71329609880594
1.62999128824914,1.57823750787375
1.85596921861734,1.8181958507471
1.42492561876191,1.37852344717862
1.46151409102467,1.41080574891666
1.56354599006131,1.51057950657571
1.4510333813775,1.4126078437161
1.5663087586471,1.52386496904767
1.87839484997235,1.83385601472083
1.7763255386876,1.74023372872651
1.74675929810129,1.68399119018199
1.65210069799885,1.6026686740329
1.52411382788753,1.48378702839375
1.34182710869826,1.30394811090799
1.75180051182722,1.70848007971477
1.62197923657483,1.57950722755826
1.74326480738133,1.6994611893686
1.72809030629563,1.67703411981623
2.02891026773089,1.96584657086686
1.69128871595304,1.64084043816137
1.67227417971178,1.61864896721897
1.65145006114754,1.58959751176197
1.54537084678912,1.50691068044778
1.79599468895141,1.74189470125512
1.66131737243463,1.61239579384301
1.48832392893393,1.45254803026507
1.54089639076501,1.50436603393948
1.44824903943147,1.41010151441817
1.2299278440142,1.18961701496768
1.52105071690681,1.4856382341818
1.6373943416312,1.57782964944572
1.79872621557709,1.76024907479939
2.08848091220064,2.02017815685875
1.61705685994714,1.54869680423964
1.61054556688744,1.57046464840561
1.45363255489548,1.41529858738856
1.71830921334252,1.67983824114679
1.49443985036958,1.44746316223018
1.83433675879386,1.77504945238696
1.66233121837928,1.61779895674768
2.00880292883299,1.96413185055294
1.84745001152297,1.80109210907829
1.52109559551791,1.47925992566603
1.52143055450319,1.47373409208716
1.60509451019987,1.54349974017264
1.79060709115297,1.74797731756804
1.65966372212665,1.61779995746996
1.77678551404629,1.69699196868138
1.8081463323666,1.76685213130867
1.46163817934587,1.41251087408002
1.65306405901086,1.58471200807269
1.65746270911757,1.61105126896057
1.07122804698605,1.03924149950497
1.55382401107058,1.49839522989296
1.60425294549905,1.56574611387241
1.57836446516145,1.52740925398517
1.60839336674726,1.56144651736538
1.5029665719675,1.45565632698991
1.91301759675521,1.85702939646142
1.61680019593408,1.56675134692289
1.61040905578767,1.56252589338967
1.79250553920474,1.74020562717755
1.72830194829495,1.66884641382734
1.57510570474583,1.49714887322579
1.81548142189988,1.76418905714351
1.91814332567039,1.87102843186085
1.68797602880953,1.63111013208707
1.61124053063765,1.56937365950796
1.50718826516214,1.46211053567932
1.88494715368399,1.8231073136152
1.51065705304622,1.47535129333179
1.61392213194331,1.55795359469593
2.01759193074007,1.97475975711965
1.97397591243526,1.90317349430369
1.81513487028896,1.76468450925695
1.78898617465663,1.73825336883556
1.56070884341081,1.51709822546976
1.80210266817445,1.76032726864109
1.62162000747117,1.5583631260801
1.57644125842202,1.52365719744203
1.76582208671959,1.72557462165271
1.47181387176753,1.42662595213161
1.69465273356513,1.63977379129015
1.54534328358783,1.49465958007052
1.58369545447351,1.54033782559301
1.87122874945189,1.820874691478
1.45922093161412,1.417714536627
1.74425647260582,1.68933288795071
1.21201977110018,1.17785007252655
1.58174980180507,1.53201915928801
1.44547707124761,1.40011318889269
1.80227493087713,1.73873366283617
1.22780096254478,1.19183185070728
1.60121720463328,1.56191730366752
1.56074689190594,1.51539328604626
1.52063052971589,1.45825626548096
1.57657572194441,1.53410210720898
1.53717167893474,1.48885057332466
1.63153243265603,1.57646093417849
1.57572021706321,1.52007136624929
1.97322891137761,1.91894560021273
1.77644873895376,1.73269742693239
1.67405826307693,1.63127468988107
1.36276928802133,1.34177675667166
1.43588532618765,1.38501328013676
1.85693366671619,1.7762072177919
1.47241987002417,1.43182572433518
1.53192717945434,1.47624365916298
1.62511255249987,1.5777257104441
1.37613399345327,1.34174753321117
2.36289478987493,2.30054468790541
1.87153169215741,1.82025385492403
1.62640386267066,1.5690193947549
1.48967560404919,1.45281204046338
1.8410392161362,1.79258562282372
1.68278501929225,1.63274199786271
1.62113642600518,1.56517039732083
1.88262343636865,1.82788736365088
1.38007162950111,1.35165171022908
1.29524389862811,1.25474250661154
1.61620575085072,1.56367271930091
1.65824496325301,1.58970517856648
1.59051858172047,1.53837105234758
1.55233511177241,1.51560545032977
1.84343483534324,1.77836277763064
1.84856230295316,1.78860167073031
1.69698259329344,1.63154810912846
1.68001446560398,1.62121778287517
1.49841363290457,1.45271209323042
1.59656166571395,1.55070336513117
1.58864795911087,1.5299169860389
1.68730665439399,1.63236802460351
1.48839153322132,1.44503687119095
1.75104925866893,1.69368213953353
1.60351646398448,1.55907093339913
1.80937349036153,1.75164817153985
1.26504528962698,1.22656769548522
1.79666454110659,1.74947945680877
1.5835770982597,1.52107368060339
1.67340961584942,1.62544331002793
1.68566891531894,1.64181648363924
1.80568996300534,1.75067009840659
1.82841142223523,1.79362095529899
1.64019968733058,1.59343904281617
1.57046221550154,1.51930364381942
1.62682897902574,1.589330733617
1.48850751061305,1.45036374484322
1.73071951611252,1.67872271829179
1.83454053905766,1.79168057623728
1.87659248889873,1.82002272514366
1.75563396974793,1.70837322503091
1.59949008818721,1.53723976550582
1.43758334923803,1.38697584775544
1.7306433093531,1.68081682123393
1.61910893179872,1.5711817060471
1.74058358582639,1.694414078668
1.32689286117949,1.28676935823205
1.59706650607095,1.55300616402335
1.77551644181242,1.72373382614678
1.34957194982994,1.31089948378277
1.45365284014224,1.41511371150749
1.50973282411676,1.465611985793
1.68469142274285,1.6388502282464
1.81480669765246,1.75755547428389
1.65490056334066,1.59748646010135
1.80454703064033,1.71424548356019
1.57089605715616,1.52926902084053
1.36527596362147,1.32509188212249
1.71785718180904,1.6595326160741
1.62661306080515,1.57390922158642
1.63359303369244,1.59900912205836
1.72242523639486,1.67560708824596
1.59408595218489,1.53524640916407
1.68647746618424,1.62774039556443
1.90898281162842,1.85025833338028
1.71810169682366,1.66443052033993
1.8251559730694,1.76424729325031
1.67210926276914,1.62152603201824
1.64784025013861,1.59880923143629
1.63738633201984,1.58929884133606
1.69476138736962,1.65309810642268
1.74403707979913,1.64404988172368
1.65010762199697,1.59597230734142
1.63299501824522,1.58121318612382
1.69787830064771,1.64495445928793
1.68560385400725,1.64461383684074
1.66436997181085,1.61348919189186
1.54610168772614,1.49279119946152
1.67677608689467,1.63227891227667
1.60592441147673,1.56358668318966
1.67037802672734,1.62077667127213
1.67031378679151,1.62164756431124
1.54508392949033,1.51627391299935
2.21899928693068,2.16754707372746
1.57770336154721,1.49218783770491
1.50917384619436,1.46128179489683
1.50080047618703,1.46539115359739
2.11136138102439,2.06765391229613
1.36943207177037,1.32099252366457
1.72637716094233,1.67399189554566
1.79351540124201,1.75393958366565
1.80055087590058,1.71630741289165
2.09485692044486,2.05227528304757
1.64761277186812,1.60190239816913
1.58252997613653,1.5401273035867
1.82910305045802,1.78683328690808
1.45655703313179,1.41487522656066
1.42552200324155,1.38323255695208
1.7532290216782,1.70571591160698
1.59949241623782,1.54091945975932
2.02457372077958,1.94972156510179
1.75559165428699,1.70901161018266
1.6965681202677,1.64279243159101
1.56697560804692,1.52560933424572
1.28851421084767,1.24162261081391
1.65794751918617,1.59739684562339
1.63950422242842,1.59820396257395
1.77784305530906,1.72959564502756
1.56370883258508,1.51777290699851
1.67175884923144,1.62404673008388
1.75102097228812,1.68524597358077
1.47383033202777,1.4310944522168
1.80408975197715,1.75565461792985
1.63489629870256,1.57584695890418
1.73114259528681,1.67784043842938
1.51148369106554,1.4646833862947
1.7206457648871,1.66789532701506
1.60739200445885,1.55586873345854
1.37322525284807,1.33163894006542
1.38642266763708,1.33796892020079
1.31333593348637,1.26855908295862
1.72046791312035,1.67624276385294
1.81950501689238,1.76191904670083
1.55081466413172,1.49924468818778
1.51470420407575,1.47058211332195
1.34523616236412,1.29586336131218
1.59514691025822,1.54575674375083
1.91448861398887,1.85322387873844
2.04552100927262,1.97903043601705
1.68112243955104,1.6193502625648
1.6628975022747,1.61159388292877
1.57483863822515,1.53526192244549
1.71163050611359,1.65420196884778
1.49588966388082,1.44703432229004
1.34445558029136,1.30858392803572
1.63369461240065,1.58499173605436
1.68377958831188,1.64051461738425
1.61466424035744,1.56374449727465
1.28152616008339,1.24711219598493
1.34362117430504,1.29742466034271
1.54398927484653,1.50985364709413
1.3311555159113,1.26968029716321
1.951299202733,1.89072033602362
1.67323707292305,1.63069021518043
1.53969349655901,1.50014427224031
1.66459317085629,1.60882236922917
1.89483428041558,1.85189690796312
1.49044021232218,1.45396963918927
1.47354093602789,1.42901325100141
1.54343218626935,1.49209215577759
1.72759572852908,1.67470485700338
1.68447180625202,1.6329356454547
1.61551713753061,1.55739224083206
1.76672298803262,1.7244210897386
2.21252375360908,2.15962437907346
1.70724622035855,1.65737508365411
1.81469141168037,1.76562862006908
1.7244377576328,1.67964511455585
1.56753366996653,1.51580690366454
1.70918860570558,1.65863094424405
1.69815011247361,1.65667428330631
1.50917256681232,1.45912216083995
1.3652428169514,1.31082948555651
1.7492289196883,1.70062904836445
1.80413085222616,1.75348752269698
1.70321320447043,1.65001704370021
2.31214929248201,2.25726270320649
1.48995214299932,1.45517177334717
1.90167118866453,1.85117682424966
1.71154222631856,1.64393988800948
1.5068911691126,1.47353757775297
2.17162303158189,2.10069704231139
1.64867115979689,1.59094932160913
1.91699939377535,1.87375947388657
1.37315785144951,1.31135591215182
1.84332626655485,1.78167378940445
1.55341982301126,1.49983306439791
1.42331191785347,1.35876418601943
1.76664376195965,1.71405178722163
1.5030254189691,1.46584721230315
2.04089701277049,1.99634259182063
1.60074575759269,1.55994252411225
1.62274448087145,1.57390976340117
1.62073674002214,1.56680192789893
1.49051754713537,1.46056520203082
1.97471061327117,1.90731619489529
1.46806118837552,1.3992471864742
1.91333750134853,1.86552189926995
1.78947423232034,1.72081091676346
1.47694365106995,1.43322932008854
1.41602914684051,1.36947867123627
1.65331860790521,1.59297284798378
1.74785345642391,1.70265687369443
1.6017315669701,1.55361335012782
1.68610733523393,1.64574351317149
1.87517684306443,1.81396990932008
1.59302340696474,1.53893731973541
1.74095140918344,1.69068155586125
1.47265584473775,1.42803065964371
1.76452369652403,1.70436410630751
1.59431833501013,1.53890296437859
1.57930284522411,1.52540823213081
1.76348641963751,1.70710473455958
1.37867345350342,1.31390228705327
1.52986605836786,1.46492332466015
1.6713960934529,1.62921413717567
1.64423826588606,1.59464926549029
1.76576627893671,1.7204095525383
1.44785545223472,1.42728701829196
1.5698320635024,1.51546818491348
1.80713891664962,1.75784633682823
1.74711052320246,1.69548059341523
1.640902315788,1.59299664034003
1.78429538759232,1.73045575159829
1.51326532617718,1.4764061282563
1.82386431291712,1.77411813648787
1.53769157054791,1.49000790950108
1.8339529212639,1.7819144023496
1.50121254421445,1.4609535288899
1.65613779007393,1.60416361089216
1.90584272890522,1.85274162818085
1.59525505611185,1.54992792559206
1.4557003400052,1.41312277944477
1.73978652189778,1.68258369938936
1.84832390361008,1.80269161346763
1.68579022141083,1.63682058623845
1.6940631643086,1.64545500334873
1.69003879736124,1.64274295031456
1.63409598087512,1.55266014339735
1.72450174891259,1.68259615899217
1.58724238561514,1.54020405876869
1.70930361112051,1.65730101131335
1.51557201499108,1.45307136847223
1.65663896284378,1.60598976011708
1.7006605926974,1.65572525963738
1.73900115819908,1.69157186620685
1.93945793148025,1.85993156005293
1.46973756515892,1.41770823007839
1.78636062194811,1.73069016378612
1.61271457010892,1.55000615309665
1.45050564338096,1.40670125819201
1.53344544780517,1.4944096282616
1.49228536728032,1.44737771825176
1.4256317853052,1.37314699508417
1.5025336918476,1.45868347942613
1.40631019534066,1.35844367976828
1.76833894547364,1.70476374292999
1.56876190019693,1.52356419320272
1.49668983280329,1.44914849929168
1.73819543071089,1.69618564745742
1.61851351871868,1.58066488183524
1.49619847413188,1.42462077038279
1.66974454454629,1.5993401710595
1.65312588207279,1.60063293329598
1.54509669954475,1.49423260401471
1.54243646075585,1.4975580782808
2.03109717838252,1.9757760089958
1.80376465020365,1.7511321812717
1.89379567451226,1.8461050487479
1.7262579904002,1.64039600738244
1.88824858171278,1.81818971635703
1.52744590738265,1.47429585529623
1.4318569211238,1.38979714246491
1.5742781752764,1.53869379883225
1.57824835381382,1.54197500322738
1.6944062822378,1.64492740793134
1.65559333192859,1.61295001088063
1.59378250618046,1.5395123839103
1.52736053953294,1.47169459922502
1.62537167141566,1.56737871281052
1.49878281135511,1.43915237876686
1.8276167461468,1.78021016547568
1.64866887665504,1.59251366373625
1.59649434256207,1.55622867515519
1.54648393875263,1.50709288743505
1.63665604293638,1.58244936209587
1.72401880953128,1.66835775213891
1.53730378799804,1.48587311528505
1.66432211813051,1.61986248649187
1.84619541648365,1.79477100840016
1.66783985917944,1.61223125038227
1.44394395915694,1.39377018588453
1.60491109810228,1.53705576892548
1.57064924733675,1.52886784809301
1.44465106057669,1.39529568723271
1.6613338048112,1.61005227752376
1.53094222142112,1.47851958817442
1.73125312908606,1.68092291799491
1.87962256068556,1.82960896362844
1.78150626752037,1.74085420606039
1.65669000448668,1.61033337816706
1.76657353104042,1.69092448722738
1.55923134844371,1.47960300704767
1.90204493110399,1.84817045479065
1.56095896158461,1.51507557309891
1.52264233150954,1.46324605436403
1.67151809326093,1.62964617154512
1.85818475958167,1.80217771940797
1.56654377804429,1.52072483396661
1.52430340359104,1.46843629713337
1.46700773995858,1.41424983690705
1.62790326230075,1.58510155195794
1.64159201931327,1.60316284757217
1.50250883862941,1.4575171302158
1.41835482219005,1.35790422303437
1.75258997069122,1.69472835867585
1.59760666869596,1.53877309290794
1.62345568009915,1.5663816002389
1.55968963174884,1.51745673288724
1.53050689910521,1.47361825081566
1.45171543649064,1.40813047675329
1.51266651671962,1.46171779318245
1.51302765769408,1.46980030480098
1.70318299827622,1.66213358175405
1.74340166542042,1.69213592598823
1.81000438030609,1.74471500233112
1.79724797421675,1.75088320852752
1.59167302915981,1.53954192619759
1.75016046518824,1.68560134053472
1.6963470072708,1.62672977097318
1.83369277852545,1.7879758653339
1.53692526212649,1.49158189427248
1.59090057595322,1.5183301988451
1.90324203778018,1.86181053531389
1.62836392177606,1.58209241277552
1.7034321969191,1.646883634682
1.91629785060843,1.86982401126551
1.62430751086853,1.58367713267555
1.6850149761634,1.63602932886325
1.54702406801235,1.48685710618108
1.46104293162587,1.41491358484974
1.63549188648944,1.57400250829152
1.69093230731645,1.64625571731
1.58105388166652,1.53401243303291
1.59492421995745,1.54549364659482
1.85996507851754,1.79627537326866
1.74252742316019,1.68791455775465
1.55549270645954,1.48889184280498
1.71332631651749,1.67348941355355
1.72524971521412,1.67073530412203
1.81311947843043,1.74822251588172
1.74973356769972,1.69637516955955
1.7875684137374,1.73274106013245
1.48313379720389,1.43361186957099
1.45136237875773,1.40926921527294
1.93246853322242,1.8823084057028
1.66126880073745,1.60672452402692
1.69055424046075,1.6325587296099
1.65034940235703,1.6087452427623
1.81265693480648,1.76804292634722
1.53489801544364,1.45440810901852
1.66744570762311,1.61371199267227
1.63341058610137,1.58485391701182
1.80307338174624,1.75458226026316
1.73737027498261,1.6584343635246
1.43806950181771,1.39716376042107
1.36667547096467,1.32411946175548
1.75819183887467,1.70549202418829
1.87360681428412,1.81367077355893
1.2497305853259,1.20809303405984
1.5013149589473,1.4509226324746
1.8116328704992,1.72070677668699
1.57169052874868,1.52859923946179
1.61298761437931,1.5672785347853
1.43722686232768,1.39553374941062
1.44709989523177,1.3997221055657
1.70470339178438,1.64017565884758
1.56978268358184,1.52431592427231
1.87506512583226,1.82609525813527
1.56846652046521,1.51851560577122
1.94374169369733,1.89585428035589
1.53284166829667,1.48857768528903
1.74307951873436,1.69689586654401
1.64313894160448,1.59115916124992
1.74390238167927,1.68738359878493
1.47503509952436,1.42726403603814
1.88892142388523,1.83998810252816
1.72927707766058,1.67397889573112
1.64783523137926,1.60624168841385
1.52243316611531,1.47094464842893
1.43454693968525,1.39461586235637
1.81911310224977,1.75992807066042
1.47529738554052,1.40705755593779
1.89873409549093,1.83823221486227
1.79947056525763,1.74670270594648
1.50130277777979,1.46335044750313
1.5285426912987,1.48055173890058
1.43393608611207,1.39983800073797
1.55244434285184,1.5125508933437
1.65053104935184,1.59878346680893
1.74126250781022,1.68870566170363
1.75762729033502,1.72101930460719
1.52207842753004,1.47389851229656
1.55879374296585,1.49859005029193
1.57496933113715,1.52603781021122
1.2382054455537,1.20070609780743
1.61169730332212,1.56403915252479
1.69339102977309,1.64174167297055
1.71802821895544,1.65154350654382
1.69591873808559,1.65019581468724
2.02703824288082,1.97849302929109
1.82545573966368,1.77727472833212
1.57547470152898,1.52424428030761
1.86778206859295,1.80247207653531
1.66796505990323,1.61716133316772
1.42434577420201,1.36764053928743
1.70744417761933,1.66810243926957
1.51861550888959,1.48924791341152
1.959131380944,1.89520314775572
1.68944924636296,1.63908252779036
1.24196184802566,1.20086270050541
1.60433944343583,1.55798710123656
1.6123216016984,1.57404084689508
1.753990837973,1.70057329022564
1.55503834193147,1.50754733306065
1.80066880289034,1.74563946958845
1.57800542423914,1.52931515634191
1.48740627277762,1.44196027869096
1.63743261925903,1.59229691528208
1.44609937877088,1.40350589712018
1.70303589267131,1.65721047712079
1.52816711198551,1.46873016225534
1.5416153103851,1.5006206478928
1.59609249297835,1.54604873418818
1.65621174908028,1.60657787210533
1.54114656294482,1.48819976068834
1.60648598119185,1.55955057730195
1.30209637862206,1.26295101093314
1.33374410021636,1.29454335580586
1.53704440778574,1.48767460373207
1.65295189453381,1.61470871021978
1.48393157525331,1.44610759460342
2.03968245636981,1.9958876270558
1.92621517603997,1.87714849159114
1.66113835984589,1.60839157717037
1.61491146517539,1.57558077930604
1.44005332585966,1.39738626920316
1.47061549945087,1.43589277935307
1.75137814459385,1.69236245400145
1.63375634384308,1.58997738681986
1.65471390341236,1.61177573362086
1.74232373821089,1.68984816807717
1.41935695349964,1.37781638370808
1.38738658653463,1.3425130064259
1.77920450253997,1.73150089395986
1.52089349931159,1.45646077831448
1.61872868448899,1.5578139383586
1.92069534769526,1.87200197954509
1.60140021512982,1.553740541353
1.57429848318684,1.5356493142792
1.38026655459549,1.34251159904127
1.53229677326248,1.48190375963055
1.62481175311302,1.57062587669421
1.14590809183248,1.11245775836536
1.67150415110029,1.61543268833554
1.5787594206752,1.52983793561972
1.42636134700647,1.37900111642302
1.76405276398769,1.71941939751114
1.73851668105377,1.67319714095602
1.71974543697112,1.66453455474131
1.45797489091334,1.40638380064463
1.49346629195623,1.44184693163419
1.6309611006683,1.58233841816441
1.80117355303645,1.75558160939657
1.7689002838072,1.73062215037532
1.78368341431922,1.72638916001043
1.64092251543413,1.57654685896289
1.60454637231666,1.5590815977665
1.40808489417368,1.35663182230457
1.86233077967383,1.79632022406475
1.57808048783289,1.53663527932542
1.74930137315508,1.69659517438669
1.66572612276947,1.60953844936794
1.42176048749343,1.37442651252086
1.67981203401183,1.62877552577271
1.51822862419755,1.44135435638682
1.49166845130191,1.44149226379773
1.59962611790833,1.5557472163647
1.46488943511606,1.42008239414865
1.62455723719857,1.58348688502842
1.68741543610965,1.63099944042692
1.44775386799536,1.39639172408579
1.49168678423259,1.44107868974214
1.79211849389054,1.74627165959847
1.71289465491233,1.66342799950721
1.60000000487886,1.51221927831384
1.73231619231582,1.68416380246707
1.75328888257816,1.71020571435639
1.85598060772479,1.81788136508155
1.7745638861124,1.70343203176722
1.81797761879975,1.75899678077455
1.7687909437469,1.71615833274145
1.82715251181542,1.7710937379803
1.73572956229941,1.68666349018158
1.5263737498139,1.47742599842736
1.65471193742787,1.60190572468042
1.64306247703253,1.56929567393374
1.78454258725702,1.71724895365457
1.70184209866481,1.64275438111217
1.54846248655816,1.5101796321648
1.75209273142697,1.69998594867647
1.60307152893704,1.55082977426037
1.39864455763947,1.35886639010119
1.74641268110627,1.68677231828439
1.71545809555733,1.67289160933777
1.76164869579712,1.70053058390778
1.57080001977161,1.52044070009746
1.20712207023724,1.16957143195257
1.50290177514119,1.45519729306335
1.5724586332805,1.50145523923535
1.66185379917569,1.61868829113873
1.64734822385684,1.5782296259748
1.6394627251176,1.59300927834897
1.77776264189182,1.70622928713544
1.73528146922367,1.68023380909566
1.68510124875089,1.62606442033378
1.42982640974804,1.37534531247283
1.35153294166223,1.31619774175587
1.62212261904452,1.57356870238047
1.64054790284107,1.5977917097856
1.53975825384558,1.48892996082565
1.64939780157116,1.59108198280803
1.6896682244777,1.63377590960498
1.95038194688155,1.90059510695822
1.71979123317427,1.67106646189704
1.81350537260552,1.76824052492789
1.73845888413439,1.68362341420807
1.64111938512403,1.58361068491346
1.50560894253627,1.4633083972875
1.58540478550238,1.53788839392021
1.96325338891088,1.89376742149802
1.71545198683078,1.67133212578442
1.65743224572523,1.60494649900007
1.4984035133057,1.42603690704571
1.41162162041435,1.35754781099717
1.80055515079354,1.73569010995798
1.4968617942325,1.45109057826177
1.68658661694,1.62982990219038
1.62463792898732,1.58797666440769
1.72449914158084,1.67518924248786
1.70442809992888,1.65675528811087
1.5746511388557,1.51715952253968
1.47468237296244,1.43763404318063
1.52266396017079,1.47700916025934
1.60818876576479,1.54468975121828
1.56459277982674,1.5184892911769
1.50994487495353,1.46422378343399
1.89778424316975,1.82903329167827
1.54044583642679,1.48755998404385
1.54718373798781,1.49975296713481
1.64012043156629,1.57694984068992
1.83394349471904,1.77876732122068
1.6493319099734,1.60804355956496
1.81257340251103,1.7653604542756
1.6500670165349,1.60690580608452
1.88680453337723,1.82443780744265
1.90998552649693,1.85640185739996
1.71986271151691,1.67735858582042
1.31694807239872,1.28588836433796
1.63373714873877,1.56617384572548
1.68275219779898,1.61247302789498
1.53011590115336,1.48693713594143
1.67792218793957,1.63644424548645
1.39289058841101,1.34639737229581
1.62325908940925,1.575412569846
1.80293663876638,1.7547045101185
1.61257072374909,1.56177559737695
1.62986705449764,1.58535603949504
1.62500159484167,1.57870634076658
1.67701300101347,1.63169679220266
1.51348087470906,1.46560834921833
1.38541302411878,1.34692555049766
1.41990802784467,1.36388323965818
1.65669555707451,1.61454521544229
2.26872926396627,2.19464431165467
1.75007011137893,1.68650707471847
1.68659425349976,1.63917784340747
1.43848875261971,1.38635139073039
1.94269402453203,1.88162896941
1.48191534809113,1.42230001832012
1.77891672819031,1.73147236090494
1.60452661840288,1.55282511019614
1.73062979931119,1.64581105901045
1.60557208374931,1.56369236063298
1.85710630432937,1.81175326450578
1.53870806898509,1.48637439316209
1.53830301752456,1.49049197766491
1.53576096171076,1.47967128194037
1.8347616874389,1.7857214412087
1.41446137221802,1.37701021837591
1.68502356263017,1.62966506519937
1.71241131714503,1.64997350636162
1.48947979174805,1.44509289421752
1.80869754496147,1.76234173929066
1.38497597395621,1.34889073076735
1.49114528431549,1.44564912233901
1.27474450390429,1.23300827996735
1.88841888180334,1.84418678985316
1.69056552229006,1.63494074182529
1.69303844853867,1.64286466891374
1.62971621742293,1.59111173738131
1.50659144835005,1.45054525701338
1.68607744674078,1.6342592298833
1.61456902226749,1.56331582022237
1.48103292181097,1.44477647760935
1.82662156490395,1.76799358904051
1.56110100356839,1.5116618781141
1.51611001548506,1.48754721047508
1.68042246826061,1.62352689087813
1.57865313406335,1.53760091756939
1.47741109268362,1.44122286679607
1.5949591224281,1.54147511134111
1.82007288726369,1.75089148494375
1.60736610369676,1.56739314691784
1.74291422116146,1.70571988746101
1.87969240523161,1.82141786008643
1.8201310004838,1.76539491605396
1.75082080085466,1.70802521050606
1.79436704087926,1.74572231662707
1.83741268398553,1.78021928990708
1.65250305082154,1.60690433944551
1.58865926900848,1.54212255061656
1.66581345694525,1.58487921463391
1.63804393220339,1.5832484508711
1.82325284670933,1.76295905112755
1.44618730087236,1.4058056076591
1.62518515516734,1.57215339052431
1.76597449429913,1.7145115922093
1.6335006508664,1.58822232117198
1.80879381557306,1.7587266154994
1.77900758812209,1.72934003109753
1.83911337014076,1.79346341304267
1.39751711482258,1.35001722354597
1.77204983081408,1.71537999170662
1.57223995117882,1.52404198192459
1.74588409005463,1.69564096435183
1.65867197281528,1.59024193837515
1.61955787985073,1.56440676512939
1.53192034978444,1.46897160114585
1.81348423688626,1.76591413442813
1.80887107722414,1.73794776784433
1.7158895755914,1.66577025553892
1.4478963330469,1.39399292543285
1.73192021613077,1.68505182030867
1.51556155134796,1.4679368637282
1.68865256104368,1.64492504721086
1.88589123734102,1.81759135455691
1.59285969899513,1.53938967731272
1.72109105603186,1.67164319055626
1.58268397487966,1.53156897589448
1.39735369231239,1.34069242454892
1.17911068775129,1.14280538821688
1.48774341489186,1.43144421657393
1.42767575756951,1.38471982667483
1.71571682214705,1.65589467678092
1.73763649644833,1.69929283415948
1.42999254689759,1.37288213922206
1.47801539915964,1.44024550030166
1.52485948485401,1.48349416063854
1.45920205350908,1.39918760804746
1.59032114776322,1.55869118224613
1.72344961483823,1.67027180367634
1.65484484050718,1.60953733632644
1.56968482250689,1.50154265095406
1.58909643757989,1.54486357016221
1.43118271172166,1.38629833344289
1.88186489385802,1.84152465145461
1.86079299594778,1.80615245940667
1.52746605521285,1.49338867789739
1.71805478294035,1.66478575665744
1.53405992719758,1.4872516346083
1.79776290676002,1.75624778068492
1.62677873877839,1.57512948676098
1.75074353099694,1.70475046256633
1.64818513248214,1.60366380949108
1.62563527299116,1.58166266206908
1.66803923253885,1.61212912689602
1.69563856549805,1.64611658413522
1.82013088865576,1.75954939318571
1.38739731999957,1.34308168057442
1.77910151868633,1.73780100599172
1.58373926675412,1.53312961663305
1.45502297390765,1.40949974676503
1.56702944282934,1.502272135836
1.5349185671853,1.47856737822337
1.78479955603279,1.73274455502356
1.59373113777371,1.54810737563572
1.71548586889724,1.64305033040206
1.51419437426213,1.46800864607112
1.59767857455111,1.54461855164053
1.74141783081539,1.69011700915262
1.46784106574036,1.42305279861996
1.62896077188622,1.58034555988134
1.65106918928426,1.59771614031293
1.77792788721305,1.73136628343146
1.72629154769698,1.67488219042625
1.45928410562955,1.41054285028174
1.62643457663093,1.5817293024604
1.53428869763173,1.48917068650849
1.66129108814767,1.62069047714203
1.57627172258218,1.53478309977666
1.41356562122397,1.37343563310815
1.47015041393383,1.42038727978658
1.50714479219576,1.46661425245797
1.77171486182365,1.72378737257963
1.70271781091655,1.64430004974273
1.54451192189499,1.49195100347949
1.59404626789163,1.55256373034788
1.55956706907391,1.5067778918372
1.49337970724375,1.44900500058669
2.17087237728089,2.11505716108686
1.67452504913297,1.60973997693547
1.56076244083875,1.51582878209164
1.64838883026599,1.59828805252238
1.76732052332228,1.71525097047382
1.74382663807578,1.69065778536052
1.66826783302284,1.61684888985132
1.93721598646641,1.88447837255415
1.63775390054952,1.57814844873903
1.93661487741797,1.89090417849813
1.34704672079792,1.29915123863438
2.19868632001427,2.15616031485883
1.60417762380059,1.55117134175223
1.50115708910136,1.43046620876003
1.64921851797928,1.58259685165317
1.55045434787831,1.47727599970174
1.4546822353127,1.40179636909083
1.87439034413556,1.80938694436915
1.76341920184444,1.69335603004993
1.49636306399392,1.46151098295757
1.52985230341944,1.48454914085328
1.53224737759904,1.48067193828606
1.72975778256259,1.68451807686712
1.50562174877054,1.47218661978992
1.52309416486805,1.48071282764442
1.7672650866548,1.70533798131925
1.55632816555101,1.5071882293087
1.50767520458484,1.4658935979396
1.77703713195141,1.72406425286655
1.44081865451307,1.4013691602929
1.69937812358087,1.65141760090233
1.78059189678718,1.73104863405801
1.6139931671338,1.56881727565947
1.5820308246173,1.53124987391262
1.94885863134234,1.91093589336788
1.46450935364096,1.41684167509521
1.62576956568955,1.57185297292057
1.57898199834353,1.52975994984357
1.86846569207471,1.82095404314156
1.46080890912817,1.42553044347196
1.52478306118369,1.44786471752499
1.7421354491406,1.68066384142245
1.71060977881311,1.65149452564192
1.72396023955086,1.67518259544619
1.69114232907796,1.64557054296338
1.86727319436489,1.80633213894634
1.84744215906701,1.77207845320964
1.73740157810944,1.68628390899397
1.90725983732492,1.85712891949532
1.67703522934445,1.62574161903791
1.6005146737622,1.54550219895035
1.8130904293295,1.76299787097175
1.47618193653247,1.43382108863403
1.46846662079475,1.4165488763935
1.19078210695407,1.13599219496678
1.63800116159307,1.59213774440108
1.45128444369533,1.41730211792569
1.50071677875123,1.46011033090053
1.47044288014649,1.41941920937973
1.64018751179603,1.59666573580698
1.74765884244124,1.68761666571956
1.74364936048426,1.68373184886793
1.93827433527286,1.88274113027037
1.76631783972445,1.70849053853402
1.74399799115947,1.69407145651325
1.78412863122994,1.72593550270593
1.83507562071029,1.77006202177712
1.57041937447824,1.50447126056633
1.35964091561049,1.31970438711601
1.94600751171548,1.89575072078235
1.53687567839592,1.50185633067467
1.72350726818609,1.66356940528808
1.4392671536283,1.39405032128318
1.71120382139528,1.66489837308237
1.7129762170286,1.66427549043611
1.54686883624099,1.49746886676477
1.68103232095797,1.62762758586245
1.75168181264678,1.69875679510059
1.57844800871908,1.53956721232966
2.18589409225585,2.12272968637989
1.79229011902132,1.73362520149494
1.70639871522875,1.66056501184252
1.92159457200979,1.87256547893567
1.84068834921956,1.79325277405325
1.56620678710593,1.50614608339261
1.89566715434664,1.84601391125367
1.7402064154091,1.68086469498974
1.71794383845011,1.64995513620097
1.66415280585537,1.61618957761487
1.67029122010616,1.62954375912581
1.68598767675442,1.63465008679578
1.49703304119095,1.45792320349734
1.51699094009461,1.45721677640547
1.7127062563443,1.65492790690727
1.54840155556562,1.48352171723333
1.70014516414167,1.65132185022322
1.60545443338991,1.55096521074919
2.0415650926615,1.98270143568733
1.48662392877507,1.44271621904422
1.93118576338449,1.88362578614209
1.73055705746715,1.65590951623118
1.43303449215705,1.37471185470957
1.47051649841052,1.42823887631603
1.86632356994619,1.81127470664832
1.58078566224092,1.5345920908875
1.47478520874021,1.4384557297515
1.47016017214007,1.42186583708385
1.43153009470264,1.39129187858639
1.43195079769015,1.37412073185101
1.88074722636949,1.82376833069025
1.86632364946567,1.81570299471593
1.79787869152281,1.74334856312261
1.6034143355549,1.56519063839387
1.35399028723842,1.29803100417203
1.34518193529801,1.30545208942523
1.73092760775023,1.68485129008101
1.66196851944216,1.61715816738971
1.47626793161533,1.4265879119323
1.65408649926703,1.59796710986353
1.83964494036062,1.7913052266765
1.76693572700112,1.72295626720629
1.78687131231954,1.74180650171107
2.2285015034757,2.18236670051187
1.55861279513172,1.50169384205472
1.6231611856536,1.58005268970214
1.68141564675839,1.63854626001911
1.62932117432461,1.57132317712155
1.81960940403721,1.76671029312603
1.91112059259504,1.86148159204243
1.66299589641424,1.61290774816676
1.42044139676362,1.38397929009011
1.38104042107248,1.3300805055276
1.78428145709203,1.7221503255666
1.51286919525173,1.47473031611324
1.52036596341645,1.47985949175026
1.5666811609474,1.51236357027675
1.59813356436903,1.55344673965203
1.95349282281945,1.88844820849051
1.50577667774559,1.458134435583
1.47792699600825,1.41898228938057
1.35287345004946,1.3047794986262
1.64688479020906,1.58301185651769
1.54023566035155,1.49727812843037
1.66608651604954,1.63150901982894
1.56060950904254,1.4990830370102
1.61378752992118,1.57067974544068
1.75677871834782,1.70454641213316
1.43335553871871,1.38238751506434
1.51670332630521,1.45835722043196
1.5661773427803,1.49775871215072
1.75317716414434,1.69522763045368
1.72620354368562,1.67314422786599
1.58445736712645,1.53555693840255
1.44838076176294,1.39956156463248
1.56865851516241,1.52033185597994
1.76141664289177,1.71126902199322
1.72823935534379,1.67424464718475
1.50132477525082,1.44013418020076
1.24026804840908,1.20898857102893
1.78126377874633,1.72849384793506
1.74192731674069,1.68078298657732
1.51087847662601,1.46204522853389
1.43987232357925,1.38411135767063
1.71349535734087,1.65805711561114
1.80317352570079,1.73832726613297
1.80613235977141,1.74246556213715
1.67391879197863,1.61966042561593
1.555286441387,1.50611095724563
1.58369629480104,1.54672427226341
1.40716184253936,1.37505269245682
1.54407632669663,1.50290970909531
1.59971113097623,1.54349716088511
1.75567843553296,1.70814983257839
1.83839246660525,1.79093776692412
1.40628860589471,1.35511045281686
1.55400040092869,1.4945468620709
1.42326792585307,1.37436746788841
1.27597445192462,1.24096275659873
1.70760617643334,1.65399882913971
1.87646931867226,1.815402690093
1.68016292918991,1.63706745688293
1.57642068196241,1.50753669596728
1.54420024849658,1.50486692054773
1.80298097866056,1.7434787884759
1.58217173107336,1.5314681877687
1.89609901531527,1.84492148640997
1.80980037414143,1.76142761990693
1.72310787724982,1.68391143906434
1.71928076055339,1.67889017678649
1.29785716010102,1.25983978274533
1.68807178034242,1.64675218267004
1.69206870539674,1.6420042522766
1.71275719846716,1.64108712334821
1.67350218298959,1.61930054373583
1.67976199109891,1.62640714687099
1.559990031577,1.524694930854
1.72657639299001,1.6717420840203
1.73579659226637,1.68117776918817
1.34709613909598,1.29907142765461
1.57793411654142,1.52611889681286
1.51466138019038,1.45935262690923
1.5934578176588,1.55657920351744
1.56054251494348,1.51571649474778
1.63244294801456,1.57578874475875
1.54370825684885,1.50496620366326
1.77502213899543,1.71332698344399
1.53512600068031,1.47424741126402
1.74901690248042,1.70446103061915
1.66384759410668,1.61868382921579
1.71030952534941,1.66979258686713
1.63925571593661,1.60383058994639
1.6076915242055,1.5609406804506
1.85694306691808,1.80852611062349
1.40703932370319,1.36261125953604
1.64968462585096,1.59212126307772
1.69029414425282,1.63587159710242
1.65910713845,1.57874646543386
1.66494609559495,1.61629645428933
1.38280527634865,1.35044090346158
1.65817832940538,1.61506833869642
1.53968043718302,1.48781004609283
1.60205831650292,1.55551896851551
1.41795306386775,1.37463380440687
1.33229583049473,1.27193013261966
1.62912190601095,1.58053838888114
1.80674688864689,1.74602102828542
1.61829162457526,1.58108348643782
1.48629479765109,1.44006308016206
1.76334418344599,1.71371369805598
1.56264755677096,1.52449098915357
1.58866345355149,1.53448839010555
1.52773938610291,1.48846556192575
1.67349802417402,1.63493423832089
1.62915789811045,1.56694915470044
1.49625713432757,1.45608084603251
1.57583757032169,1.52925209381052
1.64211184757148,1.5871680098054
1.67037892688335,1.60881818899739
1.93709956029901,1.89411276086749
1.79761186156835,1.7454892906176
1.72265699130681,1.68029015542013
1.87577126978285,1.81770598718467
1.52090603881959,1.48068119936336
1.59520413190506,1.53980415879139
1.93169616733412,1.86697501556587
1.76592895841401,1.72437087654122
1.58909385261897,1.5376261962483
1.66095454571127,1.6077639744395
1.3481759557489,1.30284504448483
1.5563395467093,1.51000385834404
1.5594475807768,1.50191963020167
1.71019865412162,1.64421603298207
1.67221178366645,1.62735361723985
1.70169113690162,1.6586667453139
1.53972797542409,1.5027388857735
1.54286086479049,1.49743892529423
1.45798136845835,1.39907682472169
1.6982971646566,1.6488931749504
1.31517408364994,1.27085945560039
1.62289489991823,1.56179962110816
1.80653536014387,1.75120759783564
1.43064724405986,1.40071454108795
1.82821583986577,1.77702513032206
1.56364876685403,1.50819544113183
1.96418729753316,1.89147967168403
1.4085622713145,1.36779591310498
1.45352686752078,1.39619461744543
1.48582758085716,1.44299340814933
1.75284422678676,1.70735481343753
1.58875885046731,1.53678244006087
1.67840355266587,1.62090805444909
1.59532968547719,1.53923492647446
1.89952640589238,1.8476983445855
1.50467751998219,1.45719490741739
1.46610141564835,1.42804032501942
1.64974089326234,1.58221119620702
1.56657498579536,1.52053960016699
1.74774028404764,1.69269099154592
1.62070373429529,1.5694746444087
1.75279561157427,1.70696058513144
1.53215977367519,1.46912656614501
1.43792674675453,1.38636322193823
1.76933884389991,1.71132175532162
1.77281031034689,1.72708064720196
1.44275140508537,1.40065700700782
1.6323364535904,1.58614483493121
1.72321725061499,1.67515363079928
1.62218358630608,1.57178839993059
1.50575752866671,1.46642533946613
1.68406465429664,1.63278402003178
1.65529377990639,1.61620192643803
1.57081899591415,1.5218104370191
1.72888990355358,1.67696615038042
1.62306126209208,1.5690974285724
1.46125558358459,1.41752345835805
1.82586441393512,1.78730039531801
1.70931314740831,1.6544505755365
1.68024288614894,1.62720128477657
1.83080638429472,1.78467640266723
1.4499747506529,1.41269584756991
1.56786473296099,1.50534549341962
1.58062073366208,1.53078520959535
1.64625584991048,1.60090772583342
1.38744179296264,1.35486798871429
1.51061359134541,1.46783918700412
1.71432393804058,1.65950406443338
1.74690875731859,1.69621086099934
1.75985033070022,1.70372340729534
1.55919552100381,1.48935748582517
1.52385120006929,1.48286981487911
1.74829320701992,1.7128524724695
1.49568762792878,1.45402089399182
1.46749271621775,1.42164200921313
1.53350053330411,1.48803283525399
1.56607622113029,1.50512199788368
1.63989230848045,1.58188745577031
1.840573014857,1.78047871005311
1.50226639275281,1.46319108084453
1.50427342566187,1.45561024283184
1.89312224607744,1.84272510493755
1.35870702930338,1.31684053726154
1.57037814980095,1.52001766496496
1.62011316133107,1.58608535268303
1.55423766002501,1.50180250138985
2.01315895746277,1.96509200236262
1.64822900180998,1.60100923491492
1.66512998666784,1.59041601234342
1.74102997585013,1.682474984224
1.53130858073142,1.47400033773943
1.34157849156525,1.29638733338386
1.6468961952102,1.60238158739619
1.84117051724838,1.78597518650195
1.59925975890348,1.5335253249525
1.56032267793491,1.51947926377466
1.66039428879984,1.61300835956038
1.6003322752417,1.51860224361317
1.60887253331263,1.56068807043504
1.66796999010059,1.5940749455472
1.65337960961794,1.60967224158745
1.54045258002806,1.50242464419692
1.6466798333819,1.59576414359386
1.9037231292028,1.8565804122293
1.66311758183158,1.61549813180281
1.6926368591453,1.63939893588504
1.49382746197155,1.45121514940959
1.74452922311454,1.69253481142013
1.77493941888592,1.71910650958557
1.39806990608515,1.35861834811003
1.51692628227597,1.46934269600797
1.43073095652579,1.37287698203143
1.61390110207901,1.56797623153118
1.64188424042418,1.58040600908443
1.71250201325302,1.66436729477885
1.59467645457754,1.54799408058368
1.37517462948219,1.3392700684425
1.36590887832353,1.33400599376272
1.66147919129084,1.61188621273323
1.57576159806959,1.52789088090963
1.68451273250328,1.6365995128975
1.76558620455994,1.71519006438338
1.43956998382491,1.39056494000767
2.045143009639,1.99722237882077
1.41250090314138,1.37145759684247
1.79644149396349,1.75324400895388
1.42744448579343,1.38946717771084
1.44869913986892,1.39747618400372
1.82876866506169,1.7668256367862
1.83749053498881,1.77700050565402
1.64330051485967,1.59042337715876
1.77047023165482,1.71125984862205
1.66573554281566,1.60919348370592
2.13192113852007,2.07668958675372
1.736149764558,1.6889831257135
1.54371903682634,1.50087985724
1.92123485422358,1.87871046719258
1.43381724129113,1.37861483959157
1.928003680017,1.87887440149623
1.58170733594193,1.53467296741984
1.67907092243222,1.60809308909325
1.42157907732859,1.35140174204678
1.7943296647927,1.74278702176744
1.77453658946107,1.71708850471025
1.5868677004711,1.54040536680794
1.61614196479929,1.55935277587752
1.6921272235103,1.63828242683631
1.48054602157686,1.43029846937667
1.71566624987894,1.66903814777529
1.76789927634813,1.71829227520066
1.46625914559646,1.42017654498635
1.55679274707485,1.517890563233
1.50025465729052,1.45622665885388
1.61947538097898,1.56308779937859
1.97965151216371,1.91519068216196
1.92232128894778,1.86592604664005
1.65811815005898,1.61178735141096
1.8376245128756,1.7830207571102
1.56508321985022,1.52783397811673
1.56836159355375,1.51044064363429
1.87220510234783,1.80371945182019
2.01784865851329,1.95624521426294
1.64950792963065,1.60560677791514
1.63929741944249,1.59883224117165
1.66798637565841,1.62268961479835
1.81853406420406,1.76536352669637
1.51025041467248,1.47118109872241
1.82722625793246,1.77861759946024
2.24741626977332,2.18167087315553
1.47757336229265,1.436218584503
1.38935024339277,1.34852042734829
1.48885561946573,1.42769376262804
1.47466607883719,1.42936415504207
1.60534625161712,1.54226026089848
1.59715399621694,1.55802793053369
1.74871568045806,1.69780007855445
1.72899623122422,1.68629355076253
1.43598974570604,1.35089609416901
1.66192453954601,1.6083649683025
1.41690044723582,1.37119464234583
1.78597000748516,1.73471032679658
1.48590077307018,1.42148843470159
1.45965674701134,1.40860990203857
1.57318923200542,1.5284885853558
1.63234813306009,1.58683321260225
1.48952375085949,1.44782649441936
1.71674141266534,1.6437184666574
1.55208226806798,1.4995009737771
1.78066086022912,1.73337668025205
1.69269091124889,1.63077180077527
1.51945249021369,1.46872310328471
1.61173525166459,1.56414816668719
1.74167058935448,1.69119663091779
1.57801966417886,1.5159600612879
1.60452469541225,1.54742241452909
1.58523433974073,1.54672512345977
1.60663077858099,1.56218909647869
1.70413539646262,1.63456122107817
1.52046286981792,1.47508366362823
1.54456102235396,1.50839067606222
1.54882429441373,1.50409611959906
1.85811917472962,1.79719023748739
1.69276156389097,1.6384692564944
1.82937597535909,1.77368742516268
1.38453952215231,1.34464670316158
1.91081770986823,1.85803266407269
1.61838618408652,1.57602152437408
1.51188315900107,1.46342427510308
1.45962150179036,1.40646133603009
1.7570402382585,1.70534192676723
1.46154363993816,1.41067280722349
1.61719920863715,1.56925890470637
1.74892741997151,1.67122429999158
1.47730469220814,1.42693504267159
1.88696784412443,1.8302441758815
1.61623012014231,1.55512886909403
1.38252010446585,1.34145898483131
1.61372982541186,1.56625459566509
1.50138977151599,1.45390391136395
1.49911411710526,1.46131043573595
1.48978967384777,1.44141998452451
1.58053052657619,1.5386662742413
2.04452125983456,1.9804694588488
1.61846515925351,1.56685420642973
1.62870796647286,1.5875631413398
1.82122815207667,1.76668415438588
1.7664547413568,1.71730055898869
1.3743954201903,1.33234706668262
1.73414354829737,1.68818756793499
1.765173227212,1.70764024135164
1.81055688714047,1.75695175155241
1.79115225509855,1.73727575608027
1.47248547106282,1.42171969408076
1.79882796687619,1.75184065065063
1.78491495363929,1.7429347491451
1.61379949665612,1.55914453351176
1.50670078099558,1.4643052725067
1.3459258032412,1.31012387262182
1.49046531298026,1.42273114558041
2.15409728082126,2.0908953891107
1.76782235407789,1.71708954386674
1.80871357814325,1.74631037407008
1.46156639154884,1.42039478369354
1.62848407929286,1.57548030244062
1.80570167840691,1.75934405568085
1.73153789545882,1.68454563064776
1.31241846802975,1.26967037249153
1.60294956219153,1.54798950949054
1.61444334965568,1.56982984491699
1.6043378125529,1.55490951378976
1.27225081937931,1.21160514350172
1.67997145785741,1.62887730637781
1.76860940419715,1.69941265359224
1.66044925945646,1.61079061382528
1.69995258998902,1.65435827054678
1.70939369572184,1.65472274422605
1.68044233455473,1.64364571519446
1.62125652060004,1.57948683588952
1.54151647072462,1.48518975516643
1.74147849651655,1.69271440592417
1.59946478874109,1.55645455331703
1.42110345216695,1.38029078082808
1.63096190566357,1.54093057732347
1.70689598891199,1.64285543935289
1.7346433268743,1.67695295948493
1.77265148055513,1.71541138614104
1.71782719515218,1.65483039145741
1.72445618674242,1.64095542025438
1.57923062200619,1.52966719652317
1.70185854248164,1.6489338006611
1.45732322335929,1.42497772454322
1.50201809448453,1.4620483641138
1.48208106728275,1.4375959465784
1.64280251976295,1.59698957733887
2.13458003202385,2.09090605572094
1.76990722880992,1.72273472833611
1.74835549679299,1.69407398141043
1.56874154662439,1.51930173984171
1.49451415530587,1.45083477987437
1.65812330570229,1.60626117505115
1.66052510736357,1.61900887376604
1.72256045066619,1.66492085820236
1.65015464202511,1.58041702715587
1.77697429863736,1.73243221125842
1.83286763406152,1.7677981253399
1.21076875561141,1.17828182630451
1.76769356860196,1.72072720970721
1.79554913920619,1.73415552026931
1.35026430586873,1.30169779329274
1.75753386626878,1.70533055293945
1.31582083761701,1.282057989421
1.81153024058122,1.76209370777238
1.79296962887547,1.74661362600799
1.76024572212079,1.70131461148877
1.79537673329253,1.76035919317707
1.84956310880633,1.79935506332705
1.72556095134641,1.66681042732232
1.64429337556095,1.59440454124954
1.8090683170818,1.74600404373644
1.92253836719701,1.86282232865537
2.02040290163373,1.96239126810608
1.54453376106741,1.49444084590991
1.65155882189064,1.61263786696489
1.42284032021805,1.37973067638593
1.565019974387,1.51875719283281
1.64636446906814,1.6000945063699
1.42700502706346,1.37916131010962
1.53990079914135,1.48724259554627
1.86577178573441,1.79963804738187
1.51193854098759,1.46017343560744
1.82578943816918,1.74818824877708
1.54893281122607,1.50676925444223
1.82041783680147,1.76576836981346
1.87693346937525,1.8270743551671
1.58697579460267,1.54208820707821
1.66591111253869,1.61753246216947
1.50112825780862,1.44904475129949
1.76050866145823,1.7112400874947
1.62391109038419,1.58155757569358
1.52922632531789,1.4605159309037
1.80906282104572,1.74646597728251
1.27660420000749,1.2430688086574
1.68700839987023,1.64201127427192
1.32775314967163,1.27783589519705
1.57227028568273,1.51394531432128
1.57479619681392,1.529091183556
1.9628886668301,1.91111584156603
1.67189036133191,1.61903741106598
1.67358947978937,1.62741898383438
1.76399655207465,1.71943445882307
1.76403907704906,1.70565801229341
1.63008955928543,1.56658036893788
1.68756441595676,1.62030334801807
1.67318636831456,1.63739630431782
1.62430943167884,1.56486559064777
1.5406608013557,1.49066863204228
1.6343174032477,1.57904370829963
1.52324395129907,1.4713874092581
1.36151385786615,1.2911323712692
1.47955856529607,1.42736842650517
1.63805120741033,1.58898153895347
1.72106816833558,1.66413643542148
2.08282734430907,2.0356853371664
1.5203461878552,1.46986335083724
1.50961965174934,1.4185282219515
1.61605020356447,1.57411923209409
1.45815021252787,1.4130996230189
1.52415571977638,1.47133824690574
1.49271997895845,1.45549214873544
1.60167484201496,1.54296349180051
1.38117383211375,1.33023460970812
1.64433550329516,1.59016323238558
1.64163793852429,1.58148056019072
1.68309233888528,1.62984422956313
1.71681055266999,1.65362853443604
2.24550987700832,2.17755197736568
1.59705789674741,1.54536307543026
1.660843450311,1.61129227171346
1.50771974795177,1.46550636296348
1.45979300401794,1.41345919540321
1.68214724505547,1.63440460526365
1.54772732941334,1.50740901525351
1.57026398424429,1.54173207686066
1.72485904129202,1.68732724635726
1.71371399701555,1.67548711475103
1.51271571600018,1.46191867087452
1.6604015542028,1.60939712536899
1.84499538597393,1.78742415765873
1.57380682973034,1.529113107773
1.64234847362104,1.59377670917036
1.64097734725373,1.59194092507249
1.80313214956605,1.7477449015037
1.63660798036191,1.59219528029995
1.5958435807069,1.54440497915288
1.27678134941339,1.24631292631676
1.30211188409025,1.26253291097873
1.69749587657201,1.65450357845626
1.69047434158471,1.62807018153609
1.52999080692478,1.46924569066052
1.67846204911198,1.62435949690889
1.43172630229992,1.36967378693471
1.73885408094625,1.69397196442093
1.57045691869928,1.51441729267969
1.62927301163699,1.57622481104172
1.67934420974395,1.62889115874769
1.91442995073623,1.85779711673083
1.81368956951222,1.75049907216489
1.63012171010991,1.58756573458726
1.68519677742433,1.64039948150705
1.2232987931745,1.19212513881321
1.37106261166828,1.33685550173021
1.56756881221516,1.51326951128775
1.36446648212299,1.31960012260464
1.36882060823611,1.31815999578251
1.60800911336007,1.56146371607707
1.73902423643368,1.67617299907122
1.77038964080477,1.72207997247004
1.7505505071109,1.69217489162862
1.57949626981497,1.46969865248469
1.70778676840608,1.65824804038676
1.66893073918657,1.60482421806887
1.88659660829596,1.82866613789861
1.51057362095199,1.4638469233436
1.64342504610923,1.58595962507942
1.66574864007981,1.6194412153891
1.85664980366119,1.80612061856719
1.41128414130302,1.34757411008725
1.62637452407255,1.5761585280484
1.94204012027634,1.89117119662035
1.77099571174478,1.70334826374254
1.65491179430558,1.60766299546633
1.40514035934855,1.36421580224128
1.7147140448942,1.65986383473622
1.53033954669054,1.45680277519102
1.54942611984302,1.49446757684503
1.60598002812632,1.55350916388535
1.41999665725084,1.38700122920677
1.53839307380473,1.49696160320509
1.68561432631203,1.63334881799177
1.55903750518825,1.50839844447909
1.52248603312769,1.44018496736694
1.69142935210827,1.64585472241199
1.53818107146264,1.48684000927413
1.71746143773448,1.66702690267359
1.49861378257386,1.4457337577304
1.7199172243466,1.67533055503572
1.46761789088363,1.42255831442909
1.2668630909102,1.22335897331422
1.58826960787844,1.52746722746362
1.42419036154509,1.34588376299886
1.77346093490334,1.71281875820155
1.45248467112099,1.36666509488524
1.52709749975196,1.47446933183328
1.57407597725877,1.52107692848504
1.7052161357155,1.63416253568241
1.6060516392973,1.5583586467038
1.85720645069094,1.80231524194784
1.70447153942109,1.66620990133325
1.85855403857199,1.80776528117267
1.63398147160428,1.58345770289906
1.68874128872328,1.63556575404122
1.49338439077855,1.4445321427201
1.82925739139213,1.76399214492074
1.76449775552864,1.7104533751208
1.65924559446241,1.5927583884748
1.53072187941202,1.48168882279824
1.55402587712615,1.49348846859573
1.58586637984276,1.53650329442603
1.40575662346377,1.35985612610654
1.52473026091321,1.47995498777956
1.98894341435723,1.94148225655783
1.60580757989829,1.55797650642923
1.50905912131929,1.47216873344945
1.77750709526941,1.72306100637495
1.44679575243806,1.39195655625528
1.83058754882544,1.78886225010182
1.51146428347262,1.46396172748464
1.54099439821263,1.49318589722746
1.79777109891847,1.74816263133123
1.70514859335471,1.6526028312911
1.7663973531165,1.71266686715321
1.87389820617695,1.82585986520057
1.65461669614997,1.59299052409388
1.66050666925076,1.6135483527482
1.61172095237062,1.5506785910023
1.70227543193933,1.64452080648046
1.77733624830848,1.73037801218942
1.90299179916834,1.8373902913742
1.54474248680172,1.49398356945866
1.28321791319045,1.24213702551875
2.2401969275796,2.18488403649835
1.50678801061816,1.44558109067931
1.70126160530484,1.65407452692107
1.39679715270592,1.34985456140345
1.54628801126145,1.49935752590154
1.63381507429523,1.58860280583481
1.95089448694216,1.90293288044518
1.72841594057726,1.66367190975298
1.6133782772721,1.56133162193063
1.69729467956618,1.64097078173893
1.55958175698674,1.51195803931457
1.53628255713939,1.49533458014441
1.39487831291312,1.3669610151518
1.69042501050533,1.65035875928316
1.53895575693262,1.49262840872916
1.46239820864039,1.37243180150474
1.7292896528032,1.67170797918774
1.75376036342633,1.70173590427562
1.75701066414337,1.71522648097429
1.5963509542939,1.55871202282889
1.68097173844889,1.63601425863089
1.47363290400576,1.42457724343341
1.62824314420781,1.58005066604243
1.7579872317315,1.70448671596812
2.0731806522093,2.02690351828045
1.72870562083596,1.67767087361109
1.45085751624108,1.40604046320841
1.90432513852604,1.84587503669732
1.64232082342985,1.59295674358237
1.88807731543587,1.82913855562838
1.82062323064132,1.76321872552637
1.42546575370016,1.3790522120379
1.4063335322312,1.34992031258848
1.5592466636876,1.506036223004
1.57066272751655,1.52122328520008
1.60216510659217,1.55402045046932
1.45306828455943,1.39966922651766
1.51921274280694,1.47561327158052
1.40083111673174,1.36432049797806
1.65729773286522,1.59467819441163
1.47222727298697,1.43076821310961
1.74113458227697,1.69467812349208
1.68285491715201,1.62680335179274
1.50631305098525,1.4535966719728
1.67708927037023,1.63818803295665
1.89899640487937,1.83240621148536
1.57693515627588,1.52876125504411
1.53346710005474,1.49496996247987
1.50436244435808,1.44161447678224
1.81245328013019,1.75391673215622
2.09150222361788,2.02288266571624
1.83850319494565,1.79432228655503
1.61783188244604,1.57270917620311
1.90213208447431,1.85621799478776
1.80157026276246,1.73751975421464
1.51910818005004,1.47832928887703
1.48284134228385,1.43890027891333
1.67881988073274,1.63316251604816
1.53944722595008,1.49765179223103
1.75667186596692,1.69308185014789
1.5351242164435,1.48481349069803
1.70532907926089,1.6497757483401
1.95957800077847,1.90902487928961
1.78048483970253,1.73173638734804
2.43324174116069,2.37291315846218
1.67394856499498,1.62028302749903
1.92336414456485,1.8680524745043
1.67381834816716,1.63095646922949
1.6177423359848,1.5700760695355
1.39045026752162,1.35253508052322
1.60133847554328,1.55437834294856
1.45326757801515,1.41281599473543
1.59508195370175,1.54578567456434
1.46664916064191,1.41508844548188
1.72939447109008,1.66604798903559
1.44928316425244,1.3929402472554
1.53766681272844,1.48157160904816
1.68147604849724,1.62685863570721
1.83655444740212,1.76648074343672
1.53159362973031,1.47466844287283
1.72530972725997,1.68129645912245
1.41634477208163,1.37461161812683
1.62903712563752,1.58566924059353
1.62076598892278,1.57465092348277
1.72145820946573,1.66610894323819
1.65852662435158,1.60073037167846
1.73780835650259,1.67853661428052
1.60192303834357,1.55491702386715
1.69486462202437,1.63807295072882
1.7296154441064,1.68186695393217
1.61952394274574,1.58097989589658
1.63597758877705,1.59343414004222
1.83122387062279,1.76574631677955
1.74059174161743,1.6953380080108
1.72500122020878,1.684136895839
1.66244174211648,1.59600948654922
1.82125349216069,1.75035556938286
1.74486568855195,1.69747131483191
1.61089350307729,1.55975159349073
1.68835451471474,1.64661939349305
1.8066096175569,1.75801882598216
1.8221063783098,1.77664292829857
1.937724900401,1.87847317095016
1.67142586701665,1.61338514777444
1.55765542588417,1.51399547443272
1.65758447777089,1.60593875794348
1.63580988709482,1.59953216073762
1.79590440251611,1.72655650073558
1.78196664424148,1.73243455693477
1.86554598237908,1.82114759991479
1.6800927142611,1.62345988034324
1.56619749761568,1.48832408745885
2.13633415438992,2.09138842253968
1.88169145167983,1.83384015781899
1.6984537961078,1.63605757263697
1.4681720374141,1.40397148240148
1.61439112324668,1.55192315729737
1.59852130114181,1.54893082398454
1.61681271386317,1.5642611693022
1.47128441063075,1.4269318180418
1.72396081172581,1.65844718568834
1.6164045599171,1.57362892335811
1.35081586643911,1.30824300971932
1.58712025932045,1.54899222634762
1.46313494529734,1.40779817227425
1.85333980667652,1.79190671242444
1.65867627384425,1.61483547648577
1.6099646801461,1.55487755878744
1.6754827507949,1.61558236826632
1.65546242068989,1.6071833125349
1.87182834414732,1.81925932415842
1.7005713574697,1.65384058765953
1.6082079538427,1.56311710998193
1.72714151026483,1.67725398541651
1.96955914361167,1.90432704206015
1.54904919762737,1.50410195267803
1.82548296006614,1.76801954162083
1.63096394319663,1.58147440349147
1.66161719675839,1.60485011409906
1.48708813684423,1.44503989445805
1.33094545096032,1.29306186115123
1.38004908461748,1.34553165500291
1.85048058301635,1.78405408806353
2.04942718770278,2.0007595581455
1.82341880730937,1.77480904234728
1.70517116550114,1.65917589119733
1.37023708976294,1.33412111091276
1.71269414455542,1.67248625496255
1.62983818195058,1.58610598805236
1.80876768244693,1.75468954128096
1.59591447743813,1.5546362754573
1.59872326548735,1.54716405736806
1.45288731265216,1.37541094621867
1.65543325083103,1.59297081101764
1.81199181047395,1.76384767644369
1.64856097135992,1.58522400959856
1.6708360559711,1.62206153553851
1.54726699598211,1.49478562698997
1.62118885502944,1.57904721204449
1.60709283184752,1.55122966951424
1.66834778989462,1.62194861938347
1.64605747368957,1.58218467212426
1.50925122325866,1.46546656278073
1.44169024586647,1.36160140477783
1.78374915966,1.72394018817195
1.48402806257596,1.43630146319313
1.64869020984045,1.587609219834
1.67282322420812,1.63018830914854
1.54733113762266,1.48985584812429
1.67714954470384,1.63422970514035
1.8079028074068,1.75184693585385
1.23839199847516,1.20134104560962
1.61604693880711,1.57238345548988
1.57742230433833,1.51826892228703
1.78952429516096,1.71367668794597
1.60475434962774,1.51114746697547
1.81968692155748,1.77391684357567
1.35511256358543,1.31188620534514
1.86290127808438,1.81930313525086
1.69458677487388,1.64351721824075
1.65893535258976,1.60931688535157
1.6113785633823,1.55867730052099
1.7735684595809,1.73385330469476
1.67409653261307,1.62470238329458
1.74595846892624,1.69595143915892
1.38294289241093,1.35317838432539
1.89139898219775,1.8249936604474
1.56093969144014,1.51386996654914
1.78461998478081,1.73232655735288
1.81326242307359,1.76004876594934
1.74055394823037,1.69131738042521
1.64425787864267,1.60429146123675
1.8957262126218,1.83125362512906
1.58061803113416,1.51769289675079
1.46284165754647,1.42558918754056
1.73445459169389,1.68525097158134
1.71904796891562,1.64650199955589
1.68771899371649,1.63866317462198
1.65775974160916,1.59774404742268
1.65335576316639,1.58852516898751
1.45426271446525,1.42053588209895
1.84387761437853,1.78262992492256
1.75089754170858,1.70403093927863
1.54678580606937,1.49563687982655
1.4179495693775,1.37999391215694
1.4602499647902,1.42033241569129
1.75497394950889,1.69833722429575
1.86861907693491,1.82325437627694
1.56780507392917,1.51634076056803
1.76977167383993,1.72027687697752
1.62499376734944,1.5645392886049
1.51672018822988,1.46930328187398
1.62141264852016,1.56141761908127
1.63000390207698,1.56991477193608
1.74828575606818,1.7045597631906
1.60845289937019,1.5656563535374
1.73623615296145,1.6809797548538
1.72533232239944,1.66882049146805
1.66389318011134,1.61038355150532
1.63081050631879,1.57544985337969
1.34372902177238,1.29467159109283
1.82251368912073,1.78006539277632
1.62849235376264,1.58091747824232
1.46069680635305,1.41389301916337
1.66172401077595,1.60149465826155
1.55860538803207,1.5186376797519
1.83971765778954,1.77808041860318
1.60378733103782,1.56016369219787
1.84943750728791,1.78930911400263
1.95416501723908,1.90553149945075
1.48804703770136,1.45358193315884
1.41456292410759,1.37579569122935
1.48786718635538,1.44236278444645
1.56475456604205,1.51715612398471
1.34770448512451,1.30666663536979
1.59254583756236,1.54638086788445
1.80006329701788,1.74249836239968
1.88261697165121,1.83922670305522
1.43226930114297,1.38739998697814
1.69075472677346,1.64923890473924
1.58588339822779,1.49232628801983
1.64141032284495,1.59969344202836
1.78220405350218,1.73721379727263
1.64299815607832,1.603902842908
1.63972812867159,1.58450456682358
1.6648203222552,1.61830301979389
2.01116987487359,1.95003660938758
1.451241108665,1.41155073945623
1.56481516779861,1.51210549663544
1.56486993083885,1.52199072336714
1.71020601675336,1.651960229918
1.81585903639038,1.75394422863312
1.49926809254992,1.45907958283634
1.55296465773679,1.50983123348991
1.77399485420273,1.72302714986581
1.56351618428839,1.51197979051323
1.78079500161334,1.72745713581612
1.68704008843393,1.64151018450825
1.75175129899716,1.69924008817857
1.43084840920119,1.37574307761801
1.6001062759148,1.55566712024721
1.44785584118055,1.4040644340193
1.54584778926799,1.48694822911578
1.36733877767166,1.31478313815389
1.70467656572395,1.65650195587664
1.21857252556985,1.18156564605925
1.55697798508862,1.51486946843523
1.97486876575119,1.92610091690865
1.52427811116032,1.47591768662466
1.72897306614633,1.67525472204461
1.89610867954931,1.85116854253893
1.47914057491622,1.43646159587915
1.55301379261301,1.51199838608599
1.39521308864712,1.36164820078841
1.5026987287575,1.46643031388476
1.66253843620007,1.61090201797608
1.70577550199727,1.65694157893736
1.69786135821419,1.65251226087128
1.63690077070103,1.58947469522586
1.69329023390121,1.65212157498272
1.84102193150735,1.79769723581094
2.18552884248159,2.11046698940559
1.71358731202465,1.67356698175374
1.77822316528116,1.72823063857717
1.43376364310811,1.38541320112963
1.5353337517478,1.4874093513862
1.66011389901238,1.6021316860056
1.56317163189196,1.52254568811461
1.48851756304667,1.44706529088887
1.6319848472589,1.58481507157381
1.58933281373934,1.52901480262978
1.82330827446766,1.76696308747001
1.6495179928137,1.58861254075734
1.67805346787637,1.61991978913503
1.69212546122322,1.63867248160263
1.44906344247993,1.39552199705362
1.46507005064187,1.42713525561327
1.87792460366048,1.80767110286764
1.84687811868587,1.80705487864972
1.65191804781055,1.60042450156025
1.36650159624541,1.3253453887343
1.88773267347671,1.83854072295091
1.29591846259719,1.2545890064579
1.7170856368253,1.65468447378801
1.60908850308886,1.54785825186181
1.79215412518967,1.74362832406003
1.67447142947791,1.62835512236743
1.84892773530623,1.79983069662877
1.69947024348219,1.63741295025482
1.66411157814429,1.6172293590954
1.56315539818931,1.51661496697425
1.49118948752128,1.44014492699003
1.58998290440749,1.54584949163172
1.56902595803699,1.52076898816648
1.27729495924721,1.25293095834072
1.82710649641635,1.77662283932253
1.89944077994151,1.83649536322335
1.44342373299525,1.40840871797552
1.64876008978938,1.59751692666956
1.72039610987902,1.66098617801065
1.66999702881773,1.61482899569317
1.58125561230963,1.5293493895385
1.80727331634834,1.74816053317801
1.66824212897988,1.63005214018744
1.86576620444525,1.81786890021229
1.4903480527906,1.45033028958721
1.43114442522987,1.38855347213246
1.41278857024882,1.38000383333021
1.39169618764834,1.34243034653677
1.82795335960753,1.78271646418493
1.67412369907351,1.62794989015039
1.57096808231469,1.51662896095353
1.51105865525764,1.46007669677625
1.85004795045334,1.79868610083213
1.5984172634521,1.54518336829161
1.41451277462936,1.37988606562173
1.50374498411694,1.43903599389167
1.76068229488197,1.71344421962446
1.47964960501261,1.4357136373261
1.61179146348925,1.56365775481735
1.67718263468962,1.63429634232589
1.88017858669011,1.81782043898126
1.80802723461559,1.75494928073751
1.70212728414249,1.66154590636179
1.32122271098282,1.28095233872641
1.51990419634148,1.47014127170878
1.49548748259604,1.44604280381074
1.51785002505619,1.48432374962753
1.89668901684454,1.82617752882509
1.50642635268679,1.46280066237172
1.93321077899952,1.88136670968852
1.53235328550972,1.48230573467842
1.60140946493052,1.56477899968301
1.54409426126607,1.49076378107235
1.75055591191471,1.69783969562839
1.58862248630029,1.53444421489416
1.55951019417034,1.49381217055601
1.94096398611207,1.88620316179618
1.45721367514527,1.42239719220255
1.67478001874165,1.61920892492039
1.78451719869055,1.73397302795745
1.83275006259812,1.76951955365443
1.33133735275221,1.2873017297688
1.5766913613259,1.52279805924122
1.69298359570132,1.64489585053832
1.98260840392513,1.91578391654743
1.84129939770238,1.7823686674126
1.54677391554214,1.50437710154803
1.64671803526365,1.59675739209273
1.78972691609327,1.75039555687769
1.84632105016525,1.7888386305517
1.91675178106734,1.86284500380752
1.73929463443171,1.68657747742549
1.92142167653436,1.87300261678647
1.74665580035012,1.70363632894038
1.64288590174259,1.60311601716399
1.59123058658,1.53837613556596
1.92546393242247,1.87960082619992
1.853081833108,1.78542594775493
1.65230404085086,1.6048351888828
1.67283927246175,1.61616770511956
1.53106477258842,1.48178575691357
1.75167640403238,1.70295010711626
1.68109631804589,1.62955937948326
1.76592012359148,1.71138959918485
1.44264942743662,1.4061067482981
1.5555083225862,1.48768327135376
1.50217796900275,1.45536140037955
1.57010818367496,1.51596482094468
1.60066944937063,1.55947633358427
1.72930049754498,1.68492083977785
1.78066164926338,1.72993072209987
1.56239753799934,1.50213404027832
1.95679112879052,1.90337857650997
1.79237499691418,1.73385012430222
1.70673555103908,1.65229525064806
1.73080814507596,1.66864037679025
1.66530411277463,1.61721707939679
1.73237207563307,1.68719542682041
1.66013488498486,1.6005636060138
1.90430803578538,1.85711086134375
1.94738188689779,1.8894621887534
1.69422424518264,1.63871979037499
1.52509922444722,1.48724519725594
1.45069530760355,1.40409558788499
1.78087533155764,1.72831025407212
1.42859914538882,1.39353385952145
1.454196732259,1.42886062518914
1.52872041437719,1.46902336394482
1.39298523431814,1.35840123793747
2.05361305926847,1.99701353416949
1.39186951943718,1.34148747788959
1.94989689246088,1.90374372542745
1.6549450103503,1.60324665123318
1.70483596150751,1.6460683049921
1.62096107810795,1.57340092828926
1.86261632303363,1.80491907848209
1.81735178008153,1.76973982845787
1.74791635796163,1.68558567713371
1.55609667614919,1.50589165407712
1.51434081240443,1.45760817163776
1.54846991426502,1.5041956841521
1.69798806006838,1.64248752421844
1.60167426234696,1.55967522318679
1.53282010006066,1.47327260336313
2.00054407884172,1.94035476648753
1.64766824507978,1.6128141084466
1.55119152043267,1.49555506842622
1.41417062983864,1.36888658376483
1.8054127172388,1.73745050843055
1.40768423229048,1.35622817301055
1.77880642273296,1.72904225454012
1.66565431046264,1.61249580240502
1.68518527351015,1.63403595346976
1.80120598745436,1.74376426056991
1.74186084449674,1.69235656789056
1.47266379136731,1.40065931962648
1.41204094918597,1.36637422048284
1.70768989154781,1.63874458647475
1.86854686389157,1.81882259264219
1.54350739905236,1.49804084917241
1.60569356221153,1.53499039931978
1.66303209934217,1.62285306361104
1.75573054650097,1.70236030336378
1.47525223309503,1.43050799548081
1.82119781314313,1.76977241856113
1.38841069487748,1.33951995981888
1.71248696681393,1.6627849866058
1.52506470148539,1.47871546662609
1.67731263362298,1.63410696027556
1.63637227186152,1.5837606738461
1.59098939680077,1.53748104052106
1.64608700203709,1.60645576393172
1.52234778953607,1.46800619182284
1.54970720057751,1.49937918296785
1.9679420344091,1.91748831547769
1.57082741501566,1.5121989486459
1.7966439586166,1.75090039308736
1.72973735432971,1.68189784381582
1.69804105516789,1.60309588455814
1.60752184766194,1.54605950241755
1.83305113012185,1.77991959166689
1.56734165590361,1.5204833153864
1.7006628259411,1.64178766442956
1.62378806321006,1.57051435458574
1.52288997585631,1.4805008874119
1.78347057510207,1.7308904673524
1.64923394491629,1.60082741725769
1.85348425616101,1.8062543972203
1.83505956290923,1.78442962007986
1.68249047152339,1.61400352773073
1.67514030153203,1.62298989102308
1.66770157095763,1.5983440900629
1.90658104879543,1.85066049074608
1.40927754528553,1.35549829032409
1.82488313123955,1.77623068549119
1.47647549107915,1.4270118209273
1.80145789246946,1.76363042111601
1.55186220735277,1.50516993712973
1.65813188781217,1.61064802792874
1.54876425658952,1.50680520825149
1.66692137075033,1.62650868148138
1.77677192614149,1.73467934707451
1.61183889690235,1.55988249042131
1.79166396498854,1.7410546071716
1.75151077396591,1.70002579500064
1.83120480380392,1.77428092644438
1.58805278707614,1.54049070836966
1.53449062232839,1.47811699959212
1.46318017577378,1.41666283612436
1.73466429793232,1.6728249679327
1.5848783403913,1.52897439580377
1.9604603640649,1.89542692586511
1.80238335540453,1.75607677800681
1.65214322241112,1.58915413193196
1.64361032692224,1.59533456592555
1.55310667364302,1.48262943544966
1.58126974082258,1.53726853891566
1.68476193988587,1.63179342541743
1.61826856314404,1.57342310934281
1.50969609141753,1.46326575899995
1.66204893202328,1.60946694907621
1.50949093823641,1.4590997631019
1.83193193047354,1.77888333860912
1.60864383179968,1.54796941367991
1.75664419669548,1.70530631197921
1.77640453739878,1.71544103537967
1.89078459843236,1.83014588672883
1.79184766642362,1.73500612579429
1.7857251947384,1.73912597484373
1.51390396461011,1.47803871333131
1.85233536049957,1.80023811573001
1.70335531487688,1.64168064790508
1.6903115455793,1.64483992050746
1.50668309918097,1.45272181950875
1.80009393844105,1.74838476269698
1.83008186779661,1.78379198575285
1.55358896246619,1.50497691085268
1.75909789100714,1.71765206857951
1.72241615374964,1.67818612130073
1.66788403522872,1.61305424342011
1.36053838747316,1.3158891054466
1.55274660521544,1.49735113067581
1.62549862796619,1.57955782316587
1.97810148270628,1.93010175133251
1.84076111462646,1.77597832088273
1.47999532607705,1.43730619771114
1.71912351096326,1.65669403084718
1.90734673432499,1.86698109245452
1.68649589124742,1.63485425824278
1.86090115528547,1.78756864894971
1.58386897228588,1.5374873789224
1.70009753066845,1.65781730436492
1.6003502330695,1.55107824961875
1.50916301772969,1.45747585507518
1.75971494097349,1.69914657309487
1.81316034997638,1.75527712558267
1.59584783031309,1.53858734508454
1.82813090264448,1.79380867194176
1.77662935520669,1.72765147655622
1.61442829488386,1.56794918338437
1.69833488901586,1.64477128832761
2.09179890334803,2.04408517248971
1.81072474662455,1.7639621384607
1.85192037935247,1.80490243807128
1.44329461539129,1.40239871451205
1.42022095493381,1.3733032205042
1.41831594260543,1.36905087042676
1.7976681056984,1.75326782154236
1.67290209455731,1.58961170816549
1.54336129065835,1.48268763083778
1.71739098623627,1.66364372985061
1.62565622023496,1.58012826468754
1.50369537293024,1.45185919034129
1.6327107449601,1.57916276640061
1.98853537052759,1.93015112178446
1.73224380075847,1.65059009601953
1.61064499593042,1.54873502524678
1.34290663418252,1.30610473962008
1.64705163597266,1.59626706753091
1.81382289876136,1.76712564625731
1.71859732421856,1.65237137509691
1.82935435255219,1.78336260009917
1.54293909088762,1.4984345532244
1.56097277408103,1.51204426061798
1.42308828417908,1.37405339520003
1.47698720060122,1.43661592428396
1.80627016522019,1.75040617395062
1.65686899554407,1.60319731258359
1.62525019158721,1.58200993425157
1.38267339159416,1.35188907131436
1.55809768711045,1.50511472996573
1.70076331945288,1.65794458441286
1.74322578049749,1.68459189988875
1.51707409102535,1.46252124046134
1.79601358343267,1.74511216224904
1.54432641227204,1.50054747721433
1.62148375947984,1.5802058506157
1.53872567578052,1.47376498498825
1.41890293181324,1.38227112399167
1.44514072003435,1.39834333219275
1.64677677886127,1.60306548606186
1.62523947654947,1.54652698697891
1.65980940400382,1.62466216639735
1.6349896207619,1.58507946941215
1.80637402372195,1.7548457588984
1.54431608838593,1.50531462494606
1.43860455630115,1.3682166933521
1.63636451610352,1.58362087281013
1.9449024512958,1.88505072717939
1.66901007443822,1.62100789039027
1.49906766727424,1.45115388398139
1.51914082445496,1.46754787524596
1.46267920693445,1.40922564983774
1.85123761925561,1.79013172041307
1.54373595562173,1.49378499475068
1.74267007956817,1.69548164959881
1.58257764307177,1.52755550769909
1.7373770666628,1.68819043660408
1.82586893415009,1.78059065472947
1.50692698222681,1.46705579391497
1.86190350600126,1.80661236842576
1.52395749195642,1.49059567835405
1.65814753364652,1.61315175311622
1.86606506294807,1.80645518034881
1.51717510302577,1.45667149357793
1.64133340669796,1.57783806192449
1.58091743835259,1.54164391514092
1.73836921968426,1.69682366798116
1.82801374893518,1.76582449571499
1.8506301220517,1.79403183456898
1.63014050297646,1.57051258223673
1.40031426833207,1.34206352008709
1.77762884670503,1.72940534009503
1.76492125218566,1.72112246720231
1.81704585546419,1.76384582320508
1.59692106125569,1.5344537857756
1.64996904191957,1.59390084779868
1.59140036312259,1.55238373826393
1.80465264033216,1.74539413447863
1.67670553883888,1.62569512689713
1.5318885192791,1.45462632803674
1.59741848837284,1.55072262698574
1.33408436416085,1.27811376401329
1.43299418635256,1.39877511059403
1.46920712335065,1.42266261740636
1.64336182427334,1.57797549730343
1.85134296814935,1.79208729652662
1.46157213911965,1.41935076378556
1.74295712283303,1.69035102117957
1.89940362869822,1.84818902078762
1.42717054959642,1.37328741680257
1.89940530624298,1.83718501914839
1.43073475645732,1.38578148176286
1.78356547724316,1.73171489701134
1.58168038582248,1.52808908223612
1.77202781825887,1.70606808291852
1.55463787716659,1.51174615493643
1.4594019809022,1.41680540924431
1.91282672490987,1.85584656310434
1.58786825643875,1.53451525961167
1.73361617872668,1.6772578294137
1.58055739088728,1.50933109709293
1.66737488134926,1.6187713064012
1.74825109972355,1.69329350921715
1.42281019313204,1.38937285257214
1.55524457467458,1.50387216811037
1.57701835235965,1.53777397561383
1.66131348322519,1.59757215017491
1.47781306182766,1.43284953137214
1.68299463496308,1.62916539244441
1.5228238980788,1.48071316085651
1.56091581764573,1.51167655210304
1.65047218056992,1.60562036425553
1.90526225102775,1.8511776637889
1.7201074174793,1.67418033987138
1.99496678894564,1.93186204166374
1.76345881156598,1.70941710641838
1.72463294265379,1.67146224881109
1.96312526039655,1.8910212468581
1.66568131406107,1.61378672453315
1.51583472668939,1.4666150170481
1.56020105202942,1.51504811355217
1.53830821473374,1.48347897393252
1.76717612654415,1.71313666979013
1.5501080821018,1.50598509917902
1.64022253725093,1.59003423726418
1.63888126655362,1.58193221302631
1.38891103051918,1.35202638350055
1.6771070761665,1.62479128240008
1.92852127189878,1.86785180416628
1.33622698405508,1.28871297799251
1.61793782955334,1.56450058370305
1.55142068295545,1.52289355049938
1.61846447353719,1.57252172947567
1.63866638782223,1.59092973680307
1.87313890689945,1.82197725816341
1.51728895095611,1.48002952944701
1.53019673026978,1.47823880088553
1.57396291822921,1.51599357008163
1.72169390201912,1.65121576978079
1.63054926508415,1.57130958912854
1.68508679074031,1.61370428657383
1.31729649667366,1.28089650940342
1.50327157865696,1.45661316851998
1.4600104796283,1.40987551118332
1.66576954911681,1.61343461039281
1.65934645999176,1.62416958809627
1.48470651376914,1.43946776036925
1.42473108960833,1.38253940533644
1.98291992565783,1.92470537506301
1.53422874978155,1.4757674802271
1.67861778349585,1.63203378067351
1.655164595673,1.59450241219391
1.75747920708683,1.71117693244701
1.60216059790993,1.56077765566998
1.49921425535332,1.45024230654868
1.75071160702639,1.70704070798901
1.46690104554756,1.42373994174039
1.44016159256977,1.38630187642904
1.76990977089517,1.72517565489859
1.87025468485417,1.80673163932276
1.73175216639168,1.68527847478579
1.76582989887642,1.71936037257983
1.69393165161114,1.65838718283665
1.81358742379308,1.76019011394404
1.73017552595822,1.68679029500674
2.02375811279856,1.97392195951237
1.65188622861825,1.60611944104465
1.6506965547897,1.60063252891932
1.62221225639064,1.54959812084896
1.80293599165255,1.76340015129489
1.86484077537268,1.80129008351862
1.63132763754998,1.58147349251949
1.69475111733877,1.65889914169818
1.71197473927614,1.6508666655559
1.85888101613203,1.79036510901729
1.79507221249419,1.7433139960789
1.68344020655187,1.63722062819999
1.76899744936636,1.69733420916707
1.56812768927426,1.51071192527674
1.66738489098621,1.6117078685959
1.71329182799616,1.66935389771421
1.7787631824142,1.72722640500003
1.38756593292043,1.33873073909706
1.50597774880407,1.46007019629273
1.63328077758439,1.55749833372183
1.88829555177869,1.83497566252271
1.53587180360997,1.48332950008423
1.43903094375057,1.38312632972141
1.75729969082858,1.72275571268523
1.70763796798265,1.64446552257858
1.53527185749724,1.46954538443656
1.69847422275158,1.65366993001388
1.9179656104211,1.87487623436212
1.59677772510087,1.56100089292068
1.62105427786206,1.56894455800111
1.56871715990168,1.53670513804545
1.49840136631943,1.4572969008868
1.38703119534324,1.33823266083819
1.96446018853519,1.86626019239394
1.58199850836398,1.5467270998379
1.5233837354638,1.47679383311996
1.65974765984842,1.61722967927284
1.22391912812417,1.18435741229686
1.80006582583945,1.75078041793595
1.7538062182326,1.7058777013903
1.74583817083035,1.68881640078396
1.5307045625427,1.48923804197116
1.60839084106178,1.55785973601735
1.45603498087519,1.41637223635678
1.66236091712477,1.60816787024471
1.69328912564463,1.63480355974187
1.86501806650878,1.80937220662302
1.51194696600583,1.46599742019238
1.44447136639883,1.39695781588783
1.78439547135429,1.72394450514813
1.51495195863982,1.48185756487603
1.55569648705889,1.51493419971668
1.99112197307395,1.9473735342862
1.64584924060667,1.59203909126903
1.70284846470513,1.65204173278423
1.74911190807829,1.70592390205273
1.82789592982706,1.76659231276848
1.58753650286063,1.52221125200405
1.68951500493965,1.61301141529471
1.85845527838414,1.8192164834058
1.46522673924352,1.40304996483862
1.48522240026915,1.44018893644617
1.83136057211799,1.77697513088972
1.72098802117767,1.67049955169529
1.80255509887225,1.72682007275627
1.42293665019606,1.3812807970222
1.67082855133173,1.61925233528469
1.51253488136361,1.46560081282079
1.75030186021739,1.70521259636532
1.5393675920894,1.50949542567081
1.6392072140977,1.59641257572092
1.55498696876342,1.5079094740553
1.65043566183275,1.60485142812344
1.64007730689676,1.58787734116657
1.4286050744651,1.38773207399497
1.63319638974098,1.5851981902743
1.87876053728961,1.83081516676396
1.67807821074804,1.63882322972549
1.87307302554307,1.82617994798695
1.70662662966242,1.66114130147845
1.67677362304916,1.63523384575039
1.62170434611854,1.57288455805607
1.47520849646317,1.41266938179329
1.51861375645037,1.4677641371363
1.67874655424035,1.63752495177913
1.40269990695434,1.34950159116601
1.66349196714553,1.61397557486842
1.27337829362817,1.23689847192361
1.48220419151186,1.44387530689141
1.47892598245892,1.43137047676117
1.41531007806709,1.36693424541573
1.62704424215814,1.5613606358551
1.37990741706868,1.33779009146486
1.50492687966161,1.45602437609872
1.58085526657719,1.53644081813147
1.59448459162928,1.52777689537037
1.60420590830113,1.56321727137474
1.85045821084385,1.80275406704457
1.57308586782447,1.50494871932362
1.66025361922384,1.61864536989078
1.45615474124831,1.39883956422755
1.54609401447777,1.49967012681694
1.69526816672942,1.65883409838005
1.73596626644086,1.66129637481333
1.56867064578111,1.52185573128184
1.90088702172376,1.84380151387344
1.86768034940085,1.82259293560526
1.73187698198874,1.67921816647652
1.29170093617223,1.25593456173298
1.62092429611759,1.57104738875263
1.61927005398274,1.57606372866802
1.7259523926133,1.66663654126813
1.66031705484938,1.6068188971344
1.69442579507145,1.64175008463646
1.54862338274279,1.49237902089751
1.90146294925917,1.84039705452259
1.81129109415356,1.7476370637581
1.76289866649983,1.70368673952363
1.69195819807523,1.6393578971661
1.66447973967418,1.60760377033615
1.60858911642984,1.55770689560316
1.63910193316442,1.5878214075196
1.47954764224174,1.43798349947197
1.60657375174376,1.54186351726543
1.52724092139417,1.47018800591403
1.41006447857665,1.36633535135644
1.58246164763696,1.52413736990448
1.75551763129304,1.7041405901374
1.90020367811105,1.85080619788607
1.55693054841435,1.50790575061132
1.72504295174792,1.68941454819213
1.81623134707459,1.76253213431576
1.69828002588389,1.65180093226077
1.4057521254088,1.36805357742596
1.3589158366302,1.30364030065654
1.37896403336347,1.33334302674746
1.8807628737113,1.82247982775554
1.76359091334342,1.69626102449334
1.54698508830542,1.49611765644521
1.60606542333193,1.56212721642173
1.53965105876916,1.49965995093658
1.69731489494228,1.64693405781158
1.68527465074243,1.63647728611657
1.75576958755659,1.70665135384904
1.46109500103777,1.42309634014056
1.46175885188878,1.3979855123198
1.83666590386314,1.78606327489498
1.74174330224707,1.68275441364128
1.58844641778431,1.53405538366316
1.78037027447052,1.72686855029187
1.57823546457711,1.52144753661971
1.52126963270652,1.46859293947835
1.7421151757365,1.66774325074261
1.70876737780608,1.64993141518556
1.9250952717029,1.87523195733859
1.649512084169,1.59766833743698
1.81610060250754,1.76460961369015
1.5613241463759,1.50741932412653
1.65700234892733,1.61292448155118
1.45186517997811,1.412596000382
1.70363629705507,1.64193464273176
1.55585204904775,1.49713581840993
1.49326695784021,1.43564254198692
1.8764464055347,1.83300614234201
1.56887273307986,1.52569665612483
1.65202222283627,1.58730137921019
1.67562507123016,1.61750767457456
1.43864287069749,1.38714960954487
1.45401677174422,1.4016696515891
1.53793216951652,1.49208056604992
1.68018567549883,1.62830302971348
1.44791992963069,1.39610322482193
1.75761298847731,1.70760772753979
1.87234173286346,1.81460967519023
1.76389979121756,1.70146460416
1.66258906583628,1.61036081743813
1.4875715921739,1.43282371410381
1.50516051612163,1.45751803172841
1.84846190116539,1.78521806195837
1.45114299806974,1.39879294100708
1.54472270013781,1.50836756281456
1.68231995759651,1.63050237289704
1.64056084242507,1.56574860281078
1.48684720866672,1.4424983515272
1.56908152553924,1.52049212778087
1.44041588380081,1.39379275537892
1.59612025993143,1.54904162920879
1.73236639348564,1.63945496755763
1.647051102193,1.59162632190652
1.65267733775735,1.61261707440264
1.59873269881186,1.54611518177634
1.67386781077673,1.6149385109902
1.59150700642067,1.53626474290488
1.67843927052559,1.63785439699221
1.7883551854113,1.74438041125913
1.55753182351838,1.4909744455555
1.92419004788136,1.86976145060061
1.55813932000421,1.50968221398325
1.73009496069458,1.68050989619004
1.48040695563581,1.43121144237439
1.5817896856598,1.53153724277708
1.81814104809816,1.76917098415435
1.78366417155463,1.72825829571066
1.71917802837224,1.67321115225744
1.72827089522382,1.67752001724623
1.80898605167272,1.74548918809102
1.74310878216537,1.70042329458876
1.62909896962621,1.57705506578256
1.58137557379864,1.5359216965476
1.39458654394068,1.34585039238309
1.32818225351898,1.29840612660575
1.92623829899329,1.86726792874793
1.69119286368509,1.64933904929887
1.66141074584632,1.62081825253981
1.67331469280439,1.62455709613061
1.68308511684789,1.62478001832813
1.65574487382734,1.61047458237453
1.92569341908845,1.87577345388598
1.50044355154869,1.43989918298259
1.80832773950305,1.76299076481156
1.69057836651208,1.64632884995607
1.52759206886316,1.47868823873782
1.73044934888438,1.67973874072854
1.79567168544431,1.74921292081319
1.79245915870478,1.69430170217311
1.67287145271194,1.63135817428843
1.90449241725795,1.86120148782732
1.47831115192962,1.41307708003946
1.75590051585558,1.70694900671728
1.64013308842606,1.59651065814002
1.38949047086144,1.34934023574522
1.85095742938334,1.81011843571596
1.62880593006331,1.55087607193194
1.70814591438097,1.65993140424433
1.62449237401467,1.56082574601027
1.75061184367263,1.7068529242231
1.85272452626141,1.79524869719819
1.87541606225163,1.80085376133089
1.89779473361964,1.84638615927671
1.66878256174116,1.62341169860016
1.76588328088456,1.70774169886121
1.48743548964313,1.4450090889365
1.59838636108567,1.54808490565388
1.7347608895141,1.67441718030465
1.83281184558836,1.77391353516491
1.65803205147984,1.58607434791586
1.78697777158141,1.72184272612468
1.35199845683193,1.31789937659613
1.72127234569345,1.67274130373565
1.55448044317673,1.51490653190867
1.94129022952618,1.89729347245176
1.62994224410597,1.58209853020796
1.69244304445236,1.64091953797216
1.53676592590424,1.49358586376076
1.34732359367461,1.28001780285727
1.5481243384106,1.50075749354982
2.13801679338775,2.08745945730465
1.85202676827501,1.80685855916357
1.33184272266111,1.30780906978361
1.74347994499171,1.69142399161826
1.70481438892983,1.65890408673282
1.5740453880599,1.5304949970377
1.75025076089209,1.70127028911965
1.82695897236647,1.79258581608485
1.58665472680448,1.53925064585106
1.66873469488234,1.59546275768546
1.5250168090321,1.48389293140356
1.52661846870818,1.46999057662673
1.68915493908106,1.64049102213875
1.62507082892489,1.57779612984804
1.82057109210997,1.76249619756769
1.52292905113767,1.47438545559791
1.80226813269744,1.73099721689341
1.80033212460889,1.74950712393908
1.53288498613539,1.48964643268155
1.65668857273992,1.61505957954823
1.46497399876493,1.42238353389626
1.6364757921038,1.59429777703097
1.41420616568927,1.36739323873976
1.52614302764746,1.49423762129924
1.74190862477195,1.69595809091155
1.66166040483009,1.61520603752869
1.77957733792358,1.71484835754946
1.76278232905033,1.67921040158791
1.71020420841182,1.65758693485498
1.70606451446133,1.66408577507198
1.75312749714864,1.69523380871854
1.85346081809905,1.79389345313685
1.75583095395133,1.7057915148487
1.93092973718561,1.88047761477818
2.02385958961293,1.97517194684834
1.418032367764,1.37273682275062
1.70753958829818,1.64357301445307
1.72054035667723,1.67277232540999
1.62855810458883,1.57801677576472
1.34322735619688,1.27906443005365
2.07343430961481,2.01645150855776
1.62443029122254,1.57544440233882
1.87653724864511,1.81054093713988
1.50906659828744,1.46964849225709
1.61002949344872,1.53419793253743
1.47208602290278,1.42150987265735
1.77070181201935,1.72614910601876
1.47205358606095,1.42736311818828
1.48019955929429,1.43512058517414
1.58506242903789,1.51954734713638
1.61608634738287,1.54940867657042
1.47382232928429,1.42731089953465
1.50818796831417,1.45267239507225
1.5767562083792,1.49778871781389
1.37715322857015,1.34001341530359
1.67866075630794,1.63181478821828
1.68470294192706,1.6406451671929
1.68333279180324,1.62624179153143
1.32017861044847,1.29028859532822
1.29652117048739,1.25817134833052
1.48254380520542,1.43399289512
1.93633141377096,1.87312344944712
1.68843327351234,1.63592348036557
1.624633179242,1.56655301142206
1.63443623333632,1.59490010555018
1.46859874546302,1.4157136765442
1.68063497758384,1.59552645201615
1.58801121742589,1.52754482228904
1.5981025510164,1.55623153922774
1.72997805524105,1.68771809437
1.77650981727346,1.71691487151536
1.3267381807984,1.29358922626993
1.4729464019853,1.41920815741501
1.80250484825635,1.74926976845858
1.78959465514754,1.73699709330652
1.85970255031841,1.79025892867624
1.19341567680865,1.14559109961154
1.66732148674177,1.61585692113875
1.65665586099246,1.61365367631667
1.78701577451318,1.72645052973005
1.89001748328934,1.81962402932535
1.5708651241913,1.51987832029437
2.02951126348106,1.97263694226787
1.88389212620882,1.82817132819022
1.51162169440235,1.46208967107454
1.73017910360171,1.67355293373326
1.55608822501377,1.51548135435765
1.90484264236402,1.85593377011123
1.4595560729249,1.40667039906209
1.65359675553475,1.6026140680758
1.69912825963338,1.64898371911843
1.84404149833294,1.7917180951867
1.66485110235022,1.60227345238943
1.59922407636923,1.54493125153596
1.77591243313342,1.72401826037765
1.74945789617778,1.70913779891166
1.42327882149087,1.37982051056743
1.57274897559684,1.52460723458614
1.61693963383673,1.57701377566985
1.83766150754561,1.77567202868162
1.72975135070476,1.69199244090819
1.6467223530048,1.59267466923204
1.42592677179032,1.37472979839075
1.80985209868349,1.75016003969423
1.43256767601911,1.39360575175585
1.56107894646561,1.51430583687882
1.68903191552681,1.64552508549969
1.60549113512454,1.55151778043169
1.79831029315106,1.74838868401316
1.69984156996618,1.63900539657895
1.73728379810095,1.68918570993727
1.80002176644813,1.75457449856172
1.41164345488452,1.37059198178143
1.70159584525766,1.64381170231193
1.51847655993279,1.47003771967137
1.5737432896951,1.51991069356653
1.71951880159173,1.62374662986317
1.74912188030381,1.71645472674637
1.39913284070408,1.36232681115937
1.52888144920069,1.46797434804892
1.29039822845256,1.25516122101025
1.80614411920674,1.75648296297579
2.07900602228932,2.02428428165313
1.52047533241515,1.47598339280925
1.5765737667281,1.52848518436695
1.76755516035487,1.71792727756587
1.68871252079016,1.64014924367561
1.75394231544664,1.71169601878365
1.69673040974667,1.64395877166862
1.57932839273426,1.53767655320028
1.59817577003032,1.50212113256906
1.80543975800771,1.77039095067423
1.76284471355285,1.71150420963761
1.43623470190853,1.39264151668612
1.58302948506029,1.52070494332358
1.3985088719337,1.35208720971965
1.98534180416573,1.91823789231163
1.53104537931519,1.46014768965137
1.6800463503705,1.63353636307451
1.68020725320485,1.64013589248596
1.45996507206412,1.41701887709467
1.83862296910785,1.78700480932309
1.75926292583147,1.71579224874417
1.65853626996426,1.60977463256229
1.64253879580104,1.59353217260255
1.65493678972815,1.62072549521254
1.65176593687158,1.58959218272632
1.70035487730596,1.63955922630037
1.51469584263562,1.46422091648557
1.63440079462985,1.58552668417714
1.62559048401041,1.58345467066395
1.70474359671042,1.66770043020911
1.58630824140311,1.53929610845938
1.605316728394,1.56298925713475
1.66767129421815,1.61807551530129
1.80840641858352,1.76472725110747
1.770510234245,1.70907602457338
1.53526491559318,1.48954059923278
1.4730703439059,1.43697147853426
1.46834962706395,1.41781983447452
1.85992585804257,1.82034370922109
1.89212215195773,1.83039463852398
1.63581421219417,1.56386822991719
1.61346927836595,1.5534349447671
1.4694697880368,1.41458667489681
1.69601682716305,1.65137093234058
1.83179059853251,1.77805753148847
1.75577487522767,1.69408515182058
1.42862418531381,1.38237852321515
1.80269934986867,1.76200544623923
1.71363220970984,1.6511838025945
1.55553203750466,1.5186676251157
1.37139915521777,1.3323115463056
1.70866994089454,1.6616146459597
1.56762969792122,1.52218710078048
1.58829557742278,1.52269947351823
1.49384283139536,1.45309251029911
1.44746429834631,1.39996015216682
1.40529912603113,1.36616561832965
1.7116682016119,1.66159910995188
1.44841546822045,1.40628778733329
1.67663306639023,1.6170364901384
1.649674797319,1.59090711496253
1.46986194823203,1.43151338916846
1.83049872495429,1.78100151712877
1.50764330833946,1.45299149091907
1.72632519125923,1.67546465236657
1.56031733372177,1.49966638470058
1.64899574990353,1.58300036502184
1.72471812971478,1.67435776197974
1.59620526754073,1.54738086098883
1.47342522700723,1.42731560883024
1.82504496740674,1.76965582710221
1.68896371058399,1.61593787358476
1.53774632072184,1.48619105040043
1.481261295315,1.44689938522273
1.78376833919412,1.72179583627771
1.88234650405369,1.81677155638998
1.68159729521959,1.63331510670663
1.63280834478876,1.58414252797212
2.16070484180217,2.10856808187076
1.79408998505196,1.75080007430224
1.60767145321381,1.57138922974977
1.7076794289161,1.63603282925404
1.75123828196769,1.70084221255627
1.62293602171141,1.58127033264462
1.7965673743522,1.74553272857608
1.69995619513228,1.64540946259717
1.23987769986262,1.19065855107649
1.57916169598814,1.53000450453144
1.70775273106301,1.65008281877018
1.41636076039195,1.37151040447695
1.61272632820102,1.55338478649179
1.46527157920522,1.41055042578647
1.57454772947506,1.53142551491035
1.59335282463248,1.54509224335668
1.41304213262927,1.36432027953564
1.61073793211663,1.567606504681
1.87635503074025,1.82643488395808
1.49871502213021,1.43733521574409
1.75324064214194,1.6996478610037
1.45500019776839,1.40880660272759
1.55155056814462,1.5060821387898
1.77733393801119,1.72256276788678
1.75137574767069,1.69463561299113
1.53114857297578,1.46282971756278
1.75796961085737,1.71519090225479
1.9709626614372,1.91362114814942
1.68972759246461,1.64934005616342
1.68911124835849,1.64179977265059
1.73475781787091,1.69614923386534
1.73450156174209,1.6848419334559
1.57798699819343,1.5227352611232
1.48095864960248,1.43917202971607
2.07651629363629,2.01891295703616
1.75047559673091,1.69635860345761
1.2738279723845,1.2348647440681
1.68821588110522,1.64195873551101
1.54721431196094,1.46250135741131
1.59216102206257,1.54575828767511
1.52317211317311,1.48383783471418
1.57072163014466,1.52680316677542
1.96648131316692,1.90458120496234
1.5374917163278,1.47904225865127
1.8727196615535,1.82339038263698
1.57681187827181,1.541407904302
1.77547935120394,1.72582310527993
1.40623486174831,1.35561187790052
1.60995673050729,1.54760002516727
1.6456446024174,1.60485765272321
1.6106599082293,1.55198846851257
1.76015287148617,1.7087200542236
1.55656496296833,1.50800531808933
1.73018734980227,1.68792773323839
1.57606730474434,1.51865291422816
1.28210812316802,1.23925151361244
1.75213955779361,1.70913625164845
1.71769491027311,1.65045346118369
1.82785173174912,1.76769924888464
1.65686776452676,1.59585396905623
1.42153480805451,1.37140193672583
1.78496163862846,1.7269755402155
1.82146837296126,1.76763444343178
1.66962263468615,1.62558087295639
1.63722613237147,1.58002563380288
1.57208024631679,1.51520971074781
1.70099375797365,1.6590203112827
1.63578248095901,1.58755881925108
1.76395611569373,1.71296958367326
1.7790544178453,1.70059788879065
1.93439448258454,1.89018813663067
1.639015193109,1.58792932574703
1.63877761916811,1.58146922641246
1.4072710960603,1.37660263942141
1.62143709704691,1.56708577549458
1.38057226739058,1.34970192610992
1.66167514191071,1.61976548687049
1.1512948864822,1.11346109522368
1.65239434618588,1.60334768609646
1.56883265718392,1.52864113096829
1.56204048903241,1.51809540369314
1.59832511652648,1.53537820087625
1.98357733715749,1.92898203268897
1.64633497656514,1.59783421405125
1.62870085155254,1.58012156369682
1.6897805661924,1.62333680957879
1.46580018717484,1.41549673151614
1.44586133154938,1.39546754647589
1.47717461577027,1.42336076718539
1.60186078254624,1.55836377375205
1.49509607987073,1.4328502420133
1.43515595443992,1.41158032310185
1.58281386718009,1.52536251510739
1.60591901231751,1.55380517804113
1.61981657434194,1.58086668445781
1.64372834833548,1.58276472119257
1.40879876060823,1.37459176259654
1.71052661172264,1.64712086199398
1.81176994054987,1.75680586894843
1.64516906406221,1.57412015571766
1.47437348775106,1.42773075263997
1.54695232213835,1.49949379099032
1.81852000916423,1.76170628807362
1.61777024673507,1.56802308147576
1.98085210607987,1.9282849701552
1.84583062415658,1.79901409754069
1.69396612622726,1.63488316197292
1.90747100442114,1.84627463047849
1.58165753338045,1.52710775449846
1.62032929774389,1.56822729606404
1.73382071009176,1.68318675452236
1.57886219083932,1.54410067016414
1.60718253123976,1.54786492599227
1.90655624538249,1.84358337346385
1.51264432252659,1.45727877031396
1.66489538700916,1.62515363799216
1.90965766384359,1.84996141022987
1.57031080853083,1.52689069767115
1.41328956234517,1.35153851431918
1.63534152645384,1.59205155397089
1.45371737093937,1.41322779630733
1.58429683731661,1.5454678037617
1.5830920035804,1.52646283046049
1.6306797565482,1.58321181596368
1.30528173863371,1.26890702470983
1.66971175023966,1.63290895367464
1.9043112368973,1.8534706617885
1.25778609827675,1.21547012384642
1.88219685784922,1.83461825762475
1.49265788756117,1.44792927516194
1.85788149839077,1.80020615823076
1.85187815304076,1.80189667652662
1.41301830943739,1.36702600174615
1.62057710791565,1.54747254297967
1.33095171145881,1.2883236906623
1.37947715288567,1.33984771171024
1.64863491991396,1.59697556357387
1.73532830270103,1.68078148628899
1.64171315307548,1.60169881887321
1.60416923292172,1.55959764023151
1.46789648438795,1.41448683822012
1.43575548167111,1.3868996697693
1.53983607641731,1.48954316435298
1.81790723878242,1.7566792729973
1.74006312492768,1.68982754888138
1.64453102097792,1.58580567444067
1.62146751937708,1.56421897626347
1.87323689499926,1.8109413194468
1.59174508482418,1.54364539194525
1.7104220836406,1.64987261915925
1.40115362626788,1.34864866790624
1.53422857547223,1.48029091775263
1.67491521623351,1.63321864132062
1.79383096653787,1.74733067339759
1.7967916686442,1.75273150955935
1.3716032865826,1.33295630394875
1.75318824485127,1.6851418263698
1.62514569611298,1.57611163104814
1.92776489091965,1.87579007877148
1.6202812703988,1.5835708169604
1.67508375564018,1.61928005789783
1.60250379266164,1.53340623493893
1.70021890366953,1.65043925040698
1.71740865293473,1.67882674840282
1.79157142558571,1.73137293355422
1.47076519781565,1.44101812064029
1.79889677575412,1.74845756031164
1.82100090004273,1.77835555045317
1.55666131426025,1.50577486995671
1.43865400669461,1.39134303295306
1.68688892408398,1.62030097113209
1.90298674365282,1.8545514464696
1.70760597748937,1.66690152490508
1.61092988184786,1.57201551624012
1.61354236516442,1.56587742800429
1.85874536929598,1.79992465826036
1.80507037715127,1.74770121784193
1.81312979548091,1.76656222623701
1.80125229670236,1.75284165521786
2.05328490251036,2.00741917226759
1.50916242836006,1.46157609828503
1.79548935779853,1.73936181123984
1.74343863984228,1.68211344016351
1.48542995112095,1.43535668026756
1.44069687351196,1.40385498489869
1.43487876488569,1.39448618773245
1.67959529184173,1.64027101727522
1.35637555511771,1.32268597978135
1.84451200104012,1.78265033702037
1.49308078336084,1.44373560702868
1.35013681401039,1.31597677585857
1.70863940557235,1.65779393409671
1.82914066399713,1.77931320574274
1.82931083832271,1.74428690223057
1.83363242790363,1.77995052317294
1.75786679858844,1.72792511882496
1.68928210014169,1.63708710463569
1.56183299226975,1.5128956933656
1.80170424067988,1.74509045160091
1.49541765297129,1.45816203303925
1.27193936333344,1.23682401586874
1.31810520363811,1.27234381284164
1.6509529242042,1.58682763087739
1.68382504290309,1.63736713730454
1.67813011652308,1.63738098046626
1.99145870135089,1.94124303647594
1.72587062424009,1.66208791305542
1.56714266769475,1.50289086264429
1.41554502404335,1.36944010552502
1.58270298841611,1.53497313379662
1.70699589763282,1.64649866462204
1.63336785102091,1.5640065633248
1.81164484401264,1.76841097112821
1.34276160557072,1.31313052159347
1.56097717131639,1.50050728451686
1.62802135840395,1.58586636993815
1.49428426772021,1.42229826536307
1.54109125076364,1.48843283584727
1.9141438675286,1.86479967769876
1.8970893150607,1.8182787919933
1.80527331384083,1.75937640738415
1.54200809805761,1.50995018147017
1.834402471478,1.77778517341406
1.60531689025,1.55962748984853
1.55246915871253,1.50243394051758
1.76196328611571,1.69799912399463
1.68009147996091,1.62184881317654
1.29168329501251,1.24981407134005
1.43023355729871,1.38089122653377
1.99321606818554,1.92638566684818
1.60613792773216,1.55750125105748
1.61833246446047,1.57337503372225
1.92186752467649,1.87390063362207
1.65327957261145,1.60866441430766
1.69363681689174,1.64026871335219
1.58045182312329,1.52495006715262
1.70342501774781,1.65260296542788
1.62801380133507,1.57637518493037
1.6892179805149,1.64721238973317
1.82936770614619,1.77614074494494
1.48059385634201,1.42529929611918
1.46386096295067,1.42787143224462
1.59340847838264,1.54047650265558
1.68474458025945,1.63350997299887
1.8609466321209,1.80881100857323
1.62763414903135,1.58724734475815
1.66408061547599,1.61822577972158
1.86878847276821,1.81878647998482
1.57444650848358,1.53779372663543
1.76860157050617,1.71646866869305
1.63402053849808,1.58181307855983
1.72383492598613,1.66803026240475
1.79422209125691,1.73757312258793
1.65247031962799,1.61086000962636
1.72941173912095,1.66944554296189
1.77176163913994,1.73241552293656
1.58271149700653,1.54668808124095
1.76284502634917,1.69829461623964
1.83814209768777,1.79830140839066
1.66328556106577,1.60862183702871
1.52837827777462,1.49093685605214
1.8988736133234,1.84062819620739
1.73321297626482,1.68191275482505
1.5337949400783,1.49938075916164
1.7406319320741,1.6751597906441
1.68337811970458,1.63447498279732
1.76232534957612,1.71644213273373
1.70554292327956,1.65646536548246
1.5548808151123,1.50949562321379
1.63528106378899,1.58864621290537
2.10170837951738,2.05077832840478
1.49520933978096,1.44189755450009
1.88291799579133,1.83028135888056
1.72132665930679,1.66437742724971
1.72672799803677,1.67794435908383
1.72662845215381,1.63752247880172
1.5612597366307,1.52144792870756
1.61463911702715,1.55707608274316
1.55462141146975,1.50536601228034
1.62575658966673,1.5798986313197
1.70805576285862,1.65458887952383
1.62490714043228,1.57598189411769
1.95683889550137,1.90147462370579
1.65018866605234,1.58265400305401
1.27947254866323,1.23660930313689
1.69649716591504,1.63566706961265
1.57885836761986,1.52982857946403
1.32915335467541,1.29430945951804
1.82374907399202,1.76288947338195
1.58731685560158,1.52265287816733
2.02782678915222,1.98590132400322
1.48239421385572,1.4243714203851
1.76297029675702,1.70676607944559
1.62115417910279,1.57556154323513
1.70143488578756,1.65142969495993
1.58360951505296,1.53036997179961
1.6642112419138,1.61870497761552
1.37696773826695,1.34186402268747
1.48207088462095,1.43956083961524
1.65216011126597,1.59606648614456
1.75816482411764,1.70533875437061
1.66769433201798,1.61883626595149
1.37698533882833,1.33858936514301
1.71000561504008,1.66608999010819
1.60961582902116,1.56826125162593
1.66865989084889,1.62856759400115
1.57628284760738,1.52986457965916
1.75851544785579,1.71079852573135
1.67865470547865,1.62419620423979
1.55472807971535,1.5209053515527
1.46350574864128,1.42395700414407
1.42053216244763,1.37977086254226
1.79235972802687,1.73057149438068
1.58864860325045,1.53090795747321
1.56401553107082,1.5148809035612
1.37524089153382,1.3370546293529
1.59235877674234,1.54499317576161
1.49363391380932,1.4467444954086
1.76274693224104,1.71689746177175
1.8298874081714,1.77431738740233
1.83809213275588,1.7811010092879
2.09492126362887,2.03004097356103
1.72302910715893,1.66738638748448
1.24290240781237,1.20900479328101
1.84560253889297,1.7941648843993
1.67967973013799,1.61470422156443
1.60813516825295,1.56950592658134
1.7083753426655,1.6372629727879
2.34018625153779,2.27655065540113
1.69091954343892,1.63086536069444
1.50183214969893,1.47239592279992
1.81125686260051,1.74473437572562
1.78174845941246,1.71782519116692
1.70868527821802,1.65081159255926
1.50777037779713,1.4538413869892
1.49799595487512,1.45546440536265
1.47303112717565,1.43457698305565
1.7643419932466,1.71524941391404
1.68003444714351,1.6252047804909
1.68263432338473,1.63306750375178
1.53360934442708,1.4931563928327
1.48152011819026,1.44048843628387
1.61193046583775,1.56874836486121
1.48723447266982,1.45499061294655
1.63745739327289,1.57709405455715
1.6018071908506,1.55006748385275
1.53056664660418,1.49085673670055
1.84290020801733,1.78299167933021
1.84771994828811,1.78680608329512
1.71395888652803,1.66586249686381
1.4602435298384,1.42389663995782
1.65005227880948,1.59663950077719
1.69718210024102,1.65497780088342
1.85504453832312,1.81253873752815
1.56754756921136,1.5270280495771
1.67222829665183,1.6252689746686
2.01185669957199,1.95728471023054
1.39237336936481,1.35219595394169
1.40039368390765,1.37250331652051
1.34420297384475,1.29021896842061
1.46860666178955,1.40961758365083
1.80357507696624,1.75571584634071
1.59011669089723,1.54369193437635
1.83915962925151,1.78667714485646
1.99715545527822,1.9375951207633
1.77167496024485,1.71196926018951
1.88405519947682,1.83060377039595
1.65041722668182,1.59327307841151
1.69393336155367,1.61858138582506
1.62487053391803,1.57901211433777
1.58521651936871,1.53886257361289
1.64798401718522,1.59457171913171
1.3411901751282,1.28606284826893
1.7053884754486,1.64931502256688
1.8513430832802,1.79357397621977
1.55573939838483,1.50440543320307
1.75677826496122,1.65956026442623
1.54488511944754,1.4922638858359
1.56598996544533,1.52039443314526
1.73561987061261,1.68504489892127
1.76868984888107,1.72421289543288
1.57882910045803,1.51865566879141
1.68591736027148,1.6204505671497
1.54974868957325,1.50331385144759
1.78282249386566,1.7258635098912
1.54185309572934,1.48276284029522
1.72754642853563,1.67433142951156
1.65667494093921,1.5918210968594
1.62158039396336,1.57312878987975
1.55895312834572,1.51223602506067
1.47222358795624,1.42901882804554
1.70299168896452,1.63948661428221
1.36291613519925,1.32486427869332
1.65916747434621,1.61608561202322
1.41803488660725,1.36964606234446
1.66511184329265,1.60549144020623
1.53924811288992,1.49220175692079
1.58148974298237,1.52740388443307
1.74228158967538,1.68686968300289
1.55318548160524,1.49463736848144
1.8611806831776,1.81184957353404
1.69755840963581,1.62875879718168
1.88617308585957,1.82268527423104
1.68218822481477,1.62803680908761
1.27711784643975,1.23220446430469
1.57144894158945,1.52187913390621
1.39071416998379,1.34727264167876
1.54731955808892,1.50335829918058
1.89305490633331,1.83744660517761
1.71283217316524,1.67283484651208
1.60574848054473,1.56375048378244
1.61519139499757,1.56985901862061
1.51953794381229,1.46548442053131
1.50642006778918,1.4639474709743
1.38853265254618,1.34196119918983
1.34653049457558,1.31258625810421
1.97451383527615,1.90609285041537
1.58022271633022,1.51931520734053
1.46866663002421,1.41370082854225
1.54924525060046,1.49861331276968
1.68286044764836,1.6347959464568
1.73676077387599,1.69099593041063
1.90359687543473,1.85196329616706
1.53313697058658,1.49698798089896
1.73839085686448,1.68825351711023
1.56254085342224,1.52299280369964
1.50399287355818,1.4546380341755
1.69602909399187,1.64010632567625
1.57663235265905,1.5220802331914
1.87879073454706,1.83220415820642
1.83571611571825,1.77025414601711
1.58236059633427,1.52213833844211
1.60317551987415,1.54333810039285
1.34374203457398,1.30281169079708
1.54035759409908,1.50134134615874
1.63706275568334,1.59229209625596
1.83087781058795,1.77560313792558
1.66439867845545,1.60980919325267
1.60178628057938,1.55304326262994
1.40839418551867,1.35497340318455
1.68045709870525,1.63442549257912
1.74741243732678,1.68962249271463
1.86840780905309,1.81162564726084
1.69318054194347,1.63113469291087
1.52221535796692,1.48312499205955
1.89863451501153,1.83610128833232
1.47634716587087,1.42689247366547
1.54709058526148,1.49954003373104
1.46341298013119,1.41828806992035
1.76993762891899,1.72853377249567
1.91260547584228,1.85868753840669
1.84775026906474,1.79908453299665
1.7333135308788,1.69151567381729
1.61889534672197,1.57299952870646
1.71431694202567,1.64238944723516
1.7434614654688,1.69471743248545
1.7035346152959,1.65618718147736
1.74696548064262,1.69889301115697
1.61437072230722,1.56968910676294
1.91498851435296,1.8534419988197
2.02132067843364,1.955654309254
1.42264127905413,1.3784890853969
1.7502494608177,1.70875974607805
1.8928493389668,1.84814309721521
1.62183288097236,1.57528364777827
1.66702994689981,1.62172746146874
1.77561965299978,1.72730077055846
1.66281832626735,1.61020610187386
1.69363650839434,1.63820941993782
1.73064487859248,1.68406776590806
1.26241183489164,1.22442945839111
1.45838902908342,1.41647378737679
1.77818408554723,1.73112466638705
1.46938450990437,1.43085960257044
1.66818215441128,1.62118355223398
1.66823635860334,1.61896594598444
1.410098651688,1.37336393121671
1.7373917736527,1.69214014045317
1.50403270094114,1.45508873852209
1.32001189110973,1.27755881249386
1.3669389832421,1.32215827354886
1.81263152828851,1.76613853998203
1.85909977311514,1.80875037302566
1.48059415713334,1.43654558140434
1.48543730839363,1.44014647581369
1.64467902807987,1.59101242120235
1.54366400687229,1.49498185963313
1.86808583683239,1.81206874632762
1.82026031343589,1.77671422909495
1.77766574347857,1.71790045225799
1.64298601181042,1.59837088687175
1.92984128522699,1.87619215226724
1.82190206992271,1.76513803841311
1.69091544018084,1.638928859144
1.62967647872229,1.57280444595926
1.88824574227406,1.83959207260528
1.57748697745769,1.52563922467305
1.75857344662563,1.69995396116292
1.67218611034411,1.61534700470505
1.46653333780355,1.4113971816908
1.66640319658752,1.61592507001376
1.72217974719444,1.6771762161456
1.54430804439573,1.49350473957299
1.49856213410242,1.44846012042593
1.92399255132809,1.85404788073318
1.72518035728536,1.68183427568116
1.56518121074281,1.52355184384874
1.5921665443889,1.54144054502595
1.50217771514158,1.45244025750591
1.32401395189743,1.27935510437565
1.71457096326156,1.6679142164352
1.6425643323179,1.58343903174271
1.35253676426287,1.29637064774953
1.85937738310725,1.81362942510061
2.22513347783384,2.1734458523225
1.4153709339426,1.36828115832987
1.46074246900046,1.41461998680055
1.64208257047386,1.59335104669171
1.52270978383437,1.47957249262247
1.73537885898469,1.67127665031106
1.74650973992349,1.71479025917977
1.72164696211052,1.67565982229294
1.54637868615015,1.50482951688931
1.76881069541405,1.71845658807713
1.96832036357352,1.92076062979513
1.85617962941229,1.80508345600318
1.25436876499086,1.21417123348188
1.50221995020649,1.46448357209557
1.69770563633925,1.65042848557331
1.8227200370555,1.77676679600152
1.84535484023846,1.80010151144505
1.67271369332466,1.61628042552908
1.41475551995354,1.37771014520317
1.63397632748898,1.57130617288121
1.84782264267844,1.79123283962809
1.5461686530578,1.50241320388741
1.73564888454284,1.66555486576914
1.62398917931216,1.56009958795813
1.65852017207469,1.59970667276113
1.65772776731897,1.61264469770165
1.67164945197908,1.62796875525918
1.78810324039791,1.74608618881937
1.54353983504521,1.5001986956913
1.58787788346552,1.54208814355045
1.41564720999097,1.37745265548665
1.90422210904226,1.86293518795418
1.35467081529068,1.31345742844076
1.38442057687552,1.34459541660967
1.96578961791138,1.92028606550538
1.67268593977213,1.62069064419502
1.77146267413956,1.7140032822458
1.75111419538579,1.68451516847956
1.9076496354003,1.84707717516768
1.75231805519161,1.70531229914824
1.48325041148263,1.43918200851164
1.57269268835752,1.50384928337295
1.43030706878195,1.38578354098001
1.43432717548594,1.38694809754678
1.45394900901303,1.41951592314789
1.56534990930605,1.53320657040013
1.82662221714052,1.77597381974847
1.69450500945007,1.66137864118704
1.6767678111793,1.6229798223233
1.42751709228017,1.38271691931425
1.59138443069561,1.54823198993767
1.74857503958906,1.69639036262048
1.60781565211612,1.54844964371523
1.65961620220031,1.60607119806078
2.12766078954917,2.07584711388158
1.96854107893195,1.89252941384975
1.86416234131251,1.81300378036024
1.34789286498891,1.31929261969704
1.7936358764943,1.74719260702553
1.77745796398473,1.72418210627269
1.76850304261036,1.72194992373302
1.54911824091429,1.49970378948777
1.72601608191404,1.68717152379874
1.52859870340355,1.46298608279599
1.51899263997147,1.47482920739956
1.78366388965307,1.73952085044934
1.5724133011123,1.50556577336794
1.65174462765774,1.61328507200489
1.80306856889985,1.75989357913808
1.59048792498891,1.51615352281618
1.93091964540929,1.88410913649909
1.69250416708636,1.60742656194782
1.86599842891656,1.80915558314235
1.57005730189032,1.51973554555869
1.78491400959338,1.73136031755711
1.54563064478225,1.50195931541346
1.76142118043115,1.70055991790731
1.49180529558604,1.45135593263867
1.74397028768806,1.67710900937737
1.82676604807741,1.77269917693165
1.67620375215774,1.61420351474175
1.52385893795841,1.47797645793489
1.37327466476708,1.33759819526618
1.45875320842487,1.41451307737201
1.53331235410214,1.48730212439256
1.66596765412441,1.60727169360705
1.66492779120136,1.61442639427881
1.36417171672318,1.31871925431022
1.51693421543545,1.46570875093211
1.84177058847276,1.78615618763971
1.57828685936868,1.52913462813617
1.7386898855727,1.69239845255315
1.68566331352792,1.6403295500758
1.46726988954952,1.42670392840848
1.74718982003568,1.70663797419026
1.77108288561213,1.72147408252521
1.70786195157998,1.66814581330136
1.51262710772309,1.47019400201098
1.88412711861795,1.8146154942984
1.80567453191319,1.75533796368307
1.65015566696272,1.60759791965101
1.49139398758558,1.45027633398551
1.58533747142004,1.53646776455587
1.85530648632444,1.77670601868496
1.89670771000282,1.84492751716566
1.84615019437996,1.80417476124716
1.57683889734873,1.50097808496821
1.51214189115503,1.45901377167006
1.415613268269,1.36621909610381
1.59079884502551,1.53899866989344
1.66498401604557,1.61096221927193
1.58027655520628,1.51494083099273
1.44951003998651,1.40419954026038
1.77303834984847,1.71291640032849
1.70834372429541,1.65349784061965
1.76839500754022,1.71882250848651
1.64030908258889,1.59770508894437
1.47968755774412,1.44795471573539
1.73697969800511,1.68757383907576
1.61166837902723,1.57253075835091
1.88866402689706,1.83683675968611
1.70251720956976,1.66229118141104
1.64477562038102,1.59093435717311
1.62405518056842,1.5752909860031
1.65224517063178,1.59945856057997
1.74270555704853,1.69336700119622
1.80719784003756,1.75049508402393
2.02410757962091,1.96803315319203
1.40502789991766,1.34868135838897
1.50853376298246,1.45663649081177
1.51016058187542,1.46391434450027
2.11390353092455,2.06192579014042
1.88465306504433,1.81509057202917
1.45189833954994,1.40700915227888
1.8303039007107,1.75966977367733
1.56126641051545,1.50905500008522
1.25204382869415,1.21277067416068
1.25396989965172,1.21309711991696
1.8572918485809,1.80560457035405
1.7996215378817,1.75113452022137
1.5235775472182,1.48195195522985
1.63073306619697,1.58275076285882
1.57206246445626,1.53654141735257
1.73644213378617,1.67870466545345
1.70044989248861,1.62068208786131
1.59212757174131,1.53665477555345
1.42559709848478,1.37603094271436
1.83136974234612,1.75731436103216
1.92000523352564,1.86935153547929
1.6214113356451,1.57857298252738
1.74309639373951,1.69772802775427
1.52629563258414,1.48391918243406
1.62765744827352,1.56750523002465
1.89934327611632,1.84249534727935
1.71475293450529,1.64490771637268
1.60742658823164,1.56179136441613
1.51971135262161,1.46406495182395
1.26649234209663,1.22219773203124
1.81501319615955,1.75019066794276
1.76105434689628,1.72117668235857
1.78322548348928,1.74086587395863
1.69668520122383,1.63803381538313
1.90030333787442,1.84036454682908
1.56014699257027,1.51017303290137
1.58018059573161,1.54088782580569
1.70253571050283,1.651542900229
1.97977950077592,1.90981889075645
2.20423089384785,2.14645919083588
1.53620329271743,1.48366613856614
1.53013891882941,1.48146625824121
1.57290814764463,1.52301346015666
1.78825010304416,1.73149286276701
1.60144365988379,1.55696630882273
1.36948899508543,1.33338068182228
1.69563057342564,1.63820102398343
1.4563704863602,1.40186223945134
1.80208254680379,1.73734349929892
1.70234022461402,1.66572135546505
1.71528310621148,1.66885493560189
1.61484953191137,1.52884956884321
1.67768118367409,1.61980378846956
1.54942502367363,1.50543534252896
1.43871850091206,1.39361442969978
1.67764014484477,1.63526743267981
1.77815936736692,1.73880665440541
1.65708789422356,1.6097612400386
1.22933303521798,1.19482427499805
1.81231263968751,1.7719026692139
1.64014742752584,1.5994420074366
1.65479680033398,1.57508158471563
1.54059570534344,1.48534116500457
1.57329911643859,1.51679265900913
1.48834529648667,1.45441031779874
1.68595693787236,1.63167658818148
1.61151074875575,1.56150010416261
1.70977618392428,1.65067559814827
1.99955665890671,1.94299887834491
1.93807282891179,1.88520068016823
1.66899540830735,1.62010955186665
1.72804015061742,1.66229049092846
1.5720731538232,1.50236471490592
1.77987220427453,1.73205134714187
1.82392853768754,1.7767123776829
1.75123245985115,1.69775932334934
1.44279081717101,1.40561657943515
1.75616467040871,1.69510525305547
1.88698389677329,1.82726067371866
1.45086916991291,1.40108430129855
1.7826243560566,1.72003909083255
1.69653460623426,1.64531610409887
1.60926077094288,1.53670464337629
1.51086356471385,1.45880435263636
1.62279646425438,1.56952114507239
1.73021520998242,1.66683407237939
1.73675883327246,1.69138202134177
1.64721370772356,1.5972783221348
1.70793644585262,1.67776267613632
1.66269837079332,1.61851592478285
1.74213341748142,1.7035941898241
1.63838514412975,1.58767759229552
1.40453966133589,1.35619252839592
1.70630838105931,1.64779473224927
1.67260817468471,1.62122378821928
1.73513950599169,1.69080576618762
1.77295774159161,1.70577975082083
1.35573970135533,1.31269943610917
1.47712254657564,1.42031855823421
1.93704516478137,1.88341989099513
1.68542286188014,1.62773111025652
1.56964778713568,1.52272705275554
1.85599637781108,1.81282619789036
1.63843527518919,1.59134016306004
1.844569661042,1.7892016235266
1.38853290481595,1.35759867583757
1.79962117992848,1.72773088618644
1.71569049251605,1.65428132236121
1.81569470980835,1.76443450379731
1.47565051698138,1.42777206967305
1.79232948936758,1.73802498445868
1.96823946218918,1.9077919129063
1.62943123760535,1.56527316539619
1.48251999851756,1.43306000501945
1.61266706563538,1.56337847097902
1.63199785689159,1.58040474531739
1.63411006579858,1.58464917355744
1.47543818178448,1.43040415371172
1.53864057034808,1.49067889370422
1.5832119009937,1.54851738650942
1.61485674948675,1.57524459083346
1.56971606586524,1.53788503985986
1.65461483349235,1.60749402991179
1.58002525743786,1.52364640441512
1.26644021416341,1.20590680598906
1.76509698749236,1.7118456059885
1.83529694562116,1.7893803934672
1.87815371029977,1.81717278559325
1.55898931245707,1.50673002329681
1.74929358175335,1.70418518766506
1.38638099005669,1.34403177729399
1.67761980338893,1.62972120147431
1.76698804115984,1.70393343948613
1.66990812018971,1.60456461172039
1.76107388561798,1.7143534550543
1.47246850705077,1.4129749105901
1.52498712980051,1.47262669619468
1.19963464880271,1.16181410587282
1.68732937480771,1.63851668192936
1.47939395881326,1.42937891537708
1.52448746122328,1.48416534812741
1.74737838870257,1.69339207155031
1.6399647396036,1.58424120513547
1.58699275797767,1.51915458891333
1.79576609666949,1.74616676763431
1.85419070555328,1.79512261591488
1.69675815649291,1.65109211090009
1.76199533516214,1.69758026394383
1.59226359209142,1.54524448777055
1.54811623179677,1.50771104392596
1.58510800495992,1.53562205897574
1.44406760832032,1.40415140406373
1.60715512606852,1.53400667682956
1.5860741695806,1.53436640838602
1.68523425539996,1.63738069520004
1.74628959807068,1.70271617658393
1.6420514388755,1.5973747276465
1.77787049527458,1.72299818775528
1.65403773531393,1.5880332412543
1.70833565135933,1.65445947965485
1.50340041820343,1.45516688626612
1.75023130700185,1.69393389122958
1.95832816421418,1.91479738436111
1.48795650365407,1.44149527154196
1.56194066011134,1.51881687701525
1.60194455132037,1.55976274273847
1.9206510451459,1.86367034897635
1.56316160800372,1.51908620420573
1.74526804194732,1.6826144198768
1.72739928307446,1.66781808484299
1.85432371110463,1.79550026352029
1.70903665539993,1.66462591320605
1.48486958080623,1.44708401217172
1.9061719061257,1.86053286135641
1.55575673903155,1.50028057534409
1.79773879881199,1.74568680769803
1.57448227030395,1.52338639331982
1.87608218228303,1.83006927503832
1.82801753117932,1.78067804741188
1.80675274185733,1.73341652023136
1.81849821973171,1.76958180156685
1.72393724252383,1.68553126811841
1.79002309510904,1.7407627383447
1.864583725083,1.7979683916884
1.50684809737463,1.46324512202916
1.61219651763257,1.56540177936625
1.47308509207694,1.42208525476398
1.66775194872949,1.62501856184498
1.54042950649389,1.50965485213122
1.72874137508748,1.68330577581981
1.59184573096766,1.55364652406414
1.76623392996858,1.71399590524061
1.66487251010005,1.61897126546053
1.81265076994623,1.75427766652684
1.65983892320927,1.59260137117586
1.45761036920465,1.41072452724985
1.61884447333052,1.55883419509099
1.7309844742674,1.68512506970973
1.61501003448725,1.56416721041485
1.67469510513457,1.61449192800693
1.61089095144749,1.56059006890794
1.9034963399782,1.84994618199281
1.9661977630501,1.91907076267243
1.71137556038334,1.67411848396705
1.69106622837593,1.63807100228057
1.43140980997005,1.38533935035347
1.74303101087124,1.69899941029152
1.78258332257623,1.73207277703179
1.6562494855586,1.61017569463725
1.67435152669758,1.62496593443269
1.58483171133587,1.53915969792206
1.6747485630623,1.62641995219945
1.68463489415832,1.64134618425648
1.37272026860181,1.33231501734279
1.55283957548275,1.51056109541383
1.47613228899626,1.42366286025122
1.692080834122,1.63981543656577
1.64864964644382,1.58900712459067
1.74928412555381,1.68885414389957
1.3768729389695,1.34130036676167
1.60640196073155,1.54445222974343
1.69566164445314,1.65388576752528
1.63878061423555,1.59113942001302
1.84427429657,1.79186416146725
1.59896248559413,1.54590208959407
1.32272973743079,1.27476871429827
1.802619377977,1.7384205704659
1.57216127595976,1.53521340064561
1.64561426283231,1.59613087099247
1.51600772311236,1.4756733367375
1.19910271651977,1.14826299809571
1.94032277085583,1.89129981480718
1.69502589116933,1.64624777220126
1.6050405053705,1.56096476555632
1.77973631900576,1.7199466333272
1.54900151764015,1.50429575540358
1.73461824702473,1.68299820274721
1.5015268196564,1.4608408364068
1.3934885447796,1.36036988726768
1.37826758138254,1.33067445100325
1.86235381907699,1.81965259699571
1.75627616620254,1.69001947550358
1.50618916846455,1.47753800391802
1.61890251345562,1.57258042434381
1.70068275045741,1.65200441839038
2.09717994016921,2.03160998083805
1.91074643664638,1.85018882737821
1.42359506831447,1.38641048274004
1.96893916381686,1.91869703109095
1.72974089345449,1.67721346742818
1.62394109445613,1.57801539963004
1.4576556387799,1.41521407716672
1.54701894809686,1.49518689270755
1.66524709235971,1.61328814690778
1.39912688314119,1.3626629486159
1.81303752717615,1.76399188851631
1.58867177920925,1.5433039958151
1.25177360957813,1.20626522729992
1.75994864063851,1.71192925189774
1.51610422639177,1.47589481582287
1.65714262164552,1.61987969948143
1.59370996605467,1.54932976936248
1.76318737941975,1.71373593532483
1.5034146717742,1.46512408338726
1.75835882026641,1.71326556343692
1.69862953120706,1.63414930447495
1.61426830234128,1.55938178092983
1.68722327405024,1.63955215337952
1.42862108809563,1.3886958425585
1.69508752370836,1.64866151690031
1.79242098428536,1.73552067971184
1.65265926720587,1.60765424580401
2.01788253779417,1.95486016522129
1.50860249701724,1.45955661511713
1.88754128237161,1.83420824744364
1.73067761211647,1.6798747983436
1.54281515153536,1.47160939236063
1.55547228243654,1.50408723938186
1.73266427815907,1.67520571771966
1.69912638103598,1.64129865018302
1.71756002294857,1.67210526255291
1.65227025154189,1.57059432186632
1.57181000704652,1.52728447429741
1.46725455999195,1.42806029866441
1.68367845437116,1.6439051739284
1.34573735112032,1.30537929610874
1.82040822721311,1.77540483627157
1.51754160539771,1.46857716065984
1.5997022666008,1.55670432855367
1.70098646580407,1.63900845773655
1.76915479061371,1.71778917217372
1.48793702909606,1.43483399566433
1.5325953648986,1.48356300902663
1.8366799167476,1.78623351540876
1.37791458680646,1.34134419882417
1.70179786019977,1.65890140755521
1.94464744255661,1.89149263072043
1.66737980125165,1.63211026259834
1.40136138847871,1.35607940354976
1.60197633031932,1.54615017520431
1.82536742181227,1.77226604334411
1.93887344704378,1.87260721159761
1.13036196236942,1.09920956910663
1.3655355944012,1.32603914184254
1.62863844562592,1.56474211007281
1.49218333544493,1.451649657193
1.89300732571853,1.82935088659879
1.91991793674701,1.86311276708597
1.65597290762234,1.60928230795818
1.66852339591385,1.62039787608117
1.88020115348849,1.8248225281708
1.67678504525434,1.63531709316207
1.41666595737529,1.37563792726985
1.58713325678975,1.53797266830162
1.61675119444099,1.55919333975064
1.59828656484829,1.54436705133247
1.65179045444772,1.60100423769118
1.67457237593211,1.61528996437332
1.2617278251244,1.20745597786527
1.87887553155222,1.82972863271281
1.47560713689086,1.43294492529192
1.63036806857763,1.59022202250587
1.44695136574676,1.40742456776195
1.65107181541945,1.59111459264578
2.05755074059361,1.99980677067109
1.55717303107094,1.52120278145396
1.43270474879372,1.38917177026758
1.63207507640867,1.58587112123584
1.63418899891518,1.58249050025984
1.83359683960645,1.78600414204451
1.4576506474394,1.38940362340986
1.5730956202119,1.52913762725652
1.28595836222572,1.24676164260101
1.53463093275067,1.48999731940021
1.89587755978589,1.85846353760114
1.7567340049191,1.71136322593216
1.79959161051007,1.75334758112007
1.6098337362275,1.55654024370873
1.82439891977551,1.77650610928226
1.80390586851767,1.74697013992642
1.41242077889198,1.37460348876376
1.65124948681129,1.58388766598644
1.68217873465511,1.63422744479622
1.72064740860652,1.66568032520988
1.62481130234013,1.58251714839686
1.77278725743631,1.72272165411454
1.49817613715852,1.45872671567046
1.75387547267651,1.69662072030394
1.68690673482393,1.63535675008485
1.69629149874951,1.65423778755867
1.43442596026446,1.38132746832821
1.65077183430305,1.60150874887838
1.70096780511302,1.64152087415378
1.35372873884793,1.31429737496776
1.58743337675314,1.55215853154138
1.88612711959723,1.8356013528015
1.60487921147424,1.57466612046655
1.67328749710379,1.63660687254524
1.80341589910443,1.76127986843026
1.54701733588907,1.50242704116527
1.6601840041062,1.62520286810521
1.68076009289387,1.64042484843451
1.94136212146398,1.88400577075713
1.82726189617164,1.73439921244587
1.58419669093303,1.53732436230027
1.86044211339351,1.80934563210566
1.55998695568498,1.51414253862148
1.76127148253856,1.70986869021499
1.49784346387135,1.4588231932927
1.78036467958516,1.7313449766405
1.47547967536528,1.4252784066131
1.58617416151085,1.54801821241135
1.67319547899627,1.61897450109725
1.69855777287304,1.65738263967706
1.44161719327768,1.39598943662721
1.76201121297405,1.71359980533318
2.10520085879375,2.04446223643447
1.48659086983247,1.44169555675376
1.80366161629976,1.74523625939985
1.52473693506448,1.4532883441279
1.48005205612409,1.4385599186265
1.424723464177,1.3728963243777
1.55755227301642,1.50632118733156
1.38314857703128,1.32330572050548
1.55233183466536,1.51347073009204
1.51327090762441,1.46759061753192
1.85407367261139,1.80452505146637
1.67363832532106,1.6334961369393
1.55233999829082,1.49680664478928
1.49337958427889,1.44761663590676
1.68926547546145,1.64273822225326
1.66762557705722,1.6201969103341
1.568281516929,1.52152275208712
2.32426292593466,2.27233925812928
1.56647381441482,1.5205660714209
1.75841291643309,1.71540308414439
1.4329651654264,1.38523100149152
1.53453093503974,1.48678924524193
1.66051274219974,1.62240066227689
1.70835208649834,1.66764355618293
1.75103609980686,1.70575914584834
1.37682237129177,1.32888299357422
1.44947887513482,1.40311581066959
2.14170289852373,2.07661493844459
1.54716574776284,1.48749692421817
1.3540228475343,1.30492069728468
1.3825964312451,1.33452693542906
1.69642984640873,1.65269197213927
1.3596361892226,1.31438183620005
1.65930514421484,1.60332721146047
1.46859613624646,1.41789814767569
1.46968202915662,1.38830982469027
1.41492541540127,1.35637394506929
1.68127762396501,1.63044477459642
1.71813847193594,1.66930111840052
1.7607258517827,1.69829503991946
1.70641151329579,1.64573690656838
1.57902539946776,1.52451963252594
1.61213857135,1.57001664052157
1.45985992293177,1.41178930467169
1.86408807419061,1.80922550265175
1.71939529413951,1.66776174763471
1.66041989193856,1.62360912547126
1.6288414277567,1.57955312555872
1.84566005755964,1.78519401221447
1.56649408406085,1.50425251000806
1.56577867496388,1.51738238703961
1.68763015697955,1.65333181921346
1.75951755271331,1.67626543988635
1.5476326524646,1.49645714761773
1.59093222135952,1.53833753057116
1.48274033997069,1.43425441253754
1.41491064262381,1.37005050101495
1.95964542258583,1.90470932816086
1.89686829087805,1.83881509625293
1.72464726776945,1.66350225669505
1.42131359910759,1.38254480597833
1.6065771599914,1.55491163901288
1.64901635316845,1.59367995857129
1.43968133426233,1.37309911849545
1.47687520261383,1.42981478508631
1.7043290237148,1.65521577755265
1.9213605269178,1.85750189639418
1.56891106400934,1.51222118062969
1.54447429824202,1.48493235139308
1.62806285435309,1.58520339660142
1.69314902893503,1.65006646307436
1.64009947570659,1.59953413694134
1.83259795532172,1.78188534877137
1.49094217033545,1.44829233701006
1.58231714650367,1.53320837090327
1.77122363028742,1.72040307145804
1.55852624980338,1.51356956899107
1.5260038160443,1.47209142439743
1.76428192484671,1.70618671795846
1.75146860787909,1.69679692066023
1.56862485659188,1.51979119066389
1.45932465068719,1.41598715573714
1.50414391500022,1.46132786045121
1.33535825824296,1.30218153100558
2.14264825324483,2.08044206851857
1.67935008391715,1.61815822424557
2.25234012839784,2.18570483954956
1.80028333647843,1.75725950519819
1.78930337321051,1.74412009178459
1.49072280237411,1.44566979111314
2.00104606165542,1.94077749724957
1.66841955721855,1.62905543175353
1.69434693157803,1.65077264465343
1.67747244204199,1.63363584246491
1.77238548788442,1.73459388593169
1.21420716289161,1.17754040042106
1.62463211499362,1.58316863930062
1.46618779406424,1.40915214455381
1.58012249601637,1.51727238014691
1.33632017815812,1.30985970700933
1.41690764495388,1.37542584174901
1.41684427498865,1.34482530009568
1.70606284590531,1.64016399294557
1.73025016590141,1.68833893116706
1.47093979148213,1.42299885052268
1.7297673928779,1.68697039721187
1.7074102148438,1.64790927869372
2.19162833947264,2.12538822188856
1.76271668021276,1.7227132952199
1.55695925096413,1.50339897264149
1.65368401107894,1.59342092697734
1.61164871210304,1.5613579002006
1.82514842417026,1.75528730617364
1.60413641949708,1.56745166366676
1.84816474364213,1.78698587785122
1.63339536003214,1.59523388397055
1.44505746762015,1.39824477311032
1.47243553903964,1.42328254721643
1.45463686072693,1.39741277880744
1.57268471056141,1.5285712279384
1.66458546061841,1.61000720371145
1.38215241211153,1.34454271103187
1.64002365851707,1.59017826853797
1.83426986178969,1.78017222712048
1.55571384857836,1.51392264301959
1.72286982026141,1.68676818937052
1.68614350442561,1.62716367456036
1.83944517400943,1.79936906418608
1.80274600933977,1.75779537551708
1.83540932305538,1.77566606086602
1.71913686071247,1.67584165274542
1.79492859036298,1.75187882466288
1.86290826028216,1.79503413138777
1.65705739374495,1.59678213979529
1.66719246802483,1.61332960809606
1.55362457438487,1.49099763262458
1.82221499247243,1.78163309856882
1.41007909539887,1.35942430993747
1.53252981640765,1.46874329153739
1.54926620703089,1.50716833538982
1.48098802274536,1.42281626523317
1.72840025983453,1.66954056177541
2.02205763422461,1.97494038666722
1.80004771841129,1.73071663253612
1.59320760037417,1.54957201783054
1.38848759233501,1.35178093600102
1.33026385463097,1.28585651276073
1.59886282658967,1.52848034395172
1.78217069301467,1.73275002272924
1.65463565956292,1.61701993039011
1.67484713929516,1.62624450441177
1.66189566029305,1.61340242583606
1.44344277656359,1.39408754378153
1.5607635628471,1.50827788073635
1.58981335356917,1.5295024448801
1.82516225287756,1.77681339112118
1.7212493557764,1.66571975594389
1.90736053387871,1.85433617939928
2.135709155007,2.08409058098844
1.54849330686676,1.50493413066496
1.60814797271585,1.560877143593
1.61947320533949,1.58491845816606
1.77495271990851,1.7313333917615
1.20882023525068,1.16594549602723
1.69269978953078,1.64130261832589
1.59159331930178,1.53744600228046
1.64747183060103,1.60259346016544
1.74790226121474,1.69645201797253
1.71542162247791,1.66561102019017
1.38657506856741,1.34331758321544
1.73192994859379,1.64167280452138
1.62512431588046,1.57440300339895
1.51188223060547,1.4657038901111
1.58513075409777,1.54152034422998
1.82105649155951,1.76843018511365
1.62542789778903,1.56973613635571
1.55740396049661,1.51406244658127
1.71971151112435,1.67572721412702
1.44229493300389,1.39188043451709
1.45054576173347,1.38901627575646
1.56073357630253,1.51863272601527
1.60463199499642,1.55805863808157
1.86412315727109,1.7805685272932
1.68250105204925,1.63544167015818
1.20134109909274,1.17202943884938
1.50047039629472,1.45576702276306
1.71018019666699,1.66068439780731
1.81872765271574,1.77093936788641
1.64328947185753,1.58095052507863
1.8200521150246,1.77796182890295
2.04676737495304,1.97716563677213
1.60111885667736,1.5486678191448
1.65540781745049,1.61574775419715
1.74668175936055,1.70162946261178
1.38235084880101,1.31377556170183
1.46274340051059,1.4199281822241
1.60100871537822,1.56293577771249
1.45143707392654,1.41455021282954
1.81016252945528,1.76635683923657
1.47700896633923,1.43290844683697
1.61204686840646,1.57011418681026
1.82484013046597,1.77923817521414
1.49310371600851,1.44311866269656
1.48215793894911,1.44679962980162
1.82928703467872,1.77247646631291
1.56829846593576,1.51778919264506
1.6189469691411,1.56874290600722
1.39508423639736,1.35020927087264
1.48894243401577,1.44818223867885
1.58782060691281,1.53936955558932
1.60139476305655,1.54995335326975
1.65605774886918,1.61189266097896
1.32747549530326,1.271006447306
1.67879408502271,1.63039156913951
1.43638385678767,1.39601849788408
1.65159577103086,1.59152713135102
1.62581188601048,1.57800175686298
1.83722861805529,1.79382308033914
1.68365365855497,1.63959360068061
1.56242279156878,1.5163831320434
1.92569704390876,1.86260587214009
1.80293277705786,1.74049193371307
1.44876808197355,1.41288757403846
1.54381237826999,1.51160262451704
1.79450000115266,1.7435688070883
1.44764340532434,1.36585095753119
1.6946240380179,1.65440749206854
1.47298276715289,1.43048697568108
1.67684101488628,1.62795454819298
1.7277291926191,1.68519213500851
1.55257433116217,1.50867613703386
1.51573264638173,1.45832453105844
1.73428823033745,1.67771266925631
1.60962222065436,1.55129365284595
1.74724949925816,1.69695349354555
1.76814711055822,1.72466436516911
1.51325799490655,1.47590837895285
1.49946491635526,1.45315947453985
1.86862922424042,1.81976483134176
1.87551639055864,1.82281895726838
1.72661325778471,1.67459945351618
1.81143270910428,1.74858903080051
1.80532083572413,1.75934164924424
1.544134702627,1.51036579275933
1.66483868023116,1.62666954679151
1.78362871095024,1.7307506223909
1.63312160298524,1.57815101709374
1.51550188207619,1.4567145395241
1.76332570402539,1.71590431245228
1.59277990662198,1.54579487237494
1.66094604119167,1.61437395180694
1.50902940355063,1.45842679059831
1.55460203249745,1.46448890373307
1.59707832816016,1.54459173315136
1.96600179550906,1.91079971012324
1.21142890674189,1.18044282621795
1.38998724896745,1.35091707931677
1.39475293193587,1.33091350618111
1.68693264114906,1.63729665866027
1.45359819879543,1.41373857814179
1.36971297724405,1.33172399720481
1.60852295705549,1.55623761427919
1.88225927913023,1.82752519441057
1.92820440895446,1.89134214519579
1.78687623554047,1.72363369719698
1.81791470175502,1.74647944884765
1.84832800192239,1.79100681869794
1.673593198146,1.62081303639683
1.75034498266914,1.69098144252311
1.77423509300861,1.72649480961416
1.88638130567098,1.82474562194673
1.61280675164578,1.57178317501406
1.63492724010047,1.59351669784294
1.91203723331775,1.86347689385753
1.64604594191365,1.60572969990655
1.6841449442305,1.62186535279122
1.60800596582371,1.5733494948809
1.60430009963844,1.52390050156243
1.8480459797771,1.78510678806286
1.60179680088574,1.55202304497782
1.65673480789156,1.59609654942712
1.91104492884415,1.86191200323588
1.77194513768148,1.71662720959016
1.808698044038,1.75002967469809
1.55897626385774,1.50104526476127
1.69897460694795,1.64248343756212
1.13023408222195,1.09965839452504
1.91944364457427,1.84033668144368
1.8675941412074,1.81343096588311
1.24185940211819,1.19231681371849
1.64326218788599,1.59063728078501
1.42941938257254,1.38232250155035
1.71529268188463,1.65252532685169
1.80805122824893,1.75902300862446
1.48819989280073,1.44006857696248
1.73324454720756,1.67794439928399
1.52375374200247,1.47656969949282
1.64508609990957,1.59737212613702
1.69009151452807,1.64708839857557
1.65448386480595,1.57914251749499
1.75078508925616,1.66366596166489
1.43332067489732,1.39444858432748
1.63429646113814,1.5912053480094
1.77028860327731,1.71708141120954
1.63207128101365,1.57882023021246
1.73279546493506,1.68258465532405
1.88100557740427,1.82813909144043
1.66127776313475,1.62750065384637
1.65698458333452,1.63105158855366
1.59836298170325,1.54852686415965
1.46029882001178,1.42153315188267
1.7241336290927,1.67812501876683
1.55990284857748,1.51188431060449
1.98476110071783,1.93279202890025
1.57773784926619,1.517647940551
1.5216271846753,1.47414372116211
1.65475510879486,1.61320276196648
1.80616245145696,1.75896648672265
1.56651792595135,1.52212441508897
1.62985297379551,1.58121868821888
1.39017169045763,1.35134719389127
1.6239052377271,1.57864202424404
1.59100562904986,1.54434740469887
1.79379761643115,1.74150270058002
1.92239747616615,1.87427049683333
1.61727722050755,1.5620761519849
1.71206501469919,1.66956132810128
1.78854249851208,1.73887409202606
1.437226746293,1.40426184816196
1.53373067830437,1.46916638715562
1.66552961250176,1.61912206228145
1.556399769835,1.52096398843174
1.46682459687933,1.42553063069518
1.61104367056572,1.57979315862523
1.74885801513367,1.68988614953725
1.49379600302943,1.44799571101365
1.75067774839975,1.69980228412899
1.69294217382117,1.63226800798945
1.73558203264434,1.66971550679584
1.65156403175615,1.58414518116025
1.85222186425553,1.80916696633396
1.89972286300989,1.84264304382973
1.67722016347467,1.63162522744246
1.7357860518291,1.69033094798036
1.51734966055219,1.45068609040794
1.35080945601303,1.31068294762601
1.6842851381732,1.64127129698404
1.73779349700273,1.67581821057127
1.532470955215,1.48122245032811
1.45806979719408,1.40792495905912
1.5309030375166,1.48106942567814
1.77208762269473,1.71042442721937
1.43394747672423,1.39685099993716
1.72103705737753,1.64934418769755
1.9219279031931,1.86371768883718
1.55543625221112,1.50006739146617
1.82368729710909,1.77176325118894
1.64970289923066,1.58954696484678
1.87480744487137,1.81885512346857
1.30788207189024,1.28004328447409
1.63399107473979,1.5876260147214
1.53877502703574,1.50682202630379
1.80978573787872,1.76835794366809
1.68615317057936,1.62833903870299
1.70856934330878,1.65449194700902
2.07186900617287,2.02182310918129
1.50632120044804,1.44614453551361
1.761208365745,1.71555823751797
1.75978807074087,1.70485254642467
1.63556530085657,1.58107843881423
1.76590554199299,1.72305659726704
1.59105251753688,1.55269119398074
1.78429522356144,1.70432521751918
1.57748215088997,1.51750129934657
1.69798501110473,1.6477902193324
1.42646627273356,1.37982956666759
1.6857156861868,1.63542802301533
1.48664433379375,1.45128121226727
1.70816477641274,1.67006539284229
1.55346218848631,1.50469789507886
1.77294966991232,1.72968678596064
1.90559768001141,1.84930903090846
1.52036997506439,1.46507419104793
1.44263802860597,1.38106103971216
1.50702706107278,1.45390743598282
1.67488106581518,1.58596947509136
1.52779239273746,1.49235949089712
1.39892301216884,1.35805844870255
1.69923693855293,1.64979461618715
1.79259607372896,1.74878394272403
1.75001435652914,1.71197604761732
1.86472020416995,1.79832275245505
1.42916444443359,1.39543728387147
1.6936586381168,1.62829949572507
1.67004889500416,1.61699616682037
1.5223337950316,1.47055552334064
1.46335914572394,1.40678607072234
1.56802729407962,1.48568703429307
1.44132299022526,1.39481851217422
1.59858901299734,1.5271143623523
1.44170536118065,1.40526162701375
1.58294351842436,1.53454881974549
1.81261642876822,1.75210408452095
1.4236516054118,1.37845946759024
1.78652940979306,1.74263647805477
1.56138880118594,1.50960974668548
2.00675276939477,1.94421186746551
1.78535985332181,1.74315297778245
1.46246005197868,1.4099574067477
1.63595372051893,1.59473418606403
1.62607404538567,1.58010403704038
1.9116466301911,1.86099266348656
1.86622843976559,1.81293567081058
1.69585607496863,1.62660725219153
1.56093375031151,1.48122209180022
1.62507263752485,1.58091589682402
1.30232997067945,1.24591173989041
1.78325930560934,1.7343051144417
2.06554331674438,1.99549966244313
1.5856942623459,1.54146799147692
1.66049990483019,1.60426046286852
1.65814292388386,1.6157014492753
1.68156739159169,1.62033783995028
1.67832662160233,1.62660353566846
1.57179473923153,1.51336782513318
1.70029449532793,1.64078255337648
1.49170366972839,1.44161373090129
1.53299540964184,1.46874362148511
1.67389150877657,1.58466378917791
1.76934628863897,1.71580175301803
1.66036616552283,1.61042773687773
1.49292089896099,1.45119003577601
1.96268441348428,1.90738435059762
1.5779916265801,1.52174012245601
1.49563778033161,1.44382569446766
1.87791553564493,1.83523818540208
1.73884677520729,1.69424427950435
1.91775695803813,1.85480141103363
1.61004306477036,1.52631640490192
1.47139494936169,1.42333914005796
1.49320044796376,1.43198358996148
1.69538306289692,1.63289328990778
1.83611165565051,1.79402740963094
1.64571399922981,1.58360376696234
1.52951648590171,1.49257637837421
1.67180875226401,1.62764778409242
2.1063456745733,2.03156513831762
1.23757018415597,1.20110675096916
1.84910703571842,1.80195440399596
1.42175299053568,1.38022637818007
1.85603227190131,1.80971035009632
1.8791147554602,1.80032025438559
1.6883811541128,1.64651632894991
1.72013930033271,1.67505867502993
1.58788408767501,1.54229644738266
1.66687476573136,1.61233455753146
1.54436992700061,1.49464538894111
1.57775507939478,1.52747341892572
1.60724863994372,1.54517944066465
1.57463030443516,1.51533448936536
1.69580472363597,1.64960277611885
1.37491142854572,1.33560379985754
1.67187824681512,1.62600964008973
1.76405786141835,1.70748130944065
1.75018840585244,1.7016232657976
1.75758854703038,1.69764491661854
1.67407022341967,1.63107704064352
1.35575817087579,1.31488681424272
1.53388370219132,1.48677074416026
1.53218325893453,1.49734640670056
1.62645770203079,1.57932083489145
1.8769757830064,1.83202331849213
1.4843400065225,1.44267141149131
1.51200802917948,1.43885005266497
1.72135773261048,1.66955571513186
1.72892130495102,1.68652367916011
1.56168585039646,1.51528698304686
1.86427671832981,1.80932673418234
1.85961481240382,1.79347032039421
1.70624828923757,1.65474779708485
1.68798948072165,1.6521074955007
1.53509551597392,1.48863399615298
1.438707204228,1.37798552324732
1.74260835849148,1.68865160628592
1.41212103192572,1.35861895269196
1.56704359410317,1.51147461246604
1.55064244199033,1.49015734495032
1.75011840671152,1.70469596605642
1.51125449889721,1.46064721082335
1.54223984193603,1.48802310543016
1.44038646610049,1.38506068148927
1.7060084704985,1.66451996996972
1.69993503459698,1.64723861595858
1.68654902608892,1.63832059539371
1.4883304645254,1.44577313529978
1.78627604912684,1.73836416207486
1.81796102222341,1.76744589583772
1.59987368784704,1.54649698353469
1.73112177131873,1.66202292909049
1.70761624144624,1.6619676281729
1.45608301821783,1.41974781831006
1.3494259992539,1.30787342283218
1.84946156584197,1.8044815530214
1.68340115981681,1.62088015951612
1.54012390112729,1.48867381309714
1.36387369555229,1.32510793913441
1.63643571934468,1.5822282978139
1.63837684846929,1.59534392159785
1.57200162739491,1.51674974283598
1.67246205652318,1.62404441529765
1.42570502449203,1.37885024066178
1.49617691701934,1.45764289936767
1.49501586453817,1.44143201891633
1.33693734337072,1.29873582999748
1.60650693816548,1.53986303179597
1.81958083526325,1.77603866469051
1.57988238559379,1.53590667393337
1.78831590320562,1.74074645852409
1.70525244270488,1.64949257631941
1.51929417552539,1.46658260259893
1.70753807642057,1.64138066285149
1.50149877218537,1.45520382827791
1.41471080136185,1.3827236863529
1.68909795471165,1.64228925652528
1.73512027511538,1.68397410982079
1.50731639750702,1.46669126280374
1.56548181420999,1.5112975357134
1.60518378031803,1.54785991763029
1.88184819731049,1.82165860059958
1.60279267755716,1.53580453322812
1.23199898244263,1.19040712619341
1.58414831063817,1.54535985419692
1.58595914977609,1.52008302888792
1.61401185321492,1.5463182259152
1.65678126980662,1.6217740674769
1.95036008904156,1.890142824287
1.59964998762068,1.56211576725967
1.74810698088659,1.68476858230202
1.63699334627483,1.59587452973991
1.72373585195554,1.65450475202407
1.53076527558538,1.4890020637347
1.63193087484772,1.56775680007116
1.36064081104779,1.32135903394271
1.71855978283847,1.66052302916894
1.57675192990735,1.53243019906164
1.76065168242954,1.70945305554507
1.53508779596191,1.48637973907199
1.85731723403003,1.82034712273214
1.37507698747172,1.32774603943385
1.33752498094939,1.30208721924323
1.74850420263418,1.71091789782207
1.7664419320767,1.71074513527838
1.81529340187165,1.76537820961858
1.51194257240994,1.47029608200194
1.54706098697589,1.4971830930434
1.4859351559569,1.4250176147609
1.75594107499625,1.71447165561354
1.45366024486331,1.40640800413807
1.85771201221664,1.79726354731564
1.17052254267857,1.12722651902821
1.6238145228822,1.58144267171298
1.72622988983092,1.64851027155995
1.78602094971543,1.72854648420149
1.6503072114584,1.60262807923686
1.68612214151336,1.62831464458906
1.81347300481348,1.75389017170497
1.7054258559783,1.66316036228329
1.64522991427597,1.59108941787943
1.66426434245633,1.61560860601169
1.55014170801758,1.49209304137754
1.73903374900946,1.68152771107348
1.79391733615771,1.71451395167694
1.7736987919558,1.73547496470896
1.52750568964999,1.48342362226985
2.04813689886906,1.98901554724363
1.45741290309229,1.40750578847846
1.39684811079859,1.3471648019136
1.56967922692651,1.52379349221072
1.51290479946758,1.45781191487869
1.55151056419431,1.49823178868831
1.56996706132508,1.53387989507129
1.89356119867914,1.82512528288823
2.0860784278999,2.02259982157586
1.56730439374383,1.52105600526229
1.76370167511699,1.71362315498487
1.4074527603128,1.36098593311437
2.14677431883859,2.08988253747169
1.77381361452367,1.72011420198707
1.70597679930537,1.64408125207098
1.73027381959318,1.68504910196438
1.51110188975602,1.46733526779511
