r0,rt
1.84140741634937,1.2451508366003
1.98576615551152,1.39839740481376
1.92135064923133,1.31256288815939
1.75914207735635,1.34543003890456
1.58325961470024,1.1297897851919
1.71298099987226,1.18229856432952
2.27755265786331,1.44443119650406
1.77467308564831,1.33552605383014
1.74882186887498,1.42512100449832
2.04062330452468,1.48217613682589
1.94115375962843,1.49703441370442
2.04474851119971,1.41502797906323
2.04596500986784,1.44668087094559
1.77195713970554,1.39720127501042
1.83254671750485,1.31228123005741
1.87383123629917,1.13837564231121
1.65962659256085,1.28292399474985
1.95863898711089,1.35432506490754
1.94662202666852,1.43424762448758
2.20788370790758,1.43134832180296
1.76584342852629,1.3329056621744
1.89603489660327,1.35261895582537
1.76529746108714,1.2685336619565
2.23812231515387,1.79659300679123
1.90094487270698,1.40385557843999
1.85215305020348,1.42909482589336
2.31536219696029,1.75653048988375
1.97345581598797,1.41326603080271
2.02264336852957,1.38011640752952
1.80313990752513,1.27465958882546
1.88315870332195,1.25835952062752
2.03140685391683,1.41319179134293
1.88643509925472,1.42721220725461
1.73528669164178,1.32426304704574
1.39310370686665,1.17432428372025
1.83207478583925,1.25352158842107
1.76866425923499,1.41247766608185
1.5484690580063,1.25021074758237
2.14512286024631,1.48013819979707
2.22715251184439,1.52475320670779
1.89017448556405,1.27774167983547
1.83738428215321,1.31655150578752
1.83905945317237,1.20422025910037
1.85780891614522,1.40773075915456
2.02407891924839,1.42018880244397
1.93326434184555,1.49624625391421
1.74195149019159,1.21223344562228
1.89961187339706,1.48740734233695
1.90811575274453,1.47367365458567
1.96153337362764,1.48709190159513
1.65825353991098,1.14313164812019
1.75424567955956,1.39778553538601
1.84772404517893,1.49049838873444
1.84179817042331,1.38457630186626
2.03269308617598,1.54342677388202
1.95111482910366,1.35391387535426
1.82762757874082,1.36010165200903
2.07297511254025,1.46313826263823
2.12140760499686,1.49667559622576
1.97537639140479,1.44108182077674
2.09775030447314,1.48893332612865
1.71089924245774,1.39233221891723
1.77650346599603,1.23677493676982
1.99273019306837,1.47347373092587
1.69009860074254,1.23784700326484
1.75913813506947,1.37931119284612
2.23719997260795,1.49630926311881
1.70172587300145,1.21541320675165
1.98852343928174,1.45954402830421
2.17106733496164,1.50122403681226
2.02804406083616,1.40847258692928
1.89213441071596,1.42369835123733
1.94913582093004,1.5104719489183
1.72416897871687,1.094396748597
2.14329260470592,1.43441667410678
1.98441030224958,1.50881430860009
1.67997131550621,1.20080746637027
1.57493515754445,1.3334012866321
1.93074235773168,1.5179398664714
1.97727687852725,1.45091432054241
1.74879293005598,1.22592842644754
2.0013634201198,1.53845160035845
1.646988566132,1.2995503006945
2.09391849565402,1.58740158642461
1.68781037275846,1.22691976913458
1.83253555190888,1.29422899884993
2.01875398011312,1.40741688470009
1.63292704225013,1.20328677658502
1.9640239064779,1.36892905774077
2.2294455757413,1.57115069057498
1.9566349017946,1.437224632464
1.6252964949954,1.13108739785326
2.20639566375441,1.43516746888698
1.81286177964431,1.21477493046171
2.01828874274709,1.46391233171056
2.05292396772992,1.55965896141706
1.56182696604904,1.18480257216734
2.01754723234988,1.48045381569559
1.83930231226199,1.36176460947623
2.02790475025104,1.45831609182568
1.88762777611176,1.33811764001673
2.03250838975129,1.38456564571281
1.88212052012941,1.47965961626823
1.97450675412599,1.3488806086096
1.98543542338159,1.49706026035605
1.93514577882489,1.41699835442854
1.5930448557034,1.18836780728426
1.93727721041927,1.50977051564719
1.66976473177644,1.23936954463541
1.98170863779825,1.47477046511045
1.73022952742898,1.33960340109748
1.85282625269311,1.40037915149592
1.49972157893105,1.16352920081185
1.89420105934136,1.4097250471845
1.83160086152142,1.40505648350741
1.86328438039202,1.41344779581798
2.10264143969682,1.60717133096293
1.94029867598231,1.37432804634687
1.39534701235042,1.1394427434493
1.60330844391247,1.18721333434054
2.26462769886996,1.7615424801283
1.74825060966005,1.23386419694125
1.99963418474529,1.51697437506261
2.04970964593352,1.45141533008753
1.78918650039133,1.28160808153711
1.8197996908879,1.34281371279499
1.69628974865328,1.25542067902034
1.7769490609365,1.38719573393412
1.94894580130478,1.49513106116009
1.94748944405264,1.37129202421279
1.60315941882399,1.14637778762321
1.88093775842715,1.45572531224971
1.91671737420287,1.4606054914753
1.8063397036975,1.31566567224624
2.06177448442979,1.4173009522026
1.87215947496861,1.42453505194453
1.70939760007984,1.31232852977447
1.88790217414403,1.36581979502358
2.05272752602293,1.46968791803529
1.80211451067661,1.28839108794926
1.95799990119977,1.45243586800559
1.91868221524248,1.32087497382702
1.51276712340518,1.17091171805802
1.93761328669767,1.36336682517221
1.72185873248161,1.30180576376837
1.87171050616209,1.3880009556603
1.82781544992427,1.41462096089665
2.08481348023601,1.33875693027518
1.92171921795355,1.45991246375099
2.14207258994312,1.43780484578258
2.42380633148864,1.94530896543223
1.82734028984823,1.36140703615446
2.32958725710951,1.74122204224961
1.47290416310437,1.0779112170995
2.08972675687406,1.36850092875246
2.02428854640701,1.37497619871984
1.57758913166001,1.12976223149332
1.71647841634626,1.25213456567609
1.67800245571611,1.20656552650166
1.40608333079782,1.02301592680964
1.48400628591378,1.11387918917461
2.09085485726113,1.47267923059583
1.56349864151735,1.18802991675316
1.83021683557587,1.39228389784147
1.72927123418835,1.16715581263065
1.93689603019465,1.37950601375542
1.80525570044823,1.33701007065971
1.95402940522418,1.43558142999152
1.6405706438175,1.22444183113882
1.93534622642142,1.25867844438141
1.89752140346622,1.37165650195915
1.77577805269468,1.33425531903299
1.86200786233808,1.42813525333327
2.0084166364255,1.36445201542438
1.60948090498765,1.20534300033287
1.83105164288987,1.36606733560002
1.81412303892729,1.35756855310984
1.60345813615827,1.17112337288065
2.27858009525019,1.56696162926872
1.95678923442379,1.47374887233184
1.37108237346892,1.05551753574076
1.62868252452309,1.22389359407564
2.13982620539607,1.48231549266403
2.1933343962147,1.52173189252774
2.08039687505908,1.56936284678142
1.80142032165403,1.31904178978362
1.57281268994965,1.23563790999036
1.63421258512936,1.27385646957511
2.19837480381607,1.46905781333836
2.13112090610203,1.5468578827424
1.68198153296541,1.23507311963947
1.95978741296225,1.33674800557329
1.96700762093671,1.40638022360347
1.77117542250805,1.43465146854272
1.77173849891844,1.35897478615934
1.66791242385334,1.18870641537657
1.79325349494105,1.38558064798364
2.16627460046626,1.44716624659197
1.8969627483129,1.38434639095646
1.88831420836571,1.32155170153264
1.76479855920211,1.42657363715352
1.81645909960911,1.41319371733664
1.7423467018241,1.35176949744628
1.78614559425667,1.35840434872437
1.81267242989168,1.28862733779096
2.14860061994586,1.5125477444837
1.81793805151378,1.33195803748017
1.52413822713909,1.04329346818193
2.04995478549887,1.47652772473212
1.70220735897263,1.23308416672531
1.81488908072298,1.54043342213699
1.58240818322178,1.13660149929725
1.79491704281288,1.44569103733981
1.78006476390871,1.32517331875549
2.02869636515253,1.44841768869945
2.26827146456079,1.61043223771389
2.11108384863993,1.50220293431288
1.61759659026703,1.21152897333258
1.80802803083365,1.23351931278825
2.01121637583054,1.40483676004189
1.85229740104266,1.30163156292259
1.90292517687794,1.39842470557755
1.71965598767628,1.41677788802551
2.11013600297912,1.4991204333323
1.62238506652819,1.19793494392287
1.59323272213748,1.14346284241289
1.94766995881921,1.42523730255983
1.95876683450992,1.34903675685538
1.66107508834353,1.21536396658188
1.33425322780682,1.10423359259249
1.78276981506954,1.28616796900935
1.88636791996388,1.37816163282432
1.63729182655496,1.18275584608279
2.0041634792132,1.4194176653557
1.72671601139205,1.29982780287751
1.55799217194031,1.19666787479099
1.68544369036257,1.2690409136672
1.63585214219397,1.16594294262511
1.80356830443524,1.37414714983099
2.01424706519679,1.45741180560494
1.82879334795398,1.32956756994458
1.77690540540139,1.31371404458908
2.09743624680619,1.4849109438909
2.02123315652789,1.36014103323329
2.20335710181743,1.59379012707621
2.17922638828375,1.56380244180008
1.82830408115826,1.26312722686994
1.68689308382188,1.23218624491116
1.67143168345196,1.35749618534611
2.28956517592954,1.78289356003593
1.84993152519155,1.30076517433818
2.04138525984158,1.33694875215787
2.22460721961735,1.6230348534004
1.70061561077429,1.27828118634603
1.6717217982475,1.26662229758811
1.82856673221425,1.34097383860757
1.82017853021267,1.36662256827223
1.54795042744716,1.23472189001139
1.84199977955006,1.37226816537733
2.05906724153639,1.47840318036381
2.42797837944155,1.76775513686183
1.80415434207353,1.3379665218921
1.53733620673054,1.20891287558602
1.50128704240182,1.2432652647866
1.82491064050568,1.38874253015236
1.68529348051523,1.25791969014798
1.78541655742055,1.35928486960631
1.90513830142522,1.37499084833942
2.145451785386,1.65086172971978
1.97899806604381,1.37928088696301
1.8271269977461,1.34463823182012
1.84405479493829,1.30240377900498
1.70442229448703,1.23805640122417
1.641131325834,1.36686896572709
1.80754786837496,1.35039105986261
2.21265779312484,1.66861122020567
2.11317405162441,1.60156533830988
1.88506560331898,1.3488429615511
1.68438648119778,1.31275351207436
1.97701782771358,1.33089137144782
1.55195101946003,1.21397654603989
1.9793235926405,1.50456668339554
1.95242196131421,1.3431962452642
1.91194961440872,1.36138551165521
1.82537839602763,1.26264425056908
1.87068758651632,1.40233199572979
1.82836406429776,1.39631220749438
1.60348622360883,1.24519961406136
1.82799297232838,1.30873471011559
1.88398837877424,1.50753025875186
1.97472563989418,1.32587700458006
1.8571190913662,1.23056871455069
1.941028461877,1.37827725731813
1.71362657087276,1.33668275270199
1.75346356640273,1.38019806314835
1.69303075113667,1.19498205248064
2.22486716004852,1.86124237257165
1.97160113311012,1.4765316032726
1.74513554424804,1.32726130845619
2.2203671683639,1.51314984891017
1.98733550341307,1.40990335196194
2.00922648364468,1.38456805168686
1.85035879571911,1.30153528096152
2.19781394471884,1.59197959957704
2.23622978131524,1.63185606241569
1.60425487271888,1.27074886304784
1.71939117946135,1.21405211386016
2.03979675210702,1.44905813189126
1.58501848963128,1.35672533441489
2.02535028942415,1.53175684047458
1.96531363048665,1.50796027777801
2.05034930953365,1.40929727202162
1.77688641389097,1.38373506838702
2.07392105788508,1.48266833985923
1.82424760592534,1.1736713551894
1.8461802587023,1.29984910715165
1.69379093454641,1.24299105802727
1.9850554081404,1.39662360818541
1.88322760956491,1.38156409467894
1.81354911455803,1.27042909894122
1.58045683066258,1.30524262566766
2.00940237623765,1.51438928042707
1.80100974448756,1.43719722772753
1.8370608515929,1.39643330205604
1.67936926224856,1.15051203449175
1.8079734198829,1.20551856694181
2.01459817520309,1.38985985704157
2.01348360336863,1.53999458534008
1.88656688690897,1.38469692262386
1.84618749856563,1.40871260739223
1.83719437199465,1.36959341467908
1.95753199053814,1.44833757195395
1.94930713917982,1.41870570012222
1.59257704150504,1.29936663172917
1.86345464361128,1.3743385977499
1.62914626810323,1.24900683433758
1.79571526973873,1.25647589557017
2.0072242690353,1.38122830272522
2.02064258711489,1.44418185414988
1.51375970199111,1.08620479975951
1.76601481041243,1.13423606140626
2.03809247800368,1.4550250440453
1.83829363741029,1.40654502002409
1.7382902332272,1.24434658072844
1.82909849006591,1.32449148068817
1.80899565216721,1.29726458857163
1.93168867197024,1.45031254530904
2.01586250057466,1.45354313675205
2.02857933572058,1.45925215940781
2.06149859334588,1.42773624399408
2.11199985856165,1.49667371449092
1.96104434434458,1.38288208340365
1.90263576282896,1.37766768688761
2.07248036923848,1.61306294400475
1.58979142665134,1.17732572492759
2.11106183771861,1.62089903090151
1.41820970659793,0.979208970630274
1.64192791970025,1.22601293622358
2.08841833211527,1.50043436373416
1.88559150304104,1.47521866019541
1.5156144436066,1.20998548077366
1.66936194057626,1.25994676808801
1.96286442314972,1.37897426949462
1.73501186099603,1.20981144475739
1.94736098834478,1.44653832316556
2.09044570166847,1.53575653980291
1.85410709442751,1.34915685883282
1.59212876214072,1.12505819723242
1.99075856189866,1.56198058423922
2.10754196817036,1.54781936466429
1.84384191060608,1.34458725436772
1.87878816412634,1.41162713407466
1.93735924498606,1.43356545576891
1.83223155427482,1.34421218210265
1.61507685223074,1.18967436660042
1.89716123035695,1.43318040833584
2.0746447842401,1.47271622642135
1.87836610068958,1.30431827820224
1.66474558196088,1.20102023879159
2.02799039910931,1.48025799314659
1.91579298475065,1.37927221127251
2.00641389076474,1.49428653065102
2.3138255779968,1.67588387962097
2.04046201377286,1.47181383838036
2.00322266071127,1.4349815619447
1.70746627153654,1.32545285186146
1.8498550683315,1.39742941871773
1.92777302553977,1.44573682891523
2.09898409352087,1.6477478120687
2.21750250529314,1.64413865983207
1.91990981997623,1.33164209197364
1.67766213624776,1.25410273563421
1.70683458586075,1.23358344796521
1.81353171987993,1.30017750899532
1.61521573663218,1.22030093399144
1.68098930386241,1.19251739014192
1.99934991348633,1.5097823201159
1.93824724438103,1.370181902728
1.93300433130982,1.46026289703927
2.25175551528545,1.70003226663717
2.19390342761631,1.48473473059638
1.90920598535684,1.48482048261667
1.80703847989803,1.38068135110591
1.73170257883385,1.20723722899712
1.8528039354206,1.35321370030995
1.9633715454507,1.36851481938006
1.8111950677823,1.29068795918076
1.662155927064,1.35423650519025
1.9380145095836,1.49194685492101
1.9188588681371,1.43793808549258
1.85151514388734,1.31031542181944
1.98402865980163,1.41956653731997
2.08699558021157,1.4010402181563
2.04618062511647,1.44061789985668
1.6774808414601,1.13201630530933
1.87894499718214,1.20163797232014
1.9128326363192,1.41315757008507
1.91381739508821,1.42972161422778
2.131973435153,1.50078467545554
1.30629411555038,0.977712669867462
1.89745021002453,1.3580285530135
1.78718086844341,1.37969062466308
1.91130844970513,1.36379055824732
1.68873058022072,1.20897099998033
1.5272537519725,1.18577343586022
1.82252740741134,1.39794817761342
1.88143499288424,1.45715545529781
1.77175589158762,1.34301875898158
2.20218926835217,1.51741833514811
1.93344095789302,1.48396546655599
2.01969779045358,1.46064873635001
1.87490829601568,1.46104744178443
1.79422757224564,1.27726221473812
1.71935297469754,1.29163449403624
1.55455175517979,1.16439156369738
1.82826098302041,1.28519141522909
1.80570005923248,1.32293733119132
1.70387351237898,1.25421444546232
2.12967796681249,1.53448283026727
1.87242738668448,1.40680883817689
1.75355513478432,1.28542827910815
1.86750981891272,1.37639067584437
2.0259540713684,1.39709904079242
1.87265319531096,1.43323834224381
2.0577481099164,1.38818173007499
1.74178524973613,1.30596056211246
2.05757704555264,1.42524570457857
1.63267948111924,1.21737527949541
1.8709426747573,1.37396939889821
1.65443337451391,1.28957831925016
1.52623528559348,1.14540690220024
1.80979457472808,1.34756635743639
2.24608148601387,1.67187123548201
1.87201007809746,1.42582637831364
2.02649447691204,1.36905188287963
1.83562090109462,1.38976861580261
2.06098605077927,1.48697507050398
1.67238572380967,1.2319447995252
1.90310407916061,1.46532168264101
1.67160105915844,1.1158278662384
2.0210458674599,1.65489047355711
1.88988199613946,1.31175263291663
1.88758676725667,1.39086750738116
1.86868275455617,1.40704767960017
1.80802735522498,1.29471488915979
1.68403244122614,1.30770828790195
1.70930987889162,1.25847933082097
1.76155508832222,1.36365863388934
1.83486610346994,1.38357541163525
1.71551073710611,1.3624805614995
1.76081806164928,1.354019891624
2.11351552529521,1.43700397282518
1.86429645616646,1.40215294625206
1.78869012525515,1.45547739520271
1.77460244396667,1.37096395285083
2.14625558750654,1.53171831873091
1.72705393001741,1.19103823093387
1.83552009951667,1.3099211055463
1.81447550414127,1.22884874253506
2.16174203541565,1.45431960841756
1.90480678165566,1.34199068197024
2.10863537474641,1.50072846051206
1.9674038542959,1.33392821349999
1.62970227715251,1.12127848953719
1.8962162607072,1.40517349338211
2.02806498184446,1.47249416845737
1.79751253381043,1.32637999000497
1.56262333268419,1.17757114538817
1.73686814058047,1.24091860407847
1.91047471372195,1.47690148957444
1.6336369154623,1.18496026758098
1.89005084306292,1.32353187945137
1.87542266288124,1.33886154830889
1.87445269107747,1.46930846707771
1.93802068364736,1.40389488042229
1.84871748582149,1.41193978090252
1.75789328137747,1.29492725567054
1.71784514956293,1.27799500882378
1.7698758556974,1.29452467627062
1.63512168115108,1.18938644448868
1.74325924220925,1.21773254211243
2.45778707641214,2.04030670664147
1.82712212171932,1.31212356628945
2.26261976354377,1.61655646275257
1.87190713199055,1.3390136791088
1.99600636783811,1.46072634680946
1.84956919508599,1.33816491804555
2.17914707589297,1.59348821120024
1.97539999963983,1.46443421537384
1.61785256048117,1.12517612835644
1.80461914291457,1.39122237483134
1.87622386486755,1.41099250352104
2.24168353127158,1.69614979624614
1.89787390942573,1.44211412771767
1.81727972554457,1.23425130060931
1.87597905801231,1.23670439923585
1.869654919638,1.31701673238338
1.95652949130753,1.42972285928369
1.92541768823185,1.3175645958374
1.68024584366792,1.27263257965216
1.83240779882552,1.30248693661965
2.13954846722795,1.63273005867235
1.83482511455933,1.27847034054176
1.97637142289085,1.40086679924094
1.99926047550042,1.46896903262168
1.6366487130049,1.17506497753627
1.83551872768841,1.35425343995659
2.05389023507573,1.6152388347073
2.13958728773819,1.45560277775898
1.6901803218112,1.25600982960062
2.19333509848343,1.54557895094261
1.99321689498378,1.5735023778266
1.66092527617106,1.24023299977044
2.02468653919123,1.53256902848316
2.23163282847021,1.60527531695935
1.99400635845114,1.29388540709176
2.20037450337706,1.61046286338913
2.04879578569318,1.57119071543709
1.80901332447982,1.34278823807072
1.47041344589353,1.03064620130703
1.94909397645448,1.43521196980805
1.70634449143227,1.33367334860005
1.91658444402468,1.37775987484355
1.78844850693587,1.22370693782467
1.6891885730149,1.23436945563743
2.03770763754698,1.38313844238315
1.97513960202611,1.35584404702264
1.74261412823145,1.36235554821288
2.07855905819571,1.44563305181551
1.71128300493233,1.28251861084135
1.93765997944919,1.38446657237936
2.35051592645892,1.74402205017538
1.97907762908617,1.48735589630313
2.06201552052473,1.50597436946382
1.93160055781219,1.44909274267383
1.92865125824324,1.37772247728247
1.73570053614655,1.45968765820144
1.93177911325169,1.36191616591345
1.48126909691216,1.20186920201296
2.04396951184104,1.4188702377981
1.47989710137226,1.08292510314899
2.01463300449704,1.44417273283265
1.77737309553801,1.24404731130213
1.76516260850236,1.19649199904653
1.93155028860086,1.37905204016245
2.05880464960592,1.47400641887281
1.97667614567648,1.38638640068066
2.08999183002163,1.40760564259769
1.69267603508027,1.28940895059319
1.66292527891128,1.21535737293833
2.13443821263238,1.66555521652032
1.86100383071665,1.42278843986901
1.94433339093388,1.4847979131332
1.6518870929982,1.23621549304137
1.94890564940906,1.51192167215849
1.82061840533652,1.36120944538183
1.74383305723629,1.36022118293972
1.80791324052005,1.40671228749131
1.64815245502562,1.23432755109845
2.00394220952847,1.41198189925949
1.44420694040469,1.19753961806147
1.6223499730906,1.19636051856785
2.14393922469122,1.46039462662647
1.96931085859421,1.53002161488877
1.81856200861572,1.3225371429666
2.02170405673328,1.44344236407983
2.04104035582266,1.45206542422083
2.60496461576932,1.95960374942071
1.86071423013508,1.28425907485602
1.95475317046121,1.42961417467148
1.54921086067693,1.21314441640757
1.86256516869313,1.28900671491022
1.96411371798301,1.54292535364088
1.92091924134269,1.21539878447274
1.65157337648208,1.24122946867415
1.90801326005861,1.42216525790975
1.77701596728714,1.26152389790402
1.87977906933572,1.35920614618853
1.96812793204964,1.46980801858099
1.64126019509992,1.31934134033773
1.87098678704943,1.39857008721477
1.98134585700031,1.24277797633232
1.58130469265749,1.22772016926072
1.88245594754448,1.27150811363021
1.75613168679988,1.36676516175427
1.95554227197694,1.41493094205701
1.84716537959469,1.24489989634725
1.50105064978811,1.27201179038244
1.85066518005053,1.37356562212268
1.64260100865369,1.29136122957071
1.67087757926632,1.27651358491467
1.81064571223269,1.29299848910819
1.7110036542077,1.25102754338874
1.73616504513153,1.21802386368337
1.96433767783057,1.38653241307042
2.0356769743754,1.4550446085399
1.89107316988055,1.239815165014
1.3177183796281,1.06217098289696
1.72480553105673,1.22606889842967
1.84960688177543,1.31811708633256
2.02941887973405,1.41825530644834
1.62761005045053,1.20264171207195
1.5950249824955,1.14880261606579
1.73516487839301,1.32041540528521
1.93489744800001,1.43323245041367
1.65716825063889,1.31531202345666
2.11429513040699,1.44575464565459
1.59650509136282,1.15227715434775
1.86918146788582,1.45806909302234
2.52564641181952,1.94309000628441
1.60221291752999,1.23131698464648
1.9544555299962,1.30672993451706
1.77561403003133,1.34034087981192
1.9324699377271,1.39733316594284
1.94718060662848,1.44262711805717
1.70916227810138,1.26974312029426
1.87575455073101,1.22396344750986
2.14434041744988,1.49909976204816
1.69204579622155,1.18466473364583
1.71390017240877,1.24945122623235
1.81323307455314,1.28107789295872
1.61592363331221,1.20944190969605
1.81463025162794,1.26034335476773
1.74887434660885,1.27353078687781
1.82755953315161,1.39158351968142
2.1327268626657,1.45896899502751
2.15271676047027,1.55203863356824
2.0028052799295,1.5573454219216
2.06702771691297,1.50839592802794
2.57730087796124,1.9294020919855
1.91520996074822,1.33323252968329
1.92656002602454,1.41426305759099
1.9238820490776,1.32611543451849
1.93578612613649,1.45908964726687
1.81545920916009,1.29810838191857
1.87318997602056,1.38062721184315
1.83901957793791,1.22742037161158
1.94914075209067,1.41481717489611
1.8626776198102,1.37608120370281
2.07598201344767,1.59299300140761
1.52511543089264,1.28877731363014
1.71762197129477,1.27506312217913
1.83705288588121,1.32898651972321
2.04586194628767,1.41212857228054
1.79192104375532,1.30207998881285
1.67808792782215,1.36826250439152
1.81701156901281,1.27501384371515
1.87988482046578,1.37936664648179
2.45546762138751,1.79909987033898
1.87910186296928,1.56491380996718
1.84423387659081,1.37101258006549
1.70320202185275,1.23719131396105
1.87521020559225,1.42557301140417
1.93932321969007,1.32769052496206
1.65898839517542,1.21694167003132
2.09468667171395,1.67404803181319
1.88962339038707,1.41111211155909
2.03073270441959,1.38569997463771
1.90509227766152,1.55060517656489
1.58741381874652,1.08656493980234
2.0423310045854,1.44574474335151
1.72008565786864,1.3412463669015
2.00739400599864,1.54926707104815
1.73348540907706,1.40342882930858
1.79185581465236,1.2918498735226
1.97870521208145,1.37902566034532
1.89874422364206,1.41727221244841
1.96780184731733,1.45971870944449
1.84820852296848,1.444766827035
1.91960617656357,1.43924328731092
1.81855983264414,1.39234844664618
1.98384301817678,1.47323986508502
1.95487161267913,1.44011539720409
1.77080378326981,1.37724150929754
1.85377882543003,1.40338173957449
2.00402428244566,1.49018461982712
1.85404679772787,1.46574791376155
1.89872490586735,1.2981332072723
2.00709848087453,1.47048842167354
1.72741463786506,1.35825749617514
1.99990077582318,1.32581860865975
1.856952100537,1.27379079540239
2.11439531234886,1.60522099192776
1.62333298339964,1.14411481073553
1.66501605306608,1.37239125916565
1.7812549253863,1.2688349545782
1.65307600410095,1.21952705887307
1.78440238326884,1.28342690978562
2.13994349996849,1.44994252782661
2.0236620060998,1.32983574330705
1.98997894720401,1.45218939769177
1.8821400356949,1.35321350105374
1.73633220898579,1.39036932346186
1.52866379471953,1.11721063449776
1.99572210208164,1.40028282662547
1.84782444673081,1.39283683229883
1.98599788182682,1.47969893011399
1.96871047552666,1.37169077677598
2.31141676070608,1.5157374315074
1.92678461311105,1.46284315661652
1.90512248321595,1.4332477223227
1.88139880383897,1.35257893438056
1.76054906596229,1.27453067143612
2.0460698988054,1.50655638979893
1.89264004454578,1.40617550444511
1.69555890638042,1.31297083744781
1.75545158441583,1.3059005159437
1.64990396897256,1.26240526389596
1.40118361976301,1.07453533509767
1.73284258888117,1.26190925184264
1.86538595882035,1.32015893017327
2.04918176458149,1.43275211144047
2.37928205187414,1.91041906781932
1.84221667588914,1.42256048457709
1.83479874708695,1.40684565074918
1.65603708785561,1.30108901191773
1.95756745823831,1.37567214780735
1.70252641181345,1.22622266277565
2.08975073786641,1.36923887230643
1.89379505891311,1.491230986251
2.28850966575911,1.85962856093273
2.10468988654515,1.43671259617261
1.73289371641281,1.28882791904652
1.73327531525679,1.36190096779017
1.82858868250618,1.42555803317429
2.03993212916161,1.322009366259
1.89075613913163,1.30007402987256
2.02418602866032,1.53752020859865
2.05991354320245,1.56929267368994
1.66515741950795,1.24042880050287
1.88323753558199,1.36229123740206
1.88824865595673,1.50993304870329
1.22038638264233,0.99188424584595
1.77017925311838,1.38458909148996
1.82762993791031,1.30230658533323
1.79813673246241,1.3852398683795
1.83234687350953,1.41000738992458
1.71224039844399,1.28336661739336
2.17938713554391,1.50571301436291
1.84192427384895,1.24710551261024
1.83464322811253,1.46599490913919
2.04209491808134,1.38181094189251
1.96895158666514,1.46919199420553
1.79442422059651,1.35930500570956
2.06826997431632,1.41406282125581
2.18522657354854,1.59237584090489
1.92301066573237,1.29392176398172
1.83559047794163,1.32467204021225
1.71704992233661,1.17733274875927
2.14740814976657,1.56231923270811
1.72100170600202,1.21460526354603
1.83864546677086,1.37050831687033
2.29852245274184,1.59516421500685
2.24883331796421,1.6005179818449
2.06787516868362,1.32184643589513
2.0380855154316,1.46167818728098
1.77802273299966,1.41466992939163
2.05302835614811,1.53315305676613
1.84741519838487,1.45090617545407
1.79594573744281,1.31963982404772
2.01169604816156,1.38502066907732
1.67674998049465,1.27975749953298
1.93061703823876,1.38037625031197
1.7605176648469,1.27959753860699
1.80421001142552,1.23362650451893
2.13177958798316,1.50132746285119
1.6624035929781,1.22655929253203
1.98712762701928,1.58401228017399
1.38078201770906,1.05663191660748
1.80199344509438,1.40436383325588
1.64674603053525,1.23122769481594
2.05322460479673,1.51019005812698
1.39876059024088,1.07207586110576
1.8241714989493,1.24414799555116
1.77806607938652,1.32587483951336
1.73236389461304,1.28160430040815
1.79609892373413,1.2431261992903
1.75120824182438,1.33381512434763
1.85870783467142,1.32756460038604
1.7951242979201,1.37681318749733
2.24798230410107,1.75090700366307
2.0238023608334,1.31404486526564
1.90715498325219,1.41440617403541
1.55252197369518,0.993076700705986
1.63581872603656,1.27044621856597
2.11549405068932,1.41329135230156
1.67744035825538,1.21861952341781
1.74523349558089,1.33827624193181
1.85139404715174,1.35043914621386
1.56774758747841,1.13635723410061
2.69190545681954,2.06216226632016
2.13212471258438,1.42514844862579
1.85286516000455,1.3201542240351
1.69709878942312,1.29685535149093
2.09738644876276,1.55641826384313
1.91709685742155,1.36463388123225
1.84686428279071,1.37579076100743
2.14476087687567,1.59428438942319
1.57223350196329,1.16220267685814
1.47559431489278,1.04850305880543
1.8412470579312,1.38986357972382
1.88913983155407,1.45021364953328
1.81198319436509,1.38240909590385
1.76848303872807,1.37763025488813
2.10011563520115,1.44809573320543
2.10595705399726,1.5819867751699
1.93327130881531,1.4389323247833
1.91394053043492,1.42049516978192
1.70705350584065,1.28224250132019
1.81886772043361,1.38971580580378
1.80985210531618,1.33389322175052
1.92224808728429,1.46216318897927
1.69563592392303,1.3819995879722
1.99486624405321,1.53477571833618
1.82679090833675,1.28112590982849
2.06131157129795,1.43919853565612
1.4411908362839,1.06281379863655
2.04683302151383,1.49013088176602
1.80407517523256,1.4713904412244
1.9064160180563,1.47284582825655
1.9203823085912,1.35866581457453
2.05711514772759,1.44799747685765
2.0830003544452,1.63911419585177
1.86858192227534,1.31845369691081
1.78913416955871,1.41359620517497
1.85334946977616,1.2715363078666
1.6957680500655,1.32132011155328
1.97170577784971,1.30461909357387
2.08998289259733,1.37614523347635
2.1378901772264,1.53561545163692
2.00008933262422,1.41995078636228
1.8222038979348,1.39208532205068
1.63775318267624,1.23427307987584
1.97161896002251,1.5099344316773
1.84455447926436,1.35137177052883
1.982943325625,1.31464238853345
1.5116500950146,1.03425460234364
1.81944285501753,1.32655493405898
2.02274025016604,1.25086497406169
1.53748703145183,1.09963788418441
1.6560601976304,1.24238246478557
1.71994878696846,1.22346270503101
1.91926870945388,1.32331184174991
2.06750130112306,1.49292553648266
1.88532975570455,1.38462589438321
2.05581307288138,1.52113489594025
1.789628419545,1.29739464898675
1.55537768007509,1.12861328626821
1.95705248560524,1.43323746696445
1.8531034869932,1.25006785020708
1.86105535483949,1.32076472879718
1.96225659842453,1.43388653872883
1.81604728729924,1.3628381460265
1.92130344248837,1.44877248946901
2.17479054489314,1.55081105296581
1.9573310470143,1.40619607585403
2.07929161488918,1.38212646128756
1.90493460315471,1.35202090750182
1.8772863609174,1.32742739002964
1.86537683394666,1.40047168143796
1.930740821054,1.47897862011465
1.98687768584711,1.43323618439966
1.87986944278136,1.28151999819448
1.8603740714186,1.40156317903024
1.93429173491511,1.4396939559435
1.92030818810952,1.35845506969358
1.89611768940476,1.3428242159607
1.76138166956143,1.26665031809233
1.91025123823443,1.26033295664966
1.82953413965703,1.32866664448165
1.90296230892988,1.17091936742358
1.90288912419286,1.38298740939137
1.76022219815354,1.20668962916473
2.52797387118685,1.99694121912907
1.79738357644619,1.40326940245673
1.71931197667712,1.2482218585253
1.70977269439028,1.17164470892144
2.40534840876196,1.77384600278778
1.560112486827,1.19840175324937
1.96675879094696,1.44168471933009
2.04324539382,1.3327601339199
2.0512604915323,1.48911197613762
2.38654585873464,1.90496374332088
1.87702720845735,1.41658975402316
1.80288225129478,1.28616738554624
2.08378828533192,1.66401988394656
1.65936877192229,1.25906767541245
1.62401240875619,1.17565689527403
1.99734951836757,1.57817091809547
1.82220655014436,1.32830930082069
2.30647639076155,1.51140726165803
2.00004112513707,1.41912506220204
1.9327991243556,1.43996341572547
1.78516208511674,1.32128542326408
1.46792758197835,1.11929782035456
1.88880097122475,1.47712503222548
1.86778962048807,1.22180965083533
2.02539082250399,1.45289808588283
1.78144044218552,1.20225444793999
1.9045353978586,1.41305064822778
1.99483401906242,1.36380754514724
1.67904721370252,1.26752681602729
2.05529212250562,1.29320013155595
1.86254008712948,1.41341335422037
1.97218776678244,1.55595989128324
1.7219434455177,1.29299199672151
1.96022935240303,1.4147764420947
1.83120608102906,1.37166925738887
1.56443383235856,1.1908718391138
1.57946886186503,1.20772000808373
1.49620549384523,1.15267924494899
1.96002673646622,1.38972395432065
2.07285381671284,1.64374033396694
1.76675088318803,1.23591979260412
1.7256123843901,1.30885255605341
1.53254752674394,1.17946003104654
1.81725597371189,1.43045285720115
2.181062977962,1.58971858933358
2.33034039031058,1.70824158870468
1.91520277923536,1.34623250450549
1.89444019246484,1.39628610744387
1.79411996759828,1.31945907389978
1.9499588044332,1.48453738625695
1.70417809809208,1.3214861130283
1.53165825602813,1.15942718540623
1.86117107741847,1.4736916703616
1.91822991073505,1.32272986320396
1.83949090673632,1.37226699528963
1.4599665114874,1.12558314805663
1.53070766692979,1.11681780389978
1.75897512324288,1.17868817633722
1.51650628394958,1.17305901843843
2.22299909172113,1.56801742113124
1.9062194501655,1.44366933053618
1.75408119861153,1.35675641002577
1.8963719667983,1.35217826588996
2.15867196503041,1.59072117322463
1.69796986213919,1.22617107310946
1.67871752205709,1.26379519047179
1.75834046537015,1.31403850599592
1.96814703250148,1.46593356521175
1.91901851345166,1.45902927859955
1.84046256174374,1.38743039401507
2.01272239142956,1.39261458773638
2.52059668132679,1.77466123387924
1.94496404850974,1.43156752223636
2.06736996267384,1.36563471333554
1.96454934413863,1.43065421443354
1.7857978518606,1.30285158301391
1.94717689257598,1.48626364985784
1.93460139395728,1.17143964930805
1.71931051915328,1.26707878213993
1.5553399180459,1.23610341090693
1.99279244015122,1.55619448529106
2.0553389455741,1.46198017078058
1.94036947344733,1.3839055497265
2.6340941306757,1.97154312889808
1.69741383379669,1.31003107953645
2.16646084784567,1.49558090217092
1.94985823251482,1.51516910758098
1.71671145848271,1.11841302966975
2.47400092205531,1.94329036959489
1.87823296685721,1.44561477983141
2.18392335999723,1.49182440310062
1.56435704595514,1.18522700111478
2.0999919492397,1.3954528317337
1.76971878570903,1.35388911145374
1.62149458995965,1.31212019677431
2.01263213387808,1.42818739338849
1.71230743933189,1.2915925443408
2.32507254619422,1.78100511824626
1.82363440738407,1.20410791895089
1.84869624403076,1.40338042385008
1.84640894432902,1.32545719419637
1.69805796509092,1.13553942456481
2.24967031891652,1.73844405996894
1.67247477156704,1.32968089875987
2.17975158381479,1.54442965351615
2.03864153049152,1.47758281941952
1.6825940328645,1.19664912228474
1.61319776222336,1.19958870082781
1.88352752799328,1.36857191166135
1.99122545668546,1.36985559436107
1.82475748135834,1.42158544996376
1.92088177431713,1.30495810000991
2.13627741614935,1.41784554546271
1.81483679274464,1.31136014885957
1.98336236489252,1.46254685062386
1.67770919020757,1.36816213115007
2.01021686945776,1.54528136236845
1.81631202722673,1.34186062725653
1.79920577304013,1.34600972161219
2.00903516161236,1.56990464702449
1.57064064323174,1.26276049555913
1.74288538295072,1.33704763289884
1.90412213178178,1.41368896132904
1.87318283455374,1.31406204714265
2.01163246967473,1.41815274740001
1.64945557849525,1.07047087413306
1.78841627487615,1.40122043933048
2.05876585441096,1.35625468661257
1.99037907706609,1.35732508036846
1.86938238507493,1.38936976132111
2.03274158080137,1.56109366401618
1.72397315640438,1.16458788964469
2.07782010332329,1.42754123273647
1.75180052340901,1.31875018130661
2.08931345460444,1.46042273488471
1.71024213897848,1.35427947885493
1.8867392545146,1.42917011814587
2.17121323546164,1.46694299575512
1.81737917784894,1.33997569980065
1.65839279241099,1.19365270626197
1.9820352781114,1.48052940946774
2.10568545980895,1.49802117601284
1.92052050540474,1.40033897173413
1.92994537706042,1.35640370803623
1.92536065522166,1.40608158167663
1.86162833264254,1.38995612339316
1.96462224559662,1.38302776156527
1.80825081905521,1.43714694828998
1.94730791140311,1.35094116563224
1.72660102973667,1.28456253300928
1.88731021083467,1.37285890630621
1.93746143471856,1.34261149567657
1.98114055997363,1.35005223598329
2.20950903586357,1.52787984718498
1.67438456790257,1.24094792479009
2.03509437943455,1.4528703063848
1.83726976341522,1.3221814619032
1.65247478359856,1.18472344631761
1.74696316838564,1.27066321778055
1.70007193740796,1.20311174609136
1.62413747692997,1.27570365540253
1.71174724387701,1.31406769398106
1.60212553899569,1.17215509401555
2.01456335560288,1.35477822130436
1.78719710149018,1.323983280289
1.70508968294046,1.18607323640189
1.98022264258202,1.36715720503329
1.84387616056558,1.24199482986334
1.70452990723884,1.3404413370633
1.90224062036919,1.41123187752439
1.88330796691836,1.33836374629145
1.76023674631681,1.27174794980812
1.75720609453198,1.29892541288106
2.31390817790413,1.55804665001977
2.05492175339656,1.56353372359213
2.15748874311523,1.48453825134675
1.9666230270382,1.45727756228797
2.15116927030569,1.54810827197149
1.74012824891695,1.30176141946601
1.63122940381192,1.18843509777242
1.79348146550476,1.23938013173305
1.79800445371195,1.13289796249988
1.93033627090382,1.46165500253416
1.88611898574142,1.33797025606559
1.81570158931951,1.36121993857668
1.74003099440461,1.27902887922288
1.85168924591657,1.44348061747383
1.70747408888556,1.30446426631192
2.08209502725584,1.3831761113649
1.87823036580953,1.48935486117513
1.81879102317198,1.21718858796541
1.76181714541439,1.30474947513517
1.86454485904144,1.3955302443
1.96407206149133,1.48299553879175
1.75135874582055,1.33822190290257
1.89606317255374,1.29169186379979
2.10326060105732,1.55407330323209
1.90007072564746,1.41663474758982
1.64499944714082,1.27601042802105
1.82837973201525,1.41784475310836
1.78934724380136,1.33543152382815
1.64580500572028,1.14290615455972
1.89265876497478,1.30420621908378
1.74411139149242,1.24427730467521
1.97231369136386,1.42731001175317
2.14134215774304,1.49397166168198
2.02956410223839,1.58740680347852
1.88736835954178,1.41619012470673
2.01255212397009,1.42735521695898
1.77633951088523,1.36644687263135
2.16688663037164,1.42788470229909
1.77830767775462,1.3521966759804
1.73465582070707,1.31851839748415
1.90426111890486,1.37328232079319
2.11691934635885,1.40702201812122
1.7846701268859,1.3523433900432
1.73654818130624,1.24021510380259
1.67127464045913,1.24612938033012
1.85457333679832,1.38136103393059
1.87016812326827,1.35311741990946
1.71171893008413,1.32701090273348
1.61584726578613,1.3007755235598
1.99662148559758,1.46816365770982
1.82005823015994,1.37947468751253
1.84950647099903,1.37125882678319
1.77686160578982,1.36125395713831
1.74361545467682,1.32801552683368
1.65385302891339,1.17144820227466
1.72329096841476,1.21812305441545
1.72370239484136,1.28817948470136
1.94033506132733,1.45976191677199
1.98615379604858,1.35044720021274
2.06203030667782,1.65902812552322
2.04749769214566,1.44574243066651
1.81329838765041,1.36444314924516
1.99385369451825,1.38551836070773
1.93254722347306,1.43081972176142
2.08901708945937,1.43544248707685
1.75092751381498,1.26944757330759
1.81241837766823,1.36280165172679
2.16825042278754,1.5703386530851
1.85509813873222,1.31011320849436
1.94061895851543,1.47441549308999
2.18312413360453,1.60719979099811
1.85047691111604,1.26477545185592
1.91963731461654,1.36773254098564
1.76243248254571,1.31400439198329
1.66447928919403,1.32809696775605
1.86321860486139,1.33236237210594
1.92637857795545,1.29683552088077
1.80120062468337,1.45571700768732
1.81700227590088,1.33849046448409
2.11894755780479,1.46803414844408
1.98515782385338,1.48130379008471
1.77208029849821,1.42777458788499
1.95189074033638,1.36912542475608
1.96547435910469,1.38414066366211
2.06557915264226,1.52712352859526
1.99336735560727,1.53324758616176
2.03647034476413,1.50003062786291
1.68964609808037,1.28939161502308
1.65345081124298,1.23156774032477
2.20154643025338,1.54509946368501
1.89258470970089,1.37423827559691
1.92594786887933,1.43100402492596
1.88014488876117,1.37389609379641
2.06505220420991,1.30892407721079
1.74861799227757,1.42356052712007
1.89962169222886,1.47569479805093
1.86084750315346,1.37042423593176
2.05413423236912,1.48090354153242
1.97928259175234,1.49874643775364
1.63830702738727,1.18545716527173
1.55697205552937,1.11816432418844
2.00300336074329,1.35609086423101
2.13448877576672,1.44933890141369
1.42374370480165,1.10711656714779
1.7103588139906,1.38662492303001
2.06388554866997,1.4280590046181
1.79053351376431,1.39314135219936
1.83758082650807,1.43115913014792
1.63734705834799,1.23653243309204
1.64859481735264,1.25369637506581
1.94206715519738,1.4297275337121
1.78836001927044,1.20079480632879
2.1361501433532,1.5422173465252
1.78686059293505,1.29580001496191
2.21438927130075,1.59520300683462
1.74627531831266,1.32969471123942
1.98578679349483,1.46703768164482
1.87193043980257,1.3422237291392
1.98672423229284,1.43649366500368
1.68041973363535,1.1811834661271
2.15193579936292,1.51003731858717
1.97006249353737,1.46228654492732
1.87728064334346,1.31820399158181
1.73441753101745,1.23150112664132
1.63429398191991,1.11262536614284
2.07240733167695,1.55212747688359
1.6807185404892,1.29088190040581
2.16311479233143,1.41663492818063
2.05002975788843,1.45792608983845
1.71034493671115,1.20419921868896
1.74137774958079,1.34014587498889
1.6335980727859,1.18841278367809
1.76860747919829,1.29918821819471
1.88035182837551,1.38029927946887
1.98371678104962,1.35143712275396
2.00236020417913,1.37441119246075
1.73401339845194,1.40150193357063
1.77584097299906,1.33892124403998
1.7942688582575,1.30106986140548
1.41061379873207,1.04030037656245
1.83611085188596,1.23424752141433
1.92917965417187,1.37242843982931
1.9572473380505,1.3763669370043
1.93205932186966,1.42432834513749
2.30928407416801,1.69338858789656
2.07963312113584,1.45422006609798
1.79484459667858,1.29023394560843
2.12785298953627,1.58092191279764
1.90021335938342,1.47749151304426
1.62267240098963,1.28474410033489
1.94518956943974,1.40118558189965
1.73006830126662,1.12131508303483
2.23192182639189,1.57661829773276
1.92468901484388,1.2962041274234
1.41489324458619,1.10371443218178
1.8277284798636,1.40596302884241
1.83682207788425,1.36725607878898
1.99821741034898,1.540386583013
1.77156266802319,1.18195868234431
2.05139483873583,1.51703876194459
1.79772769850028,1.30903814174668
1.69451347531627,1.18575858252131
1.86542956624446,1.40480015090749
1.64745498847315,1.14119157823374
1.94016747266351,1.39869149818621
1.74094987441387,1.4603251901019
1.75627060676783,1.22045512060606
1.81833321984876,1.27784799068991
1.88682351161044,1.2956860548929
1.75573659069663,1.40268766450359
1.83017390262363,1.26293070243596
1.4834009376707,1.14200760281875
1.51945530404395,1.14643955063696
1.75106324937616,1.38263714213351
1.88310975326636,1.34285405773486
1.69055495914935,1.26382991596331
2.32368887434536,1.91343768069331
2.19442235245059,1.51733798082515
1.89243610615354,1.29291287101666
1.8397725552631,1.28062474690896
1.64056708009328,1.34294930231368
1.67538474620986,1.18780591529839
1.99524092422085,1.40074735285459
1.86124140437818,1.30149031582452
1.88511710515332,1.36890105571946
1.9849257777086,1.34291936953309
1.61698893436668,1.20518435034063
1.58056699731793,1.2229837791099
2.02694183833667,1.37050480883872
1.7326634802284,1.37602179635161
1.8441212861267,1.50249820687964
2.18813394041232,1.46653431472589
1.82437999192004,1.31041087973687
1.79350460109893,1.18133628105666
1.5724555685265,1.20427578432755
1.74565455181801,1.24512665303244
1.85105136430596,1.42409756776303
1.30546491474586,1.02682334004591
1.90424523543071,1.39852876778677
1.79858668178187,1.3291370848368
1.62496862317193,1.19300950569447
2.0096803640366,1.41002185646703
1.9805886239853,1.43198923237047
1.95920366237217,1.45855239920024
1.66098405293924,1.13640658561408
1.70141729463368,1.29384314612365
1.85805695012844,1.52506107991655
2.05196987054785,1.41925537269145
2.01520285497022,1.60702683813865
2.03204439605986,1.32305943137023
1.86940539733001,1.41015390757446
1.82796422162657,1.36645313943898
1.6041473477928,1.25572548392635
2.1216426603879,1.46939750889909
1.79781321398683,1.34095616193614
1.99287498207541,1.47721198328437
1.89766267150953,1.40330055086391
1.61972713765074,1.30077849129627
1.91370991216537,1.4332799619148
1.72962754655417,1.43076760103041
1.69936912173636,1.25368489806157
1.82235886850316,1.36337868102291
1.66886138177778,1.38450939859769
1.85076140946672,1.36551468216491
1.92237201582112,1.44077088164866
1.64933984961496,1.30746257193475
1.69939000735358,1.22021933473773
2.04165398038163,1.4586425632865
1.95139897395076,1.38215936586237
1.82278481568477,1.41608047836176
1.97352477605599,1.25854145329632
1.99741771432954,1.35605437073687
2.1144082872814,1.56305006473131
2.02165506012804,1.34631347135833
2.07111374293642,1.48590484105901
2.01507829034456,1.55505788607657
2.08156615270111,1.64568099603152
1.9774134254044,1.5014184959393
1.73890680358545,1.35175930533874
1.88511486542416,1.50340476177907
1.8718433282649,1.4066069166955
2.03302320067255,1.533210925139
1.9388074541751,1.46860790800734
1.76407118721816,1.3192259242937
1.99605501048642,1.37039930572726
1.82628402030802,1.39277997811291
1.59339253401965,1.13820540947958
1.98958406708309,1.4961030127835
1.9543193493691,1.50970602746783
2.00694155217394,1.42099157986275
1.78951900986639,1.23401502487499
1.37520235849812,1.02312228109763
1.71216657927477,1.24431200521778
1.79140856956006,1.27176920189184
1.89325116361787,1.51134317946537
1.87672582464703,1.38892401330975
1.86774234507068,1.34790878038799
2.02529921228181,1.59880707094257
1.9769029396219,1.53944014490787
1.91973559984278,1.42011645992319
1.6289161630041,1.28301248127946
1.53972107277976,1.14897469265009
1.84798779384819,1.24076587102745
1.86897862348982,1.32786959974389
1.75415497273547,1.27515568562026
1.87906078660005,1.45813722999538
1.92493848358218,1.27008480841808
2.22195411670049,1.6613455252555
1.95925583526182,1.46273014904743
2.06601877891768,1.51159955559277
1.98052277939361,1.44488728828389
1.86962967925522,1.35907297848972
1.71525069402866,1.31790723221403
1.80615735057234,1.25124580094735
2.23661778483517,1.5297542811868
1.95431239006038,1.48483243028969
1.88821395082621,1.37075294834805
1.70704197718371,1.26239287658092
1.60817652958597,1.35990493934836
2.05126536166353,1.4014719002447
1.70528558836614,1.35526534697305
1.92142779145063,1.38366315374808
1.85085333682099,1.3906818643527
1.96461927521868,1.27726134716931
1.94175353156454,1.46490410560123
1.79390636072168,1.33349586394164
1.68001789324834,1.14822197842258
1.73468046095405,1.36193617579097
1.83211378378267,1.45985465830579
1.78244747068869,1.38854159344096
1.7201903638711,1.25712505585137
2.16203268209212,1.66396501466562
1.75493829466343,1.42815090846256
1.76261438504941,1.31331824237674
1.8684916308983,1.41265742517184
2.0893027155027,1.5169900350453
1.87898572022286,1.45594012706404
2.06495704083535,1.64332319961622
1.87982318339419,1.31252245482604
2.14952415194874,1.42029323459921
2.17593287828764,1.56015477155095
1.95933726628508,1.38274300735721
1.50032058880867,1.14564652284162
1.86121953653783,1.39994101493756
1.91705946584695,1.43930742260176
1.74317001397218,1.24360071568091
1.91155692296913,1.37673623036767
1.58683737920241,1.19833777778647
1.84928250692192,1.37332391666196
2.05397844922752,1.4054540751315
1.83710588781541,1.41460284869584
1.85681056841503,1.3459474475828
1.85126763969304,1.41017291551161
1.91052114039508,1.44766795872472
1.72421871802298,1.27687284501111
1.57831863507203,1.23577736492182
1.61761674058253,1.2458267365033
1.88737468527476,1.40992278842293
2.5846282754046,1.80010220818754
1.99375075979878,1.42482497511495
1.92143649132883,1.30604525381724
1.63878465488321,1.30232865941156
2.21319572415041,1.54222389290859
1.68825799149622,1.34742898455818
2.02661399414086,1.47725931788171
1.82794171716784,1.29462468969048
1.97160356883553,1.35560380125542
1.82913275363845,1.42145659484958
2.11569072645118,1.36650200524419
1.75295855960327,1.28624647686493
1.75249710857228,1.33242675661298
1.74960109561986,1.34154193381396
2.09023483379114,1.49280690286567
1.61141168986862,1.16510625583281
1.91964709666728,1.38722141092786
1.95084833598801,1.44243868336586
1.69687571211803,1.3291445678011
2.06054150691814,1.45206908043445
1.57782072982354,1.14885145778242
1.69877310871384,1.25665313289839
1.45224057406817,1.11451612930246
2.15136328306709,1.59439814156611
1.92596072159626,1.4605118038298
1.92877797934785,1.34326550469795
1.85663872870967,1.36259928976003
1.71637000444942,1.3485882621113
1.92084772413506,1.28303594209996
1.83938243043131,1.37693909341086
1.68725269573401,1.23660994436277
2.08096127647284,1.40147295320181
1.77846949773614,1.29497262692466
1.72721394169183,1.19537734797732
1.91440534358803,1.41992177713271
1.79846559576837,1.27037851587636
1.68312656128514,1.38251341225834
1.81704203820922,1.28223609336079
2.07350075764218,1.46112254968828
1.83117657383175,1.33661818445865
1.98559847980419,1.35130353161112
2.14142172747905,1.52063624807544
2.07356696257648,1.42156534680566
1.9946059756572,1.26252047479694
2.04421561619156,1.51545948956765
2.09325495643921,1.44402990611022
1.88259841232833,1.30586383257098
1.80986499000966,1.35457602022046
1.89776216614016,1.41386627234291
1.86612599871272,1.42106240976967
2.07712349625113,1.48189386599354
1.64755515289256,1.22901407167301
1.85147675905139,1.37318209029128
2.01186967704964,1.34708419983096
1.86095010858198,1.37855773893126
2.06065118229843,1.43989846235287
2.02671750545554,1.47706276991351
2.0951924469958,1.45969811692335
1.59210810549408,1.20687287779527
2.01879094649705,1.43790107006878
1.79115943805182,1.37592353919419
1.98898187474577,1.37195077042908
1.88962629814399,1.30749796746817
1.84506593907046,1.45267463509708
1.74522571494429,1.39304273306791
2.06599470025017,1.31991334204818
2.06073920190091,1.49844243806112
1.9548109089016,1.39490172513757
1.64950215157242,1.2850600829785
1.97307366394644,1.3487503542807
1.72658910913059,1.3280120423808
1.92378139865736,1.4371411089397
2.14848368811002,1.48910333874003
1.81465028999445,1.29828346428167
1.96073664611224,1.35766748103674
1.80305769290088,1.33122547221819
1.59192192795082,1.20347103779321
1.34329065693185,1.0889776561241
1.69489756126921,1.2285300087205
1.62646605292729,1.1931446573605
1.95461410118018,1.49150766303848
1.97958588202974,1.50461372266702
1.62910543317447,1.31237140543126
1.68381501170086,1.27911936749645
1.73718169160583,1.27356922491358
1.66238208627616,1.39738631828781
1.81175826960367,1.25481238800346
1.96342361184103,1.40501703327198
1.88526627399552,1.36720681178578
1.78824853196987,1.36637559967261
1.8103630301543,1.16693430461644
1.63046131715125,1.29321848588609
2.14389671452179,1.44662592035412
2.11989075487722,1.56523764100036
1.74015120214123,1.28025293696268
1.95727760081812,1.50071908700381
1.74766320819977,1.3235369950391
2.04808432415698,1.41125860586866
1.85329223405132,1.31607571694506
1.99451794670536,1.48402251865278
1.87767926485307,1.40349984046959
1.85198955150892,1.38190780792069
1.90029785985439,1.43137495015367
1.93174013790917,1.31346957402549
2.07356683517745,1.48449678073844
1.58057922531596,1.15563508562843
2.0268245149591,1.59239758396943
1.80425992415026,1.37441186461626
1.65762110951504,1.27840021056654
1.78522341588153,1.40275086587601
1.74864140565414,1.42626463999498
2.03331594991078,1.54083035885824
1.81564306834979,1.34050394630058
1.95435098988293,1.4342330464723
1.72503156561508,1.24762644915639
1.82014014822278,1.36241540956733
1.98389373130868,1.41039573356451
1.67222399894471,1.2185576085726
1.85577809455392,1.47331540693851
1.8809648991846,1.29871528068345
2.02548746644524,1.45566475438439
1.96666125686997,1.44473799743896
1.66247556337543,1.22985607373455
1.85290015059219,1.31877876626827
1.747923832745,1.39379165434248
1.89261010042138,1.28589067007234
1.79575259534678,1.38017879639906
1.61039121405262,1.25364893300316
1.67485490194993,1.23292878281143
1.71700039617238,1.24436877952105
2.01840933625478,1.41220644521145
1.93980510104416,1.4063108017631
1.759570543931,1.35185532750108
1.81600207734489,1.20807297587885
1.77672197742597,1.31078024420875
1.70131865382199,1.26879135265825
2.47314574626936,1.97018460541487
1.90768676483502,1.4224471273062
1.7780837933606,1.2531177742138
1.87791132561948,1.3622173772537
2.0134031278355,1.59056338372386
1.98663794211164,1.48710981930475
1.90055829078551,1.29651795544096
2.20695492129085,1.60688255759909
1.86579558290451,1.35893816904859
2.20627011351414,1.46291822518865
1.53461018825079,1.22076261549328
2.50483251647196,1.8361822370439
1.82754412838042,1.46933858812871
1.71017896226737,1.29351387305216
1.87885653947006,1.50900460438791
1.76634039631705,1.34151659119118
1.65723292630561,1.35687757791581
2.1353814047114,1.41598210578807
2.00895858437974,1.42551074743395
1.70471741467662,1.25201741670273
1.74286971275632,1.36677929305817
1.74559827827739,1.23150516044212
1.97061013203333,1.29789040521702
1.71526528340947,1.17597558458346
1.73517056757119,1.28623412962992
2.01333997213837,1.51170103942535
1.7730320873366,1.30731668847365
1.71760466345109,1.32743736946136
2.02447268196996,1.38239741836158
1.6414389734959,1.3322904157741
1.93600039395288,1.48155748806912
2.02852241406134,1.36783411785393
1.83872639293723,1.39210065627798
1.80231359766527,1.5259532117934
2.2202186939343,1.59180419553931
1.66842837756565,1.20461320029976
1.85214254319063,1.34437666367624
1.79884025127744,1.36866738670573
2.12863180109777,1.59198440741328
1.66421268128526,1.14222125263855
1.73709462666496,1.35929445629771
1.98471127117283,1.39993981768316
1.94879595054658,1.49238685833023
1.96400533619718,1.4179531120816
1.92661784325337,1.37480055925616
2.12727325940305,1.4538155951533
2.10468094070925,1.60724825397095
1.9793182535424,1.43859811081945
2.17282766277522,1.48425716071915
1.91054646381014,1.52886949118967
1.82337114732403,1.28069729128215
2.06554605872981,1.40738499469581
1.68172625680914,1.13234833209562
1.67293665660161,1.22249499982294
1.356587210454,1.12226079472633
1.86607727270096,1.38928274785594
1.65336202446303,1.22959788882764
1.70967734288115,1.28733893137302
1.67518809130612,1.23181604618127
1.86856805141319,1.39182193292255
1.9910037445533,1.50771585047158
1.98643598029853,1.44919546578356
2.20816063512098,1.82110034418935
2.01226083006583,1.46883817517705
1.98683315448547,1.54133419132291
2.03255160519866,1.5877686841712
2.0905924792902,1.67882758580823
1.78908536332963,1.43596895427904
1.54895800512587,1.13416793927519
2.216970582967,1.78458368387461
1.75087102602067,1.31345975219668
1.96348929287023,1.39969615789563
1.63967144084236,1.19013766231582
1.94947270791868,1.35347491499915
1.95149189281739,1.37409679313466
1.76225563622391,1.41422475382322
1.91510011248377,1.35131767025741
1.99558687516722,1.35732316703668
1.7982319086673,1.36385606687129
2.49025909244337,1.92703447600834
2.04184950268251,1.61861946768545
1.94399853633655,1.48916419789774
2.18915837317571,1.55672061368644
2.09698672695899,1.55206988345683
1.78428621315865,1.31284980240526
2.15962080874933,1.46531500984416
1.98251363780783,1.53378017323425
1.95715120836088,1.35460948140321
1.89587028515169,1.33125623118361
1.90286341531081,1.23382734170094
1.92074545453035,1.4653075742809
1.70548067983779,1.38093573695656
1.72821752669006,1.29982764116758
1.95118434267072,1.4606921662889
1.76400177216336,1.31716439058998
1.93687423762975,1.47085390442838
1.82899872158344,1.44880130559662
2.32583364986752,1.46667230144
1.69362219733869,1.23253879741145
2.20008504689372,1.62652662716169
1.9715206983803,1.55966918707303
1.63257094043208,1.31221026164284
1.67527196021451,1.21121436318425
2.12619140879945,1.51762810523464
1.80089505824915,1.31278729087355
1.68013504793188,1.14706833167371
1.67486601889374,1.28675726846934
1.63085706991439,1.2026752132157
1.6313363517989,1.27680082676527
2.14262342244625,1.62437062569679
2.12619149939127,1.55626084311402
2.04821623084877,1.44455461399234
1.82667455949292,1.30943939149749
1.5425205803982,1.28449537556741
1.53248574907369,1.18960433431635
1.97194284427241,1.3673621514144
1.89338185759233,1.33665829998745
1.68182422589088,1.2939851666766
1.88440234093712,1.38787659912142
2.09579803332222,1.46540613766435
2.01296475227975,1.57389759798673
2.03567617859188,1.38926404651548
2.53879918117484,1.92748134363612
1.7756348298969,1.41564799248563
1.84917097099777,1.32289703476487
1.91553681276273,1.48371348003474
1.85618867961031,1.30168486405877
2.07297273877656,1.45632462350437
2.17722599156396,1.59504090866648
1.8945522870542,1.45081458023623
1.61822437605982,1.16927923446667
1.57333718856358,1.22859031977732
2.03272571061118,1.48403466255057
1.7235218680083,1.26572472501693
1.7320624899681,1.29731773878694
1.784826639054,1.26104533458242
1.82065849105332,1.37687324056088
2.22549815257912,1.57902348966614
1.71544178477345,1.26219783746386
1.6837142992499,1.2903472498561
1.54124823423356,1.18297996738352
1.87619786226348,1.38779179238484
1.75469885356506,1.31572067446648
1.89807324613238,1.27850666607396
1.77790956726365,1.34145753656856
1.83849212269501,1.29472542500177
2.00139347659878,1.44719965213666
1.63293668967953,1.26695097236312
1.727889865411,1.47208647953987
1.78425266899021,1.36928490682569
1.99729044016443,1.49925595926872
1.96656099913551,1.3527376345327
1.80507801318203,1.33116862461395
1.65005403238815,1.27752615455949
1.7870793210711,1.31712492260752
2.00667718810454,1.36183741254721
1.96888027823976,1.45746351022381
1.71036999712118,1.3909160486203
1.41296359945338,1.12333772325774
2.02928784920467,1.39771329477367
1.98447415831217,1.37370873162762
1.72125396071317,1.29635110405805
1.6403608749637,1.24586030882902
1.95208331848959,1.49705137773639
2.05424832041861,1.50732925791704
2.05761914404338,1.41759710127264
1.90699609212755,1.46266792547337
1.77184531297253,1.36502134711887
1.80421096876067,1.30481772272678
1.60309576998155,1.05561553354142
1.75907429623667,1.33792203683801
1.82245571883368,1.46725052712257
2.00013998984767,1.43660915427675
2.09437116448699,1.39351274816041
1.60210094342436,1.16155553803228
1.77038020358964,1.37453132222787
1.62144447249084,1.15541253792065
1.45364178067361,1.12404663658672
1.94537412505064,1.38790403647165
2.13774985671524,1.53972060870022
1.91410966616571,1.35454140157762
1.79592229590654,1.40886588600514
1.75921547297079,1.35609250220594
2.05402896303101,1.58561699440151
1.80247412400762,1.41310513352446
2.16011280225789,1.59918982280842
2.06179789459149,1.45033979182932
1.96303429053777,1.38933731399892
1.95867428417474,1.27138422926095
1.47857144821636,1.05133882800361
1.92311974975719,1.27215024917797
1.92767320867983,1.25993965764988
1.95124237800056,1.43371919073062
1.90652147429194,1.37243278703339
1.91365290125192,1.45415229702049
1.77720383344215,1.26093203440853
1.96698576416583,1.49495300719926
1.97748978865789,1.42031569403372
1.5346664875777,1.21336218726919
1.79764646188262,1.36638824976522
1.72556359768524,1.22522331082776
1.8153316910037,1.24156228673827
1.77783324487232,1.27143469909669
1.85974513064949,1.48521348483592
1.75865497615692,1.15125090417013
2.02217712037454,1.478716463926
1.74887772229402,1.38677925231313
1.99255090155997,1.34754127756697
1.89552257556457,1.41273685958061
1.94845388963856,1.41661705234528
1.86750651182652,1.30798030939806
1.8315473060569,1.36206816369743
2.11550475978008,1.53715995728817
1.60295619156059,1.3296396652242
1.8793875484378,1.48623837267194
1.92565155674371,1.29577169740178
1.89012205646202,1.44993173956178
1.89677403295627,1.43516557910571
1.57534778318201,1.21437078824749
1.88906391957574,1.28102481061746
1.75406632084141,1.2657413726301
1.82512972766155,1.36458992273648
1.61538956643161,1.23035411349555
1.51780537651297,1.20354836682554
1.85596166507577,1.34802257922079
2.05831924023063,1.47279288205523
1.84362336976929,1.35118845850302
1.69324723783035,1.38105459044484
2.00887312038151,1.50465421412873
1.78023139378969,1.30625146236078
1.80986975721056,1.27693632616978
1.74046259176281,1.33479490072895
1.90651673640078,1.31594649494721
1.85600266873342,1.38241961119653
1.70459673530989,1.34333350755618
1.79525799150572,1.37149779376216
1.87076033267636,1.36157178074296
1.90296333442407,1.50665507305537
2.20682228388495,1.57141285457576
2.04791224735634,1.42568687871385
1.96252062300776,1.37307708269433
2.13695461114501,1.47649853319638
1.73267776574383,1.2816257787304
1.81732116292981,1.39661795666599
2.20066651974773,1.54767092340544
2.01181780072483,1.39217460401298
1.81036008526211,1.38039165496164
1.89222669764575,1.41678400139762
1.53589665844811,1.16759243102224
1.77304505321312,1.34803546217159
1.77658585151788,1.40314324888672
1.94832758064488,1.46791926597075
1.90505139911367,1.47150033711032
1.93863547241956,1.47598914612801
1.75412047833124,1.21202836231716
1.75768959279929,1.2491146621049
1.6609914324209,1.42286035895237
1.93476892176068,1.39064801129909
1.49829958896828,1.2063982576324
1.84886760750177,1.4179103107632
2.05807825839174,1.45008551902675
1.6298512907011,1.14551975900804
2.08277753908758,1.54391110314296
1.78137201287168,1.33438664611247
2.23768173136688,1.50578120530026
1.60469119516842,1.16051198961086
1.65591668451734,1.28346988493448
1.69271496553347,1.29791239000301
1.9969111444406,1.2765060403115
1.80997843724124,1.49484239709556
1.91210531316365,1.48651891911227
1.8174641986449,1.31196882182364
2.16401742443434,1.46139187709583
1.71418957972654,1.33026194357779
1.67024211909305,1.19436436360713
1.87945165055203,1.46205917856489
1.78470568002003,1.2955348853141
1.99109652613022,1.46698938020834
1.84637134286805,1.38855520788341
1.99685576002131,1.47726286581233
1.74549847633882,1.33801545812079
1.63814439503681,1.32713783606621
2.0157024803923,1.40247494149257
2.01965731558506,1.48414898517644
1.64364084123649,1.2061394627724
1.85962380788779,1.42857381597653
1.96315889310568,1.39318048195278
1.84805725022211,1.51159591987377
1.71541996936714,1.18063961996586
1.91855466945186,1.40563811115703
1.88577772394399,1.38550658257935
1.78954062825662,1.32881661815154
1.96962140911167,1.48553537322332
1.84905713402895,1.43894327744882
1.66472155091915,1.31822586955166
2.08009869941975,1.49764054238942
1.94731877552845,1.41220539838309
1.9142007563722,1.36329118502247
2.08572879223449,1.41897494917156
1.65186996909824,1.22978677886219
1.78617501223403,1.22390655223236
1.80070716493149,1.47045203705784
1.87548134799928,1.36092946474768
1.58062989071693,1.20034394466764
1.72095219267199,1.2648528177138
1.95302727118548,1.48896138955398
1.99014921719839,1.49631405389995
2.00489278181038,1.63033608500488
1.77629869481447,1.34724321755574
1.73603301273716,1.39125876662719
1.99172643837712,1.396665684187
1.70394793055177,1.19608986278363
1.6718271450582,1.26120840844129
1.74702592401734,1.2619174887349
1.78413746711045,1.42003009061466
1.86823174383849,1.38975072980501
2.09685533338139,1.49778345236891
1.71144272592091,1.16767867844324
1.71372921910846,1.25493569416582
2.15672154616417,1.66687008782857
1.54789408401651,1.13416312271904
1.78903839850741,1.28946623628029
1.84569853822527,1.29457830281943
1.77065049876267,1.20384787162727
2.29347223002087,1.77270791859894
1.87772924256833,1.3851116302626
1.89698352911525,1.50753514382227
1.98345187122166,1.3852443088836
1.74452876285858,1.37737278853214
1.52838056001104,1.17946992601753
1.87621085530275,1.32192669126762
2.09753603230828,1.62914670199929
1.82194149748497,1.36348784002866
1.77758279764737,1.24334520764939
1.8915884302783,1.39956894717159
1.82316335154117,1.41040031229505
1.83289275947009,1.26466644133492
1.90021897606396,1.43326979252918
1.88359702361538,1.36669820850319
1.75494597724715,1.32665053451216
1.87596436714393,1.31221250043224
2.16879850162344,1.59101458053909
1.89469091601066,1.45826603986529
1.92832047244401,1.39669440652948
1.7018287541448,1.22989881574338
1.98743835544694,1.32536992296087
2.02208288227509,1.4316963254122
1.59273786769194,1.1473788039499
1.72814386588402,1.23786740543645
1.62994665933318,1.17358906132887
1.8386215086976,1.4108272007572
1.87050103339463,1.43317556172417
1.950951660668,1.48320163815779
1.81672001154402,1.43649430389108
1.56665464118224,1.1620870184361
1.55609872214073,1.26628721772846
1.89282439514145,1.45746081964082
1.79517144083877,1.28595475574138
1.91906513829487,1.36597586308077
2.01142732165056,1.56626588204881
1.64001643726888,1.26526889761428
2.32990975781658,1.70692580007221
1.60917824408512,1.2314430972131
2.0465789171736,1.34245882367261
1.626202578752,1.30092226999364
1.65041674162282,1.25476835452112
2.0834073399437,1.38506349989319
2.0933436474556,1.46293614263531
1.87211451059962,1.36847976044133
2.01699140315106,1.48063539373818
1.89767340320772,1.36304870156598
2.42877091730134,1.94739809354442
1.97789213683823,1.36740759366931
1.75866725714393,1.3294438379227
2.18874856810281,1.60779645458681
1.63346267995192,1.26344231890208
2.19645988862696,1.46397105518897
1.80194506626295,1.31063059368669
1.91286560783418,1.47551333271685
1.61952046784269,1.25119253539234
2.04417303583978,1.43497004437419
2.02162396267716,1.3125690784994
1.80782396256201,1.35890442616593
1.84117439027767,1.35821511483631
1.92773987488515,1.42126936345105
1.68669799926478,1.35632511442396
1.95455648720386,1.40404714042605
2.01406246672572,1.40848403042458
1.67042181143901,1.20191980157787
1.77356135742704,1.37494851641943
1.70915087539425,1.32399810033012
1.84497195301403,1.38969852647937
2.25529919107257,1.52039855451138
2.18998627854811,1.79617518253146
1.88899536082668,1.33501027010844
2.09349628049119,1.49093443732718
1.78300619982936,1.36784185961107
1.78674105594731,1.29256291452605
2.13289188875069,1.49436816549733
2.29881492742019,1.60604686423504
1.8791862489463,1.30916085585036
1.86755402214967,1.36282479805425
1.90023764315515,1.2845757276589
2.07174766808058,1.45867921967952
1.72053844709523,1.42294121168696
2.08165016726483,1.48624074496661
2.56034764910883,2.01540937024792
1.68331142539669,1.18118161791034
1.58280407475125,1.2399714918464
1.69616462977108,1.31041550886246
1.67999933032085,1.32733465631503
1.82887547652583,1.40518221390651
1.81954252733575,1.23832418495239
1.9922077372307,1.44063076976683
1.969742541901,1.38024642934217
1.63593768498157,1.19766994657536
1.89333175391316,1.43589085818442
1.61419038292689,1.14278480247343
2.034649375616,1.51484326091771
1.6927983490673,1.21683284752887
1.6629000915319,1.28023109500835
1.79224089722136,1.36921539036569
1.85963711361275,1.3992712158247
1.69692579211841,1.25558391746561
1.95578135620101,1.50188928292338
1.76819498893819,1.2921383701845
2.02860098000786,1.51764234642964
1.92838205078988,1.45453730480097
1.73102182429408,1.36293495139239
1.83615408417485,1.31067546774609
1.98418168407471,1.38131729304944
1.79774392121643,1.33868263481986
1.82793952641902,1.31229443706643
1.80596317185652,1.34007017951693
1.83033886167455,1.3242302597686
1.94142007191943,1.46643032525478
1.73217288966599,1.2030408206767
1.75962648116274,1.18464660398062
1.76448337338272,1.39978377905813
2.1168446294388,1.50868552213098
1.92846254114161,1.45066458723513
2.0840992124344,1.4696081544025
1.57732350624946,1.13954869721164
2.17688093529292,1.48107881130473
1.84373109579476,1.27008513248789
1.72239853557084,1.32238695957927
1.6628599387485,1.27314471137376
2.00169141067424,1.43923545812898
1.66504971638524,1.29837797639903
1.84237884528282,1.29869600383608
1.99244895946121,1.42679706464946
1.68300534555357,1.38172199048652
2.14971020216706,1.55014430479396
1.84127482041528,1.35218612732727
1.57502290382185,1.24563161043741
1.8384263833806,1.47980722885529
1.71044404349923,1.36825736173443
1.70785152581612,1.23358124275567
1.69722874235822,1.29921286046504
1.80060439736528,1.35478551614249
2.32920143525455,1.66122917986609
1.843821067504,1.30482313721012
1.8554900883868,1.19536623760298
2.07481688211266,1.43287064368904
2.01241679395078,1.45547643801768
1.56576693439401,1.27099291386834
1.97560657400966,1.49046646513712
2.0109568411276,1.502078924817
2.06265974484357,1.43681777322697
2.040553202011,1.54751442765476
1.67751509361587,1.29082157891744
2.049297683783,1.54203701781895
2.03344741553843,1.52077242938139
1.83850575568419,1.31169192996121
1.71649456062787,1.23384674264929
1.53333319356592,1.2706248122089
1.6979984578256,1.34010879675781
2.45403487688497,1.95541885347772
2.01397483375961,1.34450357059745
2.06055977256826,1.41082470155638
1.66507563594171,1.26909326647049
1.85523502704249,1.42240658497279
2.05712849438761,1.38894307515887
1.97263810875054,1.52311803437009
1.49516028003389,1.13163981388852
1.8261450708511,1.38863230831384
1.83923925910141,1.3780190099945
1.8277266218957,1.42977091775044
1.44939966764732,1.18787149065412
1.91389153426793,1.4323889043717
2.01487147313599,1.60822445151618
1.89165105507698,1.4598666499901
1.93665484935458,1.33952470716261
1.94741053942994,1.47980070825794
1.914427976075,1.22360910097288
1.84700109941776,1.29331710816419
1.75615800462298,1.39972744986675
1.98396284413277,1.38224683438309
1.82217507578098,1.22108268835821
1.61897861639273,1.17943962310019
1.85805786721166,1.34993736823563
1.94456505065923,1.45439628853733
1.97617594200869,1.50391315250795
2.01947637025267,1.52181493653643
1.95701832359109,1.4870509101808
1.96457033932681,1.47873739042137
1.79912349342477,1.37362485822141
1.9388261876373,1.3751400649516
1.66024164686501,1.2281326675531
1.71115985447605,1.28849287334568
1.68844678551199,1.15798216556669
1.87154717441349,1.34711739425441
2.43180003648287,1.94052527053726
2.01635000750497,1.71312224639078
1.99179740140973,1.53441654608891
1.78717391387588,1.34248211018021
1.70261106300669,1.19349736033931
1.88900123434438,1.40784966430737
1.89173746408507,1.46034733559994
1.96241063999946,1.45001583006959
1.87992300990202,1.46585885592035
2.02440109971345,1.40806561184729
2.08807705146249,1.39262989696982
1.37935681019021,1.13800210931407
2.01382811612881,1.47107586378982
2.04556231048807,1.51822316647514
1.53827579149601,1.25008753285868
2.00225377169861,1.40883761277894
1.4990363972852,1.16588447283621
2.06376862851025,1.39629361139043
2.04262362783281,1.43738163387977
2.00534322773254,1.41689894700764
2.04536589868769,1.51910287523685
2.10709721256417,1.47798116194472
1.96582893191363,1.41918668650965
1.87324561772766,1.42937148090064
2.06096390553623,1.47840912833873
2.19023358288267,1.48326102723378
2.30172482464602,1.86456102597614
1.75959542400085,1.3787221401738
1.881522708483,1.2360581568319
1.62095732683068,1.14638065163303
1.78293414803582,1.25035300942765
1.87560509134344,1.33836907376998
1.62570192956596,1.16148507697045
1.7543173661104,1.39550697993885
2.12556279387464,1.53185337410336
1.72246162897321,1.36207384377874
2.0800132839902,1.45005560778051
1.76460700013096,1.27231406927607
2.07389373812826,1.5223750227011
2.13827863599712,1.55398255450948
1.80794710777519,1.27190316039228
1.89787341934787,1.28695434755848
1.71014611649084,1.28758356900675
2.00564277887647,1.53853159255869
1.85002529284275,1.25406149795976
1.74215657314696,1.41211504250324
2.0609576442293,1.52354736491122
1.4543592151984,1.09860874503426
1.92190830364963,1.37765166341436
1.51263017051198,1.16039247724009
1.79119399634741,1.29847218239273
1.79407161662345,1.20769431493963
2.23620227866721,1.5604965770635
1.90468522177053,1.38754383296999
1.90662092634232,1.3556957042336
2.00961632514833,1.4400564606375
2.00966477132171,1.44555849070594
1.85706405488214,1.31755395946928
1.92254173969758,1.40204080185609
1.90616168542165,1.29048925180559
1.85047909938096,1.45256270240393
1.75518319141788,1.37784552984955
1.86188058597839,1.39894848522699
1.73534121034072,1.25705757222436
1.55109173680954,1.21360904757295
1.68557304907147,1.21495961447766
1.86613428692315,1.37842471821579
1.96071057152154,1.39859517082828
2.37284127832678,1.94308458740673
1.73203996084769,1.39556423324467
1.7198198564233,1.41077977888351
1.84106985216205,1.33825659575957
1.66118378642415,1.17197713457688
1.73637993392246,1.29305487528642
1.70056706463621,1.22706250859405
1.82469285799172,1.3002659798113
1.57348917582579,1.21379876110479
1.87329361134891,1.4138112918838
1.87022043629349,1.38677637382363
1.91744696835031,1.45810119473332
1.95586012329493,1.43306906161471
2.55817580924998,1.68467103715058
1.81943304692743,1.29523224262376
1.89210013326569,1.42968302123028
1.71765540905898,1.32784172332714
1.66305532103309,1.30788991730984
1.91637027917711,1.46747767490638
1.76323366642026,1.37240899035855
1.78890833648083,1.24489236969893
1.96502928754786,1.3673045702215
1.95233240166328,1.36101189440822
1.72334701822805,1.34298751435612
1.89159670731964,1.27288159494035
2.10189347769181,1.538934160593
1.79294448956621,1.42624052492037
1.87102990665688,1.41509380861213
1.86946786395994,1.35163206613661
2.05420118304993,1.46496786203997
1.86449010420977,1.40317076223102
1.81804964890659,1.39000250634495
1.45456103097727,1.11343216865669
1.48341860212813,1.12755316708552
1.93385606191748,1.42772693492629
1.92585684484333,1.33939433846012
1.74302750155987,1.35406019563137
1.91217195468453,1.37624013612099
1.63108059755687,1.31471810417943
1.98097300360965,1.26696844259016
1.78912813522703,1.28073742251834
1.85613381072568,1.39154339898374
1.91317694780956,1.47280020387662
2.18099614640836,1.63073141395612
2.06622862349493,1.44635129794648
1.85710068240369,1.33016572644696
1.91984442997708,1.46396788928542
1.39363153652791,1.11745005049165
1.56197006392589,1.1310940056776
1.78583788733372,1.30159831026986
1.5544554859629,1.16885020035073
1.55941588280062,1.16655060578876
1.83190911648615,1.29687596204954
1.9811668516333,1.43656864618036
2.01689959079024,1.42033340263153
1.9942980460757,1.44543236856318
1.79942613016894,1.48538304757096
1.9455798627411,1.51115652620335
1.90131350033913,1.35860592872196
2.14928727527388,1.62554477516343
1.72090665678075,1.35999778536139
1.87225638164343,1.3960433489116
1.89768832414155,1.39406259266209
2.11517066239882,1.46043418020014
1.6077920597123,1.24142115803809
1.85283173628518,1.2518770221245
2.21245076993507,1.6768864881337
2.0175900513548,1.47924523942957
1.88534255047471,1.35703500317309
1.60079281444771,1.1321666808749
1.95347169671491,1.34987165695686
1.7434248000272,1.4416871490806
1.76516899728951,1.35379466203608
1.82959750039708,1.37709765900035
1.6177177107921,1.13158424313407
1.7525997043345,1.42136251822447
1.92032011858333,1.30251763410501
1.77611867679674,1.36484539966785
1.73447775925939,1.39835074601469
1.92694483151575,1.4628523802136
1.75235818267895,1.24195412916194
1.95660163792535,1.45460207305525
1.70728152445123,1.367214220815
1.95939936950879,1.30555446234726
1.67196974910793,1.235647223403
1.4432617491382,1.05473643297838
1.80942107226657,1.4693688679131
1.62249534859567,1.28197463559959
2.02039853343418,1.47900122601596
1.65472937216315,1.3614615195728
1.73973132883135,1.17227334439295
1.79325111333277,1.34137291846497
1.9426512938531,1.43146543870629
1.82967908274376,1.40795758573579
2.11580481724284,1.44960751194814
1.94180301959364,1.31627729194756
2.11734004394277,1.60993006612109
1.86149787904284,1.38182208777836
1.92388248082398,1.43144378046401
1.70132398949455,1.27461661800177
2.08396411677584,1.60665332562671
2.01018731642504,1.35373822610569
1.8902797911597,1.39341147752871
1.7438603689504,1.28481955360932
1.77040922710574,1.31821745101774
1.80668321754238,1.35085007090772
1.60149488749037,1.27083061450286
1.73703447445808,1.33657806670763
2.26588490243229,1.62237688303815
1.82940104039045,1.2797062402445
1.71918127745236,1.22796248942047
2.02500808321831,1.57002756765427
1.64824832556235,1.17355031334041
2.08547948600365,1.37394054353702
1.72192133560173,1.23651598283305
1.75556323847008,1.29830784582786
2.04809365699573,1.4166200231193
1.9425743468598,1.49697667151522
2.01235141494285,1.45834430813452
2.13482074121424,1.49519042275302
1.8850063627025,1.33457717015498
1.89171645864011,1.45908102557299
1.83613779383994,1.36643313003919
1.93930112499417,1.46945063226192
2.02481344744003,1.27619756333971
2.16796534082469,1.40153848363711
1.75983321281208,1.35291857930886
1.46189382515367,1.1459392552948
2.5521230820527,1.94783518731021
1.71659393614726,1.37366429583952
1.93814613262577,1.45686368006384
1.59128789548775,1.19134967154919
1.76159393688013,1.41339847628486
1.86130831248824,1.43680268588951
2.22253802309867,1.5761085602407
1.96908145129055,1.44071567491711
1.83802588549986,1.39252833828083
1.93362685013868,1.416616312088
1.77673871049121,1.34825359263048
1.75019531826006,1.28021903426545
1.58910187547064,1.14158053732745
1.92580064487949,1.50376613581675
1.75324073574602,1.32735126816519
1.66602327566626,1.27315595638414
1.97007681964922,1.42441012838158
1.99795484440974,1.4333579121096
2.00165771864434,1.33354468577896
1.81862766944874,1.25970812994168
1.91503109443544,1.38051921776925
1.67882229570276,1.3212254033479
1.85496054403421,1.24596882185914
2.00277026399791,1.40385886476193
2.36185137593464,1.86036849242662
1.96941146677514,1.34024181661775
1.65287565141388,1.36731792519007
2.16948433502967,1.49251955692046
1.87099840643907,1.44219290695519
2.15097415682567,1.55797671460522
2.07412773111036,1.44404230590944
1.62394832700018,1.30006430917856
1.60215212532668,1.20952107207308
1.77635695863144,1.41194474433944
1.78936260096822,1.3321508235362
1.8252513872569,1.25385175303824
1.65539424823225,1.27988051509927
1.73074869433702,1.29944965103251
1.59588355070704,1.11739868393367
1.88806070832747,1.25915460460863
1.6772209439092,1.22563114383051
1.98357104310035,1.37595920190798
1.91717648789469,1.44629050901821
1.71605284289459,1.35942097709196
1.9106080295357,1.19536017117802
2.16341362581193,1.57802162008805
1.79650840588391,1.31998718009003
1.7469878355054,1.41825496438405
1.713830632813,1.33780496451181
2.06482019255339,1.40389589600317
2.3827240522229,1.75923395849226
2.09449731069757,1.59711813357944
1.84309961291321,1.31475834612839
2.16698591902136,1.47632347477368
2.05242181833697,1.47274352725118
1.7306295722089,1.29054749954869
1.68931292158919,1.2402487261663
1.91257961096135,1.35683815347622
1.75380063715832,1.28841449696818
2.00127174603826,1.40797705103422
1.74887568961917,1.30878729029206
1.94277996371494,1.39047300625926
2.23243063379825,1.61230186637356
2.02840045029402,1.43633204848162
2.77204755322103,2.05411430961103
1.90703001075377,1.45735135379808
2.19117434190931,1.59411778078492
1.90688166246892,1.42709508869414
1.84299759795737,1.35618428935051
1.58405726679678,1.12493973668104
1.82430965568221,1.41605606085927
1.65562129140966,1.38398313963658
1.81718197257162,1.27609786492886
1.67086613237686,1.29298852885644
1.97019623288743,1.45068274664862
1.65108208585721,1.21864261343669
1.75177231829822,1.26620627262808
1.91560562487027,1.49694805539117
2.09227721855937,1.5253559353109
1.7448535022244,1.41105783256862
1.96554272725819,1.42623641870968
1.61355733528286,1.1618475216809
1.85586507984022,1.38783503898667
1.84644226586139,1.33772742280576
1.96115492217614,1.39198967835481
1.88946071128661,1.48871884902869
1.97978167196497,1.46027455065458
1.8249756133028,1.40624956676196
1.93085843015434,1.44281007933738
1.97044797429842,1.39550174588387
1.84502727654578,1.37172476136085
1.86377193658145,1.32542522467354
2.08620440957027,1.59710456228335
1.98295261703252,1.3633256862277
1.96519126352898,1.39874838909738
1.89392097203143,1.37722868971293
2.0748457505628,1.45869452956331
1.98782167050222,1.3451899599444
1.83519513008805,1.4333397194641
1.92344185220666,1.31772546290069
2.05816285544457,1.58876967517477
2.07581739301116,1.44584364192586
2.20753469665936,1.6150846196697
1.90415605103162,1.52015351519549
1.77454415607057,1.33075268457015
1.88838737973899,1.30019714422913
1.86358088403206,1.23791418363535
2.04596704084113,1.54032807138113
2.03008858204726,1.42685550640986
2.12530554954578,1.3974474030588
1.91402967447467,1.39602379141542
1.78427563019508,1.33199522439301
2.43379840373535,1.82525019430366
2.1436991221669,1.50788474457695
1.93494736265445,1.43348946709482
1.67260105528188,1.2723371577448
1.83917976066078,1.36611803692056
1.82110021649067,1.33560495785064
1.84193853478082,1.37340601948143
1.67614679692111,1.23913163581635
1.96400598804205,1.48192700713888
1.84147354927265,1.40886566020492
1.53890415163949,1.22890640075234
1.80811168783342,1.38338619776161
1.66686259590836,1.26398844271058
2.11139977975806,1.4140606156572
1.8896311980504,1.46204315232382
1.83413697738163,1.35802234245099
1.90877781736127,1.46884251715848
1.88596984635557,1.33350688868255
2.13246267054757,1.40794640605627
1.93735977433255,1.42529298473291
1.83213564361826,1.3933155093424
1.96762956865613,1.3055292821478
2.24380155601329,1.49825336557851
1.76473959223371,1.27509251039876
2.07966413172093,1.47935996757521
1.85806018845185,1.34546038614384
1.89298161656019,1.38632759544956
1.69415104197443,1.2025459936253
1.51626696944847,1.02440486160144
1.57220781791864,1.10503262110993
2.10814243634774,1.50508526658971
2.33479046700316,1.74576051992385
2.07731256528915,1.48076027628171
1.94260006196332,1.36358582992362
1.56102959593246,1.1653981238301
1.95117054443022,1.34993627356546
1.8567776756399,1.33428009206042
2.06062141038258,1.39622535031722
1.81813041733458,1.30995136505604
1.82133030245394,1.35845913234098
1.65518807770499,1.28438093721382
1.88593661487079,1.29448129383114
2.06429446762854,1.43329692553593
1.87810743572649,1.31361944264234
1.90348411439745,1.47489528965604
1.76270923592899,1.21418626305173
1.84692401205885,1.41432185019262
1.83086525147186,1.23922270277099
1.90064938089261,1.1897236463378
1.87525534977293,1.27932819972721
1.71940012776302,1.27178935217993
1.64243192567066,1.26027651308357
2.03211929581519,1.47928458605501
1.69066488141565,1.21949693781267
1.87825466943849,1.33900077030887
1.90574797694596,1.32264490535771
1.76278230868404,1.32379612190492
1.91067669649804,1.28701864273456
2.05963610970395,1.43406563419519
1.41082632737676,1.09439035698482
1.84106613281823,1.39248187375577
1.79706338468923,1.37462499309654
2.03869856410742,1.42812329151508
1.82820115780375,1.4556539064748
2.07306104987561,1.6143915134896
1.54379912307201,1.23949038445681
2.12229259528601,1.51166286333156
1.93054189542593,1.30754288349522
1.88992635105163,1.42849972967045
1.83574773043553,1.42064637459909
2.02052102990229,1.29692697096796
1.90719858145793,1.38629456749631
1.98906661016913,1.28518171790574
1.57550456097448,1.23832029542163
2.15475833414933,1.49500247796809
1.77828572442547,1.25922706760397
2.03311137506674,1.37390853994877
2.0657420009699,1.44407828307058
1.9829095612751,1.33051213569783
1.87320517820051,1.28518548015874
2.15968809032863,1.51785524709645
1.80070408610221,1.36734119912845
1.66652847062255,1.27545442873735
1.9759609272462,1.37597164058938
1.95840907851146,1.4588226098957
1.92271784094283,1.46271076633641
1.88858704740284,1.43315204358697
1.88356985677183,1.41591861634576
1.65675499116294,1.16318751861657
2.10062006701352,1.50009434209134
1.99469340194648,1.47969877519079
1.76216104488915,1.39075159522865
1.61538558536677,1.29769198615963
1.66357590925466,1.20130557298638
1.99933741083291,1.38657388382599
2.12880654334356,1.39904173373349
1.78610704624842,1.3236611791108
2.01619557779232,1.42642365797411
1.85125872229683,1.42998385576901
1.7279090751986,1.28044892517476
1.84717896666853,1.23451320611404
1.85696647072061,1.38401577453736
1.99171794995109,1.39591497951955
1.83241469548503,1.37012814945305
1.97799055400671,1.45194296579618
1.96556846855632,1.4226731487787
1.8955745089876,1.41719658666692
1.85788538694546,1.3959215830791
1.53083053113309,1.24978938506071
2.07628141798565,1.38387529199345
1.85524445365363,1.35313926609153
1.66408496926296,1.23591466465057
1.89310330341564,1.40970612270014
1.77562639142894,1.36914693687078
2.09588087596276,1.46513406554678
1.82709949105574,1.20145314687061
2.10695412222673,1.44815597231324
2.22626394369009,1.48739881363371
1.69524346067243,1.18843464565672
1.61152738189472,1.13881790044072
1.69503856673398,1.32742751728727
1.78263178409854,1.35999345763407
1.53535954001527,1.20035705883691
1.81429272633686,1.34605888205253
2.0507050219191,1.56472888858285
2.14475351200771,1.49679570694712
1.63169920383376,1.31960495216169
1.92617627100773,1.41444244555149
1.80670260557596,1.37087338267203
1.86996112729171,1.37876605164666
2.03035904829362,1.30815339676086
1.87177005122846,1.33734851099812
1.8680447035499,1.4577905800131
1.89663074687301,1.2523702576344
2.29120618656485,1.73406297585919
1.65331265544114,1.21961563130786
1.78270082407437,1.25732614841659
1.78276321234805,1.35079957019883
1.94833596845319,1.46872307794424
2.06870016803967,1.47607367617373
1.70802694087965,1.22482796149762
1.76920024299129,1.34185088701163
2.02100679592716,1.32870473526256
1.78122096944247,1.40513558819136
2.02875379930634,1.39937045019904
1.92194440454498,1.25443607858797
1.9956660368322,1.40385532843153
1.63008046617857,1.35587627292876
1.82290588395357,1.3327829073792
1.64945602159809,1.32331540757107
1.76109241815341,1.37655884592588
1.55772772139809,1.17545566052057
1.94203659386273,1.49231230142027
1.38824718102894,1.0857679967283
1.77377238807564,1.30576963536557
2.24985049262792,1.5453543902853
1.73651936714467,1.219438208888
1.96971615130594,1.41069811659919
2.16012381214478,1.60734036048402
1.68509685749949,1.29872033384484
1.76925621943254,1.2593062176029
1.58948326554735,1.18617594474495
1.7119352606098,1.2625121537891
1.89403112984818,1.39481094648729
1.94328854657917,1.36941426013283
1.93427243340857,1.45043481298653
1.86482366282396,1.53506771526486
1.92906482343176,1.23261935521127
2.09736675741343,1.50962256387391
2.48984298510561,1.95253065540866
1.95218807699011,1.53136624288331
2.02582385918107,1.37754635447027
1.63340161873076,1.33665180658685
1.74911440072534,1.37220936447315
1.89126899887487,1.33734904846129
1.7808284413959,1.38339298986226
1.69577950220507,1.18378753971159
1.85922324371267,1.29973361108986
1.81063231944988,1.38366572788297
2.0771866417986,1.40976413198771
1.87919771333207,1.33145517995282
1.9117064823908,1.36181045315747
1.92773786721632,1.35296557171078
1.65083176991384,1.27289955499248
1.66906714630087,1.27052144840948
2.13940777632206,1.4864202301949
2.10403836305985,1.49367272603273
1.88193195320188,1.46512172850268
1.55677397040616,1.25790849255318
2.15058152674561,1.50864664492601
1.47636280549048,1.16699068771316
1.9561735103073,1.49250090329891
1.83313880098731,1.43221842789295
2.04169457300089,1.47027913524142
1.90762567915205,1.3558040399626
2.10637336933621,1.43222434323025
1.9361053406759,1.43658629900689
1.89582331687324,1.34432557393054
1.78080994730428,1.36816172921559
1.69882346679639,1.20951538354231
1.81137292907182,1.29520942295053
1.78749792687758,1.27473058245558
1.45514615610441,0.998430990321778
2.08151373009457,1.60519522608802
2.16391987588273,1.66554980450473
1.64440678442497,1.19873814246514
1.87833427950689,1.34186519008591
1.95994493530521,1.40502221669351
1.90252826067843,1.36598175442584
1.80143044440337,1.35258377647214
2.05891896799178,1.3382902764633
1.90052900769859,1.55513654200283
2.12555643544395,1.49384379462666
1.69786487026777,1.38304821858625
1.63041769962896,1.24689414805696
1.60950596610624,1.20658847504045
1.58547666947279,1.26400169979085
2.08247851094528,1.44135328914621
1.90722953059008,1.39860579523673
1.78971047352306,1.39806349499997
1.7214592275087,1.25695739387381
2.10764956380759,1.56984793369314
1.82098169254036,1.25481434918745
1.61147024957775,1.26065404797236
1.71312719709524,1.27745531020361
2.00584058910603,1.48701762420692
1.68567676520423,1.33691760576166
1.83621812296243,1.39592235084896
1.91071439395019,1.51340405918726
2.14197560508999,1.66515677960898
2.05977786222029,1.4245613509308
1.93913234902308,1.37261783908014
1.50519043023359,1.11764541808793
1.73153642621181,1.23276269384272
1.70371991688156,1.43270964299659
1.72919623107667,1.19035908493283
2.16078495589884,1.37475242017757
1.71618192078241,1.32469500189792
2.20239202670831,1.53300837677466
1.74571893285917,1.29550296573712
1.82439052966767,1.29046589418572
1.75909472802463,1.28622080262896
1.99430420344713,1.46813247740086
1.80982308565856,1.3498172231812
1.77665718323203,1.31346897647777
2.21122479430489,1.65133600678199
1.6601168451022,1.22767400211338
1.90797723654111,1.23428230836946
2.03299427698924,1.3606858312015
2.087943109289,1.43715904365602
1.51671343984429,1.16633434794364
1.79623066480165,1.40514998768806
1.92871548877366,1.43302883411105
2.25866780194002,1.54933850296571
2.09768285814194,1.37125786311842
1.76214749871889,1.33796143761158
1.87600788827504,1.31280403532482
2.03892939808094,1.39406643162519
2.10340372803636,1.51321285093583
2.18364126957039,1.45858559334237
1.98147489998549,1.4578829329136
2.18896140364674,1.7151292713898
1.98986103837355,1.27448348216022
1.87164216654218,1.21038106254843
1.81279433914177,1.33961351160304
2.19356650529141,1.4766737882206
2.11110588581923,1.56713575664935
1.88237169210857,1.46788049992893
1.90576625976655,1.41617668270944
1.7442510067463,1.25505881977209
1.99558071345461,1.49825872515953
1.91517302055861,1.29882424475103
2.01180773573712,1.51418345086213
1.6435246641683,1.19759857015398
1.77209808902225,1.411464616679
1.71134199000312,1.27479413424805
1.78873084216135,1.37398680957799
1.82354747396654,1.23390723937441
1.97008917441833,1.35601498937674
2.02860187890764,1.42460076775072
1.77994656227772,1.29254648578545
2.22925571634362,1.64910352920207
2.04194619901615,1.52495982056135
1.94438227333566,1.4522870950598
1.97180674755488,1.51329489802672
1.89718190062932,1.31351929800703
1.97358844059463,1.3702153540193
1.89129290694478,1.49186605568944
2.16946485089473,1.56692609249958
2.21853632684557,1.54535513769588
1.93012888691692,1.37996456421894
1.73745481266139,1.32755689501274
1.65269085676353,1.34785684918091
2.02884531443275,1.42566156600241
1.62751801373409,1.11245996723848
1.65667982156088,1.22924990298217
1.74158021891073,1.24999491071111
1.58694520365358,1.06803002268205
2.33955918144508,1.58345764860528
1.58567413606767,1.23110633521479
2.2214015230567,1.55251046611969
1.88538039153831,1.44135578051547
1.9422181839959,1.4558824499687
1.84666451936348,1.28361936797652
2.1219679629497,1.43544928342777
2.07040076211819,1.37232822946538
1.99129711666513,1.63663488979249
1.77276836523326,1.41174775414452
1.72519839387846,1.33470396666826
1.76407964916268,1.30270411489251
1.93441677729308,1.4436045259092
1.82469219761046,1.33168072922877
1.74625074690455,1.26957143949482
2.27910084931335,1.64320965028248
1.87709040578709,1.4081040364907
1.76718021315114,1.39787055614696
1.61108046437313,1.18939727269176
2.05679929812015,1.49783025819684
1.60369089754611,1.23231215167739
2.02648832969577,1.39907660403313
1.89758086002072,1.35768999650062
1.91983132425206,1.42480713478916
2.05200682115053,1.69979670033017
1.98439843043933,1.34071322811259
1.67771824332985,1.35501797128776
1.60865424590806,1.21438034843924
1.94546949670003,1.4977463445599
2.1287242753195,1.48659035182507
1.75842615081914,1.34966319713838
1.82927114682326,1.47053916621172
1.89459353089614,1.34467997999843
2.00019935677325,1.47074552060365
1.68066710099433,1.26309426800044
2.07478231877065,1.43588980880118
1.58173370302497,1.2096880619342
1.9509345191551,1.46892972690054
1.73741548270488,1.28788621631203
1.91086249400086,1.41987371978225
1.86422157553844,1.4016585238823
1.81251956597555,1.33246171375446
1.8752889896625,1.38047692003373
1.73432026656008,1.36781663707514
1.7654892158478,1.36055882255185
2.24195927970656,1.57916424053324
1.78955021963809,1.38274302694523
2.04680957310751,1.45406154320834
1.97058685936295,1.3155467463155
1.93447715145709,1.39031851576143
1.8313540036655,1.33607267405377
2.08828609760716,1.45050308110796
1.78557910166233,1.25144167997755
1.93746397892024,1.4547917744243
1.84988513530259,1.47979078112523
1.73493794717808,1.29785070392083
2.03180192100235,1.45550066887825
1.87887411446159,1.53348078287953
2.1115643424619,1.60654872442971
2.09057418559279,1.44401089823049
1.91676129667222,1.45966982452568
1.90838768528965,1.38501639302357
1.89991318210362,1.35458310212623
2.1720543593872,1.63845955636398
1.60550606424934,1.25744746253474
2.0789807824248,1.71901979242085
1.68206068603954,1.30464745630004
2.05229380154748,1.42054110180144
1.76794428685759,1.31519027222074
1.88901101143158,1.36120022906322
1.76441497586148,1.3102112039565
1.89902434642443,1.43104957504824
2.02417054876878,1.52705698579047
1.836272161028,1.3643606072107
2.04113616264517,1.48584785456434
1.99539202097382,1.35494932128341
2.08618268787788,1.6469578288664
1.80917406122598,1.38635052260883
1.74815387353867,1.3535743264909
1.66691412429923,1.31989520102912
1.97619983308745,1.43069955277937
1.80555760297743,1.52546823777171
2.23343585779545,1.95150814117383
2.05334812641022,1.37271893977632
1.88218848122785,1.46708103155076
1.87246746105065,1.33069244719768
1.76936203326419,1.317445855127
1.80144654017763,1.31102934051235
1.91934904543959,1.32514444328048
1.84359709725271,1.21752169292132
1.71990693958959,1.27984252138187
1.89347346686196,1.25220425792085
1.71967322077565,1.26799278890301
2.08701106003314,1.45886314837603
1.83263221344267,1.38844895956775
2.00124022408345,1.42267987585448
2.02375200463152,1.42499993732896
2.15405840327736,1.50338668254509
2.04134544276108,1.42670888489443
2.03437047501842,1.397009587645
1.72470071917607,1.27014574167615
2.11025547398685,1.4722967906916
1.94053137137873,1.46856708730932
1.9256713810397,1.44863440122875
1.71647441678844,1.38209135961237
2.05073992986954,1.52751274377651
2.08490339369234,1.44389401648065
1.76991147622731,1.27749549761402
2.00403557203345,1.32086294739321
1.96224625110718,1.31859289733116
1.90012105279221,1.37873958605066
1.54998044142512,1.23537288371781
1.76895182872645,1.29184178503588
1.85183387996147,1.29414199680199
2.25353333472868,1.70028671861469
2.09706962425799,1.56490259575301
1.68607062464474,1.25239805883053
1.95849513907207,1.48162798131764
2.17292665935758,1.59112430877945
1.92132443306668,1.47293899821211
2.12001397437585,1.48072599858596
1.80440768994595,1.37848119659536
1.9368199716476,1.37979331591888
1.82318380982601,1.3298815268291
1.71929964045153,1.26903914738208
2.00473854034954,1.47575270606744
2.06562571516296,1.46994791247106
1.81805449023009,1.4059844580096
2.0826807751646,1.51421642852889
2.02400812618483,1.43019503747114
1.83922210809554,1.39707763590347
1.93481189887883,1.45652047169427
2.38306204178889,1.74802278564867
2.06285097716721,1.40431321133654
2.10978271065471,1.52135841385643
1.64425968842045,1.30266950181945
1.61797323979802,1.19207623117942
1.61580297258847,1.22602540012165
2.04797632294754,1.49482458222248
1.9058378292425,1.4213052461452
1.75825969821837,1.36150005199147
1.95652137672487,1.49938384173824
1.85201341545754,1.21948760057064
1.71307067802179,1.38514306563786
1.86005021577733,1.31995483886051
2.2654200423732,1.73971366202667
1.97344230466155,1.48464208816557
1.83491202068022,1.52085832068796
1.52989363387881,1.16347390635468
1.87638793971568,1.3323969862019
2.06638051757623,1.5625517688675
1.9578956858186,1.45466906002806
2.08407457885692,1.56144962073649
1.7577787111378,1.21922479024964
1.77832341351003,1.23803166222372
1.6212398174192,1.20151311198623
1.68264364625455,1.34797640258728
2.05777613759262,1.3622391076604
1.88757227340463,1.39868074979103
1.8515508511753,1.26669004633181
1.57519753472752,1.14976286886213
1.77504799797393,1.32561994706748
1.93757846519948,1.49330013107894
1.98595342081993,1.37957472578506
1.72831225559849,1.29695483229179
2.0460914241638,1.46729440090108
1.75935920385422,1.21996147350638
1.84725997915424,1.30978545791417
1.75297861797781,1.33445253043395
1.61647169447077,1.27926570944703
1.64636284560875,1.16222273295017
1.87607481136093,1.36604358654733
1.85153864417029,1.27095568851766
1.89092210582713,1.28332667931565
1.86264640339964,1.33304093535153
2.05789445740475,1.42321416420769
1.75934744246499,1.21400009086768
1.63891658312789,1.24338946768861
1.86421273986477,1.32578748814959
2.21571165337496,1.53601026240821
1.90140388227139,1.40699309561481
1.70779860828711,1.23415622988847
1.73066676203729,1.37919173625912
1.66634340030508,1.31344661991115
2.10900488269627,1.53720350071297
1.75868653172095,1.35193468163112
1.98532034381183,1.46737975006172
1.80293655539821,1.33831045288896
1.97929032910952,1.48803390851554
2.08010384903174,1.38268381687338
1.71675225823307,1.33448876411646
2.12115589291282,1.49619455996407
1.73615410476048,1.28640054261816
1.88902883579982,1.48285572142759
2.12589690715603,1.47916712536584
1.728427332561,1.34366833407629
1.86987350130146,1.31622871816032
1.80104518293332,1.2960474280395
1.98042063002004,1.43187127882135
2.08254730891349,1.50389588148151
2.10831279727409,1.5596368364012
1.8571220919985,1.3735493286192
1.5952947360745,1.27818841358162
2.02514678738548,1.42074344305727
2.010669780971,1.38936874768296
2.07005224040224,1.37454395583204
1.81927715839255,1.30053309648762
1.87971156674381,1.42858043643526
1.81298775545611,1.40109484940887
2.05593338772019,1.42640793053331
1.91017086703163,1.40899226327023
1.74518945234328,1.37881595619437
1.81984384751336,1.18640937567028
1.51984294651236,1.20876746328546
1.63252502242696,1.26290993941085
1.67378026710833,1.17414504747313
1.87218435676709,1.36180362601557
2.1091249004233,1.54075665505249
1.66508218380719,1.20041579783843
1.98564735512624,1.4354270217069
2.16387755168151,1.48229359351071
1.62589049954022,1.17451438419385
2.16387946280846,1.5123914280983
1.6299509883691,1.17533468714292
2.03191003736563,1.55174653190429
1.80191436359523,1.30585317798711
2.01876586890251,1.45225529133065
1.77110644234168,1.33326658215357
1.66260985166074,1.25207925926307
2.17916968660618,1.5030777492633
1.80896383644921,1.40265773258486
1.97500577323292,1.45664291468719
1.80063500227665,1.38134085389587
1.89954100406877,1.39668350444564
1.99167846803949,1.49304154646636
1.62092300483397,1.19330473231556
1.77179761671788,1.28230595269607
1.79660318623251,1.22224496331747
1.89263561380085,1.45023922244545
1.68358450081632,1.31240741725637
1.91733566008452,1.47828045934471
1.73486266869737,1.29132337262444
1.77825852643183,1.39432057237172
1.88028476267459,1.27084238128627
2.1705519315506,1.57478146928925
1.95961604522957,1.3421114405269
2.2727469747482,1.56072428691346
2.00900370937896,1.45940215486193
1.96477170682077,1.46801141725685
2.23647181564163,1.51502771577751
1.89761162361388,1.3383442507714
1.72690032154488,1.18717380272401
1.77744423648921,1.32490315466612
1.7525030294435,1.30898907268196
2.01323862517688,1.41545883117151
1.76594591631851,1.31407005124587
1.86860795383017,1.41141375839089
1.86707992392185,1.36550337149382
1.58230370565475,1.12939104045155
1.91062831462005,1.32248056052742
2.19704955026442,1.68377240308808
1.52228390588553,1.15356342705152
1.84322031214938,1.29241652998431
1.76744128437963,1.18772988193675
1.84382028630819,1.31822828325989
1.8668351253671,1.3777725129294
2.13395571672089,1.5182416766351
1.72855703273481,1.27026381957021
1.7432620977757,1.32185973759041
1.79312231190669,1.39990275339725
1.96142343268001,1.44382145475301
1.85758777034903,1.33427759602821
1.91971912869149,1.4720948919302
1.50071752785607,1.14631818068476
1.71258787441931,1.21991345048927
1.66330307805755,1.30614168380765
1.89771214456345,1.37668421226271
1.89039470125643,1.26189232795531
1.69143780049648,1.28342626557483
1.62311136790822,1.32904235081128
2.25902270011651,1.5253275529459
1.74785553772581,1.26186532215903
1.91234937360287,1.25198012411725
1.88563055203253,1.35086369075615
2.00219150174449,1.43083270258893
1.82524625078346,1.30133697140599
1.70796560736453,1.18105996139052
1.994481577625,1.48104478563042
1.6711530898643,1.25852830512795
1.64069042191492,1.16205577660515
2.01635290355145,1.33480342555631
2.13066989413766,1.51063460607956
1.97288221487659,1.33845537830936
2.01170494808706,1.37562620857646
1.92979555246838,1.30206610745519
2.06611225495413,1.43752882252428
1.97108604223087,1.34662455173638
2.30554721711228,1.66913699519205
1.88189570348914,1.41585612105595
1.88054037887434,1.25811411721943
1.84808991234377,1.45209369566133
2.05397771200924,1.33495046979106
2.12450214915875,1.52125773442988
1.85847452379111,1.37799315213808
1.93072912101885,1.30923468081429
1.9503509687956,1.3798558042586
2.11771255002382,1.58483809718607
2.0450189762592,1.43016203085329
1.91784327328693,1.33529839520484
2.01531354991103,1.52457001814206
1.7864745827175,1.36994515538593
1.89955240745264,1.45094170205534
1.95185144961588,1.47209185735367
2.02643906857313,1.36617669142469
1.5807713159853,1.09167439224209
1.71567085306793,1.33885955007003
1.86069962003285,1.3874348060246
2.15122278050736,1.58139404716562
1.74972737120123,1.25725179704461
1.63940234098166,1.32748160102126
2.00198698955154,1.37058050575416
1.94541034327137,1.5118235285479
1.749043888288,1.29407487119802
1.93497063351445,1.41775601912376
2.18502411313796,1.52383967312976
1.81911386403896,1.29510419303066
1.84677069629854,1.42425821741101
1.78714613153356,1.20450767902621
1.70703953124997,1.35586262693013
1.5801621212771,1.21065090692193
2.23799261985021,1.55218034272784
1.80227678168049,1.31884549696827
1.73550045812331,1.29608854787805
1.89085176438427,1.41122665959915
1.39433824723006,1.0708186343814
2.05070790285507,1.39549426404485
1.99800708406246,1.56225211900267
1.98892956170546,1.62446763999829
1.74384064087144,1.18997158379497
1.83234399614632,1.31951517946607
1.65877402884515,1.24545622390575
1.89382889292695,1.46105646291893
1.92906356086096,1.43892450846453
2.1247041264024,1.51332601196958
1.72247122709525,1.21668673421033
1.64560029083411,1.2096171802279
2.03285560027703,1.41421302787336
1.72589463642511,1.16353380965327
1.77231245361139,1.27487141491234
2.26836680476779,1.7074998050413
1.87501812221013,1.39530628775202
1.93995394713243,1.41337665127026
1.99265913578539,1.59641558550819
2.0824130846131,1.40606228731777
1.8085858893349,1.3976169710828
1.92476392967807,1.3864125302863
2.11722753233637,1.78732129994632
1.66924565230275,1.2675916693855
1.69202551929397,1.31473912686877
2.08636014545088,1.59312591867423
1.96061926463278,1.32430922564998
2.05354378352534,1.46560704156946
1.62106706984361,1.25877335122768
1.9034755648083,1.41063480683394
1.72314100408512,1.31838285211684
1.99401477746285,1.38605866891864
1.75370991503855,1.3024594064394
1.86745125656699,1.27934273085012
1.7715041416292,1.27671916567425
1.88024315904997,1.46402968861116
1.86844250152796,1.36154538025679
1.62752476837796,1.17425387805604
1.86060348198339,1.38453067126769
2.14036010577296,1.47617287878648
1.91173467047245,1.38207831432343
2.1338806620111,1.45735440235911
1.94425818569137,1.39998769091988
1.91024843132183,1.34954346683585
1.84751128038821,1.4013137186702
1.68061727445171,1.21722757218361
1.73006630481687,1.23574985703713
1.91249607445103,1.25701203023054
1.59801255222646,1.27611655472735
1.89511743092529,1.43127276910214
1.45068413198146,1.15394499263241
1.6885870536211,1.11466324222979
1.68485238507977,1.21493850332546
1.61237856994985,1.26209569063513
1.85359470625611,1.28663839699165
1.57204642450862,1.19130876584412
1.71447366037399,1.25913413461963
1.80097435432844,1.26560878508606
1.81650143350171,1.41271541448332
1.82757635122913,1.30194454076125
2.10811694906261,1.44692617103057
1.79212314055953,1.436466625662
1.89142817379931,1.34893122244777
1.65891046471327,1.20709712556268
1.76137292788606,1.24140257317426
1.93131816462845,1.34529574417334
1.97768308835035,1.4886696714024
1.78709314076329,1.36728815649673
2.16556749310301,1.63633011321711
2.12773710691236,1.42952088415543
1.97302440986059,1.42631047610285
1.47155802855063,1.06664577793731
1.84662261583016,1.3517217899047
1.84473803618286,1.45877476898632
1.96627487766072,1.46785241664296
1.89150044223347,1.46878868571961
1.9303585007143,1.4159129765827
1.764254486669,1.27046843436233
2.16622361308007,1.68203095372491
2.06349618321291,1.50120599581804
2.00836556943018,1.45017486980612
1.92754731426291,1.39928648245609
1.89624274140096,1.48207095408142
1.83256987947703,1.45625589404602
1.86733131626326,1.34237167385219
1.68556060508552,1.23925177078901
1.83027389439162,1.37746946432174
1.73989472057563,1.32937628630267
1.60640257053035,1.17657896388228
1.80280440870033,1.36743276151654
1.99995679514398,1.47916699641621
2.16478900037968,1.50844104654282
1.77371834629484,1.35664672810781
1.96523880578877,1.57729616935869
2.06912431945207,1.47280921777869
1.93474939657658,1.3156061708564
1.60148976312395,1.19339100182891
1.54813196578123,1.26971353808052
1.57097168357863,1.13545684838273
2.14264124853187,1.45628161628474
2.00915420507478,1.51874228802796
1.76238807528465,1.29327076099238
1.82969478607435,1.38016116068063
1.75403285176233,1.35106804275073
1.93364988031399,1.49839260594878
1.91993314641543,1.39699540228116
2.00024383392523,1.38653299382559
1.66453860877721,1.2583046518257
1.66529489455683,1.29825628774809
2.09240419427446,1.44164773591784
1.9842645215473,1.52349320457872
1.80962250127326,1.39264113885831
2.0282699329411,1.40891867066958
1.79798976977139,1.4153025727008
1.73309198662768,1.43144827455346
1.98468817488968,1.33268187712698
1.94669701269047,1.43029571521755
2.19314651206659,1.55954809016539
1.87919098196468,1.42560784135298
2.06897536994529,1.38208185035214
1.77872371106116,1.32169712784098
1.8877241949805,1.2104779741543
1.65402362275987,1.19720944483066
1.94085147765767,1.39611538605518
1.77248967613035,1.37921198398035
1.70119020513442,1.3636705888576
2.1377237531408,1.51926175515687
1.78732336679983,1.2472741906768
1.88205063361093,1.32980747693407
1.908939954566,1.41536674134906
1.63896023244017,1.21328665013215
1.65647480325291,1.30020809016471
1.75207462349983,1.37141303520408
1.91413557968221,1.30592219777123
1.64952903375648,1.21440071622127
2.00234391092351,1.42122916053034
2.13304754376849,1.48005183663171
2.00950609126051,1.50721041331236
1.89408880918057,1.5345671452997
1.694701813869,1.32128640643852
1.71473982849299,1.2207718705828
2.10584267221373,1.50672401289825
1.65320088387692,1.22219045957866
1.75981067104307,1.19682437003942
1.91656704029982,1.42553298963468
1.86899336478806,1.3420575243073
1.6938765668355,1.2333777540528
1.78756123162698,1.27764870392268
1.64098012078573,1.19157738328346
1.81836485308644,1.4590131063372
1.97358196726212,1.47715985017978
1.87638733161228,1.40178804085387
1.88279696706534,1.48924986695881
1.82134104927933,1.44984164947988
1.90693801227729,1.38246064879932
1.81310924782101,1.43149650438341
1.91214600439623,1.52841924893741
2.03736666692426,1.46245463846202
1.77440334324879,1.28559810318548
2.19211524442179,1.50443440705158
1.77509542785289,1.28215108058122
1.97099425901914,1.44158579765211
1.68653956971168,1.35298098183602
1.80203888239724,1.32768593740291
2.07129992821309,1.50392209029619
2.03202247392299,1.36137923510015
1.95855724751269,1.41204573953324
1.96891620974865,1.39538972619231
2.06087018544993,1.42620256109554
1.98582013158081,1.32635459964628
1.8559355350172,1.40102341612499
1.80156710939085,1.33517313816764
1.58876948043875,1.2091593126193
1.51311902299631,1.13521780831342
2.19444869505564,1.55283289047223
1.92667541432478,1.37292099073123
1.89274641931859,1.21536490423695
1.90630787787843,1.48692397359519
1.91743874071278,1.40424904112698
1.88629162841089,1.40743962774408
2.19382794579696,1.65002102575977
1.70936607138458,1.2447891529209
2.06012020956043,1.40071346032389
1.92597535425427,1.39060025107413
1.740294761996,1.35895504045894
1.97139799239992,1.52420805039534
2.04570192012643,1.37697732876323
2.04204207953708,1.51381308398917
1.90580292081107,1.33715601516072
2.1696749057369,1.47413801912947
1.68415194523627,1.36491014666383
2.00039299274686,1.34832258357341
1.86850605010563,1.29396179944498
1.58296382756366,1.13137644702069
2.1086856790443,1.49262836410427
1.85560169247718,1.38347600227139
1.94598901638338,1.45986319531711
1.85068751470025,1.42094959667402
1.99436792317136,1.52999172532363
2.11069882738642,1.53194384776764
2.1365499443373,1.72207653703731
2.16204463323756,1.47639022998676
1.90114469059119,1.40858591930942
2.01176576303304,1.41492640797013
1.69454676035293,1.36102022650137
1.82094648731279,1.33625850143444
1.97630987412999,1.44089686502242
2.08801349497408,1.52660403042294
1.88889727383779,1.42423996958885
2.03579746129527,1.42484589311541
1.54025140651739,1.12043853294638
1.9609431786381,1.45619685751484
1.77092708716336,1.33222547726447
2.21159646401716,1.54629617831281
1.85689622746249,1.333744787812
1.92809967089509,1.42582303920834
1.75074599153647,1.27699551978711
1.53492561304702,1.26850907299594
1.76368595515132,1.22819629620148
2.4357153342392,1.847413574812
2.1099039132247,1.44937588077753
1.51728917771519,1.03277916403259
1.98624297530701,1.45291966018055
1.94219360764158,1.51797826683623
1.79321626487836,1.3567994629363
1.99395656304162,1.34153920488653
2.08134566472129,1.51168844872393
1.80758133433422,1.37847882405236
1.90109015872671,1.55649208314013
1.73736092168213,1.33019456098854
1.73918559726248,1.37085063963843
1.92435372806703,1.47627517235662
1.85134651396506,1.33887932836053
2.0740683327835,1.53310023490338
1.73498246332139,1.43306759727839
2.05321686003505,1.64429953391055
2.0510112812,1.41445882769183
1.74632466774918,1.22124099548697
1.88736672843788,1.43228032316087
1.66895772011194,1.27255209069899
1.86433950999166,1.26855172304467
1.6111209482536,1.21852790051173
1.73864395554773,1.20377530285006
1.98445286366424,1.54454212522216
1.89303084094567,1.26825079928
2.02736658750787,1.47034655282516
2.00823303309531,1.47987784194578
1.94833390831726,1.36351120900592
1.94361780128506,1.27825941473503
1.99723385751111,1.48890956703052
2.11153764087233,1.49783188097151
2.00031374500784,1.5677210245057
2.19979337147727,1.54477213193008
2.30566282360966,1.94490844373138
1.61547991264253,1.21254621611821
1.94529826514982,1.36784182008005
1.96010926710064,1.43424322010494
1.85531935965817,1.22669196858322
1.53025901338884,1.2130042792009
2.36214035272573,1.77293523415916
1.85061678746872,1.3465370230641
2.1378272452919,1.45735952481802
1.71918979551734,1.26349792464471
1.83421081532132,1.36474676294484
1.67706002609177,1.21865802240009
2.0172552288828,1.54909126934656
1.67702307272766,1.3274747570568
1.68630329539856,1.20743166507566
1.80576732422038,1.38926845154629
1.84111102866402,1.42943746104252
1.67903809665298,1.20539108238601
1.71818882466171,1.23363502257837
1.79630454119149,1.36072531459264
1.56890874140903,1.15053587928709
1.91239832997107,1.42797802794207
1.91928183257512,1.33148618677381
1.91772090205431,1.48717120140808
1.50400094861217,1.11209573433981
1.47704943473247,1.13783189905584
1.68897395529732,1.25294059720556
2.20594718024539,1.77485145300386
1.92353157741912,1.47457735520672
1.85084792571874,1.22392443833476
1.86201596202872,1.37241838989407
1.67308717837559,1.20619613616352
1.91464744281703,1.42669617416444
1.80912670339657,1.36892182086985
1.82062315938577,1.17091910425859
1.97086107559107,1.38781950675098
2.02387194372926,1.3715558980916
1.51147387685894,1.08875290785894
1.67804020479338,1.34742081249926
2.05348653598824,1.60181854257093
2.03877872105416,1.32236372408071
2.11864847504628,1.47442560470096
1.35958747990859,1.1334278417956
1.8994801747691,1.45595676209602
1.88732946189015,1.42734225800141
2.03584075577451,1.44986774395843
2.15318447463343,1.46538380235052
1.78959317945844,1.30480542492774
2.3121014394088,1.57853255548925
2.14620621973157,1.42049891428256
1.722100664509,1.20915932799554
1.97109011802725,1.3991064237407
1.77275873735746,1.27811127843122
2.17007389636406,1.53254659045443
1.66278539953469,1.30027827482157
1.88384440503959,1.28294214325699
1.93571573882283,1.39687885448852
2.10080677025271,1.48746554927682
1.89666581280404,1.44846263655399
1.8219008464966,1.39958383365326
2.02319137951909,1.41084638327756
1.99305329944304,1.56413076079039
1.62145688524276,1.25241343735149
1.79173933928753,1.36399989618526
1.84208312715577,1.38734990246194
2.09353842631777,1.55776214600763
1.97060280460035,1.66528219818462
1.87601280722065,1.33881372729007
1.62447353748264,1.28179709415214
2.06185682128498,1.37411184624189
1.63203912457873,1.29836445014778
1.7784443693912,1.23112335294021
1.9242135746508,1.33530653318915
1.82904053368619,1.35060161742995
2.04870792890627,1.40972981844162
1.93652837084755,1.55018441562418
1.9791840737859,1.5305283304491
2.05065770861179,1.4579993060605
1.60820140429882,1.16845671191393
1.93852691231885,1.38990720247112
1.72991000498672,1.36913581345283
1.79287210218429,1.38045288294488
1.9589454701678,1.41683375266234
1.99267049654864,1.55148671351487
1.5939488058654,1.15840085417683
1.74176367630458,1.29790215631862
1.47007393114849,1.10413741296164
2.05763254086842,1.56607066179808
2.36848787349416,1.7902907160671
1.73218708756157,1.33077083204042
1.79609669627252,1.27048335478165
2.01367043584732,1.4910190399522
1.9238497072293,1.33713532740506
1.99816213152149,1.44861438929624
1.9329840111038,1.38167087946282
1.79923487779853,1.44046831871068
1.82070657345226,1.36531342046618
2.05683010405941,1.51690522508799
2.00830410404754,1.48671617097688
1.63621674900971,1.1939294517595
1.803451312094,1.41457228339977
1.5932379553675,1.1753918707123
2.2617818022141,1.66879270796551
1.74422891314389,1.32367350337458
1.91397685485247,1.4028409559585
1.91416016187894,1.19976948620664
1.66325134792115,1.29472375740789
2.09463376227476,1.38449244082431
2.00422358639028,1.28782053770292
1.88947169995928,1.46007582892156
1.87124672939359,1.23429703937022
1.88537102627257,1.34379739406713
1.88175866225876,1.4125534754228
1.93711315136122,1.38858701086654
1.7256028586988,1.30682105101582
1.86197558881881,1.38854544661465
1.8519385260878,1.22983897146895
1.94211295827769,1.31517826932132
1.80718660413013,1.36955633077067
1.82884184247418,1.30203356672574
1.8998786896156,1.34474280039072
2.06020984395591,1.51991600490955
2.01703697572215,1.44775246286751
1.7490359797897,1.3096585102299
1.67818140444976,1.14856277047644
1.6728033726045,1.28108011358506
2.11890287625103,1.58186145572317
2.15558219843285,1.52708164971799
1.86358581136044,1.43133387281849
1.83812955763209,1.32933120234621
1.67407950535838,1.33449939376914
1.93217106891994,1.32036581624341
2.08685004896108,1.39658622234795
2.0002498578543,1.63626066358162
1.62754654023092,1.17189432470526
2.05370812010354,1.42495331162609
1.95223922625171,1.45882966452502
1.77212510601796,1.27543900237646
1.56235346796961,1.13585162920848
1.94658600861403,1.43312189730136
1.78590725079632,1.35255134855043
1.80945065782341,1.41035425049344
1.70184626361496,1.32801377804207
1.64900996014136,1.29822429220601
1.60097368788357,1.131236683728
1.95000174867179,1.4775004366812
1.65009357139038,1.28350139925146
1.91008830348253,1.40373645908386
1.87937635137608,1.47459330343326
1.67452627013775,1.11528884580078
2.08537829425172,1.45211571765092
1.71756832595634,1.31176269425739
1.96669958497886,1.47149517701143
1.77757670930328,1.31064130522798
1.87860275305465,1.3960097486437
1.96486875537127,1.28445995862782
1.8184616971983,1.32632944530944
1.6785857016538,1.20941938389228
2.07916515274186,1.39659352502041
1.9241358728172,1.48801662309128
1.75186289702488,1.38890821011006
1.68751286808038,1.25096853145198
2.03214114591735,1.49049705770871
2.14444538436495,1.50038905905473
1.91574375404764,1.50969897243362
1.86016140545554,1.38197972410094
2.46156247800246,1.91163990994307
2.04389998297058,1.36384827643571
1.83152444037016,1.23862288066165
1.94545757724618,1.44819301662751
1.9950815870518,1.37686622476045
1.84891445511426,1.39495087560422
2.04672232521137,1.46963304802715
1.93665895647981,1.24569020461928
1.41251889857766,1.09560473929419
1.79904497011307,1.3330765972555
1.94554108602115,1.37912122353375
1.61357554981361,1.18171284196674
1.83728315871002,1.36585491977585
1.66929673580341,1.28931919499976
1.79378855256652,1.38825200999075
1.81521207869523,1.31994751553788
1.60979483464094,1.24998841547166
1.83501789734806,1.39437177505973
2.1376196552737,1.56281644576147
1.70739686065466,1.33560298724265
1.99736275687055,1.33324474504772
1.65759516201461,1.33246095619505
1.76758925484829,1.38154685825469
2.02481081545579,1.44599886571153
1.99523819354889,1.3964487683568
1.74434647554202,1.39009950224543
2.00275018958434,1.22880337947591
2.24540050037148,1.52850729111336
1.92500611799766,1.26701690163727
1.92430395382613,1.41965295737267
1.97630637478964,1.3154335972177
1.97601443742769,1.49006954795182
1.79770670680264,1.24430806589601
1.6871680818256,1.22152398050439
2.36565147376286,1.51552486581098
1.99421270513648,1.38398417694039
1.45119642423551,1.17841050976176
1.92328391518316,1.40255096079696
1.76264921615802,1.35809450740697
1.81385432893203,1.29132156080837
1.73525936943772,1.27864472996638
1.78942970522809,1.34159105046108
2.24029516689901,1.59206551200707
1.75157284138609,1.37953490601693
2.1334780954407,1.48698242630614
1.79636796258813,1.29873867895266
2.02269799504246,1.34036212274764
1.60203971591579,1.28961252910032
1.83412792083109,1.47380281574388
1.87478499009577,1.37496730056658
1.83492900937515,1.35094233647118
2.00523744852854,1.26670159118206
1.7733018565462,1.32897754403932
1.97109951243297,1.33326839044809
1.7955197142657,1.36651728049279
1.4606295074066,1.14547361675581
1.99610835698006,1.38066431009408
1.95686761929847,1.45888439082971
2.08236273237241,1.38381206944437
1.88757087097985,1.42901526595648
1.61947003449248,1.167762839909
2.03350060096913,1.4665340643834
2.07509055147485,1.55631017574288
1.90210173571839,1.35124283934109
1.86519432801813,1.48687811262748
1.79097749580394,1.38306926034258
1.93784099009656,1.30541570558899
1.86354966185204,1.41409587329241
2.00957025838525,1.46819309474408
2.02677085577312,1.47734359758005
2.20374054977986,1.51068574380261
1.86723249847861,1.39705552101528
1.86696184462189,1.36994945123963
1.60322023601805,1.301303384592
1.84720681942053,1.53696313903696
1.57280384892598,1.15242397306885
1.89304763002485,1.35054140838878
1.3116017694101,1.00747018706556
1.88247457160417,1.48072944269927
1.78727771071585,1.37570849231485
1.77953979763185,1.30258455067214
1.82087671503016,1.37209972014639
2.25977164992625,1.53097229047638
1.8755714922894,1.51006355685338
1.85548198278137,1.36806009984456
1.92506646781411,1.51086394343894
1.66989894741437,1.24893891907176
1.647183795436,1.2690733823402
1.68285715720663,1.22691311695483
1.82490468897672,1.21685002671231
1.7032740150426,1.3422119544861
1.63498779619738,1.10074433292009
1.80320567147098,1.30996752631051
1.82952798871615,1.33293466530352
1.84536065431361,1.29045968508667
1.87260191582522,1.37585085950064
1.60496061335114,1.10771760917788
1.94870120322832,1.31207029432468
2.0640417044239,1.53957777812219
1.87424323753923,1.44692980426995
1.67966599870374,1.21206531444876
1.76235074673989,1.34541503649596
2.07173165600989,1.6016307300571
1.84302939501463,1.36401880534295
2.25666695629352,1.56275332843742
2.10284501486192,1.52660145464812
1.92983482734751,1.43752140658631
2.17306823288484,1.50898388167617
1.8018883291676,1.31836050799029
1.84594476958164,1.35699760438389
1.97523878364884,1.42624105107408
1.79870376171568,1.3739323853313
1.83096744065289,1.35305511165949
2.17202610233448,1.47154079658059
1.72326568389105,1.32377291045397
1.89671626368131,1.2277499271102
2.17555936387244,1.54275878903582
1.78896168060474,1.17932874336482
1.61007671659576,1.26030065764589
1.8630473086183,1.37607329134296
1.65613371372839,1.20874721576501
1.80489513112018,1.29420687236266
1.8035225357245,1.37763940404794
1.85773643151061,1.34574622004615
1.48702982882322,1.03667510350887
1.9022032597667,1.33597976723113
2.1694684977311,1.49710127239767
1.43292087145453,1.17551717919757
2.14427490134721,1.51222026797172
1.70049632760133,1.21383477523711
2.11657385892619,1.39695758660168
2.10973460472997,1.4183420582108
1.60976769429576,1.27720771458201
1.84622708496719,1.32259761597677
1.51627410166193,1.14089385304136
1.57155625012292,1.2870599141237
1.87819168091463,1.45949877205959
1.97695629421636,1.48989113319555
1.87030612375688,1.5382861611265
1.82753456915132,1.3687069170048
1.67228713411285,1.40524891427731
1.63567080190379,1.29365163526399
1.75424363136149,1.31601401120078
2.07103356316985,1.50867880162379
1.98235039548722,1.46180424358867
1.87351635301283,1.40808402098742
1.84724147777135,1.44015800896256
2.13406734873333,1.56318417830438
1.81338047638197,1.26499862725132
1.94858212060321,1.49211374010769
1.5962509666343,1.19384642436236
1.74785533914557,1.32916579658937
1.9081312590002,1.3619796148201
2.04360489858745,1.41607478507927
2.04697785035415,1.63138999786981
1.56258602268904,1.11634500269201
1.99730306375461,1.50379022662011
1.85143180569833,1.34349722922679
2.19618785041479,1.46903407052885
1.84589005488471,1.38362740303443
1.90832326591919,1.3960768253722
1.82563723214617,1.39547714208265
1.9369582446868,1.37901118487841
1.95654150334337,1.54697432785184
2.04103073800904,1.5556276078973
1.67555528865075,1.2095330365163
2.04937607364393,1.37848680228515
2.07455798739046,1.57121196664768
1.77341162384079,1.30148990220893
1.63897291901917,1.16735326521844
1.9217721919944,1.41620260252138
2.16795958137663,1.45358980218669
1.94537389840562,1.25155331223188
1.83523657425705,1.22061716282646
1.83821282107338,1.34605635878316
2.11755801565365,1.62384139332535
2.05640929042549,1.43402603815866
2.06559090624407,1.4679424360463
2.05205957852167,1.42384148428404
2.33918533197382,1.82358207147517
1.71929896901779,1.28148264007731
2.04549420508693,1.4634949119855
1.98619591880766,1.48449528326235
1.69226196963146,1.17395692983771
1.64130023564654,1.1938715158161
1.63467201062926,1.17693647189035
1.91346299070576,1.34705956437005
1.54523797418473,1.24882059849742
2.10134278599507,1.52721867569992
1.70097810762627,1.31678097358006
1.53813054760677,1.2014844286948
1.94655122153811,1.40979959929518
2.08383113619926,1.5988742835467
2.0840250056841,1.48688700336957
2.08894833558641,1.47124676883
2.00263306168302,1.37574778939167
1.92449859509813,1.40848866190829
1.7793034089149,1.24993066401328
2.05257445140746,1.36549599797646
1.70364036414451,1.11051989043536
1.44904484430391,1.0717400768389
1.50163883958771,1.12453500271451
1.88083244529592,1.47536362795755
1.91828169444655,1.60247312856323
1.91179380363389,1.42368314280756
2.26875041926051,1.55730328316099
1.96618172381782,1.51159851516406
1.78535240623453,1.34025078955967
1.61264622992281,1.24901780756829
1.80307935389176,1.36003431402718
1.94467887072093,1.44739928282639
1.86079881761876,1.28264076468978
2.06389918938148,1.49105124478431
1.52972841140968,1.20468859089549
1.77832842301867,1.36589243047298
1.85470787666272,1.31525331709732
1.7023491657572,1.27237912561077
1.75567357681933,1.29520585473637
2.18067022883004,1.69156885092338
2.1612409918413,1.48200146773083
2.05664048412246,1.60878922916861
1.75671808639474,1.24793537498277
2.08982560041798,1.44516348391503
1.82884202686709,1.33205957197262
1.76863575043199,1.27472647914036
2.00729994620777,1.42906593928295
1.91402826830989,1.41411258230014
1.47153793102691,1.09397744690491
1.62938000198587,1.3049073923979
2.27075248274302,1.5840450870689
1.82977738602398,1.35922427925937
1.84366989622079,1.31266609336856
2.18946933190992,1.54829378175068
1.88348305740545,1.43670235384916
1.92945966481338,1.47688585169415
1.80051473520374,1.31782729107911
1.9406107797127,1.43052958795991
1.85469926734375,1.4270697763178
1.92442554742204,1.34660401850756
2.08408979181211,1.4357311139082
1.68675249456685,1.23819532172634
1.66768970462735,1.31553124131847
1.81527548170174,1.32963015540499
1.91932926865,1.44556666762843
2.12006578342887,1.45047756695326
1.85426675206103,1.28017928319614
1.89578804294733,1.40186923443404
2.12899952593846,1.48652440295692
1.79367323751293,1.17456973316462
2.01486254867791,1.43882140410701
1.86154238563072,1.42178091399547
1.96386257390825,1.45710222527781
2.0440504837104,1.42787175486307
1.88256112362682,1.23703886191811
1.97021590532766,1.56563600968161
2.01846262686828,1.47802754614744
1.80308904722262,1.24744188872073
2.00830446039779,1.49291535168132
2.09408593407467,1.37902089729903
1.89488228475847,1.39536442913659
1.74119044303437,1.3013608728967
2.16327373669754,1.54409429170343
1.97454642865612,1.27539861381878
1.74736132413983,1.25558928271314
1.98299840362872,1.49453308193468
1.91777254143559,1.29328846287018
2.00771242356773,1.38922618227423
1.94302358348304,1.48165127165808
1.77138320708996,1.31464720427359
1.86297842710138,1.39317073537481
2.39435131843752,1.87208522134185
1.70340304532008,1.2837460509617
2.14509645090151,1.44956080034471
1.96100505490647,1.47244338977942
1.96715847877606,1.50011743063635
1.96704507207396,1.46461463140632
1.77865033287042,1.15188773439334
1.8394622852208,1.41966530575888
1.77108768395288,1.36545792628459
1.85212776037981,1.42896274485486
1.94588631211741,1.33519579970256
1.85116003340387,1.3208856128309
2.22931013411548,1.52725719520912
1.87996177145202,1.37456766196991
1.45762695417329,1.10394589827992
1.93271829028295,1.42504667503116
1.7986994061492,1.34276906662381
1.51422534076946,1.11612847333324
2.07768881847191,1.48380851394693
1.80833565828027,1.40316296523004
2.31018241802151,1.76002638616968
1.68880353477233,1.3084832846963
2.00844717352066,1.28556270417301
1.84688450783861,1.39003631532863
1.93834354077063,1.53053119622768
1.80411210575653,1.32505221365068
1.89593685787647,1.37657858557867
1.5686974233421,1.15234070793345
1.68843518501121,1.32353478784857
1.88220772169541,1.43266757032895
2.00297258443781,1.33793400147635
1.89990493521036,1.33648609309505
1.56871747461455,1.20410717061828
1.94810766270388,1.47898897129144
1.83373955204942,1.21317429205496
1.90100493894177,1.35885528841227
1.79576526942613,1.35333910217973
2.0033720292028,1.40391019498483
1.91239143662125,1.38784345435043
1.771209204739,1.40326994366232
1.66728503009766,1.17506565544055
1.61832778000362,1.23705860996601
2.04192880408123,1.55776437462587
1.80985283914607,1.37211114508052
1.78178984552372,1.32297481873294
1.56673012959549,1.22825142714854
1.81407961907355,1.3305861321415
1.70160825623846,1.30917167181526
2.00819270761637,1.41418529813198
2.08468185741045,1.45499242640687
2.09402901200036,1.43161521991528
2.38661916109618,1.581613591337
1.96294455245954,1.44423813096141
1.41596476839383,1.15069221823337
2.10258517089072,1.53974846869614
1.91355918623315,1.44392372186639
1.83205272332614,1.41651002042548
1.94625039037842,1.34965690743363
2.66603497010634,2.04879227301051
1.92636403682914,1.42851191368274
1.71094801864435,1.2471926478236
2.06345718524108,1.53971885437706
2.02984001705216,1.43986917407084
1.9466034815142,1.45410743620534
1.71771308862964,1.26122356424874
1.70657767011089,1.16131489932982
1.67813672716213,1.25502020082266
2.01000986572397,1.45476501614971
1.91396329421413,1.47418905984275
1.91692517853956,1.39662640223221
1.74714988605616,1.29468067894489
1.68780772958383,1.25276340093798
1.83637648006832,1.35734484314748
1.69431775367448,1.10200345082319
1.86545778980455,1.35917175775963
1.82484363514625,1.4107342038813
1.74368352144779,1.22879608066701
2.09950656609569,1.47455023125292
2.10499740944215,1.4446041154008
1.95261138971548,1.38005074831165
1.6635685782969,1.21266051007018
1.87980639358042,1.45349509786887
1.93349859521128,1.25669226497517
2.11334187910229,1.49163536408939
1.78581368644332,1.3431801214141
1.90507021137549,1.42597079696038
2.29198864508201,1.63477370700118
1.58624814231433,1.19339545288335
1.59538520951505,1.16960232835599
1.53137047653199,1.14741904814818
1.67309619697544,1.32242100367616
2.05470578388559,1.43861825377646
1.81152534406013,1.33620793699602
2.09524514724855,1.45709918833719
2.27524039208911,1.68983741860374
2.01836387875995,1.44269376386703
2.14639199940397,1.51876113356588
1.88022215697929,1.4309844633109
1.92979750050419,1.40100850803285
1.85111832978003,1.34365171252206
1.80594287016688,1.28656956097898
1.87745014616037,1.39073817635981
1.52793817419667,1.27003149090162
1.9428476302579,1.56191288346724
2.10912503158504,1.53179551413386
1.77236133993209,1.28613154083531
2.0013929600824,1.56105002001194
1.75999570569973,1.28086488514987
1.78403920114025,1.32355314703223
1.97728846019158,1.52175707807632
2.01496311897843,1.34610192958714
1.79866606381295,1.28532432318063
1.92066534714472,1.36014270138715
1.7655364817923,1.2498208404923
2.03106360060644,1.39171786928689
1.7565415014638,1.38207560466867
1.96809086795198,1.44593220063444
1.88735119853834,1.44588468549763
1.84737006907218,1.29927830103105
1.77602255127992,1.38952354467555
1.67721674577292,1.22833448275496
1.9401171140102,1.41768306780632
1.55268926794851,1.27977162833815
1.89019079355897,1.44749004919686
1.61548278221079,1.19125124158157
1.89696285944732,1.3462138182532
1.75357379949485,1.15511828672378
1.80169717554953,1.38666618674736
1.98487776038967,1.42784984869511
1.76945181448698,1.23798521135463
2.12033242387321,1.41423274541538
1.93392730211674,1.45851620805091
2.148804781359,1.45780892094837
1.91641696497885,1.44249733963385
1.45494438201997,1.12177023328937
1.79025828788672,1.30708238070852
1.5843579151714,1.12031677754234
1.76276911681016,1.43105550334177
2.15664482999996,1.41217919462636
1.95132779221356,1.37145861161005
1.82933371201298,1.2452042087773
1.84009146265546,1.36163875506907
1.73111917649501,1.30487195860019
1.71617476077247,1.28947451484228
1.58187264214121,1.34896197500071
1.53402208242787,1.14572194339209
2.24944614145384,1.54895830220322
1.8002537274648,1.38893978532987
1.67316451521745,1.32221692191391
1.76496294372204,1.26590759264667
1.91718278846016,1.26520099029664
1.97858822340302,1.36106241566324
2.16865466821678,1.43548417420168
1.74661173864294,1.31719140211074
1.98044527997219,1.39785698079159
1.78010983301267,1.3284810461445
1.71340960278779,1.3271285255329
1.9321850437882,1.46089482545946
1.79616343973815,1.3597888138654
2.14039450771184,1.42581571412592
2.09132215714737,1.61268047474515
1.8026892869631,1.2620254862721
1.82640249099587,1.34122833612843
1.53084535584378,1.24390424008777
1.75483776542933,1.24689052656798
1.86500820267722,1.41627548196432
2.08581016396094,1.47116715206921
1.89615039317709,1.52312318119712
1.82481981331827,1.29117140434567
1.60449970502127,1.16833604331432
1.91444479599332,1.38470961334143
1.99072302986595,1.5063511110502
2.12856585841492,1.57373297869298
1.92893985791028,1.4614680431139
1.73416939515219,1.30604083813346
2.16300134621565,1.55695919489812
1.68191449276428,1.24054793196994
1.76250826169029,1.26845739990399
1.66717934445325,1.30398444640317
2.01638464054061,1.37701101535518
2.17891763070639,1.52053819390436
2.10503195209906,1.48725445209504
1.97466098454546,1.35503687288284
1.84431115449338,1.31429799921257
1.95301930104189,1.3850721189581
1.98622192268597,1.46615026815686
1.94073563767887,1.51471726726889
1.99021383870677,1.32939993625654
1.83915651908417,1.31951476496627
2.18163248470591,1.55176935455285
2.30277039315225,1.56127922553039
1.62073057107432,1.19435972307725
1.99395508194421,1.436919213146
2.15641063932926,1.52987839245956
1.84765771250015,1.26885838156212
1.89914804077193,1.4498494192315
2.02285783253139,1.38220648515322
1.89434999195014,1.42480845762683
1.92945931336063,1.39701257846759
1.97162074776358,1.38598766166185
1.43819069797781,1.13284523683309
1.66145585591782,1.24392228797584
2.02577933796518,1.39502742147076
1.6739823530556,1.27538326288204
1.9004606822407,1.40791739538099
1.9005224338519,1.44219365544166
1.60644150192303,1.20593918322408
1.97930708390813,1.25353780687676
1.71345497575573,1.25191119253447
1.50381101518829,1.20926576364071
1.55727225938973,1.19553140140404
2.06502326007551,1.49742965433153
2.11796176684003,1.78588972916694
1.68675283724052,1.27803213101306
1.69227035133451,1.35120286835708
1.87368496869859,1.41924340375609
1.75860456479121,1.2723862148091
2.12819905461917,1.40921371036304
2.07371428112949,1.41520027084158
2.02518882168445,1.54491614107605
1.87175621598655,1.26357661686365
2.19855336291683,1.44750426667056
2.07558463662081,1.3997979549787
1.92635936223133,1.31689471397919
1.85659345677223,1.36005633934955
2.1511660355021,1.54331319818973
1.79713706292648,1.4341477040243
2.00343810375071,1.51473716326012
1.90502215102493,1.37946528905008
1.67073418230784,1.29189415048895
1.89843402142881,1.51400136152047
1.96197692718353,1.26843177352989
1.75933827842551,1.40710725239601
1.70722268442047,1.32818186955185
2.19189024834845,1.52587699571571
1.96539534374282,1.30585040046657
1.78311783502345,1.21365764160982
1.81386062018989,1.36099679450314
1.7113417007942,1.32945672610195
1.50837032494643,1.19083303209736
1.95330869232329,1.40742992867994
1.87127582162798,1.33364618596209
1.54086466814757,1.08422113750877
2.11827803138799,1.6830793259125
2.53496218993728,1.99484651641603
1.61244789942828,1.19927661801823
1.66413699000052,1.24144716570937
1.87072697902085,1.51254456194881
1.73473266512776,1.17673874461999
1.97701388998255,1.41103057513982
1.98969464041917,1.34684107939885
1.96136995683476,1.46934033555154
1.76169723738624,1.34723384951875
2.01510079224385,1.51188031235974
2.2423902876154,1.5831597479902
2.11463502084944,1.48928659464752
1.42902770695161,1.0842946398506
1.71138981669094,1.17798193136838
1.93409502874092,1.4658960936162
2.07651649791134,1.51437792231308
2.10230298255014,1.41326442630174
1.90562319492683,1.3725533543516
1.61174679488378,1.25217851327418
1.86149201865833,1.36499405612604
2.10511440305139,1.47453069054143
1.76145795917976,1.27507035279114
1.97732151403615,1.43572640981142
1.85011425491258,1.38644038799781
1.88945336059142,1.44395661395082
1.88855062099628,1.34608157392319
1.90441076807742,1.38857954636084
2.03707964095964,1.36546775772729
1.75846310321607,1.29462393184898
1.80897480394806,1.20975716021274
1.6127626442935,1.30099958133353
2.16936695966839,1.70501197282225
1.54329586552103,1.19528805326632
1.57718799897212,1.17885534332839
2.23950715964587,1.57902076596069
1.90559157695559,1.38609590089857
2.01812203382987,1.45469795546648
1.9949402225914,1.49236556291294
2.17327173653198,1.55885158421977
1.99631170844613,1.45840226465971
1.68977894979033,1.19255745842419
1.79167521458452,1.40068639047866
1.62946374924526,1.2384359435761
1.63404361764221,1.20876874238195
1.65639760520472,1.13736764181585
1.78331002326005,1.20359624899939
2.08096201952717,1.46733032405948
1.93044874494312,1.41733941542449
1.91024181020426,1.44041630240152
1.62628529500271,1.33742508682704
1.81296960458993,1.33766203163381
1.99204751345589,1.28379423392261
1.83168871760064,1.42371677029946
1.89070200250668,1.50298316960122
2.4239173551826,1.8623385786272
2.2426417354921,1.59275693220619
2.12372924959653,1.55823929002226
1.53557414998736,1.1401559338475
2.04338264410742,1.41791892020334
2.02495211086868,1.6546129855152
2.01475030170801,1.4652949410354
1.76481824914286,1.50091756434885
1.96634743509194,1.44889481157918
1.74144156083949,1.4241023637644
1.73049794427129,1.27858064251408
2.03202215276931,1.43074290759839
1.79135692531781,1.43693099304543
1.8817343859392,1.36472957857034
2.05412874937957,1.41869984967322
1.81194826897471,1.36829846834414
2.1997818745169,1.78266595277211
1.9281693042756,1.49491820185439
2.12582099496823,1.48136985999681
1.78867287557124,1.3837073820421
2.03344634004308,1.45204941379845
1.76084503835952,1.31142317148108
2.00668235745321,1.47899204700098
1.69952502028789,1.321197818832
1.98680159356868,1.45854517523118
2.08112587755654,1.61777881879033
1.90959921131894,1.48384080134826
1.73604182805388,1.22310614640501
1.56449012441819,1.2415524146575
1.66187074377516,1.23308675815267
1.746811542648,1.25876475021192
1.89793783381261,1.41018429485914
1.89675317984965,1.51368145212552
1.55411967727958,1.23745945151579
1.72815290366063,1.26729976976063
2.09821965775377,1.42918607618161
1.79804832079976,1.29536724714838
1.98078594558915,1.38738063086026
1.92037592680395,1.37667930591304
1.67157329189186,1.29752409651218
1.99046941523051,1.3691820318704
2.0176893633556,1.52844228558419
1.94566551445821,1.33460242900328
1.7232460720896,1.25280111577128
2.14647393260273,1.54246348051372
2.05709756800236,1.4523727170484
1.87992417755246,1.39981039281871
1.69905644155319,1.18843056629299
1.80608066364308,1.30555884885874
2.11364030087594,1.51550392141867
2.16080625190195,1.66163193008681
2.10320908220502,1.54142095399308
1.79639874381501,1.48498854997531
1.72269329372092,1.20805757213197
1.61272397650899,1.24974348839482
1.81230248167463,1.35338375539888
1.89681723346963,1.42057812743244
1.80031506289322,1.38154250379772
1.65134055188336,1.28487350744424
2.01991710742231,1.41459036795721
1.94621436945047,1.40319186486746
2.01462722378,1.39491680707588
1.86870654978481,1.36772623955473
1.6857200024933,1.30771708018505
1.97883763063873,1.38415194698294
1.83607790015759,1.27636608343469
2.15164256228778,1.57313978452229
1.93957656786428,1.46446337970781
1.87379501056065,1.37711627162693
1.85018944621719,1.36524219269056
1.88230462477038,1.41742447091599
1.98536076119453,1.33642055962484
2.05883298232127,1.56120977139879
2.30594534387192,1.84837208732645
1.60066469610873,1.28253621417617
1.7185827679547,1.35156795992935
1.72043610593402,1.36741321119224
2.40824452890138,1.96651086847786
2.14707311207582,1.69575152411521
1.65406139948727,1.2269898985169
2.08515634258181,1.46696197756826
1.77865793603026,1.28227036524511
1.42637904534777,1.09216600343894
1.42857330340069,1.11008895589505
2.11590210597824,1.44324026513252
2.05020175201712,1.29956083213857
1.73572125632452,1.33799692041853
1.85779716402186,1.38885229610182
1.79095723798815,1.15271217748636
1.97822521570576,1.41779792217471
1.93722139650602,1.51532345624382
1.81381622097111,1.30144273183795
1.62409796029912,1.24443992439614
2.08637059254622,1.52050430856396
2.1873477343963,1.61393252417638
1.84717747098809,1.32044057962378
1.98580601818425,1.32880108114577
1.73881780927307,1.28520243865202
1.85429329550148,1.35578331980646
2.16380879557555,1.56014064774831
1.95351600133514,1.44970108627492
1.83124548026389,1.33220126978084
1.73131673083474,1.37022820785301
1.44283937707211,1.14761703030798
2.06773655258683,1.42882711416595
2.0062644458312,1.38805621904131
2.0315227027093,1.60384317489179
1.93293250772335,1.42606633531667
2.16490253681895,1.48311206443479
1.77738264976359,1.30961787479043
1.80020574197271,1.22771987317886
1.93959764487665,1.41783049169127
2.25544500088396,1.65707873277854
2.51114911957349,1.92597404222201
1.75010501701986,1.26701566852408
1.7431962366411,1.30972417578081
1.79192067453186,1.25169475336062
2.03724695283511,1.46119424800475
1.82442948594356,1.35949719905398
1.56017733617327,1.19720099023069
1.93173103301654,1.37233323019255
1.65915625028377,1.31048117084244
2.0530054330676,1.61747404779433
1.9393749394337,1.33169101181226
1.95411999441814,1.47778860632017
1.83970199838004,1.36321365518474
1.9112823611477,1.39387965732838
1.76516774848893,1.29526485698168
1.63904639344412,1.26707144215881
1.91123560805101,1.21706579726639
2.02575117801295,1.52548031029228
1.88782165164709,1.38138204691548
1.40050598948883,0.92475526168126
2.06465996926424,1.46659588556626
1.86852238578893,1.27591756730677
1.88521154468428,1.33736295363983
1.75510903140392,1.35284352523824
1.79236608201865,1.41345920484335
1.69558324916203,1.21469163413733
1.92071043555079,1.41137759623138
1.8358983213673,1.42335707059512
1.94784628548335,1.47471928602317
2.27797594052663,1.88092100676183
2.20793107091217,1.50217437054937
1.90138717402103,1.45178967836363
1.96865333614643,1.48719335775152
1.79096941574795,1.40612030797602
2.02770251119883,1.33455206224861
2.07789327078327,1.43480523061086
1.9950749542608,1.33889842766064
1.64368574108089,1.26899311565264
2.00069392831372,1.61977925367388
2.14972848999489,1.48088316436328
1.65288892774889,1.18475964153362
2.03083787398853,1.4557613839751
1.93276094381118,1.43358661779954
1.83333505550454,1.318715370115
1.72123697245881,1.34555946185271
1.84875546560625,1.26591634106102
1.97113125187869,1.52860383591552
1.97858601258887,1.39942139608532
1.87657257841924,1.46344947876054
1.94575038135109,1.31137709501894
1.89421333381517,1.2797332940571
1.9847089566244,1.31977769316078
1.86651472116047,1.40326326797429
1.60010847493962,1.25714581595068
1.94389562399162,1.48263440863466
1.90550298381802,1.38655829556324
1.97674120935761,1.35296226605405
2.01982527523094,1.43433012621826
1.54451358382253,1.15605639295094
1.68279783787098,1.26539096130473
2.20676031430789,1.48838688740289
1.92010199454699,1.42123721587367
1.78820633977483,1.40536664377693
2.11442625320249,1.44308120566279
1.866571832494,1.29244527173441
2.1014084746048,1.56705138589971
1.58187292953716,1.23406790747585
2.05020134422232,1.4673305174625
1.95458410539803,1.39556160467933
2.06851296054116,1.56343385218114
1.68112084213068,1.24343797132147
2.04189435497572,1.37962569194105
2.24229812148134,1.532426490984
1.85631406815799,1.35205493486855
1.68894683375418,1.2729519787259
1.83721564439474,1.40932802827179
1.85923806481321,1.27359471186063
1.86164437875788,1.36473312436447
1.68087894127345,1.15635754741905
1.75288166242186,1.26194604046807
1.80365912771434,1.14765047798629
1.83971022093427,1.30759757605874
1.78828412566926,1.18543321187187
1.88500424068748,1.3256859473199
1.80002877429629,1.36976336857881
1.44277999081907,1.06467870105067
2.01086998575079,1.40303289342404
2.09084462159372,1.60959191805548
2.13966878388581,1.53231521605679
1.77606377368527,1.3238628269325
1.99286610579495,1.30533650845817
1.57942138107724,1.1729525613406
1.91121243424055,1.46413787332892
2.01302435068842,1.43516417604842
1.90242697236803,1.53614148363737
2.00628670513441,1.38517183987672
1.67749576752619,1.22778755420526
1.73732710989932,1.34506165429551
1.36667238471195,1.08964773653482
1.92227397129993,1.49582482372905
1.68538552269865,1.27339381942786
1.7367578672164,1.21832405682041
1.99068424029406,1.4965084336732
1.8683142603079,1.36261137363812
1.80796643313911,1.42154030995935
2.04580947721841,1.34664179959043
2.11236915822526,1.61315884028767
1.93301562132103,1.32304268488067
2.00733645777965,1.52179734615192
1.81397118086364,1.35410701087847
1.76367671976847,1.4708001878198
1.80581924615686,1.30670405209254
1.64514031327631,1.08352185414544
1.83093621957173,1.3563723999439
1.80691994002852,1.27775075884073
1.91988712640501,1.3381341747563
1.98944384590331,1.48670968503525
1.87069151264297,1.33151251202983
2.0254220832242,1.54637438044516
1.8843467870665,1.34963931833685
1.94620517243468,1.32446712096584
1.71273465364947,1.26901353672873
1.99393440038185,1.32616581592318
2.23100676935793,1.62396857247395
1.69514032061856,1.31642410486335
1.77942606848127,1.41752736804755
1.82500012175738,1.43120767343668
2.18808346915355,1.53029636482766
1.78081702177639,1.39258962265874
1.98828004778809,1.48842786163118
1.9679232338823,1.4533654243739
2.11252068353692,1.37744062423914
1.94700378463283,1.40690294589649
1.69162357307039,1.23978968384817
2.17158824748498,1.6546204365409
1.77238109509923,1.31913923181371
2.04805685940606,1.70661542216163
1.79371397882728,1.26128059993719
2.13730881525915,1.60430997526724
2.08255161779923,1.56852854499792
2.05832590844506,1.53378709715642
2.07170683260574,1.3591698996412
1.96397913705247,1.28415206812255
2.03926681721283,1.44769681950452
2.12420930705659,1.4875755417678
1.71666238941413,1.23788632700181
1.83667957704976,1.36926558563467
1.6781982061636,1.21721341122187
1.89997057450195,1.26007552493296
1.7549196909424,1.35897196305809
1.96945219946675,1.29227094240815
1.81349513654543,1.22490752144831
2.01216523667307,1.40449377729381
1.8966902013798,1.36898361847467
2.0650451809514,1.41955012538126
1.89095573530169,1.47899355928592
1.66056877504327,1.35484529744918
1.84425319746515,1.25324888281602
1.97200762891222,1.45615349284414
1.83988484941585,1.27594097744453
1.90788049952039,1.39565552203491
1.83519222316802,1.49153635176947
2.16854013415237,1.57905421967302
2.23997213512037,1.5842554886976
1.94966835993038,1.52971227278624
1.92653114625105,1.41735983851136
1.63072003667473,1.16999682889551
1.9857315313723,1.30217096748528
2.03079112698557,1.49211037402913
1.88686650253511,1.30708131465318
1.90748908104787,1.37669820971328
1.8055044812687,1.30001126926596
1.90794140095706,1.43453093877429
1.91920430980061,1.47424124157241
1.56385853385017,1.14564634781531
1.76905774422085,1.31396222882972
1.68166969632485,1.19243354440314
1.92768702621493,1.35653550837403
1.87820845797396,1.42080267569109
1.99285533290941,1.45687183552328
1.56858942414247,1.19517401060827
1.83007818311188,1.26335267691057
1.93176643038965,1.47021678367227
1.86696525672403,1.31642568655913
2.10107198343417,1.45647875837717
1.82160283168951,1.21151512076648
1.50690729580723,1.16545477977103
2.05361701288518,1.36337649203038
1.79106980805542,1.20524358855407
1.8747504260115,1.4060097778745
1.72709740607737,1.24704732234284
1.36606638590859,1.14113029302727
2.2104942959117,1.5474899011519
1.9310421544967,1.23861404956803
1.82852715801702,1.39819359833908
2.02754770519643,1.47536267912658
1.76468527326093,1.29509184936938
1.97614737002817,1.39801607250839
1.7106001742921,1.25001840420249
1.58751859531853,1.10287265758735
1.57017825727124,1.17880822476277
2.12166890780922,1.54680137584134
2.00082094883833,1.47003434070071
1.71591171090898,1.1802618107014
1.84431931912666,1.38788883260101
1.93748667773628,1.36163099303833
2.38919233690162,1.70800416729513
2.17679973795157,1.58875611665717
1.6218171664342,1.30937592809124
2.24309524991794,1.62854286859056
1.97059089127726,1.37090285196635
1.85005947469685,1.42696523162612
1.66062034797711,1.31475792899988
1.7624266497306,1.23636409533133
1.89711694066295,1.44140056399086
1.59394201876844,1.2207934496353
2.06548579045383,1.48748671088438
1.80987924213711,1.31542420557866
1.4260712007852,1.12646394763954
2.00500478047424,1.55406237640234
1.72720734652227,1.27711906006785
1.887883999343,1.4984708031984
1.81561894866988,1.27169604759965
2.00869448288325,1.43387022986381
1.71275089189465,1.23580128481053
2.00319359270856,1.38485670731097
1.93514756719791,1.42237609171896
1.83903983811032,1.32438257151593
1.92215309701926,1.31489811148653
1.62754301175451,1.20155684700709
1.93111236878167,1.37364415380837
2.04199858969218,1.4267714124681
1.88277638036112,1.41670342129023
2.29885352406931,1.56103719204444
1.71866107255128,1.23388380063215
2.15036348624614,1.5120995921972
1.97165803912003,1.33884442785798
1.75763751440737,1.33029483965725
1.7720570306239,1.29356921244057
1.97392132954831,1.43608870732251
1.93571359864858,1.47548910832083
1.95671395019456,1.24042253608242
1.88233319795911,1.37760017297892
1.79066962828084,1.44248126396864
1.67155582783893,1.28966129197349
1.91811469485322,1.2882274197068
1.53311850127631,1.13406518489127
2.07388279049595,1.44434874472836
1.72884486690878,1.30249474873867
1.82244562017813,1.34360024605994
1.93783268256159,1.3849802080146
2.01549279943334,1.37989770447914
1.69511813441323,1.25025915112392
1.74599471950473,1.34496224510934
2.09242015832005,1.51961297377532
1.56977611155167,1.08099217320871
1.93875705592379,1.29706133848778
2.2154211370898,1.67273615788541
1.89954660902087,1.25566859341669
1.59648765776056,1.27861870152529
1.82503632568023,1.36146929974341
2.07953250586207,1.54212945481576
2.20884316751823,1.53913495408182
1.28775413434491,1.03731187385011
1.55567346197605,1.21794891809378
1.85541088742194,1.34257237930612
1.69995569860814,1.25632971404283
2.15659062423629,1.45326159335829
2.18724828237,1.63698601465738
1.88655141374696,1.49505326334803
1.90084943838285,1.46662208269384
2.14200131410081,1.46783495830809
1.91026144396064,1.30399195539936
1.61392324257944,1.1625442247924
1.80812649507693,1.32718766316663
1.84186844936315,1.27780902677157
1.82083279539679,1.25731183818766
1.88178659367461,1.36306414371355
1.90774068144164,1.47349014958344
1.43741144634425,1.1714988135743
2.14049111189492,1.47553262147308
1.6810714217744,1.20986437517721
1.85738134394919,1.30488394270911
1.64842560654694,1.26889275089258
1.88096789098418,1.46938575987787
2.3440451475117,1.63317475805523
1.77399459235929,1.2722840273396
1.63219528343588,1.08347042805891
1.85932603641494,1.28273592447016
1.8617343025616,1.37391620243041
2.08890779195671,1.41810685873032
1.66061466163983,1.26480263511022
1.79213425087432,1.32217101809161
1.46501585570019,1.12442970264559
1.74831372085519,1.28485142662106
2.15986051114847,1.51388350083461
2.0013425372496,1.42160797273298
2.05016765754312,1.34037362669589
1.8339878007655,1.48124145354858
2.07842914911133,1.46858883364178
2.05508263502013,1.53373114134182
1.60908696329466,1.1435811410979
1.88117030143057,1.49429651629123
1.91640615340455,1.4194994656183
1.96023122499477,1.47157513220277
1.85105085076723,1.312586792999
2.01963105277555,1.3407700709575
1.70678294106667,1.23320902934075
1.9980859815302,1.34192167785931
1.9217924827108,1.41474605145546
1.93248398591717,1.4002867556738
1.6341561572633,1.24846842674918
1.88062614034525,1.45807390783876
1.93781142354648,1.47359352443799
1.54222261387739,1.20935682473794
1.80846840389598,1.15728790191725
2.14875241473102,1.51320646309986
1.82834340547698,1.19146140666206
1.90627689543468,1.32439915352034
2.0545244420177,1.46399852203661
1.76242481303818,1.22632938238223
1.89134886543744,1.29794349998729
1.91478997924617,1.36473771164995
2.21167836622479,1.48231141470383
2.08169076779047,1.51469915994316
1.80478104030345,1.33205396783698
2.11949101525843,1.50166819845331
1.77720032926136,1.31194912734752
2.00651181555025,1.44221349099623
1.70640394618254,1.30009340407186
2.02826355902106,1.51200371482894
1.68092621244146,1.28227023941041
1.80703385488578,1.2528090501662
1.90617206467929,1.44465197691809
1.93506581719713,1.3035010446005
1.64234870120242,1.26705497691931
2.00735454642612,1.43471881899356
2.39833009229668,1.5564981392762
1.69358453525218,1.33402417519602
2.05480437299973,1.49772153121365
1.73704207792155,1.29167051412601
1.68613525381226,1.22963578908841
1.62310268070797,1.17347617538367
1.77442664014529,1.38133634559594
1.5757388852255,1.2121498901851
1.76847930531497,1.1791639076003
1.72397951501515,1.34762541498376
2.11223582955727,1.56965544109727
1.90667657315058,1.38685920218687
1.76848860564777,1.339792618509
1.70131851373544,1.17399717994575
1.92447965558899,1.38426676066784
1.89982660677404,1.45794733493353
1.78664982941279,1.42609986871646
2.64789447258378,2.03278371965569
1.78459042148523,1.32393969364776
2.00325522125289,1.46831492696519
1.63249196061236,1.27291575709842
1.74819979941235,1.33608431571905
1.89172337718957,1.20854362103662
1.94622389601076,1.30449386334222
1.99485125294453,1.41757607969915
1.56853181539568,1.18700976359902
1.65130504762194,1.24315992291631
2.4399146945207,1.65095642020649
1.7625938898564,1.4273077161829
1.54255767440616,1.21582292980124
1.57510985838049,1.25419786125141
1.9326415971745,1.38418157204098
1.54895262063334,1.20958230560475
1.89034763264982,1.37226682023801
1.6730842058504,1.2190799935926
1.67432129903919,1.23448182745366
1.61194034665966,1.25564874369076
1.91537957160571,1.28498229458691
1.95737294271184,1.32269200861645
2.00589021089168,1.48606178416914
1.94401311641292,1.40356891839903
1.79888969559618,1.37864481425282
1.83661356229747,1.42839348331633
1.66313155777036,1.34173234468402
2.12364464148297,1.39390680761653
1.95880476547539,1.39598273735947
1.89161759841101,1.33914096020494
1.85564213288737,1.25815623402866
2.10265069848566,1.50831450498625
1.78461351348704,1.38183543929362
1.78379849046517,1.33905098591662
1.92261663453367,1.31323816126374
2.00451366764807,1.55024686749823
1.76312580660523,1.31172634759382
1.81245442939692,1.33603811066666
1.68919785566281,1.33661201258611
1.6119235169132,1.23772409789079
2.2325074434522,1.53910702705036
2.16098919213955,1.48758481368665
1.96478802657279,1.45303577191226
1.61921802429979,1.30653807342045
1.83027777720539,1.35993874792843
1.87862622512862,1.36349199736653
1.64014329219759,1.32005860409881
1.68251605361068,1.32953207103126
1.94164065992824,1.3327370760441
2.18889173952661,1.48018186139588
1.78736703494734,1.42177624344376
1.75952768154154,1.32613904095125
1.85475515052884,1.28737926107888
1.92890395701459,1.39601004459201
1.86846775713409,1.34132233181857
2.08776982251841,1.58609641169139
1.69854171304038,1.15975079433995
1.80263978715608,1.35238989264434
2.01784970539072,1.55324055454117
1.77553623395321,1.35435089836932
1.73848536005046,1.40532292775622
2.00994143336967,1.54050555903669
1.99534398365972,1.34981235563877
1.78704097586416,1.32868313649274
1.66252175394742,1.11417371409027
1.71358167531671,1.29519813272046
1.52129421825146,1.12616809420144
2.44099168091183,1.98426329638972
1.9131836399056,1.4375555569869
2.56595710830134,1.91732996076608
2.05095569978555,1.4452212565254
2.03844688087273,1.34652404546969
1.69829180017303,1.23992256320705
2.27967272846821,1.67067013465322
1.90073114113505,1.27944116863114
1.93026865622813,1.31965431101045
1.91104455422505,1.38139800583321
2.01917334062781,1.35148608028378
1.38327398304108,1.18044402367859
1.85084671328387,1.3108973377992
1.6703405248833,1.36518299280976
1.80013955242371,1.3652194822545
1.52239007638267,0.95809176751494
1.61419858285885,1.14815365581017
1.61412638922758,1.27428541281781
1.94361590039845,1.47191029564923
1.97117107507755,1.43461306291086
1.67575419282774,1.23899749470937
1.97062108049381,1.27278167586034
1.94515087767015,1.54623709584724
2.49679177914604,2.00848534001288
2.00815824328035,1.33690098449962
1.77375104540217,1.33802877243871
1.88394381008992,1.34548447862318
1.83605549480094,1.33555927254213
2.0792830148775,1.47859453312953
1.82749718676882,1.21498002820213
2.10550413832647,1.43857466807857
1.86083015699864,1.27395057645455
1.64626800108625,1.21911719591765
1.67745820903249,1.32138215841598
1.65718123373954,1.32009712536313
1.79166612595603,1.26016458640717
1.896363182983,1.43113500553921
1.57460401379794,1.14044457121462
1.86838138312072,1.34486787631212
2.08967452608952,1.61326295954715
1.77233223255762,1.46702260538024
1.96276308637376,1.47925629298326
1.92092297972537,1.43497397856381
2.09557045140313,1.43163955038343
2.05376127646303,1.39490706197738
2.09097264651878,1.56632117109849
1.95851034764712,1.51800213700593
2.04485535610972,1.46071658364763
2.12230054968853,1.59774944059992
1.8877869042664,1.39138018956832
1.89933319142069,1.37830463869694
1.76995204676757,1.37442753658872
2.07594113066479,1.44502855415634
1.6064192226063,1.17377294521052
1.74592004400871,1.32595574395155
1.76498681813645,1.34811972643214
1.68720154489977,1.32852848466963
1.96906358715326,1.45988937961614
2.30360996304069,1.59125880685215
2.05068727413944,1.46621496765471
1.81504663333766,1.29208939798412
1.58182130772343,1.12943116036729
1.5154904673011,1.25584149026173
1.82148929611481,1.46701407313318
2.03032104267495,1.36111806442306
1.88502796659067,1.24645191676512
1.90805370299449,1.49640149763434
1.89329885349841,1.41058927841623
1.64442847962941,1.2658843574296
1.77808507159796,1.35669305019628
1.81117976988893,1.42265089777781
2.07929876910101,1.47840946421672
1.96091698759336,1.43678532273224
2.17294238036815,1.59190548852096
2.43308637912189,1.92037263890837
1.76410629896214,1.35035357345758
1.83206731068894,1.30247325854378
1.84496947443739,1.39437670067765
2.0220980353388,1.57751935110283
1.37713697686786,1.02721739229154
1.92839216528822,1.37628150713109
1.8132075789514,1.29018347233808
1.87686664245686,1.2949780710172
1.99128105708008,1.36102448536206
1.95427779775964,1.25631939566788
1.57964248317805,1.18863002494469
1.97308475156254,1.46843937089795
1.8514074484714,1.47389370704759
1.72239747790496,1.2984876776974
1.80584516289619,1.35061748228375
2.07462131949818,1.55151052761625
1.85175330127864,1.3731198832741
1.77425767651513,1.45454990080567
1.95916501267331,1.39780716407392
1.64312080975127,1.22407888982848
1.65252048805078,1.27941793797908
1.77805090971174,1.1975296817935
1.82806176645162,1.31857695289818
2.12368460954934,1.5402785151769
1.91677335043585,1.4190788255362
1.36861644200439,1.06697571098429
1.70939665400664,1.38910977893536
1.94830655316492,1.42285902659295
2.07196821195464,1.49236594789243
1.87210192996427,1.36948720692812
2.073477093066,1.46855402423286
2.3317603005794,1.60762121204211
1.8240594569742,1.34037263015783
1.88590764013347,1.46896354329742
1.98989061192974,1.502939118176
1.57483008091254,1.29848257282148
1.66641653222725,1.33064209698327
1.8239339795448,1.30224899717307
1.65353590700492,1.31098147731025
2.06221047659462,1.55215847103987
1.68266844266494,1.20256217734741
1.83650909058963,1.25669557408324
2.07893179420173,1.46661536373106
1.70100423342741,1.44931170163162
1.68853436082809,1.27691258224341
2.08399788760866,1.45021756630929
1.78666913840783,1.23368311745337
1.84436996484428,1.30565984233959
1.58933647184509,1.2394070590148
1.69626353242303,1.26248490789435
1.80890955217915,1.29602487848893
1.82437378069733,1.3933223582529
1.88664806833197,1.25669119674524
1.51231385540877,1.26057259125318
1.9125502234436,1.42128593692852
1.63638667228975,1.24202796925889
1.88156480244021,1.38432421494689
1.85219075621446,1.3422755811567
2.09304526107564,1.6331245905827
1.91808644645502,1.32978111829418
1.77997533216696,1.29371602611787
2.1938320753391,1.55511410065423
2.05397404981274,1.49555454051051
1.650495283261,1.26064143908325
1.75877359549745,1.24812365851895
2.04436708992075,1.35115284468384
1.6492140060657,1.25643935029269
1.930584347109,1.32970581548705
1.67808163346531,1.19402698412208
1.91032520683247,1.44767055940979
1.96829908019897,1.49108407474979
1.76875556714677,1.34122306776649
1.72678402752349,1.19374017316774
1.97577140165026,1.28922396974903
1.83374683365686,1.31031456274316
1.99053740421815,1.25215720687887
2.0143448094967,1.34093990984829
1.72396480432391,1.2719840475532
1.7082511705313,1.3350981575331
2.12881810356503,1.48821746934905
2.13666424240857,1.47455700516959
1.96702776203321,1.30170437056368
2.06365751670107,1.42550622719371
2.05669462297685,1.46822738373928
1.75914080046114,1.32177705136614
1.89665166102283,1.55693470301686
2.0319820757661,1.51990642486983
1.86051828188191,1.39969361358633
1.7265211314792,1.29380587892574
2.00885206787703,1.35812495921774
1.81455938729086,1.32119483364657
1.89221700895253,1.32789202342567
1.71914742176654,1.27754723902973
1.77106560664267,1.45048655926948
1.81945632322043,1.34071304827481
2.23974888095969,1.61404743020232
1.38010888109836,0.963404701790687
1.58352977730468,1.16075975297197
1.58895903638263,1.15379606084895
1.92182199624576,1.45258411767784
1.65599794799479,1.34753690521971
1.56043250572107,1.11717820200915
1.8324945080379,1.42136027163197
2.144346014199,1.51994826765268
2.19668856716331,1.52123003128648
2.03568178732459,1.55104123896997
2.07104206529052,1.51875598671176
2.10569012877234,1.45277313571319
1.9066251624448,1.41816195256559
1.99406390430662,1.4892349828809
2.021280485706,1.43014282320349
2.14904199380237,1.46590746843363
1.83737478035595,1.43370739374725
1.86257533682332,1.38072955766948
2.17827026580504,1.67444073026635
1.87524221230668,1.56922709901097
1.91864613899677,1.40544192040406
1.83190553068523,1.22886501775048
1.82768365781594,1.41100036309588
2.10536883772074,1.52147210643996
1.82483179847743,1.40105360348592
1.88741940139544,1.38863592839001
2.1771397923541,1.47989941147072
2.01867167583966,1.39537523027916
2.06054207548631,1.44451885283947
1.77604890819236,1.29599675995641
1.93554069145969,1.35948007039399
1.28760844810096,1.00950161157466
2.18670794951499,1.52188630213593
2.1276388950464,1.44555097251057
1.41477653405869,1.12820724004327
1.87207084695872,1.39242752791721
1.62845246115858,1.22332890779472
1.95413090341285,1.41080705949086
2.05980519673928,1.5953390867717
1.69541759939323,1.27257979090986
1.97458239555292,1.50102428305856
1.73592198455976,1.15127584194627
1.87414872141596,1.50838767760606
1.92542071275349,1.44231083262196
1.88485503585487,1.39685614501568
1.99456529155765,1.5110757552032
1.63289697140201,1.20809030952279
1.86185672787889,1.35129431682598
2.0167844847463,1.50854043350993
1.85932171254719,1.31533961247255
1.97407078283741,1.45089483948526
2.14291774640992,1.52225450574014
1.89259492002693,1.23424769217818
1.88770395569755,1.54646342992506
1.82091985257332,1.31774209119997
1.66363156710202,1.21596448642103
1.96420286858661,1.47917182910282
1.77710451103763,1.29900848622917
2.26112024132411,1.72033806779455
1.79742286625262,1.28766040286149
1.73349932431363,1.40841345832726
1.88516404799415,1.29773222129975
2.05765342571045,1.37136239550536
1.78464067513444,1.29618222462286
1.8567945271088,1.42726412895257
1.58373990052135,1.22166345043852
1.85001862525872,1.44364928499047
1.81253805841124,1.32064488505686
2.04356690479498,1.35917703577448
2.19007307411333,1.57430653487281
1.84246771956557,1.28829743996949
1.95045381421427,1.2753127941488
2.03758006159604,1.3601779741999
1.63734692615658,1.12633188983318
1.74728811452396,1.36936470904219
1.89743879905263,1.3423270394483
1.77311366183733,1.17034394761321
1.67106599644481,1.16264018090458
1.83536620697361,1.26737136582676
1.99236989065861,1.41872798567471
1.70179291484365,1.32119691900004
1.99444300450604,1.41362451570428
1.92866829928994,1.42039436429078
1.97724535364545,1.44199171106965
1.88152864377282,1.41320794185331
2.11012617446832,1.44828029514377
2.16424123634038,1.42649856735367
1.91075714826227,1.3667421544864
1.97747778056479,1.33785912701769
1.72862619556578,1.3741551676936
1.53889684862245,1.24298712479081
1.91880585361503,1.40397932232755
1.97976474342084,1.44134867767701
1.7458529869538,1.28707531334667
1.66109217401857,1.20229250974603
1.74406675160119,1.36933035743452
2.01883400053829,1.46308350972024
1.63361104943266,1.24493403002521
1.96067512865794,1.49720834453142
2.18953811756175,1.67005228273703
1.77201598353165,1.35759097795666
2.07761843974453,1.53124674065367
1.87940836621214,1.52597992931411
2.13585658276484,1.59445631921591
1.489992233799,1.10720814147893
1.8615088193238,1.3253491150887
1.75303484092679,1.22475563962141
2.06178122036817,1.61759304331681
1.92093399179926,1.49736679102276
1.94647140376948,1.46050651941537
2.36035709563998,1.72241324664571
1.7160621270927,1.40741384769453
2.00643991034241,1.38353277533433
2.00482185274276,1.42830620654292
1.86330224148216,1.34765060266965
2.01179112378948,1.41382367857725
1.81259147567492,1.14983105341474
2.03274139393075,1.50785968388183
1.79713156430502,1.43385488102213
1.93441330379019,1.35435463817306
1.62508815881038,1.18639242154186
1.92043559185838,1.64148631878755
1.69364544356249,1.24759257155016
1.94601050477401,1.3649491297934
1.76976705017427,1.41335070549445
2.01981607964694,1.42450692530042
2.17093406583578,1.54174983647842
1.73206706019994,1.27973410823811
1.64351167815869,1.2780381332631
1.71686627210823,1.29259853682583
1.90809235346033,1.42765234615092
1.74052297906799,1.3115904776051
1.59370976069867,1.17916822197298
1.93583955025018,1.38253193870404
2.04219805867856,1.37947516144316
1.99368724161547,1.3615607041113
2.12436478956069,1.45266008085734
1.62816202530409,1.1639773558577
1.92948452443686,1.3843961536837
1.90258734873891,1.40190564282535
1.73430432345372,1.29516920761304
1.66711801411588,1.28578520373885
1.78636020844513,1.36306447211331
1.64201353316801,1.32249723858525
1.82117735657925,1.34450976903202
1.64244914564883,1.18339006987185
1.80335337542016,1.30917785879184
2.06500605809037,1.53913996041731
1.62188157578559,1.22388064376425
2.03528666938449,1.37699024933447
1.77879736843967,1.27774786963143
2.28617404108265,1.54630893053434
2.03395426327801,1.39877877958363
1.66609373010228,1.29403826813042
1.86374474489499,1.31410387017702
1.8524894187938,1.42702188862243
2.17782527490125,1.49381832716616
2.12608303264434,1.51267305571239
1.93198793350856,1.37319049406795
1.77827895605109,1.36377949145111
1.8513485743954,1.29600165875667
1.48366705520444,1.23888574579413
2.03156123423849,1.42293292540929
2.35315061401257,1.61614749625853
1.80648713431811,1.28175905960452
1.89170875233819,1.40416415060966
1.88902358417148,1.41427511623648
1.91570968662344,1.37874799577535
1.91201767017987,1.41194485699347
1.79065223456756,1.2994984540771
1.937044361766,1.40966760225674
1.69940924399436,1.19042372875037
1.74645046668057,1.33265801710658
1.90696500999862,1.33840294580805
2.01571096174059,1.52136952259432
1.89155639110195,1.40293760990777
1.70079596084163,1.18816828451243
2.23596958498209,1.51256836912867
1.79771197964821,1.35753939771813
1.70389114214994,1.35615065601771
2.13939744567144,1.43207729204561
1.9809646806159,1.34066806104387
2.18478640789154,1.63659811477318
1.83422627632066,1.34197187165224
1.67627272712091,1.29322855498501
1.70111443438909,1.35069760654361
1.93144905899649,1.47849360662426
2.09177277226008,1.41451037640622
1.87486404975548,1.32014818403856
1.74248713583738,1.26414740409295
1.90459224941469,1.45908817061133
2.39963431280502,1.65025840466339
1.40989008321565,1.03309260275853
2.10657763562858,1.4665563966798
1.61971859681279,1.23167125093054
2.11446714520402,1.37183065574735
2.14076364546098,1.46860756045649
1.923472200888,1.22842637264835
1.95965236746763,1.38196742160538
1.80898187203482,1.28765676648671
1.89897125209901,1.42153285299772
1.75940877759563,1.42916941224
1.79744249551303,1.37908219134874
1.83104275436627,1.34166540885417
1.79388262530588,1.37961756969146
1.93192943199034,1.3299022850988
1.56635479201411,1.2872759177961
1.90467142042228,1.39479044457732
2.00968617123609,1.45927081614315
1.99388552565467,1.36524683914074
2.00231606623714,1.41997998796036
1.90716860895912,1.43198432992856
1.54453462504836,1.26786609972221
1.74746244553441,1.29862870390479
1.74552523169755,1.17733667760833
1.85292649598444,1.32918377055129
2.13832684139969,1.45993851557395
1.69102026059525,1.25476033564878
1.72254079273611,1.28980953926731
1.9610404548727,1.45210328145982
1.96965718285558,1.32493714564915
1.77913577893268,1.31142290198714
2.12385955252764,1.50919905588758
2.11854852046004,1.58043980125703
1.94382716495419,1.44110053126226
1.92302599069555,1.4205446028314
1.74884299288169,1.22092390879861
1.63903352380406,1.2753495916106
1.98525002866118,1.44568337922224
1.60874547940904,1.25558261108714
1.78523953758589,1.26083456607461
1.76655468074847,1.37392988536509
1.99380577979793,1.40196352244477
1.72168234051581,1.33611276874787
1.75698209840813,1.36938803354726
1.64094660694993,1.27164396129911
1.94355395373247,1.25779484107481
1.93663484954086,1.47817078083079
1.92138496643041,1.39631846268505
1.69556635199096,1.33599022849886
2.03499803065083,1.4055675055127
2.07109483544439,1.55683988269744
1.82264091020549,1.31158663727198
1.9721640432745,1.36768715144792
1.94538559152102,1.34233169713206
1.65882875493171,1.22903867762962
1.53732075864369,1.15208085999191
2.10698153070604,1.41859499491895
1.91779878966472,1.37924729878342
1.75457153292982,1.23602773802033
1.55378015948994,1.07973565725266
1.86429385748128,1.42573031858318
1.86650527040805,1.25541749568822
1.79088792994357,1.34055031910516
1.9053365200897,1.52546731712797
1.62422091397826,1.24642440256725
1.70450534850305,1.12007123645717
1.70318263048652,1.36317198989432
1.52309317599196,1.13255273991467
1.83019777765687,1.39199872264138
2.07294019207206,1.3487296339135
1.79986600890431,1.23679400375108
2.03732191504438,1.45340857779354
1.94269265624606,1.48675852576269
1.73084146578842,1.2609303195204
1.94529654275761,1.35742823039505
1.71056822147701,1.26912947233617
1.61169584965274,1.12654663804075
1.92428880916517,1.3216551020487
1.97671930076435,1.49653371351712
1.71719589589407,1.16692828509711
1.78346029466961,1.3260439423148
1.82869038264079,1.31603834649808
2.14387769313852,1.46571668449774
1.82596634152081,1.42860812582087
1.40354314455489,1.10973371085756
1.80472592351183,1.40818181198436
1.80678890480819,1.3796172712847
1.83874768087776,1.3449801473088
1.88747233269108,1.33775571307933
2.2219292153638,1.51373802173913
1.82238606184634,1.26648371929281
1.99151428202269,1.44060273206916
1.86492912866752,1.37809827234738
1.96374970475948,1.36758134810563
1.74390980762891,1.29388503300235
1.85916175615563,1.32258104214653
1.55009712651014,1.20884472025119
1.95785291715775,1.50515320640202
1.79629966698305,1.33622310569444
2.00580571416023,1.37343063536826
1.7488341979313,1.2664206985568
2.11593102611016,1.44099300179092
1.5665434034488,1.19322642146861
1.52376263652463,1.06295936238098
1.99196681312754,1.41433867105791
2.01240220110003,1.45638548233895
2.06805577428415,1.46252278869308
1.72246622173285,1.21285668939362
1.76247454212443,1.31696761840413
1.69283751944457,1.21437029574643
2.00043919936282,1.50204670902098
1.65606863338858,1.26037441783885
2.11638077341136,1.48184247830373
1.33350669419077,1.12216565187627
1.84991527923288,1.31744216501487
1.96659101373143,1.40051082023803
2.03470741106821,1.48597332292854
1.88009682318045,1.3898289243298
1.9208986422304,1.41176645520826
2.06598190421789,1.53304197433279
1.94289021567149,1.39640797393859
1.87431256056756,1.35857202903868
1.89599735216545,1.44481949035676
1.76598422432382,1.27506787945477
1.98117768874495,1.50030199364392
2.04370329435688,1.45154808717953
2.02066950982307,1.42660878143141
1.74019635529745,1.34783084431334
2.33332051769893,1.59050954815432
1.66034381364944,1.24767851856004
1.59134594901105,1.18989927708113
1.78824215725805,1.30623349560954
1.72356242977319,1.3594748400821
1.7675436807277,1.32041815836613
1.78857006986401,1.32688099966851
2.15722161874838,1.55785360766626
2.37654504444292,1.49401240502093
1.78553665110056,1.4529263453454
2.00928038937378,1.34839668879716
1.60342719529307,1.09821791107657
2.44569226196801,1.95547473684967
2.02080032034342,1.55719011883672
1.94351787262637,1.40436665928183
1.97119802232135,1.42976227524317
1.72150848200053,1.24868857608029
