r0,rt
1.55803531062522,0.924817914115213
1.96698968661807,1.08233693370297
1.53849529176686,0.923915816262112
1.71749090426124,1.01659394487627
2.01748334203184,1.12837343757005
1.8840115769279,1.03017819428372
1.78869389459252,0.915185593979636
1.76687208624246,0.934884745814049
1.83075645053127,1.00901464858103
1.73073236666456,0.974205108695093
1.63123126179867,0.976369563889463
1.91416441786795,1.04836957273178
1.86417035695266,0.993676779325628
1.76900997279402,1.02136802311332
1.90144888846066,1.03589080526949
1.87420058591971,1.10089366748046
1.74467007061389,0.966396648814654
1.60612428907202,1.00323773014337
1.70842666458964,0.948736577549864
1.74845245112901,0.990750251266867
1.66083992761343,0.959957005836224
1.64577114896301,0.977892481375959
1.60704458492166,0.888760826980481
1.57104182175487,0.912327351513258
1.60304862646537,0.935537941013272
1.7995424199681,1.04123264639762
1.78008111015468,1.04444797158927
1.67479832875792,0.926712426849765
1.56966669197523,0.987801203105573
1.78386261917736,0.95131216076825
1.64158367555381,0.900621262494113
1.81279509574926,0.923413952452918
1.60248809800426,0.972914706712848
1.71068096096882,0.993344052732787
1.64495552156512,0.993701245689737
1.76474667491962,1.01747261378722
1.68658020804685,0.916786892607836
1.67405419904961,0.956237921131795
1.59553911278023,0.936395283020211
2.12882777814599,1.18599308307329
1.95660261530013,1.08620010439317
1.49441748265323,0.858118789265214
1.66014348097805,0.911322281753927
1.84093969919726,1.03802079005161
1.92834542154713,1.04663658380344
1.88457583575338,1.07014439527975
1.90839939164052,1.03874394827043
1.81990701936413,1.02746800108449
1.7061579418263,0.927490625662261
1.60373687587497,0.940248821474037
1.78489377464442,0.978372934712876
1.73949264639991,1.05136669945933
1.93876386612139,1.11061727164022
1.87658751521223,1.04388087619638
1.68623889692408,0.964637242791643
1.86271259677858,1.07284075128244
1.7327328117639,0.864255571458096
2.02238004118962,1.09206340294798
1.6111379597111,0.92307910895088
1.66842160251288,0.980593853006674
1.75118152363005,0.982799610521125
1.66828997549346,0.982826388178516
1.67098118003511,0.967113052363528
1.82128028415442,1.02416810630601
1.81903153507298,0.983502629685481
1.4462108940416,0.934845113545984
1.88610640039319,1.08930468823634
1.84480119875749,1.0226990937659
1.92766977547905,1.02353390646909
1.46440176646463,0.810795377227024
1.56136192883787,0.991055115145203
1.86657311959931,1.03676967486009
1.65659630957143,1.01402930352984
1.83064957102183,1.00628022432594
1.77825519036163,1.07974892622837
1.84843521375333,1.08049288255048
1.838585543441,1.07008715496144
1.70182451906596,0.959950417874814
1.86345282346152,1.05529536907759
1.60444266859131,1.03064322282697
2.08970267826644,1.10312015869111
1.86660032864611,1.02723644081332
1.94242665262282,1.02696346476682
1.86249920210697,1.07340806250294
1.47896462043578,0.80068367647544
2.01144764756172,1.11925659547002
1.82401598596094,1.00375671710188
1.77970893078495,0.987344075032691
1.85762517571387,1.07618176262939
1.75620576978566,0.995681975933739
1.881264221935,1.02651561122261
1.98411059305289,1.05775708693383
1.96903863461273,1.10785462141182
1.72611147161396,0.990032022527645
1.72497568425548,0.959020489761526
1.71172337272339,0.962852382515528
1.96538258215859,1.05981438998865
1.97383893631116,1.13073169691049
1.63126835993155,0.941463701589129
1.88999585511917,1.05605099394211
1.92051050589262,1.03408267042181
1.80732648614846,0.95917214210001
1.80675121639763,1.02527020022905
1.78405824870545,1.01257319117295
1.62377173186569,0.947085739118184
1.87518617332612,0.961259494021737
1.87145701830897,1.02827648366992
1.74259938141702,1.03721108037403
1.76509110822048,1.03500855234364
1.66737835981243,0.991354225456855
1.68805850259421,0.927179135818188
1.60785371054396,0.982269899239956
1.60337430741415,0.875042352055563
1.86793232870112,1.0198952284005
1.80742836493037,1.01335539162011
1.80198330125953,1.01072379550957
1.73316956369657,0.90282407609036
1.68009894076912,0.938844925444536
1.9751550332889,1.11955124252822
2.07850174774478,1.19658598885379
1.58340351507695,0.837776264485029
1.73372630783524,0.950680309938922
1.71739503547838,0.91499765703306
1.9516589172616,1.07018422511787
2.02784177118384,1.15815327887206
2.00382336669718,1.0804630772058
2.13804722270165,1.1414573100106
2.03574097825802,1.1600976951125
1.98943779982817,1.04485300665344
1.59232138188734,0.994436426645035
1.79509847699085,0.964235482366558
1.8306363816163,1.01293558071482
1.68827037552975,0.90650743576497
1.8297627713775,0.969283459805677
1.80971822603999,1.01165284449514
1.86736267995401,1.05222356374662
1.82518125399584,1.01010772310191
1.93062526901669,1.1506438173082
1.71497319270832,0.9732293087966
1.64280703857426,0.952859266002405
1.7246608998149,1.01267323253962
1.6170518921247,0.999441236883439
1.58258200488701,1.04305207250302
1.7494314028013,0.979857032502728
1.63842798970312,0.90962070471513
1.70152695469485,0.949304347844117
1.79869250550083,0.924271425845617
1.97550580414846,1.09448709163419
1.65588321252092,0.966445642304911
1.83650662528351,1.0279070326115
1.8602887326402,1.03789430976261
1.84613107729504,0.921468714809477
1.66025384055235,0.976923860016586
1.80650876153816,0.96436126425669
1.73506823204734,1.02817111165
1.7379393498921,1.08338863618159
1.5234240519277,0.874737096630374
1.936140483337,1.06105008766585
1.74070533522416,1.05990713860784
1.53507853498939,1.03611711262783
1.48449385433901,0.971036155587641
1.45766123924542,0.953631168147204
1.6514362638804,1.00060546150974
1.71285171336543,1.04589315391262
1.73587029253471,0.992807914341011
1.51610265862239,0.858814683280962
1.99497133149407,1.14029492559342
2.04729753777117,1.13548853373131
1.51793605998279,0.835529643632928
2.00964072687986,1.17527583871225
1.55242377275293,0.95070954565776
1.77622169139451,1.02033954833957
1.70082720579127,0.95694569379204
1.7083841404093,1.02802639312946
1.76477829066479,0.981761963577768
1.8175065035497,1.04148878474849
1.50206352215192,0.957436786227957
1.81993864161734,0.987827600908936
1.65078993790604,0.890431788504383
1.7865828044244,0.909523804916692
1.95985718511878,1.08639750548455
1.67495800485189,1.04058986667434
1.89282357500547,1.05180260283771
1.8678101376918,1.03464618719741
1.85069269887982,1.04898634052112
1.52813843946796,0.950843980199993
1.93665366157356,1.00767499102375
1.36167143005142,0.865779892844651
1.74833223766092,1.03419141939571
2.06687932549736,1.07457060599203
1.61168805940489,1.00471198670171
1.75584309377186,1.01118786859507
1.84792939258442,1.00374547798715
1.88560951719408,1.13825976991263
1.63663514564767,0.865517316482922
1.70444732029914,0.98310839851865
1.6687418110078,0.948497819499093
2.06108354738146,1.11804228654709
1.98648025801891,1.13848418804288
1.65316999282223,0.99907226794508
1.5344029571768,0.921138679173465
1.80561645693614,1.04914005436676
1.85382569411444,1.07495421167928
1.60333154732045,0.93672387389838
1.76046463427316,0.949331478353091
1.91323334218074,1.03310387741462
1.70661209244165,0.948913660209393
1.90263028015517,1.00402694781766
2.00019970915998,1.1192124033994
1.75430875056831,0.978707470460593
1.87881817078601,1.05098915366042
2.10547014868581,1.1700497752921
1.89848585376035,1.05710607546248
1.81434631794099,0.962643025666595
1.83792147228257,0.96466371696895
1.61588273168845,0.905072491081777
2.01637690569002,1.06382777510955
1.65453324103804,1.00206129284074
1.99626898407891,1.08578518889369
1.78397922283696,0.906035723149381
1.783440965151,0.928728848666549
2.15127452540625,1.19943923597494
1.7254322719255,0.874813248025747
1.79068437560786,0.98798103080602
1.68171471853644,0.919535959108296
1.96033621540311,1.09330659235007
1.75157468994109,1.04541715002528
1.87951016445814,1.05924343319644
1.62718191237724,0.907964220970564
1.94981194980372,1.099303744118
1.67964153498255,0.965629032658903
1.83292767200796,0.9873665891661
1.83481025496079,1.08488174987243
1.72479366599565,1.02737922321537
1.69798694049877,0.933346094718694
1.84666822986573,0.971713226112557
1.8460385607344,1.00791204103055
1.7810677045567,1.02038922277321
2.0811388569823,1.13813607894062
1.58280332820841,0.835664797661
1.79060126268557,1.02697160089238
2.05388442539469,1.12052160165109
1.83633985372242,1.01479193704178
1.69539385577186,0.863374296162482
1.72356854585743,1.01299841169302
1.56698195198886,0.867965826323949
1.80319686395143,0.984045799493803
1.82989830972481,1.06675191743167
2.07207105780469,1.07353698897045
1.93183544675506,1.06353277260224
2.07571298185761,1.11860494205681
2.03324866510936,1.18527042087132
1.75512634724937,0.957712033406709
2.0589322255293,1.13681505925948
1.99273390102966,1.05455104333519
1.66713698272981,0.987697023310215
1.82149189848856,1.00270478320933
1.73808110320553,1.00825247637046
1.89980227624007,1.05193042867181
1.83571123603252,1.00476943622456
1.53830224776365,0.838367598239125
1.46982245534418,0.817774169269243
1.7943548028341,0.956289726205974
1.89903608283701,1.08496700340949
1.81062008270526,1.06948826011601
1.89273325239523,1.03067159619977
1.69208905592652,1.03489370013355
1.50797816431999,0.921098093771487
1.82418374801846,1.16812388654597
1.76378426484986,1.07620519126803
1.67358342157781,0.919393683445494
1.92953523557926,1.0388651679801
1.82020366764006,0.95212067220576
2.08376283129789,1.16014971237321
1.84094965061062,0.997755430554997
1.76128740033796,0.953204378621709
1.9214623498139,1.05986703529722
1.67376506265089,0.931121410722213
2.0129095759036,1.08472584414613
1.81643361303604,1.0286371453359
1.82699358216236,1.07469999238251
1.78273457626082,1.04974969852117
1.72241234085593,0.993666151286405
1.67474490765034,0.994346327808565
1.5288840903313,0.914491394598472
1.8223472056337,1.03467163753105
1.83310274590029,1.03692581839705
1.86491592841815,1.03726049313453
1.73039916840324,0.957394922730006
1.31969888879787,0.878698361330509
1.89800577561455,1.06046918612141
2.00441687085424,1.173750624565
1.89725776075621,1.04095977146341
1.77875591345883,1.00129782716751
1.64062921496499,0.891742752370624
1.91225265867844,1.04167765956525
1.60805149002113,0.953401242753057
1.81763569407797,1.0083338384468
1.58577625528637,0.974416469974788
1.67913850240299,0.862557620281857
1.99602550879157,1.10485693368434
1.98890975282739,1.09991645254003
1.89056719581389,1.04691982733872
1.61171454938801,0.89324124730734
1.4782527281197,0.964124528857465
1.81874879113167,1.07453984603997
2.00241752246981,1.07216076744767
1.61719644643889,1.00001772495253
1.57866208847682,0.844529126086189
1.59611995723161,1.02932531011198
1.61142367310891,0.887338000674089
1.64069960183267,0.968365732244936
1.9262284372744,1.03227633265063
1.98367961002178,1.07351680397122
1.46435830106732,0.788432081331929
1.84902135425689,1.0512583566301
1.75220594196749,0.966041881259772
1.94461529871363,1.08681744408661
1.98070396239736,1.09346025335403
1.71926701871836,0.984665634813122
1.95388840375992,1.02547556047425
1.88594949269861,1.04622420585772
1.84025074162924,0.951840227604685
1.71230941529409,0.997309202257421
1.85979963611612,1.01397942617527
1.82221618499422,0.959217447407839
1.91603334749521,1.04887177187015
1.63754706295287,0.868453296153537
1.52806659537173,0.937427935988
1.92865715717742,1.09227247021544
2.03311674395721,1.17010771570664
1.83696708259156,1.08433925079547
1.27746643409981,0.804950288936077
1.92099323858017,1.02996618948676
1.74235256861644,0.940523070654227
1.57020529695106,0.892660403762883
1.98915352607251,1.04379993680322
1.76329505452008,1.00908115976532
1.67688756969242,0.938951984722196
1.55641849050558,0.841300871150874
1.78109630886539,0.992411715841953
2.1065941401457,1.12139415073089
1.85821255628981,1.05943333179242
1.7549493191306,1.00170662806407
1.6843684975718,0.96775416238199
1.77673171006645,0.99435573925996
1.70967404272293,1.08933220053678
1.88501660091031,1.08984622908432
1.77165433949349,1.00384672662186
1.80318152304332,1.01159910961262
1.87914622458095,1.08516897264987
1.58387268682734,0.920605521910729
1.82236778407419,1.01731706208138
1.94045169563733,1.07443344905041
1.71312551505875,0.988089710375719
1.85382939462353,0.97547344511814
1.72444162622771,1.05918445717208
1.68531556856512,1.00249210008983
1.64198084918486,0.915872387843799
1.91929271188734,1.06812909268079
1.76019748713873,1.01317777127467
1.70366773100929,1.01501951656628
1.65245679387089,0.873768317067011
1.9152142055793,1.02823236880438
1.83095451892329,1.0311554575721
1.85165501159072,1.00255209370467
2.09345640281106,1.13171467658879
2.10591860135745,1.17823562932791
1.78723451746425,0.984208479749849
1.64891637732715,0.961897823591267
1.70704069828624,0.963304723373517
1.72278605153902,1.02176163381873
1.64965413255188,0.956893797800002
1.73635401330234,0.965541027436254
1.73685182600246,0.964170480483419
2.11290650183343,1.11111904794525
1.93999976552522,1.04732448870019
1.9003917449757,1.10353675043262
1.67292381693999,0.953827616132685
1.7728889613251,0.994505135199378
1.90834752822034,1.08757637120673
1.87248893335437,1.14373318365406
1.94431794957247,1.09751343977066
1.72831327626631,0.937292028945833
1.64445714516422,0.948159422547864
1.88812847156558,1.11231527956088
1.93839566211856,1.06200773817511
1.5255857763293,0.823973785475715
1.86273834334925,1.10457576538982
1.68872251540014,0.931674992176744
1.64478061253008,0.870070933227243
1.56441097879772,0.934106531733989
1.83016944535999,1.00471750657047
1.81351170939111,1.05290153269324
1.83334771017063,1.07255126981139
1.92455814943444,1.05201531821738
1.82179472261045,1.01459724541241
1.94342425760332,1.05474602430665
1.77037368669611,1.05224815644487
1.74449577216704,0.996053394166794
1.91263420065156,1.0184866262713
1.80873109528574,1.06297455660214
1.56934291308476,0.844616850274195
1.72065817278593,0.994647225081364
1.45385643715946,0.820427961868426
1.93829549956777,1.11929278114614
2.0318407033174,1.1619805268006
1.90139435595239,1.03856032023104
1.70374120548197,1.02395850416371
1.80059112486871,0.995587609079195
1.68773988931237,0.992518013238135
1.78020673746236,1.07400888509925
1.87726902691372,1.07771528336349
1.76611452462111,0.919680479713303
1.75911969762837,1.00262537041664
1.85179640352825,0.989095772102547
1.70826267486691,0.946123843325386
1.73723297520554,1.03478447982946
1.66984596053088,0.987119843143995
1.72804290171619,1.03689056727884
1.62039129219279,0.997584699933127
1.85456253320354,1.01726234674707
1.71483853182674,0.999889759908571
1.67084393805239,1.00720049404523
1.70805578852618,0.933623677306825
1.81638055243374,0.986489470283328
1.65241319210527,1.00625304882318
1.86985809252746,1.1239138654991
1.83142492382105,0.999738607937641
1.89110201261876,1.0666790471893
1.70620536498424,0.98444602273878
1.75633202806683,0.992044965345939
1.68362938158938,0.975139247011259
1.90929942115,1.07846232190567
1.9355771581883,1.09146239733295
1.7388108759702,1.04231804932614
1.61665782220151,0.895028353455056
1.91418617818669,1.1177031505954
1.63405585207435,0.992013646820938
1.91329381133816,1.09935158146655
1.64172751538019,0.967750143146323
1.84660939702268,1.08734002724742
1.85108088410308,1.04559337772958
1.77532961850078,1.04754381472205
1.85987294962441,1.02698074872715
1.67060274887903,0.995187893159413
1.93382513662585,1.12424873813422
1.90465349142913,1.1260953889997
1.71856608741675,0.939278586800137
1.86058057342263,1.0587511886741
1.72840466278554,0.969368629472946
1.70741843326778,1.09492129416628
1.69952922538445,0.999077604378768
1.7636079763511,1.00048182820855
1.83791558306165,1.09435026977477
1.75755434312411,0.956592127047897
1.67027721167007,0.959786691272783
2.07616548880712,1.09339677821894
1.77773815656186,1.11151220534262
1.74279024913846,0.990487714338638
1.99225140110319,1.02884065629863
1.84579233011504,0.965846115638169
1.68734683402011,0.974959855700063
1.88763045538726,1.03105217563403
2.01789736954091,1.14579548767038
1.77499878266032,1.0619215774145
1.75047258198375,0.912719798849537
1.85358274338854,1.01579101202145
1.74598528665041,0.99906545886999
1.92578003380979,1.0371258988686
1.64857720177672,0.967891142240169
1.8315938603198,1.05493960962526
1.90922343312561,1.15030545366927
1.74860361360651,1.01067367729054
1.75988789223622,0.936964164148439
1.77672488890577,1.02014520303664
1.37671652126209,0.893759658171694
1.92576874225479,1.13605887592921
2.08122195292801,1.07344702860302
1.66928124750679,0.950232054049359
1.65250272505807,0.938099202601575
1.5625837478582,0.948897295301734
1.85131882527673,0.997769275439941
1.82012949112463,1.01564050849024
1.86262715067983,1.05974524601606
1.65209441555946,0.934912273391363
1.75335974691176,0.894272697243214
1.81953970000392,1.03395881275129
1.67383761456222,0.940834475783439
1.84695603433502,1.01919172365972
2.06220725003433,1.16634394047525
1.81916392510562,1.02477573400947
1.36875681798316,0.874834860467447
1.68371612010174,0.980197123065515
1.58717961127275,0.942000717154532
1.6290219802354,1.00206477325358
1.59227078331866,1.05229280330831
1.71853927975627,0.930029578500689
1.80738650899062,0.939258329826488
1.47393084710712,0.856478509594679
1.73772769543306,1.09916820370845
1.83977893603073,1.00627572989659
1.57050595549226,0.824893478004475
1.52040178944748,0.963670833025874
1.57397615744964,0.855141348871056
1.77290445003628,0.95654711770732
1.54567295430836,0.834183911319419
1.5000487789654,0.852504093002112
1.66900638595427,1.00325286050182
1.56226344372164,0.954201052432618
2.0152204120134,1.08960646098067
1.77468626568849,1.06270326347813
1.9776193055025,1.13535384439923
1.67775398429727,0.895319019676396
1.72603396149319,0.97338920165832
1.81129711202992,1.01010587267564
1.51788379650507,0.883031098182038
1.63464128536801,1.01371003525798
1.84543334751521,1.07983484036963
1.68649900167296,0.992741308176457
1.95628962721751,1.05364249771478
1.83393078386455,1.057334193011
1.77755109930755,1.01315472371304
1.65250318086297,0.948421168908591
1.68268540333029,0.992916493424003
1.96389552670265,1.08778522852214
1.77446789543087,1.02131440467928
1.91251476100841,1.09287732241557
1.9177430187534,1.04620894632273
1.52812294714349,0.941443516366405
1.92597354829784,1.0550285459054
1.69487876608787,0.883302402457947
2.02457811952561,1.19441067230821
1.87240007019154,0.97223066070687
1.83928820071737,1.11119979858542
1.8700710874396,1.1398589801509
1.582224254191,0.948525995402981
1.86702561822576,1.05630440953339
1.60994954779432,1.01768201508061
1.83291915661975,1.00755777879866
1.95554297305609,1.14805836320481
1.72634233952173,0.987065004420943
1.38586709277464,0.870644229227555
1.71071623629566,0.914061082990092
1.90236135891495,1.04579933991919
1.5364212502638,0.944374586347669
1.84788347283657,0.975443841028446
1.6664691034395,0.944844968456379
1.56196959095624,0.898216110210111
1.55494658299004,0.914714851987623
1.90285906396928,1.05183236295765
1.53604909914873,0.900171649327285
1.6297666765589,0.874526113020315
1.74457502459177,1.04342899205803
1.73386399092956,0.991872152280534
1.89194404712854,1.00887242103281
1.892955524474,1.02734038801076
1.96155369332786,1.09638666402018
1.81561206502374,0.975785428404146
1.94339866862504,1.1056015308151
1.8574040626671,1.08066667136903
1.77862085190377,1.01644279478705
1.7588707282548,1.03855609775687
1.60765026218807,0.846032267754973
1.73065148719851,1.04527215343316
1.82331528176759,1.06458326609139
1.83095875658915,1.02334068169928
1.5012172092129,0.90497806651308
1.47069423559068,0.880615419197946
1.79181758738352,1.09731072311642
1.70301397206376,0.979933816248943
1.54794046561167,0.913063627418239
1.87610543175454,1.04227753972039
2.03283969097931,1.10618418238205
1.88935656079615,1.07319066297288
1.97196412992316,1.01979153643839
1.79143716788867,0.999307109440948
1.85812429533056,1.02117744138346
1.70422529869207,0.982156199010236
1.89707039249823,1.05510543188013
1.78037774463169,1.00129123482826
1.73342042474819,0.98881030135303
1.80721141272088,0.894130889062267
1.84615210468543,1.02419028442968
1.6593981626755,0.960039091701957
2.03296367343411,1.09269552401985
1.90271866979517,1.04912514410125
1.8558505240635,0.960668277812315
1.73734126218573,0.996030259739696
1.65861404838431,0.929989968430566
1.85088039666339,1.07758623513999
1.26838475206277,0.840781226008838
1.91443879460844,1.05515984961566
1.84124960359052,1.07714904453549
1.86872482127794,0.968207874400571
1.96729417180114,1.07231796635526
1.97242413616795,1.0776066836591
1.79697380343362,0.995303112064912
1.70461087171595,0.945891912683403
1.78280609146191,0.896499705286019
1.77166402066314,1.03864862711114
1.97543065583119,0.987280302936042
1.77056268803026,0.992306952213779
1.86391331522986,0.963610721832929
1.72632499389509,0.94298704851701
1.85921582707609,1.03151078449047
1.70248380559828,0.948411472644021
1.9431928023021,1.05719347529066
1.77524690250968,0.980639882357616
1.73761520717386,1.00491097636532
1.73835960919911,0.959501849138882
1.65000656723464,0.934659389727599
1.59053250235347,0.927860943299244
1.65870222851609,0.95466147974423
1.63949558725526,0.937102382735849
1.7022034870792,0.933863164391683
1.76680957035973,1.02512240286098
1.52581190214378,0.975953032334974
1.81722239663056,0.987314072084828
1.93925169247285,1.0414140988285
1.63164654160344,0.954800759774396
1.94508696008488,1.13138283101884
1.86933332593518,1.04926591803832
1.71678863643451,0.95641615689836
1.86928088649837,1.01994505940557
1.58415184154207,0.972337926079578
1.80514684460078,0.972234894492295
1.94914164576997,1.00327359129386
1.85680362061436,1.04424305784188
1.83540029938104,1.07888959509551
1.74840066131213,1.07497952631683
1.61946354034965,0.922255474432499
2.08171066875707,1.13077101567895
2.06735283291824,1.05584600581081
1.51321201942587,0.861515706098669
1.63106373971443,0.88063591060836
1.60939360743271,0.909171632338665
1.91559090391267,0.988569289480481
1.72789289670036,0.959947371179995
1.91439087404944,1.09159302688697
1.90045213857586,0.979968462667171
1.59753114274163,0.974660532396802
1.79363368203347,1.02504945686638
1.70939288802526,0.932975893195248
1.58126868278242,0.828858849589899
1.92694875557355,1.06120189854083
1.99557320512587,1.06685082631601
1.86565864427701,1.01090808654487
1.66208514541718,0.953739068888312
1.85187574342891,1.03478369355431
1.90849574847182,1.01151182642356
1.67550887899463,0.908704086005314
1.72229159099297,0.89025007228934
1.94912674575784,1.17583394038852
1.77130469384271,0.900208074829804
1.93665002979581,1.05314439713094
1.75830597538859,1.00176348337207
1.81021776545797,1.00316306101154
2.16875473042742,1.17765666533877
1.89028083826976,0.959270855668081
1.85283916402399,1.00283974124498
1.72537204060805,0.970265472200348
1.96731953564526,1.13331046607275
1.89783908977779,1.00032072440499
2.04442363447312,1.15320118984719
1.65488162603399,0.909672095769041
1.43207593251488,0.837003533437176
1.85357712632345,1.05020484345679
1.66240678444383,0.830802884498336
1.53250594147026,0.919936085641741
1.70964443338489,1.00206946702921
1.76507424881607,0.927380961413611
1.78399076237032,1.05598511850285
1.48497265719627,0.906544584455454
1.48906855174697,0.908085004283993
1.55826367347902,0.963158321459885
1.83052956227239,0.998443124578905
1.95155288469288,1.10501040629971
1.73080592713169,0.992815420141311
1.96664497322035,1.17276936929651
1.77780926273369,1.05330181919679
1.99235769992035,1.12541635039823
1.85952890374148,1.0336825932747
1.79739832060264,0.989209646740733
1.77117576630302,1.03866121382985
1.73066454866866,0.887285546148005
1.88231902571386,1.01034926578326
1.76467240047279,1.04029157772785
1.80373374341585,1.05109252709253
1.79848462837864,0.979038350613872
1.80318622745742,1.0179852782819
1.60365557614371,0.89874846747916
1.93218390123241,1.08447687497928
1.77040753461395,0.99323911747249
1.86246454761959,0.974552322065412
1.74869537081758,0.935515367930115
1.67360526339659,0.906981335790909
1.75724080246362,1.0116791279223
1.63271860586557,0.947575852949205
2.0404948281678,1.10036578338934
1.74325772756264,0.984990249763036
1.67510310690201,0.957980872489697
1.54106608441056,0.881553155539898
1.7786108293637,1.0609318340877
1.92133477817248,1.0443424761081
1.60544766356719,0.844342886070089
1.61737390826053,0.911219968529462
1.69649902260378,0.98371167414417
1.61430786701154,0.962680752793745
1.80170287811674,0.999545086756171
1.87187338196792,1.03042193950941
1.87708015734437,1.06066420347291
1.61858225311388,0.982513403100892
1.60693766579376,0.851744496356731
1.449067609564,0.891300657930756
1.76602542864795,1.03387650791669
1.52458973471627,0.890762254859361
2.09442989281935,1.09144179952807
1.63529343415989,0.933554300526175
1.68379877482865,1.0051485566634
1.5805250686516,0.874075245472513
1.4889172077116,0.967675662920027
1.60066916646794,0.898525619288278
1.94635134114632,1.07609595874044
1.63288451702605,0.966658777633583
1.76681801341919,1.034813174462
1.74955911827728,0.974590319894198
1.92056890673329,1.10424754673633
1.43667166827087,0.86855496301002
1.70860595868913,1.03855901892246
1.62697570328055,0.883747372081993
1.73309099137255,0.965243442212544
1.42342927479039,0.85733135550281
1.73302531776587,0.988078264309504
1.95366225921593,1.08730680478249
1.91498410291121,1.05148474147259
1.64707729749534,1.00072873245671
1.75865824128397,1.02741809526725
1.53284337478543,0.947467895198013
1.71415535246183,0.898847476367624
1.6647440333757,0.862202504004455
1.93663563696962,1.04428613156795
1.82912639776167,1.03518631194757
1.75280366873812,1.02070044469785
1.57108947152501,0.915419651012216
1.51751112653424,0.82204352536661
1.93927780303986,1.05930722719
1.74442360959313,0.986298510654448
1.69051927211843,1.02131969520701
1.77252485685733,0.975714527504892
1.99822437722625,1.0682971688782
1.55497030233714,0.873671690701657
1.92071455789691,1.04035184477738
1.79732273431027,1.0680261360536
1.99625008271953,1.09750984542044
1.80955166603728,1.04550928638526
1.76973738734498,0.998797271527126
1.73630437738058,1.02735602359745
1.73277214575948,0.994954162440044
1.73532814155423,0.98433879313988
1.74230968096344,0.988676823160216
1.72582196994511,0.996160103432358
1.8377777801208,1.05948313876578
1.78998121900163,1.05479244447968
1.86123506401904,1.04743666392944
1.69912293251779,0.986464651106912
1.88020596642046,1.01784951501379
1.68924381803442,0.949941827302695
1.55946594275707,0.960348667322077
2.03163872225372,1.17625695170051
1.76451874724699,1.05145100161482
1.73667489415933,0.971907232727734
1.75079627477342,1.01309477558952
1.52940549992202,0.930634787818884
1.83891887054693,1.00199128318792
1.821045736246,1.02946632107262
1.71886503030789,0.986397212151573
1.69921260396438,0.850313756635755
1.80400143754063,1.04335484797109
1.94958410026774,1.05435865106345
1.76967897301925,1.01723305680578
2.13218522655114,1.18317405050138
1.66115282209549,0.970819746853862
1.73383194253208,0.925042148730377
1.60508068056547,1.03401582254321
2.00515699654623,1.0481565155913
1.86278304110676,1.00880508889803
1.6541734482659,0.985943996640168
1.88809979938612,0.962341048247149
1.87629030574433,0.995890180686359
1.92594677486163,1.02826856797421
1.78431199700419,0.966441991800919
1.82470640689291,1.0543908580535
1.76937955352455,1.03138283881585
1.97679248892773,1.13626401116235
1.7849359738155,1.02973321798866
1.76751793562731,0.997041307082489
1.84896920344779,1.06613159938031
1.63588841459862,1.01112990112994
1.87150488670698,1.07842903293964
1.77754179392715,0.956745615242415
1.8460654958347,0.962866211042215
1.76295011052469,0.940117357454217
1.80622890691814,0.99841887474391
1.8556035402914,1.0157908160527
1.76567877692069,1.04717449289231
2.0196684545655,1.08024825998962
1.83692520624697,1.05847000025235
1.78326407510017,1.0554024005138
1.89648492207728,1.02939889549562
2.07715210045216,1.14404266134281
1.71095984961503,0.87980526162499
1.45755358320346,0.864278906920057
1.78800356782943,1.00854944938165
1.65844545992046,1.06581816483214
1.58446114896528,0.960365467148267
1.90537197339904,1.06354420587805
1.89067306259536,1.04178581024695
1.79296560955361,0.919367240724447
1.86166167146268,1.00945057568964
2.00276407862868,1.09324091293406
1.68898212553366,0.983824288795239
1.84914512499861,0.928969563071594
1.5227636536013,1.01819589959564
1.49121631819359,0.962849303088251
1.8958118076089,1.03904146913894
1.66069189819291,0.862630406201401
1.89144812819185,1.13912511401093
2.07871549008483,1.15839960000138
1.8729654321736,1.01859843584928
1.52482320734346,0.941113994417049
1.86464287162448,1.03441045597393
1.72811628336633,0.872311089775646
1.66353430268954,0.883299909290402
1.99627592211868,1.08290786494561
1.91204150994189,1.06388283955183
1.96406875134787,1.13827490121353
1.74703154438771,0.974772786943988
1.65717724265144,0.946085712230535
1.79099025591584,1.02150204165951
1.69036546251829,0.944257329692302
1.58945826811649,0.994610312981718
1.88392428149423,0.98048066852165
1.54101306472176,0.973468032304945
1.94573975159954,1.00691459967189
1.76931565175755,0.932501879448117
1.77058310448276,1.05572408757336
1.63618707246141,0.926669794603204
1.88670320313544,1.08257245156779
1.84091398295384,1.00012341180645
1.76734873485418,1.0022444528936
1.43860830165195,0.910422554802443
1.90555365578566,1.05432714984998
1.71131965569363,0.952116250224929
1.75751929451327,1.03340984986923
1.58474037461923,0.948803756109799
1.90696046743543,1.02817732594172
2.07247326935872,1.17015871405601
1.62404536184229,0.855208555591076
1.9868191950672,1.05689601296122
1.74643270012306,1.02268286896328
1.75151252366357,1.03584412882027
1.70934015805602,1.00483089695947
2.02643298064255,1.12660198629627
1.93215689289069,1.12562844841948
1.90554017513741,1.01817019675519
1.5919206998478,0.981316775689814
1.91423337803175,1.07329973140002
1.90844627185491,1.05037079893381
1.71962066231918,1.02694095870398
1.78838211738491,1.05728551298356
1.89857265286301,1.03769700018663
1.72190878585255,0.988306244999708
1.91806663895571,1.06900847672219
1.57000088289482,0.924254379706184
1.90234728263852,1.04155703678267
1.76971912318534,0.991479866175641
1.89875634153316,1.07727818965993
1.65151719340444,1.00354284918656
1.58183449844258,0.948367801480967
1.64211852956609,0.971571338898399
1.67449794731668,1.06793401237278
1.74325732508835,0.985992162796439
1.76723242103208,0.992235907358469
1.71098034902944,0.928705512682268
1.94868084273482,1.1106309827263
1.66991842370263,1.02709376799175
1.87843711035906,1.01235721406083
1.50540172888157,0.929505029689018
1.63666479999159,0.96804317221553
1.88568609524843,0.985936075509391
1.68598249563348,0.956010056262188
2.00239261262705,1.1430839471407
1.58764420890975,0.881544859912553
1.79680356789801,1.02895469084721
1.82403750421807,1.07578864282573
1.89435439289402,1.02809822475266
1.92813511465499,1.01689717059355
1.70185807069566,0.971066473872346
1.75966398187722,0.97684331523383
1.64935972385715,0.977118511634353
1.78994859088271,0.973377874710252
2.05420915055654,1.05982640040182
1.74120916448044,1.03047569977852
1.72704845237148,0.989564412401296
1.87155797506633,1.08418738858244
1.80756705769074,1.03332922402882
1.78503337514347,0.945397249413852
1.50996558853103,0.847978770396511
1.70656660520673,1.13628387121129
1.63725136448122,0.932072816000447
1.91155560368789,1.08518442260586
1.97636568310417,1.1235423129484
1.97084703635962,1.08309183285478
2.02066557061417,1.08022546049018
2.05906113219072,1.12605582450735
2.0993383213664,1.07014159405919
1.91696389871803,1.10416295724968
1.88264571766715,1.04266399924512
1.95234774969934,1.04662649783112
2.04545812475427,1.13781819772887
1.82402852217608,1.00404877253236
1.87734018854993,1.04631867765194
2.08209242876257,1.21698763842248
1.70507133397569,1.01845237338782
1.58516147152795,0.912540184114524
1.75604355028886,1.02972859298628
1.68935809106878,0.95998046696132
1.7607281808146,1.00113221743831
1.68619125686808,1.01997743730054
1.95943528206618,1.11280024013871
1.76980568565176,1.0405200275552
1.46319799578798,0.832933214405333
1.53687067557829,0.960765831047919
1.57295538713534,0.957579071934401
1.91034349473417,1.0113703676547
1.73671947062589,1.02653277425341
1.77741272656082,0.937757437034245
1.82481521388284,1.01886897570242
1.89674607130852,1.02822430639337
1.64794419974035,0.965497312442587
1.92546636800277,1.04164943508803
1.90758355175015,1.05313277701525
1.99936505797224,1.16524310971052
2.15665601665262,1.19582664486627
1.92078915487317,1.06487395776386
1.4314139693991,0.91492463381194
1.53677912448688,1.0053428062309
1.99235175061468,1.19386621523789
1.72022719694096,0.999034307904662
1.73173069740755,0.948718341049393
1.68925877291372,0.946264467342279
1.74426197703999,0.968402849739223
1.78839305756115,0.988742916630175
1.65501446764579,0.939197741497701
1.89052519000297,1.12484238618545
1.96025164017376,1.0234866677031
1.87041623902694,1.08793144894868
1.52825937228887,0.899963676957678
1.72336502965379,1.02033012480772
1.97708423113199,1.10461270568278
1.94933667966489,1.02796607157355
1.73607306841936,0.991977636495074
2.11970914759954,1.20680519368292
1.73887038450859,0.953322992548598
2.0961860249137,1.15361158602919
1.80647302088558,1.00942865368293
1.91052834048443,1.05419550797668
1.89356980336086,1.04070783626138
2.03955344189918,1.10213062597787
1.84315696051373,0.960828618311877
2.03838012366918,1.07803840091356
1.65367070637011,0.879916847568071
1.92248673851146,0.987081431232738
1.79921158260786,1.02551212389738
1.52641951373015,0.830734393986312
2.04314356249359,1.11062101823008
1.88158970440758,1.08553130672172
1.74891634325925,1.08107562303461
1.87428519311271,0.95898639259912
1.65247619868447,1.01876509951108
1.5410161609391,0.919271975302063
2.06045542176649,1.10033887204433
1.83088616752425,1.05270913945512
1.5042714735238,0.886937780299632
1.91131424461535,1.04561904599582
1.76740982413832,0.969762253048744
1.73580576528864,1.01761660601233
1.84520973339961,1.01329383106415
1.78974490801128,1.02567461389354
1.72664561345326,0.955768481984861
1.91595223610244,1.00581366077466
1.63848543531132,0.983211868213369
1.82881144839252,0.96815155697499
1.92299207029434,1.06314176761226
2.10506117397258,1.05493153642492
1.89345882507204,1.02265232434083
1.68481523530749,0.960516490171202
1.64586483390766,0.978685574960202
1.75599472923323,1.01571871047546
1.99050151155298,1.04488522319754
1.61789275213515,0.882079998664639
1.55149761200996,1.03919781505839
1.91602997266317,1.06154899264591
1.89662339948975,1.1054566185264
1.81231297645404,0.871048546267339
1.77561707460187,0.975349335107707
1.96337593084203,1.07860482961174
1.53061443522943,0.86767832485154
1.9578521277297,1.07595247450422
1.61665963400448,0.852516853858998
1.77202969896599,0.913136849903084
1.81609711838846,0.972293528439336
1.61406823701134,0.96780939148329
1.76698551447354,1.02702028283504
1.63071940777521,0.975963468731732
1.86028127030006,0.982206086564867
1.96348856124231,1.07720011323986
1.81188589248444,0.955397193665683
1.9145648696569,1.12485073540062
1.8563035470249,0.989683825403969
1.8315218618344,1.04471691990745
1.88842057236229,1.0681385800304
1.5884850602735,0.759810371491835
1.92576085891011,1.05517026486151
1.71819370659837,0.991231287538166
1.63002694453329,0.949912671999422
1.83232130371809,1.01379472317556
1.69035949397848,1.00073186484071
1.86447172181461,1.02447660562678
1.4266283747928,0.87235965043779
1.88068585998469,1.02372582120882
1.78212357296374,1.03413646528284
1.42160696641669,0.945192967993795
2.08416801793082,1.07841661498737
2.08415045112925,1.03159758536826
1.90237953448348,1.00837942141649
1.98989134539775,1.17944779387611
1.69896536527408,0.989424696750603
1.59735032558154,0.927174512598219
1.7559701768239,1.12735531096429
1.79866776643087,1.0822386484282
1.7311571120204,0.994119369711768
1.89246462221368,1.03565933860697
1.68622332730029,0.873332108012021
1.8330126558514,1.05993757740813
2.03812008775843,1.10287486651947
1.95276225465186,1.12534590418876
1.74176410895806,0.918314206892775
1.69559675646441,1.00509774536742
1.71843519577217,0.977870454838963
1.67754484053065,1.03640330650617
2.03330967547222,1.13585120267516
1.83921575537656,1.03277563019982
1.69591781076198,0.963157137063479
1.85425137566364,0.953837531855959
1.74383828800334,0.980397252180182
1.90571422514753,1.02046261925721
1.86570025863757,1.07866970647558
1.83709010005187,1.03843768350731
1.9042768244042,1.11997869409468
1.96759417068924,1.09192574646658
2.01181698671926,1.12232122704595
1.63130102042481,0.978778140771615
1.96333373337347,1.18173226605214
1.84055097478194,0.928525737180026
1.79275630695256,1.03811140618441
1.89250888476034,1.0747043047828
1.8863560412401,1.05756534379619
1.89923121349115,0.982556070824246
1.82721756808896,1.1480126431014
1.79916625761137,1.01500050894034
2.03130905871273,1.05497994047932
1.60939411658831,0.981715336122964
1.64037823227069,0.940649209086728
1.82679973956567,1.01182528746059
2.04183675198244,1.08141158120807
1.92099170554664,1.04425152198001
1.55707785444936,0.956801030223793
2.09856331854217,1.16036741207251
1.65739313475596,0.996140344111141
1.76055125691813,0.987952478609464
1.73895286428169,0.960329169150742
1.66024337173796,0.881577381439577
1.65304202532266,0.964126869874211
1.72225640984468,0.812925383116838
1.83612621318288,1.02992868086742
1.76726829793106,1.03419980658321
1.8454188246936,1.00555566490293
1.64899203491266,1.00180238112015
2.11465893513211,1.13065067350415
1.71244030066683,1.00610546684942
1.64817614442586,0.942928981171833
1.98412199231636,1.06170191518315
2.18527822605116,1.22698910356624
1.71169051193936,1.02772943813119
1.66273229903916,1.03914613714779
1.7607195474771,0.938040774561363
1.4641878355458,0.915776757365476
1.49257125895388,0.85869152131234
1.5751592045797,0.94636328744893
1.94829513078775,1.10920268127231
1.87880772433931,1.08925944018515
1.59786871929908,0.984987011621956
1.82872168731059,1.05989277059931
1.81955128389208,1.01439170041818
1.94941862126819,1.10177594635319
1.77855258932592,1.02737848046105
1.85785599168417,1.02150010027801
1.99355027637853,1.07496226632676
1.70272581868154,1.03658016220216
1.6841423024231,0.966908559223812
1.74245461927133,1.01139582560944
1.53958245657672,0.870629170774374
2.00344017695239,1.06884448031829
1.81743870087426,1.04944472212261
1.68521793291624,0.943226825251706
1.99076973591084,1.09744533320627
1.80610987820449,1.0173586473292
1.80385904124517,1.00289341899687
2.13944678828972,1.17786443215143
1.91926569746618,1.06436008146604
1.65031029997149,1.00790390776413
1.83815938959919,0.998710362794739
1.83176486727301,1.04579856116571
2.01853156818585,1.0844648759719
1.49425356334649,0.921879437156927
1.57179451497137,0.935426347278656
1.72912319014594,0.94800867739814
1.5262296506141,0.898516142810122
1.91597067470701,1.04692649063543
1.8022849942818,1.04440745397858
1.39565205541063,0.875375832762274
1.63728612583817,0.985978003279719
1.8051067463787,1.14055237791489
1.98185354231266,1.09866421306926
1.64541921799012,0.975762898617607
1.69197594545944,0.952387545446264
1.902035600745,1.00000834100472
1.76806836074947,1.01431137772479
1.62479320872146,0.960822925399753
1.83580739043064,1.05295104779403
1.66353632736449,0.968655684902393
1.62150418849834,0.964300988623886
1.98663729728013,1.11247028843756
1.8650321877241,1.13810223114571
1.82455854104973,1.01100835871555
1.83132468878143,1.02738004277868
1.68355272699522,0.9023719075243
1.76851223421406,0.940523114270499
1.56723041716436,0.822223464669206
1.84240820215056,1.04624818770261
1.88472213581316,1.08634855328136
1.7027240121115,1.04419179158037
1.79799738573548,1.00095274791137
1.67446037081498,0.993673336917575
1.73212832751337,0.901141995103908
1.65624170156778,0.900164418929871
1.71086903187452,0.953599927862727
1.48568049565789,0.960747453851687
1.83909401233045,1.0384642371891
1.81994593871165,1.07135109137803
1.89213144599961,1.00088685811266
1.47091628691012,0.891315882568776
1.93628721994561,1.06690219588954
2.05369055387087,1.14245392479019
1.74961826725776,1.01513422087318
1.78558744178131,1.01937307949862
1.82225231077938,1.04413381641225
1.81166490370826,1.0105545548484
1.7704198565176,1.01669704177731
1.84232459727857,1.02874624667919
1.60789333390174,0.96804505459304
1.79670795445554,1.04237946936858
1.81775064077124,1.04235093046143
1.64559404171434,0.898235604780224
1.76803804246009,0.959540787685149
2.09137789091242,1.16195013999555
1.79618516205275,1.02768579024472
1.74856872777961,0.978017853703784
1.71795923096199,0.945579725246944
1.60826472057515,0.970162389092149
1.78555943582537,0.90487722599928
1.88783747812438,1.08030897326481
1.87957751351321,1.02083726069031
1.86808539787024,1.05467956547579
1.8410090555938,0.972365456487852
1.66744158631664,0.897128337165269
1.95655882770535,1.14368163713652
1.34356511994178,0.815391959775364
1.77072693113797,1.0221829352486
1.74315091116595,1.05033410338856
1.77121014407742,1.00866423834369
1.793379036746,1.03837913025925
1.83496201618082,1.03175328657284
2.08499994277864,1.07513241603798
1.68492415728563,0.890505672142022
1.96929701423981,1.04802496934325
2.00851048688049,1.0633768872612
1.74074189613076,1.02321132351616
1.51823462139324,0.879964412219037
1.78852535155902,1.05164481041228
1.78112190807716,1.01143360585166
1.76851562328711,1.00745651164666
2.0040366305884,1.09261595209937
1.73366922852599,0.967557614447547
1.67018124579575,0.973579505644916
1.67033030291207,0.934402844343267
1.87453346181566,1.02846600202848
1.8662022165715,1.08178025651632
1.72516261276132,0.959002197453287
2.12152669713003,1.23180862193191
1.94328163790326,1.09533463419046
1.65452993349556,0.983934686149296
1.9244100160857,1.05833346630073
1.76347188584109,1.05271130438921
1.9685493959786,1.00301365740275
1.83725748256663,1.01021554191511
1.71199975933782,0.985968731718451
1.73995575125988,0.889027498373957
2.05248399732166,1.10094321378315
2.00195461604213,1.09779181782657
1.68674493153663,1.00256570926428
1.76304224696301,0.989765759757169
1.74950453204107,0.893760500268819
2.00235209519668,1.0796113089112
1.67316769331862,0.986811884516636
1.93141053961382,0.953116749032149
1.88399864664039,1.04920308606722
1.59598220490419,0.961910429401312
1.67786069220713,0.976018298218234
1.50426708721958,0.817894731601799
1.78901095926959,0.971010892935856
1.70793773870126,1.07954782159514
1.88807410807505,1.02531231510124
1.71914162146628,0.928714299477711
1.52394544736574,0.878438352620213
1.66200022457717,0.947912200412027
1.97516957955281,1.10504230463637
1.86673993959946,1.08624407623676
1.6787115496067,0.978205242973029
1.88088171051095,1.07621284841763
1.78168488867016,1.03513126502027
1.935086762486,1.08072394041654
1.63925376650875,0.972245880460253
1.87615191331329,1.09024311745816
1.73985836588725,0.98712238173172
1.95736551283895,1.0043160596761
1.74130029832894,0.984784739222363
2.0047409201176,1.11838166551674
1.67388611038399,0.968960586702558
1.87805046522344,1.09971292767646
1.66255041703606,0.958729641934692
2.10267358352512,1.22710802257621
1.91487214409553,1.06524434131419
1.66653349812498,0.931134172867602
1.70976960135979,0.97536500593537
1.76929104731661,1.04459965257873
1.68429960671158,0.951268835380841
1.68523317796726,1.00225749163542
1.83746735303206,0.976299821620951
1.66764540416939,0.942054126783774
1.62566850595441,0.950967897826534
1.74779031387686,0.969738311622455
1.90819306304017,0.936678499034181
1.54417165085438,0.95229709734817
1.46625547166048,0.897654949346533
1.82947445900705,1.09755494698623
1.56945786508588,0.847326155923925
1.92471467260468,1.03543194646432
1.79801104270703,0.969506799570273
1.98091120216551,1.12272721613236
1.7744567608177,0.943088011739846
1.82810422601817,1.03460197159062
1.96948242020969,1.08736990732866
1.7893662303789,0.971177357970105
1.40417094898307,0.934215047585306
1.94420162289411,1.06641598912348
1.63966415297754,0.911815619500217
2.17602757162458,1.13763588670501
1.70431631057619,1.07249239525964
1.47466964562088,0.867109948962243
2.07223030268627,1.13103557338792
1.57120773902001,1.02777718779361
1.82993095885903,1.02192704513263
1.48921252324007,0.863266064771011
1.80205898309629,0.904840809894941
1.53720565286704,0.937599695853198
1.63032278732264,1.0075216393752
1.92701997681138,1.07421525224383
1.5580105445843,0.82599737822871
2.08161879531372,1.20468639250033
1.79985989018694,1.00174753220234
1.76677595860151,0.988672307207984
1.75275558587899,0.920881509366786
1.74483189318198,1.04719928901093
1.88295602927477,1.04287333854712
1.61786999623212,0.97329111442844
1.45838976431067,0.877402747368028
1.60711741028863,0.921888013918876
1.80173525296927,1.12032315057787
1.72528535427515,1.02274189645724
1.44748431093707,0.775004907890031
1.88221453228931,1.05324019276164
1.79424113731414,1.0342080172588
1.85528661581665,1.07351359222456
1.66467180246907,0.990904022627894
1.63920732241052,0.938478197937638
1.69337579392654,0.969170757123913
1.90255074225518,1.03764566934562
1.67203501319445,0.965906776574093
1.94411580245178,1.08303742341419
1.90886129929442,0.993602502851737
1.74257213868455,1.028775677816
1.71050804506111,1.04102662458349
1.67545991510034,0.964544561522909
1.70661375256951,0.991872172609223
1.94696015147355,1.11889923555005
1.73624326725616,0.962609389988728
1.80531654318111,1.09043198960695
1.44672322300611,0.915031635675454
1.7176687802466,1.02210316201627
1.99809774595183,1.1199846222855
1.73511911915623,0.993504738658771
1.68314043547427,0.949958587396868
1.75348384526691,1.04617495841445
1.66525230947433,0.938665980354837
2.01955453126729,1.08856849774514
1.97350761413642,1.10322067753991
1.67263819157652,1.09893759345553
1.79120829438851,0.927505794589158
1.83136233757585,1.01764252293263
1.98902186000677,1.12852293064915
1.35159543400143,0.881151096906269
1.64743191819988,1.02261626281314
1.72154974866108,0.890093746771645
2.10234106167432,1.20635506786096
1.70432593368109,0.982909687570976
1.7021397903849,1.00450599444112
1.80844772919629,1.00760479335181
1.79320334499757,1.059986657163
1.66360412307906,0.969510538007377
1.59913950882365,0.933060109568386
1.63463533541836,0.971477615010508
1.94877004096591,1.08453037869585
1.87107567379689,1.0000461834527
1.74507074924638,0.987596855967555
1.97179731635751,1.09059746443138
2.0376575268843,1.13824233058603
1.8155647662535,1.03604143481741
1.78222471999843,1.01559562696377
1.88754712812675,1.01106996074078
1.74453064786276,0.952454483073483
1.82024838367268,1.01252366118623
1.54549552023623,0.986736140389978
1.99795126781626,1.10391126857875
1.64330937995841,0.929320179600285
1.74744550024184,0.995345705594288
1.55175851488834,0.985621338177793
1.79242022751351,0.935194383486779
1.6498245950612,0.983758597885385
1.73734401475338,0.994247818680576
1.87294900864447,1.03662199504092
1.83660550460506,1.0228219313515
1.66408807026624,0.944626233383191
1.62883666261233,0.8699441439525
1.63779607997878,0.854874091332843
1.66793595531218,0.956732500504615
1.92250035686718,1.09477328806565
1.98748052574833,1.09861834800044
1.95268097165209,1.04345045938912
1.80463560245732,1.03327229193944
1.92316221623485,0.9626882590298
1.73966152959227,0.985594157312135
1.49839738228468,0.864821973409013
1.4197989524653,0.910019701204234
1.89412300098033,0.96897777480377
1.53279387189494,0.900359507400189
1.93251491745387,1.07507648449239
1.93493127681032,1.08392486165071
1.59361998435641,0.852314914915816
1.76632188035796,0.980409721371333
1.68044023484643,0.996723168434996
1.68515181909831,0.931472352578666
1.50815933836075,0.939802032120481
1.85307707299529,1.01495132998748
1.76726248957552,0.971217047814922
1.63438016345968,1.02367723291129
1.84573872396713,1.02429652232494
2.04824216166484,1.13471281028616
1.65718962545461,1.00031890064849
1.69302469161567,0.996594980483198
1.65332848091359,0.969399690112711
1.89425156439852,1.06558961882394
1.75411401144954,1.06019444105369
1.76469385813223,0.973653339440564
1.68585978213647,0.995563440082294
1.69323577037341,0.962340456173752
1.81610971436833,1.02233373923538
2.03254951362168,1.12806030051947
1.58064205897554,0.933608222608452
1.72567631844537,0.99039419548042
1.65240956552069,0.962244785310789
1.86548557484394,1.05989836985345
1.93859630082535,1.15437876617695
1.71518729619694,1.01510143127023
1.92998087123644,1.02419021436467
1.98400425425341,1.04662850845083
1.83656640388985,1.0464463119293
1.7424401209812,1.00515663896685
1.6232193429402,0.860973653376029
1.82584769892281,1.03726887942136
1.7641306439062,1.01355891770982
1.98854658724027,1.14953840476873
1.82502410106845,1.01810771505051
1.73598508378331,0.970642974648236
1.84515485515058,1.07752712144891
1.64822911522016,0.900042581196116
1.98433806853622,1.10190046273862
1.8410691866487,1.04669857863171
1.76397831890645,0.868497416190986
1.83530360895668,0.979527025271701
1.79393254678342,1.0731009941863
1.73482579519028,0.969659933010446
1.38121145835478,0.871928501326319
1.97756516821061,1.02377968657472
1.58536277002673,0.915560736581504
1.7633627339359,0.9552790071615
1.520812562597,0.810079557777643
1.64041864207953,1.06911602565961
1.84029506967954,0.987881819273716
1.67463609465356,0.990792930447283
1.80005977370724,0.966810241348817
1.58004482290253,0.873563925930018
1.78287664096844,1.00510918124238
1.91113172404273,1.15670716940009
1.70715237174947,0.865392848311145
1.59996072877136,0.95154952001926
2.01253314525044,1.10025718090492
1.60514738029749,0.954490468921081
1.7941147070754,0.965802507444872
1.8429328941194,1.04777832386221
1.78211335621823,0.917152905508773
1.55731455819381,0.964145908083681
1.97672199002574,1.10052789858797
1.79066451506001,0.966262873438293
1.83708124620495,1.07808488311552
1.81541627771343,0.991933693491329
1.71621621214015,0.891992746089795
1.89610763079725,1.04697379293446
1.87653254762699,1.02203638635217
1.7392025642041,0.984599180225873
1.89245676174732,1.06829810199787
1.95612341801973,0.971810880232728
1.92735383568508,1.03761651255828
1.91367368519097,1.07532812945953
1.74002516423854,1.01705810593732
1.61712529574579,0.870729350810737
1.75744355068574,1.08371685779238
1.76140942639864,1.01913774966814
1.60867941044432,0.943379825066235
1.82009568488212,1.02674316132283
1.74870790945509,0.961274578634058
1.7128383374839,0.958303450377973
1.70023528490455,0.88124781324019
1.79137661004498,1.00999747895936
1.98330181692749,1.12106820854698
1.85724213014531,1.01538959935173
1.73630130109733,0.937069338465867
1.72166599041359,0.989805833567534
1.7160189655522,1.01887276553878
1.76460567118004,0.950193659196055
1.75239598545922,1.0152350087884
1.60157969731323,1.0271433969333
1.94971838727854,1.04493271523258
1.57967177647398,0.866340669313474
1.64405646779751,0.900405516162196
2.00945238856751,1.09088362219654
1.97656243687307,1.08349580386673
1.73556866923028,0.968015191102376
1.7095327133406,0.93740353760858
1.64838948367314,0.951949434770396
1.81235334889497,0.990106465178899
1.71421507375757,0.977181956138783
1.94812875059711,1.09230914041733
1.66317294974016,1.03282854484397
1.91868628520562,1.07886369665221
1.92066684755401,1.0328776592609
1.8730600023662,0.997264797153762
1.59825173353264,1.030227492797
1.44792507383995,0.906018014672599
1.7008515440528,1.03515351449165
1.94349082149826,1.08288950654092
1.9068129824051,1.0421674188066
2.11043386410583,1.0872289236639
1.93116974639336,1.02968186380683
1.80386857053742,1.01538115529223
1.75616953313691,0.967150985955299
1.58590004946309,0.916022463737991
1.68523379318458,0.964509001612174
1.98240142564013,1.11378578073187
1.92576543133238,1.11170102312597
1.75730729880928,1.01578810054568
1.45056032640258,0.872439708710539
1.87595994571554,1.07020993965039
1.96454333926369,1.04373297502373
1.68764123082111,1.00645771211778
1.88151811258566,1.05964423565537
1.60233694255888,0.924881167490437
1.67429579055769,1.0425745713736
1.72644741685038,0.991059143610093
1.81260516165815,1.06331348792487
1.73042328349904,0.977517750366014
1.62311796241737,0.924936554607629
1.87867942352437,1.03196972775558
1.77280667574522,1.02508821712659
2.03800762946858,1.16963412694985
1.89594085038128,1.03664168905165
1.80015446417533,1.04783509844995
1.92626163654839,1.06298298471589
1.7257608867055,0.978989225576122
1.63267164087947,0.996575655157582
1.9172057451057,1.11502854491411
1.7941829272717,1.01345248924588
1.78763544192866,1.00240525829036
1.68391900122637,0.939784820936531
1.75439084588796,1.03996052511522
1.74654755543583,0.9918726266505
1.85261135392667,1.03810473501982
1.60022819579771,0.852051677023169
1.64791085551663,0.940560895212969
1.95899668219505,1.08443194298444
1.80788672416947,0.950789201369178
1.79263753287764,0.990547100838479
1.6447371926788,0.952990405969472
1.79320945836717,1.00233875136007
2.01798287238763,1.10643468058718
1.78207067258996,0.954274584721928
1.77734435355052,0.986509461901359
1.71823137845101,1.00778237758378
1.8590871499571,1.09265616807003
2.01170922740314,1.08763974802576
1.81551742526656,1.04797067106539
1.80952980951847,1.0404547741098
1.80557802629757,1.03605365114856
1.90581418914405,1.03876277811212
1.63797091567156,1.02918479393078
1.84298172104447,1.04358882011538
1.44446219975462,0.80869521981173
1.58275630499476,0.92107321626229
1.76910418235885,1.00284046993378
1.76162751326241,0.993037640732024
1.38741435705033,0.836264829362314
1.73823085696317,0.878983327594853
1.69028025747876,0.951671398757381
2.07552238812424,1.08498687094416
1.45992823920369,0.774059537565154
1.80952913574632,0.980235988591529
1.78928696731902,1.04715454358382
1.68973411266804,1.02435865493243
1.86893371856587,1.03305221819734
1.75814809356689,1.00311841674334
1.75564826514994,1.0596494464364
1.79818453342059,1.02810451733378
2.10094843477068,1.08958716309078
1.71318806803246,0.932614278190928
1.50527262308264,0.986748777492238
1.99343821445413,1.16298124522168
1.70894138146824,0.817739801064293
1.92666195720958,1.00245541463069
1.61431961521164,0.936635630522078
1.61508873981454,0.937975458421028
1.94193626626,1.081237688427
1.88050760088907,1.09801929147895
1.91264754173278,1.02987565380479
1.63790775644713,0.972758519060022
1.98159877737853,1.10033854400063
1.42297824477916,0.798616448753659
1.9288821095969,1.03318651919883
1.81472421965191,0.95694842970109
1.79745855230677,0.98312923715593
1.76976950358427,1.07783641409911
1.69124749740717,0.928872858997253
1.58540198217879,0.924925652230665
1.67127675606908,0.897527965375776
1.67667789714287,0.982439610260279
1.74638135741554,1.01922762138383
1.90796162195088,1.08936608010777
1.6235789032195,0.952140427260782
1.94278142298512,1.09167975625886
1.88282359664784,1.08868498694288
1.71030150479137,0.98473508408352
1.55466096224581,0.940287948333254
1.61609077498144,0.915974622988843
1.76789406151671,1.00156318697392
1.81676527137591,1.07000018823223
1.99776568620571,1.07911374865797
1.91123779656278,1.14014970488361
1.5865191364475,0.965759356581855
1.46763797162424,0.84391387293232
1.7168059780103,0.996606472717849
1.80268723765146,0.966769841461582
1.98040785930151,1.09378403323021
1.84594685106498,1.02106301699122
1.86400042592834,1.04214007093938
1.78590577407186,0.968467479988772
1.77084170648084,0.887294479570094
2.01246488818812,1.13701981101016
1.66351625283671,0.980144499246329
1.83161498961479,1.04262360807843
1.93991051140675,1.07413307257123
1.717995565178,0.941288863129923
1.55993582971183,0.902580143058412
1.80254011063972,1.10123220482035
1.53255753415308,0.921651320513825
1.84160934868707,0.986711129834647
1.8769023631257,1.04119933118467
1.84122733849334,1.01925565940314
1.82725975728952,1.02610169001047
1.70817453639912,0.896263687380662
1.7101745306391,0.969757540719596
1.81442339755051,1.03577487222951
1.58764941371989,0.904233223684869
1.60311262260389,0.962259067710725
1.90023233430215,1.04176268498744
1.68426092704093,0.861281688044528
1.50871747066132,0.885960348618878
1.84953992992101,1.12918417672128
1.83902493986218,1.0447740359196
1.74656601991432,1.00047332072025
1.79729167879189,0.978120832196497
1.79759524698522,1.00110538591141
1.64871696010193,0.946024289990791
1.62342507161109,0.980296348633617
1.74587507269995,1.01851445885882
1.98091442795463,1.07760520758213
1.72180341241414,0.984786837920072
1.67623491318658,0.966861945174611
1.88350946112241,1.06635915628036
1.58855451162486,0.985046963231821
1.76182341394447,0.98438846738705
1.73031488075306,1.01338419771034
1.94254273451052,1.09117325070443
1.68599778267534,1.00887730090342
1.46175749167803,0.896199117112337
1.80137165255014,1.06716507654312
1.70618557681819,1.02020208076798
1.71882805375321,1.02425108721388
1.95300859768116,1.12276350903198
1.86313149777438,1.00385987615619
1.93575791720082,1.1570353202043
1.89023695669506,0.95434819804815
1.70968906434686,0.919245947809114
1.88704247758105,1.12754043546301
1.72613258500159,0.997990988269219
1.79628273923692,0.994493423987489
1.79879683048784,0.898910421401857
1.72684864479949,1.03928289996478
1.6138292668649,0.947527677920064
1.52459892099118,0.901115718402786
2.08243078106491,1.06224815007481
1.56650221359342,0.955583411230506
1.71377473150233,0.970110019344181
1.78050570097496,1.02264073729557
1.88503349021511,1.04269892267409
1.57833993807944,0.989226629111606
1.622151589994,0.902630620948296
1.60516535850512,0.950187464138737
1.60664048331028,0.872249199190079
1.84574002406115,0.917475062760378
1.63071754371024,0.918153255789341
1.84454143498952,0.999221519998012
1.9606332553322,1.08768208378352
1.82250736831017,1.03721955736985
1.85502573697433,1.01107462420797
1.79403017167234,0.994618365859169
1.7540218191919,0.993494932281028
1.74234998515624,1.04492112646864
1.83114878643985,1.04996422993197
1.90881778364637,1.08749233079281
1.69500297792407,0.95927638636897
1.7569833498184,1.09118755411921
1.8237977045711,1.02929288143965
1.73257244343563,0.988518668148229
1.96102737949952,1.02959919861316
1.76983957540054,1.00031965121225
1.80715818100401,1.00653208274437
1.69273288135701,0.95396817624141
1.99499816862645,1.0796936005786
2.03439764479681,1.1815016399577
1.86167005905305,1.01995549186986
1.8353957505747,1.04515418088813
1.80669791964613,1.01708177361408
1.9499968347566,1.05956802074496
2.04452499411187,1.07691327047485
1.84115582299582,1.02996315957157
1.81935985885441,1.07477260474921
1.7124282927645,0.962754430619647
1.58485216207344,0.891357084812234
1.75066714794312,0.951013079689137
1.72277264247279,0.972666516815764
1.87598789367097,1.04450892187543
1.54490633168264,0.957428963491142
1.74148644414931,1.03964943924705
2.11640014041805,1.06769649078971
1.96469613898944,1.10414847880692
1.4510092570966,0.732918852505639
1.77776003159626,1.06397758617705
1.85965388922386,1.04321106234116
1.72270110243959,0.95925218816231
1.7664946607595,0.984713393608334
1.81470100506155,1.047075061535
1.77390647652646,0.945710274766492
1.56746796069104,0.968172463847566
2.00719059390789,1.10281638902465
1.51956889684867,0.872553197368288
1.70795710433285,0.950559095390618
1.91157232882351,1.07701980750278
1.9403921472914,0.953975216417308
1.66487548866809,0.878744783245087
1.98714549621241,1.13640307795501
1.64128560826499,0.960078101249273
1.76153902467953,0.934206491053541
1.64244741072935,1.00154991540936
1.44306665919303,0.877701570052369
1.80344595373675,0.975450372562647
1.83073418792022,0.95164734267961
1.95783205293394,1.05990432986621
2.08937341242048,1.18196409342824
1.81088904444245,1.03846911746819
1.36992544801505,0.906159083379261
1.82610314440534,0.935889148461324
1.92577586363928,1.06050604183332
1.9546003280026,1.03767606406468
1.58783497691201,0.916840113608003
1.85536301576943,1.06359986428225
1.46686951003504,0.929962854132685
1.80748463450348,1.04842787013313
1.72002792148043,0.976275154429258
1.66924079452264,0.966896829146342
1.69363745635009,1.00457850054969
1.8973056000138,1.0608393520385
1.6112228988498,0.931199532349354
1.57634503632347,0.926529682689573
1.72518911372389,0.953299301732814
1.76188585855968,0.990928643917792
1.62822715630136,0.977592457125219
1.90814079776986,1.04276578322423
1.89781654683323,1.09552092433412
1.87839478313863,0.984744131642623
1.66067363535499,0.96396072163869
2.22411759439223,1.1397346718162
1.85636564190645,1.00135379821928
1.64398759524346,0.96118571281166
1.70046788654944,0.942302216224127
1.67835576934751,0.960517735046527
1.54898171384785,0.941979804253148
1.81984209913181,1.04838294047315
1.67393057109461,0.947735958674513
1.63241667782974,0.910425826852244
1.88419368007326,1.0223223798316
1.67588903658071,1.01039690854573
1.77973270939128,1.02819916411886
1.65471697658424,0.959600856400057
1.63865850800846,0.983395580173732
1.67092780072218,1.04497690428973
1.5258150220289,0.904482370747578
1.87386274802682,1.02597648882713
1.7321660945896,0.991500952497102
1.79878282533715,1.11225701371008
1.81890803643037,1.00143591099489
1.61053244643181,0.998902340614773
1.58660380812278,0.964472061187562
1.7524759538969,0.992390961612985
1.67191003441682,1.02640696761214
1.7897064230819,1.05549700215219
1.96722290423443,1.0515638855827
1.97063846917307,0.964122013715445
1.64603827825904,0.976496152435394
2.04835223658317,1.16714197845309
1.82265363847311,1.11235812633364
1.54579211963659,0.868915884107212
1.42439745259289,0.9553172343926
1.84315324407573,1.06265964980993
1.8480325638239,1.03458157485822
1.96621367556248,1.06832034066187
1.66110130129844,0.928701581369606
1.98234129235028,1.09444909838976
1.8260224787915,1.0645604619638
1.71167572590969,0.955811600497306
1.78558645989075,1.035197070514
1.54379441099124,0.888647341387896
1.58571162291457,0.984569398179783
1.87486188557414,1.08383708096813
1.97338719572723,1.09741559363525
1.5980500842601,0.946098510756943
1.94536601700986,1.0168720914235
1.72603240475373,0.98940899268855
1.7830457295963,1.04912218789492
1.71916224572487,0.992737585242299
1.68624056961738,0.950359290607037
1.71709086589451,0.973651038434338
1.85500513160326,1.03305443260739
1.73547679065072,0.982864083859434
1.47065964279684,0.999898814871859
1.97298803068492,1.0575291118493
1.84837458498561,1.10180068038204
1.97364138958685,1.11069756711924
1.8457896000139,1.05729464522926
1.72180487443791,1.00943321176957
1.50517600464845,0.894900022972043
2.15864624963388,1.11664170248845
1.81343375191993,1.03372024423114
1.98569870725621,1.12910705646249
1.76142099521316,0.988286792178277
1.97451149207432,1.09374820716418
1.79977964846147,1.05986036124847
1.648135041444,0.934260196671058
1.58666408841301,0.897483273403016
1.70610237655569,0.992078083374686
2.07326263611235,1.0960906504917
1.69533137896966,0.909205826883204
1.58515140176281,0.990844985363245
1.75499864616616,0.946067633035014
1.7977208797748,0.986143311215472
1.92027478515077,1.05272324776533
1.86691501555732,0.984252044864189
1.69252706281603,1.01306951058021
1.93564433267895,1.08068533749656
1.54840706792126,0.970918388374888
1.46389532060895,0.858153373057705
1.89518860413555,1.00743337829855
1.59706957080066,0.966001796216512
1.78933801154947,0.998753513811133
1.72402529357388,1.00142194277664
1.84095492855138,1.08102438188589
2.0338145142711,1.18284930104581
1.62725828050411,0.869931988933833
1.86854617117198,1.08696529221991
1.65486910184157,0.939367873533045
1.80629238292578,1.14729055823094
1.94213857604345,1.03116797163356
1.93394276300148,1.05834854773699
1.67178528554171,1.0224328541962
1.82590570606699,1.04114600743076
1.85606669382608,1.02933004160793
1.9303837379909,1.07052516801149
1.94479771200189,1.07956988712113
1.80605066027594,1.03204470707422
1.7542753205838,0.890273558571645
1.85072106409161,1.02964844305592
1.96638206832468,1.12396947119068
1.64081551461917,0.970464601458626
1.5772407170086,0.854953240474809
1.71478549716828,0.895370887546266
1.76875483657326,1.00093437283348
1.79400499608747,1.02085620927034
1.70092044034708,0.97279411404273
2.15007372522547,1.15956035260535
1.94593716356395,1.03279589669664
1.42886142480117,0.984269577643368
1.70202332940928,0.930059730615021
2.03692207904507,1.13128886288717
1.90613684654247,1.10925177551799
1.6088549524775,0.909203383207582
1.99607944432976,1.14673555306246
1.99089396165288,1.10334926496671
2.1742224851973,1.14355450843828
1.78919261328795,0.981374900162478
1.71782883633446,0.997189127018154
1.93143450493938,1.10680183658437
1.68935580714329,0.959071992392924
2.01969193775749,1.09313606276603
1.89634056178281,1.06686471390736
1.62565045119349,0.909653898501112
1.7637971906974,0.999878395814633
1.73167767450062,0.989224316110229
1.87082704664174,0.984487316215075
2.06635114639845,1.09569664946474
1.67146440343601,0.991269807508573
1.94137088961231,1.09690009983637
1.67526303048882,0.950478686207658
1.61572939692613,0.932316565823588
1.7713765107272,0.993093983176041
1.88277442368549,1.06562579579329
1.96879764629901,1.08292215918525
1.86274818629301,1.05361733762695
1.73572417667703,0.980539638216783
1.51161854368095,0.858639897666488
1.73890216516083,1.00723157437308
1.76607255828344,0.985684095406763
2.04359971710915,1.09887710040689
1.6033739310238,0.932186551229017
1.64942141973401,0.850681214513283
1.69963394680335,0.900567364369589
2.03858952242309,1.17273772490516
1.78769787757552,0.982721167944931
1.98282395892396,1.1131655142031
1.7949048467652,0.946670785037159
1.73985448524567,0.995656124871391
1.99810974568366,1.08815337887021
1.6039937749712,0.90224788976587
2.09800434385299,1.14310886906502
1.82873832303788,0.959834086234328
1.74012310718347,1.02399048097233
1.72359752048046,1.01649786533559
1.92649945954423,1.02750175037388
1.82553582757212,0.974927699042151
1.74863551186387,0.947742502845235
1.83480489784566,1.0535345413668
1.843341396046,0.98426530491057
1.52880320165753,0.937512787130924
2.00446327121253,1.16730777287034
1.80295735367168,1.06129397993434
1.98434538455285,0.999297499584776
2.02599384436634,1.10502422774249
1.81194901497586,0.989226750414846
1.78346712180063,0.997117672497927
1.81752655966576,1.0425214492384
1.83029466178596,1.0408805747511
1.73904888239797,0.975678476428624
1.81367378810842,1.05280376658933
1.99451357966106,1.12659225962258
1.55572039083372,0.92580544344294
1.81649053062464,1.05424548902275
2.05924859508699,1.10189399858952
1.67967584557265,0.945826120845441
1.88985090925483,0.944982417139154
1.8696431710624,1.06495417297781
1.64261198548517,0.914015510737117
1.88777171837434,1.03687208025645
1.66563208834466,0.940056363159116
1.72769771600361,1.04811538529948
1.76712561213135,0.992721313099394
1.82443488255277,1.00859170380337
1.89958146426806,1.06019200117293
1.68458232247423,0.925671055029401
1.74875201627638,0.996292992166596
1.57222503051547,1.03809178785405
2.06243953756081,1.14677671372558
1.90259030369102,1.14666899791998
1.93157829119593,1.07474981940255
1.57729007438209,0.910934058297904
1.83637128640845,1.05275227404358
1.78104418139344,0.999777267659774
1.74778595662501,0.978673080639356
1.9307646378932,1.02065329231338
1.74599899519914,0.952135780422496
1.70796468153323,1.00021356957198
1.47478290477346,0.9469597619537
1.83280325151161,0.999601163297648
2.08156488482095,1.09275644794038
2.1352407551801,1.07934700343548
1.83147040080216,1.04252829203277
1.70721006719907,1.03322139564068
2.00026248526987,1.07776773859743
1.81168506662514,1.01164323068117
1.95821572221142,1.06381071539304
1.35751469453726,0.918151555439562
1.86401617964877,1.03215238848324
1.64437094049156,0.987328626633399
1.62681061239117,0.948166755322354
1.89670640099934,1.01344548641714
1.59196129894315,0.885367816168036
1.88251906118841,1.02928803595609
1.95562921629474,1.06653325628903
1.63731015300098,0.848926315458802
1.86964339363381,1.06640513231407
1.75688814653969,1.02279353175889
1.97134308990874,1.13528546789573
1.50551443239383,0.813347871557321
1.82913388262888,1.00443293007046
1.6317634977743,0.980535252770892
1.72600643127942,0.982651404575701
1.81240744252588,1.05179379940658
1.81142986754287,1.01803040280806
1.74382047538189,0.988503947269011
1.82055300176547,0.999606276738175
1.37270474212867,0.904127287392964
1.82290913133224,1.03880290879972
1.98637887466048,1.04825415293649
1.92272121256544,1.05261021454754
1.95070986059252,1.07859898930417
1.83651726569251,1.10193414181772
1.93461820978351,1.06370268075229
1.66653044890379,0.88056981558787
1.81179509598422,1.02139023278302
1.86356205867139,1.0256988097682
1.72246855682585,1.03781873238542
2.10708877367593,1.07095647798801
1.54726606427057,0.900416029854793
1.95755538057684,1.08255175399935
1.7229634481942,1.0306556758711
1.79038820812819,1.06437891227168
2.07729438512472,1.11743457039383
1.51809165447129,0.909295627374716
1.51396493480644,0.951027480961926
1.51446833018154,0.929569023980531
1.79089294839208,1.04361786084919
1.86807736493044,1.11420308456533
1.95070368526589,1.13316911731448
1.82039341997102,0.993907030970398
1.80474341432623,1.04250396406057
1.54329870696237,0.956303062534367
1.77425430914242,1.02109959356076
1.44777022391007,0.948163601017199
1.86289402935255,1.00133780249651
1.77974393871168,1.02715039289614
2.03385874551069,1.07047902470791
1.93122793156869,1.1130500900561
1.74619868751919,0.965632453863057
1.59975881311886,0.884921749479113
1.87907320924055,1.03624950366177
1.67103596739689,0.960415423118448
1.7586241289683,0.924887119177261
1.82904775815021,0.998771892018332
2.01019520941345,1.03085886022443
1.7512467777447,0.983708347964735
1.84192427524978,1.01678989338091
1.7641371945106,1.03275899905717
2.03469646428179,1.09626778912219
1.87826396007559,0.963316314947817
1.60629295126017,0.952921043682696
2.02404583555648,1.12110284128215
1.7261445449083,0.920461127129127
1.69562454764615,1.00595954738264
1.92348696044689,1.11437226080216
1.89183748603718,1.11404729520416
1.7886201261085,0.90064264726381
1.92834712301044,1.05833086978376
1.78585845400916,1.01956705246123
1.41341269968647,0.923356912654515
1.71612888133033,1.01182947706695
1.70157994299357,0.966266527501674
1.84388059516066,0.983341897822065
1.6452188334248,0.993450083444334
1.70758683163001,0.972391337233651
1.69955711685041,1.00429063099484
1.85170698209148,0.850332585697145
1.74867749258997,1.01967909061298
1.79330129237579,0.994045937117211
1.49606062858948,0.88315696732052
1.85759324724041,1.00392994231881
1.59659055807599,0.957123977816968
1.94112723324316,0.991388232639194
1.83605163840652,0.996184129258748
1.86490914660924,1.03816184972435
1.73908072065339,0.99759630366217
1.72582764643673,0.937100433099466
1.7286921362072,1.03132319575119
1.4850068704659,0.838865622398945
1.81585526235072,0.965701466060812
1.78335772109446,0.948738500699072
1.84412532335684,1.06523659600578
1.88480487035184,1.08158599039271
2.02608285708132,1.13005694333673
1.87254702876983,1.01308076758837
1.60463042691498,0.961327724220316
1.65896460599472,0.978532612637738
1.66548845196186,0.955767754402735
1.75616239536036,0.881785757241999
1.75362449336923,0.998474116635246
1.78245780901466,0.978957426934118
1.80493350417352,1.0007466257911
2.01938048161879,1.18350679369686
1.70374881600804,0.969558976218513
1.74695856231513,0.987376696695231
1.49875351360608,0.869416331676397
2.05768312175527,1.1681055618673
1.68122876458815,0.950812635408165
1.49730230108069,0.85047655768706
1.91483894390475,1.04088860299694
1.89031813867953,1.10711570743557
1.52907012737472,0.971854667366356
1.68686861137675,0.968524061414127
2.08915130983607,1.08867850581954
2.08540446351389,1.14571013256396
1.80708044430563,0.978384896477353
1.84361543802579,1.04834959430177
2.05130899888811,1.13812970334786
1.86576915865981,1.07888545797519
2.02712092216093,1.10589124006199
1.93949866770377,1.05964891208172
2.0312993649031,1.10819018495535
1.99277673838373,1.04577014160578
1.70549606337036,0.975870486286397
1.73184391898166,0.965144170121511
1.85978055565654,1.03798068112929
1.98490350961704,1.18468667505439
1.67571586603626,1.02978560462766
1.99315218770234,1.05007151143042
1.64283317517997,0.848106665694971
1.8186330574542,0.938874144183637
1.83993932819175,1.0392874166018
1.81017879907018,1.03561607708441
1.86576617462535,1.03264743168344
1.89406147031741,1.02442176808189
1.71793653733127,1.01100038194617
1.81263483981554,1.04954808231417
1.82611836223691,1.02524468994603
1.52289095632349,0.814957222522787
1.94142620293873,1.12565226890977
1.71982823400319,0.918009760492076
1.61372774385284,0.918342296291028
1.94645073529517,1.12764731802979
1.68330491527656,0.996266190013355
1.87773802427023,1.03135036476565
1.84262224902472,0.992239141555531
1.90444426247254,1.04350035201513
1.82910809051628,1.03177651553713
1.95143245660731,1.09671176491561
1.9192596097337,1.09679917508997
1.74257105651805,1.02481629459955
1.73692685346832,0.994168534416001
1.77914226225247,1.01836667987864
1.72618506581538,1.0041395559869
2.15040498170376,1.25447249390987
1.90286320855034,1.13087190575366
1.97002914816872,1.05738882531881
1.90142249329874,1.01090586260894
1.60558341585779,0.848408809284057
1.88965476866566,1.07873262492612
1.54270286243038,0.965310524730051
1.75076971374241,0.946784947094291
1.85239445077545,1.00578749061414
1.74180253951363,1.00087931863208
1.8761651324527,1.06476580677057
1.69719829992478,0.857141677989326
1.65436027164939,1.01014122538074
1.71354252007079,0.967243930214502
1.84982011849599,1.03795712126565
1.75149548076568,0.959646139540539
1.68924473571129,0.997020751620972
1.95079888903755,1.06460989870959
1.64941838006479,0.98395459227065
1.88039363710936,1.07270989291368
1.81714586807958,1.02948422525477
1.9300580443595,1.08123035729331
1.58233555175012,0.966034439932271
2.04703324169,1.27465036648186
2.017395613236,1.05412462358084
1.7844355751496,0.971606395023494
2.03434852923738,1.06773291067685
1.94432330724994,1.0890964981212
1.68674574190589,1.01178311191467
1.61548929780886,0.875835518879613
1.87310226753852,0.950341139428295
1.79049735347041,1.0796998503824
1.6406945780859,0.971160882520749
1.92899615471762,1.12002244773605
1.92105156388017,1.08801227411841
1.70850515741267,1.00348226070375
1.64773103025119,0.933812848906017
1.76732828417867,0.933908834136202
2.01649039715634,1.10469783182725
1.71711843426087,0.966268762120235
1.92548889134533,1.07299303995981
1.87148554985471,1.10967674701119
2.09750984424059,1.10001368347683
1.96095726189415,0.999173584622244
1.73717569844601,0.98521442606335
1.79897070866178,1.02187558451539
1.82867087181637,0.953879744183154
1.55264907828078,0.950947662492983
1.6650760188594,0.981689773695675
1.8486495576584,1.02763036598631
1.77729902924216,1.00388040792675
1.64514557714346,0.964926816229338
1.57427922466672,0.91053819733253
1.81516314642458,1.00954892461503
1.66276952755714,1.00061657843041
1.66543223535674,0.985297353841317
1.95436798953176,1.00519419507914
1.41253018672708,0.938620629712488
2.17981395199514,1.19704777287714
1.69725181270286,0.965484807874079
1.82561589932401,1.02893688502802
1.74943480081139,1.02674605365242
2.07661314547698,1.10690727738522
1.60699433964787,0.917097142177703
1.67901866925413,0.963458400775202
1.82300941103732,0.987568560600962
1.74906984796828,1.00439668370942
1.55761880497765,0.861647000909347
1.87104221323464,1.07192159920614
1.98104200068204,1.10407546007237
1.59830678906814,0.862641024597413
1.41208324360008,0.93158890699914
1.99463167928855,1.15016451581169
1.89463027250083,1.01152362325533
1.91894951472776,1.05131495544011
1.49347646454317,0.964628038957299
1.7082826466115,0.953044735612324
1.65520717891225,0.926871656460878
1.71415424016668,0.991452572783599
1.90454160114113,1.04051841274942
1.42634101985715,0.920235941491782
1.81087532163964,1.06976085688468
1.98904204553716,1.16414154144574
2.0327303187879,1.11821999684013
2.04091243484976,1.08682620454245
1.76430568097561,1.05015041042063
2.06080269937825,1.15713436198052
1.76643786782152,1.01901009606295
2.00964766765658,0.924250666738233
1.89612894359882,1.05904780486461
1.77063860729584,0.950917071531361
1.63432565094685,0.895082632359355
1.86054354211584,1.01860743507973
1.76430340982522,1.08118801644002
1.77424430819822,0.969417951887883
1.44017054928362,0.877537821086688
1.80229754185318,1.01532058423588
1.58312148513548,0.871804389167063
1.73865726922086,0.987806074726995
1.77557438519891,0.921047089394664
2.00468014269551,1.06775300250345
1.8948688510208,1.0091373559207
1.83357075225259,0.892751198994601
1.78754185152066,1.04593101336798
1.60979556365695,0.966169110784814
1.68233744268953,0.956557656248011
1.83314047799371,1.01715548762832
1.96796036139885,1.10328707625004
1.73955638228694,0.893291571176726
1.77825247210869,1.01510697033377
1.89653373505293,1.04628535892959
1.72592518532885,0.943465357023332
1.91975343204328,1.05276339729929
1.76798799352343,0.956074774976993
1.76194901081709,0.996117742274692
2.06591949392045,1.11884208856482
1.89018491263323,1.07567015521116
1.74553048767755,0.982513977172676
1.73293217394237,0.961854719063308
1.60201960369914,0.872751375070189
1.89410549227617,0.99279678689112
1.67010895479949,0.984089655300759
1.84479205814001,1.03118682816368
1.82386905561407,1.08759454382461
1.78699738834548,1.02999427294344
1.95968904681201,1.00782442777207
1.78601938316375,0.99178808191491
1.51093254678307,0.837157748973037
1.61738798509606,0.824566789844743
1.53586273303516,0.970048092417038
1.81182489216361,1.04059496381771
1.80517198387432,1.04524681166794
1.63725801431998,0.956560697865436
1.86252787114361,1.0672046904356
1.68447829463612,1.06614445270521
1.70895481778615,0.970884547679358
1.92382881900852,1.0796632158379
1.66220379178399,1.0313906052199
1.7981484493605,0.964755503649006
1.46012790983304,0.969523968816675
1.72168755784634,0.955734416605263
1.7866827996275,0.985321544998665
1.75396010805905,0.963564606291398
1.85559158876906,1.00821634344646
1.90809401397452,1.07222168695577
1.85111308797844,1.03774584775741
1.84102829398431,1.03840901113912
1.80230614791479,1.00374195149069
1.93065488865905,1.0473423420999
1.88807832788668,1.04816180648428
1.46307396956503,0.800673406252878
1.76027525335542,1.01004957151913
1.71686281139852,0.956993395903159
1.99075560323404,1.15533315425837
1.84824021701845,1.03095237781346
1.38757256326892,0.839405332052492
1.79667798422394,1.09474175653533
1.79765018566724,1.03370109144747
1.7226565013493,0.963898800287152
1.74971897027227,0.954693937152765
1.93925986730218,1.0501964900169
1.8925941516184,1.07473291033942
1.63641416741381,0.960497039722674
1.92988014659898,1.13965187730691
1.90578743771579,1.07937472529965
1.82465954744947,0.989511132268796
1.60756426816374,0.980796898062895
1.67430328483364,0.926920681689815
1.96316130601945,1.10473612527515
1.679024379374,0.954981730639344
2.01347296495342,1.08002524333287
1.65442640130542,0.957123995674156
1.72841464370965,0.971964233598045
1.80175447883741,1.03051638381108
1.9396974738864,1.08350282344282
1.54539903644036,0.845132747225161
1.83797608712091,0.995124228895471
1.17887707137779,0.744333253290812
1.91914245256113,1.1024978006047
1.79645162109677,1.0212105698844
1.47724739735106,0.965513070456015
1.6605313383569,1.01841899683098
2.05434848128181,1.15757573729174
1.60441715190179,0.953556338513893
1.63581951518873,0.948984366659118
1.40071003204119,0.898020729498873
1.92565994471266,1.02877056281609
2.01853689022797,1.1057649569296
1.90938249712257,1.03605953375578
1.75146957027737,1.00262915788344
1.87100463710319,1.01759140615747
1.79229727255764,0.998336799671331
1.79879364660487,1.01216698744618
1.89714285348985,1.04023546894485
1.77464802083863,0.990523904127625
1.86417518687328,0.972196593838618
1.7204920739625,1.0566539509297
1.86283345108833,1.03415245198356
1.85313433639301,1.0509671381619
1.85746014223676,1.03462473507812
1.77610563084796,0.984891975815158
1.87264744223558,1.09615188921829
1.81025316141026,0.974904794496885
1.66088696405373,0.968682792908503
1.74304357529569,0.968210746786884
1.92623022988064,1.07956385683729
1.57244717521371,0.877176111512909
1.84141499750207,0.968995300010096
1.66693175427008,0.914354057777337
1.68099320829168,0.941935312486076
1.77055918007558,0.980509951784807
1.7390482112811,0.868951688640837
1.93386688692932,1.11966745810651
1.74143180648297,0.990053788175455
1.81607925196284,0.927007864481012
1.9562817869518,1.095793537289
1.55054060034471,0.899154722692322
1.82326370466924,1.07431503821156
1.79200189425084,0.923840762838214
1.88694453774428,1.06843728985268
1.86430166223406,0.975539448411475
1.92699727696909,1.16903691448324
1.64077662299175,0.99437134758056
1.91888553288476,1.05701499790232
1.92297182365114,1.06265776683925
1.76457535556047,1.01368192725299
1.58797349949605,0.934677169645314
1.93051171600598,1.04833709784779
2.0465906978021,1.1006192605316
1.66800807033567,0.858837792945629
1.91305151997841,1.11399051979908
1.73787856529862,1.02002761466816
1.59963532975411,0.892214705701424
1.59837051394678,0.898730393214701
1.6818628124192,0.987452924830141
1.78184407020385,0.984398673762122
2.07642748112316,1.13034340767326
1.82480654713993,1.06735944262563
1.70766511965201,0.97210539590045
1.67890124667677,0.934724928158494
1.76593152935874,1.00258608471956
1.8072658643323,1.00520853617832
1.80677443543632,1.04874804534837
1.93213244864984,1.04360413008723
1.85328641407493,1.02823241459348
1.82792992263914,1.00930105345309
1.98968196796397,1.08928524307403
1.93324778386623,1.03366955788589
1.69394060695656,1.00635337048952
1.95086863296547,1.13363535749672
1.7835772505645,1.00902545784103
1.97570136187133,1.08426177106513
1.61668070516823,0.925802707911691
1.92565915938303,1.03518637380061
1.90605477621079,1.07375784172634
1.76682931877666,0.992129673954928
1.72073428306244,0.993871136176059
1.97756580408702,1.00041978480187
1.78026356502029,1.06449243671051
1.71416390030645,0.920103488835818
1.85905155045206,1.07030734419899
1.857167684627,1.02492758039555
1.81891718292476,0.992387368552057
1.79060344153216,1.01004986907683
1.72089996382607,1.00353164850204
1.98317524077144,1.04618139368531
1.89518960054767,1.04914338490679
1.94249615114064,1.06159271957467
1.82936033976446,1.04842675165048
1.79277835510054,0.983684636328926
1.46444566436674,0.849582389637516
1.79234011605685,1.01326250875797
1.44380585261369,0.898498648500605
1.66761461730878,0.970986725797601
1.43232092380132,0.970658809822301
1.92294338239153,1.01977687165073
1.83288076153913,1.04140940703062
1.74382810220298,0.980580950024666
1.95038327800518,1.11890446777335
1.7910031310901,1.10284818870751
1.75784594818472,1.01273278379056
2.01058951565418,1.1103126828442
1.73425276849289,1.00395498944539
1.78534313228256,0.985676284795839
1.85811422353866,0.984656573010069
1.63281320839523,0.900510707417289
1.76942598882066,0.991810518865985
1.87667495703839,1.10705565527112
1.90711415072843,1.03074861321936
1.55793293082155,0.927542340857599
1.75856989412913,1.00462549172518
1.99177811732467,1.10570266853727
1.93753345764622,1.06181733277648
1.90675209931871,1.04541789713563
1.59416155807976,0.934584428600494
1.70666967567018,0.981668538043975
1.73566788392687,1.00197508543154
1.57571272019412,0.826384119827635
1.84899407944658,1.0552758672669
1.53361162960925,0.973774130357509
1.88236016432909,1.04727729578692
1.59884326611509,0.914691449861248
1.77861373289154,0.960497634422425
1.92197626721984,1.06544460193396
1.92303423803247,1.04151251336274
1.80002448719397,0.96702437498515
1.63950269346035,0.944830872764684
1.99206683821312,1.067569034242
1.55660457827565,1.01369220879665
1.56297934500885,0.989560497332844
1.84484007242463,1.01050082792071
1.60429714613063,0.984458773123155
1.88599411763378,0.984115287652615
1.68650947006205,0.98680963824885
1.89134112807367,1.03186140675192
1.73698790317406,0.980369095125565
1.26460137393466,0.846791907105649
1.79962719297896,0.95960204265053
1.69394078451446,0.953742248477418
1.65380875616441,1.02410358918623
1.62801305228986,0.979657319397822
1.72432085924074,0.947969667864323
1.98939281227548,1.09629646560545
1.80964089945278,0.927817628931446
1.58022491754422,0.882052711398297
1.59318623395855,0.956783752296143
1.70947870574014,0.967228370297891
1.97125686157234,1.06585711355769
1.81762313055527,1.08745190360061
1.83291633514354,1.03444849923846
1.90467598524228,1.05316559982811
1.90475818008351,0.999147222635225
1.77843515296538,0.999144944179373
1.81532623025827,1.05428720235129
1.87794791604206,1.03875940384314
1.87583764480217,1.07971853141346
1.87408776246376,0.968359114152366
1.84726891437204,1.12641863438643
2.05275763989006,1.19654100849228
1.722531628522,0.959378943761301
1.87128505129018,1.05087672039163
1.54158025911739,0.925129279417388
1.97823092704012,1.12348968788872
1.89175001687999,1.09402258916838
1.9670803350309,0.961592062622514
1.91317675410807,1.02796971079146
1.79713107800233,0.914156165811563
1.7330435997093,0.952164954376219
1.66362178650972,1.00590725787015
1.6677193073128,0.952144372928837
2.01613417631465,1.11156183420111
1.54360692739487,0.89022909028565
1.60439681374284,0.939377319083848
1.66259772760149,0.939403913957061
1.84199852188503,1.03247868937619
1.78778500898917,1.01738304935191
1.89128152556709,1.07428108917045
1.70620114759014,1.0325873106385
1.75783142440533,1.02847451225912
1.70797554396293,0.993256401538546
1.98117790512205,1.09828315826874
1.8392184356126,0.994965756130851
1.62987735397803,0.988582222371608
1.82942918271569,0.993087603264844
1.71650689698447,0.992795593318268
1.69712012656066,0.926851166697964
1.77826210568815,1.02590232070973
1.67983046106588,0.987859300693326
1.86506186371578,1.00956466025961
1.80071744009127,0.983753783101577
1.49570217707184,0.781591890533656
1.98352795823949,1.06919989923381
1.6405844680694,0.956636578594729
1.60818684954679,0.957767621556327
2.06564266352644,1.12422667299492
1.68313913462396,0.9157581246835
1.56463272505242,0.981026977650457
2.00238959480427,1.09118674430595
1.87040220807795,1.04353689512957
1.90720499365739,1.10214498211529
1.71124087736692,0.961841352495297
1.5645666768057,0.915146190301051
1.97964018053765,1.13566151599646
1.56845561575066,0.93741980265209
1.8129142406769,1.06095279807186
1.46722006302579,0.84344749589951
1.66509233152867,1.02056211408182
1.93717670829861,1.07420725697482
1.86277421604749,1.03028814187326
1.69246389080893,0.844631769820494
2.04097225270886,1.11828838043311
1.83113309055863,1.09801054093378
1.73094337036006,1.00947219046551
1.65285984033243,0.896553148912436
1.80061755775991,1.04037688700678
1.86787253424076,1.03707361070776
2.0784497329189,1.079659430278
1.60819171687431,0.966470839881458
1.59830828068225,0.856827861970481
1.7009677026911,0.940218158015626
1.77271581314672,0.993081959714071
1.55190024384666,0.844313741066735
1.73527710706473,1.01753542028029
1.89642700006228,1.00331646402125
1.57205294531101,0.91052699927696
1.64620472035436,0.968724300372917
1.50820799989778,0.989333658447479
1.88932520574035,1.01056176205414
1.78679543050801,0.853009091009266
1.6732780030658,0.983269764810676
1.68261263892208,1.02197761644347
1.79875298542522,1.02319826402432
1.66799317444282,0.873043659951782
1.75620088301751,1.02761571370059
1.78845792376908,0.950497007859423
1.67879713212975,0.982739330255879
1.81924274310878,1.01721455498571
1.83975638764768,1.06193103565979
1.76181240711064,0.992455198631545
1.83517168772868,1.03230098004814
1.65858740753327,0.896028044975555
1.88097664375852,1.0333039111582
1.93204817774011,1.05029768565929
2.05517637021328,1.10968594064245
1.67336062859307,0.992616224768253
1.72610096584353,0.963962918580418
1.97318656000756,1.05678490340169
2.0057056590676,1.07301640891173
1.99860496105161,1.04134512867669
1.9304635756171,1.11502049256958
1.53180124358738,0.841328043356685
1.61790958212539,0.962329352175754
1.65544289637149,0.915897573188619
1.75838878155265,1.06203502479319
1.62449808598919,0.917403680230134
1.62516438415296,0.969940157780298
1.94508671454296,1.11295125985996
1.89064569055857,1.03566232132883
2.09718334119734,1.15174169557529
2.00591072312294,1.12672151133953
1.74884803073613,1.02271144892827
1.40629878405204,0.858855430109607
1.47663253937682,0.897486892073622
1.75911101570963,0.93636636319713
1.67630589429854,0.994247982348757
1.58580902277438,0.880891427151642
1.80099738608462,1.02387934891311
1.8151951393032,1.02425352557312
1.71768600998663,1.02426348449668
1.669568409059,0.897297889500642
1.80326447384414,1.01397313911035
1.53401887641251,0.970296151124016
1.60174968535521,0.928110166830723
1.81265832263049,1.01123674793152
1.89790956592111,1.1104214007117
1.66200972301584,0.913810536794161
1.93068340431785,1.08641072708412
1.79123624065298,1.00544573447187
1.93277231637891,0.939225556191491
1.66701257132845,0.916202530409868
1.90767338238235,0.998731460399302
1.69968153991815,1.03787127327377
1.71160538376917,0.927166812900951
1.83725158570073,0.969255056637829
1.6758411323568,0.93551827553829
1.85087171844571,1.04060582333156
1.69635213897667,1.0555923296852
1.41651420804849,0.781370317205895
1.81639359690446,1.01724085273161
1.956317471471,1.04193581564751
1.7921859171221,0.991938879751966
1.81923896527658,1.01418102472403
1.86016293946242,1.06885906507528
1.94162687500574,1.10243556457741
1.80821232898725,0.999967063425887
1.99203783610316,1.07444197438901
1.93582055486679,1.12247443253809
1.83358691849135,1.06088891217151
1.42662255661795,0.864490667449566
1.70686285722655,0.939961765597465
1.77182617597078,0.959541492859161
1.75644059267801,0.989078166047975
2.22661468890622,1.22665108655532
1.92865414698699,1.09502572512159
1.59216864662371,0.929998472712756
1.51055997627186,0.952665722813227
1.8694601120242,1.0865781078469
1.84986990208817,1.03951745043049
1.72990864544145,0.954491063413715
1.60410743223553,0.896850955724501
1.67479864420107,0.919485432613326
1.73435360688715,0.977750593474277
1.57464909092287,0.891344242248176
1.55041261502632,0.931561917230165
1.91344497227869,1.11288775850867
1.62906468515564,0.975134822700461
1.89208255257926,1.01481407894732
1.78270303678245,1.03561672516791
1.51019237582834,0.879740321316162
1.83323526669836,1.01631224420883
1.72195337354822,0.98889223731105
1.79205953398533,1.01833090546327
1.77850496779037,1.08900748885402
1.50402819252556,0.921447366074464
1.70839360577527,0.971852863040584
1.63269755682297,0.956932550299524
1.71057132212091,1.01074975368749
1.56437794468926,0.876061420155668
1.75900202973315,0.998973198915321
1.7489961991932,1.01596368058003
1.90446349467287,1.06212319620731
1.92451893458907,1.05454945701714
1.61166147327986,0.933601462021485
1.71129474742169,0.879449142241664
1.630527838705,0.951092312654641
1.6126023385062,0.909741871117877
1.81513829253212,1.02710119028039
1.81579549389337,0.971144355558463
1.64720609878556,0.930355750747373
1.85157571223239,1.04424070397635
1.78461278908812,0.952557936140742
1.8007179158051,0.900472917926978
1.7591730193235,1.01873673492239
1.71172277474502,0.982593283537474
1.54600153701282,0.914562405728516
1.58132499446199,0.907329230370567
1.77325110731036,1.02864348028075
1.68069042331423,0.952034970215795
1.652006485965,1.00456807208347
1.95248130134824,1.05884389575444
1.6245009682244,0.983064812531448
1.5166013098618,0.933657170659783
1.5557129370805,0.961408271409826
1.52299866811145,0.897228621279255
1.72474147892489,1.04985034761423
1.97133290694124,1.09216707529148
1.98252207594474,1.02876738040801
1.8858250796044,1.02400291846901
1.72970985130906,0.94084634337261
1.80198622790052,0.997083728643963
1.72125227416276,1.00967814181719
2.0550331350197,1.05407696510486
1.8026942170111,0.98808585136861
1.87271070773036,1.01497176020006
1.55326821968098,0.978634081910867
1.74821067671118,1.04310941260219
1.72779240891679,0.949340151084233
1.77755934331878,1.00648310678772
1.74470310744948,1.02570101622346
1.76446267122219,1.0470847933422
1.73305454490257,1.02413574752938
1.84597706411384,1.03176790551929
1.80924175549578,1.03139957446572
1.63535922409917,0.83857243808063
1.72302132697785,1.01588207224597
2.02171367849909,1.12024259530742
1.76501360650556,0.996788019534514
1.65275867977123,0.86386630876392
1.64678870125102,0.89245693468437
1.91833109500197,1.11422340999816
2.07562773478408,1.13736385625996
1.7397065543418,0.977107076869012
1.66621067118101,0.916249739221869
1.91255451689905,1.05270049789988
1.83452831607356,1.03898857058365
1.68152411320412,0.867593382887741
1.60027649889473,1.00701077415615
1.91012858056908,1.07585918017512
1.7513419671259,0.997149605283151
1.79794846028124,1.13590805917911
1.73891132757003,0.995357021217867
2.0304069787729,1.1163742601257
1.75901575549714,0.999218494175377
1.6020056547279,0.937871318828257
1.71079688661517,0.98429950393375
1.7652821021308,1.055015067714
1.67586749107115,0.973446960679224
1.62838337015789,0.962941935189721
1.80593575655098,1.12232141563091
1.658554729722,1.03959778646768
1.71135848632379,0.94315413787192
1.86651839683814,1.0397250138379
1.7000976355904,0.986283528295592
1.7060779324894,0.966814016078386
1.9464866866497,1.10147311816866
1.81292829968885,1.04733527363148
1.73659595862253,1.01929540585192
1.83466323013805,1.01556226834404
1.55199118494689,0.93169291128165
1.91067014083174,1.03476489725005
1.71855266855851,0.964790829416053
1.47279694945105,0.734337125801009
1.83548896061278,0.953168438936725
1.8248185215956,1.05096035551554
1.71694527588031,0.974626905052414
1.6819542678373,1.05481279489701
1.64007024891925,0.940375609060612
1.81065703286613,1.01603608806284
1.50446896765149,0.908967181035659
1.85287156151526,1.06868804739424
1.86614229643816,1.04606688874525
1.75539371562097,1.04184686848765
1.62269045632565,1.00584151262984
1.86664771919315,1.06143049639421
1.66422283357598,0.970572409156038
1.8694723457843,1.01869653979154
1.65372513097755,0.992381039833668
1.75657283395468,1.05049226926588
1.738824226206,1.06648307073945
1.98556074904428,1.07202924984981
1.8571375783979,1.09163461063867
1.90955611350321,0.929979687528247
1.70624883864375,0.980068899206357
1.84375054910915,1.06263104660145
1.83892264218088,1.00300117684332
1.89650219739966,1.07286332648218
1.72859274301639,0.954895698510141
1.84149963900849,1.01076804621452
1.60584039981742,0.881036776194398
1.89780391520318,1.07083297560546
1.70493274832056,1.01121529310213
1.82232121380499,1.02906791055974
1.6854763787836,1.0643776602917
1.64864311694894,0.948853012620489
1.81680044655771,0.983628448555345
1.93528708571583,1.0798526749856
1.75948273960612,1.05605865529611
1.66792542620557,0.972687906443602
1.62890851063323,0.963614209001614
1.7896748796717,0.915574499461171
1.60576094285258,0.882715727563459
1.72748322636355,0.998526090122991
1.77235999816843,0.986870109818337
1.66398651783865,0.951148733415155
1.92171169191344,0.918388597230298
1.74623192011619,0.946923456500804
1.83159450174122,1.03282059389886
1.661992540323,0.938708814763118
1.6540669770299,0.994368045155576
2.00539876362016,1.15541484712653
1.81851526077683,1.03135890186127
1.65682356302775,0.979497078145457
1.6966042527208,1.03337956798993
1.83110623445387,1.01565179026287
1.800129990416,0.937700182051188
2.03520862464547,1.11693554759104
1.68373438715179,1.01343917332976
1.81749264712987,1.02024330564437
1.58556527402543,0.984348320262795
1.85651285890391,0.972012421952044
1.85436218522161,1.09144976765461
1.74669349896847,1.08585444935085
1.83192253498612,0.993551558207394
1.90958319281262,1.00379055540943
1.76759557520363,0.970422430230458
1.92458226591815,1.05035069438497
1.50315052157846,0.96922163032799
1.96515658700274,1.05246994349935
1.78639285372601,0.967927543136994
1.7003765995742,0.950722878203402
2.00871794845345,1.08388559985964
1.43566911189015,0.837118321906417
1.80344120658958,1.02040414234942
1.83245404807639,1.04573900220705
1.81238211097598,1.00317419905008
1.81498099751052,1.01423915411407
2.02676368066666,1.12494534651595
1.67479492889342,1.02426905292214
1.8800975677752,1.01163606316544
1.82129730038755,1.01823868400796
1.70407708079755,0.910076866229953
1.36969858080342,0.907908220761835
1.6316274819767,0.858204906152154
1.88560895935873,1.00566409381173
1.68292338673472,0.926892203917116
1.87746675741522,1.09602829934231
1.78923515486326,1.09408583688631
1.71266932477889,0.976688292248101
1.89098906349096,1.06158872440469
1.87505928849311,1.03539490887733
1.87115232548579,1.05162696511957
1.89214869708484,1.06862585257268
1.70371254995096,0.968295089926443
1.89830642324408,1.12392219557024
1.85144779418367,1.06043776093446
1.84007000880356,1.01179376701628
1.79511428564375,1.01230217902363
1.81540042079853,0.997770935071782
1.76864684378841,0.963751619036179
1.82821706645591,0.992870700888801
1.93722550854505,1.09431822579038
1.97430739842682,1.10308861102619
1.72319947356618,1.01447229383599
2.01954019363399,1.04491080023712
1.6281320836838,0.94743989415143
1.7404285871646,1.08843897167106
1.94936766467513,1.11245509716645
1.82677698203245,1.04175728946189
1.71630656587006,1.03044046410977
2.04656414090057,1.01683554303387
1.97612092513557,1.05752281472703
1.31531263072525,0.886366421285325
1.84518280258435,1.0269965877658
1.87001798743007,1.02099994752217
1.64330512085122,0.934847243756679
1.89767620641899,0.962401288397514
1.83368798106795,0.998054212476021
1.96983525876089,1.13379253344203
1.95192799843923,1.02336157243448
1.84188339399421,1.02982970036374
1.94812002796833,1.09352064210951
1.74397252173427,0.98574961746838
2.10180141958959,1.12945680078294
1.92077722288034,1.09945428767002
1.83594119437749,1.04927986966394
1.84498830154809,1.08548042482467
1.74769078170596,1.04583657087308
1.79616228097634,0.896475143910465
1.93036363449752,1.08551569088761
1.67766411628431,0.97134525134836
2.0626301464049,1.05730403119401
1.59207388143871,0.91298200916868
1.65752352483401,0.89859361655397
1.72725489223642,1.03885701445903
2.06388823673636,1.09313302343976
1.77175064828007,1.0127355677389
1.54131326083525,0.898006672722313
1.97116935209643,1.08036063649554
1.66819144426019,0.938364527636043
1.59373668763842,0.839764892747572
1.84916467437901,1.08768884954977
1.76644632321329,0.976790360853341
1.98188556220995,1.11437163223591
1.66630617213559,0.962345580850754
2.08312965740848,1.1186416011742
2.00542126197823,1.10860298234727
1.64953679714106,0.995005396011591
1.68321466731133,0.892536079207773
1.61701617947631,0.998510670863847
1.80306731334444,1.02765251502514
1.91697693432699,0.967633393684118
1.64915883832436,0.902993454394357
1.84447802684718,1.05047673699078
1.83852916228586,1.04934867854406
1.834113040769,0.993318708599103
1.63388128845673,0.937250647369828
1.90225411768063,1.1176216971879
1.84742490634067,1.04392794818732
2.01623693138917,1.07006848485741
2.08541688866907,1.15229938000304
1.74441259526313,0.981569068210456
1.78387442572483,1.07096604468221
1.82626061745425,1.0521049017858
1.7777036720009,1.06077099358046
1.56958529015751,0.917159023231056
1.65565459953823,0.951441603674007
1.71014859400313,0.871689163803125
1.84770126782435,1.09404549384126
1.82504156341737,1.024043652488
1.95352672759226,1.09160527195201
1.89720908199252,1.05703206933418
1.51148259512212,0.934121219019909
1.68061982705115,0.962036965012621
1.82467690517633,1.07712166577806
1.69612143515029,0.952557241488208
1.68027986651436,0.96528872455636
1.52926949857219,0.923004708010166
1.84247155380394,0.899892929560116
1.8580643045737,1.05957314923763
1.79285089835802,1.10734010457802
1.55705994554482,0.946113950504923
1.98164024183757,1.03455588995139
1.668076227805,1.03173749450256
1.89648826355984,1.06925169889963
1.71284157472478,0.958370576479567
1.66138326742955,1.01872970113129
1.98691339355297,1.0672336086241
1.31419142918003,0.872802096046419
1.72936671251359,0.975168284317808
1.53282892233765,0.90840905523209
1.62640310022078,1.02453404406663
1.89839709219399,1.06132284033855
1.73834726937472,0.968259638915134
2.07592974351702,1.14048828607012
1.8005528104922,1.00450624236236
1.92468301925839,1.0745470332567
2.07770378960912,1.15546406258527
1.75726038404914,1.06885898988399
2.05438335807321,1.03990500927266
1.5705024328082,0.97952468125121
1.74380146550408,0.959459023295289
1.81122433135864,0.977309867801226
1.58328821157216,0.935217601531034
1.77160168305008,0.938298945382349
1.71066774932741,0.917372029331526
1.76038519241219,0.933217443145722
1.83583020061549,1.06562698149515
1.69151245321365,0.987946813897264
1.72817661828181,1.00722904469066
1.72602037946362,0.960863501004848
1.62470220428486,0.83984002158087
1.95677940181213,1.06660642348618
1.73451154481335,0.934186785780559
2.01007413539703,1.11567275656801
1.63198115687312,0.970086836375289
1.94329015211381,1.06387219382699
1.83646137586864,0.966751224164454
1.56654158963896,0.9717802732465
1.41486271807395,0.829503167358272
1.69473553630056,1.00565459251986
1.94771575009643,1.05608958203502
2.12076574622073,1.17286625523168
1.87694153415795,1.03419287033106
1.81290913611887,0.987360019364924
2.02963791095875,1.09099296876594
1.5068983605475,0.992127490661027
1.94751126557316,1.12280048819
1.85689376215982,1.05634733461206
2.02789046563241,1.18066181287752
1.90813611604997,1.01266716118352
1.77185940979146,1.01636928393573
1.34338245489504,0.89792696331409
1.58106470000372,1.00910382063944
1.93949982681894,1.08788737629535
1.96152254426827,1.06260759039217
1.85178691395848,1.0429759214394
1.20670780920877,0.769886168483297
1.5186430417159,0.87723188310394
1.86578077494667,1.04042571716664
1.7183637332187,1.00272533438987
1.67579726978811,0.975381385182784
1.68662073142891,0.972529747304514
1.84431356089545,1.02521526258442
2.11162038992166,1.22397427965631
1.77888276558317,1.01117047364231
1.99615749230339,1.11929321580241
1.64417158783345,0.964686417326718
1.97348426100637,1.10345312543927
1.69347510118754,0.975314404503485
1.75159703848732,1.00904757830833
1.88986518553146,1.13282501706013
1.52540418668811,0.941263123846497
1.74973261958052,0.996787840338435
1.65823784028677,0.974869942596585
1.95321336487759,1.0946873438383
1.87605729329784,1.03136338606472
2.03396849741367,1.1818631880634
1.36183332181776,0.839632827278511
1.87265017480076,1.05052701309353
1.7571720532685,1.01214247636798
1.79274010434454,1.11181537122342
1.65860255127739,0.952120216592359
1.88946834576211,1.04358055058639
1.49966293099352,0.884059777977208
1.95088208461609,1.08331492241743
1.96291270633659,1.13989154450682
1.77800757893312,0.990112999674662
1.68808974556991,0.840860713227117
1.80185080075233,1.04894441655994
1.52286867679157,0.873868927631793
1.94695484367729,1.03819486126039
1.71559542755971,1.07646697997111
1.69488119246288,0.902598951460368
1.70034500249621,0.978727735890532
2.02285529312639,1.11447203440805
1.47837331023415,0.963934488215012
1.87341438042641,0.986699459764341
1.89604509940852,1.06413974793936
1.95118949713686,1.07427353774979
1.79447880207051,1.0921442487557
1.92344924284767,1.10885640559692
1.74818600815088,1.05780457418249
1.88630466254902,1.03284879393776
1.8720632692698,0.965401511431391
1.76045934908624,0.974654374681239
2.03340216140051,1.12773354193793
1.65743526882304,0.878391550986304
1.70025323263662,0.959318661032411
1.85858294010142,1.02501551707478
1.69019041320674,0.964810400062935
1.59464365108692,0.923155350315853
1.79730994101506,1.05823836919994
1.73153363256144,0.993255579184817
1.83677652194326,1.01347058557869
1.8714432929199,1.05990648365912
1.74408639929224,1.00712976076476
1.91757781341493,1.11829332260303
1.70501898483867,0.987654344704705
1.88450935867312,1.0477379324839
1.85067119694143,1.10035747685123
1.65738850554715,0.931091559202575
1.96441360372393,0.981028772495084
1.70426919570903,0.866167658174301
1.7687896361149,1.08216607897889
1.71637908544775,1.02119905907844
1.83653100481856,1.00524319089197
1.65192779701173,0.859614634364679
1.87074377884585,1.04698023336413
1.98905436202796,1.12280514718499
1.94988331659871,1.07451391127657
1.75330530943493,1.03069714861381
2.00532990034784,1.11154896051028
1.85747180032276,1.0374921331619
1.76479816103496,0.991186062179575
1.59643840734355,0.853524786867488
1.70534129391205,0.959396173110957
1.82179811296642,0.987945419844629
1.67355174468315,1.00343459016918
1.7837634667562,1.02492968688327
2.00712962308339,1.10131324867442
1.89125736659854,1.05284955790268
1.72417007045209,0.926100566091648
1.93931368967318,1.11846949147446
1.49028942627553,0.968158891646922
1.78251989301542,1.0515333651361
1.91199602590182,1.07253244086111
1.7033407699854,0.986010369157244
1.7817162999374,0.948118594281033
1.67320945252563,0.970520315824903
1.86004875644939,1.08971363595733
1.78272954290494,0.97011575225134
1.67277884862661,1.02398337308334
1.69534939371646,1.04541512117353
1.60867290618572,0.909033179477836
1.84740558899202,1.11319365153079
2.01697029601805,1.10130106872495
1.74304257343725,1.0121370199979
1.67851296379719,0.900396683374724
1.69545078225818,0.965549986372952
1.67890277846849,0.903332769953561
1.63540109199973,1.051457146281
1.75543950992298,1.04772329941217
1.81098350115617,1.11782125755247
1.88925130722478,1.03537547426871
1.60177018754394,0.96912341466687
1.77890768614472,1.0268494085596
1.71317790266227,1.05822133206458
1.5436078866748,0.955934744987792
1.93423299156254,1.00816490739279
1.84198875170489,0.964408980578669
1.74370485148996,0.898176042001339
1.70577670325945,0.975850779530048
1.69000388700492,0.968001246268878
1.62098952408884,0.891392857558004
1.73204201153936,0.977613215058992
1.89327382779534,1.03404377765814
1.81068117851316,1.07359507776758
1.798024925025,1.02517009734718
1.80459713408856,0.951643143751327
1.63963067532737,0.970353369243352
1.91293701371933,1.10880827151794
1.82356046654346,1.01057973043196
1.8410644784066,1.03307430768128
1.88728762099532,1.0576121660457
1.67554761048459,1.00658793954121
1.75325519705725,0.960832106193555
2.04778664997181,1.10008922496365
1.90163733527612,1.11633224218105
1.92835015918675,1.04150254628285
1.79540557796335,0.938884181696259
1.84624977915844,1.0088600459213
1.36004352574722,0.829521765156145
1.66127183742618,0.98341517256911
1.85404959553353,1.08873023758239
1.86895424313077,1.04068999076724
2.02128882263692,1.13419998714595
1.73279632898573,1.02344079336722
1.79170381476569,0.964566112691646
2.02347901615288,1.14054548461913
1.83554978037017,1.02735737970326
1.6537093937379,1.06417592079102
1.66656626712482,0.936689610620142
1.45124511855833,0.911457219236035
1.64727679055073,0.969439097816325
1.569991812383,0.971425193184838
1.99219754794458,1.07097454038162
1.67050589336165,0.891167921664195
1.63090797331534,0.981544726379999
1.67174099293207,1.04787169803826
1.88210176824221,1.16999914674679
1.47801265013067,0.806518695763872
1.82090720351183,1.03156161710248
1.71160034655727,0.991313515854446
1.78419469071101,0.909002584341327
1.63713168056906,0.951269040000154
1.93129886604607,1.08071373132007
1.72807330197581,0.868812756570295
1.45936448346781,0.930996640937193
2.02917837622973,1.07579513397663
1.93385202952439,1.0787440868436
1.71117116678046,0.89859708965701
1.83024680208565,1.00365700388945
2.06586907481012,1.06577238879741
1.62971367974968,0.949182454779589
1.57220602487436,0.854547335287039
1.93566960372785,1.06571985614074
1.77393994883609,0.981641734963823
1.96491166070554,1.06184411291029
1.98464902544647,1.09540160481764
1.73049750260151,0.967357842536793
1.86981081132619,0.972085338021017
1.86981435229615,1.07689355230484
1.67030971674868,1.01563367601701
1.81973982215446,1.0302175436612
1.743074086686,1.02648852411968
1.95732722697172,1.07764428328025
1.84499057530574,1.04350486115975
1.857923601772,1.17804091445875
1.90399351756242,1.09206817703876
1.75837104051127,1.02133158717276
1.91821295855901,1.14052519512815
1.51115751492241,0.804199142320764
1.8790961008194,1.02043486567167
1.78543960043543,0.979027926208146
1.71861082569123,1.02671790235115
1.98438222102246,1.06984306251793
1.71800977532196,0.997910818551466
1.90510697703172,1.07875419880954
1.80017933866122,1.04123565025366
1.597631963138,0.835869138354622
1.62718212408525,0.959733897370882
1.61865165048831,0.946808138665134
1.69291348599166,1.01920281875382
1.58004552537674,0.94719985559355
1.87237176855099,1.08100726201549
1.69874177566547,1.02692058028892
2.06849787555075,1.10441183528462
1.85786377444456,1.0057944115395
1.80871846250062,1.13416942956052
1.57780719126954,0.931527240046967
1.72068232742231,0.991059282694913
1.91279511115196,1.01380475212122
1.71838590133813,0.965022080810041
1.866920244535,0.988600058269517
2.06769416814272,1.11188182226691
1.97247048909084,1.04826224916098
1.94078295463021,1.07523525783439
1.92635587700511,1.07185475869455
1.92386083786966,1.07090251717911
1.71714155369573,0.939942580969512
2.09676506998194,1.15256071265659
1.83537862881649,1.0350631497854
1.73755121648544,1.02900437265225
1.85124973312409,1.07972078227658
1.87164789343509,1.10908108295926
1.91268328583414,1.05362473825013
1.81823563607282,1.11120134284006
1.79479330122414,0.996272912659474
1.90629460431861,1.04722888082947
1.8175972189676,0.993235423957636
1.94788399974675,1.12990644903219
1.93017717330961,1.04009510950376
1.96021484180626,1.01797699576078
1.78823346675804,1.01163164228106
1.88338495887175,1.1367520960746
1.5691304522125,0.952739922186082
1.48599743020996,0.910996856339853
1.78037355421297,1.02222652619947
1.654443785446,0.950827300999469
1.64200101295822,0.923655372604539
1.70994322955222,0.981070633260905
1.71738329496333,0.962629151702152
1.95381141863211,1.04817018709742
1.77886223490042,1.03260820958879
1.87020838240903,1.04821479414245
1.83197467343404,1.02344492016568
1.75858566997375,1.00937637039465
1.92174393070936,1.08901936115801
2.05862027649594,1.08316934774494
1.63264079689681,0.953368451460038
1.70615403478979,1.03505258694482
1.69144356880026,0.997994639748652
1.55266287055554,0.886653964588066
1.84471619512388,1.02511114160416
1.62017609123321,0.954936217878419
1.66319381648185,0.833337426863257
1.83230621292333,1.09328584755007
1.65691585819816,1.10419391984823
1.9771347076254,1.08930178766283
1.87858995583122,1.12119134977555
2.04004227539726,1.1083858044866
1.77302408481755,1.01743392855826
1.76366898155392,1.03506029609629
2.08558929341347,1.19101365467514
1.70451552547745,1.02086205440475
1.71144238194041,1.01654991086724
1.67256349186045,0.955437055407076
1.81994514484716,1.03813975494528
1.8233627347726,1.05890900413823
1.87407940935367,1.02987848567052
1.97298500629608,1.00028051402041
1.75925932620799,1.00150821163097
1.71776001656519,0.982665977218991
1.64555159443193,0.946357573678542
1.81898542422025,1.0797671643928
1.95204041023173,1.08760881910353
1.69913383388414,0.948415648218639
1.570009966484,0.817389914898135
1.89016388716934,1.0761957259949
1.66102434685169,0.9772322556517
1.66330562785851,0.916484849230756
1.85440965883735,1.00828752675887
1.9207829282285,1.10738797790946
1.92667902236424,1.06490749477092
1.69944838425229,0.930552185693794
1.69783024840641,1.07764399630733
1.89250670181335,1.07376286342496
1.44980287888943,0.832374763311036
1.59115389609155,0.946914750242387
1.67052837304609,0.908202467304876
1.86919535574712,1.05221282907025
1.73465033338285,0.963807572283323
1.41988837039415,0.907626635829118
1.66473954351658,0.943052972725028
1.8999706273928,1.05049572822643
1.99383457554514,1.02187754914258
1.78054823566519,0.893386748294258
1.77167287005264,1.07034568515934
1.54834664038873,0.876874471475105
1.91865591668814,1.1068884806846
1.73355473004313,0.941928651012192
1.53612364647798,0.907161731459443
1.70687944631127,0.971941535132148
1.86836028666148,0.998131693730768
1.75926350589149,0.974489982215088
1.73685144367787,0.966549548561416
1.57728236954507,0.926592505182119
1.87701868283064,1.03109771543904
1.7716662562742,0.970078469762166
1.66275641181662,0.95529819667772
1.7251048076979,0.971412610840604
1.79533912444387,0.995229748271415
1.67807033825687,0.91635596028144
1.72454331982508,0.970626507537267
1.93570889685985,1.10584863059376
1.98501278212498,1.03412301568346
1.69403937885593,0.92279157246393
1.6887029809923,0.970841976181494
1.85638732781188,1.01784863251822
2.11704901687396,1.06677617259059
1.8540217122725,1.10929116809839
1.86979859720223,1.06991911602016
1.47861610408358,0.956373734629441
1.62443445218172,0.957260859475023
1.89238068627022,1.06242482474735
1.64740621162648,0.936751946020645
1.6122186913377,0.890577139319982
2.01110257715189,1.11202840344528
1.70049174885021,1.0657738812232
1.83293316381935,1.04870784508613
1.91721015896069,1.14549570792245
1.95026884594716,0.992968648995775
1.59249906333046,0.967251431508889
1.66523216433639,0.898984331435787
1.72315800263634,0.884550154989786
1.65478489540947,0.950193586143744
1.78576116656499,1.01718605954982
1.56165046651978,0.922597375938664
1.51005254291511,0.985014560479098
1.91498063886186,1.08239012884333
2.10701513883133,1.11860559050414
1.6253851115989,0.936708852572403
1.88830560222984,1.12606890014104
1.77238086673256,1.07357286327254
2.03212271116435,1.17067724129589
1.88949783672184,1.06245549916056
1.83895191043778,0.999381882966448
1.6044175025826,0.962221745635397
1.63828402210157,0.975829838549076
1.60773842578341,0.970497893311591
1.79815421731702,1.05507194658667
1.70836441069707,1.05641786132842
1.74654247162886,1.04442296864148
1.79373001539973,1.02379612885791
1.84876773415556,1.00647605707259
1.33069600767191,0.877029371819787
1.63248223471637,0.959238203789804
1.90490085359329,1.04681940159658
1.99077108316041,1.09887766478468
1.71221111038756,0.881819696571709
1.78082679376182,0.987826597281909
1.60954956751517,0.934452755113352
1.64344341986468,1.03876092779599
1.87639367759761,1.01231573937508
1.75545304484102,1.0811580125453
1.70981870184227,0.997781415324046
1.80169656047986,1.03644557710906
1.78595523192455,1.03672931546842
1.89360363904483,1.03651603219093
1.67908698952689,0.986046830839619
1.71485207511256,0.980424475515669
1.74741664140577,0.995627262840156
1.39092890657391,0.87440660224955
1.93279507966476,1.03822381480125
2.01362024947512,1.11425899357742
1.95798058634099,1.02215714934273
1.81306821305648,0.985830156080784
1.8869764544768,1.10908053535599
1.90680606944971,1.02611402189691
2.06202140731514,1.16882009304506
1.84372198118847,1.0315520338443
2.00534742979989,1.1324861709186
1.75682571126458,0.987023950600376
1.7755701357225,1.03847424599894
1.50052828532798,0.861411904218114
1.59972086090355,0.987549214430355
1.44154899003297,0.780536373457639
1.7235868452776,0.982811356263055
1.84599121664691,1.07255395067285
1.90005876985512,1.08638300939666
1.68533515234174,0.998551938689104
1.97759092616382,1.12555297699022
1.81232896761806,1.08087675012569
1.57273832026466,0.946448808087064
1.65597856860655,0.978746504907998
1.66883682867497,0.978187281149536
1.60073820451802,0.991599620990754
1.79373227903231,0.973056254848468
2.0550587491271,1.088287980294
1.71935881736299,0.932890106568688
1.88254518031706,1.10625613673928
1.78058431731023,1.01328908416496
1.76868619051823,0.957647358157054
1.80594732909028,1.04493133906079
1.96688479524672,1.07368528408328
1.7864747491441,1.01932836489612
1.57629835378898,0.818772359181853
1.68464582578363,0.962699730842528
1.95128345432352,1.07038099772285
1.83273876809549,1.03638183543252
1.57995867428908,0.989680204058973
1.59894657780088,0.916625538805289
1.79018178130386,1.02805558702893
1.77059404870711,0.990932383410637
1.64936433535836,0.960027941375932
1.78325544569343,1.02871824230592
1.99234993291633,1.1139854008309
1.81587577685306,0.997157357219492
1.92066473363667,1.15529354946494
1.76172974431932,1.04430355150045
1.74398431587854,1.01986021658963
1.84207020878067,0.979987826507247
1.73736221782591,0.981632257387272
1.90018548181961,1.03789316738496
1.85627042409837,1.09659814130185
1.59274400080259,0.938156137819333
1.48123139436307,0.948189797100928
1.8636997285998,1.02119088189127
1.71278685769897,0.918014883342939
1.80180407212694,1.01089651149539
1.76907626477229,0.955112974974666
1.89647393972888,1.02718309914235
1.81789032059082,1.05065952655894
1.70570889304021,0.996243318988138
1.72514934917544,0.998390410972066
2.00522757785798,1.08687879435942
1.82409082363238,1.06242723143555
1.71275350589119,0.91482306675936
1.95372103570932,1.04181456447126
1.72279106700773,0.928975446449893
1.89541358550749,1.05540121338232
1.84427513861116,1.0441637723471
1.77730395005494,1.08997258264985
2.07843479604841,1.13105376815337
1.73730337620273,0.955202370409652
1.80279145325866,0.968456773463099
1.66236190772114,0.918020689506749
1.78316146913238,0.980984203463116
1.9327110906915,1.04692971740973
1.55148358434733,0.953854510340234
1.69575602579719,0.890297306119503
1.87863667033552,1.02510651153271
1.5736644771172,0.872617260968248
1.92359311030429,0.988719015489468
1.79396166523638,1.02525968544274
1.40761906896128,0.858229490356762
1.93748832408845,1.03707177836626
1.80139452417007,1.02448839930608
2.01105649824096,1.12768731876934
1.98777876939267,1.07835618513017
1.73116556450212,0.981945910354515
1.73253365030945,0.978121652584068
1.83310905663105,1.15912284276627
1.98202298716051,1.08051469678312
1.88217579573037,1.04798414488128
1.88014639937667,0.982227138136323
1.89977146332318,1.03124792607379
1.49381175562891,0.97369043040966
1.74701181646239,0.959249379582039
1.73158648128014,0.948186625197562
1.73753562734039,1.00051442342731
1.52083346740039,0.981480174916062
1.66233651575549,0.997837315759698
1.87948779338674,1.09186408267919
1.76050385192891,1.03133929279287
1.85807169900807,1.05629905925514
1.87003982535991,1.06955285211753
1.65212003503795,1.00954059724428
1.63338436879133,0.957687133601891
1.71683956528987,1.05734768678853
1.78569751282448,0.927321022165768
1.99368894729047,1.10551703613932
1.70012417356264,0.993964144599278
1.82019444560309,1.00219770144578
1.67584064087715,0.96917080518291
1.7586200363542,1.03815812694299
1.81291647619974,1.12455235322889
1.96988794979303,1.09065198094183
1.86903365148893,1.1173550512775
1.74847958054435,0.938254516352512
1.44392838398522,0.935665636966002
1.81719571352206,1.07669814224523
1.91324074978899,1.06454140902531
1.68002392032572,0.967275892235812
1.38629300320992,0.799947555232658
1.64676016360094,0.948712015610787
1.80387337666998,0.981374571378421
1.9496308129838,1.08381538883638
1.95733462453412,1.0565015951502
2.02570539159606,1.10773245989854
1.96383717944988,1.05068241709855
1.8892813972173,1.05271321765809
2.01354459514437,1.13981810484534
1.81391338703671,0.991419249559505
1.87467327668216,0.965748684746437
1.57433499568864,0.863527794811168
2.04003407975528,1.12245959927871
2.08470181728269,1.11552197580387
1.88094352638044,1.029024675453
1.85290902832868,1.04125047013938
1.89101490685353,1.05090725832988
1.55447594327992,0.939094250408964
1.61900908188727,0.880467813160364
1.98516563689681,1.09999444323493
1.70321325587865,0.839936066259395
1.8133105497939,1.03581013144836
1.83917310201971,0.995364768685868
1.94807364829282,1.03737035049239
1.68898970448149,0.878490837502881
1.81804227541066,1.00780481377261
1.66764466155944,0.938090169232705
1.61369714385708,0.831719397688965
1.71311810979682,0.950407874164677
1.98903761458837,1.06439548492187
1.81038018422103,0.987880700846506
1.88271712146784,1.0581130159565
1.60224632854646,0.921772882570752
1.8522775867909,1.04302069111315
1.79921148184268,1.01373583122622
1.98946300478866,1.09203242406726
1.80406766174122,1.03587487707803
2.05685210261722,1.10440699588621
2.18657345394575,1.22145179352004
1.68153314695719,0.915581383921123
1.70319932931886,0.950363615055479
1.95796936413167,1.14610696895477
1.73262229714969,0.917801022114501
1.6240502452583,0.910502238680489
1.57912695389872,0.90745157409472
1.69497536964021,0.9820760396552
1.60601839400922,0.974834213795824
1.87426836409387,1.02600878784654
1.85189388749945,0.916992731473245
2.02853799595169,1.19343242293765
1.77805191623767,1.01949490098167
1.53007125697155,0.973430782271605
1.90191637395257,1.05195671876925
1.76084590325592,0.9074776278692
1.69289804836705,0.953527661654847
1.73316136438551,1.07461483540251
1.89110124782918,1.18120297442117
1.71634739130514,0.96343742328114
1.9229488722003,1.05721615405182
1.93585914456262,0.991934578415978
2.16644590502155,1.18004259116207
1.81718702844266,1.09578503222063
1.85359037158318,1.00398982208024
1.55863553769194,0.927054327885741
1.76284453578913,1.02758311375253
1.80209658562441,1.01249749926131
1.62854923673106,0.983790896104044
1.79578250233312,0.988943409004755
1.87478834224377,1.02723160563879
2.09775247570232,1.15638566260618
1.96445489609876,1.07065518307807
1.69033874211031,0.964744977319707
1.84802709090483,1.05242642123719
1.89104967636766,1.0674954852094
1.86412293306509,1.0107385987895
1.89233610831157,0.941634643784971
1.946884211842,1.05196113107472
1.84118255443501,1.00719559216277
1.91293473063775,1.01043248759401
1.76137847122477,0.92784427625073
1.94047210774212,1.15117001960449
1.65611724143391,0.983543420305489
1.60250290814854,0.884997744671382
1.88586403213906,1.07859170196068
1.74530914179567,0.969699064512785
1.72663939882734,0.973014664192878
1.55617548956997,0.906101770730137
1.84119155436185,1.08717833613354
1.80591166216497,1.05173954982488
1.93797407604931,1.06602148346958
1.86092716412577,1.06891449989805
1.87088612140639,1.00658015789696
1.73927290290388,0.990403881028812
1.94162172629207,1.15406981557361
1.92023333305872,1.06082609591679
1.91204319018576,1.05850214015642
1.63531308969331,0.995045962974015
1.9144356556267,1.07143548751851
1.75777516898626,0.99413667654592
2.00656625020229,1.03872757505461
1.84783501534512,1.0529966653226
1.77684747013957,1.05876763535879
1.92777917967442,1.03351996576153
1.88924878698103,0.971765378538056
1.65760937268755,0.936056993922812
1.66428314811105,0.978099261902292
1.53905648695555,0.863088641570366
1.75684401605013,0.972856550251776
1.91024143389194,1.03729293412998
1.62824628686368,0.951008880661705
1.59087069979528,0.854661871019451
1.77253514098346,0.998859865518933
1.80306529403552,1.03790314587258
1.73373924692774,0.994615530159453
2.0610123435495,1.14780314368086
1.76463314714122,0.95106762333026
1.72680176623357,0.985187633057852
1.8031781070848,1.02738351125959
1.69580602180753,0.930118315822075
1.62886824266201,0.864692816196485
1.61239646154608,0.997370030082847
1.92989874845686,1.09376041076446
1.88080987425605,1.03144568726201
1.51183345347585,0.868599073479984
1.68952484748208,1.01977761938004
1.98331741214613,1.08880018421357
1.75587557975321,1.01090236215596
1.70342801006397,0.971382757772342
1.82999580341371,0.957600706484187
1.81303330363728,0.956999342326275
1.66478842569836,0.953267115215361
1.84608501785637,1.03774936138615
2.00873893699833,1.08321932787796
1.96545914532328,1.10347498424606
1.72086599819427,0.938116263643787
1.66510682484187,0.930307894448747
1.8626246242205,1.0910495402726
1.76984946489984,1.04015644835009
1.49842185633517,0.800704694005909
1.72460948679182,1.08718672408779
1.66550356255834,1.01498432810449
1.99964984143472,1.07179023884687
1.55696597654469,0.933840841950818
1.85306982286424,1.08512368206648
1.93239573195025,1.09387252408082
1.8239294054982,0.970012636750253
1.52424247518698,0.981137186033348
1.86831447341159,1.04704030520575
1.78134827313763,0.97850265469421
1.5864173203965,0.860561834680652
1.71820490017225,0.983243243818148
1.97337952153098,1.09666587081841
1.68632631978364,1.00414441460995
2.03714998347548,1.12581079070408
1.68801012633588,0.919544552153755
1.96909583345661,1.08000368792729
1.70523830562031,1.00641058447301
1.71838762894548,0.966670406610422
1.7604463212713,1.14210095620406
1.95875621081923,1.09757774302186
1.9056689775117,1.01061405112738
1.82471376378236,1.00391380122139
1.81906249289453,1.04499945892521
1.80599509375479,1.02709006792867
2.0547407709696,1.09564236755406
1.59684611504317,0.877221137340219
1.67083151088595,0.882287980215424
1.70294284493839,1.01016323705996
1.6990873589333,0.922762215742739
1.93258261773663,1.08048064359158
1.74203586960703,1.0232909502501
1.83106966546235,1.04495490889504
1.786756338373,0.998244964286592
1.73772802234979,0.988115364659392
1.75626786833644,1.01443913245261
1.86482119977911,1.02856962997712
1.81982715302139,0.988728252661346
1.31577901815346,0.880923617055555
1.58785049809743,0.924841957361942
1.78186829050722,1.16163004732546
1.67581202999322,0.987139173560798
1.99516473813374,1.14857323580701
1.79137102924485,0.97418876999604
1.92139920910227,1.07031295481696
1.91447155837134,1.05120119822635
1.59074789916498,1.06300740096121
1.8406500780177,1.08464537437432
1.86015003726788,1.05067174083659
1.63965558773983,0.943454486844355
1.55898442994874,0.893341981621394
1.67157367223691,1.02251641102553
2.06113070676655,1.09854940262224
1.68038315621099,0.951616907696403
1.95574381761908,1.07397988596867
1.65340851139914,0.82078044390887
1.67739731629169,0.975073801668651
1.63659245251648,0.894471599393099
1.60878975494952,0.884587074882508
1.62378174927666,0.971252486960698
1.86012635910874,1.02794460138921
1.74827485484341,1.05158509930401
1.90801801032883,1.04160847703558
1.50558386466834,1.02041290396948
1.74610674295527,0.913184617730936
2.13308507234605,1.13078335611106
1.68696512343114,0.949598028744299
1.86473684539427,1.05039526444232
1.7927651310903,1.03980417629718
1.97166400029535,1.0858776685873
1.89612235297745,1.06246327059418
1.81454803216767,1.04077844786717
1.86464088621788,1.02668783140308
1.5470037593394,0.815135887199451
1.76700618166343,1.01474362368491
1.93475836863324,1.03726207759353
1.63181888395877,1.03940990721305
1.56987087870226,0.911871877204667
1.85993826286746,0.993105221160096
1.61228985133897,0.98531537401579
1.52483342714428,0.854393178358633
1.63124335057679,0.953531766116091
1.59160228648383,0.771044472259055
1.82976368081999,1.01168669969242
2.00416078145307,1.05634371713181
1.8109814042443,0.935197445128013
1.84773749216877,0.997943789661007
2.09442443603375,1.09865807849012
1.87578654930065,1.02575556556528
1.80119990017859,1.01664625060798
1.65872950713649,0.93853365611471
1.97802056568242,1.02315290333672
1.6096984129187,0.941042884628077
1.81982299791731,1.03236889909936
1.70894476003807,1.0128076105896
1.68897774034249,0.988935368748858
1.89953893586259,1.08344867381105
1.85133577003323,1.04749711444211
2.09670584888342,1.19792263060597
1.78113465156769,1.06328613798934
1.96296586072073,1.11252056110804
1.90807556083785,1.02923094077694
1.58343012379261,0.951170613443444
1.42746110349414,0.750907277923474
1.81260765146918,0.961547658648834
1.74824618928642,0.966811621247625
1.77838418588301,1.02091987776388
2.09361285640311,1.05836191472842
2.02832939419203,1.03451015879604
1.80569631554772,1.01736553040061
1.62094514382764,0.93716073412872
1.18809936053937,0.796672948607356
1.89039476456937,1.01827824423098
1.88753764121933,1.02222698454591
1.75006784887915,1.00885747665067
1.75808862062935,1.0254413595715
1.50891913335525,0.850517765903995
1.87358917979409,1.00592031480019
1.69576617306476,0.963591141975353
1.89501821108834,1.05316287732984
1.68839931768973,1.07199399336357
1.65415285411539,1.0012594786255
1.54849403395933,0.835008667225186
1.69829427825796,0.980885525070356
1.73567566006511,0.931380253527647
1.57127495255987,0.840994027144588
1.5408514763103,0.940731874489334
1.91258345083298,1.04169478560056
2.0409031941219,1.05868555200715
1.68369571511234,1.09423997987011
1.75757180344023,0.985773333240454
2.06188369548112,1.13308493916175
2.02353127251317,1.11351621365309
1.8046035196053,0.980972822307048
1.8058364878537,1.06467489917417
1.74431928936511,0.980721800047563
1.91470608791858,1.12812809291408
1.75109787150459,0.951266571521698
1.8939402242679,1.0882663244547
1.96898406177161,1.08866840460357
1.83194845515598,1.04389559632182
1.8262169516806,0.925816419158832
1.82091302604678,0.997954388805031
1.70728151234482,1.01677830143668
1.7545563209563,1.01389705717012
1.77211513593407,1.04215882813775
1.93703517895278,1.00166542389463
1.50242123166975,0.845727730989352
1.93550812443101,1.0936755511283
1.67198160410673,1.0052239268926
1.69212853232988,0.867412474744203
1.45775167688118,0.82842027822712
1.83677552121897,0.960468859267294
1.64714273675694,0.964600975154775
1.88539292357077,1.05499707509336
1.6512795327489,0.918974694548667
1.87808441034707,1.13093647966933
2.12402878387208,1.10857244568273
1.84265698341649,1.0185746631939
1.94848515980118,1.04092984953009
1.45921289583581,0.9221697061862
1.97030452049503,1.13005534837622
1.7358250684529,0.955390150896016
1.76231004597655,1.02833405903
1.58469004302985,0.964529527914807
1.89325765355539,1.0183887422435
1.74967215253891,0.991530088019674
1.66638119405889,1.01080108661406
1.75072436453851,0.964573835122967
1.7040289470648,1.00734360347334
1.8810751482069,1.03234928719327
1.81345446969286,0.981664249749083
1.96921335853417,1.0778185034514
1.66859044959702,0.930279141566285
1.70639134499469,0.934439124117641
1.8749038041848,1.05628924436274
1.91531517938292,1.05409302107797
1.791407858943,1.03157142158449
1.75292325911421,0.996844697402872
1.75977147171017,1.01681631543346
1.96836050454447,1.11822726755982
1.7715686714811,0.960436811376193
1.95469229688562,1.02746895665161
1.8321196835465,0.932883557000784
1.76062966907535,0.943219695869142
1.60419525343872,0.997818351142506
1.86845149027433,0.947993417433165
1.73463191893354,1.05695057518454
1.94500130020767,1.07700376164288
1.92908631507213,1.10114493549185
1.68086033062935,0.955153748852116
1.9381250416234,1.09652586662087
1.93786125387352,1.03124390671466
1.84026923523236,1.0479046814396
1.93295342294614,1.08167106191971
1.69882345494546,0.976363137825085
1.66383210827893,0.915480716431095
1.89914210994305,0.941352143182309
2.05368197045889,1.13510533865318
1.74537096382531,0.952565020683039
1.78903743659381,1.00828830826458
1.84224742747649,1.06235931869669
1.90601129556887,1.08310742849242
1.59233536544588,0.883697014208287
2.07024203206737,1.15333209742836
1.8900154944329,1.03982969976461
1.98811209866959,1.04664921467779
1.93570615761372,1.08569203831549
1.83790601463135,1.02064113532106
1.73547909367277,1.02576609260034
1.85816347370841,1.04317718839182
1.93385338039669,1.09212630903229
1.51591727216873,0.924298765244801
1.67942249379381,0.93620695964564
1.76656481229817,1.00021565373965
1.74751318224844,1.02032011416445
1.62582492263193,0.956275829923332
1.91549873201104,1.07128632187795
1.75945349500467,0.991010585764776
1.62269143198483,0.927937683788155
1.78358634204556,1.06724184252163
1.62696307940734,0.979869822903047
1.89144310872218,1.07906375908598
1.5893948575047,0.803229138987101
1.66948265179354,0.916544159846792
1.67679665099698,0.98925382732243
1.8421753298063,1.03256797953536
1.9163104704224,1.0509612475142
1.83156564972863,1.0624189234308
1.88275575789676,1.04847893607742
1.80299624394882,1.03058118733155
1.82397890138726,0.951415861212923
1.9036176782083,1.00295868301222
1.6918388942136,0.975205150673692
1.70520481067113,0.962081375416618
1.92767508826544,1.04811062642311
1.69369037342297,0.964448760223267
1.62676328466185,0.924079892138376
1.71215826765547,1.0066547204914
1.35077973373031,0.883072286238191
1.80384818966438,1.07123720009194
1.56959562107653,0.902155521911377
1.99348924689135,1.03807973136109
1.52001430690076,0.88032679494874
1.88298300579499,1.05286984079751
1.73799349373961,0.889928884307411
1.7201889880184,0.98522484384454
2.0798810209569,1.15211261881368
1.65650254702601,0.98972508418848
2.08043181921829,1.18402648456
1.5566216625796,0.973087105975802
1.71339540832607,0.973249407785786
1.84164476593367,1.04910980850181
1.71034867345333,0.989557294949074
1.7451334627119,1.03682655678056
1.93923130259949,1.05130937697326
2.09764287459542,1.10019504384391
1.85970242487405,0.994838763612452
1.92895828080191,1.10112018305091
1.86119627692926,0.948656709774873
1.85182607597871,0.982181389975082
1.89625285595061,1.03744364221556
1.67750464077973,0.919455835198262
1.64426360108585,0.942946797791829
1.90470735432907,1.08031514589935
1.6580701766985,0.952697433972934
1.80580797502102,1.01990675480381
1.98461085702586,1.07136447028728
1.73392098989822,1.02569383780227
1.78147665694542,0.988458119483375
2.01922833693111,1.10510191306298
1.84613499541156,1.04907905117291
1.62395128597002,0.941418813067743
1.32695171816307,0.880640012530557
1.67064738223467,0.867068507613201
1.69796035509291,1.10995139285412
1.78527088099021,0.999314134312367
1.58619657333496,0.917196050489139
1.67081706809502,1.05779707387856
1.71579477986022,0.9676472304769
1.82670776053856,1.01414633092306
2.02597827348514,1.0785636645477
1.93850747469516,1.10009643962592
1.60143110932322,0.986531121599851
2.15149231841879,1.13681514664738
1.7746477713386,1.01622295557059
1.76263788138547,1.01704296534823
1.6121640542659,0.990325149552262
1.53792464240704,0.90831363476055
1.6442752089756,0.954615299676288
1.96614655944606,1.09083639741964
1.74684659091103,0.858128925766288
1.84088901746914,1.05742554966394
1.75547253148008,0.981928582613866
1.7857367571595,1.00793409159345
1.75734917076963,0.962718724675952
1.6292567810925,0.950829576326846
1.71497634195744,0.955166301049637
1.63493711490305,0.967612669426639
1.90069233763835,1.03016170371473
1.5080745311066,0.943314189445573
1.71567895652208,0.923692278728583
1.61505194264129,0.922186381299314
1.62705984832547,0.965917351415684
2.04282930603559,1.11950608298025
1.7581344813837,0.90821396083117
2.03564199911477,1.04476121065231
1.96596083929736,1.10495836769673
1.84167733483647,1.05469743602851
2.09923453154526,1.16465917137929
1.82556628085195,1.06830657475829
1.85540979174615,1.00838758712221
2.14910904350475,1.16191773282913
1.81497123045307,1.01113455013088
1.67352871340502,0.93594388528637
1.7095440832575,0.98518923402576
1.57321296273826,0.871407984215646
1.98007274049159,1.08604610488201
1.92555561757658,1.03257713617471
1.70109795871277,0.930787374386795
1.25325970521667,0.83253391614058
1.52925642001047,0.887908387053807
1.79667199390395,0.9141007097005
1.56705076132318,0.884531160405213
1.69626624823895,0.911541138267647
1.70354959327577,1.04571553855572
1.74990971047795,1.0569042019352
1.86968559666581,0.986200033728699
1.67212592320369,1.05197408493817
1.73541505160717,0.964220801456647
1.76466673138871,0.992954021177052
1.98260582766189,1.06975595517187
1.67168130202805,0.970902431152752
1.88895419527005,0.984087103188062
1.77380944147985,1.01899165443072
1.74326895539764,0.935351641543834
1.86335928222295,0.944998305372972
1.64083873373457,0.973711248697507
1.67455191531895,0.888193733803859
1.58017243099687,0.930820145243554
2.11037363874766,1.17266320902906
1.82617510186842,1.02579711239927
1.72957234488504,0.989872932166648
1.51534447491545,0.858066820297367
1.77315297748955,1.0382050388068
1.82968117310835,1.03284647349284
1.62978605871417,0.953179785268839
1.85362051721899,1.03722213711041
1.66837906331436,0.871090676457673
1.81565099108983,0.996033925942856
1.74256089950378,1.05049701437548
1.84012816345501,0.995950311453591
1.94269149521948,1.10949029564527
1.64597867521556,0.982196769626157
1.54928954042238,0.813494782723974
1.75137279882472,1.03583892744812
2.0433620921683,0.939284934567972
1.82113346745497,1.08020442416863
1.86421379605846,1.01958821760859
1.92312766878748,1.05893504112003
1.6800784560297,0.995438180047063
1.71366356688012,1.026773235586
1.81972648055243,0.99740389449766
2.06476530767085,1.08875770172322
1.7308225604546,1.04292956675639
1.79959440481461,0.983533027037906
1.70097036486648,0.936067986957822
1.75599310135068,0.984759379618981
1.96574027379795,1.06672276465099
1.86526268320979,1.046459644604
1.75920285712119,1.00585480408896
1.94905089740181,1.04528605655918
1.73772733955229,1.00255448500984
1.68771947137256,0.922732664153908
1.79527282825709,1.07599952700555
1.79303831635682,1.02817059047729
1.72768497535076,0.981913325026231
1.58299082359851,0.906036801237691
1.99056718588574,1.08759320869214
1.93007319429138,1.15258483688201
1.98116941135418,1.05219147939264
1.96301479998743,1.10391202052965
1.61863426496317,0.95549033035451
2.02493284126971,1.06924726441058
1.68229694098843,1.06453944095158
1.7437275891058,0.981976693315424
1.61204878270595,0.969644626406775
1.70698823807455,1.01614014541728
1.81023126480574,0.997498678655948
1.94965936656067,1.19909521529278
1.93515516618423,1.05119279047446
1.81020622315108,0.978288955070381
1.7569117256663,1.04489017772783
1.94337052552444,1.10975138020658
1.5626785544901,0.868382031828274
1.94339997752502,1.10438131226486
1.79140505573378,1.12670165664352
1.72389403599112,1.01905706278175
1.73997902256336,1.0315999891649
1.70862513803103,0.991438141732761
1.84305724945496,1.0453669989129
1.78622827066647,0.998277378383925
1.54290719052094,0.897840043265803
1.6461695243464,0.900489336978962
1.94353218565985,1.13115476309858
1.61590122335588,1.00730173838898
1.71206487133285,0.960719366296127
1.75485790663966,0.971638826180421
1.8312815962857,1.02537539068279
1.77857401140507,0.996975068535734
2.06080962338303,1.11844752796967
1.65618295559813,0.940086566917832
1.73243947870578,0.976402140911467
1.82218595652147,1.06412731739624
1.53077016788787,0.946815901141081
1.96910150645728,1.09666728991835
1.9316021417064,1.14212773401575
1.64783427535291,0.930021912305278
1.88730630415937,1.08465237415379
1.69643532413514,1.02166077026137
1.92861287263846,1.0909033040801
1.65846679548795,1.05534367883581
1.73514309043103,0.959755163713561
1.97083068604315,1.11536634557205
1.89652236414238,0.993844512073335
1.91437109130943,1.080998954681
1.7474636661438,0.999360304853743
1.73284961398225,1.0024401658491
1.85708888740599,1.06005869552825
1.74559483941509,0.968737383515797
1.50253861538977,0.825472396492404
1.76514690895654,0.992047619644341
1.7066262420981,0.94558540871884
1.81376260514852,1.04945758550632
1.8766036271402,1.05474460502789
1.49680072888482,0.935329194841335
1.56734440962015,0.892107745777599
1.82618333391578,0.952998842069877
1.98832299859717,1.12229213884478
1.51657889460247,0.979704857329832
1.77775897170811,1.11877802709341
1.69706468795569,0.862247002344519
1.93882977977856,1.17754244834453
1.76187876205369,1.01169101215877
1.66501912195341,0.945441981965412
1.79142235831745,0.998059707312104
1.72336379987114,0.931344444613495
1.98213614344513,1.14925255667687
1.92674746218773,1.14933919917405
1.80910286898113,0.997752300988103
1.59910375942632,0.976114669244139
1.53559017434172,0.935428508203772
1.88826191221219,1.01078898717204
1.75345712773349,1.12774326774437
1.60561779849266,0.97268964605236
1.89371285705914,1.07059604249871
1.68891541102786,0.986208463887378
1.96770270242781,1.10373153937481
1.5760951827816,0.921687181268338
1.72057517751412,1.00223690133723
1.70982664457632,0.95200843181669
1.91854489520302,1.03641761856362
1.68630262074673,0.915980450514013
1.70658922428445,0.972275412953022
1.80763620044699,1.08514854931128
1.76823805038011,1.00067735118636
1.72088373973431,0.978835457455794
1.81087676565575,1.06864888705213
1.71501243100274,0.963397571739646
1.93138233319942,0.970960478005888
1.86560763014774,1.00928690966341
1.67846159053857,0.965851363863708
1.76682371941829,0.978426687117969
1.53662288194191,0.854653327683382
1.79653936899589,1.02505638987748
1.96916650904981,1.05274248072497
1.63968776990715,1.01070054123866
1.75147482170549,0.947022811825656
1.8463992246318,1.08369086123971
1.85242785443832,1.03556307595835
1.70873425704025,0.911297145823522
1.76904580732999,1.0355843758608
1.75037103031696,0.925784884446408
1.685030513544,0.897609914799734
1.4164388492634,0.945711312715528
1.72586582361893,0.942520288168614
1.89965071344621,1.0590147265901
1.66671231930333,0.999348594078487
1.70955493686402,0.898284296455675
1.63431572284996,1.03002141494307
1.83391413272393,0.992060329525947
1.78921454634777,0.964821505274585
1.7721890616625,1.07247289038997
1.91232415089654,1.07496685775405
1.68630401595113,0.933584378695615
1.67038341390159,0.986206975307716
1.89890320876739,1.0897614069692
1.97029473842591,1.08018127377221
1.68919094558947,0.962036557514351
1.77480483789474,0.924468341239836
1.70066022885846,0.998780114178181
1.93295975168782,1.00896988056122
1.80569951999215,1.00528537117986
1.9023589401218,1.00818369608056
1.53803479795753,0.822003829903634
1.83214490223512,1.04555249500085
1.63660618601149,0.892314898845221
1.70875505475033,0.999511270311632
1.99692611418315,1.11178404346508
1.81739128617393,1.00840921824784
2.0245658088402,1.07895747322154
1.55840404304175,0.926121731845639
1.82510093715363,1.06532657593735
1.84492663752638,0.935502611250868
1.88570045169721,1.06287505466941
2.12295453125151,1.13476709231997
1.67459395426259,0.949666576374861
1.81661204402779,1.03957121826644
1.55443903226327,0.901526290120079
1.82074138924078,1.01577612964481
1.73007108707216,0.943560917431608
2.01012144484465,1.17450866176238
1.91431888797295,1.03448788729649
1.57430934218527,0.999133085638163
1.78194800460663,1.1018125084529
1.79750361328154,1.01992280309921
1.40812014332722,0.922037127647835
1.42156660892464,0.866997149238815
1.72291565648358,1.01521411251936
2.0284413496078,1.081445766325
1.61206530648192,0.842337406962017
1.8727873416359,1.0022665795874
1.87419601259339,1.05240509072133
1.71500035056246,0.956530373800559
1.93537349127485,1.03180594538563
1.63212229986909,0.833781925558737
1.67769839181616,1.01672712546566
1.86469199682036,1.06272192358766
1.64569239172664,0.903364134131134
1.67817078711562,0.909344576243714
2.11717442241193,1.09681120314985
1.68679217810004,0.951269352462434
1.72349937300936,0.995823605859357
1.8083098500866,0.922317422447239
1.91030672570484,1.05474299942961
1.78438835392976,0.96496395088284
1.54975757312342,0.918582183501199
1.8426763680603,0.954596967939863
1.84650409855959,1.0255419811926
1.85707880663118,1.06591364592199
1.6179111528947,0.988832558991429
1.87982634146335,1.02472424800745
1.74557195796843,0.960118081137022
1.65887090919151,0.839087216758374
1.83353557343779,1.05077477910445
1.62932449590931,1.0126591602187
1.73144360416854,0.955137053029515
1.78053004126579,1.00833867600531
1.87698123218574,1.05473140429677
1.74502274704437,1.00984417772419
1.55715193197794,0.840896052624433
1.61205166034233,0.877796748110404
1.74569417690474,1.02430804751286
1.57533601892956,0.994075466194922
1.97194708839267,1.07495669405823
1.65442522443707,0.876459795820362
1.85504153694158,1.09051585183811
1.91237491639983,0.904614972693134
2.09075425636943,1.13304189596491
1.75793732333785,0.979488478766703
1.51643335342068,0.959504202319774
1.81884931801289,0.966087168885221
1.96367339789741,1.07286152151281
1.66709986552695,0.996848640509785
1.66527445977425,0.934402233225878
1.87054984701586,1.04953150134015
1.72709517316511,0.967060144593721
1.86391445265559,0.985851720501805
1.84417548269853,0.932449073011575
1.54157752450161,0.886172133623746
1.83358284843524,1.01095596575628
1.91600432059209,1.0365415310697
1.70555904960771,0.965444942667758
1.6402120529144,0.974127838650262
1.84725146593118,1.01522868731232
1.71859085322809,0.932785782978319
1.74882158860174,1.0176685691291
1.80955102548347,0.993066476052482
1.77771348807507,0.97893118131341
1.44046607937248,0.950745427777635
1.94490753203345,1.10327321587115
1.86199547770897,0.954927250982927
1.88522888430932,1.0493485893336
1.87535995363743,1.09512703198545
1.42252782610707,0.923910860571229
1.87169109224341,1.05348499557471
1.60074285349312,0.830494640138188
1.73293168172358,0.917512721933744
1.55247270113797,0.977947509468037
1.7125494304111,0.984642122239661
1.8435238443941,1.01982105778761
1.855132443594,1.04954616560167
1.93737389521264,1.08398901151882
1.6902044565448,0.976580465011814
1.49706712117925,0.813093342355251
1.54264877080544,0.825141165103475
1.76263626623148,0.989066069436993
1.59089746885355,0.894035955656005
1.70847659479598,0.990204458884385
1.99971728857756,1.09099293355044
1.80211777385295,0.959007911477872
1.92560106468566,1.06338509468759
1.84220217427686,1.06125623723766
1.6092289334432,0.950094728693117
1.72633573439869,0.981176440895476
1.7670874134884,0.960985366024498
1.68816017291733,0.955191019469318
1.67892991228787,0.939309246979752
1.93504458495371,1.03650389012505
2.07295740456521,1.10290947261715
1.88507079328482,1.08592725718009
1.62344981495838,0.991289228656544
1.91381849958147,1.14573278585753
1.83310699381372,1.02507835910534
1.81996620073012,1.06271492263236
1.60967155075814,0.993722027896929
1.9995608492262,1.08026443925346
1.7592522645075,0.953980294736332
1.9835280338043,1.08322064636466
1.76690852967681,1.04642834731004
2.18120143389289,1.1835753845844
1.76174658612031,0.944498516621945
1.75456535079071,1.01869755660713
1.65499703142888,0.945307286999781
1.59087539763846,0.814532579212032
1.93030579902754,0.999592077345617
1.68379194930806,0.937145672225133
1.84688159309902,1.02466433337809
1.83184842015155,0.991342153612332
1.93234641272726,1.06810573597384
1.51426540838023,0.927654108480398
1.93737158669208,1.08151863926333
1.56322820811942,0.922339634663252
1.57540567619326,0.970833994576884
1.59258474022456,0.864219379136683
2.02273018604334,1.09419043307635
1.8818359864396,1.0637887160173
1.74256107196413,1.00426378000506
1.8908687201259,1.06370066561634
1.71561472622611,1.02137074563054
1.75845593264096,1.00161211047573
1.87148469813196,0.892688352186616
1.70914097351575,1.02047766514438
1.85131582298695,1.04311974851659
1.99358173003228,0.999102039956201
1.74368316227884,0.993225971729265
1.70999669178514,0.967221143984863
1.6777866568158,0.973233786115303
1.71781107802503,0.905694380552016
1.826238274,1.01495182823929
1.65015422579822,0.910015890792547
1.75767947009867,1.07868862157366
2.06717517370263,1.14814934866927
1.82604353416475,1.12014407073966
1.72996161442652,1.00694911073584
1.88133747089035,1.11760874574718
1.80275342598969,0.998048052838175
1.81376802863133,1.05293233184371
1.65391245839848,0.856338007527651
1.85269384810301,1.04612131622518
1.72716247406703,0.995739595195085
1.96695956544929,1.09047592462125
2.03961191538255,1.14810709040162
1.73020162503447,0.99904070198853
2.00356418517131,1.17498706553375
1.78594009115247,1.03190682358532
1.77414836176822,1.01052528942508
1.65796501098477,1.06214697827129
1.68839282849968,0.98276565368875
1.67053424956859,0.951988205996518
1.91108868177812,1.08819167224434
1.86959356217847,1.06760034088499
1.67804970023371,0.988273096726741
1.64245981735427,0.947740990639743
1.78060267824908,0.991803418666654
1.69457411026247,0.920878017886374
1.82695091206577,1.08842271814145
1.88380066646712,0.976122922786112
1.81315388957727,1.04797333668647
1.88380048269995,1.10783248061057
1.92777169668097,1.05041429518696
1.68701369165114,0.96947628251716
1.75955485295829,0.970802338269331
1.58322876552477,0.996084481263681
1.63921870990023,1.02209687480043
1.57134181544518,0.953055795900524
1.70061502515428,0.99127233320992
1.67427341633872,0.93405896041599
1.6466687690447,0.988564620806019
1.8816090407994,1.01474499645493
1.88232575101537,1.03532297400578
1.75462083187681,0.953487117260148
1.64370868216921,0.927066665334928
1.70959922935748,1.01076592548502
1.72678629413521,1.03168479873616
1.75782884598626,0.960245451605702
1.60194815751873,0.954088433540764
2.06628395378015,1.13289247376172
1.59827442126153,0.895143070423925
1.82908018118596,0.974699946074211
1.93651925556846,1.06867833843014
1.60863709294527,1.02820347424283
1.80138680388556,1.05807390786418
1.91360717128108,1.0029070380995
1.54871536326202,0.83222140437523
1.71728920172862,1.05633312510948
1.82182689290087,1.04628597549754
1.97059759189018,1.06995617651278
1.69616768845245,0.983983819139892
1.7230398426623,1.01828638130041
1.85210868363213,1.05068720153571
1.96787143366321,1.0273675808687
1.68160679529407,0.935599046354106
1.76427381869326,1.12346182491295
1.50792135746153,0.827089721134526
1.61747416413365,0.987640935397562
1.7057918770094,0.949174605631065
1.91704878147178,1.10518403347418
1.70685697310899,0.94089380168755
1.74723003600575,1.04527232575238
1.69224520038363,0.991118867910962
1.91692414494872,1.05470495128659
1.98741781462522,1.12564412656416
1.4461427704782,0.891834312747866
1.69605521825597,0.862236155865702
1.8406786460341,0.9507549157658
1.71334540658358,1.00147724295128
1.8061549581646,1.02731492490137
1.7074851155536,1.01135379956724
2.01494945499163,1.15941969273538
1.66767050637337,0.975107002159695
2.10420293267083,1.04065689918778
1.97530403649699,1.11002005166696
1.9347140197151,1.11584953581192
1.69320410056574,0.934663922844343
1.50687326087528,0.877059732133697
1.90825160384425,1.01422724885865
1.6807058552272,1.00991706033716
1.97018244284112,1.02987540830706
1.65482693484514,0.884830196838505
1.87690352473452,0.999588894721684
2.04766604954105,1.12328780534915
1.85062237846148,1.03044028093319
1.46663555416425,0.889541970779022
1.588029613749,0.926682821283237
1.72439556530014,0.998293405950429
1.90441601018431,1.02701134940195
1.81797822231414,1.00209468770796
1.97908291843448,1.05967243727209
1.91893584619703,1.02050175375524
1.95530323290803,1.16448767419134
1.91089098945287,1.07332148047445
1.86828755578577,1.06296230939392
1.72098213503234,0.983918993270053
1.85283631516996,1.0213993188832
1.85872697172367,0.967464633448319
1.80305035011187,1.03625986720962
1.70975122727823,0.97972436854898
1.85149662355163,1.02289092464552
1.84048494495541,0.984752669344403
1.77625582902179,1.00630341365712
1.78850887061611,1.00402122202005
1.79779709361669,1.02322295726294
1.91392266838442,1.02160670155596
1.57847795495493,0.802839463463497
1.89770229715709,1.0073523067931
1.70148835594897,1.05467300575703
2.14710611803587,1.1904151189332
1.66756304611351,0.876879416541041
1.55656056723832,0.956962407440556
1.6670194553972,0.970825616115282
1.81734528572796,1.02413674596456
1.56133469236797,0.992526020996542
1.67348020585666,0.893513404453268
2.06896832666015,1.12271783146429
1.80143032671106,1.09246072996378
1.84914576431188,0.946223308028319
1.78890456649901,0.904834828442417
1.82363155481097,0.970053496644649
1.62874019689521,0.938040280727033
1.47123638823693,0.873926202183145
1.80377610654031,0.999180477450092
1.44189986739115,0.929073022527605
1.74222813042877,0.867583125148925
1.99820179873565,1.01967714765397
1.79427244577446,1.0101397958543
1.94694364771821,1.11237021337689
1.52191336718215,0.857976447697738
1.87901553745617,1.08213251456906
1.7427531780714,1.01760043672724
1.35738063748658,0.89540340791488
1.87227237705395,1.02287835961832
2.06511522350815,1.11287381830417
1.81927930359574,1.02777187830108
1.8556848056754,0.976231224707693
2.0027851950896,1.0861599875863
1.72465236431346,0.974080095964888
1.96816342575713,1.04607645439883
1.75165116241544,0.990718556750358
1.94289106093675,1.09633429540287
1.89771002835713,1.00282130052175
1.77976013681061,1.05099656093994
1.87567644144805,1.04069170661152
1.81510745700158,1.0007413561988
2.00220252472988,1.09923515978749
1.82648928991968,1.0101845443667
1.9464400484235,1.00601947328468
1.93840396040957,1.06308577251584
1.78482898768812,1.01273959604157
1.90305526071767,1.09093176748161
2.04724581391425,1.10200729551295
1.73979741435229,0.968158035681533
1.65325152032408,0.995371328939967
1.92443660369596,1.06628563917532
1.74379571941257,1.03929165425355
1.82540742921811,1.06181175534482
1.84338951381231,1.03051789428537
1.61746593018744,0.931091302466385
1.73260131249941,1.01815230733311
1.80648327852537,1.04266460872667
1.84009991141565,0.999721913283598
1.86871682934691,0.971595112299004
1.86939212072674,0.987674570145956
1.85903697678669,1.04089698861386
1.81807166052969,1.00603610929053
1.81365399356795,0.928394169745868
1.96503983114268,1.08511477472255
1.99795639339134,1.05825320059381
1.64515605322184,0.972191444014367
1.83306968446565,0.990399610025472
1.97038815957586,1.08053655660449
1.93220732557167,1.08274102386306
1.71427946928668,0.983785657984722
1.62774769361622,0.855784096749609
1.70666897494152,0.915233772852881
1.50655264653928,0.891965589855241
1.96134861933377,1.07422088209294
1.76330970373095,0.989135797743764
1.60458755718465,0.906250833846987
1.81565713596337,0.992497757545802
1.73159672535248,1.0093813993586
1.78640477943711,1.00359608806294
1.70649937021644,0.994447201391044
1.67922519913662,0.960466647124393
1.67817652700684,0.969741764525166
1.69352496184534,0.976476077470347
1.77410923594744,1.02162993798457
1.75712965107649,1.05864018761891
1.98403560530385,1.06087018632101
1.66227973786891,0.901977394026956
1.63601785359952,1.04554504410375
1.77847010673492,1.03775054627564
1.5976856576219,0.950553476191791
1.86604327948914,1.01086312038997
1.79668064113957,1.01260395899037
1.78341253693975,0.941008845910308
2.08416414964347,1.14917749548896
1.70658357817263,0.916139552912323
1.70887335017843,0.97680057107724
2.05267007697647,1.10743147708066
1.74030946212167,0.958554367836026
1.91226582283966,1.11758318913819
1.83553485172124,0.996086539305628
1.69664459420158,1.01656324904014
2.03688642505073,1.1324545016891
1.76455165553475,0.996301926848064
1.76652486317191,0.998711385826498
1.83648808882314,1.09010826508178
1.52076984199941,1.01347895413948
1.43212060452073,0.949125303301786
1.89204237256197,1.02758133830594
1.7448725516002,1.0164517034588
1.87827779495216,1.03401740780131
1.75316206453504,0.959806344924905
1.78972997474879,0.989354138980644
1.64130203360753,0.870805832791411
1.81125781145083,1.01596350851766
1.7287475375453,1.01201803611832
1.80830759221254,1.0074182349897
1.50452677030968,0.897376976188937
1.65687194768364,0.981934034678286
1.76991127577573,0.999478462708904
1.72929411722085,1.00568390351701
1.76726197005523,0.984085229802588
1.6222495500121,1.03519034963203
1.70410817352942,0.96254918597343
1.84207215344061,1.02154022745524
1.95508005586789,1.07550452440242
1.65447392334807,1.03304402887718
1.6322114053061,0.875832480559641
1.80434013154242,1.05732710294105
1.95392760960366,1.09002976128702
1.75800734372948,0.964668785327847
1.59209386052385,0.920212875147283
1.71510117975478,0.99254169948411
1.92295455916282,1.08878193604136
1.85927298180475,1.0303177256951
1.97019064636376,1.07742344682564
1.71750372413072,0.951654330097147
1.9766787605553,1.04257305750047
2.00593293836897,1.0667483635717
1.75024672132069,0.969904809199871
1.84017831849109,1.07683689720088
1.96692820001446,1.0645306546873
1.73603667294749,0.944227812076358
1.89908908608598,1.04566933943262
1.83061270973577,1.06521378720561
1.80889019096731,1.03886853599579
1.58129233383137,0.925164856790625
1.87279932446679,1.00833268647409
1.73851614626327,0.989819784360459
1.94840012142023,1.11116578668975
1.89561973751072,1.03316817522049
1.68222321885961,0.985248416845198
1.69707919691964,0.905401722964031
1.78643989056582,1.01040503205755
1.85453879945199,1.09008114150284
1.83822818815972,0.990133977860321
1.9655487385554,1.07447465422093
1.64360283715274,0.98006844675882
1.68123047558954,0.942973270263843
1.94301100370347,1.08279702992862
1.78655850290206,0.994927640169307
1.47710639460887,0.984239970499438
1.83128165742491,0.927974028155618
1.96929111595753,1.02550704875795
1.63647932348235,1.03654522545657
1.79110781238054,1.02176423057289
1.40316164749922,0.868848361678972
1.80565148311909,0.988298078108683
1.49119511707967,0.850093124051019
1.61182230928793,0.952759554213463
1.64261237658169,0.898153845937575
2.1317187819245,1.15654083863189
1.91105095249284,1.18922354239931
1.78912369285774,1.08126205158025
2.05321200082909,1.10272004118302
1.76460213260119,1.02545817990124
2.08815572560437,1.15118089329185
2.00556145362451,1.13085613928485
1.9166139282091,1.03760276191396
1.88054037830621,1.00774177646343
1.77131384637404,0.912173290715362
1.96945891454912,1.04440692893346
1.841412052761,1.02186706195055
1.69855612082925,0.956083324224785
1.41982504820102,0.840750978522442
1.90592650593568,1.06816511243664
1.84726481972001,1.06876941087723
1.93929764490925,1.04404923041931
1.87932303036777,1.09844718866393
1.49240458184054,0.791913036448125
1.97850790727937,1.13318573746417
1.50892850314908,0.907839102395078
1.67731967657727,0.986429068630596
1.85338639088725,1.04382217091839
1.98930282112849,1.08124031484997
1.61211040849048,0.89234327931735
1.69231043784649,0.954669921111437
1.62598313133844,1.04205344910811
1.75858744164318,0.920972732088692
1.77410553011283,0.980141659415577
2.1092762319733,1.14680356384347
1.5974165386145,0.989292382095614
1.94557448075886,1.06022272344665
1.91409454650609,1.11008776614172
1.70669818806331,0.881314472205395
1.91960856836305,1.13242820390079
1.79995624291553,0.937048509578426
1.72872569249619,0.965918507331863
1.72070930886811,1.00403993308345
1.7549218174192,1.10020400150531
1.73346735324083,1.00447084261605
1.72119476009428,1.00379135302387
1.6751671029222,1.02350913988337
1.88116385197973,1.04225522222479
1.70643178968032,0.935798700371032
1.77066196772194,0.982419813982404
1.83317791897375,1.01942089446516
1.71417767893168,0.989440803761639
1.63089998879416,0.974932134962783
1.99046937613633,1.07773106665061
1.46737133520233,0.88726887636594
1.80486311232689,1.05322760184842
1.83653163167875,1.10558238093142
1.54796577283924,0.872860248477622
1.76399712851048,0.951642963803567
1.66526875734367,0.955493374401743
1.9436495118051,1.12622064843741
1.47278347185056,0.9432661058835
1.8960524239956,1.01166439910952
1.73912793301101,1.01270561981718
1.75251138367194,0.991588164753633
1.89308838797463,1.09072102891071
1.95091813977024,1.12505498694915
1.77582135235405,0.866370289559116
1.32540564052589,0.869708646602853
2.03624478825418,1.10769641467568
1.91355326999847,1.07377971914738
1.83184144113551,1.08924494619579
1.81456513934578,1.04354927004917
1.74360076483665,1.0187065988185
2.07212765641304,1.08893729386533
1.8802556365893,1.07943226019135
1.64052158612335,1.00005749593802
1.61943340003021,0.864671483280488
1.74393282822447,1.00778222419055
1.80035555688734,0.999054542563997
1.81453246716082,0.99791851264045
1.5430800054732,0.870775938970544
1.6707651705608,0.92918545278254
1.92687360220731,1.03973022474996
1.94794365777314,1.1459685969875
1.89098974468495,1.02348292334205
1.66358224380364,1.00501653638056
1.76242319441729,1.01386670242343
1.73825896860025,0.98862497748076
1.81365701721699,0.88667806426668
1.91619675031077,1.06306101773559
1.95805392300767,1.08540928564388
1.63632047505184,0.98405944658667
1.82789092108304,1.02001166268677
1.74308285348117,1.0942647319482
1.62086485225983,0.921700633680861
1.62315143784611,0.959987266884143
1.9245960502898,1.10026331540934
1.72281304976331,0.916754429412141
1.74246862403718,0.973260634099018
1.91579597396788,1.057527693375
1.85884450078894,1.03961982630025
1.66137017166545,0.998940824877828
1.72904604678977,0.963200372165386
1.58143216106381,0.94807293677839
1.86441698591146,1.08192885167753
1.802947141619,0.943535059858395
1.97130101642096,1.06704053701439
1.61693858349395,0.899512228233955
1.82886369241964,1.03507824805235
1.54601058598236,0.933728818943271
1.69820063654452,0.994670250946486
1.84477655650556,1.08613517340451
1.74720897043632,0.967703556561691
1.65484780244444,0.971516749775709
1.92079309404195,1.04915748418967
1.81240412855396,0.997657810809223
2.0079412367984,1.09920163782516
1.58826475090551,0.831169699328267
1.6941479569331,0.950566841848854
1.57967179154505,0.949696658320048
1.98490914235516,1.1306479609518
1.86219348552551,0.974527564937428
1.65822413926395,1.00230402635891
1.74947582821769,0.964219345472289
1.87774839914317,1.04811239612616
1.84074308818032,1.03064342779858
1.9164128152121,1.08171635226082
1.66210243086044,0.893159761364743
1.60447854678598,0.921729694730599
1.95340379909125,1.11133537219826
1.84612773558244,0.925487750329154
1.74437131839459,1.00788746462675
1.82753150306261,0.974626824979739
1.98345108226501,1.09112755971624
1.651044070212,0.976258473041852
1.79140082809315,1.00096337429505
1.89684198755946,1.07630281257112
1.67319078557822,0.947701023454478
1.81519476659198,0.997261513043115
1.70631719429866,0.947406644761069
1.64577766836362,0.942851010153046
1.92235642784209,1.03730090741806
1.52466970408627,0.961474905437188
1.95196495963089,1.0564271558525
1.62518115617449,0.976369021129737
1.84493093771712,1.04460723944248
1.72890205476941,0.990343570962811
1.66559591186513,1.03343920923355
1.82159089135987,1.01999735573891
1.90001893729876,1.07828683096816
1.70727151243904,0.968655164281451
1.82460084758766,1.03850009932032
1.80092844712542,1.05873536633361
1.5965520944929,1.0163372385894
1.80708591750017,0.974395159793965
1.71979822696768,0.940025601599251
1.79802612726358,1.02553362886983
1.76119764245591,1.09734792400604
1.83747302207384,1.02709357665071
2.04063090562964,1.08695705628491
1.54993310444843,0.955775445271493
1.72622355874291,0.998204187313677
1.73257390381184,0.897500833685127
1.93694843115189,1.07411859448864
1.95851883170926,1.09758964952261
1.94959750873905,1.03517727139599
1.88756936014642,1.01057259486674
1.87419828117897,1.07589875305592
1.79245970602673,0.968872329433687
1.8432787799782,1.04074053570613
1.36142556790875,0.915230770148139
1.85959319578615,0.973661654915952
1.95794437231881,1.04811956326618
1.66089948893816,0.952447837894451
1.83952286578039,1.06442240059511
1.82771261418818,0.991692213496772
1.81484500417707,1.04498191550387
1.98039386785319,1.09863332160047
1.88249258493317,1.02286631509188
1.77404138986482,1.00459512259057
1.82597435294431,1.05853666544511
1.86824965407692,1.03948990434583
1.60827892252724,0.992024192735325
2.00167432011387,1.10291104616815
1.81209424847659,1.02264835390271
1.81131515739038,0.98978844986345
1.71056280307534,0.981599534611014
1.55106945504093,0.982926766734546
1.44472249388494,0.940044854444356
1.70912409020077,1.02362981026421
1.77914389585649,1.04521662012499
1.74166241758221,0.932833049800765
2.02428044958132,1.0970125743532
1.84876842138079,1.06125949683272
1.69516502425734,1.01104961513083
1.78623165667108,0.982943736749246
1.36711946045322,0.826962919992652
1.49393126413627,0.945893420387713
1.8347451028723,1.02141587050594
1.67757239197476,0.917043305501169
2.01365989271147,1.06181457194239
1.75573518493007,0.999531387535201
1.81959072237459,1.07671679520219
1.74888128128685,1.02576839203349
1.88363638694342,1.07092068460193
1.96980796407629,1.12812542562134
1.59738686101916,0.878898572340619
1.8459200463765,1.01399034663121
1.81003382192969,1.04264587089416
1.73156883163164,1.06455531170308
1.91770047061761,1.026555947249
1.82198214746096,1.05388968409882
1.65096091761288,0.919269034711617
1.71781093702072,0.992670394992021
1.9725003628902,1.09543555545383
1.77365789557067,1.0131730559863
1.60740650896006,0.883054224230436
1.81822726733134,1.05100355779993
1.71005402000426,1.05233825932026
1.68218290043865,0.927777496924215
1.84341680543839,1.05498032281094
2.06425135704594,1.1537819908102
1.89726779551238,1.04246487462902
1.82397670781344,1.07144117639143
1.89489758824588,1.09179073677135
1.72896390458537,1.00728362682338
1.64253311383394,1.00967824603766
2.04764708007451,1.1482730520787
1.50728349646319,0.895250938536393
1.48574622490134,0.966853437994868
1.68680453397453,0.971320601272386
1.55706288206358,0.924580656729314
1.65789564197523,1.01950994158131
1.7651136542002,0.919828713629112
1.83306818871263,1.026036115186
1.67948668080998,0.899522775673385
1.76689532800036,0.980112189365907
1.51774156672289,0.935865759888829
1.53800052375448,0.972585517361365
1.92546934263649,1.11140825955406
1.65677656741274,0.966726908679988
1.46677066460792,0.906657292188345
1.62870013510196,0.898927269243503
1.84568604719482,0.921175715167001
1.79750332257197,1.02721710404535
1.77488075569116,0.991965943588079
1.72702958004811,0.972563266189423
1.82084497028723,1.07434954078256
1.93498551783754,1.10055018497275
1.70708186974402,0.919685382665434
1.55170559780347,0.896177936511534
1.74258510298331,1.0290489443525
1.53623597265963,0.955745142538265
1.86729894269047,1.06158378360693
1.99174135016606,1.08886300979762
1.73353845855795,0.956707721497648
1.85007777009535,1.03292825276054
1.96583888854746,1.04785987361407
1.80342226248895,0.938903381519162
1.47402619124385,0.913277701530618
1.7906704580033,0.952251368303341
1.92033137446153,0.972785454677968
1.77366514487591,0.972781244571008
1.86769817233442,1.05086793343487
1.90974284636099,1.05707425837046
1.83747925406846,1.06147202268094
1.70106381885762,0.926607479623597
1.74416708076496,0.905670458149402
1.79770688586419,0.952707395867069
1.97812655137256,1.09976481885792
1.50215801529568,0.943954867888496
1.57986298490643,0.993042346697512
1.46301968451056,0.930319250011082
1.80855094536743,1.02035392595722
1.63177977617294,0.822444536131766
1.52569798904377,1.00801357888542
2.00133030145319,1.07918183868292
1.4275073297119,0.952341626852615
1.72295941723285,0.897264497959543
1.93907442381465,1.08548989982563
1.92161518079635,1.04962471306761
1.81501355202876,0.971088482967409
1.82903806168547,1.00523299950328
1.96595312975767,1.0891055638532
1.94257142296034,1.07907837190732
1.67218113950898,0.968017223897814
1.92561057870647,1.0461514963138
1.85253880028667,1.02659944362935
1.79707358637432,1.05505116211658
1.6991086844658,0.934937172232645
1.94405529224524,1.07525995338136
1.68119817468634,0.956983899193181
1.79361568121251,0.995745721682645
2.07418805618538,1.08491174560252
2.0171337359212,1.11459539569588
2.04637237344652,1.04332305761646
1.67954329040255,1.04226656944814
1.93072108814737,1.0993398363565
1.68072114941338,0.958133189217784
1.68916254894653,0.855371333201434
1.88283845521309,1.03167149908946
1.86611078984424,0.935529481331406
1.78720624061168,1.01975798639608
2.09308617011366,1.13248879435485
1.97661681728749,1.07689443014681
1.57019578119499,0.921338180561511
1.69840419092963,1.01605415960234
1.60166812091389,1.00621166544138
1.76796374275141,0.971869666838314
1.69769635795526,1.01546901687897
1.68895607139884,1.04248252276181
1.8042805159661,0.997415491767977
1.78465269419635,0.974425133408796
1.58273106334095,0.915418188546533
1.72867150312873,0.980224391132293
1.85364949242193,1.00791815019702
1.9981488576652,1.15277039808336
1.62124361040832,1.02186684045252
1.93937034387582,1.07807369885139
1.6423198068938,0.9591381014171
1.83073359400584,1.06329868043155
2.11852536636294,1.14650870080793
1.63376479409533,0.947743175487964
2.04258294619718,1.16954222458222
1.99028854390237,1.13812387348748
1.75037757906402,0.989459161117961
1.99596538874433,1.08590260612261
1.64040969897928,0.983199454087634
1.69951467326422,1.01747686339162
1.33335698999794,0.849466515708517
1.76400231257297,0.927662569856604
1.8035918386105,0.986718131532905
1.63092855825839,0.985909492543804
1.89797613234431,1.11635692083408
1.99041700276136,1.13227989790561
1.77118438372951,0.994732454644574
1.9403649512424,1.07962672243591
2.09031828665888,1.07591518291926
1.63881394435213,0.944735136434427
1.76727605832962,1.06323946770865
1.93674937485633,1.07177574802933
1.56486033349281,0.85278684583544
1.7097515525741,1.00157576391862
1.99472005845126,1.06145933347049
1.98967528168166,1.06962143979562
1.67165660066402,0.943768782207598
1.79999817061599,1.03074354159264
1.82612522359185,0.877867553352114
1.82360702933053,0.985927147073025
1.57990420593415,0.951838502890019
1.88977567490407,0.998737166056848
1.6861581656651,0.973634532842694
1.65597874120751,0.978379196362555
1.84884792417733,1.05808708723488
1.57695393287665,0.909489324869517
1.81405237168534,0.900764022548358
1.99616547966161,1.1178386004452
1.75353854469274,0.899592666315538
1.88917464573142,1.03742423411665
1.93309400639644,1.03383748173963
2.06692272385999,1.09990040738598
1.7936523654418,1.03560002718397
1.90502003146635,1.04754186569207
1.6030842608855,0.872482692484012
1.51210683070119,0.981377975395658
1.73836048315177,0.991223961075887
1.88332810714248,0.993034009099343
1.8972424746335,1.08294562352624
1.65593667968969,0.977513855821367
1.75859044267758,0.961384816847861
1.55775615655758,0.991397220938232
1.84847233897937,0.972299007965078
1.99992864739715,1.0379359939445
1.82191944609605,1.0320997275242
1.85988135499837,1.10675928786536
1.94962329516611,0.984441282290545
1.92773419003248,1.15356526553087
2.06744547584581,1.12008928100146
1.9239410220809,1.01715314258353
1.69014844327352,1.03142587700015
1.83344357598705,1.04405982396269
1.8647699993793,1.02315153531381
2.03024438207238,1.11831508944424
1.72463309917159,0.967670389775541
1.63926416082824,0.968268603750842
1.66513149895892,0.943911780096392
1.71655129070461,1.0026699260465
2.00737596088283,1.14816662481387
1.75247318093484,1.03414017350013
1.71328565942954,0.960555852470186
1.98544369300891,1.08340883213067
2.00694172766529,1.08152182227842
2.01693866088263,1.07280963433911
1.82947784414634,1.0507964668714
1.8010631612253,0.974539661381987
1.82235154191721,1.11666540028762
2.01712554398807,1.15909337366386
1.95362178514053,1.06394282895782
1.88705157055351,1.04298802871609
1.55669454992982,0.896135987264258
1.87905787824036,1.04873717686019
1.80368851639585,1.04308095195011
1.98566220853341,1.05114722042937
1.72376329360072,0.972012573720839
1.59242349646915,0.956162737146514
1.81451891907552,1.06193958561946
1.75024638412183,1.02003865100006
1.79181423768406,0.980640077344814
1.9206243375836,1.04439328215883
1.87624041729512,1.04828525781384
1.67024005103856,0.960676344617508
1.76219413978914,0.91913211074897
1.7896280910789,1.09514113705771
1.73350376752951,1.09045751716087
1.64201426141284,0.921546648316411
1.97560507657555,1.06373053574151
2.06871609056071,1.08820668538986
1.8296948617795,1.03941169025954
1.95749382394563,1.0282403335669
1.92212246188081,1.10402402175206
1.83994744194859,1.06159584699622
1.81444375454688,0.973365601072159
1.98291116595109,1.05853565993044
1.87707483702199,1.01321960206559
1.72457474327636,0.950905616196684
1.70101575323915,0.916061195873451
1.77643088945842,1.03397935070368
1.78473324238371,1.09549807711442
1.6281377193851,0.933752034007467
1.61758645343834,0.915099406819441
1.76807534461428,0.976465886205788
1.76870072860758,0.949839150851073
1.88430655848657,1.12409089187297
1.85204364647616,1.07095757898389
1.64042797981634,0.921724302377126
1.76434926788211,1.04183261132598
1.52589167039309,0.801687080353634
1.67906282778376,0.991260064506423
1.49845916320178,0.956239139139276
1.31913905702982,0.868064211423874
1.80546559652064,1.02235455297341
1.78260699685592,1.10685544922807
2.04783241804725,1.11197502149941
1.81375976982816,1.03665580723738
1.97862898311407,1.10994042908653
1.96475877613675,1.10157663516067
1.53904373129514,0.934954443771421
1.84874719877958,1.0011188070448
1.6381272824598,1.00466661846875
1.86136413555969,1.01106591619884
1.80377103419371,1.0352714225786
1.61788176853985,0.975894307712215
1.75280078986253,0.948937387619387
1.83391341329183,1.01107195805471
1.73270797205798,1.03972436596874
1.61877616310975,0.930557041984344
1.75444778813278,0.946038441154833
1.75331826689197,1.0099987078479
1.68973124161032,0.996842502760234
2.01597165940549,1.06517418064418
1.81141616591336,0.972872473551486
1.94865161432852,1.10428624388408
1.58634619892998,0.996332109333096
1.78094996643316,0.985192314902061
1.96663997223989,1.0509824889779
1.6399982785927,0.858473404225748
1.85768079586033,0.974913826991479
1.68356377779652,0.953252258289339
1.95187607807874,1.05646020040858
1.9930188323572,1.04337496491217
2.1289880392244,1.09213517291883
1.8255236187443,0.998768250117939
1.71259364266195,0.891455033957361
1.68381369617781,0.907221309087684
1.91556127459155,1.04547651895528
1.68223800170039,1.03050283666648
1.80604360901565,1.00660081344406
1.40736093610887,0.922221780526316
1.9372238005273,1.06618380448291
1.7626779346258,1.04032562685681
1.89352026146219,1.03198725196592
1.5845157752059,0.989059336349246
2.09399481066304,1.16466478872503
2.16983829865684,1.16016940203978
1.50237016275021,0.794372411237252
1.67162626190077,0.912062750520586
2.04610866183221,1.09236798571891
1.59935497559584,1.01625712729082
1.78932012629557,1.0035374636745
1.80856504627941,0.999196404000303
1.82651106127508,1.03060922104944
1.85071352047155,1.04964467244177
