r0,rt
1.55803531062522,1.17595577138593
1.96698968661807,1.44138612169763
1.53849529176686,1.16754337055336
1.71749090426124,1.27642427547595
2.01748334203184,1.40932007608021
1.8840115769279,1.32746043797649
1.78869389459252,1.20311913494289
1.76687208624246,1.15552875161758
1.83075645053127,1.28413540049688
1.73073236666456,1.24343880562992
1.63123126179867,1.18867381650675
1.91416441786795,1.3631895224002
1.86417035695266,1.2634453954944
1.76900997279402,1.29804117922152
1.90144888846066,1.32929371196525
1.87420058591971,1.38518810967913
1.74467007061389,1.20618790122691
1.60612428907202,1.24602039280356
1.70842666458964,1.23000075415927
1.74845245112901,1.26898905812475
1.66083992761343,1.1814442394467
1.64577114896301,1.29327541783246
1.60704458492166,1.12715637213378
1.57104182175487,1.15522664915514
1.60304862646537,1.18719909975158
1.7995424199681,1.34207917471021
1.78008111015468,1.35934934741783
1.67479832875793,1.21857903831537
1.56966669197524,1.25265940940669
1.78386261917736,1.2142560277331
1.64158367555381,1.0947888768996
1.81279509574926,1.17901686904175
1.60248809800426,1.23157057506722
1.71068096096882,1.25086600660136
1.64495552156512,1.30335671806147
1.76474667491962,1.32203029606724
1.68658020804685,1.16881506383102
1.67405419904961,1.19456740114571
1.59553911278023,1.20153440110481
2.12882777814599,1.50008682927239
1.95660261530013,1.40885197614839
1.49441748265323,1.12641496009538
1.66014348097805,1.12644509561158
1.84093969919726,1.32648707717631
1.92834542154713,1.34366870718267
1.88457583575338,1.34498627770278
1.90839939164052,1.32717050999134
1.81990701936413,1.29504142237209
1.7061579418263,1.17879926081044
1.60373687587497,1.16682582399419
1.78489377464442,1.26984607754825
1.73949264639991,1.34320643274237
1.93876386612139,1.44021588942748
1.87658751521223,1.31345481412096
1.68623889692409,1.1909954109264
1.86271259677858,1.38881397907432
1.7327328117639,1.16396728456485
2.02238004118962,1.36840362255672
1.6111379597111,1.15391620718759
1.66842160251288,1.26687653061119
1.75118152363005,1.28889360108101
1.66828997549346,1.25524187986832
1.67098118003511,1.22340483433531
1.82128028415442,1.27658098121128
1.81903153507298,1.24649862515358
1.4462108940416,1.19410768778505
1.88610640039319,1.35839150989848
1.84480119875749,1.30247432489036
1.92766977547905,1.31394431523521
1.46440176646463,1.02668188763524
1.56136192883787,1.25101181107714
1.86657311959931,1.32473081012447
1.65659630957143,1.25796257663647
1.83064957102183,1.28191761319119
1.77825519036163,1.44629771366489
1.84843521375333,1.4039796221712
1.838585543441,1.37500037823015
1.70182451906596,1.24903529667972
1.86345282346152,1.39295830289045
1.60444266859131,1.3300987519933
2.08970267826644,1.43912844382165
1.86660032864611,1.31240271549737
1.94242665262282,1.31194770518681
1.86249920210697,1.35856346578881
1.47896462043578,1.01677104231756
2.01144764756173,1.42626336444751
1.82401598596094,1.2584252487457
1.77970893078495,1.27551902776806
1.85762517571387,1.38937592800178
1.75620576978566,1.28602600033506
1.881264221935,1.30795222258398
1.98411059305289,1.39594754230443
1.96903863461273,1.43587233689509
1.72611147161396,1.22262529233107
1.72497568425548,1.24596219850162
1.71172337272339,1.218254521659
1.96538258215859,1.35990203998962
1.97383893631116,1.49210489133113
1.63126835993155,1.16725620682364
1.88999585511917,1.35933264938279
1.92051050589262,1.32892580272978
1.80732648614846,1.26088726158542
1.80675121639763,1.28245998517079
1.78405824870545,1.30747323483681
1.62377173186569,1.20581221504893
1.87518617332612,1.27722197842772
1.87145701830897,1.31256352255198
1.74259938141702,1.33904795394961
1.76509110822048,1.26528013222767
1.66737835981243,1.25987271044095
1.6880585025942,1.22180163156553
1.60785371054396,1.19762151141229
1.60337430741415,1.10589951676111
1.86793232870112,1.26390698884019
1.80742836493037,1.31322604865961
1.80198330125953,1.27315241145817
1.73316956369657,1.16017584786983
1.68009894076912,1.20359988488618
1.9751550332889,1.39079962443552
2.07850174774478,1.50017717440657
1.58340351507695,1.05846206022175
1.73372630783524,1.18734078893946
1.71739503547838,1.12268450021058
1.9516589172616,1.38054247619012
2.02784177118384,1.48245628535052
2.00382336669718,1.39060548820414
2.13804722270165,1.46848968398132
2.03574097825802,1.49741267475015
1.98943779982817,1.34723345891252
1.59232138188734,1.33402894674836
1.79509847699085,1.23678524384336
1.8306363816163,1.26688775276245
1.68827037552975,1.16082125496853
1.8297627713775,1.24890208157468
1.80971822603999,1.31286957553727
1.86736267995401,1.30905523109014
1.82518125399585,1.29209317244115
1.93062526901669,1.45609110672582
1.71497319270832,1.23371660051271
1.64280703857426,1.21426229894091
1.7246608998149,1.28362246985589
1.6170518921247,1.22389715269392
1.58258200488701,1.31723459530885
1.7494314028013,1.26542295479258
1.63842798970312,1.16997662965258
1.70152695469485,1.22178484057571
1.79869250550083,1.24036992735306
1.97550580414846,1.36498553087472
1.65588321252092,1.22813661856324
1.83650662528351,1.27402857670925
1.86028873264021,1.30764897142226
1.84613107729504,1.23584086524773
1.66025384055235,1.27145263263666
1.80650876153815,1.25844683984577
1.73506823204734,1.27747329127609
1.7379393498921,1.41180862029942
1.5234240519277,1.10330583017916
1.936140483337,1.3463350981907
1.74070533522416,1.30421009038113
1.53507853498939,1.30909795492479
1.48449385433901,1.25470857648029
1.45766123924542,1.24474152111019
1.6514362638804,1.28910748699976
1.71285171336544,1.30800421153249
1.73587029253471,1.22895517328595
1.51610265862239,1.07104269130606
1.99497133149406,1.4147804363103
2.04729753777117,1.43432993035083
1.51793605998279,1.06787399989672
2.00964072687986,1.55813326827733
1.55242377275293,1.18096825181551
1.77622169139451,1.30471343520176
1.70082720579127,1.17661849213628
1.7083841404093,1.28736193033946
1.76477829066479,1.28294642137557
1.8175065035497,1.30942563934947
1.50206352215192,1.16808613906279
1.81993864161734,1.30324812124327
1.65078993790604,1.1927958121427
1.7865828044244,1.21541559035377
1.95985718511878,1.391772754615
1.67495800485189,1.34929435918258
1.89282357500547,1.35632550542637
1.8678101376918,1.36033408552031
1.85069269887981,1.41530786037733
1.52813843946796,1.21016279408561
1.93665366157356,1.33966098162642
1.36167143005142,1.09791717966368
1.74833223766092,1.31488821766584
2.06687932549736,1.39229705371143
1.61168805940489,1.25792022911707
1.75584309377186,1.27624192009547
1.84792939258442,1.27006124503091
1.88560951719409,1.45532289641623
1.63663514564767,1.10735704276867
1.70444732029914,1.25822674395231
1.6687418110078,1.23184696371769
2.06108354738146,1.46764269042878
1.98648025801891,1.488327719977
1.65316999282223,1.24736137420479
1.5344029571768,1.13202493765003
1.80561645693614,1.36401654913864
1.85382569411444,1.360725101773
1.60333154732045,1.19569269971362
1.76046463427316,1.18684007092589
1.91323334218074,1.35550110862718
1.70661209244165,1.19138739389337
1.90263028015517,1.28922221816663
2.00019970915998,1.38730518598468
1.75430875056831,1.23253362034599
1.87881817078601,1.31289302171749
2.10547014868581,1.43180201823223
1.89848585376035,1.34849606486202
1.81434631794099,1.20037275189313
1.83792147228257,1.21300310113236
1.61588273168845,1.14236783656899
2.01637690569002,1.38394654064574
1.65453324103805,1.28892603463807
1.99626898407891,1.43295207264893
1.78397922283697,1.18957266718832
1.783440965151,1.18868620826268
2.15127452540624,1.52809880559061
1.7254322719255,1.12199495385361
1.79068437560786,1.25110813726095
1.68171471853645,1.18952182653538
1.96033621540311,1.40759560859263
1.75157468994109,1.30498481843102
1.87951016445814,1.33383216128531
1.62718191237723,1.14325323891802
1.94981194980372,1.35810337350301
1.67964153498255,1.21752159272065
1.83292767200796,1.27153488189834
1.83481025496079,1.40549682319298
1.72479366599565,1.29133244873052
1.69798694049877,1.17118353725576
1.84666822986574,1.25389634020986
1.8460385607344,1.27719298005603
1.7810677045567,1.27543105449889
2.0811388569823,1.44868691113594
1.58280332820841,1.05646661521705
1.79060126268558,1.33913495238777
2.05388442539469,1.39298607773512
1.83633985372242,1.26738608593497
1.69539385577186,1.07278886031116
1.72356854585743,1.29086613716632
1.56698195198886,1.07777498901289
1.80319686395142,1.22936233925924
1.82989830972481,1.39978445845681
2.07207105780469,1.37931151568155
1.93183544675506,1.35353116702046
2.07571298185761,1.46954083210558
2.03324866510936,1.51674027749778
1.75512634724937,1.18450790882812
2.0589322255293,1.4691134167901
1.99273390102966,1.38184957600771
1.66713698272981,1.23087967538315
1.82149189848855,1.26154011281575
1.73808110320553,1.3131259326966
1.89980227624007,1.34544961250397
1.83571123603252,1.30721938818283
1.53830224776365,1.05605413325015
1.46982245534418,1.072616981408
1.7943548028341,1.24717352981978
1.89903608283701,1.40936525023753
1.81062008270525,1.38308415265999
1.89273325239523,1.32602190002058
1.69208905592652,1.31959218050464
1.50797816431999,1.15628078588742
1.82418374801846,1.48473595696912
1.76378426484986,1.35939244586031
1.67358342157781,1.1672141319486
1.92953523557926,1.37233683092129
1.82020366764006,1.21145391020771
2.0837628312979,1.46781039558116
1.84094965061061,1.27265055738439
1.76128740033796,1.23133176630032
1.9214623498139,1.3946195317357
1.67376506265089,1.16236251044409
2.0129095759036,1.37099161522657
1.81643361303604,1.30518295292926
1.82699358216236,1.38073196444237
1.78273457626082,1.35042619428809
1.72241234085593,1.26561600127893
1.67474490765034,1.2815965583852
1.5288840903313,1.18671621875876
1.8223472056337,1.34272141711258
1.83310274590029,1.38366876697804
1.86491592841816,1.3122014309525
1.73039916840324,1.21356337360479
1.31969888879787,1.11053716246057
1.89800577561455,1.35027907813406
2.00441687085424,1.50108515443866
1.89725776075621,1.36150826797109
1.77875591345884,1.25871998019766
1.64062921496499,1.15872327396871
1.91225265867844,1.3510895642055
1.60805149002113,1.23159375364288
1.81763569407797,1.28500042946536
1.58577625528637,1.26879921761875
1.67913850240299,1.1636654626596
1.99602550879157,1.37100022004478
1.98890975282739,1.39964053632866
1.89056719581389,1.33164713845988
1.61171454938801,1.16103676013973
1.4782527281197,1.24471117401184
1.81874879113167,1.37143461250015
2.00241752246981,1.42114397213067
1.61719644643889,1.31528420505831
1.57866208847682,1.13703976159582
1.59611995723161,1.33446964260231
1.61142367310891,1.18746243174705
1.64069960183267,1.24876925747711
1.9262284372744,1.32693380128108
1.98367961002178,1.38212609551657
1.46435830106732,1.01261513866367
1.84902135425689,1.33276066483632
1.75220594196749,1.25754201899744
1.94461529871363,1.33189441946837
1.98070396239736,1.41601768165287
1.71926701871836,1.24030535190947
1.95388840375992,1.30098158034668
1.88594949269861,1.33476273716118
1.84025074162924,1.26306920638699
1.71230941529409,1.24236607182273
1.85979963611612,1.27152317349263
1.82221618499422,1.22198966513687
1.91603334749521,1.30352722148182
1.63754706295287,1.10924030024246
1.52806659537173,1.18841786536168
1.92865715717742,1.41674533564333
2.03311674395721,1.46079313638577
1.83696708259156,1.32893435672538
1.27746643409981,1.05107099180187
1.92099323858017,1.33854344460473
1.74235256861644,1.19259917917427
1.57020529695106,1.1163970301521
1.98915352607251,1.33263673277259
1.76329505452008,1.28738563070249
1.67688756969242,1.18050737024705
1.55641849050558,1.10586647783114
1.78109630886539,1.23227737542726
2.1065941401457,1.46723218719482
1.85821255628981,1.35997865557706
1.7549493191306,1.26544699583902
1.6843684975718,1.21659488024202
1.77673171006645,1.26091066904409
1.70967404272293,1.40378942136767
1.88501660091031,1.39023127863407
1.77165433949349,1.30876643023436
1.80318152304332,1.31062524451541
1.87914622458095,1.45614071324661
1.58387268682734,1.15974500855123
1.82236778407419,1.33553418985305
1.94045169563733,1.39357841025476
1.71312551505875,1.2682370676344
1.85382939462353,1.23642657076847
1.72444162622771,1.33539848618425
1.68531556856512,1.26268958239774
1.64198084918486,1.13597152063
1.91929271188734,1.38383572208161
1.76019748713873,1.29853647209787
1.70366773100929,1.30306477319252
1.65245679387089,1.11183539611355
1.9152142055793,1.35096123045174
1.83095451892329,1.2732593426307
1.85165501159072,1.28385846354792
2.09345640281106,1.48093826523692
2.10591860135745,1.46102511261358
1.78723451746425,1.21803299276292
1.64891637732715,1.21823508749623
1.70704069828624,1.20017165952891
1.72278605153902,1.30437340944771
1.64965413255188,1.21348541075273
1.73635401330234,1.27845554509005
1.73685182600246,1.21817916534212
2.11290650183343,1.48241286202644
1.93999976552522,1.37370834000036
1.9003917449757,1.43442120191283
1.67292381693999,1.22600583710971
1.7728889613251,1.22920643015518
1.90834752822034,1.42765027270581
1.87248893335437,1.43493155682953
1.94431794957247,1.37182196316032
1.72831327626631,1.21543932698732
1.64445714516422,1.1884566545475
1.88812847156558,1.43911262590953
1.93839566211856,1.35906736080621
1.5255857763293,1.06371552767419
1.86273834334924,1.43300545532062
1.68872251540014,1.15162960058117
1.64478061253008,1.08205847974949
1.56441097879772,1.16540214897061
1.83016944535999,1.25154257808403
1.81351170939111,1.3536898657855
1.83334771017063,1.34412286316551
1.92455814943444,1.35775748198243
1.82179472261045,1.31782697062672
1.94342425760332,1.34596772367775
1.77037368669611,1.35207441206846
1.74449577216704,1.25626256248141
1.91263420065156,1.29582909370095
1.80873109528574,1.32809482693982
1.56934291308476,1.07969269608963
1.72065817278593,1.27389100579854
1.45385643715946,1.00739664308424
1.93829549956777,1.41737984209474
2.0318407033174,1.45435084914602
1.90139435595239,1.30028853679129
1.70374120548198,1.28232294418908
1.80059112486871,1.26989582684444
1.68773988931237,1.28910445550682
1.78020673746236,1.36603548788684
1.87726902691372,1.40789871587991
1.76611452462111,1.14879025549408
1.75911969762837,1.24007405037379
1.85179640352825,1.29968139196877
1.70826267486691,1.17912004600007
1.73723297520554,1.32429361971585
1.66984596053088,1.25315199602369
1.72804290171619,1.33423899052031
1.62039129219279,1.25915793191013
1.85456253320354,1.29144890744331
1.71483853182674,1.26258811068242
1.67084393805239,1.27961323374636
1.70805578852618,1.17655205062307
1.81638055243374,1.25517888007716
1.65241319210527,1.28135436027497
1.86985809252746,1.43372698246543
1.83142492382105,1.29312153096076
1.89110201261876,1.36660570401574
1.70620536498424,1.26571561438866
1.75633202806683,1.24581458950258
1.68362938158938,1.23188646811056
1.90929942115,1.38670976852918
1.9355771581883,1.41326934426947
1.7388108759702,1.32167649122882
1.61665782220151,1.17757759600347
1.91418617818669,1.40869693445821
1.63405585207435,1.25911555260939
1.91329381133816,1.38469563049505
1.64172751538019,1.21316648868342
1.84660939702268,1.38888268729493
1.85108088410308,1.34202424402894
1.77532961850078,1.36797757636677
1.85987294962441,1.30810883476041
1.67060274887903,1.29758870567581
1.93382513662585,1.40233657278531
1.90465349142913,1.4455905533069
1.71856608741675,1.20827028602642
1.86058057342263,1.31447632639493
1.72840466278554,1.21506719005632
1.70741843326778,1.41694374307475
1.69952922538445,1.26585814283366
1.7636079763511,1.30572336693847
1.83791558306165,1.35639336266836
1.75755434312411,1.20492638218666
1.67027721167007,1.20552608310978
2.07616548880712,1.46347315080073
1.77773815656186,1.41870576944908
1.74279024913846,1.23836500529541
1.99225140110319,1.30181663440684
1.84579233011504,1.25395098462568
1.68734683402011,1.23322015959318
1.88763045538726,1.32373684775915
2.01789736954091,1.45528715992332
1.77499878266032,1.33763042608764
1.75047258198375,1.1725488810088
1.85358274338854,1.27816751863515
1.74598528665041,1.26591867373332
1.92578003380979,1.35059241927707
1.64857720177672,1.21045969618573
1.8315938603198,1.3315212674145
1.90922343312561,1.52947628808341
1.74860361360651,1.2559384978646
1.75988789223622,1.23247807557872
1.77672488890577,1.27843860221122
1.3767165212621,1.15790672885349
1.92576874225479,1.3967445320948
2.08122195292801,1.37016669058462
1.66928124750679,1.22623274500927
1.65250272505807,1.16911999425723
1.5625837478582,1.21600286349275
1.85131882527673,1.28099163346073
1.82012949112463,1.28687873224069
1.86262715067983,1.36180005319095
1.65209441555946,1.18133341916653
1.75335974691176,1.17384118171451
1.81953970000392,1.32890619486721
1.67383761456222,1.16734739849073
1.84695603433502,1.33293813144981
2.06220725003433,1.47794906696293
1.81916392510562,1.33586843761785
1.36875681798316,1.112214814753
1.68371612010174,1.22454803585202
1.58717961127275,1.16863204547391
1.6290219802354,1.24416454349047
1.59227078331865,1.36949813107591
1.71853927975627,1.18748443712224
1.80738650899062,1.20332052643316
1.47393084710712,1.12786609354302
1.73772769543306,1.42573139521317
1.83977893603073,1.288219005683
1.57050595549226,1.10720480930506
1.52040178944748,1.22953578171474
1.57397615744964,1.08309865351183
1.77290445003628,1.20855802627073
1.54567295430836,1.07918731455891
1.5000487789654,1.12372222354307
1.66900638595427,1.32336066165097
1.56226344372165,1.18369459527052
2.0152204120134,1.40803781984047
1.77468626568849,1.34608519325457
1.9776193055025,1.43733179408431
1.67775398429727,1.20135650088822
1.72603396149319,1.23109803272092
1.81129711202993,1.27492125564138
1.51788379650507,1.09031983523471
1.63464128536801,1.28145574577377
1.84543334751521,1.35598056459779
1.68649900167296,1.23185303386427
1.9562896272175,1.32722554181374
1.83393078386455,1.35940336088847
1.77755109930755,1.28564405702065
1.65250318086297,1.1922182968596
1.68268540333029,1.28508977833011
1.96389552670265,1.37064829783136
1.77446789543087,1.2760255826361
1.91251476100841,1.45377464294634
1.9177430187534,1.3512969113877
1.52812294714349,1.20943867778865
1.92597354829784,1.39376157719323
1.69487876608787,1.18041593931113
2.02457811952561,1.54790386380981
1.87240007019154,1.2135224517275
1.83928820071737,1.36682692101578
1.8700710874396,1.44939389896043
1.582224254191,1.23333793105627
1.86702561822576,1.35268028277557
1.60994954779432,1.26158745222291
1.83291915661975,1.27313460540975
1.95554297305609,1.42359794668768
1.72634233952173,1.23155172451741
1.38586709277464,1.15159554278376
1.71071623629566,1.15499029047485
1.90236135891495,1.3118686548936
1.5364212502638,1.18852518263256
1.84788347283657,1.24609594965296
1.6664691034395,1.18981108304369
1.56196959095624,1.1165557571394
1.55494658299004,1.16683038175356
1.90285906396928,1.3519268789477
1.53604909914873,1.18499655827309
1.6297666765589,1.0987114272536
1.74457502459177,1.35094842920926
1.73386399092956,1.25079472441478
1.89194404712854,1.30382234797158
1.892955524474,1.30625885147299
1.96155369332786,1.41694263876327
1.81561206502374,1.27357466666411
1.94339866862504,1.40324035281612
1.8574040626671,1.33843222274257
1.77862085190377,1.2785584738212
1.7588707282548,1.30118712280263
1.60765026218807,1.08124225469041
1.73065148719851,1.33087299712627
1.82331528176759,1.30508981896419
1.83095875658915,1.30080894781754
1.5012172092129,1.11703569744811
1.47069423559068,1.11138697759774
1.79181758738352,1.44736354545137
1.70301397206376,1.23089721529936
1.54794046561167,1.18277419111107
1.87610543175454,1.34126251169023
2.03283969097931,1.43272074125636
1.88935656079615,1.33115614877134
1.97196412992316,1.33850049928994
1.79143716788867,1.27581988298774
1.85812429533056,1.29909709686788
1.70422529869207,1.24360029303158
1.89707039249823,1.37502166410138
1.78037774463169,1.27387611125112
1.73342042474819,1.25127694462515
1.80721141272088,1.20029785373471
1.84615210468543,1.318346324495
1.6593981626755,1.22779971429099
2.03296367343411,1.41149948191906
1.90271866979517,1.34191497532985
1.8558505240635,1.23546546158345
1.73734126218573,1.22830943424014
1.65861404838431,1.19751271753376
1.85088039666339,1.34460398776089
1.26838475206277,1.07377490881803
1.91443879460844,1.36062969757178
1.84124960359052,1.39586855310654
1.86872482127794,1.25029545983016
1.96729417180114,1.35139961654863
1.97242413616795,1.35440494362756
1.79697380343362,1.27114585328269
1.70461087171595,1.21766525614233
1.78280609146191,1.17350056283211
1.77166402066313,1.32856172289744
1.97543065583119,1.26665976263064
1.77056268803026,1.30723448487252
1.86391331522985,1.21722332523197
1.72632499389509,1.21862544506088
1.85921582707609,1.32013094296859
1.70248380559828,1.23465507604215
1.9431928023021,1.35905535442913
1.77524690250968,1.26105968744867
1.73761520717386,1.27011829794503
1.73835960919911,1.25575467037328
1.65000656723464,1.17376428562525
1.59053250235347,1.18617126181316
1.65870222851609,1.21459996364741
1.63949558725526,1.2032346179407
1.7022034870792,1.1911728097789
1.76680957035973,1.26989385553962
1.52581190214378,1.2946585614753
1.81722239663055,1.2571830069978
1.93925169247285,1.32896339784582
1.63164654160344,1.20275569589561
1.94508696008488,1.43927023353547
1.86933332593518,1.35521629849769
1.71678863643451,1.18984913243807
1.86928088649837,1.33351652387382
1.58415184154207,1.26191891949462
1.80514684460078,1.25733172253619
1.94914164576997,1.26163298914043
1.85680362061436,1.43793343361201
1.83540029938104,1.38256178234411
1.74840066131213,1.34626653888459
1.61946354034965,1.16103782611825
2.08171066875707,1.46606502436772
2.06735283291824,1.37881191064027
1.51321201942587,1.1460374470066
1.63106373971443,1.10180238943747
1.60939360743271,1.1564141139201
1.91559090391267,1.28402247963293
1.72789289670036,1.2104631630092
1.91439087404944,1.40744777709292
1.90045213857586,1.23093049696371
1.59753114274163,1.22762862899536
1.79363368203347,1.28041128050612
1.70939288802526,1.18495652393996
1.58126868278242,1.0746619383819
1.92694875557355,1.34923915346249
1.99557320512588,1.36611185064884
1.865658644277,1.29450681647902
1.66208514541718,1.23219318956206
1.85187574342891,1.33772951792888
1.90849574847182,1.31596700161206
1.67550887899463,1.1331280553728
1.72229159099297,1.10162847069475
1.94912674575784,1.46727814989488
1.77130469384271,1.12020330419204
1.93665002979581,1.33414590331812
1.75830597538859,1.26876342337243
1.81021776545797,1.26240928934252
2.16875473042742,1.51181504049543
1.89028083826976,1.29140374642308
1.85283916402399,1.29072951922173
1.72537204060805,1.20734301961903
1.96731953564526,1.42994526873717
1.89783908977779,1.26431738673397
2.04442363447312,1.49871630547804
1.65488162603399,1.15522342714148
1.43207593251488,1.05906428569685
1.85357712632345,1.31878743998819
1.66240678444383,1.08774309207898
1.53250594147026,1.16092269690517
1.7096444333849,1.26629866028798
1.76507424881607,1.18456325531119
1.78399076237032,1.31183078461367
1.48497265719627,1.1354129341786
1.48906855174697,1.14101700737762
1.55826367347902,1.21481250075563
1.83052956227238,1.26722517433717
1.95155288469288,1.39831372164219
1.73080592713169,1.25560387088707
1.96664497322035,1.49549310227038
1.77780926273369,1.33921691240199
1.99235769992035,1.49300022414665
1.85952890374148,1.30765684178645
1.79739832060264,1.26282171598396
1.77117576630302,1.32977554258849
1.73066454866866,1.09146234558847
1.88231902571386,1.24778376155926
1.76467240047279,1.28907878938415
1.80373374341585,1.32043506118636
1.79848462837864,1.25734303670306
1.80318622745742,1.30263215443228
1.60365557614371,1.13700863527858
1.93218390123241,1.38723730905276
1.77040753461395,1.2426269520306
1.86246454761959,1.26135106832099
1.74869537081758,1.21961424310981
1.67360526339659,1.15473698022934
1.75724080246362,1.30208846213218
1.63271860586557,1.25315001787746
2.0404948281678,1.42474740851433
1.74325772756264,1.22717719591967
1.67510310690201,1.20577402376182
1.54106608441056,1.08803643174736
1.7786108293637,1.35898085126299
1.92133477817248,1.34645413908276
1.6054476635672,1.09836054522091
1.61737390826053,1.18081145370291
1.69649902260378,1.30113020616292
1.61430786701154,1.21723260439823
1.80170287811674,1.25540608258859
1.87187338196792,1.32750140267137
1.87708015734437,1.38431687925382
1.61858225311388,1.22515574276316
1.60693766579375,1.09493026307174
1.449067609564,1.08073699064285
1.76602542864795,1.30114161803617
1.52458973471627,1.14536372474713
2.09442989281935,1.3809546557392
1.63529343415989,1.14683750078495
1.68379877482865,1.26852705859359
1.5805250686516,1.10480392418417
1.48891720771159,1.24509912979303
1.60066916646794,1.15595139954074
1.94635134114632,1.35817120233803
1.63288451702605,1.23006702278379
1.76681801341919,1.34372132114656
1.74955911827728,1.25531271710868
1.92056890673329,1.38394256400407
1.43667166827087,1.09448408986477
1.70860595868913,1.30349573625024
1.62697570328055,1.11613517531936
1.73309099137255,1.25464676829647
1.42342927479039,1.17857355816814
1.73302531776587,1.24032813773708
1.95366225921593,1.37358714474218
1.91498410291121,1.33999725161594
1.64707729749534,1.25398925306698
1.75865824128398,1.35622796995797
1.53284337478544,1.21462443248017
1.71415535246183,1.16965926585627
1.6647440333757,1.12983397939687
1.93663563696962,1.34226041756694
1.82912639776167,1.29435009805018
1.75280366873812,1.35558394933892
1.57108947152501,1.18029763943741
1.51751112653424,1.07301223890679
1.93927780303986,1.3518073696654
1.74442360959313,1.28515260282807
1.69051927211843,1.28636442949986
1.77252485685733,1.2069988491164
1.99822437722625,1.35126144980125
1.55497030233714,1.15801773596173
1.92071455789691,1.36480310211589
1.79732273431027,1.38472867290813
1.99625008271953,1.40434545302769
1.80955166603728,1.35501769944689
1.76973738734498,1.25648448204776
1.73630437738058,1.33493730490942
1.73277214575948,1.19822914436619
1.73532814155423,1.25003324617694
1.74230968096344,1.26226859640693
1.72582196994511,1.25375624939628
1.8377777801208,1.38482897581016
1.78998121900163,1.34590213835046
1.86123506401904,1.34936178092597
1.69912293251779,1.24582542117366
1.88020596642046,1.28891223104241
1.68924381803442,1.19649235079943
1.55946594275707,1.24902908323402
2.03163872225372,1.45352813788271
1.76451874724699,1.33836140201181
1.73667489415933,1.20220295173682
1.75079627477342,1.29941162388447
1.52940549992202,1.17545738166252
1.83891887054693,1.3190453941332
1.821045736246,1.32593459434985
1.71886503030789,1.25452512893156
1.69921260396438,1.11409410074374
1.80400143754063,1.28734591999345
1.94958410026774,1.32662531523406
1.76967897301925,1.29450774254696
2.13218522655114,1.53789607080928
1.66115282209549,1.17472706082588
1.73383194253208,1.16983667637523
1.60508068056547,1.36532012915686
2.00515699654623,1.35409946721729
1.86278304110676,1.25840742926369
1.6541734482659,1.24002796933436
1.88809979938612,1.27968069705307
1.87629030574433,1.31451956910841
1.92594677486163,1.30314844274638
1.78431199700419,1.26419393033305
1.82470640689291,1.31717783678629
1.76937955352455,1.28549577272064
1.97679248892773,1.48652729507195
1.7849359738155,1.33319352190369
1.76751793562731,1.27652775669753
1.84896920344779,1.32375964072487
1.63588841459862,1.24800952892554
1.87150488670698,1.37283731179593
1.77754179392715,1.2091803824455
1.8460654958347,1.26283308210909
1.76295011052469,1.18733284488078
1.80622890691814,1.28303088344197
1.8556035402914,1.29048352764028
1.76567877692069,1.38164196797173
2.0196684545655,1.40048218459186
1.83692520624697,1.32638563001736
1.78326407510016,1.31440720842127
1.89648492207728,1.29954753668198
2.07715210045216,1.48982064291034
1.71095984961503,1.18701406458309
1.45755358320346,1.13320131311043
1.78800356782943,1.2661779600102
1.65844545992046,1.42390038628376
1.58446114896528,1.22942666116839
1.90537197339904,1.34251466968576
1.89067306259536,1.30522179029445
1.7929656095536,1.18199050676721
1.86166167146268,1.29883565680993
2.00276407862868,1.38221318249295
1.68898212553366,1.24092840745578
1.84914512499861,1.18947677992749
1.5227636536013,1.2921992073004
1.49121631819358,1.21011150886144
1.8958118076089,1.32208141553566
1.66069189819291,1.14096802986299
1.89144812819185,1.45928411596774
2.07871549008483,1.45537647207609
1.87296543217359,1.29852631421679
1.52482320734346,1.19803413525804
1.86464287162448,1.32396126902738
1.72811628336633,1.17920168863005
1.66353430268954,1.10859341342921
1.99627592211868,1.41340262722468
1.91204150994188,1.38243775807425
1.96406875134787,1.44227997672544
1.74703154438771,1.26560067060285
1.65717724265144,1.18765815579481
1.79099025591584,1.28879822645252
1.69036546251828,1.2388150729834
1.58945826811649,1.26590316044615
1.88392428149423,1.28956692705144
1.54101306472176,1.24343888764499
1.94573975159954,1.31767500399495
1.76931565175755,1.18986146079318
1.77058310448276,1.32557075822859
1.63618707246141,1.15042616398778
1.88670320313544,1.35611087923506
1.84091398295383,1.22673931021839
1.76734873485418,1.28885799193451
1.43860830165195,1.15930754380667
1.90555365578566,1.35488401482749
1.71131965569363,1.20739403890164
1.75751929451327,1.29896516304703
1.58474037461923,1.23303600473067
1.90696046743543,1.31832803788865
2.07247326935872,1.4186206459381
1.62404536184229,1.08384384462745
1.9868191950672,1.36288109572256
1.74643270012306,1.34911700285926
1.75151252366357,1.36360644192419
1.70934015805602,1.28170912539334
2.02643298064255,1.40503920256589
1.93215689289069,1.43804335018177
1.90554017513741,1.29689266635109
1.5919206998478,1.27496219934546
1.91423337803175,1.3768940281916
1.90844627185491,1.39313321703833
1.71962066231918,1.28497517658436
1.78838211738491,1.33195629463782
1.89857265286301,1.30989017713403
1.72190878585255,1.22383514446648
1.9180666389557,1.30162310466777
1.57000088289482,1.1747173888022
1.90234728263851,1.33185707054366
1.76971912318534,1.25963233884439
1.89875634153316,1.33828658531484
1.65151719340444,1.2696574738348
1.58183449844258,1.17962817811244
1.64211852956609,1.22166349765565
1.67449794731668,1.32616087327742
1.74325732508835,1.29184677312147
1.76723242103208,1.22360985781158
1.71098034902944,1.15332085706348
1.94868084273482,1.48955101159954
1.66991842370263,1.27369820710779
1.87843711035906,1.31297699667424
1.50540172888157,1.17398930583445
1.63666479999159,1.25747725266932
1.88568609524843,1.33299263201198
1.68598249563348,1.20840298012131
2.00239261262705,1.43988053941817
1.58764420890975,1.08281340984062
1.79680356789801,1.30664650706948
1.82403750421807,1.36831540307907
1.89435439289402,1.35060138091082
1.92813511465499,1.32396946186611
1.70185807069566,1.27323583237905
1.75966398187722,1.21459439106273
1.64935972385715,1.26566107026809
1.78994859088271,1.23265206382164
2.05420915055654,1.36580221217873
1.74120916448044,1.3440801653409
1.72704845237148,1.20462543115475
1.87155797506633,1.33820781211147
1.80756705769074,1.3261885547616
1.78503337514347,1.1809969464178
1.50996558853103,1.14628441353482
1.70656660520673,1.46211909113471
1.63725136448122,1.20795305222691
1.91155560368789,1.35882104293269
1.97636568310418,1.47253529203419
1.97084703635962,1.38992472368742
2.02066557061417,1.37520823572595
2.05906113219072,1.42481538385759
2.0993383213664,1.37582768187219
1.91696389871803,1.4933180185906
1.88264571766715,1.37827419364938
1.95234774969934,1.34443472662245
2.04545812475427,1.42232093409488
1.82402852217608,1.30239085420223
1.87734018854993,1.35110825012068
2.08209242876257,1.55073981894778
1.70507133397569,1.31741896499093
1.58516147152795,1.12377345605906
1.75604355028886,1.28732128097849
1.68935809106878,1.21596422710383
1.7607281808146,1.25663775028192
1.68619125686808,1.2953869406011
1.95943528206618,1.46482268033152
1.76980568565176,1.33988748906875
1.46319799578798,1.03092932767584
1.53687067557829,1.19319547224573
1.57295538713534,1.22836508040534
1.91034349473417,1.26777641621056
1.73671947062588,1.27234187003287
1.77741272656082,1.15693191216957
1.82481521388284,1.29516017949129
1.89674607130852,1.32375696521949
1.64794419974035,1.25307477617158
1.92546636800277,1.32564344239122
1.90758355175015,1.34095080913572
1.99936505797224,1.45535855734841
2.15665601665262,1.54570674674631
1.92078915487317,1.40958848914214
1.43141396939911,1.15949526666742
1.53677912448688,1.23177044421025
1.99235175061468,1.50071577104732
1.72022719694096,1.241349659472
1.73173069740755,1.16831553150015
1.68925877291372,1.1731199705736
1.74426197703999,1.21132289271942
1.78839305756115,1.27410625590726
1.65501446764579,1.19651245850118
1.89052519000297,1.40638895498731
1.96025164017376,1.31634515782846
1.87041623902694,1.38402306215186
1.52825937228887,1.1370499580208
1.72336502965379,1.34044360209931
1.97708423113199,1.36917704507631
1.94933667966489,1.34779891337446
1.73607306841936,1.27298392426664
2.11970914759954,1.50813157844318
1.73887038450859,1.24496813612113
2.0961860249137,1.48755932839705
1.80647302088558,1.26694118343339
1.91052834048443,1.36149971226846
1.89356980336086,1.30668152341836
2.03955344189918,1.45459742785172
1.84315696051373,1.23922514269919
2.03838012366918,1.40583189744245
1.65367070637011,1.13589177369277
1.92248673851146,1.28063705810225
1.79921158260786,1.33314916415126
1.52641951373015,1.03408468545866
2.04314356249358,1.42511953034369
1.88158970440759,1.35295864057664
1.74891634325925,1.40965762100903
1.87428519311271,1.2301366534428
1.65247619868447,1.24334799599391
1.5410161609391,1.18558209127971
2.06045542176649,1.41317507142307
1.83088616752425,1.36049357315701
1.5042714735238,1.11816278920718
1.91131424461535,1.34613897257963
1.76740982413832,1.2466481722286
1.73580576528864,1.27965125531173
1.84520973339961,1.23667727593658
1.78974490801128,1.33248668791859
1.72664561345327,1.23108322938371
1.91595223610244,1.28781774055689
1.63848543531132,1.27877784752474
1.82881144839252,1.23723063564852
1.92299207029435,1.36837056755647
2.10506117397258,1.34179227918027
1.89345882507204,1.29600533413228
1.68481523530749,1.20814559737114
1.64586483390766,1.23609015415523
1.75599472923323,1.27706906899156
1.99050151155298,1.41415595998345
1.61789275213514,1.11504808640177
1.55149761200996,1.31055110187493
1.91602997266317,1.29695449079989
1.89662339948975,1.35085700066834
1.81231297645404,1.14744879825825
1.77561707460187,1.23281072886398
1.96337593084203,1.3735429204494
1.53061443522943,1.11888550566936
1.9578521277297,1.43815082154678
1.61665963400447,1.10679515277656
1.77202969896599,1.16621475823883
1.81609711838846,1.23534843801521
1.61406823701133,1.22918685061404
1.76698551447354,1.30400470806278
1.63071940777521,1.24117745954592
1.86028127030006,1.24349359633702
1.96348856124231,1.36054964182837
1.81188589248444,1.20392922799053
1.9145648696569,1.40738181172633
1.8563035470249,1.3230037353399
1.8315218618344,1.37619523442754
1.88842057236229,1.34231359108369
1.5884850602735,0.982274717728614
1.92576085891011,1.34476095125019
1.71819370659837,1.24139740276439
1.63002694453329,1.21664348222556
1.83232130371809,1.32182301900566
1.69035949397848,1.27152987167112
1.86447172181461,1.30093625427717
1.4266283747928,1.09623470340859
1.88068585998469,1.2923432953109
1.78212357296374,1.31248453958745
1.42160696641669,1.21681991950075
2.08416801793082,1.37417530224298
2.08415045112925,1.35177213665657
1.90237953448348,1.29527613757932
1.98989134539775,1.52124381025292
1.69896536527408,1.27742247750454
1.59735032558154,1.18313804780327
1.7559701768239,1.44173128532286
1.79866776643087,1.35778908604463
1.73115711202039,1.2739037437226
1.89246462221368,1.33042729690249
1.68622332730029,1.10088982687455
1.8330126558514,1.29748819227841
2.03812008775843,1.40666616538273
1.95276225465186,1.39816670410198
1.74176410895806,1.16451350129312
1.69559675646441,1.32119753004277
1.71843519577217,1.25528954024818
1.67754484053065,1.32466739041266
2.03330967547222,1.40818251227138
1.83921575537656,1.33067374705072
1.69591781076198,1.23350353937397
1.85425137566364,1.23558677273518
1.74383828800334,1.24942684953042
1.90571422514753,1.30628327448911
1.86570025863757,1.37059766927262
1.83709010005187,1.30981788136218
1.9042768244042,1.4859537308215
1.96759417068924,1.41303477957961
2.01181698671926,1.43219224009389
1.63130102042481,1.30151931422487
1.96333373337347,1.51469172407888
1.84055097478194,1.18860793611649
1.79275630695256,1.31509107232444
1.89250888476034,1.3847925589331
1.88635604124009,1.31756697870294
1.89923121349114,1.24184468916905
1.82721756808896,1.47108241333408
1.79916625761137,1.29685077552449
2.03130905871273,1.37877378099473
1.60939411658831,1.25049347963642
1.64037823227069,1.16256469167947
1.82679973956568,1.31551540803762
2.04183675198244,1.39694955834621
1.92099170554664,1.33752821617734
1.55707785444936,1.20924135762148
2.09856331854217,1.4652452464247
1.65739313475596,1.25267141297561
1.76055125691813,1.29807016972135
1.73895286428169,1.19503687065397
1.66024337173796,1.1029635579776
1.65304202532266,1.18702599210338
1.72225640984468,1.03479958044539
1.83612621318288,1.31829084226625
1.76726829793106,1.29650565297843
1.8454188246936,1.30450308124514
1.64899203491266,1.29841681493403
2.11465893513211,1.41869200044124
1.71244030066683,1.28536717668168
1.64817614442586,1.22956130924859
1.98412199231636,1.34203320958499
2.18527822605116,1.53794476236509
1.71169051193936,1.29629710223268
1.66273229903916,1.3007132448032
1.7607195474771,1.1657477115916
1.4641878355458,1.19812180643658
1.49257125895388,1.11876951901051
1.5751592045797,1.20738784254236
1.94829513078775,1.39746197518971
1.87880772433931,1.39803633903336
1.59786871929908,1.27687376092762
1.82872168731059,1.35754932506838
1.81955128389209,1.28777645941478
1.94941862126819,1.39608419471902
1.77855258932592,1.289488372838
1.85785599168417,1.29565952661044
1.99355027637853,1.40848793473676
1.70272581868154,1.31538570054322
1.6841423024231,1.25384697603093
1.74245461927133,1.30579694343871
1.53958245657672,1.08795873911621
2.00344017695239,1.40522000557639
1.81743870087426,1.31555414455054
1.68521793291624,1.15798274384944
1.99076973591084,1.38842265217297
1.80610987820449,1.2958614981657
1.80385904124516,1.26982647334723
2.13944678828972,1.49019309308926
1.91926569746618,1.35163805565398
1.65031029997149,1.32326581815518
1.83815938959919,1.27585897408091
1.83176486727301,1.32155374040117
2.01853156818585,1.39351471707469
1.49425356334649,1.16626680243124
1.57179451497137,1.14865876760678
1.72912319014594,1.18293573405563
1.5262296506141,1.13678400872256
1.91597067470701,1.33715971877053
1.8022849942818,1.3058190851464
1.39565205541063,1.14547212919567
1.63728612583817,1.30858785210674
1.8051067463787,1.45428702940437
1.98185354231266,1.4208386184416
1.64541921799012,1.24561437340433
1.69197594545944,1.23812803124213
1.902035600745,1.28538161540915
1.76806836074947,1.30611756208693
1.62479320872146,1.19921189212229
1.83580739043064,1.34721530031841
1.66353632736449,1.21406085380478
1.62150418849834,1.19071897788745
1.98663729728013,1.47619434088865
1.8650321877241,1.47285447124243
1.82455854104973,1.28356108905637
1.83132468878143,1.2949512846639
1.68355272699522,1.18188036754637
1.76851223421406,1.22758275550966
1.56723041716436,1.09401226122873
1.84240820215056,1.34538084121535
1.88472213581316,1.35264682661354
1.7027240121115,1.35275961975345
1.79799738573548,1.26930057424658
1.67446037081498,1.26606291699583
1.73212832751337,1.16995093989355
1.65624170156778,1.13748993336063
1.71086903187452,1.24006127919274
1.48568049565789,1.26441766255913
1.83909401233045,1.34095275021169
1.81994593871165,1.3251463303492
1.89213144599961,1.31087699811564
1.47091628691012,1.07876851912967
1.93628721994561,1.33314624532657
2.05369055387087,1.49558582498076
1.74961826725776,1.28843179568762
1.78558744178131,1.26413409155424
1.82225231077938,1.3557994885238
1.81166490370826,1.27036017876073
1.7704198565176,1.34714196450921
1.84232459727857,1.2881408137613
1.60789333390174,1.23095440959511
1.79670795445554,1.37152720500298
1.81775064077124,1.32848702714621
1.64559404171434,1.11239229583173
1.76803804246009,1.24446095125248
2.09137789091242,1.5209121229542
1.79618516205275,1.25659909968691
1.74856872777961,1.24267862510228
1.71795923096199,1.18591711007387
1.60826472057515,1.20183593223801
1.78555943582537,1.17901193988242
1.88783747812438,1.38162446227373
1.87957751351321,1.32566620004117
1.86808539787024,1.34801519791676
1.8410090555938,1.25478542767763
1.66744158631664,1.10522505565445
1.95655882770535,1.49231967935991
1.34356511994178,1.01233146800846
1.77072693113797,1.32337834077301
1.74315091116595,1.37123218153326
1.77121014407742,1.32612280320732
1.793379036746,1.33790830481651
1.83496201618082,1.31074642584877
2.08499994277864,1.37792909450392
1.68492415728563,1.19740122892804
1.96929701423981,1.36050952316437
2.00851048688049,1.40615660345137
1.74074189613076,1.28611089209532
1.51823462139324,1.17727770291991
1.78852535155902,1.33422067152391
1.78112190807716,1.327603287387
1.76851562328711,1.29274755844429
2.0040366305884,1.40813358761548
1.73366922852599,1.20951516735269
1.67018124579575,1.23681449660745
1.67033030291207,1.18896253173144
1.87453346181566,1.27598271296327
1.8662022165715,1.3388531338714
1.72516261276132,1.18842691020138
2.12152669713003,1.53894701778097
1.94328163790325,1.41774003625824
1.65452993349556,1.25780637789316
1.9244100160857,1.35907388961297
1.76347188584109,1.35568902642496
1.9685493959786,1.30924171226316
1.83725748256663,1.29357012250248
1.71199975933782,1.23616741149148
1.73995575125988,1.15644933055295
2.05248399732166,1.43961433099664
2.00195461604213,1.45897605796523
1.68674493153663,1.30683564829949
1.76304224696301,1.27027535283605
1.74950453204107,1.16231220740118
2.00235209519668,1.39073749390234
1.67316769331862,1.26299747677468
1.93141053961382,1.24443628595673
1.88399864664039,1.32057033919781
1.59598220490419,1.24414419620442
1.67786069220713,1.26651706473208
1.50426708721958,1.05187721164431
1.78901095926959,1.2341848639787
1.70793773870126,1.3838025186289
1.88807410807506,1.29627186789573
1.71914162146628,1.17953595372325
1.52394544736574,1.12856844722261
1.66200022457717,1.2038897756936
1.97516957955281,1.39561995643853
1.86673993959946,1.33706997407798
1.6787115496067,1.23989480649615
1.88088171051095,1.365689828043
1.78168488867016,1.34009571605824
1.935086762486,1.37540104038639
1.63925376650875,1.25607646358375
1.87615191331329,1.39306579202405
1.73985836588725,1.25575915063855
1.95736551283895,1.30355959341919
1.74130029832894,1.24212720226827
2.0047409201176,1.44600884501069
1.67388611038399,1.21692778131775
1.87805046522344,1.36658203503022
1.66255041703606,1.23029018614195
2.10267358352512,1.56694923877516
1.91487214409553,1.37749250612226
1.66653349812498,1.15484858361383
1.70976960135979,1.2137838527598
1.76929104731662,1.34184303701512
1.68429960671158,1.20303020120016
1.68523317796726,1.28642394839656
1.83746735303206,1.28524003151134
1.66764540416939,1.21885067441025
1.62566850595441,1.20114760663474
1.74779031387687,1.20856930967296
1.90819306304017,1.25130089691878
1.54417165085438,1.21492664341931
1.46625547166049,1.0948885892126
1.82947445900705,1.41610941024517
1.56945786508588,1.07788112083135
1.92471467260468,1.31836522783175
1.79801104270703,1.27176124371655
1.98091120216551,1.45403072088896
1.7744567608177,1.18519157187299
1.82810422601817,1.32742028063426
1.96948242020969,1.37753703372833
1.78936623037889,1.23891309056532
1.40417094898307,1.21375144666238
1.94420162289411,1.3853311206765
1.63966415297754,1.17703636626206
2.17602757162458,1.45972525522536
1.70431631057619,1.34570019283025
1.47466964562088,1.08175472521043
2.07223030268627,1.46783338204922
1.57120773902001,1.34402355435369
1.82993095885903,1.34776331209427
1.48921252324007,1.0854490367888
1.80205898309629,1.20369315247684
1.53720565286704,1.18098751985262
1.63032278732264,1.30049108351427
1.92701997681138,1.36181904191595
1.5580105445843,1.10006235765011
2.08161879531372,1.52443655539513
1.79985989018694,1.30549155973188
1.76677595860151,1.29875370289035
1.75275558587899,1.22847296848052
1.74483189318198,1.33539588242579
1.88295602927477,1.31533461109701
1.61786999623212,1.25015605891745
1.45838976431067,1.0897398838205
1.60711741028863,1.14610067027979
1.80173525296927,1.42574833199319
1.72528535427515,1.33526896500225
1.44748431093707,1.01404315153318
1.88221453228931,1.32568204220372
1.79424113731414,1.3048354208823
1.85528661581665,1.34120663125775
1.66467180246907,1.2992140469028
1.63920732241052,1.15657198045687
1.69337579392654,1.23329294460185
1.90255074225518,1.33397976106306
1.67203501319445,1.22698868907541
1.94411580245178,1.39915914899776
1.90886129929442,1.29874581301637
1.74257213868455,1.30882550595904
1.71050804506111,1.31544075230495
1.67545991510034,1.23023286088252
1.70661375256951,1.20439614765144
1.94696015147355,1.43648675062786
1.73624326725616,1.23586152691653
1.80531654318112,1.34012029696548
1.44672322300611,1.17736672751754
1.7176687802466,1.30697938803075
1.99809774595183,1.44264081615251
1.73511911915623,1.26369867793093
1.68314043547427,1.23388243489912
1.75348384526691,1.35489838385112
1.66525230947433,1.21569021575871
2.01955453126729,1.39349628700343
1.97350761413642,1.40966867594141
1.67263819157652,1.40802547769191
1.79120829438851,1.16717310822745
1.83136233757585,1.31130512502324
1.98902186000677,1.40069271023951
1.35159543400143,1.15193321593976
1.64743191819988,1.33250449130184
1.72154974866108,1.16142128261647
2.10234106167432,1.51490028304156
1.70432593368109,1.28261908529295
1.7021397903849,1.26662355738165
1.80844772919629,1.3147387325312
1.79320334499757,1.33182474508765
1.66360412307906,1.2354413412378
1.59913950882365,1.17406668663868
1.63463533541836,1.20709887900928
1.94877004096591,1.41072554355767
1.87107567379689,1.27971470726665
1.74507074924638,1.23745913285903
1.97179731635751,1.3763954499008
2.0376575268843,1.46139908431721
1.8155647662535,1.33789201729217
1.78222471999843,1.28846671428967
1.88754712812675,1.30084897710799
1.74453064786276,1.22621946630028
1.82024838367268,1.27555796092423
1.54549552023623,1.31331777275586
1.99795126781626,1.40009647300873
1.64330937995841,1.1977833784524
1.74744550024184,1.25713161444187
1.55175851488834,1.26104765165778
1.79242022751352,1.18263133345753
1.6498245950612,1.27991801615406
1.73734401475338,1.2738802182229
1.87294900864447,1.30321514819553
1.83660550460506,1.29018198961502
1.66408807026624,1.19617700889349
1.62883666261233,1.13437530225027
1.63779607997878,1.09166399889383
1.66793595531218,1.24021341115763
1.92250035686718,1.413583566794
1.98748052574833,1.37260931168582
1.95268097165208,1.35334972381909
1.80463560245732,1.3235177935465
1.92316221623485,1.27459128411899
1.73966152959228,1.23324993415877
1.49839738228468,1.09947137958293
1.4197989524653,1.12316064013754
1.89412300098033,1.23735647932392
1.53279387189494,1.11304389690628
1.93251491745387,1.35619607050594
1.93493127681032,1.38166028691398
1.59361998435641,1.11780959217759
1.76632188035797,1.22920829840341
1.68044023484643,1.27315648628143
1.68515181909831,1.16618905933578
1.50815933836075,1.18019971336082
1.8530770729953,1.28946191407706
1.76726248957552,1.24502590200688
1.63438016345968,1.34690898727646
1.84573872396713,1.27957034098128
2.04824216166484,1.46061245151017
1.65718962545461,1.25239086662468
1.69302469161567,1.24665255388242
1.65332848091359,1.24429707314899
1.89425156439852,1.38109288914017
1.75411401144954,1.33736965696912
1.76469385813223,1.26872247679363
1.68585978213647,1.24271610204382
1.69323577037341,1.20379144280586
1.81610971436833,1.29815657958669
2.03254951362168,1.40356121693549
1.58064205897554,1.19336159641558
1.72567631844538,1.26925424439338
1.65240956552069,1.20446139693335
1.86548557484394,1.36720334935255
1.93859630082535,1.40323141262939
1.71518729619694,1.28396723791826
1.92998087123644,1.33363940606344
1.98400425425341,1.32396475373068
1.83656640388985,1.34418723054568
1.7424401209812,1.26180706411679
1.6232193429402,1.12106251020466
1.82584769892281,1.341452181004
1.7641306439062,1.34256390711267
1.98854658724027,1.46931926398426
1.82502410106845,1.27637644428299
1.73598508378332,1.26892418751764
1.84515485515058,1.37159883659307
1.64822911522016,1.13329117148551
1.98433806853622,1.38620432601736
1.8410691866487,1.35829780959186
1.76397831890645,1.17323392100919
1.83530360895669,1.27214103006869
1.79393254678342,1.37115289292192
1.73482579519028,1.22949354155059
1.38121145835477,1.12995079390092
1.97756516821061,1.34804372168288
1.58536277002673,1.1769795663553
1.7633627339359,1.21384622784612
1.520812562597,1.07719282067423
1.64041864207953,1.36039316289132
1.84029506967954,1.22731485248887
1.67463609465356,1.30097573756798
1.80005977370724,1.25766790662241
1.58004482290253,1.09398442101186
1.78287664096844,1.31387918813907
1.91113172404273,1.46728808544038
1.70715237174947,1.09881113143159
1.59996072877136,1.20833032869191
2.01253314525044,1.42376406111202
1.60514738029749,1.20970631315326
1.7941147070754,1.19763088883909
1.8429328941194,1.34786798776777
1.78211335621823,1.15649322948665
1.55731455819381,1.23615931358212
1.97672199002573,1.42163342784646
1.79066451506001,1.22852226600239
1.83708124620495,1.38212322561533
1.81541627771343,1.24809218308692
1.71621621214015,1.18937932248272
1.89610763079725,1.34929814601464
1.87653254762699,1.30112541708165
1.7392025642041,1.24788732259897
1.89245676174732,1.36867485205554
1.95612341801974,1.29595638051807
1.92735383568508,1.30422321150168
1.91367368519097,1.43077056141233
1.74002516423854,1.28427004923136
1.61712529574579,1.10310386093913
1.75744355068574,1.39571606155617
1.76140942639864,1.28120308463089
1.60867941044432,1.25745237404831
1.82009568488212,1.31465028001404
1.74870790945509,1.23079715443239
1.7128383374839,1.19693723374709
1.70023528490455,1.15198425065944
1.79137661004498,1.24654173249622
1.98330181692749,1.44341298440054
1.85724213014531,1.31532329706381
1.73630130109733,1.17258543313106
1.7216659904136,1.27186630906952
1.7160189655522,1.24129772523698
1.76460567118004,1.18317009173233
1.75239598545922,1.29914612299437
1.60157969731322,1.29433171430136
1.94971838727854,1.36019189879453
1.57967177647398,1.09144682175813
1.64405646779751,1.15935130456982
2.00945238856751,1.35398197488564
1.97656243687307,1.34551861448015
1.73556866923028,1.23261124961545
1.7095327133406,1.16988671158421
1.64838948367314,1.21723330999877
1.81235334889497,1.28337370812607
1.71421507375757,1.26192761157433
1.9481287505971,1.41254966807129
1.66317294974016,1.35460526166046
1.91868628520562,1.41697570859522
1.92066684755401,1.36796663322302
1.87306000236619,1.25327900223002
1.59825173353264,1.31607530883318
1.44792507383995,1.14361153152727
1.7008515440528,1.30444070094772
1.94349082149826,1.35659306418827
1.9068129824051,1.35775250812586
2.11043386410583,1.40469714177042
1.93116974639336,1.31694401396173
1.80386857053742,1.31130741166102
1.75616953313691,1.20389298470376
1.58590004946309,1.18727013265742
1.68523379318458,1.22732252556091
1.98240142564013,1.42393804586633
1.92576543133238,1.41788776611068
1.75730729880928,1.30242756994437
1.45056032640259,1.10626521263525
1.87595994571554,1.39235765681668
1.96454333926369,1.37227671416882
1.68764123082111,1.25167095089225
1.88151811258566,1.36021513910396
1.60233694255888,1.22152570489068
1.67429579055769,1.32718053275593
1.72644741685038,1.29310612758729
1.81260516165815,1.36137287642297
1.73042328349904,1.2108392860797
1.62311796241737,1.13003260943823
1.87867942352437,1.3208203137641
1.77280667574522,1.345404872322
2.03800762946858,1.49956070927956
1.89594085038128,1.32720997104152
1.80015446417533,1.28035942162995
1.92626163654839,1.35086759111856
1.7257608867055,1.22266944460532
1.63267164087947,1.25423896147081
1.9172057451057,1.40933892761967
1.7941829272717,1.26021814573866
1.78763544192866,1.28027368518676
1.68391900122637,1.18672631172418
1.75439084588796,1.32607576900976
1.74654755543583,1.23205612699825
1.85261135392667,1.34014027094183
1.60022819579771,1.08478278756802
1.64791085551663,1.16803177706731
1.95899668219505,1.40366076108566
1.80788672416947,1.22393670384205
1.79263753287764,1.20906804567508
1.6447371926788,1.21473590258613
1.79320945836717,1.29645763744116
2.01798287238763,1.37532661268057
1.78207067258996,1.1765859793578
1.77734435355052,1.25239467309664
1.71823137845101,1.27436632938194
1.8590871499571,1.3667852811302
2.01170922740314,1.38813311808152
1.81551742526656,1.31903064117573
1.80952980951847,1.28121123451967
1.80557802629757,1.29319877628634
1.90581418914405,1.33612575819532
1.63797091567156,1.29932297809721
1.84298172104447,1.36177779635153
1.44446219975462,1.09205662656798
1.58275630499477,1.11220173688465
1.76910418235885,1.3211492053249
1.76162751326241,1.27382599594563
1.38741435705033,1.06342600916972
1.73823085696317,1.1197598058776
1.69028025747876,1.24094887323801
2.07552238812424,1.36664293150172
1.45992823920369,1.01762867996822
1.80952913574632,1.25060046460515
1.78928696731902,1.30760835726042
1.68973411266804,1.28243021967352
1.86893371856587,1.34357125994749
1.75814809356689,1.23815567696753
1.75564826514994,1.32569562390076
1.79818453342059,1.30675585441179
2.10094843477068,1.43799649290835
1.71318806803246,1.18538465546937
1.50527262308264,1.23374202828678
1.99343821445413,1.42880181378315
1.70894138146824,1.07691677393754
1.92666195720958,1.32686967135337
1.61431961521164,1.1804908796495
1.61508873981454,1.17859098318403
1.94193626626,1.35422779940001
1.88050760088907,1.46928319476733
1.91264754173278,1.29817539003027
1.63790775644713,1.22470706122794
1.98159877737853,1.40710237257494
1.42297824477916,1.05276701522651
1.9288821095969,1.34909437269198
1.8147242196519,1.25335114936739
1.79745855230677,1.27554006893763
1.76976950358427,1.33175957388968
1.69124749740717,1.14764240072788
1.58540198217879,1.16864023294499
1.67127675606908,1.10973554506278
1.67667789714287,1.23457416128349
1.74638135741554,1.2819757981372
1.90796162195088,1.39624079052565
1.6235789032195,1.1844232943229
1.94278142298512,1.39025280771132
1.88282359664784,1.46768747362874
1.71030150479137,1.2365606244664
1.55466096224581,1.20357360349632
1.61609077498144,1.17880534430815
1.76789406151671,1.29891983079523
1.8167652713759,1.36533913165927
1.99776568620571,1.43758329722485
1.91123779656278,1.47785696285554
1.5865191364475,1.2188374768814
1.46763797162424,1.08811554928753
1.7168059780103,1.23856108954724
1.80268723765146,1.22727084855687
1.98040785930151,1.40729702900987
1.84594685106498,1.2957319230593
1.86400042592834,1.34494270504447
1.78590577407186,1.26364983303422
1.77084170648084,1.13160404744979
2.01246488818812,1.44758257134621
1.66351625283671,1.26108875904706
1.83161498961479,1.30995193361818
1.93991051140674,1.35727895457782
1.717995565178,1.21348371978013
1.55993582971183,1.14104944552981
1.80254011063972,1.35756489880323
1.53255753415307,1.17362394761107
1.84160934868707,1.26866335375254
1.8769023631257,1.35264513092506
1.84122733849334,1.27074280026248
1.82725975728952,1.28631514593953
1.70817453639912,1.15725482425946
1.7101745306391,1.23780161634517
1.81442339755051,1.37944411541306
1.58764941371989,1.135690343281
1.60311262260389,1.22476548008278
1.90023233430215,1.31937159977474
1.68426092704093,1.13344635904609
1.50871747066132,1.11585453124258
1.84953992992101,1.48375863261377
1.83902493986218,1.30570866566011
1.74656601991432,1.28471843403596
1.79729167879189,1.2526046498215
1.79759524698522,1.29467036995579
1.64871696010193,1.24505375271579
1.62342507161109,1.19357094847437
1.74587507269995,1.2721489304589
1.98091442795463,1.42652914881249
1.72180341241414,1.28023512874328
1.67623491318658,1.21504243097157
1.88350946112242,1.38115854113042
1.58855451162486,1.23742115526137
1.76182341394447,1.24745735397985
1.73031488075306,1.32888799494891
1.94254273451052,1.40963324115854
1.68599778267534,1.26665365108942
1.46175749167803,1.12623116394017
1.80137165255014,1.34476980124984
1.70618557681819,1.3000221338582
1.71882805375321,1.37499084002088
1.95300859768116,1.46304645993595
1.86313149777438,1.23798501840681
1.93575791720082,1.48619470013006
1.89023695669506,1.24987104525519
1.70968906434686,1.14888852088566
1.88704247758105,1.4298314094255
1.72613258500159,1.24333118823484
1.79628273923692,1.25389287419904
1.79879683048784,1.17694342192072
1.72684864479949,1.4115013041539
1.6138292668649,1.22101666161417
1.52459892099118,1.16628268334054
2.08243078106491,1.38529019091791
1.56650221359342,1.1937728673693
1.71377473150233,1.23102508757889
1.78050570097496,1.27836762828482
1.88503349021511,1.33260875179009
1.57833993807944,1.26285806249301
1.622151589994,1.16692432496915
1.60516535850512,1.18976038998488
1.60664048331028,1.08624344533985
1.84574002406115,1.20830510910128
1.63071754371024,1.14324753056625
1.84454143498952,1.21823692729899
1.9606332553322,1.39076843946484
1.82250736831017,1.30336651922416
1.85502573697433,1.28744092239642
1.79403017167234,1.28126498829384
1.7540218191919,1.24992482448287
1.74234998515624,1.38934973245595
1.83114878643985,1.29762876958979
1.90881778364637,1.38595720697851
1.69500297792407,1.19960315046932
1.7569833498184,1.41950627304143
1.8237977045711,1.37071287498192
1.73257244343563,1.25196579687314
1.96102737949952,1.32876803536541
1.76983957540054,1.27784804759107
1.80715818100401,1.28234489737765
1.69273288135701,1.20839210207049
1.99499816862645,1.37076286195108
2.03439764479681,1.51008125540926
1.86167005905305,1.32299296787275
1.8353957505747,1.34425475682913
1.80669791964613,1.28841499598664
1.9499968347566,1.32562273289245
2.04452499411187,1.44146677484132
1.84115582299583,1.33482352254994
1.81935985885441,1.32493536030712
1.7124282927645,1.2209695465658
1.58485216207343,1.15464279740738
1.75066714794312,1.17421211784594
1.72277264247279,1.27410696496653
1.87598789367097,1.32645169816344
1.54490633168264,1.21961108420534
1.74148644414931,1.26454429713123
2.11640014041805,1.36285783256908
1.96469613898944,1.42928257257142
1.4510092570966,0.950397607750849
1.77776003159625,1.33898549382716
1.85965388922386,1.31353067823822
1.72270110243959,1.19640369856726
1.7664946607595,1.26918390380922
1.81470100506155,1.36641633467672
1.77390647652646,1.23201066507644
1.56746796069104,1.25648004779843
2.00719059390789,1.42022795392489
1.51956889684867,1.09493286241193
1.70795710433285,1.19065953427037
1.91157232882351,1.36848090665764
1.9403921472914,1.2643974445985
1.66487548866809,1.11582170059084
1.98714549621241,1.45584814164935
1.64128560826499,1.17193584590435
1.76153902467953,1.16134079811021
1.64244741072935,1.24207851171205
1.44306665919303,1.14627889765518
1.80344595373675,1.22222646180042
1.83073418792022,1.27947660001654
1.95783205293394,1.32488021932745
2.08937341242047,1.49199254122217
1.81088904444245,1.33638047813007
1.36992544801505,1.16503782007594
1.82610314440534,1.25929899952935
1.92577586363928,1.39685946690837
1.9546003280026,1.36491360080551
1.58783497691201,1.15617601113704
1.85536301576943,1.36767800694027
1.46686951003505,1.22352819496612
1.80748463450348,1.35656319419702
1.72002792148043,1.24737735605683
1.66924079452264,1.22027372016317
1.69363745635009,1.26830096584063
1.8973056000138,1.37132762576972
1.6112228988498,1.18071994254649
1.57634503632347,1.16845571904105
1.72518911372389,1.20862416752516
1.76188585855968,1.26648814063658
1.62822715630136,1.27972680062806
1.90814079776986,1.31317415913891
1.89781654683323,1.38432729833781
1.87839478313863,1.28707036315471
1.66067363535499,1.20423907036
2.22411759439223,1.45226191703664
1.85636564190645,1.29456990528749
1.64398759524346,1.18559406908584
1.70046788654944,1.22067590054252
1.67835576934751,1.20152610478633
1.54898171384785,1.19129150836235
1.81984209913181,1.30590907655523
1.67393057109461,1.19193080237421
1.63241667782974,1.14955796662377
1.88419368007326,1.31917038486651
1.67588903658071,1.29005880532916
1.77973270939128,1.3540029193874
1.65471697658424,1.2147481689739
1.63865850800846,1.2367897359268
1.67092780072218,1.33977636049025
1.5258150220289,1.12065858817632
1.87386274802682,1.29610279131309
1.7321660945896,1.24392419908687
1.79878282533715,1.41772328327157
1.81890803643037,1.31570729158507
1.61053244643181,1.25619923038328
1.58660380812278,1.25351721575761
1.7524759538969,1.24309980211966
1.67191003441682,1.31761358387029
1.7897064230819,1.34205183048474
1.96722290423443,1.33501421271639
1.97063846917307,1.29075386529238
1.64603827825904,1.20576495887197
2.04835223658317,1.49467873116056
1.82265363847311,1.45187059497787
1.54579211963659,1.11077763541984
1.42439745259289,1.21628337822334
1.84315324407573,1.36469516294099
1.8480325638239,1.32135935326372
1.96621367556248,1.35379338736073
1.66110130129844,1.16356188910553
1.98234129235028,1.39466437738484
1.8260224787915,1.34148852924196
1.71167572590969,1.22362165567917
1.78558645989075,1.35437001330251
1.54379441099124,1.15951685546694
1.58571162291457,1.29265329406331
1.87486188557414,1.36447331103469
1.97338719572723,1.37959675089083
1.5980500842601,1.22681701354684
1.94536601700986,1.29305997563381
1.72603240475373,1.25682405585214
1.7830457295963,1.33536453245659
1.71916224572487,1.30169483775857
1.68624056961738,1.2157450363371
1.71709086589451,1.21596162363938
1.85500513160326,1.31904946995049
1.73547679065072,1.23767429389169
1.47065964279684,1.2391608046
1.97298803068492,1.34096297801813
1.84837458498561,1.43838243272784
1.97364138958685,1.3966003765073
1.8457896000139,1.31698033364202
1.72180487443791,1.32003352126486
1.50517600464845,1.11361995777264
2.15864624963388,1.44735828861642
1.81343375191993,1.31482737588519
1.98569870725621,1.45845533563906
1.76142099521316,1.28758201015837
1.97451149207432,1.38846065183682
1.79977964846147,1.36581948249884
1.648135041444,1.15883947864594
1.58666408841301,1.14624637358243
1.70610237655569,1.26054999824195
2.07326263611235,1.38741324217833
1.69533137896966,1.16215879453826
1.58515140176281,1.2549643336842
1.75499864616616,1.1767751242822
1.7977208797748,1.23382213309772
1.92027478515077,1.33128651253315
1.86691501555732,1.23074754117087
1.69252706281603,1.30845579312312
1.93564433267895,1.371340668985
1.54840706792126,1.27433040766764
1.46389532060895,1.08250507652101
1.89518860413555,1.30267157508739
1.59706957080066,1.19047884186089
1.78933801154948,1.25757348125529
1.72402529357388,1.27801963057987
1.84095492855138,1.3661177949565
2.0338145142711,1.52214202674506
1.62725828050411,1.08772459211048
1.86854617117198,1.36303176870601
1.65486910184157,1.17529180182743
1.80629238292578,1.44814274188119
1.94213857604345,1.32698474252829
1.93394276300148,1.3312335206355
1.67178528554171,1.2993651260984
1.82590570606699,1.30841663442851
1.85606669382608,1.30919584989382
1.9303837379909,1.36426081705925
1.94479771200189,1.40548328655835
1.80605066027594,1.33603901205327
1.7542753205838,1.18021688988552
1.85072106409161,1.32541317978937
1.96638206832468,1.43973590764199
1.64081551461917,1.17856273186743
1.5772407170086,1.0974288883728
1.71478549716828,1.18776449212786
1.76875483657326,1.29287122493569
1.79400499608747,1.29823257567481
1.70092044034708,1.22649846643602
2.15007372522547,1.46761062587081
1.94593716356394,1.35678718336877
1.42886142480117,1.23485199543038
1.70202332940928,1.16033541765654
2.03692207904507,1.44895500524131
1.90613684654247,1.45422450310964
1.6088549524775,1.16731344738188
1.99607944432976,1.44525152003006
1.99089396165288,1.40551890011663
2.1742224851973,1.45708500423283
1.78919261328795,1.23601658499033
1.71782883633446,1.27033312924529
1.93143450493938,1.4215480330846
1.68935580714329,1.22826203494579
2.01969193775749,1.36556605271284
1.89634056178281,1.37242582638649
1.62565045119349,1.14145423407736
1.7637971906974,1.2662557075122
1.73167767450062,1.20881742457563
1.87082704664174,1.27116684607186
2.06635114639845,1.38917635695332
1.67146440343601,1.27460253539571
1.94137088961231,1.36088823717352
1.67526303048881,1.2267297449906
1.61572939692613,1.17325383964872
1.7713765107272,1.28887271343825
1.88277442368549,1.37517463685958
1.96879764629901,1.37124716957252
1.86274818629301,1.31409714859875
1.73572417667703,1.28142789414201
1.51161854368095,1.0914375751145
1.73890216516083,1.25466368059254
1.76607255828344,1.30275960210172
2.04359971710915,1.41279485528746
1.6033739310238,1.15406830287993
1.64942141973401,1.14415827293891
1.69963394680335,1.20446579581116
2.03858952242309,1.5241091078517
1.78769787757552,1.2340727126981
1.98282395892396,1.4360862693581
1.7949048467652,1.20224987726922
1.73985448524567,1.23338242487658
1.99810974568366,1.39499614153759
1.6039937749712,1.14875614778531
2.09800434385299,1.46614249859921
1.82873832303788,1.23571165298755
1.74012310718347,1.28210140587078
1.72359752048046,1.33139341076132
1.92649945954423,1.28068367513118
1.82553582757212,1.22559535307857
1.74863551186387,1.25043554311613
1.83480489784566,1.346714479104
1.843341396046,1.24421670371684
1.52880320165753,1.17527490873043
2.00446327121252,1.44567215531648
1.80295735367168,1.36425250293739
1.98434538455285,1.30604643261569
2.02599384436634,1.42984683100262
1.81194901497586,1.2446446684155
1.78346712180063,1.24992966302443
1.81752655966576,1.3275490485086
1.83029466178596,1.33852927260046
1.73904888239797,1.2167730302099
1.81367378810842,1.31581954485243
1.99451357966106,1.41270905958597
1.55572039083372,1.18217639511273
1.81649053062464,1.34054325805197
2.05924859508699,1.43800056251267
1.67967584557265,1.17522247271227
1.88985090925483,1.25401383236204
1.8696431710624,1.34920806944727
1.64261198548517,1.11442836570817
1.88777171837434,1.29781591456921
1.66563208834466,1.19304976178785
1.72769771600362,1.3847768370103
1.76712561213135,1.25264941948295
1.82443488255277,1.26633551195436
1.89958146426806,1.42537508402521
1.68458232247423,1.16520437249975
1.74875201627638,1.28465086993635
1.57222503051547,1.32407052782479
2.0624395375608,1.4523072047211
1.90259030369102,1.50219396254382
1.93157829119593,1.39415634241284
1.57729007438209,1.13694764210555
1.83637128640845,1.36311783748504
1.78104418139344,1.2661571855823
1.74778595662501,1.23929642584458
1.9307646378932,1.32706716375709
1.74599899519914,1.22513019525021
1.70796468153323,1.2756998751116
1.47478290477346,1.18548957534149
1.83280325151161,1.29950853499764
2.08156488482095,1.41600450045173
2.1352407551801,1.41650469917916
1.83147040080216,1.33074589485162
1.70721006719907,1.29996490507112
2.00026248526988,1.39942629386539
1.81168506662514,1.28310805472195
1.95821572221142,1.3669737579368
1.35751469453726,1.13479017056404
1.86401617964877,1.29334295236241
1.64437094049156,1.27218590761898
1.62681061239117,1.21821930577329
1.89670640099934,1.30552491210808
1.59196129894315,1.11780298559632
1.88251906118841,1.26695315577651
1.95562921629474,1.39182299675215
1.63731015300098,1.12746600612092
1.86964339363381,1.37336776284068
1.75688814653969,1.31150634125251
1.97134308990874,1.44468790433477
1.50551443239383,1.10062933955469
1.82913388262887,1.26765136811061
1.63176349777429,1.22029969246715
1.72600643127942,1.24494899245658
1.81240744252588,1.3688402240806
1.81142986754287,1.31704236205033
1.74382047538189,1.26668175743095
1.82055300176546,1.28770718167825
1.37270474212867,1.16474951438691
1.82290913133224,1.31328013145736
1.98637887466048,1.37576327254701
1.92272121256544,1.33181869250098
1.95070986059252,1.40032439023869
1.83651726569251,1.43542444720839
1.93461820978351,1.35497597814438
1.66653044890379,1.19204273779232
1.81179509598422,1.29620861640216
1.86356205867139,1.34655923423527
1.72246855682585,1.38188504672917
2.10708877367593,1.37861696412321
1.54726606427057,1.14165035349951
1.95755538057684,1.38441334554742
1.7229634481942,1.35179301498044
1.79038820812819,1.3699772591442
2.07729438512472,1.47415903129649
1.51809165447128,1.13053196604888
1.51396493480644,1.27803854062953
1.51446833018154,1.15056059072362
1.79089294839207,1.27501661946674
1.86807736493044,1.40328715049732
1.95070368526589,1.46046893458069
1.82039341997102,1.26622506199782
1.80474341432623,1.36504221532862
1.54329870696237,1.22204771333511
1.77425430914242,1.32129045262603
1.44777022391007,1.21457971215948
1.86289402935255,1.26241268525455
1.77974393871168,1.31470491372365
2.03385874551068,1.37189693223543
1.93122793156869,1.48890745668104
1.74619868751919,1.24029250705797
1.59975881311886,1.12441765197017
1.87907320924055,1.34584594348507
1.67103596739689,1.22425218770539
1.75862412896831,1.25042227876629
1.82904775815021,1.27661953641131
2.01019520941346,1.34908071254339
1.7512467777447,1.30613365621989
1.84192427524978,1.29106983624275
1.7641371945106,1.29987525580677
2.03469646428179,1.45824017571814
1.87826396007559,1.20285884712551
1.60629295126017,1.21365753054634
2.02404583555648,1.44743953468816
1.7261445449083,1.16333380901828
1.69562454764616,1.26575369948067
1.92348696044689,1.39636737382778
1.89183748603718,1.41440185506616
1.78862012610849,1.19192576611308
1.92834712301044,1.32407428522539
1.78585845400916,1.27980822619765
1.41341269968647,1.18835980366423
1.71612888133032,1.31855935930919
1.70157994299357,1.19766290937484
1.84388059516066,1.25135288587398
1.6452188334248,1.27916240226544
1.70758683163001,1.26925207284298
1.69955711685041,1.2697320205477
1.85170698209148,1.13476785293318
1.74867749258997,1.28002848965612
1.79330129237579,1.25226650974893
1.49606062858948,1.19901517524422
1.85759324724041,1.26752805505589
1.59659055807599,1.1573241014982
1.94112723324316,1.29922005852705
1.83605163840651,1.28008665317216
1.86490914660924,1.34312165674906
1.73908072065339,1.32804954697164
1.72582764643673,1.18725606081944
1.7286921362072,1.30534774821172
1.4850068704659,1.08691000640532
1.81585526235072,1.20205508266687
1.78335772109446,1.19622851988718
1.84412532335684,1.34442171539822
1.88480487035184,1.33780741448983
2.02608285708132,1.45803160547779
1.87254702876983,1.29377871466419
1.60463042691498,1.21129794762425
1.65896460599472,1.24168538527475
1.66548845196186,1.20606114285366
1.75616239536036,1.15847517044
1.75362449336923,1.28572079367048
1.78245780901466,1.22225557675501
1.80493350417352,1.29404179648345
2.01938048161879,1.48776368640058
1.70374881600804,1.25153310933939
1.74695856231512,1.27278333823266
1.49875351360608,1.12200233554908
2.05768312175527,1.4702245361497
1.68122876458815,1.16795004975735
1.49730230108069,1.0635495012096
1.91483894390475,1.29425863218346
1.89031813867953,1.42367155658398
1.52907012737472,1.25236900427433
1.68686861137675,1.26127705154533
2.08915130983607,1.3930537312765
2.08540446351389,1.46234098444578
1.80708044430563,1.28188440562063
1.84361543802579,1.33392013698319
2.05130899888811,1.49114987074871
1.86576915865981,1.3914652992417
2.02712092216093,1.41043104590968
1.93949866770377,1.38900852225658
2.0312993649031,1.41094263510707
1.99277673838373,1.33695541096359
1.70549606337036,1.27091827233062
1.73184391898166,1.21976084927968
1.85978055565654,1.31990423542565
1.98490350961704,1.49066953368127
1.67571586603626,1.34931852220912
1.99315218770234,1.34077049671358
1.64283317517997,1.13081924270491
1.8186330574542,1.22766624502319
1.83993932819175,1.340817671176
1.81017879907018,1.34259788891663
1.86576617462535,1.34377359692835
1.89406147031741,1.28931544476833
1.71793653733127,1.26466482367851
1.81263483981554,1.3960579080701
1.82611836223691,1.2872290568349
1.52289095632349,1.07787076170563
1.94142620293873,1.39158229379096
1.71982823400319,1.13427147603831
1.61372774385284,1.14477658415176
1.94645073529517,1.46497164928913
1.68330491527656,1.23701913547249
1.87773802427023,1.30769987160826
1.84262224902472,1.27019024801962
1.90444426247254,1.33216308030585
1.82910809051628,1.29581555988354
1.9514324566073,1.40264362630548
1.9192596097337,1.36404922433155
1.74257105651805,1.28858548196454
1.73692685346832,1.20435090791284
1.77914226225247,1.26871057747162
1.72618506581538,1.30566984381676
2.15040498170376,1.57577114768621
1.90286320855034,1.48473465984429
1.97002914816872,1.39944738997415
1.90142249329874,1.30076675308627
1.60558341585779,1.08220036973312
1.88965476866566,1.34257116237863
1.54270286243038,1.29504590685363
1.75076971374241,1.22374479145529
1.85239445077545,1.26853330119924
1.74180253951363,1.30481745103971
1.87616513245269,1.3415935797007
1.69719829992478,1.14935317128474
1.65436027164939,1.29134933812639
1.71354252007079,1.23687420366211
1.84982011849599,1.32967295347153
1.75149548076568,1.21448065781513
1.68924473571129,1.26858607490816
1.95079888903755,1.3311802464155
1.64941838006479,1.27186472616727
1.88039363710936,1.38912545565819
1.81714586807958,1.29452697204348
1.9300580443595,1.38445085833286
1.58233555175012,1.26712239234802
2.04703324169,1.61503130513979
2.017395613236,1.34250287582127
1.7844355751496,1.26767309100094
2.03434852923738,1.35862302326503
1.94432330724995,1.42217591351884
1.68674574190589,1.28465658625424
1.61548929780886,1.1072962095425
1.87310226753852,1.22577622529691
1.79049735347041,1.37017763302404
1.6406945780859,1.27045035558575
1.92899615471762,1.40902884017368
1.92105156388017,1.38314177756347
1.70850515741267,1.27863352825282
1.64773103025119,1.19748352913984
1.76732828417867,1.18750427910674
2.01649039715634,1.47127705704771
1.71711843426087,1.21032987225665
1.92548889134533,1.39304335241593
1.87148554985471,1.44323607239288
2.09750984424059,1.43294475238519
1.96095726189415,1.31273172296935
1.73717569844601,1.25586758989602
1.79897070866178,1.29161076826398
1.82867087181637,1.21013132189535
1.55264907828078,1.1785172855712
1.6650760188594,1.23568916990704
1.8486495576584,1.30303796575188
1.77729902924216,1.27419894017633
1.64514557714346,1.17994277716355
1.57427922466672,1.17741774505525
1.81516314642458,1.29714273388418
1.66276952755714,1.24114125449214
1.66543223535674,1.26387236520076
1.95436798953176,1.30007050103301
1.41253018672708,1.13735218143249
2.17981395199514,1.51066559071834
1.69725181270286,1.23228370222503
1.82561589932401,1.31414587671625
1.74943480081139,1.29201972047255
2.07661314547698,1.45424760385492
1.60699433964787,1.15244886348244
1.67901866925413,1.24440432531697
1.82300941103732,1.29415182901996
1.74906984796828,1.28562713151395
1.55761880497765,1.08006546534827
1.87104221323464,1.30942861704681
1.98104200068204,1.3574430745957
1.59830678906814,1.11991546934114
1.41208324360008,1.19032098142706
1.99463167928855,1.48011875143562
1.89463027250083,1.27194764361433
1.91894951472776,1.3550786229158
1.49347646454317,1.2360861528198
1.7082826466115,1.23064030871927
1.65520717891225,1.15839366020591
1.71415424016668,1.233294577414
1.90454160114113,1.30584544670164
1.42634101985715,1.19985543157557
1.81087532163964,1.38488472948319
1.98904204553716,1.51697534046446
2.0327303187879,1.41689450401903
2.04091243484976,1.4064050990602
1.76430568097561,1.3415792094849
2.06080269937825,1.51366490288697
1.76643786782151,1.28500168347296
2.00964766765658,1.23570561125531
1.89612894359882,1.40043376596542
1.77063860729584,1.19462870234907
1.63432565094685,1.11936363226538
1.86054354211583,1.30579105489523
1.76430340982522,1.40941932494782
1.77424430819822,1.22029022541764
1.44017054928362,1.07768488446996
1.80229754185318,1.28489238408234
1.58312148513548,1.16327509998989
1.73865726922086,1.27006363113446
1.77557438519891,1.16310535171802
2.00468014269551,1.4082139323596
1.89486885102081,1.3119689818017
1.83357075225259,1.19588013576594
1.78754185152066,1.30258086471282
1.60979556365695,1.23240054294604
1.68233744268953,1.21414282806592
1.83314047799371,1.26045466173203
1.96796036139885,1.35599927630246
1.73955638228694,1.21676551619453
1.77825247210869,1.27405683535667
1.89653373505293,1.34302497824678
1.72592518532885,1.21053706106784
1.91975343204328,1.35724076740462
1.76798799352343,1.19522430660823
1.76194901081709,1.25335098533662
2.06591949392045,1.4490647521404
1.89018491263323,1.34715756556946
1.74553048767755,1.27961166445078
1.73293217394237,1.21982119338246
1.60201960369914,1.17024481954128
1.89410549227617,1.25614917604295
1.67010895479949,1.24837761117842
1.84479205814001,1.28655009049981
1.82386905561407,1.40175864335811
1.78699738834548,1.33042256627347
1.95968904681201,1.32360232284889
1.78601938316375,1.28808945921213
1.51093254678307,1.08803396053806
1.61738798509606,1.06885024379476
1.53586273303516,1.25237587765365
1.81182489216361,1.31079853456801
1.80517198387432,1.33729766267438
1.63725801431997,1.21724214540987
1.86252787114361,1.35615815184593
1.68447829463612,1.37446612309727
1.70895481778615,1.23155386025786
1.92382881900852,1.38141569022233
1.66220379178399,1.34574477091464
1.7981484493605,1.24508523235394
1.46012790983304,1.2370159045076
1.72168755784634,1.18179750865332
1.7866827996275,1.24855811544522
1.75396010805905,1.20682778744034
1.85559158876906,1.32242183922039
1.90809401397452,1.35214150800505
1.85111308797844,1.33135177642325
1.84102829398431,1.33902001007771
1.80230614791479,1.30224838483516
1.93065488865905,1.36752141706445
1.88807832788668,1.37396447233975
1.46307396956503,1.01126391447971
1.76027525335542,1.25388608107696
1.71686281139852,1.22513977211627
1.99075560323404,1.44430124037812
1.84824021701845,1.33268692762232
1.38757256326892,1.07389017881361
1.79667798422394,1.42927120362307
1.79765018566724,1.31276411612391
1.7226565013493,1.22059755917244
1.74971897027227,1.24529871291349
1.93925986730218,1.33897972789655
1.8925941516184,1.32606554490555
1.63641416741381,1.22740975535695
1.92988014659898,1.4459503128375
1.90578743771579,1.38252204824575
1.82465954744947,1.26606645853036
1.60756426816374,1.23582927463659
1.67430328483364,1.16238368441802
1.96316130601945,1.40410690192741
1.679024379374,1.22054324466035
2.01347296495342,1.36331643093505
1.65442640130542,1.22362637041827
1.72841464370965,1.24877060375626
1.80175447883742,1.32347646036109
1.9396974738864,1.33748925043706
1.54539903644036,1.11075616806812
1.83797608712091,1.2394122836999
1.17887707137779,0.963393165616885
1.91914245256113,1.36401490818632
1.79645162109677,1.29713109520205
1.47724739735106,1.24262326059795
1.6605313383569,1.2708054135204
2.05434848128181,1.50681541726445
1.60441715190179,1.18384891615307
1.63581951518873,1.1777852631072
1.40071003204119,1.13815610609033
1.92565994471265,1.30266600017473
2.01853689022797,1.41823444413348
1.90938249712257,1.3490011241474
1.75146957027737,1.29138821753089
1.87100463710319,1.27687383762516
1.79229727255765,1.27291602798695
1.79879364660487,1.30513428234072
1.89714285348985,1.35036507870745
1.77464802083863,1.19607402883536
1.86417518687328,1.21989715671379
1.7204920739625,1.36040274716466
1.86283345108833,1.32022573409604
1.85313433639301,1.37358268443029
1.85746014223676,1.32878651875443
1.77610563084796,1.26601707218623
1.87264744223558,1.50945684427713
1.81025316141026,1.21339118018117
1.66088696405373,1.25547565867789
1.74304357529569,1.24468608177951
1.92623022988064,1.37823939292645
1.57244717521371,1.07637620957594
1.84141499750207,1.24065683024902
1.66693175427008,1.13975539815432
1.68099320829168,1.23613309072678
1.77055918007558,1.29350633827274
1.7390482112811,1.14991257520933
1.93386688692932,1.387204854469
1.74143180648297,1.24163435292999
1.81607925196285,1.18890595079712
1.9562817869518,1.41182696395611
1.55054060034471,1.16119773565487
1.82326370466924,1.37032546581032
1.79200189425084,1.23710517703257
1.88694453774428,1.35102336252307
1.86430166223407,1.28173241389169
1.92699727696909,1.46703925807499
1.64077662299175,1.26548965296121
1.91888553288476,1.35519997113713
1.92297182365114,1.38882887989707
1.76457535556047,1.27306697497587
1.58797349949605,1.20447315893281
1.93051171600598,1.29383750153124
2.0465906978021,1.45085570105481
1.66800807033567,1.10809331126761
1.91305151997841,1.37432448080939
1.73787856529862,1.27603323675418
1.59963532975411,1.16953847488082
1.59837051394678,1.12072578894397
1.6818628124192,1.23108321812586
1.78184407020385,1.29904275228257
2.07642748112316,1.40880204591741
1.82480654713993,1.34657576904772
1.70766511965201,1.24369770696744
1.67890124667677,1.15007777827963
1.76593152935874,1.29240722378634
1.8072658643323,1.28447647334203
1.80677443543632,1.3540263471089
1.93213244864984,1.36790590466048
1.85328641407493,1.28731836042975
1.82792992263914,1.25771156598377
1.98968196796397,1.3746922887949
1.93324778386623,1.32856207532162
1.69394060695656,1.28832686634406
1.95086863296547,1.4835277491261
1.7835772505645,1.32720051530196
1.97570136187133,1.38928283503999
1.61668070516823,1.14916234553313
1.92565915938303,1.29386135129828
1.90605477621079,1.37444615404953
1.76682931877666,1.23882545842889
1.72073428306244,1.26072136130797
1.97756580408702,1.27524170311185
1.78026356502029,1.34136451356581
1.71416390030645,1.13845501141728
1.85905155045206,1.38060506804416
1.857167684627,1.32767106880724
1.81891718292476,1.21258332246928
1.79060344153216,1.29445143880972
1.72089996382607,1.28495258384605
1.98317524077144,1.36066648614742
1.89518960054767,1.34394378865489
1.94249615114064,1.35715891896809
1.82936033976446,1.31681730240773
1.79277835510054,1.23997660029464
1.46444566436674,1.07090144327633
1.79234011605685,1.27508261038928
1.44380585261369,1.17813937477534
1.66761461730878,1.23455291141114
1.43232092380131,1.20074438602537
1.92294338239153,1.30638945302698
1.83288076153913,1.3264664419608
1.74382810220298,1.21281314544152
1.95038327800518,1.38107733185905
1.7910031310901,1.40295928547978
1.75784594818472,1.32341108781125
2.01058951565418,1.4065371881231
1.73425276849289,1.28999499277987
1.78534313228256,1.24686445687182
1.85811422353866,1.34964000107005
1.63281320839523,1.18263952086528
1.76942598882066,1.27181022848237
1.87667495703839,1.43318949298141
1.90711415072843,1.31303592425614
1.55793293082155,1.17650307179187
1.75856989412913,1.24457961886749
1.99177811732467,1.40146587472
1.93753345764622,1.3943105141174
1.90675209931871,1.3276877967707
1.59416155807976,1.20965335728126
1.70666967567018,1.24092140782807
1.73566788392687,1.24209896343327
1.57571272019412,1.04992410045753
1.84899407944658,1.36013083397465
1.53361162960925,1.1962527819247
1.88236016432909,1.33262244720981
1.59884326611509,1.1373418578954
1.77861373289154,1.2138585150173
1.92197626721984,1.32833353640287
1.92303423803247,1.32002259899487
1.80002448719397,1.21708953837318
1.63950269346035,1.27874725754547
1.99206683821313,1.36493839029117
1.55660457827565,1.30129934100454
1.56297934500885,1.24898323320515
1.84484007242463,1.32998667040351
1.60429714613063,1.21888025926331
1.88599411763378,1.27633689760414
1.68650947006205,1.25801391613101
1.89134112807367,1.28173323843557
1.73698790317406,1.24987551780016
1.26460137393466,1.06505869434919
1.79962719297896,1.21598351916044
1.69394078451446,1.1989242794071
1.65380875616441,1.27809584838909
1.62801305228986,1.25284982036781
1.72432085924074,1.19702445266394
1.98939281227548,1.43643080805189
1.80964089945278,1.21828985075314
1.58022491754422,1.10572343567383
1.59318623395855,1.22853275984144
1.70947870574014,1.20797120428684
1.97125686157234,1.33894703535866
1.81762313055527,1.34889502632171
1.83291633514354,1.33568841676119
1.90467598524228,1.34176742487084
1.90475818008351,1.29823669215132
1.77843515296538,1.24353332079089
1.81532623025827,1.31224974857658
1.87794791604206,1.36828223734644
1.87583764480217,1.38177403551941
1.87408776246376,1.30590432206817
1.84726891437204,1.42498197298757
2.05275763989006,1.52270239881386
1.722531628522,1.24110020535527
1.87128505129018,1.33517820390475
1.54158025911739,1.16436782288684
1.97823092704011,1.45047756395145
1.89175001687999,1.39604677318627
1.9670803350309,1.27641886691537
1.91317675410807,1.35474686391581
1.79713107800233,1.19588793681296
1.7330435997093,1.23437180992509
1.66362178650972,1.26773189265995
1.6677193073128,1.21781220951684
2.01613417631465,1.42758884634516
1.54360692739487,1.20698396680477
1.60439681374284,1.21576261769671
1.66259772760149,1.20666438909079
1.84199852188503,1.31955034539672
1.78778500898917,1.29030070489327
1.89128152556709,1.40055831426317
1.70620114759014,1.31103823473372
1.75783142440533,1.31260956850203
1.70797554396293,1.28066795339971
1.98117790512205,1.40573260101486
1.8392184356126,1.23876207600989
1.62987735397803,1.23157158085051
1.82942918271569,1.26798734049912
1.71650689698447,1.2262977324208
1.69712012656066,1.18882820746654
1.77826210568815,1.30218753957412
1.67983046106588,1.26976181936156
1.86506186371578,1.29048928473792
1.80071744009127,1.23388335943946
1.49570217707184,1.0095035893148
1.98352795823949,1.3824516799802
1.6405844680694,1.23226425407005
1.6081868495468,1.22713301757341
2.06564266352644,1.43023495301015
1.68313913462396,1.15801415998399
1.56463272505242,1.27387885198503
2.00238959480427,1.41102363249095
1.87040220807795,1.33243165626272
1.90720499365739,1.38686402932185
1.71124087736692,1.15938036149268
1.5645666768057,1.1530895108144
1.97964018053765,1.42723075755546
1.56845561575066,1.2030142079353
1.8129142406769,1.35154887166011
1.46722006302579,1.0515453148336
1.66509233152867,1.32232042815131
1.93717670829861,1.38436292693791
1.86277421604749,1.3261577763755
1.69246389080893,1.06917003296888
2.04097225270886,1.43619474058031
1.83113309055863,1.41052507239935
1.73094337036006,1.33601437897215
1.65285984033243,1.19731552030093
1.80061755775991,1.31862644530392
1.86787253424076,1.29835971207244
2.0784497329189,1.42293988959066
1.60819171687431,1.21702393308917
1.59830828068226,1.11379634113482
1.7009677026911,1.18218825152139
1.77271581314672,1.28738406952163
1.55190024384666,1.04775375253589
1.73527710706474,1.26228123368171
1.89642700006228,1.27628672245237
1.57205294531101,1.1759530201739
1.64620472035436,1.21877392631134
1.50820799989778,1.25922681823242
1.88932520574035,1.30470888251814
1.78679543050801,1.12189219424675
1.6732780030658,1.22391456094862
1.68261263892208,1.26774580291246
1.79875298542522,1.31861765208341
1.66799317444282,1.09061872191382
1.75620088301751,1.33938994085555
1.78845792376908,1.24233292856988
1.67879713212975,1.25208826773231
1.81924274310878,1.27773813707045
1.83975638764768,1.39614557781026
1.76181240711064,1.25921107573995
1.83517168772868,1.3528329534442
1.65858740753327,1.12016339684514
1.88097664375852,1.31250034631271
1.93204817774011,1.37033193257975
2.05517637021328,1.41503800589121
1.67336062859307,1.27029944755637
1.72610096584353,1.22964551657374
1.97318656000756,1.34433132044822
2.0057056590676,1.37505862075478
1.99860496105161,1.28984917085669
1.93046357561709,1.38913627504009
1.53180124358738,1.12166000333034
1.61790958212539,1.20395432631727
1.65544289637149,1.17394245006068
1.75838878155265,1.36988011491027
1.62449808598919,1.19316158852553
1.62516438415296,1.24318316013588
1.94508671454296,1.47875909252096
1.89064569055857,1.32335684189014
2.09718334119734,1.49247246659811
2.00591072312294,1.45796464396386
1.74884803073613,1.34646839206715
1.40629878405204,1.05801095719779
1.47663253937682,1.1221936913497
1.75911101570963,1.19808921895949
1.67630589429854,1.24127410155669
1.58580902277438,1.10304048118003
1.80099738608462,1.28005493967192
1.8151951393032,1.34019281588846
1.71768600998663,1.26861245455347
1.669568409059,1.12848799118974
1.80326447384414,1.30250070050682
1.53401887641251,1.24494427913519
1.60174968535521,1.23756117487195
1.81265832263049,1.26280142043592
1.89790956592111,1.37367508663877
1.66200972301584,1.14830087850293
1.93068340431785,1.3956715021113
1.79123624065298,1.2557534940897
1.9327723163789,1.22960700013716
1.66701257132845,1.16108299992139
1.90767338238235,1.26394650948121
1.69968153991815,1.38493313496659
1.71160538376917,1.14285727074985
1.83725158570073,1.24599351679527
1.6758411323568,1.17742437708452
1.85087171844571,1.35718354233951
1.69635213897667,1.34630948627683
1.41651420804849,1.02899515153693
1.81639359690446,1.30660485711755
1.956317471471,1.3841656140776
1.7921859171221,1.26959462023678
1.81923896527658,1.26741032336219
1.86016293946243,1.35276994999618
1.94162687500574,1.41587571472939
1.80821232898725,1.32562758085169
1.99203783610315,1.4006337516759
1.93582055486679,1.40875499585734
1.83358691849135,1.34367181459699
1.42662255661795,1.08114674828019
1.70686285722655,1.1851868172363
1.77182617597078,1.1983944306052
1.75644059267801,1.22663643532305
2.22661468890622,1.59996553845349
1.92865414698699,1.40545237188132
1.59216864662371,1.15997585621506
1.51055997627186,1.22680173906746
1.8694601120242,1.42128516868766
1.84986990208818,1.31769490939039
1.72990864544145,1.17918273225054
1.60410743223553,1.12866612536424
1.67479864420107,1.13868826200755
1.73435360688715,1.25393935648539
1.57464909092287,1.13817682514875
1.55041261502632,1.18360761628599
1.91344497227869,1.38010974998669
1.62906468515564,1.21268538556294
1.89208255257925,1.30013039635476
1.78270303678245,1.31816835609787
1.51019237582834,1.09525246231386
1.83323526669836,1.24211431020469
1.72195337354822,1.25899648729347
1.79205953398533,1.28115038557186
1.77850496779037,1.36566097201254
1.50402819252556,1.1827850894105
1.70839360577527,1.24946121282093
1.63269755682297,1.21556593590202
1.71057132212091,1.27219725311636
1.56437794468926,1.1388317510703
1.75900202973315,1.28753760911479
1.7489961991932,1.26626623564253
1.90446349467287,1.40496482563456
1.92451893458907,1.38354321932612
1.61166147327986,1.18645325398799
1.71129474742169,1.12882164733665
1.630527838705,1.18346324138838
1.6126023385062,1.14065808689364
1.81513829253212,1.29598307336311
1.81579549389336,1.23128484038439
1.64720609878556,1.16096959056298
1.85157571223239,1.33482019164966
1.78461278908812,1.23414356424265
1.8007179158051,1.15815736242298
1.7591730193235,1.28078121439413
1.71172277474502,1.25810639480154
1.54600153701282,1.17136498380157
1.58132499446199,1.1606442359593
1.77325110731036,1.28494922116619
1.68069042331423,1.20180413707548
1.65200648596501,1.20640750913823
1.95248130134824,1.39658027522985
1.6245009682244,1.25586181756821
1.5166013098618,1.13954052282597
1.5557129370805,1.23896723691132
1.52299866811145,1.14195813623726
1.72474147892489,1.3232998705744
1.97133290694124,1.41119534562582
1.98252207594474,1.33954892090319
1.8858250796044,1.30340476949635
1.72970985130906,1.18380831175558
1.80198622790052,1.30455594864651
1.72125227416276,1.2619749613449
2.0550331350197,1.34187706197695
1.8026942170111,1.24718437591869
1.87271070773036,1.30697873888843
1.55326821968098,1.23875066393006
1.74821067671119,1.34839315422393
1.72779240891679,1.16635512055658
1.77755934331878,1.28247045983239
1.74470310744948,1.31115249078367
1.76446267122219,1.36348837965764
1.73305454490257,1.30882081351408
1.84597706411383,1.29832907735666
1.80924175549578,1.37036734345433
1.63535922409917,1.07409397841197
1.72302132697785,1.29611091498417
2.02171367849909,1.4016975629007
1.76501360650556,1.25055656756723
1.65275867977123,1.16010119993297
1.64678870125102,1.18067789031086
1.91833109500197,1.41849208871313
2.07562773478407,1.45269766761473
1.7397065543418,1.22708143108933
1.66621067118101,1.17057714661405
1.91255451689905,1.38584429293693
1.83452831607356,1.28342258403785
1.68152411320412,1.10621620902828
1.60027649889473,1.29021968209876
1.91012858056908,1.3919701894563
1.7513419671259,1.25789118688377
1.79794846028124,1.50230658149166
1.73891132757003,1.28363013276258
2.0304069787729,1.42703377172256
1.75901575549714,1.26980244636466
1.6020056547279,1.20856745915258
1.71079688661517,1.22643227274443
1.7652821021308,1.30749933922066
1.67586749107115,1.21221438590385
1.62838337015789,1.21913189604885
1.80593575655098,1.44462671503649
1.658554729722,1.34363724953978
1.71135848632379,1.20872967932381
1.86651839683814,1.34475065899935
1.7000976355904,1.24638170485672
1.7060779324894,1.18817712294982
1.9464866866497,1.43812698671216
1.81292829968885,1.32894750795126
1.73659595862253,1.30396462318821
1.83466323013805,1.3283445853306
1.55199118494689,1.18822118842483
1.91067014083174,1.3430411332804
1.71855266855851,1.25732843487382
1.47279694945105,0.959787601964402
1.83548896061279,1.26914258631114
1.8248185215956,1.34684125528334
1.71694527588031,1.2656956903291
1.6819542678373,1.35872271278183
1.64007024891925,1.18064592808027
1.81065703286614,1.32307622271663
1.50446896765149,1.13290593095869
1.85287156151526,1.37916329069304
1.86614229643816,1.34493945109551
1.75539371562097,1.29881917391805
1.62269045632565,1.30393454983457
1.86664771919314,1.32491936197801
1.66422283357598,1.21498037277732
1.8694723457843,1.35439564017766
1.65372513097755,1.26751643257088
1.75657283395468,1.33469501254381
1.738824226206,1.3579590443328
1.98556074904428,1.43022043647189
1.8571375783979,1.41897311573822
1.90955611350321,1.23726098321104
1.70624883864375,1.24811735122356
1.84375054910915,1.32960574717525
1.83892264218088,1.30699830404843
1.89650219739966,1.36254792753586
1.72859274301639,1.19306036005767
1.84149963900849,1.33546917577431
1.60584039981742,1.13918444744469
1.89780391520318,1.37104934346168
1.70493274832056,1.25483720346936
1.82232121380499,1.30211796284959
1.6854763787836,1.32621269045045
1.64864311694894,1.21298299192782
1.81680044655771,1.3044168211
1.93528708571583,1.42584189286964
1.75948273960612,1.32844517170558
1.66792542620557,1.22204533082291
1.62890851063323,1.20455252891236
1.7896748796717,1.18152957584978
1.60576094285258,1.10037611320076
1.72748322636355,1.30425630685117
1.77235999816843,1.24677391433176
1.66398651783865,1.19867379972134
1.92171169191344,1.24007412688262
1.74623192011619,1.28780633547119
1.83159450174122,1.32364555582228
1.661992540323,1.17160470666688
1.6540669770299,1.23580422739431
2.00539876362016,1.48399974547265
1.81851526077683,1.2876769177921
1.65682356302775,1.22336391333958
1.6966042527208,1.37215606487379
1.83110623445387,1.31980229517213
1.800129990416,1.25624844147595
2.03520862464547,1.43347354981079
1.68373438715179,1.33463519545528
1.81749264712987,1.25731530751495
1.58556527402543,1.23430460849641
1.85651285890391,1.2181901343885
1.85436218522161,1.37256707963614
1.74669349896847,1.41496385861162
1.83192253498612,1.29021550461231
1.90958319281262,1.29587121012229
1.76759557520363,1.24752610564508
1.92458226591815,1.39001887041953
1.50315052157846,1.20426523715616
1.96515658700273,1.39330454341725
1.78639285372601,1.21757906360369
1.7003765995742,1.17783677422974
2.00871794845345,1.43123193381967
1.43566911189015,1.10766124684518
1.80344120658959,1.30295078929759
1.83245404807639,1.30991361456437
1.81238211097598,1.25104051090843
1.81498099751051,1.32415425685914
2.02676368066666,1.43948494416541
1.67479492889342,1.32684378458195
1.8800975677752,1.28667816637371
1.82129730038755,1.34138111335058
1.70407708079755,1.17479500497056
1.36969858080342,1.15833945838826
1.6316274819767,1.13520181308119
1.88560895935873,1.26066310603651
1.68292338673472,1.14789674518314
1.87746675741522,1.41760211491783
1.78923515486326,1.40709727999415
1.71266932477889,1.23012466980233
1.89098906349096,1.30448350051305
1.87505928849311,1.30595124908298
1.87115232548579,1.31731799431813
1.89214869708484,1.34691533723001
1.70371254995096,1.22749728436932
1.89830642324408,1.49811961075636
1.85144779418367,1.3717099284947
1.84007000880356,1.27964825897639
1.79511428564375,1.29872714904504
1.81540042079853,1.23609314610491
1.76864684378841,1.23085625462047
1.82821706645591,1.23856076320682
1.93722550854505,1.37801138552189
1.97430739842682,1.43701775432038
1.72319947356618,1.3284687552086
2.01954019363398,1.36041729915206
1.6281320836838,1.23803779157238
1.7404285871646,1.35228440281861
1.94936766467513,1.39205228795618
1.82677698203245,1.2952249730838
1.71630656587006,1.26274452689419
2.04656414090057,1.29508178918169
1.97612092513557,1.32920955739779
1.31531263072525,1.12600659615703
1.84518280258435,1.34600756609749
1.87001798743007,1.28662673886291
1.64330512085122,1.17906888257545
1.89767620641899,1.24641906913889
1.83368798106795,1.2779920956449
1.96983525876089,1.45496780414662
1.95192799843923,1.34329900597429
1.84188339399421,1.31056829422887
1.94812002796833,1.40399925552548
1.74397252173427,1.26981979940578
2.10180141958959,1.47376591640466
1.92077722288034,1.39799513050269
1.83594119437749,1.34519816737854
1.84498830154809,1.33949822009838
1.74769078170596,1.31400093375386
1.79616228097634,1.1632268345088
1.93036363449752,1.35752455237511
1.67766411628431,1.19647379881625
2.0626301464049,1.38796574903833
1.59207388143871,1.16352826236474
1.65752352483401,1.16918966443719
1.72725489223642,1.31662296908715
2.06388823673636,1.40970008555049
1.77175064828007,1.2883349241953
1.54131326083525,1.13350850184657
1.97116935209643,1.37620224804774
1.66819144426019,1.22589448790253
1.59373668763842,1.12862034356695
1.84916467437901,1.3630106727539
1.76644632321329,1.28941356147157
1.98188556220995,1.46457602690271
1.66630617213559,1.20512960894044
2.08312965740848,1.41883994402743
2.00542126197823,1.40198913443342
1.64953679714106,1.24340038838426
1.68321466731133,1.13948874809388
1.61701617947631,1.28937182118463
1.80306731334444,1.28570783537531
1.91697693432699,1.25226124696654
1.64915883832436,1.16218419603478
1.84447802684718,1.36716282522238
1.83852916228586,1.36390717159454
1.834113040769,1.31653108851543
1.63388128845673,1.15397054410599
1.90225411768063,1.40601295323186
1.84742490634067,1.34527345015702
2.01623693138917,1.39738006128186
2.08541688866906,1.46388524978039
1.74441259526313,1.23912162336378
1.78387442572483,1.39675101016584
1.82626061745425,1.33494736563337
1.7777036720009,1.33368150781529
1.56958529015751,1.2335332926037
1.65565459953823,1.15795492334667
1.71014859400313,1.18704305631714
1.84770126782435,1.33469441219583
1.82504156341736,1.31807217658461
1.95352672759226,1.34939451945001
1.89720908199253,1.37218209813037
1.51148259512212,1.17365090170674
1.68061982705115,1.19253087994144
1.82467690517633,1.35020746785255
1.69612143515029,1.19322454631977
1.68027986651436,1.22613926401423
1.52926949857219,1.20084305376186
1.84247155380395,1.17163273650345
1.85806430457369,1.32894421600421
1.79285089835802,1.44041322243082
1.55705994554482,1.17172746015431
1.98164024183757,1.35969070805047
1.668076227805,1.30678884818068
1.89648826355984,1.37838778267474
1.71284157472478,1.21227305576386
1.66138326742955,1.31237068798159
1.98691339355297,1.37282826167054
1.31419142918003,1.13043497554859
1.72936671251359,1.26463902403166
1.53282892233765,1.16301054752324
1.62640310022078,1.34623261967554
1.89839709219399,1.37473445454998
1.73834726937472,1.25211293387289
2.07592974351702,1.41447663595978
1.8005528104922,1.25225449075468
1.92468301925839,1.36899538282665
2.07770378960912,1.42719150817955
1.75726038404914,1.44072102658683
2.05438335807321,1.34610760758871
1.5705024328082,1.28122459221145
1.74380146550408,1.22053324473023
1.81122433135864,1.24881457425809
1.58328821157216,1.15778484496263
1.77160168305008,1.20637962046675
1.71066774932741,1.17364823917618
1.76038519241219,1.20831738108538
1.83583020061549,1.35387089646572
1.69151245321365,1.25536482041953
1.72817661828181,1.28786587498545
1.72602037946362,1.21457791770361
1.62470220428486,1.07179640704489
1.95677940181213,1.34492860416702
1.73451154481335,1.20172701320784
2.01007413539703,1.46321635188189
1.63198115687312,1.22994489836557
1.94329015211381,1.33690076836732
1.83646137586864,1.23737057443078
1.56654158963896,1.2259890686725
1.41486271807395,1.08468497206258
1.69473553630056,1.3014792563718
1.94771575009643,1.33729366254579
2.12076574622073,1.52366765952628
1.87694153415795,1.32729703212582
1.81290913611887,1.26789136650862
2.02963791095875,1.37077160584568
1.5068983605475,1.24171480421791
1.94751126557316,1.48257461841706
1.85689376215982,1.41936133252683
2.02789046563241,1.44334748179948
1.90813611604997,1.31048127066236
1.77185940979146,1.30411662678737
1.34338245489505,1.12734090660801
1.58106470000372,1.32387762361285
1.93949982681894,1.40899854936043
1.96152254426827,1.38260228538185
1.85178691395848,1.39118108502074
1.20670780920877,1.01857457060495
1.5186430417159,1.11265679979203
1.86578077494667,1.32240656325721
1.7183637332187,1.28116077144761
1.67579726978811,1.20771583625993
1.68662073142891,1.23513869207106
1.84431356089545,1.29652218463515
2.11162038992166,1.55574398119102
1.77888276558317,1.25372631817483
1.99615749230339,1.38656236711047
1.64417158783345,1.23224709017123
1.97348426100637,1.36408963086618
1.69347510118754,1.27564076202286
1.75159703848732,1.31360644967918
1.88986518553146,1.40666350899099
1.52540418668811,1.17956531035219
1.74973261958052,1.26826318072217
1.65823784028677,1.27245243625482
1.95321336487759,1.40667014855355
1.87605729329784,1.34963536275876
2.03396849741367,1.51318771749443
1.36183332181776,1.05518695299511
1.87265017480075,1.27872813471047
1.7571720532685,1.27849019249553
1.79274010434454,1.43685361010196
1.65860255127738,1.23589692443726
1.88946834576211,1.32231673086148
1.49966293099352,1.15303447162005
1.95088208461609,1.33067752294457
1.96291270633659,1.43307867423109
1.77800757893312,1.26327441569891
1.68808974556991,1.10132721674148
1.80185080075233,1.36317378151691
1.52286867679157,1.13143406135154
1.9469548436773,1.32774090668566
1.71559542755972,1.40065507630199
1.69488119246288,1.18113924941704
1.70034500249621,1.22302518329594
2.02285529312638,1.45350040061908
1.47837331023415,1.25052290568249
1.87341438042641,1.22847707154988
1.89604509940852,1.3273422592049
1.95118949713686,1.37260317234626
1.79447880207051,1.35343514674522
1.92344924284767,1.39248649687484
1.74818600815088,1.35067535732852
1.88630466254902,1.31788019146675
1.8720632692698,1.32128305805892
1.76045934908624,1.27246033135003
2.0334021614005,1.4697126468979
1.65743526882304,1.13773542318196
1.70025323263662,1.17793036163882
1.85858294010142,1.34731810786741
1.69019041320674,1.27385397839065
1.59464365108692,1.17687167324161
1.79730994101506,1.37176811649628
1.73153363256144,1.29016418420605
1.83677652194326,1.30409352756252
1.8714432929199,1.33647305719608
1.74408639929224,1.27699572472263
1.91757781341493,1.41625908932345
1.70501898483867,1.20267360554467
1.88450935867312,1.31444448494598
1.85067119694143,1.39389944124129
1.65738850554715,1.2085109583567
1.96441360372393,1.26744570305955
1.70426919570903,1.13313236883844
1.7687896361149,1.37983590984033
1.71637908544775,1.27707422679521
1.83653100481856,1.29966397333164
1.65192779701173,1.05886663228266
1.87074377884585,1.34013512855759
1.98905436202796,1.42070291896957
1.94988331659871,1.42070415521084
1.75330530943493,1.29534950693578
2.00532990034784,1.40730838851504
1.85747180032276,1.32045850316246
1.76479816103496,1.21001633661412
1.59643840734355,1.0775407408686
1.70534129391205,1.24574889750714
1.82179811296642,1.22050842153819
1.67355174468315,1.24573069724362
1.7837634667562,1.23521831719835
2.00712962308339,1.40850594221463
1.89125736659854,1.38432525307296
1.72417007045209,1.23909072597844
1.93931368967317,1.49361088107335
1.49028942627553,1.20247999788383
1.78251989301542,1.32939517979253
1.91199602590182,1.36888168671693
1.7033407699854,1.27177499351743
1.7817162999374,1.23321544937028
1.67320945252563,1.23832540720699
1.86004875644939,1.40679031246724
1.78272954290494,1.25349752488716
1.67277884862661,1.33620365650643
1.69534939371646,1.33966854915716
1.60867290618572,1.12958902056338
1.84740558899202,1.35310728619772
2.01697029601805,1.41669256083288
1.74304257343725,1.29566894360563
1.67851296379719,1.23026336813788
1.69545078225818,1.2438115979487
1.67890277846849,1.13026193694328
1.63540109199973,1.3730696540447
1.75543950992298,1.34259419326544
1.81098350115617,1.42114145703001
1.88925130722479,1.28984457494425
1.60177018754394,1.22186999871655
1.77890768614472,1.33692025979617
1.71317790266226,1.32784668375737
1.5436078866748,1.23246562941312
1.93423299156254,1.30011593752067
1.84198875170489,1.25393029452316
1.74370485148996,1.16179113755893
1.70577670325945,1.20846125001992
1.69000388700492,1.21686439822084
1.62098952408884,1.16327037549488
1.73204201153936,1.25523916540866
1.89327382779534,1.28674938574659
1.81068117851316,1.39433608774875
1.798024925025,1.31533025313175
1.80459713408856,1.21015053899316
1.63963067532737,1.2144556418012
1.91293701371933,1.42138255272849
1.82356046654346,1.26839566085922
1.8410644784066,1.36047844181204
1.88728762099532,1.37674425008849
1.67554761048459,1.27779726777781
1.75325519705725,1.18196032518829
2.04778664997181,1.46552452380993
1.90163733527612,1.35784669069902
1.92835015918675,1.35146901043874
1.79540557796335,1.19130905078742
1.84624977915844,1.30728992981684
1.36004352574722,1.09885406831159
1.66127183742618,1.22419027841715
1.85404959553353,1.38169811314074
1.86895424313077,1.3307765994803
2.02128882263692,1.46932784182651
1.73279632898573,1.27747019657875
1.79170381476569,1.23065244885474
2.02347901615288,1.41100031235035
1.83554978037017,1.35601603003153
1.6537093937379,1.30872154424902
1.66656626712482,1.19674407594963
1.45124511855833,1.14975955298874
1.64727679055073,1.19056347539674
1.569991812383,1.22748071577249
1.99219754794458,1.37540328095818
1.67050589336165,1.11699516347825
1.63090797331534,1.23370415723583
1.67174099293207,1.35155583026699
1.88210176824221,1.49813220202786
1.47801265013067,1.02708919393443
1.82090720351182,1.30451493126292
1.71160034655727,1.27097352634222
1.784194690711,1.18794597627875
1.63713168056906,1.18240689847828
1.93129886604607,1.36051688252291
1.72807330197581,1.1204558938876
1.45936448346781,1.17674436986408
2.02917837622972,1.41969263763288
1.93385202952439,1.41867975336609
1.71117116678046,1.17637163232598
1.83024680208565,1.29658485355246
2.06586907481012,1.39780760880268
1.62971367974968,1.20491737257373
1.57220602487436,1.06031004505777
1.93566960372785,1.40987636108223
1.77393994883609,1.23813407565471
1.96491166070554,1.34706858405358
1.98464902544647,1.41347928597547
1.73049750260151,1.23903429169916
1.86981081132619,1.2106602470307
1.86981435229615,1.37545023707275
1.67030971674868,1.30598602410797
1.81973982215446,1.29413808598836
1.743074086686,1.3342649564883
1.95732722697172,1.37824687102509
1.84499057530574,1.32178893187943
1.857923601772,1.5227061351468
1.90399351756242,1.39797852063769
1.75837104051127,1.29174949902958
1.91821295855901,1.51618524322313
1.51115751492241,1.03240750493539
1.8790961008194,1.29579000404088
1.78543960043543,1.23553146829847
1.71861082569123,1.31002412994979
1.98438222102246,1.38047328165588
1.71800977532196,1.28524070480159
1.90510697703171,1.43946440717073
1.80017933866122,1.31587108846157
1.597631963138,1.11905315960903
1.62718212408525,1.20880323663166
1.61865165048831,1.20841954859503
1.69291348599166,1.31955489272035
1.58004552537674,1.19779489938802
1.87237176855099,1.37175366200755
1.69874177566547,1.31953036385998
2.06849787555076,1.42470466202243
1.85786377444455,1.27686667744246
1.80871846250062,1.45697730070789
1.57780719126954,1.18474192309415
1.72068232742231,1.28998733605617
1.91279511115196,1.2934904266641
1.71838590133813,1.21046943093389
1.866920244535,1.30431196853872
2.06769416814272,1.42940684668297
1.97247048909084,1.33373489273587
1.94078295463021,1.35667468884868
1.92635587700511,1.36920067466458
1.92386083786966,1.35748938473157
1.71714155369573,1.22689892415679
2.09676506998195,1.45130636199734
1.83537862881649,1.25924529483223
1.73755121648544,1.3121887132178
1.85124973312409,1.35491665272127
1.87164789343509,1.47938991948686
1.91268328583414,1.38680796719943
1.81823563607282,1.4124524859846
1.79479330122414,1.29304773327908
1.90629460431861,1.31248278830695
1.8175972189676,1.25299077385196
1.94788399974675,1.48675970613014
1.9301771733096,1.31778728593285
1.96021484180626,1.30935238111815
1.78823346675804,1.30848284666597
1.88338495887175,1.43674557375944
1.5691304522125,1.21129357404511
1.48599743020996,1.14544027832615
1.78037355421297,1.28985659280543
1.654443785446,1.20002167595589
1.64200101295822,1.1938645774473
1.70994322955222,1.23170601798948
1.71738329496333,1.17783740445792
1.95381141863211,1.38396962837328
1.77886223490042,1.31643320587261
1.87020838240903,1.33601011871622
1.83197467343404,1.27934106503196
1.75858566997375,1.25517143501164
1.92174393070936,1.38458337057487
2.05862027649594,1.40708908461249
1.63264079689681,1.23719239081957
1.70615403478979,1.28370195640211
1.69144356880026,1.26309006996789
1.55266287055555,1.10406789275201
1.84471619512388,1.23080504216159
1.62017609123321,1.2257438558161
1.66319381648185,1.06312178833136
1.83230621292333,1.37683353799748
1.65691585819815,1.42742900151101
1.9771347076254,1.425657817319
1.87858995583122,1.37977430536868
2.04004227539726,1.38712195835238
1.77302408481755,1.28037249309425
1.76366898155392,1.31772339314176
2.08558929341347,1.47413256907211
1.70451552547745,1.31825074252235
1.71144238194041,1.29993926142169
1.67256349186045,1.23483074154245
1.81994514484716,1.32614925011891
1.8233627347726,1.34402571088708
1.87407940935367,1.31906892968318
1.97298500629608,1.30192122764158
1.75925932620799,1.27817544574804
1.71776001656519,1.25806392713319
1.64555159443193,1.19946982099302
1.81898542422026,1.36904462106929
1.95204041023173,1.39915825948494
1.69913383388414,1.19488423583587
1.570009966484,1.09647693042347
1.89016388716934,1.37444090750722
1.66102434685169,1.24316168569329
1.66330562785851,1.17084183064598
1.85440965883735,1.25344219333563
1.9207829282285,1.3806634818155
1.92667902236424,1.36074668119483
1.69944838425229,1.15539113344964
1.69783024840641,1.39679727160643
1.89250670181335,1.39059306857608
1.44980287888943,1.08511333761655
1.59115389609155,1.2392990362594
1.67052837304609,1.15765510917108
1.86919535574712,1.33542785223231
1.73465033338285,1.21301260880077
1.41988837039416,1.15499301048186
1.66473954351658,1.19159758650634
1.8999706273928,1.39973688670406
1.99383457554514,1.32998131423694
1.78054823566519,1.15710927961178
1.77167287005264,1.36807159660935
1.54834664038873,1.11565502527447
1.91865591668814,1.38567626272286
1.73355473004313,1.15637230931414
1.53612364647798,1.14502842396931
1.70687944631127,1.23142728345209
1.86836028666147,1.26901048481997
1.75926350589149,1.18947557608687
1.73685144367787,1.22999184114305
1.57728236954507,1.17987702038149
1.87701868283064,1.32925759405777
1.7716662562742,1.24253374019422
1.66275641181662,1.20117913178049
1.7251048076979,1.26854919086309
1.79533912444387,1.30287060085692
1.67807033825687,1.17290613779457
1.72454331982508,1.2093315239108
1.93570889685985,1.38480296783302
1.98501278212498,1.28808695981529
1.69403937885593,1.1468982875088
1.6887029809923,1.21058557514444
1.85638732781188,1.30440709176852
2.11704901687396,1.34028501670568
1.85402171227249,1.45602258579464
1.86979859720223,1.38674301343558
1.47861610408357,1.22042172098053
1.62443445218172,1.21120377220149
1.89238068627022,1.35895698288531
1.64740621162648,1.18277031095288
1.6122186913377,1.1449709109367
2.01110257715189,1.43043902617735
1.70049174885021,1.40458507279974
1.83293316381935,1.34578494483732
1.91721015896069,1.4978692129325
1.95026884594717,1.30681144415119
1.59249906333046,1.20073656912407
1.66523216433639,1.12824414233618
1.72315800263634,1.15966355215231
1.65478489540947,1.18043739400615
1.78576116656499,1.27771602513278
1.56165046651978,1.15409368534619
1.51005254291511,1.26496666357257
1.91498063886186,1.37131834022895
2.10701513883133,1.43475508533966
1.6253851115989,1.1924799018061
1.88830560222984,1.45944767081059
1.77238086673256,1.35106522390581
2.03212271116435,1.52003378064166
1.88949783672184,1.37392920356665
1.83895191043778,1.29472349529955
1.6044175025826,1.23788111105049
1.63828402210157,1.24299550463701
1.60773842578341,1.24462324186762
1.79815421731702,1.2809444816514
1.70836441069707,1.33835164904904
1.74654247162886,1.32774371901178
1.79373001539973,1.26767471152024
1.84876773415556,1.27749173800931
1.33069600767191,1.11580244840328
1.63248223471637,1.21406694320829
1.90490085359329,1.33301016246424
1.99077108316041,1.41335604829258
1.71221111038755,1.14022021143458
1.78082679376182,1.2484534358503
1.60954956751517,1.20865666501255
1.64344341986468,1.31828999070799
1.87639367759761,1.26719270712925
1.75545304484102,1.34396111819899
1.70981870184227,1.32028069523089
1.80169656047986,1.31347256848223
1.78595523192455,1.31813008791311
1.89360363904483,1.30467467841381
1.67908698952689,1.221416432446
1.71485207511256,1.27572285069489
1.74741664140577,1.24178287475908
1.39092890657391,1.073596763676
1.93279507966476,1.30969204245775
2.01362024947512,1.40525675120196
1.95798058634099,1.29825341670486
1.81306821305648,1.24804903228581
1.8869764544768,1.39090491835308
1.90680606944971,1.30237084283671
2.06202140731514,1.50214638483316
1.84372198118847,1.29683205304445
2.00534742979989,1.42010335835453
1.75682571126458,1.27150513844829
1.7755701357225,1.34599477387767
1.50052828532798,1.12926424704436
1.59972086090355,1.2918300345558
1.44154899003297,1.01114229515087
1.7235868452776,1.27713015303228
1.84599121664691,1.34027314267535
1.90005876985512,1.3573551867148
1.68533515234174,1.27798174775491
1.97759092616382,1.43813424690176
1.81232896761807,1.39621974523036
1.57273832026466,1.20486566410703
1.65597856860655,1.23477468446437
1.66883682867497,1.23051636288059
1.60073820451802,1.28093863373579
1.79373227903231,1.2629599145393
2.0550587491271,1.42556163868053
1.71935881736299,1.15452748320133
1.88254518031706,1.42659615171034
1.78058431731023,1.29043763122358
1.76868619051823,1.23452593808847
1.80594732909028,1.27903925472309
1.96688479524672,1.34920961810553
1.7864747491441,1.33386854467462
1.57629835378898,1.04669150354771
1.68464582578363,1.25574679465923
1.95128345432352,1.37851853922946
1.83273876809549,1.33331843255275
1.57995867428908,1.27928238321325
1.59894657780088,1.15620532276752
1.79018178130386,1.28213546317519
1.77059404870711,1.2214526679328
1.64936433535836,1.24168634102775
1.78325544569343,1.3346907897384
1.99234993291633,1.40249354959124
1.81587577685306,1.2729221068189
1.92066473363667,1.52851969428368
1.76172974431932,1.3165450862048
1.74398431587854,1.31761066829989
1.84207020878067,1.25636979119613
1.73736221782591,1.27874988342076
1.90018548181961,1.32918689402096
1.85627042409837,1.35620227238432
1.59274400080259,1.17406581402194
1.48123139436307,1.18543303764172
1.8636997285998,1.27012821073076
1.71278685769897,1.17717344446643
1.80180407212694,1.29817429890164
1.76907626477229,1.25122764425225
1.89647393972888,1.2688439425621
1.81789032059082,1.34011627286434
1.70570889304021,1.27639226920166
1.72514934917544,1.23893084115835
2.00522757785798,1.37787786971111
1.82409082363238,1.33548198644956
1.71275350589119,1.17772910655292
1.95372103570932,1.30126251176132
1.72279106700773,1.1852623668414
1.89541358550749,1.35019019883088
1.84427513861116,1.38310556602578
1.77730395005494,1.36388576753629
2.07843479604841,1.48629003080986
1.73730337620273,1.21690158579039
1.80279145325866,1.21429924247769
1.66236190772114,1.13522739407287
1.78316146913238,1.21553127408695
1.9327110906915,1.3468257852721
1.55148358434733,1.18573169139788
1.69575602579719,1.14785584386277
1.87863667033552,1.29109545416152
1.5736644771172,1.1937227984775
1.92359311030429,1.3217485927467
1.79396166523638,1.29484409963387
1.40761906896128,1.09237518387332
1.93748832408845,1.33616149054056
1.80139452417007,1.30061563705479
2.01105649824096,1.45082471510322
1.98777876939267,1.38136551231944
1.73116556450212,1.21650484453817
1.73253365030945,1.23797204957114
1.83310905663105,1.44368657152681
1.98202298716051,1.41431400362825
1.88217579573037,1.31636213345744
1.88014639937667,1.26541838885641
1.89977146332318,1.30138576549641
1.49381175562891,1.2664299960171
1.74701181646239,1.1940223788657
1.73158648128013,1.18332076659486
1.73753562734039,1.23597439131332
1.52083346740039,1.22571500260858
1.66233651575549,1.25397900688913
1.87948779338674,1.43242950192071
1.76050385192891,1.3524333243548
1.85807169900807,1.37033617478661
1.87003982535991,1.38341815259931
1.65212003503795,1.23300177007654
1.63338436879133,1.19925916753074
1.71683956528987,1.34907149994372
1.78569751282448,1.18974490962575
1.99368894729047,1.42311675542849
1.70012417356265,1.27537778252399
1.82019444560309,1.30580933475896
1.67584064087715,1.27052347070234
1.7586200363542,1.3143431154929
1.81291647619974,1.49380224944119
1.96988794979303,1.38602152843767
1.86903365148893,1.44224646773275
1.74847958054435,1.18149229931523
1.44392838398522,1.21741678132997
1.81719571352206,1.36792525626974
1.91324074978899,1.31554159480714
1.68002392032572,1.19224754374835
1.38629300320992,1.0287420685082
1.64676016360094,1.19842022854599
1.80387337666998,1.19833907510305
1.9496308129838,1.43294216303457
1.95733462453412,1.39421483780916
2.02570539159606,1.43695506184299
1.96383717944988,1.39901541170356
1.8892813972173,1.35091267751038
2.01354459514437,1.44804325335712
1.81391338703671,1.28700271057222
1.87467327668216,1.25366003739148
1.57433499568864,1.11750227940341
2.04003407975528,1.37560972304057
2.08470181728269,1.43963549946567
1.88094352638044,1.32136436959945
1.85290902832868,1.31468166955023
1.89101490685353,1.2973832416598
1.55447594327992,1.26344737137467
1.61900908188727,1.10480739912282
1.98516563689681,1.41967478946782
1.70321325587865,1.10555993433918
1.8133105497939,1.30851237615528
1.83917310201971,1.29080726921769
1.94807364829282,1.32042558159461
1.68898970448149,1.12111134724016
1.81804227541066,1.30650145048027
1.66764466155945,1.25803855458493
1.61369714385708,1.07030304546451
1.71311810979682,1.24444075290775
1.98903761458837,1.37696287791308
1.81038018422103,1.24877723219882
1.88271712146784,1.36366685593881
1.60224632854646,1.18846006090715
1.8522775867909,1.27795196815716
1.79921148184268,1.29542202308666
1.98946300478866,1.40184576755506
1.80406766174122,1.28287454657452
2.05685210261722,1.41434753803484
2.18657345394575,1.52249863487025
1.68153314695719,1.15188469862582
1.70319932931886,1.20077163191174
1.95796936413167,1.487018787961
1.73262229714969,1.17154718218119
1.6240502452583,1.1846791843012
1.57912695389872,1.23883322372321
1.69497536964021,1.26031277431887
1.60601839400922,1.21638880874431
1.87426836409387,1.31044703583523
1.85189388749945,1.23644183761514
2.02853799595169,1.49868142889423
1.77805191623767,1.32636471338989
1.53007125697155,1.28925214794042
1.90191637395257,1.32450755286926
1.76084590325592,1.14485231811509
1.69289804836705,1.19745324374932
1.73316136438551,1.38829495919832
1.89110124782918,1.49617596526552
1.71634739130514,1.20024535605873
1.9229488722003,1.39102271666029
1.93585914456262,1.2852948077398
2.16644590502156,1.49971187040257
1.81718702844266,1.33051108545195
1.85359037158318,1.28851175058118
1.55863553769194,1.16909959457702
1.76284453578913,1.31231930579525
1.80209658562441,1.26675050676415
1.62854923673106,1.23798945882706
1.79578250233312,1.25910040668249
1.87478834224377,1.30723584891873
2.09775247570232,1.50412066914533
1.96445489609876,1.36932634104944
1.69033874211031,1.23534850915895
1.84802709090483,1.3273752912707
1.89104967636766,1.34419109312989
1.86412293306509,1.28840014564784
1.89233610831157,1.23881377913423
1.946884211842,1.34036037669573
1.84118255443501,1.30783682436801
1.91293473063775,1.29589899850909
1.76137847122477,1.19095433420529
1.94047210774213,1.45860102985392
1.65611724143391,1.28028571810286
1.60250290814854,1.12317125572534
1.88586403213906,1.44773690449516
1.74530914179567,1.24214564687426
1.72663939882734,1.21981407283539
1.55617548956997,1.14213676649915
1.84119155436185,1.44136065373249
1.80591166216497,1.38044042221452
1.93797407604931,1.3560808495652
1.86092716412577,1.34799494778147
1.87088612140639,1.3421946100876
1.73927290290389,1.26487410841025
1.94162172629207,1.51399608738412
1.92023333305872,1.36140836676722
1.91204319018576,1.37662145439839
1.63531308969331,1.24504531243233
1.9144356556267,1.41455446405592
1.75777516898626,1.27682985412637
2.00656625020229,1.34480337703462
1.84783501534512,1.31644989227804
1.77684747013957,1.40562336750037
1.92777917967442,1.33602731643928
1.88924878698103,1.25824038285991
1.65760937268755,1.22120424128599
1.66428314811105,1.22052792275261
1.53905648695555,1.06946172206229
1.75684401605013,1.20257116796219
1.91024143389194,1.34866792348102
1.62824628686368,1.21929884176796
1.59087069979528,1.10775864159522
1.77253514098346,1.27026629273965
1.80306529403552,1.3250930718406
1.73373924692774,1.24217100158495
2.0610123435495,1.42404472892802
1.76463314714122,1.18538240270655
1.72680176623357,1.236089108896
1.8031781070848,1.34098936311208
1.69580602180753,1.16427751042042
1.62886824266201,1.1394054549592
1.61239646154608,1.29128832161572
1.92989874845686,1.38115650003873
1.88080987425605,1.32986530248166
1.51183345347585,1.12193453187495
1.68952484748208,1.31189167114383
1.98331741214613,1.41710976799504
1.75587557975321,1.27088948944752
1.70342801006397,1.21044731121834
1.82999580341371,1.20414762205074
1.81303330363728,1.20583645113291
1.66478842569837,1.26327516687797
1.84608501785637,1.28905819182514
2.00873893699833,1.37123231910268
1.96545914532328,1.40541144358396
1.72086599819427,1.18373272139976
1.66510682484187,1.182114799122
1.8626246242205,1.41016581769788
1.76984946489984,1.33923859041045
1.49842185633517,1.02662332078022
1.72460948679182,1.38753787996299
1.66550356255834,1.28340816612283
1.99964984143472,1.3847438420194
1.55696597654469,1.21401163070802
1.85306982286424,1.36561704729754
1.93239573195025,1.39005642775571
1.8239294054982,1.21295554887804
1.52424247518698,1.23653938290231
1.86831447341159,1.34419281262528
1.78134827313763,1.22054687753987
1.5864173203965,1.07522749336458
1.71820490017225,1.21534901886397
1.97337952153098,1.40237859618286
1.68632631978364,1.30149899131477
2.03714998347548,1.43044654510761
1.68801012633588,1.16087236868201
1.96909583345661,1.40256924895348
1.70523830562031,1.24815360252762
1.71838762894548,1.18155050302734
1.7604463212713,1.40170478054539
1.95875621081923,1.41422147706464
1.9056689775117,1.29963341526533
1.82471376378236,1.26114277740439
1.81906249289453,1.34379544620543
1.80599509375479,1.33110961088251
2.0547407709696,1.39578780784163
1.59684611504317,1.14181619982185
1.67083151088595,1.09181122142786
1.70294284493839,1.31519140127334
1.6990873589333,1.17205640746931
1.93258261773663,1.38013555670768
1.74203586960703,1.3226791866554
1.83106966546235,1.33089871851331
1.786756338373,1.2433851171729
1.73772802234979,1.24640342026054
1.75626786833644,1.33270985495943
1.86482119977911,1.2876797296823
1.81982715302139,1.21578949431948
1.31577901815346,1.11739060733582
1.58785049809743,1.1549489265772
1.78186829050723,1.54507458714737
1.67581202999322,1.2856296389723
1.99516473813373,1.44135226479345
1.79137102924485,1.27305034261098
1.92139920910227,1.34239114104428
1.91447155837134,1.32971594621304
1.59074789916498,1.34156376420319
1.84065007801771,1.40990500683009
1.86015003726788,1.35678590063577
1.63965558773983,1.163946688454
1.55898442994874,1.132625719657
1.67157367223691,1.27813409393318
2.06113070676655,1.37440214348944
1.68038315621099,1.23786050925417
1.95574381761908,1.38960236693973
1.65340851139914,1.05716115611658
1.67739731629169,1.24349795294581
1.63659245251648,1.12997329956972
1.60878975494951,1.16072315494885
1.62378174927666,1.20978445003624
1.86012635910874,1.27533667809824
1.74827485484341,1.35305603909835
1.90801801032883,1.3399714200183
1.50558386466834,1.27169467280859
1.74610674295527,1.2121585251539
2.13308507234605,1.47339686079606
1.68696512343113,1.21320629224109
1.86473684539427,1.36365542164071
1.7927651310903,1.30151977302589
1.97166400029535,1.40573277937052
1.89612235297745,1.34937803860394
1.81454803216767,1.34374233050885
1.86464088621788,1.30957204240046
1.5470037593394,1.04631251348794
1.76700618166343,1.32877484442357
1.93475836863324,1.32881889835382
1.63181888395877,1.33344303915218
1.56987087870226,1.14412972293819
1.85993826286746,1.29329046323189
1.61228985133897,1.2434080009992
1.52483342714428,1.12790023097089
1.63124335057679,1.2200293152187
1.59160228648383,1.00371279861306
1.82976368081999,1.32314639233327
2.00416078145307,1.39330838921704
1.8109814042443,1.17432429099013
1.84773749216877,1.24248189548708
2.09442443603375,1.41355777012011
1.87578654930065,1.32445533935799
1.80119990017859,1.26386784291351
1.65872950713649,1.17054347825496
1.97802056568242,1.27713740264028
1.6096984129187,1.16928155812271
1.81982299791731,1.29348910073806
1.70894476003807,1.32768503011366
1.68897774034249,1.24861852315969
1.89953893586259,1.3297475208933
1.85133577003322,1.29074232225461
2.09670584888342,1.50634674970266
1.7811346515677,1.33366480402175
1.96296586072073,1.44957010603411
1.90807556083785,1.35880514865206
1.58343012379261,1.16262418845532
1.42746110349414,0.977612421005565
1.81260765146917,1.22540903587433
1.74824618928642,1.21224912624915
1.77838418588301,1.29745881990284
2.09361285640311,1.33100203124693
2.02832939419203,1.3159052389944
1.80569631554772,1.30789232499286
1.62094514382764,1.1776426635914
1.18809936053937,1.00977451084092
1.89039476456937,1.33639924674677
1.88753764121932,1.29187481374502
1.75006784887915,1.29403157658773
1.75808862062935,1.31444332746482
1.50891913335525,1.07333100627059
1.87358917979409,1.30184913002013
1.69576617306476,1.21990533776373
1.89501821108834,1.35094123892339
1.68839931768974,1.33641346690583
1.65415285411539,1.26424273633793
1.54849403395933,1.04758110351074
1.69829427825796,1.25191346274579
1.73567566006511,1.2073389779505
1.57127495255987,1.12260558231335
1.5408514763103,1.23035804782
1.91258345083298,1.30995961415226
2.0409031941219,1.36576256682983
1.68369571511234,1.4291374980781
1.75757180344023,1.27079197476217
2.06188369548112,1.51073725513535
2.02353127251317,1.44565304896145
1.8046035196053,1.25674992405655
1.8058364878537,1.34886600747166
1.74431928936511,1.21869815930963
1.91470608791858,1.44017206479744
1.75109787150459,1.23113430578066
1.8939402242679,1.40072465763291
1.96898406177161,1.40549553487877
1.83194845515598,1.32960575113428
1.8262169516806,1.249443856757
1.82091302604678,1.28533799987393
1.70728151234482,1.30784093228224
1.7545563209563,1.30687507783106
1.77211513593407,1.30080284119672
1.93703517895278,1.31651003541671
1.50242123166975,1.10037966747558
1.93550812443101,1.40659659011898
1.67198160410673,1.28007738519938
1.69212853232988,1.13807412695543
1.45775167688118,1.0302418954927
1.83677552121897,1.30864203604452
1.64714273675694,1.21442929467205
1.88539292357077,1.35476466126434
1.6512795327489,1.20507245711103
1.87808441034707,1.44887378798204
2.12402878387208,1.44214905077595
1.84265698341649,1.30835210327431
1.94848515980118,1.34620597446865
1.45921289583581,1.22542795170663
1.97030452049503,1.47720959041273
1.7358250684529,1.2535319891822
1.76231004597655,1.28639103433364
1.58469004302985,1.23579088736843
1.89325765355539,1.35545403680586
1.74967215253891,1.29502461899016
1.66638119405889,1.31797447469501
1.75072436453851,1.24954505214582
1.7040289470648,1.30051363738376
1.8810751482069,1.33672090747318
1.81345446969286,1.24721256649637
1.96921335853417,1.35725809867549
1.66859044959702,1.16305171635977
1.70639134499469,1.20973331470536
1.8749038041848,1.37456287386197
1.91531517938292,1.31630592474514
1.791407858943,1.27799036284898
1.75292325911421,1.37103626435288
1.75977147171017,1.32314099691165
1.96836050454447,1.43380873916274
1.7715686714811,1.20230132744718
1.95469229688562,1.3549457113428
1.8321196835465,1.16871275151519
1.76062966907535,1.18652477675458
1.60419525343872,1.34222644450587
1.86845149027433,1.30095358709168
1.73463191893354,1.31067604003121
1.94500130020767,1.37298026618173
1.92908631507213,1.41930635601036
1.68086033062935,1.25465304156411
1.9381250416234,1.3733960884856
1.93786125387352,1.34076826004993
1.84026923523236,1.29203978958867
1.93295342294614,1.45536821914636
1.69882345494546,1.27746064247247
1.66383210827893,1.15322854434209
1.89914210994305,1.23473862192676
2.05368197045889,1.45434720222655
1.74537096382531,1.17636561812797
1.78903743659381,1.28033264141436
1.84224742747649,1.3683809723057
1.90601129556887,1.36761060719228
1.59233536544588,1.11998227042127
2.07024203206737,1.494896515371
1.8900154944329,1.32308869531396
1.98811209866959,1.33778377749527
1.93570615761372,1.381471854656
1.83790601463135,1.24449657829178
1.73547909367277,1.3397252446805
1.8581634737084,1.31885318973686
1.93385338039669,1.42802151453159
1.51591727216873,1.19510370350087
1.67942249379381,1.20577510197811
1.76656481229817,1.2863558880383
1.74751318224844,1.28519199836625
1.62582492263193,1.22490977678198
1.91549873201104,1.36998187045434
1.75945349500467,1.24571881881812
1.62269143198483,1.23844602892322
1.78358634204556,1.3688445060236
1.62696307940733,1.25980688147804
1.89144310872218,1.42250239325222
1.5893948575047,1.03110418795018
1.66948265179354,1.1566427552788
1.67679665099699,1.25036855791584
1.8421753298063,1.36723729767971
1.9163104704224,1.34410233179983
1.83156564972863,1.35904862459276
1.88275575789676,1.3536197184043
1.80299624394882,1.32425736610729
1.82397890138726,1.18034441891044
1.9036176782083,1.27750772617157
1.6918388942136,1.20451162096126
1.70520481067113,1.19725607443421
1.92767508826545,1.35351592257401
1.69369037342297,1.23933642327637
1.62676328466185,1.17591110167679
1.71215826765547,1.28455481521938
1.35077973373031,1.13430116414657
1.80384818966438,1.40432102160757
1.56959562107653,1.14113999420253
1.99348924689135,1.3769448578903
1.52001430690076,1.08472591900677
1.88298300579499,1.38051525163144
1.73799349373961,1.18004647343345
1.7201889880184,1.24226481800004
2.0798810209569,1.49956113825034
1.65650254702601,1.25964592182489
2.08043181921829,1.51700169508934
1.5566216625796,1.19761402596287
1.71339540832607,1.22559130808353
1.84164476593367,1.33248639324075
1.71034867345333,1.24544163213118
1.7451334627119,1.28599147933492
1.93923130259949,1.31457098607586
2.09764287459542,1.41019549985282
1.85970242487405,1.25677674696487
1.92895828080192,1.3930114943538
1.86119627692926,1.25065596520505
1.85182607597871,1.24851523708683
1.89625285595061,1.32948074538223
1.67750464077973,1.17387268042247
1.64426360108585,1.21678347280524
1.90470735432907,1.39595886847748
1.6580701766985,1.20358921575407
1.80580797502102,1.28426170238528
1.98461085702586,1.41092958047702
1.73392098989822,1.32743507539373
1.78147665694542,1.25488988376701
2.01922833693111,1.4384413463763
1.84613499541156,1.35058019800011
1.62395128597002,1.21300703337926
1.32695171816307,1.10631697020177
1.67064738223467,1.14922280074049
1.69796035509291,1.3999288681564
1.78527088099021,1.32386334934266
1.58619657333496,1.14408571883992
1.67081706809502,1.36115030518267
1.71579477986022,1.1989995891908
1.82670776053856,1.29910220827925
2.02597827348513,1.34909442939152
1.93850747469516,1.37594889826736
1.60143110932322,1.22579169792074
2.15149231841879,1.44028038587534
1.7746477713386,1.32771031714786
1.76263788138548,1.39276107945085
1.6121640542659,1.26724479780554
1.53792464240704,1.15022603030256
1.6442752089756,1.2029237475869
1.96614655944606,1.43916311803264
1.74684659091103,1.13875503226387
1.84088901746914,1.36012777640291
1.75547253148008,1.25990875091221
1.7857367571595,1.31960517512287
1.75734917076963,1.2109845690539
1.6292567810925,1.22772646897217
1.71497634195744,1.21367595809671
1.63493711490305,1.24859558637988
1.90069233763835,1.31935885319339
1.5080745311066,1.21812474562989
1.71567895652208,1.19757347872648
1.61505194264129,1.12825224105571
1.62705984832547,1.18966204976367
2.04282930603559,1.4734340638923
1.7581344813837,1.10401020793034
2.03564199911478,1.35694015859438
1.96596083929736,1.43156271266539
1.84167733483647,1.36951635698301
2.09923453154526,1.47569274556257
1.82556628085195,1.35434393687303
1.85540979174615,1.31056049409039
2.14910904350475,1.48835819836188
1.81497123045307,1.23365240369734
1.67352871340502,1.17583586082475
1.7095440832575,1.25219315480106
1.57321296273826,1.09239666697387
1.98007274049159,1.39451088393621
1.92555561757658,1.35441330204805
1.70109795871277,1.21007426721863
1.25325970521667,1.06292207650071
1.52925642001047,1.08660167361314
1.79667199390395,1.1560659502616
1.56705076132318,1.1132813869476
1.69626624823895,1.17036073005179
1.70354959327577,1.38346736145808
1.74990971047795,1.3971477872215
1.86968559666581,1.32090571777301
1.67212592320369,1.31434928717036
1.73541505160717,1.30110509025757
1.76466673138871,1.26089617016317
1.98260582766189,1.42711710544239
1.67168130202805,1.18672569684549
1.88895419527005,1.30392753210668
1.77380944147985,1.29730438518357
1.74326895539764,1.17688757546631
1.86335928222296,1.2199868923013
1.64083873373457,1.18748275282678
1.67455191531895,1.08935851672662
1.58017243099687,1.16695424929947
2.11037363874766,1.4972704948661
1.82617510186842,1.32694664549837
1.72957234488504,1.22079951670673
1.51534447491545,1.15578109875911
1.77315297748955,1.32682535874948
1.82968117310835,1.30675091921341
1.62978605871417,1.20740631565575
1.85362051721899,1.34746208772887
1.66837906331436,1.13236453606946
1.81565099108983,1.27217410380001
1.74256089950378,1.33086531740202
1.84012816345501,1.26924920440725
1.94269149521948,1.4290728451861
1.64597867521556,1.24035304029401
1.54928954042238,1.05167490844246
1.75137279882472,1.266915941093
2.0433620921683,1.2361634360416
1.82113346745497,1.36272729962664
1.86421379605846,1.35272043183608
1.92312766878748,1.35357651642595
1.6800784560297,1.26918735267512
1.71366356688012,1.35428948406427
1.81972648055243,1.26758654738951
2.06476530767085,1.43734714455248
1.7308225604546,1.31905150772674
1.79959440481461,1.28446781885082
1.70097036486648,1.19527188044116
1.75599310135068,1.21658647799558
1.96574027379794,1.34189453184241
1.86526268320979,1.35535674957905
1.75920285712119,1.22882728453789
1.94905089740181,1.32890218858179
1.73772733955229,1.26974931181853
1.68771947137256,1.21157721909237
1.79527282825709,1.36763167929341
1.79303831635682,1.32054399578506
1.72768497535076,1.20509676468419
1.58299082359851,1.1372580276789
1.99056718588574,1.36628064065641
1.93007319429138,1.46901211011707
1.98116941135418,1.35184199803179
1.96301479998743,1.43310159323011
1.61863426496317,1.2385684437137
2.0249328412697,1.39338708138983
1.68229694098843,1.41015481079634
1.7437275891058,1.24969502516976
1.61204878270595,1.25148542467788
1.70698823807455,1.30566585244475
1.81023126480574,1.27288398311542
1.94965936656067,1.53545962576448
1.93515516618423,1.34754438262379
1.81020622315108,1.27252230310118
1.7569117256663,1.34077674889953
1.94337052552444,1.41777365387498
1.5626785544901,1.09029012720889
1.94339997752503,1.40755046297896
1.79140505573378,1.44628092661047
1.72389403599112,1.33623069319538
1.73997902256336,1.32641030326209
1.70862513803103,1.26360048823187
1.84305724945496,1.34697588665968
1.78622827066647,1.29567780626715
1.54290719052094,1.13580805783604
1.6461695243464,1.12215936146776
1.94353218565985,1.4832984718319
1.61590122335588,1.28143797411063
1.71206487133285,1.25155093914761
1.75485790663966,1.26451241231113
1.8312815962857,1.33331002667864
1.77857401140508,1.29886273508398
2.06080962338303,1.44021951612395
1.65618295559813,1.18809367828678
1.73243947870578,1.24409086165303
1.82218595652147,1.34215039393425
1.53077016788787,1.21048023821792
1.96910150645728,1.39826368603033
1.9316021417064,1.48607243056248
1.64783427535291,1.18005953286891
1.88730630415937,1.35425762135811
1.69643532413514,1.34986405550134
1.92861287263847,1.41521314300983
1.65846679548795,1.34205026369779
1.73514309043103,1.24698601858788
1.97083068604315,1.40755212206207
1.89652236414238,1.25111654102675
1.91437109130943,1.40000896267695
1.7474636661438,1.26248485041399
1.73284961398225,1.28588434678917
1.857088887406,1.33242003487005
1.74559483941509,1.24163282799387
1.50253861538977,1.0447983058092
1.76514690895653,1.23925856214269
1.7066262420981,1.18929395764634
1.81376260514852,1.30380224480306
1.8766036271402,1.33042023245613
1.49680072888482,1.12460629613299
1.56734440962015,1.13884060931071
1.82618333391578,1.21944290270768
1.98832299859717,1.43390684676781
1.51657889460247,1.25367428342641
1.77775897170811,1.4634042276985
1.69706468795569,1.15744004392056
1.93882977977856,1.4979875678103
1.76187876205369,1.29094217506623
1.66501912195341,1.20168716849216
1.79142235831745,1.24344627710376
1.72336379987114,1.15276487447415
1.98213614344513,1.44452200628488
1.92674746218773,1.5080034544844
1.80910286898113,1.27866746903751
1.59910375942632,1.28615444783078
1.53559017434172,1.22968937805598
1.88826191221219,1.32556951940132
1.75345712773349,1.44098349452297
1.60561779849266,1.22647952600542
1.89371285705914,1.38246257234479
1.68891541102786,1.24698611350771
1.96770270242781,1.42041159192418
1.5760951827816,1.15588656297891
1.72057517751412,1.26358091012994
1.70982664457632,1.18843724835046
1.91854489520302,1.34488851373527
1.68630262074674,1.16330456422043
1.70658922428445,1.20608882948551
1.80763620044699,1.33934852378594
1.76823805038011,1.26565322369177
1.72088373973431,1.24287332021384
1.81087676565575,1.35915311955117
1.71501243100274,1.2104850143273
1.93138233319942,1.2827754348992
1.86560763014774,1.27978157117426
1.67846159053857,1.2039559401133
1.76682371941829,1.24364182559556
1.53662288194191,1.08764678756799
1.79653936899589,1.24778545793807
1.96916650904981,1.35085406789261
1.63968776990715,1.2589774490448
1.75147482170549,1.18350709565051
1.8463992246318,1.4273491284505
1.85242785443832,1.31774501645815
1.70873425704025,1.15584959033276
1.76904580732999,1.36160497996993
1.75037103031696,1.16112387337943
1.685030513544,1.11816020846211
1.4164388492634,1.20724341599184
1.72586582361893,1.20478467309704
1.89965071344621,1.39189160677028
1.66671231930333,1.26068917639445
1.70955493686402,1.22632337306713
1.63431572284996,1.31403534450691
1.83391413272393,1.25237103172409
1.78921454634777,1.2163926789324
1.7721890616625,1.41610123470487
1.91232415089654,1.38557231459817
1.68630401595113,1.18921161994725
1.67038341390159,1.2437641653015
1.89890320876739,1.44361167970853
1.97029473842591,1.36821404089018
1.68919094558947,1.21168981338906
1.77480483789474,1.14922440453897
1.70066022885846,1.25998932272465
1.93295975168782,1.28905085106846
1.80569951999215,1.26871472346781
1.9023589401218,1.28335283467338
1.53803479795753,1.01246088890762
1.83214490223512,1.3523343840856
1.63660618601149,1.12755118111508
1.70875505475033,1.25972555900271
1.99692611418315,1.38838285969942
1.81739128617393,1.27828084228932
2.0245658088402,1.42670467438411
1.55840404304175,1.19983902548085
1.82510093715363,1.33567789854409
1.84492663752638,1.20060309551324
1.88570045169721,1.40039738418668
2.12295453125151,1.45804137264561
1.67459395426259,1.22507977248815
1.81661204402779,1.34853493840208
1.55443903226328,1.11250928856234
1.82074138924078,1.26863900147009
1.73007108707216,1.23782804458
2.01012144484465,1.50020915923082
1.91431888797295,1.35671748282824
1.57430934218527,1.22134972698208
1.78194800460663,1.40882381214055
1.79750361328154,1.27312726551219
1.40812014332722,1.20123794426002
1.42156660892464,1.07230675544549
1.72291565648358,1.31936403929731
2.0284413496078,1.42859997235596
1.61206530648192,1.09808994708122
1.8727873416359,1.2801963808604
1.87419601259339,1.33720839325809
1.71500035056246,1.24159982362171
1.93537349127485,1.34582021064398
1.63212229986909,1.06813151079144
1.67769839181616,1.27925303326669
1.86469199682036,1.35279977127602
1.64569239172664,1.12798924908399
1.67817078711562,1.20750924283329
2.11717442241193,1.41390272457929
1.68679217810004,1.18990240955064
1.72349937300937,1.24726093147252
1.8083098500866,1.20330622729149
1.91030672570484,1.34133099752628
1.78438835392976,1.2327763504913
1.54975757312342,1.16523827099771
1.8426763680603,1.26418501311036
1.84650409855959,1.28024121003967
1.85707880663119,1.34570533187066
1.6179111528947,1.24241461126533
1.87982634146335,1.34051754623092
1.74557195796843,1.22802307131302
1.65887090919151,1.11383249815142
1.83353557343779,1.36060202814316
1.62932449590931,1.28038158893885
1.73144360416854,1.21923578475349
1.78053004126579,1.31431150195788
1.87698123218574,1.33847555374565
1.74502274704437,1.28471374274823
1.55715193197794,1.08139551841111
1.61205166034233,1.09291180214051
1.74569417690474,1.28960060641304
1.57533601892956,1.26941260114057
1.97194708839267,1.37739035036131
1.65442522443707,1.10545791155986
1.85504153694158,1.33976290499763
1.91237491639983,1.18130059173431
2.09075425636943,1.44262064881757
1.75793732333785,1.25912300239849
1.51643335342068,1.23149669782375
1.81884931801289,1.23327700801031
1.96367339789741,1.3432474321856
1.66709986552695,1.26892418363316
1.66527445977425,1.18509233721698
1.87054984701586,1.35483897656326
1.72709517316511,1.24364511522208
1.86391445265559,1.24374939988085
1.84417548269853,1.26772522938271
1.54157752450161,1.10339028854943
1.83358284843524,1.26075625561938
1.91600432059209,1.34548524135361
1.70555904960771,1.26894118017421
1.6402120529144,1.27154065197167
1.84725146593118,1.33458012706658
1.71859085322809,1.15660407194344
1.74882158860174,1.32036419903269
1.80955102548347,1.25562762344431
1.77771348807507,1.26527112433357
1.44046607937248,1.23330313115833
1.94490753203345,1.39055615982265
1.86199547770897,1.25972248748014
1.88522888430932,1.37569324595459
1.87535995363743,1.41723029269942
1.42252782610707,1.20930974597851
1.87169109224341,1.32418917096065
1.60074285349312,1.06439567856287
1.73293168172358,1.21522974909915
1.55247270113797,1.2896447688008
1.71254943041109,1.21892173528074
1.8435238443941,1.27508009828432
1.855132443594,1.38133461270654
1.93737389521264,1.37420028688959
1.6902044565448,1.22018147722257
1.49706712117925,1.0318021021913
1.54264877080544,1.11335445497501
1.76263626623148,1.27279389121274
1.59089746885355,1.17511306278919
1.70847659479598,1.21886237047927
1.99971728857756,1.37030949060037
1.80211777385295,1.23778048137067
1.92560106468566,1.34126834539158
1.84220217427686,1.37093829641472
1.6092289334432,1.20602533871997
1.72633573439869,1.24642390942846
1.7670874134884,1.19062074807102
1.68816017291733,1.1919299097958
1.67892991228787,1.15862567160326
1.93504458495371,1.34875401849943
2.07295740456521,1.44788189645131
1.88507079328482,1.37563906237546
1.62344981495838,1.25923314148465
1.91381849958147,1.43036071510876
1.83310699381372,1.30259724512399
1.81996620073012,1.38213286903605
1.60967155075814,1.23776017672554
1.9995608492262,1.38085251432807
1.7592522645075,1.16867380806534
1.9835280338043,1.42013823354448
1.76690852967681,1.31006821800084
2.18120143389289,1.4894762498103
1.76174658612031,1.21448031105311
1.75456535079071,1.30707467162916
1.65499703142888,1.19139459014992
1.59087539763846,1.07254887545795
1.93030579902754,1.27913126028722
1.68379194930806,1.1653939016963
1.84688159309902,1.3366070576884
1.83184842015155,1.30578176546981
1.93234641272726,1.40298683971501
1.51426540838023,1.13900793809132
1.93737158669208,1.40611922716618
1.56322820811942,1.15819782029636
1.57540567619326,1.27558527445569
1.59258474022456,1.08793906243275
2.02273018604334,1.45692995986945
1.8818359864396,1.29818348040724
1.74256107196413,1.28995090971276
1.8908687201259,1.34046365619249
1.71561472622611,1.28128332059678
1.75845593264096,1.24261830080187
1.87148469813196,1.19121032224212
1.70914097351575,1.27898037419433
1.85131582298695,1.3481156031891
1.99358173003228,1.31209469225275
1.74368316227884,1.29253473150848
1.70999669178514,1.21159348644624
1.6777866568158,1.22132194689068
1.71781107802503,1.1772905798064
1.826238274,1.30367804286344
1.65015422579822,1.13523252694375
1.75767947009867,1.41307456899804
2.06717517370263,1.46087990784767
1.82604353416475,1.40059349391919
1.72996161442652,1.253808871405
1.88133747089035,1.38851688054178
1.80275342598969,1.28514719146148
1.81376802863133,1.36688919067104
1.65391245839848,1.12099002313558
1.85269384810301,1.33232043025675
1.72716247406703,1.24210911059283
1.96695956544929,1.38512253922113
2.03961191538255,1.41056260453893
1.73020162503447,1.28537483285657
2.00356418517131,1.50642030372696
1.78594009115248,1.32733995453841
1.77414836176822,1.34106223907016
1.65796501098477,1.37115548912582
1.68839282849968,1.24154206686214
1.67053424956859,1.23372745523804
1.91108868177812,1.35907616365525
1.86959356217847,1.34286210148624
1.67804970023371,1.30487022678686
1.64245981735427,1.23960000524159
1.78060267824908,1.25539605718024
1.69457411026247,1.1716088097144
1.82695091206577,1.40576597688898
1.88380066646712,1.26977853337265
1.81315388957727,1.36318578769761
1.88380048269995,1.44405322355777
1.92777169668097,1.36460628480053
1.68701369165114,1.21370570397044
1.75955485295829,1.26808307942771
1.58322876552477,1.24396806275416
1.63921870990023,1.33792584333677
1.57134181544518,1.19621734682902
1.70061502515428,1.27258034296212
1.67427341633872,1.20905628857648
1.6466687690447,1.2575444184426
1.8816090407994,1.28157808549435
1.88232575101537,1.35329021966542
1.75462083187681,1.19120888935042
1.64370868216921,1.17156322973706
1.70959922935748,1.29322660599326
1.72678629413521,1.35341666432449
1.75782884598626,1.20975231730375
1.60194815751873,1.21577725767636
2.06628395378015,1.47245848298993
1.59827442126153,1.16374798202197
1.82908018118596,1.21860339952742
1.93651925556846,1.37482810047673
1.60863709294527,1.30527702589925
1.80138680388556,1.3125046902694
1.91360717128108,1.36814674466082
1.54871536326202,1.09701838463015
1.71728920172862,1.37262242478429
1.82182689290087,1.33642704533572
1.97059759189018,1.38912709488666
1.69616768845245,1.23764341126111
1.7230398426623,1.38855568140044
1.85210868363213,1.31810469223245
1.96787143366321,1.33679795502213
1.68160679529407,1.19068283490688
1.76427381869326,1.47279281439199
1.50792135746154,1.05390857948458
1.61747416413366,1.28501930423638
1.7057918770094,1.2691311057805
1.91704878147178,1.45977899002584
1.70685697310898,1.18750640605795
1.74723003600576,1.37943918055259
1.69224520038363,1.20758698928591
1.91692414494872,1.34454085684487
1.98741781462522,1.4241363826113
1.4461427704782,1.17328878402129
1.69605521825597,1.11146168582532
1.8406786460341,1.24387873749084
1.71334540658358,1.24841383616711
1.8061549581646,1.30887258221252
1.7074851155536,1.3435371616637
2.01494945499163,1.43578110677376
1.66767050637338,1.21972339395391
2.10420293267083,1.36847108992842
1.97530403649699,1.41931658704564
1.9347140197151,1.46061869462336
1.69320410056574,1.17079674058893
1.50687326087528,1.06927908796178
1.90825160384425,1.26875019758479
1.6807058552272,1.35064046510117
1.97018244284112,1.34270902659771
1.65482693484514,1.11257620206704
1.87690352473452,1.27846652309141
2.04766604954105,1.4355153292778
1.85062237846148,1.33360438376667
1.46663555416425,1.14390003826317
1.588029613749,1.13958939975238
1.72439556530014,1.2808073667355
1.90441601018431,1.30968307031575
1.81797822231414,1.25490277562182
1.97908291843448,1.36063723198445
1.91893584619704,1.30515578828666
1.95530323290803,1.50677640024979
1.91089098945287,1.37292415219898
1.86828755578577,1.35781050623416
1.72098213503234,1.19925566394851
1.85283631516996,1.294699410314
1.85872697172367,1.26395498978224
1.80305035011187,1.34670055168513
1.70975122727823,1.1905099155108
1.85149662355163,1.30520519527543
1.84048494495541,1.26941657129768
1.77625582902179,1.3055261588439
1.78850887061611,1.22119563559052
1.79779709361669,1.28358679857574
1.91392266838442,1.29553614760122
1.57847795495493,1.05760950957394
1.89770229715709,1.28307070922862
1.70148835594897,1.32971780770896
2.14710611803586,1.48588894823236
1.66756304611351,1.11618582065798
1.55656056723832,1.19717525990362
1.6670194553972,1.20514351609618
1.81734528572796,1.2689625949386
1.56133469236797,1.29155103204236
1.67348020585666,1.13556610073871
2.06896832666015,1.433262773888
1.80143032671106,1.43862685089313
1.84914576431188,1.21715469444294
1.78890456649901,1.21019349420509
1.82363155481097,1.29489276268642
1.62874019689521,1.21503340666498
1.47123638823693,1.15124171942008
1.80377610654031,1.34401321949917
1.44189986739115,1.14431637052076
1.74222813042877,1.14797778869228
1.99820179873565,1.31408902530446
1.79427244577447,1.2823101790805
1.94694364771821,1.39689340405543
1.52191336718215,1.15380523984387
1.87901553745617,1.4341142188028
1.7427531780714,1.26477289107526
1.35738063748658,1.15569846238792
1.87227237705395,1.31985430011668
2.06511522350815,1.4125780491219
1.81927930359574,1.27122712680923
1.8556848056754,1.26673412101984
2.0027851950896,1.45918775360695
1.72465236431347,1.1994224989504
1.96816342575713,1.29796736679259
1.75165116241544,1.30958962127891
1.94289106093675,1.38582014001513
1.89771002835713,1.31829962886597
1.77976013681061,1.30325417036534
1.87567644144805,1.31294710998417
1.81510745700158,1.3267073622175
2.00220252472988,1.3981743681697
1.82648928991968,1.26378800614443
1.9464400484235,1.28637089927315
1.93840396040958,1.37669644452747
1.78482898768812,1.29645859664799
1.90305526071767,1.36107859982957
2.04724581391425,1.42854868564371
1.73979741435229,1.21953235965574
1.65325152032408,1.26801018377561
1.92443660369596,1.32014328561352
1.74379571941257,1.34367040297363
1.82540742921811,1.34628766721666
1.84338951381231,1.29115443681984
1.61746593018744,1.24314512007706
1.73260131249941,1.2741059196633
1.80648327852537,1.34166697954967
1.84009991141565,1.2863794339117
1.86871682934691,1.26533722578272
1.86939212072674,1.29646778827814
1.85903697678669,1.36620951653754
1.81807166052969,1.27114271255271
1.81365399356795,1.2003865899211
1.96503983114268,1.38054783587695
1.99795639339134,1.36558719848274
1.64515605322184,1.23843029697692
1.83306968446565,1.26314471104366
1.97038815957586,1.37818826042115
1.93220732557167,1.40890732357701
1.71427946928668,1.24874570674548
1.62774769361622,1.15930145608542
1.70666897494152,1.20944454781106
1.50655264653928,1.12493563333117
1.96134861933377,1.39731120921923
1.76330970373095,1.26290587096632
1.60458755718465,1.12390004519339
1.81565713596337,1.23338530931237
1.73159672535248,1.30002394423605
1.78640477943711,1.3320452904925
1.70649937021644,1.30626580755884
1.67922519913662,1.22137075613299
1.67817652700684,1.21912895361377
1.69352496184534,1.20870133302815
1.77410923594744,1.27795950595498
1.75712965107649,1.31485047627089
1.98403560530385,1.4046651615472
1.66227973786891,1.12742004869678
1.63601785359952,1.35575594264943
1.77847010673492,1.30504970109319
1.5976856576219,1.22498819062693
1.86604327948914,1.27514968167876
1.79668064113957,1.26729102920855
1.78341253693975,1.22505751018131
2.08416414964347,1.454265825053
1.70658357817263,1.16648524854106
1.70887335017843,1.26801487656693
2.05267007697647,1.43483911266131
1.74030946212167,1.20199107184374
1.91226582283965,1.4572267227061
1.83553485172125,1.29838199011564
1.69664459420158,1.29468702079162
2.03688642505073,1.47673487725214
1.76455165553475,1.28894411241205
1.76652486317191,1.27058455104569
1.83648808882314,1.3704087540988
1.52076984199941,1.30230838442264
1.43212060452073,1.20850583026261
1.89204237256197,1.29240449479664
1.7448725516002,1.32856326975133
1.87827779495216,1.31786807387794
1.75316206453504,1.22383980535275
1.78972997474878,1.25918485914341
1.64130203360753,1.09674401546949
1.81125781145083,1.29173155710782
1.7287475375453,1.28527348441174
1.80830759221254,1.28236495338403
1.50452677030968,1.12374857163522
1.65687194768364,1.24354706785604
1.76991127577573,1.30213412645574
1.72929411722085,1.3105788101694
1.76726197005523,1.26920768865673
1.6222495500121,1.31869790535185
1.70410817352942,1.20639582493646
1.84207215344061,1.31323600369204
1.95508005586789,1.43406622830058
1.65447392334807,1.33928505481243
1.6322114053061,1.16075806009326
1.80434013154242,1.33271585592313
1.95392760960366,1.43117194104082
1.75800734372948,1.24963585604519
1.59209386052385,1.19838387883559
1.71510117975478,1.21032148339452
1.92295455916282,1.39366307393033
1.85927298180475,1.28315472703308
1.97019064636376,1.35251296509234
1.71750372413072,1.21720031789724
1.9766787605553,1.3797625591221
2.00593293836897,1.37183682721526
1.75024672132069,1.21814385914098
1.84017831849109,1.38570547303733
1.96692820001446,1.38372039804444
1.73603667294749,1.22511602226845
1.89908908608598,1.38891882579665
1.83061270973577,1.32613028110012
1.80889019096731,1.31544481813088
1.58129233383137,1.15847416896929
1.87279932446679,1.28152226810044
1.73851614626327,1.28116257287181
1.94840012142023,1.38965097166111
1.89561973751072,1.3155436960314
1.68222321885961,1.224020601769
1.69707919691964,1.12282022732024
1.78643989056582,1.3001675694294
1.85453879945199,1.37714882817606
1.83822818815972,1.27507488876468
1.9655487385554,1.36598499886332
1.64360283715274,1.25126631424811
1.68123047558954,1.19212892566317
1.94301100370347,1.3887482822378
1.78655850290206,1.26359601846617
1.47710639460887,1.27013691804227
1.83128165742491,1.22655836295781
1.96929111595753,1.31503300598789
1.63647932348235,1.31236817964772
1.79110781238054,1.27531620424373
1.40316164749922,1.15109036729071
1.80565148311909,1.26425532054678
1.49119511707967,1.0798951196799
1.61182230928793,1.20939721572638
1.64261237658169,1.21206798422053
2.1317187819245,1.51367476983505
1.91105095249284,1.51671506269712
1.78912369285774,1.35733804657816
2.05321200082909,1.38308860213062
1.76460213260119,1.25785413708668
2.08815572560437,1.457107238137
2.00556145362451,1.51537267153876
1.9166139282091,1.29814599495752
1.88054037830621,1.26611651870048
1.77131384637403,1.17309438961711
1.96945891454912,1.36644765538366
1.841412052761,1.32534856219964
1.69855612082926,1.24509202901808
1.41982504820102,1.10733236815262
1.90592650593568,1.36740475603229
1.84726481972001,1.38567935594399
1.93929764490924,1.31480262962459
1.87932303036777,1.39791854796426
1.49240458184054,1.01935534172937
1.97850790727936,1.46036077953587
1.50892850314908,1.20301447402575
1.67731967657727,1.26034220717766
1.85338639088725,1.33782646982477
1.98930282112849,1.38799196806928
1.61211040849048,1.13543942828975
1.69231043784649,1.18525575456647
1.62598313133844,1.29336005511771
1.75858744164318,1.16051576350124
1.77410553011283,1.24270966915058
2.1092762319733,1.45601377351107
1.5974165386145,1.29735365046985
1.94557448075886,1.35091794605704
1.9140945465061,1.39806452091913
1.70669818806331,1.11911783375409
1.91960856836305,1.39934545106359
1.79995624291552,1.21324496216622
1.72872569249619,1.29214779989125
1.72070930886811,1.25769265389837
1.7549218174192,1.41157679774936
1.73346735324083,1.28846918497605
1.72119476009428,1.26859609883615
1.6751671029222,1.29574521376616
1.88116385197973,1.34076328323195
1.70643178968032,1.17444757718772
1.77066196772194,1.278331552569
1.83317791897375,1.31701329255037
1.71417767893168,1.23829347679362
1.63089998879416,1.21942579498143
1.99046937613633,1.41667462024173
1.46737133520233,1.09340072722077
1.80486311232689,1.3564799862811
1.83653163167875,1.40724192143778
1.54796577283924,1.12854759739874
1.76399712851048,1.21916740107874
1.66526875734367,1.1848203426092
1.9436495118051,1.47448345939433
1.47278347185056,1.20675511329479
1.8960524239956,1.27948475136793
1.73912793301101,1.28336114020407
1.75251138367194,1.30139732191333
1.89308838797463,1.37643634804341
1.95091813977024,1.46779489694475
1.77582135235405,1.15303318242614
1.32540564052589,1.13458449259127
2.03624478825418,1.43952858038085
1.91355326999847,1.387297672104
1.83184144113551,1.41014117678787
1.81456513934578,1.38038883590752
1.74360076483665,1.26900926155638
2.07212765641304,1.405356960298
1.88025563658931,1.40365093507022
1.64052158612335,1.27574549705686
1.61943340003021,1.11275779979908
1.74393282822447,1.3068639040144
1.80035555688734,1.29666534758955
1.81453246716082,1.2463727209912
1.5430800054732,1.15106629822629
1.6707651705608,1.17385805880308
1.92687360220731,1.30583850104438
1.94794365777314,1.49682395477533
1.89098974468496,1.33407591800579
1.66358224380364,1.32327018463138
1.76242319441729,1.28042706552696
1.73825896860025,1.25404476232381
1.813657017217,1.1966047594277
1.91619675031077,1.34830334539422
1.95805392300767,1.36475005272793
1.63632047505184,1.19826210358834
1.82789092108304,1.29761174461883
1.74308285348117,1.43256020649253
1.62086485225983,1.16790666965882
1.62315143784611,1.18657514450228
1.9245960502898,1.3794576002085
1.72281304976331,1.16029989497374
1.74246862403718,1.22584846280862
1.91579597396788,1.3571869423913
1.85884450078894,1.31524335919215
1.66137017166545,1.28324364309094
1.72904604678977,1.19666194463267
1.58143216106381,1.21215270112868
1.86441698591146,1.40472333874721
1.802947141619,1.19606219558941
1.97130101642096,1.34540752004101
1.61693858349395,1.12757036012729
1.82886369241964,1.29077124953022
1.54601058598236,1.18555986554897
1.69820063654452,1.25214420994927
1.84477655650556,1.32924170391427
1.74720897043632,1.26955338402616
1.65484780244444,1.23648621805474
1.92079309404195,1.34296600241959
1.81240412855396,1.36394109590501
2.0079412367984,1.42038750906041
1.58826475090551,1.09809307342659
1.6941479569331,1.20092777586873
1.57967179154505,1.21274254659808
1.98490914235516,1.48269843810095
1.86219348552551,1.23322452725252
1.65822413926395,1.28037862231281
1.74947582821769,1.17312695330603
1.87774839914317,1.35070036970037
1.84074308818032,1.30026104254281
1.9164128152121,1.42955953249199
1.66210243086044,1.19663555834943
1.60447854678598,1.16234433397585
1.95340379909125,1.37687195874967
1.84612773558244,1.16908342283124
1.74437131839459,1.31659875064879
1.82753150306261,1.25784274244002
1.98345108226501,1.4351795184065
1.651044070212,1.24174160865059
1.79140082809315,1.35022301896721
1.89684198755946,1.39219702036454
1.67319078557822,1.20928522495796
1.81519476659198,1.24362457660403
1.70631719429866,1.22588320131841
1.64577766836362,1.22275661369973
1.92235642784209,1.31006514222123
1.52466970408627,1.23073717168009
1.95196495963089,1.34058531139169
1.6251811561745,1.21579885151645
1.84493093771712,1.28732570346118
1.72890205476941,1.27181678466525
1.66559591186513,1.39480356564244
1.82159089135987,1.27654350270882
1.90001893729876,1.40127595154029
1.70727151243904,1.22620695106596
1.82460084758766,1.34531172287713
1.80092844712542,1.38165569196146
1.5965520944929,1.36216979331329
1.80708591750017,1.23852152757128
1.71979822696768,1.19805894695382
1.79802612726358,1.29265871888769
1.76119764245591,1.43822365405138
1.83747302207384,1.30967612938447
2.04063090562965,1.37455986349715
1.54993310444843,1.17779407095807
1.72622355874291,1.27005963311128
1.73257390381183,1.19350966619667
1.93694843115188,1.34726296490261
1.95851883170927,1.37333472858843
1.94959750873905,1.33082297335999
1.88756936014642,1.29644800268862
1.87419828117897,1.39397989380036
1.79245970602673,1.22335117844743
1.8432787799782,1.38106298867497
1.36142556790875,1.16794110232283
1.85959319578615,1.26268136957524
1.95794437231881,1.33546458065211
1.66089948893816,1.21949161725395
1.83952286578039,1.34057185853448
1.82771261418818,1.28265258243394
1.81484500417707,1.36821834831976
1.98039386785319,1.39824973897739
1.88249258493317,1.33192942677903
1.77404138986482,1.27367287949606
1.82597435294431,1.37564300936613
1.86824965407692,1.32737984894311
1.60827892252724,1.31962954783596
2.00167432011387,1.39701493546028
1.81209424847659,1.2904858992029
1.81131515739038,1.28234204907764
1.71056280307534,1.2647449736807
1.55106945504093,1.25310043358538
1.44472249388494,1.19175746017655
1.70912409020077,1.27591818531721
1.77914389585648,1.29038607545204
1.74166241758221,1.18555133641914
2.02428044958132,1.37873094718061
1.84876842138079,1.33983858365651
1.69516502425734,1.25825461472014
1.78623165667108,1.26130362317791
1.36711946045322,1.07873336385675
1.49393126413627,1.18811410956844
1.8347451028723,1.30984506840683
1.67757239197476,1.20375430730411
2.01365989271147,1.3724870519433
1.75573518493007,1.26038182013448
1.81959072237459,1.35009072603253
1.74888128128685,1.34478314445414
1.88363638694342,1.38978973712807
1.96980796407629,1.4978695006885
1.59738686101916,1.11097404096707
1.8459200463765,1.26449192342261
1.81003382192969,1.33850811338722
1.73156883163164,1.36559951752927
1.91770047061761,1.28938455309047
1.82198214746096,1.33312435191683
1.65096091761288,1.16155173612899
1.71781093702072,1.29975168497974
1.9725003628902,1.41314196265644
1.77365789557067,1.28693515699239
1.60740650896006,1.08762922318745
1.81822726733134,1.35486055701166
1.71005402000426,1.38334585152713
1.68218290043865,1.16080577194
1.84341680543839,1.36236551794627
2.06425135704595,1.48264617238987
1.89726779551238,1.32167966186066
1.82397670781344,1.37012215996287
1.89489758824588,1.3699600068457
1.72896390458537,1.28773988572181
1.64253311383394,1.31207886294601
2.04764708007451,1.46890760079785
1.50728349646319,1.1228709518566
1.48574622490134,1.22846972107811
1.68680453397453,1.23570824377328
1.55706288206358,1.14961389699714
1.65789564197523,1.29014980199142
1.7651136542002,1.25785447320116
1.83306818871263,1.26705149264397
1.67948668080998,1.20484520361644
1.76689532800036,1.23984327740497
1.51774156672289,1.18383794933968
1.53800052375448,1.24643162925813
1.92546934263649,1.41342279325371
1.65677656741274,1.22789916401438
1.46677066460792,1.16345508543779
1.62870013510196,1.13082368291341
1.84568604719482,1.223897656701
1.79750332257197,1.27860320344273
1.77488075569116,1.24710321753083
1.72702958004811,1.25140808777399
1.82084497028723,1.36677200937893
1.93498551783754,1.41750834962174
1.70708186974402,1.16398019466143
1.55170559780347,1.15322665166322
1.74258510298331,1.25139299684393
1.53623597265963,1.18862330330744
1.86729894269047,1.3740479269256
1.99174135016606,1.39507332047181
1.73353845855795,1.23794809365506
1.85007777009535,1.31819735583477
1.96583888854746,1.31497693096158
1.80342226248895,1.240254588215
1.47402619124385,1.17627975416057
1.7906704580033,1.21043192457637
1.92033137446153,1.25776710335899
1.77366514487591,1.25704179499204
1.86769817233442,1.32704225953584
1.90974284636099,1.32291032091132
1.83747925406846,1.37178520221668
1.70106381885762,1.1915458685704
1.74416708076496,1.14064346999482
1.79770688586419,1.1891948898155
1.97812655137256,1.43019290847242
1.50215801529568,1.23306100976783
1.57986298490643,1.24244615396196
1.46301968451056,1.15822663429091
1.80855094536743,1.27124593483841
1.63177977617294,1.07478252416929
1.52569798904377,1.27719678422738
2.00133030145319,1.38081955025723
1.4275073297119,1.21354077361509
1.72295941723285,1.20322999792299
1.93907442381465,1.40674277716827
1.92161518079635,1.34333168271015
1.81501355202876,1.24802127995412
1.82903806168547,1.30115290872766
1.96595312975767,1.37898553877575
1.94257142296034,1.38767536956114
1.67218113950898,1.19842722884653
1.92561057870647,1.3370128479036
1.85253880028667,1.31513604773052
1.79707358637432,1.32120814769944
1.6991086844658,1.17795395254947
1.94405529224524,1.35083699596467
1.68119817468634,1.24239775328643
1.79361568121251,1.24244117466217
2.07418805618538,1.43504701021746
2.0171337359212,1.38400049465898
2.04637237344652,1.33057881690333
1.67954329040255,1.29939283147055
1.93072108814737,1.42092190007411
1.68072114941338,1.19180301262485
1.68916254894653,1.13073863165334
1.88283845521309,1.31817041204573
1.86611078984424,1.2100562062154
1.78720624061168,1.30780430016302
2.09308617011366,1.47894732667379
1.97661681728749,1.37556149608573
1.57019578119499,1.19329774834417
1.69840419092963,1.28574587665535
1.60166812091389,1.28607008920831
1.76796374275141,1.21399317221942
1.69769635795526,1.31164995537001
1.68895607139884,1.28802297718707
1.8042805159661,1.2369992738198
1.78465269419635,1.24281204989741
1.58273106334095,1.16415273631894
1.72867150312873,1.24223317511681
1.85364949242193,1.30118031070273
1.9981488576652,1.5053247508867
1.62124361040832,1.3239531923036
1.93937034387582,1.36011905121168
1.6423198068938,1.19356135397132
1.83073359400583,1.36636853719874
2.11852536636294,1.46266540867212
1.63376479409532,1.19623031420989
2.04258294619718,1.49930977278652
1.99028854390237,1.43343781547433
1.75037757906402,1.30950663457462
1.99596538874433,1.37861043898312
1.64040969897928,1.25883735982145
1.69951467326422,1.24163127721184
1.33335698999794,1.06228287924298
1.76400231257297,1.18924643699972
1.8035918386105,1.26106336009447
1.63092855825839,1.23863192925599
1.89797613234431,1.35952224669874
1.99041700276136,1.45192202262941
1.77118438372951,1.26677282590678
1.9403649512424,1.39092440211846
2.09031828665888,1.39838550968977
1.63881394435213,1.1794657270003
1.76727605832962,1.34411860147814
1.93674937485633,1.37771827834833
1.56486033349281,1.08983574528206
1.7097515525741,1.20815803811146
1.99472005845126,1.35057037476512
1.98967528168165,1.34957942242293
1.67165660066402,1.18596468275767
1.79999817061599,1.29647173913643
1.82612522359185,1.14877274220613
1.82360702933053,1.28967395002045
1.57990420593415,1.22850604117099
1.88977567490407,1.28494450212234
1.6861581656651,1.22125958102989
1.65597874120751,1.22126794093265
1.84884792417733,1.33793955904687
1.57695393287665,1.1551624119908
1.81405237168534,1.20831245666465
1.99616547966161,1.42711224749506
1.75353854469274,1.15966039086991
1.88917464573142,1.32795719725375
1.93309400639644,1.34306266522067
2.06692272385999,1.36427668141383
1.7936523654418,1.29125147673222
1.90502003146635,1.37939854728376
1.6030842608855,1.10486206974264
1.51210683070119,1.30496738572509
1.73836048315177,1.26420074688067
1.88332810714248,1.2660578753031
1.8972424746335,1.37879364797574
1.65593667968969,1.23121924998438
1.75859044267758,1.19715331906966
1.55775615655758,1.30277610177413
1.84847233897937,1.23333027468638
1.99992864739715,1.33933139055983
1.82191944609605,1.3092755253441
1.85988135499837,1.43956864733516
1.94962329516611,1.30575605185911
1.92773419003248,1.43640448147135
2.06744547584581,1.45495001975192
1.92394102208089,1.31082865969545
1.69014844327352,1.33019048129348
1.83344357598705,1.31472857153665
1.8647699993793,1.31081665976366
2.03024438207238,1.41622428634071
1.72463309917159,1.22632877000674
1.63926416082824,1.24281065993246
1.66513149895892,1.18664166431123
1.71655129070461,1.27691534179375
2.00737596088283,1.50733986707831
1.75247318093484,1.29498421160479
1.71328565942954,1.25814120941652
1.98544369300891,1.39045660401908
2.00694172766529,1.37852113909956
2.01693866088263,1.33282453540189
1.82947784414634,1.33428487473896
1.8010631612253,1.19943362868198
1.82235154191721,1.48053666595835
2.01712554398807,1.47053080406472
1.95362178514053,1.30624709822305
1.88705157055351,1.36197701627724
1.55669454992982,1.12041431624387
1.87905787824036,1.34685369987856
1.80368851639585,1.33213205576509
1.98566220853341,1.33916504335555
1.72376329360072,1.25779709107949
1.59242349646916,1.26307658364813
1.81451891907552,1.38347656072939
1.75024638412183,1.30283002196224
1.79181423768406,1.24508009012995
1.9206243375836,1.34812376514861
1.87624041729512,1.35724947946072
1.67024005103856,1.19694531157893
1.76219413978914,1.20050963298161
1.7896280910789,1.42565946411166
1.73350376752951,1.39987766340254
1.64201426141284,1.20364434358711
1.97560507657555,1.37918603053115
2.06871609056071,1.39106419832251
1.8296948617795,1.32481573720067
1.95749382394563,1.34723889619278
1.92212246188081,1.45770086821702
1.83994744194859,1.38430386070341
1.81444375454688,1.25323266049856
1.98291116595109,1.38578855606696
1.87707483702199,1.26932795489467
1.72457474327636,1.191397046676
1.70101575323915,1.18390806255034
1.77643088945842,1.32187513029356
1.78473324238372,1.43004068786963
1.6281377193851,1.17372416276364
1.61758645343834,1.16791971425685
1.76807534461428,1.28828085668544
1.76870072860758,1.18196663243734
1.88430655848657,1.47322725574016
1.85204364647617,1.33704590670532
1.64042797981634,1.15033561913061
1.76434926788211,1.30829390312912
1.52589167039309,1.07732636704733
1.67906282778377,1.3020945159029
1.49845916320178,1.26856564970778
1.31913905702982,1.13748755320327
1.80546559652064,1.31060967714576
1.78260699685592,1.40645227033235
2.04783241804726,1.38841844022421
1.81375976982816,1.32913427529017
1.97862898311407,1.40657099095425
1.96475877613675,1.42318844073813
1.53904373129514,1.18111304429173
1.84874719877958,1.27121244843601
1.6381272824598,1.27277639892865
1.86136413555969,1.29011353274565
1.80377103419371,1.29333705164465
1.61788176853985,1.25094137901958
1.75280078986253,1.19117567505624
1.83391341329183,1.2678418861633
1.73270797205798,1.30767540013303
1.61877616310975,1.16278435333219
1.75444778813278,1.26520750984728
1.75331826689197,1.24294755284815
1.68973124161032,1.22156231650226
2.01597165940549,1.3576170690643
1.81141616591336,1.24990930527556
1.94865161432852,1.39512273058799
1.58634619892998,1.28461147670565
1.78094996643316,1.24532937619726
1.96663997223989,1.34697244285613
1.63999827859269,1.12155181468663
1.85768079586033,1.29090244760785
1.68356377779652,1.2009441408083
1.95187607807874,1.40037497649396
1.9930188323572,1.38343853614882
2.1289880392244,1.39489123100339
1.8255236187443,1.28261106904075
1.71259364266195,1.16076321393892
1.68381369617781,1.17700666682694
1.91556127459155,1.31354157105401
1.68223800170039,1.30776798246904
1.80604360901565,1.2715373849651
1.40736093610887,1.21964072430481
1.9372238005273,1.38457371163682
1.7626779346258,1.31273224037236
1.89352026146219,1.31960520971999
1.5845157752059,1.27136233760489
2.09399481066304,1.51570158808871
2.16983829865684,1.49876039077482
1.50237016275021,1.02908428701455
1.67162626190077,1.16318368316248
2.04610866183221,1.36598053783217
1.59935497559584,1.30664850427199
1.78932012629557,1.27331254289305
1.80856504627941,1.27666675916383
1.82651106127508,1.33020700629425
1.85071352047155,1.37345493282622
