r0,rt
1.55803531062522,1.46152627209156
1.96698968661807,1.84387550315335
1.53849529176686,1.42774856287512
1.71749090426124,1.6094906822045
2.01748334203184,1.86968381220501
1.8840115769279,1.7797377236878
1.78869389459252,1.66242744616717
1.76687208624246,1.67211715874626
1.83075645053127,1.72883931682446
1.73073236666456,1.63910880144888
1.63123126179867,1.53401433060021
1.91416441786795,1.79409775957915
1.86417035695266,1.76469762816225
1.76900997279402,1.6624976164691
1.90144888846066,1.793134563612
1.87420058591971,1.76213979799975
1.74467007061389,1.64034228699704
1.60612428907202,1.51123533801923
1.70842666458964,1.62977146023035
1.74845245112901,1.64271932933151
1.66083992761343,1.57759464334741
1.64577114896301,1.53531884772102
1.60704458492166,1.52780488524215
1.57104182175487,1.49234403101494
1.60304862646537,1.49560690373043
1.7995424199681,1.67611583305711
1.78008111015468,1.64259189704448
1.67479832875792,1.58381595233763
1.56966669197523,1.46205572158183
1.78386261917736,1.6836686778498
1.64158367555381,1.56316843163764
1.81279509574926,1.72604029760079
1.60248809800426,1.50745902731893
1.71068096096882,1.60291401097307
1.64495552156512,1.53894876649588
1.76474667491962,1.64414144306007
1.68658020804685,1.60335442179503
1.67405419904961,1.58669288112876
1.59553911278023,1.49722751074243
2.12882777814599,1.99602509346276
1.95660261530013,1.83323736484452
1.49441748265323,1.39269993237243
1.66014348097805,1.58526423360707
1.84093969919726,1.71791885715308
1.92834542154713,1.82829378350877
1.88457583575338,1.77994437589981
1.90839939164052,1.78076476646038
1.81990701936413,1.68619155363267
1.7061579418263,1.61696996012496
1.60373687587497,1.50759028364985
1.78489377464442,1.68082236703638
1.73949264639991,1.62284888553392
1.93876386612139,1.781704380032
1.87658751521223,1.7637895727024
1.68623889692408,1.59432293703593
1.86271259677858,1.74772388811134
1.7327328117639,1.63202035501472
2.02238004118962,1.90063706710492
1.6111379597111,1.50782605139112
1.66842160251288,1.55381801421739
1.75118152363005,1.60883102197519
1.66828997549346,1.5725162732746
1.67098118003511,1.58126777228829
1.82128028415442,1.72768873230225
1.81903153507298,1.72506056378395
1.4462108940416,1.33484704721037
1.88610640039319,1.77680418212528
1.84480119875749,1.7352332071755
1.92766977547905,1.82290709788555
1.46440176646463,1.39246951646117
1.56136192883787,1.45364838883064
1.86657311959931,1.73516427702841
1.65659630957143,1.54674910434938
1.83064957102183,1.71374480062984
1.77825519036163,1.65808450562704
1.84843521375333,1.71184665819604
1.838585543441,1.69461301002405
1.70182451906596,1.60884350777045
1.86345282346152,1.748685562129
1.60444266859131,1.47015527750052
2.08970267826644,1.94919033176031
1.86660032864611,1.76323574239068
1.94242665262282,1.81187628535549
1.86249920210697,1.74152553037606
1.47896462043578,1.40113064728883
2.01144764756172,1.89205844061497
1.82401598596094,1.70978838157446
1.77970893078495,1.68277482986777
1.85762517571387,1.72983181849913
1.75620576978566,1.64537467229603
1.881264221935,1.7689484491301
1.98411059305289,1.86345674777121
1.96903863461273,1.83345975266551
1.72611147161396,1.64090500337235
1.72497568425548,1.62954316819222
1.71172337272339,1.62403728205041
1.96538258215859,1.83349040492049
1.97383893631116,1.8204754128236
1.63126835993155,1.53433352428931
1.88999585511917,1.77693679365127
1.92051050589262,1.81020010712999
1.80732648614846,1.69152394346784
1.80675121639763,1.71036269352534
1.78405824870545,1.67677067254607
1.62377173186569,1.52752228700061
1.87518617332612,1.76167945610286
1.87145701830897,1.75739699441283
1.74259938141702,1.61858364681273
1.76509110822048,1.66048485845538
1.66737835981243,1.56694635734606
1.68805850259421,1.54067194830401
1.60785371054396,1.5245307011292
1.60337430741415,1.50101335908044
1.86793232870112,1.78337888726094
1.80742836493037,1.68351949573067
1.80198330125953,1.70121021190273
1.73316956369657,1.63914654260477
1.68009894076912,1.5942493359671
1.9751550332889,1.83659130943184
2.07850174774478,1.93637355414716
1.58340351507695,1.51608039086115
1.73372630783524,1.64635542944523
1.71739503547838,1.63822117143248
1.9516589172616,1.83381084058146
2.02784177118384,1.87841206139192
2.00382336669718,1.87529619656656
2.13804722270165,2.00905264340595
2.03574097825802,1.89522274597061
1.98943779982817,1.86911706623921
1.59232138188734,1.45954811880889
1.79509847699085,1.69793003245552
1.8306363816163,1.71567873928455
1.68827037552975,1.59821234005677
1.8297627713775,1.73207337444288
1.80971822603999,1.70623217083011
1.86736267995401,1.76726333911327
1.82518125399584,1.70008927396861
1.93062526901669,1.79967763830235
1.71497319270832,1.60096080706927
1.64280703857426,1.55576624721044
1.7246608998149,1.6158354875702
1.6170518921247,1.53422074341239
1.58258200488701,1.46486977637526
1.7494314028013,1.64714015666608
1.63842798970312,1.56124920285681
1.70152695469485,1.61176184677037
1.79869250550083,1.68934510059498
1.97550580414846,1.87589982880477
1.65588321252092,1.54714023879124
1.83650662528351,1.74821974076892
1.8602887326402,1.73601291128343
1.84613107729504,1.73724032571993
1.66025384055235,1.55573341385791
1.80650876153816,1.70119689516304
1.73506823204734,1.61951222486271
1.7379393498921,1.60436872922265
1.5234240519277,1.44594202860448
1.936140483337,1.80507541441382
1.74070533522416,1.64308738125445
1.53507853498939,1.42024188014717
1.48449385433901,1.36680967945757
1.45766123924542,1.34107055657029
1.6514362638804,1.52949766299008
1.71285171336543,1.62379070781339
1.73587029253471,1.64085196305973
1.51610265862239,1.44077235377422
1.99497133149407,1.8790184146645
2.04729753777117,1.90157675247986
1.51793605998279,1.43021588286168
2.00964072687986,1.86827239122503
1.55242377275293,1.45486084081545
1.77622169139451,1.67092425120269
1.70082720579127,1.60942243422645
1.7083841404093,1.60841180570453
1.76477829066479,1.64526503093745
1.8175065035497,1.69163109361464
1.50206352215192,1.41132738637542
1.81993864161734,1.71488608681312
1.65078993790604,1.54809081650565
1.7865828044244,1.66796002580269
1.95985718511878,1.8338986541518
1.67495800485189,1.53693559303499
1.89282357500547,1.76990846494012
1.8678101376918,1.75474875742609
1.85069269887982,1.72673724670124
1.52813843946796,1.43112780586686
1.93665366157356,1.81610677374751
1.36167143005142,1.27176962831379
1.74833223766092,1.64290213880284
2.06687932549736,1.92205136221308
1.61168805940489,1.48976939653405
1.75584309377186,1.65474791477838
1.84792939258442,1.7332703427293
1.88560951719408,1.75456888474989
1.63663514564767,1.54714576684945
1.70444732029914,1.59322004906689
1.6687418110078,1.57868269312381
2.06108354738146,1.92102109106503
1.98648025801891,1.8384545968138
1.65316999282223,1.57322805357904
1.5344029571768,1.43979872721457
1.80561645693614,1.67635006349002
1.85382569411444,1.71664445078548
1.60333154732045,1.49832805784444
1.76046463427316,1.67260395475909
1.91323334218074,1.8051519279168
1.70661209244165,1.59854806026636
1.90263028015517,1.80917633417455
2.00019970915998,1.87491777972472
1.75430875056831,1.65819059595452
1.87881817078601,1.77719261855962
2.10547014868581,1.97373008733328
1.89848585376035,1.78455732316265
1.81434631794099,1.71568495578459
1.83792147228257,1.74122227393588
1.61588273168845,1.53713638236221
2.01637690569002,1.87935426468785
1.65453324103804,1.53332942178341
1.99626898407891,1.87153628349477
1.78397922283696,1.67957613100183
1.783440965151,1.69319229069182
2.15127452540625,2.01064877762644
1.7254322719255,1.63193154512253
1.79068437560786,1.67946485601827
1.68171471853644,1.56360657580635
1.96033621540311,1.83110274632318
1.75157468994109,1.6355959014356
1.87951016445814,1.75989956717032
1.62718191237724,1.54602103917667
1.94981194980372,1.85052212721997
1.67964153498255,1.58884013763936
1.83292767200796,1.72196953116283
1.83481025496079,1.70519228737079
1.72479366599565,1.60960847195497
1.69798694049877,1.60912955692876
1.84666822986573,1.7409009902135
1.8460385607344,1.74830404931193
1.7810677045567,1.69042138143244
2.0811388569823,1.94994161708511
1.58280332820841,1.49165382439142
1.79060126268557,1.68762966163481
2.05388442539469,1.90662132784534
1.83633985372242,1.73621857054213
1.69539385577186,1.62917999271113
1.72356854585743,1.62380364028782
1.56698195198886,1.4915205397227
1.80319686395143,1.7103179475637
1.82989830972481,1.70049784632331
2.07207105780469,1.94541922026064
1.93183544675506,1.82016258009968
2.07571298185761,1.94387974776856
2.03324866510936,1.89484551917779
1.75512634724937,1.67529213943369
2.0589322255293,1.92712378691653
1.99273390102966,1.8757203561071
1.66713698272981,1.55061039477829
1.82149189848856,1.70734448120876
1.73808110320553,1.61294388898997
1.89980227624007,1.77000341231867
1.83571123603252,1.73666477904455
1.53830224776365,1.46782801059643
1.46982245534418,1.37849801693649
1.7943548028341,1.70420078722488
1.89903608283701,1.74140631193104
1.81062008270526,1.69126888924459
1.89273325239523,1.79338122243189
1.69208905592652,1.5745384541747
1.50797816431999,1.39635726578263
1.82418374801846,1.66070048334215
1.76378426484986,1.63149726905247
1.67358342157781,1.57717877095613
1.92953523557926,1.81479644384086
1.82020366764006,1.72271622782915
2.08376283129789,1.96433031377334
1.84094965061062,1.73728613084187
1.76128740033796,1.63972872791377
1.9214623498139,1.80692576245229
1.67376506265089,1.58854236696679
2.0129095759036,1.87345158635438
1.81643361303604,1.71296473981673
1.82699358216236,1.70654525413138
1.78273457626082,1.65835361410985
1.72241234085593,1.61241704621912
1.67474490765034,1.53294975538441
1.5288840903313,1.42939928086963
1.8223472056337,1.66608212181154
1.83310274590029,1.69436114674867
1.86491592841815,1.74539183661858
1.73039916840324,1.64043484818524
1.31969888879787,1.20847800584484
1.89800577561455,1.7774692175426
2.00441687085424,1.87194121517132
1.89725776075621,1.76512420717433
1.77875591345883,1.67482150954203
1.64062921496499,1.52495552539066
1.91225265867844,1.79654027903843
1.60805149002113,1.4997030820179
1.81763569407797,1.72909542468207
1.58577625528637,1.47099763481127
1.67913850240299,1.58352966169452
1.99602550879157,1.86132235716972
1.98890975282739,1.87122362402858
1.89056719581389,1.78623622442834
1.61171454938801,1.49034101195683
1.4782527281197,1.33635411140078
1.81874879113167,1.67683025091875
2.00241752246981,1.88498559660952
1.61719644643889,1.50207911560439
1.57866208847682,1.48133969420893
1.59611995723161,1.45454453323741
1.61142367310891,1.50502945985146
1.64069960183267,1.52827365898798
1.9262284372744,1.82224084372061
1.98367961002178,1.8618651752747
1.46435830106732,1.37172425468502
1.84902135425689,1.72942727839197
1.75220594196749,1.66647255455541
1.94461529871363,1.82295431330851
1.98070396239736,1.8445973568015
1.71926701871836,1.61508646385822
1.95388840375992,1.8483547019475
1.88594949269861,1.77081620215413
1.84025074162924,1.72633139289492
1.71230941529409,1.61914771327515
1.85979963611612,1.74222759948152
1.82221618499422,1.72449522800894
1.91603334749521,1.82760431560668
1.63754706295287,1.53096207641337
1.52806659537173,1.43685243416205
1.92865715717742,1.79038995466175
2.03311674395721,1.887916253768
1.83696708259156,1.71816347066317
1.27746643409981,1.16038801551994
1.92099323858017,1.81258839624028
1.74235256861644,1.64576673105514
1.57020529695106,1.49187439251581
1.98915352607251,1.87764844158871
1.76329505452008,1.65633586628334
1.67688756969242,1.59740198758882
1.55641849050558,1.45093374049562
1.78109630886539,1.6830693512257
2.1065941401457,1.98334973817517
1.85821255628981,1.73152432293849
1.7549493191306,1.65531833041304
1.6843684975718,1.58543582332598
1.77673171006645,1.66975869802389
1.70967404272293,1.57931978740735
1.88501660091031,1.75561326359843
1.77165433949349,1.65984369656347
1.80318152304332,1.68329145164998
1.87914622458095,1.76155436047725
1.58387268682734,1.4881989323072
1.82236778407419,1.71396143964841
1.94045169563733,1.81339511833596
1.71312551505875,1.58365410695046
1.85382939462353,1.7602068568821
1.72444162622771,1.61570832531787
1.68531556856512,1.57867603686522
1.64198084918486,1.56708876426809
1.91929271188734,1.79656165549143
1.76019748713873,1.65429337775758
1.70366773100929,1.57999247203751
1.65245679387089,1.57635080842723
1.9152142055793,1.79678938284469
1.83095451892329,1.71908805187836
1.85165501159072,1.74078985309567
2.09345640281106,1.95607689373119
2.10591860135745,1.99820163903273
1.78723451746425,1.68926709830966
1.64891637732715,1.54617835953455
1.70704069828624,1.60159197669826
1.72278605153902,1.59740956512392
1.64965413255188,1.54362528311341
1.73635401330234,1.6128159195218
1.73685182600246,1.63866325748804
2.11290650183343,1.98288991698148
1.93999976552522,1.82735281860845
1.9003917449757,1.77616409222554
1.67292381693999,1.59124707619741
1.7728889613251,1.68814558591409
1.90834752822034,1.7735816839932
1.87248893335437,1.70070726157313
1.94431794957247,1.80722435733858
1.72831327626631,1.629546086974
1.64445714516422,1.5559211889786
1.88812847156558,1.75364093516596
1.93839566211856,1.82344019899532
1.5255857763293,1.44267907743187
1.86273834334925,1.72705065054469
1.68872251540014,1.59562317093024
1.64478061253008,1.57467057849388
1.56441097879772,1.4833715368543
1.83016944535999,1.71785253149773
1.81351170939111,1.69219185954707
1.83334771017063,1.69645790090815
1.92455814943444,1.79940878282659
1.82179472261045,1.72057721311638
1.94342425760332,1.83565394093069
1.77037368669611,1.64471616812187
1.74449577216704,1.63756093238637
1.91263420065156,1.81643052523454
1.80873109528574,1.70179503878734
1.56934291308476,1.47781350869975
1.72065817278593,1.6074733741039
1.45385643715946,1.38780601538501
1.93829549956777,1.80116647967099
2.0318407033174,1.90621046308952
1.90139435595239,1.77717072562673
1.70374120548197,1.59965322175444
1.80059112486871,1.69472902291014
1.68773988931237,1.59262420107217
1.78020673746236,1.6300023714406
1.87726902691372,1.75044202812945
1.76611452462111,1.67273841971926
1.75911969762837,1.65043725978389
1.85179640352825,1.73648728937672
1.70826267486691,1.61929980433472
1.73723297520554,1.60824749790465
1.66984596053088,1.55908028620833
1.72804290171619,1.61669650860855
1.62039129219279,1.51786077043347
1.85456253320354,1.75097230184979
1.71483853182674,1.61064759018357
1.67084393805239,1.54997109944414
1.70805578852618,1.61260756288996
1.81638055243374,1.71964114150634
1.65241319210527,1.52549209008699
1.86985809252746,1.75163117417063
1.83142492382105,1.74176217791127
1.89110201261876,1.77745685898289
1.70620536498424,1.59164906617304
1.75633202806683,1.655476874296
1.68362938158938,1.56184444192061
1.90929942115,1.78646454941049
1.9355771581883,1.8062333270759
1.7388108759702,1.62274965615113
1.61665782220151,1.52195460257802
1.91418617818669,1.79591295416598
1.63405585207435,1.5220520766185
1.91329381133816,1.79900925821847
1.64172751538019,1.54661327577312
1.84660939702268,1.70351310659497
1.85108088410308,1.73205740060909
1.77532961850078,1.64986543091721
1.85987294962441,1.73997667304758
1.67060274887903,1.52800027551232
1.93382513662585,1.79073854161798
1.90465349142913,1.77674872768075
1.71856608741675,1.62394790834391
1.86058057342263,1.73937205359182
1.72840466278554,1.6286720335105
1.70741843326778,1.58359393240932
1.69952922538445,1.5924069442519
1.7636079763511,1.65469588382919
1.83791558306165,1.71551240532318
1.75755434312411,1.67202083268537
1.67027721167007,1.58247062370569
2.07616548880712,1.94447095734024
1.77773815656186,1.62466327991674
1.74279024913846,1.64204088136756
1.99225140110319,1.88272275902843
1.84579233011504,1.71971012932511
1.68734683402011,1.57568282676896
1.88763045538726,1.77121386289373
2.01789736954091,1.87199085831854
1.77499878266032,1.6480748455117
1.75047258198375,1.65605727427
1.85358274338854,1.75754179433764
1.74598528665041,1.64755618834842
1.92578003380979,1.81868150743617
1.64857720177672,1.5624394739482
1.8315938603198,1.72454575821636
1.90922343312561,1.77254981255145
1.74860361360651,1.65713099181791
1.75988789223622,1.63976899422649
1.77672488890577,1.66327061023453
1.37671652126209,1.27963721137686
1.92576874225479,1.81630525360516
2.08122195292801,1.94592357434374
1.66928124750679,1.57755877994051
1.65250272505807,1.5678040912643
1.5625837478582,1.45829974545669
1.85131882527673,1.76225648377996
1.82012949112463,1.70388750836462
1.86262715067983,1.74734383440732
1.65209441555946,1.56449144917787
1.75335974691176,1.64707669206917
1.81953970000392,1.69908014426623
1.67383761456222,1.58225166166497
1.84695603433502,1.73587891909256
2.06220725003433,1.92146864355369
1.81916392510562,1.70764772613283
1.36875681798316,1.28293547498697
1.68371612010174,1.58508519532443
1.58717961127275,1.50110958329824
1.6290219802354,1.52807148061201
1.59227078331866,1.43946799997133
1.71853927975627,1.6314777384841
1.80738650899062,1.71997313015131
1.47393084710712,1.35227329386744
1.73772769543306,1.59756598645606
1.83977893603073,1.73237228372332
1.57050595549226,1.47426257560773
1.52040178944748,1.39880419205944
1.57397615744964,1.49002999416208
1.77290445003628,1.68559584479688
1.54567295430836,1.46421561500445
1.5000487789654,1.39956223046329
1.66900638595427,1.55063757894554
1.56226344372164,1.45810984735953
2.0152204120134,1.87776766312397
1.77468626568849,1.65431700145287
1.9776193055025,1.84003531710225
1.67775398429727,1.55267384433836
1.72603396149319,1.62650208267201
1.81129711202992,1.69606776098121
1.51788379650507,1.44405236118188
1.63464128536801,1.51034102006172
1.84543334751521,1.71789457976287
1.68649900167296,1.56627149223702
1.95628962721751,1.83333303088301
1.83393078386455,1.71002277089798
1.77755109930755,1.67373334954644
1.65250318086297,1.57114795113109
1.68268540333029,1.57588077285561
1.96389552670265,1.84426548144223
1.77446789543087,1.67305231307544
1.91251476100841,1.767017035646
1.9177430187534,1.79905291761351
1.52812294714349,1.41258830898355
1.92597354829784,1.80729114258134
1.69487876608787,1.6014090862041
2.02457811952561,1.88696437063082
1.87240007019154,1.78119128148523
1.83928820071737,1.71681188044277
1.8700710874396,1.73058354874575
1.582224254191,1.48900065668273
1.86702561822576,1.75958643851602
1.60994954779432,1.50355965545347
1.83291915661975,1.72851949906397
1.95554297305609,1.8488745631076
1.72634233952173,1.63202269913838
1.38586709277464,1.2648154638732
1.71071623629566,1.61729582219764
1.90236135891495,1.77670836256746
1.5364212502638,1.42554796048147
1.84788347283657,1.74504371910262
1.6664691034395,1.58222033987489
1.56196959095624,1.48162557377348
1.55494658299004,1.45284940167739
1.90285906396928,1.78050602746049
1.53604909914873,1.44122985431728
1.6297666765589,1.54573860755689
1.74457502459177,1.61343654990209
1.73386399092956,1.63417288687873
1.89194404712854,1.78476496228456
1.892955524474,1.7819406613973
1.96155369332786,1.83706430550587
1.81561206502374,1.70210016417366
1.94339866862504,1.83150022182915
1.8574040626671,1.72671472700471
1.77862085190377,1.6697292520309
1.7588707282548,1.64508016126355
1.60765026218807,1.52617054839795
1.73065148719851,1.60018418899365
1.82331528176759,1.72193583300055
1.83095875658915,1.72308209027901
1.5012172092129,1.41880378113448
1.47069423559068,1.38443547330384
1.79181758738352,1.65297711293271
1.70301397206376,1.61763116690274
1.54794046561167,1.45957266163285
1.87610543175454,1.76812000642184
2.03283969097931,1.90631599786436
1.88935656079615,1.75915084309269
1.97196412992316,1.86623894746033
1.79143716788867,1.69278403083192
1.85812429533056,1.74690351869664
1.70422529869207,1.60180021304138
1.89707039249823,1.77104311736572
1.78037774463169,1.66342431376171
1.73342042474819,1.62949847340378
1.80721141272088,1.70031026861568
1.84615210468543,1.73306889942591
1.6593981626755,1.55524343417803
2.03296367343411,1.90071852602535
1.90271866979517,1.79634672688274
1.8558505240635,1.76416442617174
1.73734126218573,1.63454668911445
1.65861404838431,1.57291684252626
1.85088039666339,1.74235582465927
1.26838475206277,1.17239812504695
1.91443879460844,1.79235512019939
1.84124960359052,1.72520736008464
1.86872482127794,1.77667653731836
1.96729417180114,1.84147636413706
1.97242413616795,1.86168903044505
1.79697380343362,1.68630813783344
1.70461087171595,1.59690170062668
1.78280609146191,1.69001340587757
1.77166402066314,1.63945559327704
1.97543065583119,1.86574764179513
1.77056268803026,1.66200937307262
1.86391331522986,1.77502401521014
1.72632499389509,1.6329893657242
1.85921582707609,1.74012371759211
1.70248380559828,1.61161006157081
1.9431928023021,1.82306811374433
1.77524690250968,1.67847783445739
1.73761520717386,1.62284154040627
1.73835960919911,1.64748914756494
1.65000656723464,1.54931660029423
1.59053250235347,1.49832569731533
1.65870222851609,1.54517814901241
1.63949558725526,1.54893523420889
1.7022034870792,1.61239831753423
1.76680957035973,1.65600470863956
1.52581190214378,1.39350944809334
1.81722239663056,1.70907417678695
1.93925169247285,1.80436454105423
1.63164654160344,1.53124420061816
1.94508696008488,1.82374875144255
1.86933332593518,1.77169706928255
1.71678863643451,1.63218631575118
1.86928088649837,1.76907212528516
1.58415184154207,1.48595292106008
1.80514684460078,1.70777824880512
1.94914164576997,1.82960590298273
1.85680362061436,1.72230613327998
1.83540029938104,1.70062016968193
1.74840066131213,1.63333519076037
1.61946354034965,1.5236616497459
2.08171066875707,1.9558020234654
2.06735283291824,1.94112221855666
1.51321201942587,1.39964385027737
1.63106373971443,1.56145737845443
1.60939360743271,1.5272976214887
1.91559090391267,1.81029386823839
1.72789289670036,1.63765586724584
1.91439087404944,1.76861148409834
1.90045213857586,1.78826028301987
1.59753114274163,1.49220086655398
1.79363368203347,1.70089851232402
1.70939288802526,1.61697738551292
1.58126868278242,1.49066780666631
1.92694875557355,1.79811559656608
1.99557320512587,1.87578113718386
1.86565864427701,1.77305713497388
1.66208514541718,1.57177606464101
1.85187574342891,1.74859725550552
1.90849574847182,1.8039284223092
1.67550887899463,1.57814328640166
1.72229159099297,1.64807052403366
1.94912674575784,1.8202771207208
1.77130469384271,1.69567990718405
1.93665002979581,1.8151093413321
1.75830597538859,1.64444610661166
1.81021776545797,1.70324206728207
2.16875473042742,2.03549324938368
1.89028083826976,1.78324294511591
1.85283916402399,1.74335431107683
1.72537204060805,1.62123816834489
1.96731953564526,1.84634563887018
1.89783908977779,1.79557853249688
2.04442363447312,1.92043966064991
1.65488162603399,1.56994750015558
1.43207593251488,1.36334968303872
1.85357712632345,1.75434488906546
1.66240678444383,1.57387463729294
1.53250594147026,1.4375557307183
1.70964443338489,1.59753633433413
1.76507424881607,1.65244275170619
1.78399076237032,1.69129198541484
1.48497265719627,1.38659891162718
1.48906855174697,1.38854492094283
1.55826367347902,1.44789807487056
1.83052956227239,1.71097285325991
1.95155288469288,1.83926210203296
1.73080592713169,1.63227627855695
1.96664497322035,1.84772065434958
1.77780926273369,1.65799252010909
1.99235769992035,1.86556982849133
1.85952890374148,1.75254849634394
1.79739832060264,1.69350047042777
1.77117576630302,1.63837633148629
1.73066454866866,1.66660258988093
1.88231902571386,1.78485325652916
1.76467240047279,1.67556720484994
1.80373374341585,1.687609953015
1.79848462837864,1.68651581707197
1.80318622745742,1.69934969381468
1.60365557614371,1.52043478221561
1.93218390123241,1.81281898379764
1.77040753461395,1.66555649003852
1.86246454761959,1.76695965764166
1.74869537081758,1.64702288790228
1.67360526339659,1.57316092201356
1.75724080246362,1.64337824915715
1.63271860586557,1.51622277680392
2.0404948281678,1.91190798993288
1.74325772756264,1.63712514600479
1.67510310690201,1.57192283017287
1.54106608441056,1.46644992828354
1.7786108293637,1.64946771161537
1.92133477817248,1.82091895125936
1.60544766356719,1.50803569419485
1.61737390826053,1.51251628800306
1.69649902260378,1.57636971737261
1.61430786701154,1.51206901174895
1.80170287811674,1.70142539546101
1.87187338196792,1.75673478476227
1.87708015734437,1.75556686206744
1.61858225311388,1.5091179277253
1.60693766579376,1.51262489128484
1.449067609564,1.36566602844903
1.76602542864795,1.66649408067852
1.52458973471627,1.43816667709764
2.09442989281935,1.97515256850163
1.63529343415989,1.55886467213329
1.68379877482865,1.58076535077479
1.5805250686516,1.51348903387435
1.4889172077116,1.3614410131735
1.60066916646794,1.50227792154627
1.94635134114632,1.83417116406096
1.63288451702605,1.52259283771253
1.76681801341919,1.64896254026784
1.74955911827728,1.64923610116109
1.92056890673329,1.80530181363806
1.43667166827087,1.34653898386402
1.70860595868913,1.58633452531947
1.62697570328055,1.54526331028525
1.73309099137255,1.60349009217596
1.42342927479039,1.28876176278068
1.73302531776587,1.64368497923523
1.95366225921593,1.83085730192437
1.91498410291121,1.79570195657355
1.64707729749534,1.54796957909793
1.75865824128397,1.63405328207222
1.53284337478543,1.42540396226248
1.71415535246183,1.61600825634494
1.6647440333757,1.57625047296238
1.93663563696962,1.81954995737231
1.82912639776167,1.70370256316885
1.75280366873812,1.65216639780705
1.57108947152501,1.48877240527134
1.51751112653424,1.42201089429169
1.93927780303986,1.82093451847777
1.74442360959313,1.63429662116594
1.69051927211843,1.57947663878347
1.77252485685733,1.69175502428973
1.99822437722625,1.85605045065374
1.55497030233714,1.44111429287606
1.92071455789691,1.80999431955047
1.79732273431027,1.70267359034763
1.99625008271953,1.85064630192102
1.80955166603728,1.68919721676456
1.76973738734498,1.67270432387518
1.73630437738058,1.61307273490272
1.73277214575948,1.64208702521447
1.73532814155423,1.63174532955405
1.74230968096344,1.63200776299604
1.72582196994511,1.62641139397381
1.8377777801208,1.6953945185495
1.78998121900163,1.68025846235298
1.86123506401904,1.74831619808566
1.69912293251779,1.59455761506892
1.88020596642046,1.7843290565318
1.68924381803442,1.59450163587202
1.55946594275707,1.45648744139697
2.03163872225372,1.89070076526496
1.76451874724699,1.64260372566629
1.73667489415933,1.64793981516615
1.75079627477342,1.63922708980772
1.52940549992202,1.4325233416714
1.83891887054693,1.73190248973242
1.821045736246,1.70835345295473
1.71886503030789,1.61224221397382
1.69921260396438,1.61497886541926
1.80400143754063,1.72133185220891
1.94958410026774,1.84590631899212
1.76967897301925,1.64691816983667
2.13218522655114,2.008567189915
1.66115282209549,1.56146274354207
1.73383194253208,1.64900641685051
1.60508068056547,1.46674532801345
2.00515699654623,1.88280676260059
1.86278304110676,1.77691015539196
1.6541734482659,1.53508728418164
1.88809979938612,1.7619442657529
1.87629030574433,1.7817644283128
1.92594677486163,1.81352597305705
1.78431199700419,1.68386914005889
1.82470640689291,1.69131670290763
1.76937955352455,1.65764841101061
1.97679248892773,1.83865134154678
1.7849359738155,1.65852920356376
1.76751793562731,1.67297103752176
1.84896920344779,1.72021724139559
1.63588841459862,1.5522984988132
1.87150488670698,1.75273116578431
1.77754179392715,1.68245655253357
1.8460654958347,1.71825183753115
1.76295011052469,1.6634155154303
1.80622890691814,1.69271219710451
1.8556035402914,1.76064756183238
1.76567877692069,1.62821304668094
2.0196684545655,1.88393811097684
1.83692520624697,1.72947519322783
1.78326407510017,1.67213120226797
1.89648492207728,1.78231341697843
2.07715210045216,1.94312213631578
1.71095984961503,1.61841283975433
1.45755358320346,1.33688941627756
1.78800356782943,1.67023047754258
1.65844545992046,1.49987758383303
1.58446114896528,1.48257050394013
1.90537197339904,1.78177408783206
1.89067306259536,1.7718810227858
1.79296560955361,1.69442380529255
1.86166167146268,1.77033136935829
2.00276407862868,1.88449494375036
1.68898212553366,1.56579631902609
1.84914512499861,1.74764877137599
1.5227636536013,1.40799496887977
1.49121631819359,1.36645458322259
1.8958118076089,1.78173370849552
1.66069189819291,1.56618026428426
1.89144812819185,1.75232006492726
2.07871549008483,1.95023547695819
1.8729654321736,1.77515889693987
1.52482320734346,1.42779212439804
1.86464287162448,1.74861158371668
1.72811628336633,1.64052551836279
1.66353430268954,1.59800565778811
1.99627592211868,1.86189611712516
1.91204150994189,1.78786881821938
1.96406875134787,1.8464117136329
1.74703154438771,1.66121172833064
1.65717724265144,1.56881379492028
1.79099025591584,1.68531296474889
1.69036546251829,1.56504033531488
1.58945826811649,1.4708045477446
1.88392428149423,1.76595658187876
1.54101306472176,1.4324385835088
1.94573975159954,1.84018818594732
1.76931565175755,1.68597195810902
1.77058310448276,1.66245315813609
1.63618707246141,1.54976470161364
1.88670320313544,1.77387056563845
1.84091398295384,1.75501265593191
1.76734873485418,1.66664176991989
1.43860830165195,1.32442358904863
1.90555365578566,1.78635970368396
1.71131965569363,1.61571648694898
1.75751929451327,1.64028673111262
1.58474037461923,1.43918237461195
1.90696046743543,1.80308334922261
2.07247326935872,1.95435689662319
1.62404536184229,1.55462572044994
1.9868191950672,1.86501212988394
1.74643270012306,1.63322503741058
1.75151252366357,1.59801762117285
1.70934015805602,1.5922362198604
2.02643298064255,1.89886967405055
1.93215689289069,1.81105766552692
1.90554017513741,1.80257331957591
1.5919206998478,1.46776976536005
1.91423337803175,1.79045346934771
1.90844627185491,1.78344553148686
1.71962066231918,1.61144149951735
1.78838211738491,1.64643051084454
1.89857265286301,1.78425712727194
1.72190878585255,1.60012484585527
1.91806663895571,1.79293919760999
1.57000088289482,1.47005737657416
1.90234728263852,1.77524884511971
1.76971912318534,1.67232573817624
1.89875634153316,1.77263781045278
1.65151719340444,1.53753414240586
1.58183449844258,1.49222653762825
1.64211852956609,1.54137299155283
1.67449794731668,1.55311184429012
1.74325732508835,1.63396199989101
1.76723242103208,1.67887173038413
1.71098034902944,1.62416128734562
1.94868084273482,1.80654832553404
1.66991842370263,1.56877923359674
1.87843711035906,1.73688723893745
1.50540172888157,1.39651355509946
1.63666479999159,1.50621675734219
1.88568609524843,1.7541157172189
1.68598249563348,1.58094151934177
2.00239261262705,1.87960956475998
1.58764420890975,1.51688084464613
1.79680356789801,1.68928468958793
1.82403750421807,1.68298126025695
1.89435439289402,1.7799103539405
1.92813511465499,1.80154317062346
1.70185807069566,1.59667448657967
1.75966398187722,1.65244879075676
1.64935972385715,1.52914217219495
1.78994859088271,1.69502401689519
2.05420915055654,1.90531245689029
1.74120916448044,1.63711539803312
1.72704845237148,1.63629830463829
1.87155797506633,1.74410535938676
1.80756705769074,1.67770056463008
1.78503337514347,1.70571914792668
1.50996558853103,1.41821116861037
1.70656660520673,1.56500723145004
1.63725136448122,1.54822524686081
1.91155560368789,1.8063322607144
1.97636568310417,1.84301139638345
1.97084703635962,1.83985526754297
2.02066557061417,1.90805215645837
2.05906113219072,1.93788156022691
2.0993383213664,1.9707127750019
1.91696389871803,1.78178379520642
1.88264571766715,1.76210681082486
1.95234774969934,1.84202957166184
2.04545812475427,1.93330598679646
1.82402852217608,1.71189292198225
1.87734018854993,1.76376976163138
2.08209242876257,1.93788359966719
1.70507133397569,1.58242854051321
1.58516147152795,1.49403804685004
1.75604355028886,1.65196519619047
1.68935809106878,1.59259839521849
1.7607281808146,1.64607728524684
1.68619125686808,1.56852234600407
1.95943528206618,1.82861804807301
1.76980568565176,1.65053046538258
1.46319799578798,1.40045901037958
1.53687067557829,1.42769481554562
1.57295538713534,1.46721920522997
1.91034349473417,1.8085439606564
1.73671947062589,1.63941269367745
1.77741272656082,1.69279860616099
1.82481521388284,1.7055121324305
1.89674607130852,1.78624909466598
1.64794419974035,1.54335606532737
1.92546636800277,1.81254315854326
1.90758355175015,1.77115041051216
1.99936505797224,1.87134795959359
2.15665601665262,2.02790753457387
1.92078915487317,1.80470670912253
1.4314139693991,1.32739777813867
1.53677912448688,1.41318526376205
1.99235175061468,1.85123621768288
1.72022719694096,1.61357929563053
1.73173069740755,1.65430412920002
1.68925877291372,1.59126120037216
1.74426197703999,1.65615136654084
1.78839305756115,1.67088098469054
1.65501446764579,1.5380241686663
1.89052519000297,1.74455755704344
1.96025164017376,1.84354220662965
1.87041623902694,1.74090032796636
1.52825937228887,1.43705629001262
1.72336502965379,1.6134044248747
1.97708423113199,1.86145054548427
1.94933667966489,1.83875928684024
1.73607306841936,1.62354547631953
2.11970914759954,1.96241601707351
1.73887038450859,1.64778874266302
2.0961860249137,1.94207289919948
1.80647302088558,1.69145734711898
1.91052834048443,1.8080031646091
1.89356980336086,1.78587802376585
2.03955344189918,1.90894558859925
1.84315696051373,1.7455157027167
2.03838012366918,1.9240136044877
1.65367070637011,1.56097183073787
1.92248673851146,1.81993795281491
1.79921158260786,1.64815501623313
1.52641951373015,1.42605313409044
2.04314356249359,1.89496049283019
1.88158970440758,1.75290992473598
1.74891634325925,1.60134675782611
1.87428519311271,1.78154949191042
1.65247619868447,1.53242530321148
1.5410161609391,1.45220277268538
2.06045542176649,1.90967173801101
1.83088616752425,1.71257430956262
1.5042714735238,1.42436964062146
1.91131424461535,1.78007480796423
1.76740982413832,1.6632536191179
1.73580576528864,1.63383689200457
1.84520973339961,1.7499031758607
1.78974490801128,1.66682410870526
1.72664561345326,1.60103568278939
1.91595223610244,1.77687259448798
1.63848543531132,1.51334765280789
1.82881144839252,1.72575954313983
1.92299207029434,1.80149466511176
2.10506117397258,1.98271898671569
1.89345882507204,1.77647474687695
1.68481523530749,1.58839283313911
1.64586483390766,1.54541147813414
1.75599472923323,1.65126499627929
1.99050151155298,1.84716506909501
1.61789275213515,1.53234591314593
1.55149761200996,1.43935464265868
1.91602997266317,1.81289894421266
1.89662339948975,1.8023313998054
1.81231297645404,1.69566449897081
1.77561707460187,1.68084222353597
1.96337593084203,1.82661887054778
1.53061443522943,1.43353166261199
1.9578521277297,1.81878780525189
1.61665963400448,1.50026316538616
1.77202969896599,1.66438513707924
1.81609711838846,1.72863980284342
1.61406823701134,1.51047454205268
1.76698551447354,1.66516465569441
1.63071940777521,1.52765305459914
1.86028127030006,1.7541225072035
1.96348856124231,1.85867418018633
1.81188589248444,1.7287073523777
1.9145648696569,1.76394511058996
1.8563035470249,1.72670103690356
1.8315218618344,1.72249623849838
1.88842057236229,1.76118381486746
1.5884850602735,1.52412276192666
1.92576085891011,1.80881383326981
1.71819370659837,1.62836630570114
1.63002694453329,1.5141463078381
1.83232130371809,1.71418795838261
1.69035949397848,1.58419903107873
1.86447172181461,1.75793354062192
1.4266283747928,1.34030357765456
1.88068585998469,1.77578933655974
1.78212357296374,1.69798315160828
1.42160696641669,1.31484876361478
2.08416801793082,1.9586177250504
2.08415045112925,1.96084456107559
1.90237953448348,1.80250776585216
1.98989134539775,1.84386084521711
1.69896536527408,1.59971809196183
1.59735032558154,1.46909912274134
1.7559701768239,1.61335487738488
1.79866776643087,1.68463069923098
1.7311571120204,1.6385330170751
1.89246462221368,1.77799367904964
1.68622332730029,1.60414761402303
1.8330126558514,1.72145742902949
2.03812008775843,1.91659396332327
1.95276225465186,1.82288264138875
1.74176410895806,1.6621523960555
1.69559675646441,1.57681333408904
1.71843519577217,1.62788060825918
1.67754484053065,1.55621364540034
2.03330967547222,1.92178011034159
1.83921575537656,1.72151822018062
1.69591781076198,1.5935991258868
1.85425137566364,1.76726278789172
1.74383828800334,1.63805373004142
1.90571422514753,1.80655232001003
1.86570025863757,1.74733420622491
1.83709010005187,1.7262371133185
1.9042768244042,1.76476035698305
1.96759417068924,1.85484803505266
2.01181698671926,1.88025543696271
1.63130102042481,1.49841343563349
1.96333373337347,1.81194750891875
1.84055097478194,1.73565971997528
1.79275630695256,1.68478710894885
1.89250888476034,1.76378526982292
1.8863560412401,1.80487923768895
1.89923121349115,1.80265635174904
1.82721756808896,1.67838836315674
1.79916625761137,1.68838474668051
2.03130905871273,1.90123069199133
1.60939411658831,1.51152167139344
1.64037823227069,1.54574736891633
1.82679973956567,1.72299117210995
2.04183675198244,1.90717026991158
1.92099170554664,1.81205136544547
1.55707785444936,1.44765128585766
2.09856331854217,1.96154865197445
1.65739313475596,1.55178454014084
1.76055125691813,1.65503302686788
1.73895286428169,1.64671689681692
1.66024337173796,1.59325677197258
1.65304202532266,1.56642446211236
1.72225640984468,1.62327237282632
1.83612621318288,1.71918748887333
1.76726829793106,1.64277994240461
1.8454188246936,1.73571371689884
1.64899203491266,1.53612446906574
2.11465893513211,1.9933511561547
1.71244030066683,1.59683861470737
1.64817614442586,1.5494457659638
1.98412199231636,1.87672543229414
2.18527822605116,2.03769088438225
1.71169051193936,1.59850007816217
1.66273229903916,1.54614556331145
1.7607195474771,1.67235398931998
1.4641878355458,1.36513750046722
1.49257125895388,1.38925715332676
1.5751592045797,1.47792615283947
1.94829513078775,1.82514871864482
1.87880772433931,1.73830156002208
1.59786871929908,1.46968264225406
1.82872168731059,1.71921271737866
1.81955128389208,1.7024464428972
1.94941862126819,1.81183728193076
1.77855258932592,1.66054529841396
1.85785599168417,1.75451347160348
1.99355027637853,1.87306220997319
1.70272581868154,1.5976459923719
1.6841423024231,1.58646365906708
1.74245461927133,1.62011164204433
1.53958245657672,1.46716779055114
2.00344017695239,1.87129405310276
1.81743870087426,1.71039231241668
1.68521793291624,1.60983079124806
1.99076973591084,1.86157224180526
1.80610987820449,1.70060780839527
1.80385904124517,1.69941947328895
2.13944678828972,2.00217926678508
1.91926569746618,1.79778915203058
1.65031029997149,1.53059199342324
1.83815938959919,1.72742954628667
1.83176486727301,1.71878533326057
2.01853156818585,1.91593779082661
1.49425356334649,1.38570284081557
1.57179451497137,1.49029828450202
1.72912319014594,1.62723617244726
1.5262296506141,1.44516343999904
1.91597067470701,1.7973267483854
1.8022849942818,1.69146380115425
1.39565205541063,1.26716814345781
1.63728612583817,1.5146229461864
1.8051067463787,1.65420415433315
1.98185354231266,1.84877732181285
1.64541921799012,1.52690353247279
1.69197594545944,1.58758164750001
1.902035600745,1.78522369561812
1.76806836074947,1.65557105635575
1.62479320872146,1.52288731953969
1.83580739043064,1.71503621901095
1.66353632736449,1.54940908532792
1.62150418849834,1.53444257621464
1.98663729728013,1.86142583030486
1.8650321877241,1.72161450616988
1.82455854104973,1.71890563760001
1.83132468878143,1.72970640224121
1.68355272699522,1.55196412569071
1.76851223421406,1.6712121141234
1.56723041716436,1.48040123848405
1.84240820215056,1.73711571005768
1.88472213581316,1.76468317526781
1.7027240121115,1.57577222080693
1.79799738573548,1.70265666000164
1.67446037081498,1.57412020903015
1.73212832751337,1.65401160128339
1.65624170156778,1.58305218733124
1.71086903187452,1.61086958285671
1.48568049565789,1.35145946438252
1.83909401233045,1.7272726388854
1.81994593871165,1.69637103378859
1.89213144599961,1.76403638051624
1.47091628691012,1.38280843131265
1.93628721994561,1.81716441765125
2.05369055387087,1.90428307268734
1.74961826725776,1.64680304595394
1.78558744178131,1.66123731251513
1.82225231077938,1.69975424929534
1.81166490370826,1.68188864252623
1.7704198565176,1.62023247635533
1.84232459727857,1.72508507216036
1.60789333390174,1.49384543687243
1.79670795445554,1.67510772563184
1.81775064077124,1.70459719636392
1.64559404171434,1.57688690325201
1.76803804246009,1.6677693049212
2.09137789091242,1.9561371478966
1.79618516205275,1.70124688794863
1.74856872777961,1.64376721587602
1.71795923096199,1.6319184300834
1.60826472057515,1.50407548775716
1.78555943582537,1.68037398024643
1.88783747812438,1.75723767776336
1.87957751351321,1.76077090027963
1.86808539787024,1.75456409293294
1.8410090555938,1.74454422361462
1.66744158631664,1.59316472919536
1.95655882770535,1.82305177158689
1.34356511994178,1.26863372923827
1.77072693113797,1.6426015497617
1.74315091116595,1.60901401235795
1.77121014407742,1.66181324820938
1.793379036746,1.66054158383579
1.83496201618082,1.72108262733377
2.08499994277864,1.96482315725061
1.68492415728563,1.55794270727564
1.96929701423981,1.84266459038543
2.00851048688049,1.88861084505008
1.74074189613076,1.62452903545125
1.51823462139324,1.39739654091162
1.78852535155902,1.67126086541412
1.78112190807716,1.67005800450797
1.76851562328711,1.65118586407123
2.0040366305884,1.88083680969978
1.73366922852599,1.64219336714727
1.67018124579575,1.57449425293013
1.67033030291207,1.58293736180018
1.87453346181566,1.78396413466939
1.8662022165715,1.73821145899041
1.72516261276132,1.64185920639208
2.12152669713003,1.97256252620704
1.94328163790326,1.81648012699073
1.65452993349556,1.54923249553984
1.9244100160857,1.81009048090508
1.76347188584109,1.65359059387148
1.9685493959786,1.84082266326224
1.83725748256663,1.72891915682275
1.71199975933782,1.58809959741045
1.73995575125988,1.65135877258142
2.05248399732166,1.90725791498942
2.00195461604213,1.8802685576854
1.68674493153663,1.57956700804307
1.76304224696301,1.65483976291542
1.74950453204107,1.64105313950885
2.00235209519668,1.88197282088262
1.67316769331862,1.54487595894339
1.93141053961382,1.820719756385
1.88399864664039,1.75673853701183
1.59598220490419,1.48233470419995
1.67786069220713,1.57360190522548
1.50426708721958,1.40412612758097
1.78901095926959,1.70701309947627
1.70793773870126,1.57113400877374
1.88807410807505,1.77551897198444
1.71914162146628,1.64033118488795
1.52394544736574,1.42626408332233
1.66200022457717,1.56753090976616
1.97516957955281,1.83470538139647
1.86673993959946,1.76415861823773
1.6787115496067,1.56419138619357
1.88088171051095,1.74770993601858
1.78168488867016,1.67576251663091
1.935086762486,1.81524572978635
1.63925376650875,1.5092928849827
1.87615191331329,1.7614644409969
1.73985836588725,1.6465898087901
1.95736551283895,1.84967335680299
1.74130029832894,1.63783133645155
2.0047409201176,1.8913445045383
1.67388611038399,1.58463354725809
1.87805046522344,1.78233395421689
1.66255041703606,1.5616189665646
2.10267358352512,1.96723320060069
1.91487214409553,1.78563080652826
1.66653349812498,1.5797550267504
1.70976960135979,1.59963615322549
1.76929104731661,1.64270314128725
1.68429960671158,1.59725514521663
1.68523317796726,1.59089662294757
1.83746735303206,1.73399019914166
1.66764540416939,1.53849665678718
1.62566850595441,1.50818983015212
1.74779031387686,1.66199270626951
1.90819306304017,1.8078793177441
1.54417165085438,1.43861037935891
1.46625547166048,1.37827848761831
1.82947445900705,1.70770919186983
1.56945786508588,1.48609963582403
1.92471467260468,1.80798440772821
1.79801104270703,1.69917181296826
1.98091120216551,1.83786093562112
1.7744567608177,1.68209234626591
1.82810422601817,1.7188158710393
1.96948242020969,1.86082510694226
1.7893662303789,1.66985491761069
1.40417094898307,1.28805681607594
1.94420162289411,1.81052019022749
1.63966415297754,1.55366415617182
2.17602757162458,2.03348265936543
1.70431631057619,1.60349469155989
1.47466964562088,1.39372886593223
2.07223030268627,1.95321528467037
1.57120773902001,1.43578951708184
1.82993095885903,1.71578904625842
1.48921252324007,1.40659119962924
1.80205898309629,1.68264203038688
1.53720565286704,1.447922631759
1.63032278732264,1.5035774819414
1.92701997681138,1.81543307439061
1.5580105445843,1.47255843212279
2.08161879531372,1.93492695073165
1.79985989018694,1.6795120048115
1.76677595860151,1.65973075042481
1.75275558587899,1.65298527082802
1.74483189318198,1.62738395549433
1.88295602927477,1.77685743915143
1.61786999623212,1.50154520698323
1.45838976431067,1.37176319059872
1.60711741028863,1.50436033587037
1.80173525296927,1.65616436164711
1.72528535427515,1.61075455680936
1.44748431093707,1.37404670028253
1.88221453228931,1.74152500582597
1.79424113731414,1.67863222831295
1.85528661581665,1.73621241012888
1.66467180246907,1.55007157987077
1.63920732241052,1.55933016652379
1.69337579392654,1.59825351735064
1.90255074225518,1.77626171836321
1.67203501319445,1.56880898852535
1.94411580245178,1.83822450481524
1.90886129929442,1.79347564679001
1.74257213868455,1.63719464839446
1.71050804506111,1.58395120822111
1.67545991510034,1.56667604289566
1.70661375256951,1.6088602264851
1.94696015147355,1.8244906196243
1.73624326725616,1.64597206771405
1.80531654318111,1.68910685291745
1.44672322300611,1.34475149956829
1.7176687802466,1.60791942502286
1.99809774595183,1.86594716548905
1.73511911915623,1.62854910765523
1.68314043547427,1.57919239668642
1.75348384526691,1.61744443823833
1.66525230947433,1.57110386085127
2.01955453126729,1.89396373855871
1.97350761413642,1.85708707789869
1.67263819157652,1.52730031025218
1.79120829438851,1.69381947549663
1.83136233757585,1.72192571797103
1.98902186000677,1.83611402438634
1.35159543400143,1.22897139673336
1.64743191819988,1.49842349282627
1.72154974866108,1.62145143023467
2.10234106167432,1.968808119022
1.70432593368109,1.5963654763412
1.7021397903849,1.57254151050031
1.80844772919629,1.70060725384904
1.79320334499757,1.67259132118283
1.66360412307906,1.56213438761532
1.59913950882365,1.49850833363117
1.63463533541836,1.53485949639448
1.94877004096591,1.81655333758308
1.87107567379689,1.76061624174405
1.74507074924638,1.65079343345182
1.97179731635751,1.85255000690062
2.0376575268843,1.9044021584836
1.8155647662535,1.68408062562652
1.78222471999843,1.67159812466282
1.88754712812675,1.75520314496317
1.74453064786276,1.65204608103779
1.82024838367268,1.71761645628494
1.54549552023623,1.41670524878699
1.99795126781626,1.87675090579629
1.64330937995841,1.55798259688255
1.74744550024184,1.64927149704772
1.55175851488834,1.44524604423711
1.79242022751351,1.69109942281112
1.6498245950612,1.54268537308414
1.73734401475338,1.63108955735825
1.87294900864447,1.76478848271794
1.83660550460506,1.72045565227571
1.66408807026624,1.57283646313536
1.62883666261233,1.5275320093984
1.63779607997878,1.55244662130345
1.66793595531218,1.56211503947703
1.92250035686718,1.80010354630741
1.98748052574833,1.87997460238621
1.95268097165209,1.83431421155317
1.80463560245732,1.68625906946503
1.92316221623485,1.78472655562172
1.73966152959227,1.63925533054549
1.49839738228468,1.41063367119137
1.4197989524653,1.32139519193115
1.89412300098033,1.80186167605693
1.53279387189494,1.44230342056557
1.93251491745387,1.8185418798224
1.93493127681032,1.80780021108598
1.59361998435641,1.49287637356449
1.76632188035796,1.67249695946865
1.68044023484643,1.57336536611343
1.68515181909831,1.59937197711899
1.50815933836075,1.40978860324402
1.85307707299529,1.74183210343219
1.76726248957552,1.66905838179326
1.63438016345968,1.49347575272949
1.84573872396713,1.75803978635445
2.04824216166484,1.91496194615792
1.65718962545461,1.56366576732162
1.69302469161567,1.59869316503163
1.65332848091359,1.55024614089251
1.89425156439852,1.77525415533594
1.75411401144954,1.63241336070433
1.76469385813223,1.66501921889311
1.68585978213647,1.5797972114508
1.69323577037341,1.59020461971044
1.81610971436833,1.70295831059271
2.03254951362168,1.89042756307662
1.58064205897554,1.48164193580149
1.72567631844537,1.61757666464036
1.65240956552069,1.56438189622204
1.86548557484394,1.74225278662259
1.93859630082535,1.81288175850638
1.71518729619694,1.61109636478682
1.92998087123644,1.81877060359369
1.98400425425341,1.87339100653654
1.83656640388985,1.71918189375525
1.7424401209812,1.64840409476327
1.6232193429402,1.50533108224289
1.82584769892281,1.71227974895628
1.7641306439062,1.65366279084053
1.98854658724027,1.82861352434158
1.82502410106845,1.71657973470678
1.73598508378331,1.63195528287211
1.84515485515058,1.72289694313213
1.64822911522016,1.56255997612961
1.98433806853622,1.87009934321662
1.8410691866487,1.71578473901666
1.76397831890645,1.66399047985435
1.83530360895668,1.74106487410167
1.79393254678342,1.66464233113427
1.73482579519028,1.65196457390915
1.38121145835478,1.28455488494082
1.97756516821061,1.83359415048241
1.58536277002673,1.49950884263393
1.7633627339359,1.67296623614023
1.520812562597,1.43666720199111
1.64041864207953,1.49057312667825
1.84029506967954,1.7481173685914
1.67463609465356,1.56283106725833
1.80005977370724,1.69469139300517
1.58004482290253,1.47484223063026
1.78287664096844,1.66753220996367
1.91113172404273,1.78860092470129
1.70715237174947,1.63177450939191
1.59996072877136,1.49681605367764
2.01253314525044,1.89633846401942
1.60514738029749,1.50910237544538
1.7941147070754,1.69785437012918
1.8429328941194,1.72644564700837
1.78211335621823,1.69794343540563
1.55731455819381,1.42435040072169
1.97672199002574,1.86166368306243
1.79066451506001,1.69947255291853
1.83708124620495,1.72567934637651
1.81541627771343,1.7082155648125
1.71621621214015,1.61953469533247
1.89610763079725,1.77738331314082
1.87653254762699,1.76648327010167
1.7392025642041,1.64786787323344
1.89245676174732,1.76806641853621
1.95612341801973,1.82783546177402
1.92735383568508,1.81830659560393
1.91367368519097,1.78749513140543
1.74002516423854,1.6298989349749
1.61712529574579,1.54741930950985
1.75744355068574,1.64891766249301
1.76140942639864,1.65812774142991
1.60867941044432,1.44882160601488
1.82009568488212,1.69557585172529
1.74870790945509,1.65690270026646
1.7128383374839,1.61008235112578
1.70023528490455,1.60434567911184
1.79137661004498,1.68042262385514
1.98330181692749,1.85847187933273
1.85724213014531,1.74445444140886
1.73630130109733,1.62643907468537
1.72166599041359,1.61114908493951
1.7160189655522,1.61037310181985
1.76460567118004,1.65665246873959
1.75239598545922,1.64964935601511
1.60157969731323,1.46484748826389
1.94971838727854,1.84621687235072
1.57967177647398,1.5140000671963
1.64405646779751,1.56182733715272
2.00945238856751,1.89060189720807
1.97656243687307,1.85362269161468
1.73556866923028,1.62303717260835
1.7095327133406,1.62439605746196
1.64838948367314,1.54464094564281
1.81235334889497,1.7120929887375
1.71421507375757,1.60787096697868
1.94812875059711,1.83002949405587
1.66317294974016,1.53152422129677
1.91868628520562,1.78338957011464
1.92066684755401,1.79546708903843
1.8730600023662,1.77360347850059
1.59825173353264,1.47377787983048
1.44792507383995,1.35184051363849
1.7008515440528,1.59697989220573
1.94349082149826,1.80541331744242
1.9068129824051,1.80095282426413
2.11043386410583,1.99392848643176
1.93116974639336,1.81988879865273
1.80386857053742,1.69524509907745
1.75616953313691,1.65400971275959
1.58590004946309,1.50244236116007
1.68523379318458,1.58238507531734
1.98240142564013,1.85464562762554
1.92576543133238,1.81374123685209
1.75730729880928,1.61245718256272
1.45056032640258,1.37463282727475
1.87595994571554,1.76926166056205
1.96454333926369,1.83093512775942
1.68764123082111,1.57331257305628
1.88151811258566,1.76151055539922
1.60233694255888,1.4793321479981
1.67429579055769,1.55455560343172
1.72644741685038,1.61691263101888
1.81260516165815,1.70150790781261
1.73042328349904,1.62376094334013
1.62311796241737,1.52706442216713
1.87867942352437,1.77222795077746
1.77280667574522,1.67151303530844
2.03800762946858,1.90819334173322
1.89594085038128,1.78314243897912
1.80015446417533,1.70042483484267
1.92626163654839,1.81346278620944
1.7257608867055,1.62954891562572
1.63267164087947,1.51757198102411
1.9172057451057,1.80680419077085
1.7941829272717,1.70182993081862
1.78763544192866,1.68890298481419
1.68391900122637,1.58110290826696
1.75439084588796,1.63258249852683
1.74654755543583,1.63597608416816
1.85261135392667,1.74004442302008
1.60022819579771,1.52050600538701
1.64791085551663,1.5662956487202
1.95899668219505,1.83329451829339
1.80788672416947,1.67448505207633
1.79263753287764,1.70678257330284
1.6447371926788,1.54938555875596
1.79320945836717,1.6921772784285
2.01798287238763,1.90969342966673
1.78207067258996,1.70883971803609
1.77734435355052,1.67766753635044
1.71823137845101,1.6072598575254
1.8590871499571,1.75211564259297
2.01170922740314,1.88179260814169
1.81551742526656,1.69920375095881
1.80952980951847,1.70392223194398
1.80557802629757,1.70328353387433
1.90581418914405,1.78142007132793
1.63797091567156,1.50481802864251
1.84298172104447,1.7338045497787
1.44446219975462,1.33794783776917
1.58275630499476,1.49500443308821
1.76910418235885,1.65417128464608
1.76162751326241,1.6522913807838
1.38741435705033,1.30138940552944
1.73823085696317,1.64135932236774
1.69028025747876,1.57385813873779
2.07552238812424,1.95430866782018
1.45992823920369,1.3752170288551
1.80952913574632,1.69716123242878
1.78928696731902,1.67722735570302
1.68973411266804,1.58883620968843
1.86893371856587,1.75602370091008
1.75814809356689,1.67122098796408
1.75564826514994,1.63521154027713
1.79818453342059,1.66824534067541
2.10094843477068,1.98021170389083
1.71318806803246,1.63186031108996
1.50527262308264,1.40474350849629
1.99343821445413,1.8562187426197
1.70894138146824,1.6173102120209
1.92666195720958,1.81100522809602
1.61431961521164,1.51623806484928
1.61508873981454,1.51722456461097
1.94193626626,1.81864732601472
1.88050760088907,1.76573416377845
1.91264754173278,1.81438483597171
1.63790775644713,1.54271537228912
1.98159877737853,1.84402563393519
1.42297824477916,1.33481301210083
1.9288821095969,1.82898286950496
1.81472421965191,1.71251900747309
1.79745855230677,1.69487862415809
1.76976950358427,1.65129254738306
1.69124749740717,1.62083172942609
1.58540198217879,1.48787980873337
1.67127675606908,1.60346173860423
1.67667789714287,1.57798123649002
1.74638135741554,1.65162955182271
1.90796162195088,1.77082320807633
1.6235789032195,1.52981706462935
1.94278142298512,1.83351522230677
1.88282359664784,1.75004716643593
1.71030150479137,1.60289681697794
1.55466096224581,1.45133204890625
1.61609077498144,1.53017610358219
1.76789406151671,1.66458048629244
1.81676527137591,1.69361063853148
1.99776568620571,1.85275369289514
1.91123779656278,1.76893994774548
1.5865191364475,1.49028398028707
1.46763797162424,1.3872929869579
1.7168059780103,1.6291026789117
1.80268723765146,1.69842614212469
1.98040785930151,1.85172589725869
1.84594685106498,1.74271242193975
1.86400042592834,1.74975119411225
1.78590577407186,1.68091795899747
1.77084170648084,1.68618945426425
2.01246488818812,1.86354652742042
1.66351625283671,1.54288392658984
1.83161498961479,1.70729645246332
1.93991051140675,1.8192338925436
1.717995565178,1.61318967997448
1.55993582971183,1.44368253785545
1.80254011063972,1.68071605298097
1.53255753415308,1.43570745459673
1.84160934868707,1.73178203447414
1.8769023631257,1.76825869065514
1.84122733849334,1.73763692230357
1.82725975728952,1.73178048674864
1.70817453639912,1.61801955593514
1.7101745306391,1.61130878320149
1.81442339755051,1.69192223648073
1.58764941371989,1.50907876116829
1.60311262260389,1.50098516537643
1.90023233430215,1.79588775862926
1.68426092704093,1.59153553470868
1.50871747066132,1.42967817814206
1.84953992992101,1.70826584149943
1.83902493986218,1.71581305022449
1.74656601991432,1.63880935438034
1.79729167879189,1.67907336404308
1.79759524698522,1.69794453035745
1.64871696010193,1.54814094719985
1.62342507161109,1.52133879579546
1.74587507269995,1.64232201112151
1.98091442795463,1.85344602592232
1.72180341241414,1.6061591405302
1.67623491318658,1.57881866050456
1.88350946112241,1.74028863952813
1.58855451162486,1.48106599600394
1.76182341394447,1.64335978361178
1.73031488075306,1.62771348417002
1.94254273451052,1.81993646062104
1.68599778267534,1.59042345890333
1.46175749167803,1.36440604860452
1.80137165255014,1.68460804943216
1.70618557681819,1.58950538837003
1.71882805375321,1.58242308414887
1.95300859768116,1.81220850895923
1.86313149777438,1.75883773358369
1.93575791720082,1.78788121451578
1.89023695669506,1.77825207997552
1.70968906434686,1.61622345186518
1.88704247758105,1.7690792635411
1.72613258500159,1.63126417159393
1.79628273923692,1.69484956506806
1.79879683048784,1.68707055631034
1.72684864479949,1.59479038982571
1.6138292668649,1.50938746777353
1.52459892099118,1.41929694623423
2.08243078106491,1.95574417600988
1.56650221359342,1.47314128326757
1.71377473150233,1.61747352464102
1.78050570097496,1.68020861019258
1.88503349021511,1.76217374081715
1.57833993807944,1.4695647970928
1.622151589994,1.52550279438671
1.60516535850512,1.50787915350333
1.60664048331028,1.5299131189578
1.84574002406115,1.72565380369325
1.63071754371024,1.55271471866343
1.84454143498952,1.76467587533719
1.9606332553322,1.83103318243515
1.82250736831017,1.69829584271014
1.85502573697433,1.71957686841269
1.79403017167234,1.68783289421664
1.7540218191919,1.63996911018169
1.74234998515624,1.59382551285026
1.83114878643985,1.7327699251358
1.90881778364637,1.77589527354701
1.69500297792407,1.60257784786963
1.7569833498184,1.61537860248851
1.8237977045711,1.70369028074014
1.73257244343563,1.63723254755773
1.96102737949952,1.85875940455811
1.76983957540054,1.6541062768079
1.80715818100401,1.70770090309704
1.69273288135701,1.60589791127198
1.99499816862645,1.88089318002058
2.03439764479681,1.89260431827176
1.86167005905305,1.74417706579695
1.8353957505747,1.71275998681515
1.80669791964613,1.70281773602233
1.9499968347566,1.83597747789648
2.04452499411187,1.9172836278055
1.84115582299582,1.72323681660737
1.81935985885441,1.71148887508416
1.7124282927645,1.61105523865813
1.58485216207344,1.49817249740004
1.75066714794312,1.65738722832597
1.72277264247279,1.61072267424979
1.87598789367097,1.77415146768363
1.54490633168264,1.44148463623992
1.74148644414931,1.64775444748806
2.11640014041805,1.99618447933974
1.96469613898944,1.83800869356893
1.4510092570966,1.38007445412843
1.77776003159626,1.64937752950667
1.85965388922386,1.72721782062516
1.72270110243959,1.63162415055808
1.7664946607595,1.65626859993421
1.81470100506155,1.700381448133
1.77390647652646,1.67304103393437
1.56746796069104,1.45016798506643
2.00719059390789,1.87456121041161
1.51956889684867,1.43523496606299
1.70795710433285,1.61328794671612
1.91157232882351,1.78564701288336
1.9403921472914,1.8114475020268
1.66487548866809,1.57810980939617
1.98714549621241,1.86755287656866
1.64128560826499,1.55195216725418
1.76153902467953,1.66161507522225
1.64244741072935,1.54490097132638
1.44306665919303,1.33479884898232
1.80344595373675,1.70645709909598
1.83073418792022,1.69837037017659
1.95783205293394,1.83255431979384
2.08937341242048,1.95616810541554
1.81088904444245,1.68226967741583
1.36992544801505,1.26015116751429
1.82610314440534,1.72464996764793
1.92577586363928,1.81569152158415
1.9546003280026,1.83648684240047
1.58783497691201,1.48929024061707
1.85536301576943,1.72446040610283
1.46686951003504,1.35073451698332
1.80748463450348,1.68158800976311
1.72002792148043,1.60847366969694
1.66924079452264,1.57854256764805
1.69363745635009,1.57023618353594
1.8973056000138,1.77867876259028
1.6112228988498,1.50444263074936
1.57634503632347,1.48464696594762
1.72518911372389,1.632933277655
1.76188585855968,1.66166914397101
1.62822715630136,1.50576068473987
1.90814079776986,1.80098435016824
1.89781654683323,1.77101786272636
1.87839478313863,1.7780940137223
1.66067363535499,1.57071841658474
2.22411759439223,2.09855942434334
1.85636564190645,1.7495272169729
1.64398759524346,1.53801762734699
1.70046788654944,1.60321731319471
1.67835576934751,1.59000305839696
1.54898171384785,1.45130947292365
1.81984209913181,1.71791660525611
1.67393057109461,1.58493101489079
1.63241667782974,1.54173909024286
1.88419368007326,1.78308143762568
1.67588903658071,1.55014374681744
1.77973270939128,1.66866988578277
1.65471697658424,1.56156906990584
1.63865850800846,1.53890604758328
1.67092780072218,1.54876267529062
1.5258150220289,1.43505985130708
1.87386274802682,1.7637483410373
1.7321660945896,1.63354221081898
1.79878282533715,1.68321644218732
1.81890803643037,1.72072715177028
1.61053244643181,1.48378652506019
1.58660380812278,1.4871682611548
1.7524759538969,1.63746078880235
1.67191003441682,1.54606777754447
1.7897064230819,1.66734548598315
1.96722290423443,1.85254328440073
1.97063846917307,1.85056373409282
1.64603827825904,1.54408364457621
2.04835223658317,1.92273173524976
1.82265363847311,1.67564207934062
1.54579211963659,1.43864756331222
1.42439745259289,1.30991459303203
1.84315324407573,1.72784274151929
1.8480325638239,1.72695739716243
1.96621367556248,1.83678920380935
1.66110130129844,1.56501723763795
1.98234129235028,1.86738418667176
1.8260224787915,1.71705603570264
1.71167572590969,1.61031121485294
1.78558645989075,1.65089909613607
1.54379441099124,1.41703746257344
1.58571162291457,1.47576567730529
1.87486188557414,1.7414113678652
1.97338719572723,1.85515717572995
1.5980500842601,1.48995441191801
1.94536601700986,1.85352451131776
1.72603240475373,1.61996839920009
1.7830457295963,1.67002109602309
1.71916224572487,1.60344381997559
1.68624056961738,1.58082954530489
1.71709086589451,1.62175521068293
1.85500513160326,1.75670189727865
1.73547679065072,1.63381145548169
1.47065964279684,1.35957634014467
1.97298803068492,1.86378384474333
1.84837458498561,1.70784147935659
1.97364138958685,1.85023337781934
1.8457896000139,1.71143589834901
1.72180487443791,1.58500675310004
1.50517600464845,1.40256936351555
2.15864624963388,2.04713659625387
1.81343375191993,1.72586433314382
1.98569870725621,1.84310066622214
1.76142099521316,1.66832298946391
1.97451149207432,1.85889227913935
1.79977964846147,1.67381656054162
1.648135041444,1.5505101363333
1.58666408841301,1.50177822789781
1.70610237655569,1.60545011973272
2.07326263611235,1.95668703119631
1.69533137896966,1.59523939577372
1.58515140176281,1.45788619535957
1.75499864616616,1.64857999747226
1.7977208797748,1.70444166365501
1.92027478515077,1.81652851250257
1.86691501555732,1.75842098705168
1.69252706281603,1.56935303097025
1.93564433267895,1.7995154960888
1.54840706792126,1.4262035455518
1.46389532060895,1.39435098107178
1.89518860413555,1.77993551671698
1.59706957080066,1.49206886159435
1.78933801154947,1.68001115303098
1.72402529357388,1.61314779138372
1.84095492855138,1.73940435303916
2.0338145142711,1.894004361278
1.62725828050411,1.56400112294213
1.86854617117198,1.7630256129541
1.65486910184157,1.55960001474186
1.80629238292578,1.66756594681076
1.94213857604345,1.83342507119422
1.93394276300148,1.82130677197857
1.67178528554171,1.54346249999032
1.82590570606699,1.71578225529406
1.85606669382608,1.76711007268862
1.9303837379909,1.81945074843873
1.94479771200189,1.81428208933519
1.80605066027594,1.67935863282937
1.7542753205838,1.64854568479052
1.85072106409161,1.73391499870004
1.96638206832468,1.81014492746941
1.64081551461917,1.54556076238675
1.5772407170086,1.49009012105121
1.71478549716828,1.59062528430344
1.76875483657326,1.67101187061494
1.79400499608747,1.68407793185046
1.70092044034708,1.59434771486242
2.15007372522547,2.00062788966345
1.94593716356395,1.84550344762558
1.42886142480117,1.3134180966832
1.70202332940928,1.6213041228285
2.03692207904507,1.90883218681204
1.90613684654247,1.76574645106084
1.6088549524775,1.51039292497849
1.99607944432976,1.87775254138222
1.99089396165288,1.87685907332328
2.1742224851973,2.04812277076014
1.78919261328795,1.70345185827435
1.71782883633446,1.61335297073049
1.93143450493938,1.79094888234201
1.68935580714329,1.58509042306297
2.01969193775749,1.91193923811999
1.89634056178281,1.76815488296767
1.62565045119349,1.54333701898494
1.7637971906974,1.6563833712214
1.73167767450062,1.62616714038737
1.87082704664174,1.77724062557041
2.06635114639845,1.93079051117912
1.67146440343601,1.56290960826328
1.94137088961231,1.83506397775978
1.67526303048882,1.58650180670595
1.61572939692613,1.51763341801929
1.7713765107272,1.64909954840134
1.88277442368549,1.75689101763725
1.96879764629901,1.84376737148258
1.86274818629301,1.736322479835
1.73572417667703,1.62954275307049
1.51161854368095,1.43501425115952
1.73890216516083,1.64597657481086
1.76607255828344,1.65151372374974
2.04359971710915,1.92110974959166
1.6033739310238,1.51841566387625
1.64942141973401,1.55357164336825
1.69963394680335,1.58254361472539
2.03858952242309,1.89871341976587
1.78769787757552,1.67257787180467
1.98282395892396,1.85275229513258
1.7949048467652,1.69963111985985
1.73985448524567,1.64040901818956
1.99810974568366,1.85602694031687
1.6039937749712,1.51090361583446
2.09800434385299,1.95536559981363
1.82873832303788,1.73835288834782
1.74012310718347,1.64168907124175
1.72359752048046,1.59955104993215
1.92649945954423,1.82617459860352
1.82553582757212,1.73216522569966
1.74863551186387,1.65459723805998
1.83480489784566,1.71113565507192
1.843341396046,1.76188910766867
1.52880320165753,1.43322103136754
2.00446327121253,1.89175314168429
1.80295735367168,1.67344342892574
1.98434538455285,1.873107729356
2.02599384436634,1.9005984937972
1.81194901497586,1.69186625892023
1.78346712180063,1.68849687538782
1.81752655966576,1.68614651489678
1.83029466178596,1.7170154070479
1.73904888239797,1.64097521019122
1.81367378810842,1.70377035818296
1.99451357966106,1.88497443358443
1.55572039083372,1.46144444114227
1.81649053062464,1.70353980989165
2.05924859508699,1.92281357075578
1.67967584557265,1.57709619698822
1.88985090925483,1.7695896096631
1.8696431710624,1.74130423239362
1.64261198548517,1.56259055754997
1.88777171837434,1.79235159141257
1.66563208834466,1.56225270440687
1.72769771600361,1.58783481122569
1.76712561213135,1.66767523885727
1.82443488255277,1.72440251264055
1.89958146426806,1.79837452971873
1.68458232247423,1.59140061787351
1.74875201627638,1.63829452772995
1.57222503051547,1.43837117059624
2.06243953756081,1.94114896506703
1.90259030369102,1.75282491729316
1.93157829119593,1.80527262365219
1.57729007438209,1.49400359768623
1.83637128640845,1.70266512648005
1.78104418139344,1.67253301555874
1.74778595662501,1.64200065613639
1.9307646378932,1.81275232138447
1.74599899519914,1.65572919002276
1.70796468153323,1.5820267780022
1.47478290477346,1.35488580663289
1.83280325151161,1.7087126443703
2.08156488482095,1.94616127749511
2.1352407551801,2.0102889772739
1.83147040080216,1.70564016780791
1.70721006719907,1.5928133867571
2.00026248526987,1.89282560946758
1.81168506662514,1.70090025800273
1.95821572221142,1.84040311587859
1.35751469453726,1.23191282765845
1.86401617964877,1.75405605218238
1.64437094049156,1.53581623137239
1.62681061239117,1.50816281148537
1.89670640099934,1.7908947196979
1.59196129894315,1.51379889008381
1.88251906118841,1.77070699266187
1.95562921629474,1.82889745382692
1.63731015300098,1.53367156646537
1.86964339363381,1.74342109399041
1.75688814653969,1.64688764915593
1.97134308990874,1.82658554615659
1.50551443239383,1.40658306160533
1.82913388262888,1.70113346986015
1.6317634977743,1.54652303131115
1.72600643127942,1.61977210137139
1.81240744252588,1.68524422019956
1.81142986754287,1.69371506820107
1.74382047538189,1.64339036715761
1.82055300176547,1.71779523076397
1.37270474212867,1.26001532378277
1.82290913133224,1.69885561652727
1.98637887466048,1.86131801752697
1.92272121256544,1.79667162574169
1.95070986059252,1.83861480908463
1.83651726569251,1.68379488767177
1.93461820978351,1.80824797034581
1.66653044890379,1.55718064594135
1.81179509598422,1.70793792031085
1.86356205867139,1.74331978307055
1.72246855682585,1.60180806713665
2.10708877367593,1.97506861299736
1.54726606427057,1.45944216854141
1.95755538057684,1.81868881052685
1.7229634481942,1.61591066105917
1.79038820812819,1.65306565041473
2.07729438512472,1.9471251538763
1.51809165447129,1.42689625345238
1.51396493480644,1.380884847969
1.51446833018154,1.42631132603832
1.79089294839208,1.70555468469038
1.86807736493044,1.7492702688132
1.95070368526589,1.79300773940024
1.82039341997102,1.71725857005382
1.80474341432623,1.68546660117752
1.54329870696237,1.44317826625747
1.77425430914242,1.66195913052097
1.44777022391007,1.29808501466419
1.86289402935255,1.77760244975199
1.77974393871168,1.66381098358213
2.03385874551069,1.91747314139126
1.93122793156869,1.7967719041014
1.74619868751919,1.64789549672143
1.59975881311886,1.52554951945209
1.87907320924055,1.75259546547419
1.67103596739689,1.56735877079558
1.7586241289683,1.65077311159093
1.82904775815021,1.72038402455213
2.01019520941345,1.88982313542598
1.7512467777447,1.62564001649525
1.84192427524978,1.73586752628878
1.7641371945106,1.65740774243168
2.03469646428179,1.90578428067771
1.87826396007559,1.79159336188785
1.60629295126017,1.52095188619125
2.02404583555648,1.89058186053857
1.7261445449083,1.64611413503465
1.69562454764615,1.60426853075034
1.92348696044689,1.8100876404583
1.89183748603718,1.76551113556613
1.7886201261085,1.67460217895181
1.92834712301044,1.81952574925761
1.78585845400916,1.67738351840411
1.41341269968647,1.314686384934
1.71612888133033,1.59252112924807
1.70157994299357,1.57982180410203
1.84388059516066,1.74431408041308
1.6452188334248,1.53459930868712
1.70758683163001,1.60872040616575
1.69955711685041,1.57839731865643
1.85170698209148,1.75709640676054
1.74867749258997,1.61901646189872
1.79330129237579,1.68179653104048
1.49606062858948,1.37285505502025
1.85759324724041,1.75609900250115
1.59659055807599,1.49832285958946
1.94112723324316,1.79213791018612
1.83605163840652,1.724417397033
1.86490914660924,1.75706296488751
1.73908072065339,1.57980954677442
1.72582764643673,1.63273756155243
1.7286921362072,1.62043241530261
1.4850068704659,1.39700538886971
1.81585526235072,1.7116134822705
1.78335772109446,1.68333766685268
1.84412532335684,1.7367335544137
1.88480487035184,1.75626652962385
2.02608285708132,1.8922762713178
1.87254702876983,1.7634509639842
1.60463042691498,1.50766726555102
1.65896460599472,1.54900092137497
1.66548845196186,1.56370831205772
1.75616239536036,1.65881128828796
1.75362449336923,1.65589985252509
1.78245780901466,1.69494725485198
1.80493350417352,1.69428982600493
2.01938048161879,1.89325907003921
1.70374881600804,1.60603169892566
1.74695856231513,1.65394045523141
1.49875351360608,1.40725870422596
2.05768312175527,1.92869562360254
1.68122876458815,1.58947354091284
1.49730230108069,1.42579362188228
1.91483894390475,1.82268310215628
1.89031813867953,1.75244156360191
1.52907012737472,1.40750203046183
1.68686861137675,1.58331547281305
2.08915130983607,1.95941070781655
2.08540446351389,1.95084420093977
1.80708044430563,1.70758917467702
1.84361543802579,1.73826109195542
2.05130899888811,1.92621870002497
1.86576915865981,1.72290804923919
2.02712092216093,1.91472244931541
1.93949866770377,1.81949237947715
2.0312993649031,1.88579484590156
1.99277673838373,1.87904312368857
1.70549606337036,1.59853525343563
1.73184391898166,1.65427349122445
1.85978055565654,1.74068402832072
1.98490350961704,1.85219471853583
1.67571586603626,1.55204343946327
1.99315218770234,1.89758867773629
1.64283317517997,1.54730940699482
1.8186330574542,1.71186131623465
1.83993932819175,1.70362934893248
1.81017879907018,1.69839731368528
1.86576617462535,1.7558104125358
1.89406147031741,1.789668079906
1.71793653733127,1.61695740314085
1.81263483981554,1.6898523643575
1.82611836223691,1.72335942965034
1.52289095632349,1.43290510341461
1.94142620293873,1.83843854808333
1.71982823400319,1.64393473377766
1.61372774385284,1.53066615239791
1.94645073529517,1.79828615353273
1.68330491527656,1.58459233317582
1.87773802427023,1.75517082111618
1.84262224902472,1.72760362431204
1.90444426247254,1.79548419051558
1.82910809051628,1.70336733935822
1.95143245660731,1.8246960825894
1.9192596097337,1.79789591009239
1.74257105651805,1.62488379003878
1.73692685346832,1.65746474224004
1.77914226225247,1.68378823769875
1.72618506581538,1.61292745781587
2.15040498170376,2.00830170798073
1.90286320855034,1.77025653111765
1.97002914816872,1.84960306327824
1.90142249329874,1.80749265594874
1.60558341585779,1.50255719757546
1.88965476866566,1.77073456890245
1.54270286243038,1.39224234190815
1.75076971374241,1.65478891603682
1.85239445077545,1.75504783291588
1.74180253951363,1.60130484737119
1.8761651324527,1.74453086358773
1.69719829992478,1.60104298938118
1.65436027164939,1.54094632656134
1.71354252007079,1.62950096325583
1.84982011849599,1.72677253095844
1.75149548076568,1.65278692117233
1.68924473571129,1.57229498905384
1.95079888903755,1.83855343653897
1.64941838006479,1.53783978935485
1.88039363710936,1.76442019590009
1.81714586807958,1.69684926087209
1.9300580443595,1.8042871019833
1.58233555175012,1.45955192865469
2.04703324169,1.88559621329844
2.017395613236,1.87418060644548
1.7844355751496,1.68513328014321
2.03434852923738,1.90211248945529
1.94432330724994,1.80757013985952
1.68674574190589,1.55292414989542
1.61548929780886,1.53028903454851
1.87310226753852,1.78021478698694
1.79049735347041,1.66278344150143
1.6406945780859,1.54025673066121
1.92899615471762,1.79269986059771
1.92105156388017,1.8087749834997
1.70850515741267,1.60325682120024
1.64773103025119,1.55831729863109
1.76732828417867,1.68249362820398
2.01649039715634,1.88966993712026
1.71711843426087,1.61961706785519
1.92548889134533,1.80561284364099
1.87148554985471,1.73239379978064
2.09750984424059,1.96546725404332
1.96095726189415,1.83924938799496
1.73717569844601,1.64596822024523
1.79897070866178,1.68131607987799
1.82867087181637,1.73239306913954
1.55264907828078,1.46036367304734
1.6650760188594,1.55559254653898
1.8486495576584,1.74551336774739
1.77729902924216,1.67632758150483
1.64514557714346,1.54115641303031
1.57427922466672,1.49205211575471
1.81516314642458,1.71060802053144
1.66276952755714,1.57429947105328
1.66543223535674,1.55687937428122
1.95436798953176,1.83999789977149
1.41253018672708,1.30742140530298
2.17981395199514,2.03947513375858
1.69725181270286,1.58576631597606
1.82561589932401,1.72150817515784
1.74943480081139,1.6414860291961
2.07661314547698,1.95432712364322
1.60699433964787,1.52524521993696
1.67901866925413,1.59701292193851
1.82300941103732,1.71584650493655
1.74906984796828,1.64664485742516
1.55761880497765,1.48443036243154
1.87104221323464,1.77892533345082
1.98104200068204,1.87741062927323
1.59830678906814,1.50888159205237
1.41208324360008,1.29822448477516
1.99463167928855,1.85942145902044
1.89463027250083,1.77711204866197
1.91894951472776,1.7996059599628
1.49347646454317,1.34495788573786
1.7082826466115,1.60770784903572
1.65520717891225,1.57356068841012
1.71415424016668,1.59098785128371
1.90454160114113,1.78759232510731
1.42634101985715,1.29532946740072
1.81087532163964,1.65664408487768
1.98904204553716,1.8451353092009
2.0327303187879,1.89083877107368
2.04091243484976,1.91688395823201
1.76430568097561,1.65402715205067
2.06080269937825,1.90194882119106
1.76643786782152,1.65180368385565
2.00964766765658,1.89695246015725
1.89612894359882,1.76643854967797
1.77063860729584,1.67198194672783
1.63432565094685,1.5506662022978
1.86054354211584,1.74778926515623
1.76430340982522,1.6317348792395
1.77424430819822,1.67986431908786
1.44017054928362,1.35251271271593
1.80229754185318,1.68677409457036
1.58312148513548,1.48427282115642
1.73865726922086,1.62592863608349
1.77557438519891,1.69146244736274
2.00468014269551,1.8765678636103
1.8948688510208,1.77091879199884
1.83357075225259,1.72290812722216
1.78754185152066,1.66860194346904
1.60979556365695,1.5063618905391
1.68233744268953,1.58009193368232
1.83314047799371,1.71633968872828
1.96796036139885,1.84812415575377
1.73955638228694,1.62302551648788
1.77825247210869,1.67337246629775
1.89653373505293,1.79780344958615
1.72592518532885,1.64307008048664
1.91975343204328,1.8152788211985
1.76798799352343,1.6774178734159
1.76194901081709,1.65548452545864
2.06591949392045,1.95822594363693
1.89018491263323,1.77463597641944
1.74553048767755,1.63916547297478
1.73293217394237,1.64640104244443
1.60201960369914,1.51091397472497
1.89410549227617,1.80052233971946
1.67010895479949,1.56495307892361
1.84479205814001,1.74040143036977
1.82386905561407,1.7020786061438
1.78699738834548,1.66710722529585
1.95968904681201,1.84972665524998
1.78601938316375,1.6998094764639
1.51093254678307,1.42665203778462
1.61738798509606,1.5301298404093
1.53586273303516,1.42466994842898
1.81182489216361,1.69900303610397
1.80517198387432,1.69784699863958
1.63725801431998,1.53322067212919
1.86252787114361,1.7266537475904
1.68447829463612,1.55312347995914
1.70895481778615,1.6004758511858
1.92382881900852,1.79569197604659
1.66220379178399,1.532325482648
1.7981484493605,1.70945740231511
1.46012790983304,1.33737123441906
1.72168755784634,1.6194024923125
1.7866827996275,1.68825605947881
1.75396010805905,1.64226682973205
1.85559158876906,1.74200006965976
1.90809401397452,1.78431995169788
1.85111308797844,1.74399570426012
1.84102829398431,1.72977824385363
1.80230614791479,1.67360037915235
1.93065488865905,1.81665203193351
1.88807832788668,1.75766109461942
1.46307396956503,1.36795900205255
1.76027525335542,1.65788992409906
1.71686281139852,1.61567785268695
1.99075560323404,1.85327830126051
1.84824021701845,1.73273988746702
1.38757256326892,1.30360004485867
1.79667798422394,1.65316510331871
1.79765018566724,1.68664905812863
1.7226565013493,1.6347551054832
1.74971897027227,1.6431728521922
1.93925986730218,1.80511761412931
1.8925941516184,1.78772871415159
1.63641416741381,1.52969700386691
1.92988014659898,1.80507538304561
1.90578743771579,1.79085513412341
1.82465954744947,1.71816163921798
1.60756426816374,1.49907122245618
1.67430328483364,1.59023400700267
1.96316130601945,1.84783254651513
1.679024379374,1.57554147781145
2.01347296495342,1.89793809216248
1.65442640130542,1.56423353139504
1.72841464370965,1.61442600771602
1.80175447883741,1.6807157149346
1.9396974738864,1.84015508129445
1.54539903644036,1.44522680563904
1.83797608712091,1.72467288107367
1.17887707137779,1.08915290219104
1.91914245256113,1.79217899694321
1.79645162109677,1.68712982194516
1.47724739735106,1.35284668682546
1.6605313383569,1.56952027190815
2.05434848128181,1.91709644826535
1.60441715190179,1.5145585762204
1.63581951518873,1.5542766342518
1.40071003204119,1.28309596097649
1.92565994471266,1.81308493693714
2.01853689022797,1.88347896546667
1.90938249712257,1.79538877346875
1.75146957027737,1.63844502915895
1.87100463710319,1.76848359515544
1.79229727255764,1.68509907653662
1.79879364660487,1.69769639577043
1.89714285348985,1.77321282959766
1.77464802083863,1.69352635351086
1.86417518687328,1.74797386533816
1.7204920739625,1.58617738762925
1.86283345108833,1.75979846533734
1.85313433639301,1.71379899099584
1.85746014223676,1.73408728984825
1.77610563084796,1.66909762841076
1.87264744223558,1.72081568287081
1.81025316141026,1.71991724196965
1.66088696405373,1.55384864327814
1.74304357529569,1.65146417626701
1.92623022988064,1.7964074596022
1.57244717521371,1.49258421261294
1.84141499750207,1.74135948611222
1.66693175427008,1.59025468658203
1.68099320829168,1.57976301224152
1.77055918007558,1.65370747061964
1.7390482112811,1.6385994612829
1.93386688692932,1.82508788222044
1.74143180648297,1.64339034267815
1.81607925196284,1.72656016853833
1.9562817869518,1.82827120960774
1.55054060034471,1.45565042951195
1.82326370466924,1.69868717390273
1.79200189425084,1.67718312162942
1.88694453774428,1.77337291536623
1.86430166223406,1.7235332436112
1.92699727696909,1.79232430088617
1.64077662299175,1.53431062221808
1.91888553288476,1.80730542304476
1.92297182365114,1.78851389668849
1.76457535556047,1.64074222459942
1.58797349949605,1.49061635685098
1.93051171600598,1.81632799009383
2.0465906978021,1.90755952016282
1.66800807033567,1.58202859846235
1.91305151997841,1.81044462610807
1.73787856529862,1.63255406655949
1.59963532975411,1.48326313191057
1.59837051394678,1.52326629646936
1.6818628124192,1.58006529821005
1.78184407020385,1.66838999305763
2.07642748112316,1.93478860193802
1.82480654713993,1.71043904701675
1.70766511965201,1.59726655881389
1.67890124667677,1.58586488799257
1.76593152935874,1.6534720104402
1.8072658643323,1.70262104787146
1.80677443543632,1.69106854780968
1.93213244864984,1.81617657226691
1.85328641407493,1.73442187837428
1.82792992263914,1.74511220355644
1.98968196796397,1.85619841565128
1.93324778386623,1.80647213301623
1.69394060695656,1.57947545517419
1.95086863296547,1.82807242370805
1.7835772505645,1.67091516184495
1.97570136187133,1.83601499969343
1.61668070516823,1.51501481997074
1.92565915938303,1.81579315831983
1.90605477621079,1.79206159631845
1.76682931877666,1.67094391537078
1.72073428306244,1.6258307470223
1.97756580408702,1.87061748927503
1.78026356502029,1.66074914253405
1.71416390030645,1.61899959982511
1.85905155045206,1.736843888477
1.857167684627,1.73540359724171
1.81891718292476,1.71616921620527
1.79060344153216,1.66099730466223
1.72089996382607,1.58650642879839
1.98317524077144,1.86500214289523
1.89518960054767,1.76607312823011
1.94249615114064,1.83994316706043
1.82936033976446,1.71193753835479
1.79277835510054,1.69987176995572
1.46444566436674,1.39203911657121
1.79234011605685,1.69003665262167
1.44380585261369,1.34330221415512
1.66761461730878,1.56081908691573
1.43232092380132,1.32207403890116
1.92294338239153,1.80562736068117
1.83288076153913,1.72296856386508
1.74382810220298,1.64765460164196
1.95038327800518,1.81865923961285
1.7910031310901,1.66026105566008
1.75784594818472,1.65775522799905
2.01058951565418,1.87763206751444
1.73425276849289,1.61950838657516
1.78534313228256,1.66139076671026
1.85811422353866,1.73861088404729
1.63281320839523,1.52489886141489
1.76942598882066,1.65650550138167
1.87667495703839,1.74013583397804
1.90711415072843,1.80114366847753
1.55793293082155,1.47015983348074
1.75856989412913,1.66717480190452
1.99177811732467,1.86668252240351
1.93753345764622,1.81643107828813
1.90675209931871,1.81126815535147
1.59416155807976,1.49114005927939
1.70666967567018,1.60540441427984
1.73566788392687,1.65259690504621
1.57571272019412,1.49351815250206
1.84899407944658,1.70192744230007
1.53361162960925,1.41424929016992
1.88236016432909,1.73909721776937
1.59884326611509,1.52065133703496
1.77861373289154,1.66844248996904
1.92197626721984,1.81589292410368
1.92303423803247,1.81869079529859
1.80002448719397,1.69947986856658
1.63950269346035,1.52157251822678
1.99206683821312,1.88136911889491
1.55660457827565,1.41816634210679
1.56297934500885,1.43917606336909
1.84484007242463,1.73308075526372
1.60429714613063,1.49858630459135
1.88599411763378,1.79193043044842
1.68650947006205,1.55868215332075
1.89134112807367,1.7855321095059
1.73698790317406,1.63425298048544
1.26460137393466,1.16215630785158
1.79962719297896,1.71175348737402
1.69394078451446,1.60301823197888
1.65380875616441,1.53242700377672
1.62801305228986,1.52573262817727
1.72432085924074,1.62801953455927
1.98939281227548,1.85702132914455
1.80964089945278,1.70363400243322
1.58022491754422,1.4934456320053
1.59318623395855,1.49473881472705
1.70947870574014,1.61553034517268
1.97125686157234,1.8447117948299
1.81762313055527,1.70959306886754
1.83291633514354,1.71896613891486
1.90467598524228,1.78510909641388
1.90475818008351,1.80197960862458
1.77843515296538,1.67367845559847
1.81532623025827,1.70946721882893
1.87794791604206,1.75652843334912
1.87583764480217,1.74464667194998
1.87408776246376,1.72958423733914
1.84726891437204,1.72679636227765
2.05275763989006,1.92565573441933
1.722531628522,1.6264124126234
1.87128505129018,1.76742163715072
1.54158025911739,1.44465881649912
1.97823092704012,1.83803891819569
1.89175001687999,1.76070924699494
1.9670803350309,1.84944928501095
1.91317675410807,1.80361309832874
1.79713107800233,1.67008808592243
1.7330435997093,1.63662696675836
1.66362178650972,1.55091662172189
1.6677193073128,1.58549878692853
2.01613417631465,1.86918394428037
1.54360692739487,1.40963977195233
1.60439681374284,1.51382076069906
1.66259772760149,1.57785701357725
1.84199852188503,1.725505313767
1.78778500898917,1.66798243141571
1.89128152556709,1.75786938449876
1.70620114759014,1.56535174339076
1.75783142440533,1.65096614646914
1.70797554396293,1.57297577572803
1.98117790512205,1.87094082380913
1.8392184356126,1.73317135219226
1.62987735397803,1.50707876454833
1.82942918271569,1.72881424569322
1.71650689698447,1.6232643546422
1.69712012656066,1.60952269165375
1.77826210568815,1.66353029136902
1.67983046106588,1.55625982718792
1.86506186371578,1.75765775645544
1.80071744009127,1.70437239689936
1.49570217707184,1.4320079532612
1.98352795823949,1.86464961201964
1.6405844680694,1.53208949269305
1.60818684954679,1.48204197409372
2.06564266352644,1.94486260611062
1.68313913462396,1.58282275953849
1.56463272505242,1.43538487213107
2.00238959480427,1.8720093143854
1.87040220807795,1.74787935787554
1.90720499365739,1.79275903562562
1.71124087736692,1.630953229007
1.5645666768057,1.47269748714291
1.97964018053765,1.85143424972992
1.56845561575066,1.46691709097508
1.8129142406769,1.69851080196493
1.46722006302579,1.3721420242694
1.66509233152867,1.52029212859905
1.93717670829861,1.8149855178651
1.86277421604749,1.76272289924422
1.69246389080893,1.60854761084091
2.04097225270886,1.91144618752004
1.83113309055863,1.70944478678993
1.73094337036006,1.60232235661755
1.65285984033243,1.56723269623525
1.80061755775991,1.68904323911865
1.86787253424076,1.76780045444283
2.0784497329189,1.95180294424022
1.60819171687431,1.51663912232655
1.59830828068225,1.50069337468732
1.7009677026911,1.6063330436264
1.77271581314672,1.67067569770234
1.55190024384666,1.48383489276526
1.73527710706473,1.63546712053611
1.89642700006228,1.78802825939085
1.57205294531101,1.48809823021362
1.64620472035436,1.55585286734917
1.50820799989778,1.39649773072211
1.88932520574035,1.77509603842438
1.78679543050801,1.68014926963793
1.6732780030658,1.58441159421561
1.68261263892208,1.55906759037331
1.79875298542522,1.67785648781792
1.66799317444282,1.60083405137206
1.75620088301751,1.62579278241408
1.78845792376908,1.66384208316805
1.67879713212975,1.58715854522179
1.81924274310878,1.72837749594796
1.83975638764768,1.70724870701602
1.76181240711064,1.64005529433599
1.83517168772868,1.71247831674469
1.65858740753327,1.57725467506496
1.88097664375852,1.76471695782202
1.93204817774011,1.82099155153162
2.05517637021328,1.93016802756372
1.67336062859307,1.55929473801637
1.72610096584353,1.60948185717369
1.97318656000756,1.83221954041256
2.0057056590676,1.88580763126765
1.99860496105161,1.87388337525967
1.9304635756171,1.8256672111271
1.53180124358738,1.43037489997885
1.61790958212539,1.52289583017657
1.65544289637149,1.56903328366213
1.75838878155265,1.62548871327742
1.62449808598919,1.53121026381832
1.62516438415296,1.50998672478782
1.94508671454296,1.81041632578702
1.89064569055857,1.7733671614462
2.09718334119734,1.97705078489206
2.00591072312294,1.86997665041954
1.74884803073613,1.62322907204394
1.40629878405204,1.33653412859279
1.47663253937682,1.37549845435789
1.75911101570963,1.6566660600949
1.67630589429854,1.57381925297826
1.58580902277438,1.5056035092985
1.80099738608462,1.7025735221873
1.8151951393032,1.70949683044743
1.71768600998663,1.58991763191709
1.669568409059,1.58337224284091
1.80326447384414,1.70662215581935
1.53401887641251,1.38491010000053
1.60174968535521,1.46246411581462
1.81265832263049,1.69942927389031
1.89790956592111,1.79582547820386
1.66200972301584,1.55952038137281
1.93068340431785,1.80082934505918
1.79123624065298,1.69055203943594
1.93277231637891,1.81727822944852
1.66701257132845,1.55330302877855
1.90767338238235,1.80529164073506
1.69968153991815,1.56620958601655
1.71160538376917,1.63706734923988
1.83725158570073,1.73890307825466
1.6758411323568,1.58843475552432
1.85087171844571,1.71533957165337
1.69635213897667,1.56486766754777
1.41651420804849,1.32589055917706
1.81639359690446,1.69682338466532
1.956317471471,1.82903872376685
1.7921859171221,1.69172084179186
1.81923896527658,1.72181469733542
1.86016293946242,1.74717401201527
1.94162687500574,1.80148019970021
1.80821232898725,1.69033272156024
1.99203783610316,1.88211549267638
1.93582055486679,1.80011258215782
1.83358691849135,1.67842582972573
1.42662255661795,1.34727388463446
1.70686285722655,1.61514498831768
1.77182617597078,1.6794196047862
1.75644059267801,1.66273656735782
2.22661468890622,2.09650097526642
1.92865414698699,1.79809853021552
1.59216864662371,1.51059946110904
1.51055997627186,1.41425670186222
1.8694601120242,1.72945529889116
1.84986990208817,1.72290205251398
1.72990864544145,1.63718985837325
1.60410743223553,1.52473277933193
1.67479864420107,1.60038738630489
1.73435360688715,1.63000467894455
1.57464909092287,1.4879630430982
1.55041261502632,1.45270420096639
1.91344497227869,1.78897472954086
1.62906468515564,1.54144156240721
1.89208255257926,1.79335997487133
1.78270303678245,1.66956331080543
1.51019237582834,1.42349777707377
1.83323526669836,1.73951040537668
1.72195337354822,1.61101608973919
1.79205953398533,1.67838768946977
1.77850496779037,1.66496326826379
1.50402819252556,1.40370459415703
1.70839360577527,1.60970629857652
1.63269755682297,1.5253734066543
1.71057132212091,1.5849349549367
1.56437794468926,1.45601248343496
1.75900202973315,1.65750465489392
1.7489961991932,1.63530948296238
1.90446349467287,1.7749331517881
1.92451893458907,1.81730675723885
1.61166147327986,1.51671737104458
1.71129474742169,1.59805592381349
1.630527838705,1.53426180577804
1.6126023385062,1.52454886246252
1.81513829253212,1.69148266900949
1.81579549389337,1.72218835363442
1.64720609878556,1.56610478297469
1.85157571223239,1.73692934654685
1.78461278908812,1.68975532633075
1.8007179158051,1.70723780389885
1.7591730193235,1.66164824409546
1.71172277474502,1.60888032115807
1.54600153701282,1.45881481857355
1.58132499446199,1.50221602574032
1.77325110731036,1.66965454265643
1.68069042331423,1.57513522790116
1.652006485965,1.55214743315741
1.95248130134824,1.83086487827626
1.6245009682244,1.53068576057267
1.5166013098618,1.4221057376275
1.5557129370805,1.44445708316952
1.52299866811145,1.41909143410093
1.72474147892489,1.61287225950238
1.97133290694124,1.83914026301529
1.98252207594474,1.85399472568658
1.8858250796044,1.77684037801044
1.72970985130906,1.65686441597978
1.80198622790052,1.70136625504881
1.72125227416276,1.61589254252256
2.0550331350197,1.93075228626108
1.8026942170111,1.69139877704397
1.87271070773036,1.76050122694455
1.55326821968098,1.44893811835673
1.74821067671118,1.60141046671264
1.72779240891679,1.64022710170489
1.77755934331878,1.6626951478684
1.74470310744948,1.62082003358175
1.76446267122219,1.63333091572619
1.73305454490257,1.62295395842494
1.84597706411384,1.74234507605265
1.80924175549578,1.6966481414704
1.63535922409917,1.5545544273913
1.72302132697785,1.59823374730255
2.02171367849909,1.89020870197088
1.76501360650556,1.67665827065945
1.65275867977123,1.55630663934479
1.64678870125102,1.53849377814831
1.91833109500197,1.79930296318001
2.07562773478408,1.93648855369449
1.7397065543418,1.62033242169279
1.66621067118101,1.58179474452606
1.91255451689905,1.79684555968873
1.83452831607356,1.72356646547541
1.68152411320412,1.58998486426192
1.60027649889473,1.48302621466163
1.91012858056908,1.78371703691762
1.7513419671259,1.65993129271566
1.79794846028124,1.64558087186179
1.73891132757003,1.62566522173394
2.0304069787729,1.87469813195216
1.75901575549714,1.64155887660268
1.6020056547279,1.47835655656261
1.71079688661517,1.61925854903962
1.7652821021308,1.64529160025583
1.67586749107115,1.56647783500458
1.62838337015789,1.52277843925767
1.80593575655098,1.66718653562918
1.658554729722,1.52826043063044
1.71135848632379,1.6196499768819
1.86651839683814,1.74149539185633
1.7000976355904,1.58127366192707
1.7060779324894,1.59519924054541
1.9464866866497,1.8135082335737
1.81292829968885,1.70308992750266
1.73659595862253,1.61360246414401
1.83466323013805,1.72510754246963
1.55199118494689,1.46433798439014
1.91067014083174,1.8012835304854
1.71855266855851,1.62242972076556
1.47279694945105,1.40969779943145
1.83548896061278,1.71319134913082
1.8248185215956,1.69276503584158
1.71694527588031,1.60912202657679
1.6819542678373,1.53717308307939
1.64007024891925,1.55712209775033
1.81065703286613,1.7055975519612
1.50446896765149,1.42152921324369
1.85287156151526,1.73435761369734
1.86614229643816,1.7498336971133
1.75539371562097,1.62543964153228
1.62269045632565,1.49954334249316
1.86664771919315,1.76288788599679
1.66422283357598,1.57059038526745
1.8694723457843,1.71533455493631
1.65372513097755,1.52960655453476
1.75657283395468,1.6437513198072
1.738824226206,1.61027030233409
1.98556074904428,1.85918388795126
1.8571375783979,1.72238796902095
1.90955611350321,1.81224959122179
1.70624883864375,1.58207497664419
1.84375054910915,1.73437146172216
1.83892264218088,1.73288522331189
1.89650219739966,1.76419170151278
1.72859274301639,1.63999208260528
1.84149963900849,1.70988941234688
1.60584039981742,1.52793696868163
1.89780391520318,1.76559862362402
1.70493274832056,1.61299989922564
1.82232121380499,1.71340231137958
1.6854763787836,1.55368032914884
1.64864311694894,1.54750293988342
1.81680044655771,1.70357856769103
1.93528708571583,1.79996189278004
1.75948273960612,1.64399939053871
1.66792542620557,1.55140899183148
1.62890851063323,1.52795843220011
1.7896748796717,1.69390763914095
1.60576094285258,1.52662649970679
1.72748322636355,1.62080129243353
1.77235999816843,1.66947333459376
1.66398651783865,1.57482960362731
1.92171169191344,1.80388907522307
1.74623192011619,1.63330594817621
1.83159450174122,1.71284125390741
1.661992540323,1.57207057122224
1.6540669770299,1.53806385547378
2.00539876362016,1.86650888430119
1.81851526077683,1.69627751355254
1.65682356302775,1.57743256313054
1.6966042527208,1.56571811445078
1.83110623445387,1.74418702573104
1.800129990416,1.68310693948941
2.03520862464547,1.91611490176503
1.68373438715179,1.58546908251678
1.81749264712987,1.71536834919151
1.58556527402543,1.47863224714352
1.85651285890391,1.75342089471576
1.85436218522161,1.74058143320284
1.74669349896847,1.610617771734
1.83192253498612,1.73309882831965
1.90958319281262,1.81153191046741
1.76759557520363,1.65498455131874
1.92458226591815,1.80692357735701
1.50315052157846,1.39997106508987
1.96515658700274,1.83229903523985
1.78639285372601,1.68150987906105
1.7003765995742,1.61376153658439
2.00871794845345,1.88206695143491
1.43566911189015,1.32515812146827
1.80344120658958,1.67973921081394
1.83245404807639,1.72506171477554
1.81238211097598,1.70086080364395
1.81498099751052,1.72050666663054
2.02676368066666,1.8873523995438
1.67479492889342,1.54037159209858
1.8800975677752,1.77155411361921
1.82129730038755,1.70514186486764
1.70407708079755,1.60454768866965
1.36969858080342,1.25835692293404
1.6316274819767,1.55071959957134
1.88560895935873,1.78903980299579
1.68292338673472,1.60105621953422
1.87746675741522,1.73677286226476
1.78923515486326,1.62401863465934
1.71266932477889,1.61820980894551
1.89098906349096,1.79460437640404
1.87505928849311,1.77024478466161
1.87115232548579,1.76148018642386
1.89214869708484,1.77794048119063
1.70371254995096,1.60975945076672
1.89830642324408,1.76054956814788
1.85144779418367,1.71824895154835
1.84007000880356,1.73542691375294
1.79511428564375,1.69393853169211
1.81540042079853,1.69597826974249
1.76864684378841,1.67768775571376
1.82821706645591,1.73731297047477
1.93722550854505,1.8191107493326
1.97430739842682,1.84947327324407
1.72319947356618,1.61200128562737
2.01954019363399,1.90840896526894
1.6281320836838,1.52714132049244
1.7404285871646,1.60145988436745
1.94936766467513,1.8136151246131
1.82677698203245,1.72779755016537
1.71630656587006,1.6218292367119
2.04656414090057,1.93472978241983
1.97612092513557,1.86884882628835
1.31531263072525,1.19998535379044
1.84518280258435,1.73225220373167
1.87001798743007,1.74909682888548
1.64330512085122,1.56014984466834
1.89767620641899,1.7688541404404
1.83368798106795,1.724004634116
1.96983525876089,1.84188956314277
1.95192799843923,1.8459641186681
1.84188339399421,1.75022837753965
1.94812002796833,1.81368941127718
1.74397252173427,1.65339642933616
2.10180141958959,1.97505345787719
1.92077722288034,1.80413763926782
1.83594119437749,1.69110963965502
1.84498830154809,1.73896666919664
1.74769078170596,1.64379779162776
1.79616228097634,1.68892597599299
1.93036363449752,1.82688143792302
1.67766411628431,1.5863801281736
2.0626301464049,1.94347767865939
1.59207388143871,1.50534174871783
1.65752352483401,1.5594375325395
1.72725489223642,1.61693405480581
2.06388823673636,1.92784911897436
1.77175064828007,1.66632215137835
1.54131326083525,1.44411001743102
1.97116935209643,1.86463938830389
1.66819144426019,1.56360079249102
1.59373668763842,1.50379057504225
1.84916467437901,1.73785815203308
1.76644632321329,1.66175298096747
1.98188556220995,1.84808364205041
1.66630617213559,1.57384689523002
2.08312965740848,1.93816097995293
2.00542126197823,1.88589263244495
1.64953679714106,1.52627268192011
1.68321466731133,1.5753798522262
1.61701617947631,1.49362453310601
1.80306731334444,1.70260067073793
1.91697693432699,1.80353904968688
1.64915883832436,1.54749321293127
1.84447802684718,1.70431803333529
1.83852916228586,1.70959992302885
1.834113040769,1.70599562427783
1.63388128845673,1.54630974223972
1.90225411768063,1.77895530301891
1.84742490634067,1.73284949276363
2.01623693138917,1.88694586347503
2.08541688866907,1.95421484077675
1.74441259526313,1.64619745912085
1.78387442572483,1.6434184710859
1.82626061745425,1.7099625606981
1.7777036720009,1.67242105778974
1.56958529015751,1.43131979553011
1.65565459953823,1.56818603245523
1.71014859400313,1.59832667963222
1.84770126782435,1.75380575537597
1.82504156341737,1.72178347396059
1.95352672759226,1.83003103745255
1.89720908199252,1.78159966434496
1.51148259512212,1.41385975507861
1.68061982705115,1.56921975489983
1.82467690517633,1.69703955149801
1.69612143515029,1.60637986326501
1.68027986651436,1.57679589315004
1.52926949857219,1.43370749313923
1.84247155380394,1.73033107809459
1.8580643045737,1.74692983310509
1.79285089835802,1.66566154585037
1.55705994554482,1.46630806339236
1.98164024183757,1.85671051101928
1.668076227805,1.53754209086404
1.89648826355984,1.7778552814574
1.71284157472478,1.63255950407096
1.66138326742955,1.54159625978432
1.98691339355297,1.86421200833097
1.31419142918003,1.21745008988125
1.72936671251359,1.64331934148266
1.53282892233765,1.44723494362169
1.62640310022078,1.5084295308562
1.89839709219399,1.77087025687556
1.73834726937472,1.62746114670728
2.07592974351702,1.94714190395804
1.8005528104922,1.69264003993446
1.92468301925839,1.8089298258856
2.07770378960912,1.95817547521778
1.75726038404914,1.63511335379216
2.05438335807321,1.93031643779581
1.5705024328082,1.46189372551093
1.74380146550408,1.6465753456947
1.81122433135864,1.70597186792971
1.58328821157216,1.48842181638518
1.77160168305008,1.68205776799544
1.71066774932741,1.61853265932778
1.76038519241219,1.66096327019521
1.83583020061549,1.70633202835039
1.69151245321365,1.5917770009367
1.72817661828181,1.62576795374022
1.72602037946362,1.63738653772815
1.62470220428486,1.54193318474486
1.95677940181213,1.83505330502876
1.73451154481335,1.6552816870915
2.01007413539703,1.88800528682077
1.63198115687312,1.52626398069633
1.94329015211381,1.81747458687577
1.83646137586864,1.73833833494531
1.56654158963896,1.46090229275597
1.41486271807395,1.30009477378683
1.69473553630056,1.57713104585981
1.94771575009643,1.83893003566853
2.12076574622073,1.98517132187573
1.87694153415795,1.76588823287619
1.81290913611887,1.70459434435782
2.02963791095875,1.90293144431012
1.5068983605475,1.38508131835747
1.94751126557316,1.79894005444311
1.85689376215982,1.72444433838175
2.02789046563241,1.90536970969977
1.90813611604997,1.79680869359546
1.77185940979146,1.67093576436398
1.34338245489504,1.23308729206568
1.58106470000372,1.42765562324066
1.93949982681894,1.82020240901945
1.96152254426827,1.83069294198737
1.85178691395848,1.71982678368896
1.20670780920877,1.11796257439745
1.5186430417159,1.44155006081188
1.86578077494667,1.7614520051706
1.7183637332187,1.60453120007407
1.67579726978811,1.57834857586604
1.68662073142891,1.5924095642488
1.84431356089545,1.73002368208587
2.11162038992166,1.98233538529747
1.77888276558317,1.67507773757351
1.99615749230339,1.8625068758991
1.64417158783345,1.54816780951519
1.97348426100637,1.84704732224624
1.69347510118754,1.58525792012016
1.75159703848732,1.64182365338827
1.88986518553146,1.7666960258772
1.52540418668811,1.43408995616749
1.74973261958052,1.65731132571952
1.65823784028677,1.546310554054
1.95321336487759,1.83834605984073
1.87605729329784,1.76534330665321
2.03396849741367,1.88398897983827
1.36183332181776,1.28307529016511
1.87265017480076,1.77979593151004
1.7571720532685,1.66114936255985
1.79274010434454,1.65419930811526
1.65860255127739,1.56797621637438
1.88946834576211,1.78436836098015
1.49966293099352,1.40034917246164
1.95088208461609,1.83553313499398
1.96291270633659,1.81331707704808
1.77800757893312,1.66306103755983
1.68808974556991,1.60160127740621
1.80185080075233,1.66843881261105
1.52286867679157,1.4283058702068
1.94695484367729,1.83631311055027
1.71559542755971,1.57510344797364
1.69488119246288,1.59099411328618
1.70034500249621,1.60119501940248
2.02285529312639,1.89256076775389
1.47837331023415,1.33990093101066
1.87341438042641,1.7660667953042
1.89604509940852,1.79544631325732
1.95118949713686,1.8301582222655
1.79447880207051,1.67264536438458
1.92344924284767,1.79483644496479
1.74818600815088,1.61660525103332
1.88630466254902,1.75351646033181
1.8720632692698,1.74943304768397
1.76045934908624,1.65454658156943
2.03340216140051,1.87193839975352
1.65743526882304,1.55263458118863
1.70025323263662,1.6189358425069
1.85858294010142,1.74028466410026
1.69019041320674,1.58177633246529
1.59464365108692,1.49000101414382
1.79730994101506,1.67862371948785
1.73153363256144,1.61127653707906
1.83677652194326,1.73646930538023
1.8714432929199,1.73752984834156
1.74408639929224,1.64665263516674
1.91757781341493,1.78087784950322
1.70501898483867,1.60432503012473
1.88450935867312,1.7688959564655
1.85067119694143,1.73286049078777
1.65738850554715,1.57028204360724
1.96441360372393,1.85639615072028
1.70426919570903,1.60759671023393
1.7687896361149,1.66038252905794
1.71637908544775,1.61628005692901
1.83653100481856,1.69165642558469
1.65192779701173,1.58333172635387
1.87074377884585,1.73214732189464
1.98905436202796,1.85328051321137
1.94988331659871,1.82645871992883
1.75330530943493,1.65348633143934
2.00532990034784,1.88334710337178
1.85747180032276,1.74110147330555
1.76479816103496,1.66596685920585
1.59643840734355,1.51325327752713
1.70534129391205,1.60626603215093
1.82179811296642,1.7088564445648
1.67355174468315,1.58646254093168
1.7837634667562,1.69238190608603
2.00712962308339,1.88349072939314
1.89125736659854,1.76423399401376
1.72417007045209,1.6051029122352
1.93931368967318,1.79333013098092
1.49028942627553,1.39669651610121
1.78251989301542,1.66244599652357
1.91199602590182,1.79933645242929
1.7033407699854,1.61037433837111
1.7817162999374,1.68596854169599
1.67320945252563,1.56389308627908
1.86004875644939,1.73255168330581
1.78272954290494,1.68844943788045
1.67277884862661,1.56261507526307
1.69534939371646,1.57588539917576
1.60867290618572,1.50694644401244
1.84740558899202,1.72321473016384
2.01697029601805,1.90628780548662
1.74304257343725,1.62935317234962
1.67851296379719,1.56197433309257
1.69545078225818,1.60273694684298
1.67890277846849,1.5867122716112
1.63540109199973,1.47338736639606
1.75543950992298,1.6391366941046
1.81098350115617,1.6804418592919
1.88925130722478,1.79579070394232
1.60177018754394,1.49285646785085
1.77890768614472,1.65836619961369
1.71317790266227,1.57456593068351
1.5436078866748,1.4358293241785
1.93423299156254,1.82471298781808
1.84198875170489,1.71963956985961
1.74370485148996,1.63479124709718
1.70577670325945,1.62100449832178
1.69000388700492,1.59928347141886
1.62098952408884,1.51983032061559
1.73204201153936,1.62887769791897
1.89327382779534,1.78474886526905
1.81068117851316,1.67672059084244
1.798024925025,1.68671911796641
1.80459713408856,1.71124229985154
1.63963067532737,1.54471767714781
1.91293701371933,1.7882289262242
1.82356046654346,1.69622637883984
1.8410644784066,1.7256753899101
1.88728762099532,1.74897123201164
1.67554761048459,1.56607848335718
1.75325519705725,1.67537876168891
2.04778664997181,1.92062887374912
1.90163733527612,1.77921915989681
1.92835015918675,1.80588654192432
1.79540557796335,1.70852145690326
1.84624977915844,1.74911525386454
1.36004352574722,1.25338635413902
1.66127183742618,1.57050452214322
1.85404959553353,1.73316265917201
1.86895424313077,1.75557353014896
2.02128882263692,1.8805454050109
1.73279632898573,1.63900946864706
1.79170381476569,1.69314317638945
2.02347901615288,1.87961545470429
1.83554978037017,1.71670282922818
1.6537093937379,1.53245292882659
1.66656626712482,1.56464625844115
1.45124511855833,1.34679767624418
1.64727679055073,1.55760552907919
1.569991812383,1.4709775098853
1.99219754794458,1.88094197643088
1.67050589336165,1.60108686888866
1.63090797331534,1.53100091003081
1.67174099293207,1.53584355733833
1.88210176824221,1.75170712232255
1.47801265013067,1.38494256755327
1.82090720351183,1.72883919368736
1.71160034655727,1.60148679112258
1.78419469071101,1.67388202664744
1.63713168056906,1.5531069335004
1.93129886604607,1.80277121920703
1.72807330197581,1.61521841432475
1.45936448346781,1.3540075772095
2.02917837622973,1.90956046131072
1.93385202952439,1.80601445069787
1.71117116678046,1.60896254609653
1.83024680208565,1.72007795294108
2.06586907481012,1.94949142292221
1.62971367974968,1.52997156386798
1.57220602487436,1.49739153103109
1.93566960372785,1.80971431637262
1.77393994883609,1.68057718632679
1.96491166070554,1.85169161480587
1.98464902544647,1.85484751134027
1.73049750260151,1.6246337430341
1.86981081132619,1.77515802860614
1.86981435229615,1.74748754789878
1.67030971674868,1.53855946306158
1.81973982215446,1.7113248747375
1.743074086686,1.62781620241065
1.95732722697172,1.82542001529367
1.84499057530574,1.7202758503729
1.857923601772,1.71056150817942
1.90399351756242,1.75365668177797
1.75837104051127,1.6320536938151
1.91821295855901,1.78639388718649
1.51115751492241,1.43086877294344
1.8790961008194,1.77751419153047
1.78543960043543,1.68696140272635
1.71861082569123,1.60957803465125
1.98438222102246,1.84935560088634
1.71800977532196,1.61138302478556
1.90510697703172,1.77070845663488
1.80017933866122,1.67456469659461
1.597631963138,1.49864244591419
1.62718212408525,1.52390013069703
1.61865165048831,1.49032706441643
1.69291348599166,1.574740378084
1.58004552537674,1.4844949670375
1.87237176855099,1.76219890446752
1.69874177566547,1.60443214095467
2.06849787555075,1.91623257594972
1.85786377444456,1.73557248784331
1.80871846250062,1.66873630657909
1.57780719126954,1.46387796787652
1.72068232742231,1.61820651761715
1.91279511115196,1.78871121009051
1.71838590133813,1.62207967051009
1.866920244535,1.74764169502245
2.06769416814272,1.92955875452601
1.97247048909084,1.85179790493403
1.94078295463021,1.81704998965086
1.92635587700511,1.80884715542453
1.92386083786966,1.81924140689366
1.71714155369573,1.60238072291468
2.09676506998194,1.97531103772228
1.83537862881649,1.74081418971871
1.73755121648544,1.60816483468672
1.85124973312409,1.73775865914819
1.87164789343509,1.73289701602882
1.91268328583414,1.7962227716531
1.81823563607282,1.68263902798303
1.79479330122414,1.6719462511103
1.90629460431861,1.80805305064586
1.8175972189676,1.72394277544474
1.94788399974675,1.80723971732618
1.93017717330961,1.82345817498053
1.96021484180626,1.84733534356842
1.78823346675804,1.68097383612945
1.88338495887175,1.7464439090787
1.5691304522125,1.46808354245446
1.48599743020996,1.38846062899531
1.78037355421297,1.68952203807569
1.654443785446,1.56077838364036
1.64200101295822,1.51986198116807
1.70994322955222,1.62483179735325
1.71738329496333,1.62546491667921
1.95381141863211,1.84215772115369
1.77886223490042,1.68516551195183
1.87020838240903,1.76792478226194
1.83197467343404,1.73288139049438
1.75858566997375,1.66130122338981
1.92174393070936,1.77970280065558
2.05862027649594,1.92386768633075
1.63264079689681,1.53099291667381
1.70615403478979,1.59384944350154
1.69144356880026,1.58745655345913
1.55266287055554,1.47128827924137
1.84471619512388,1.76079000069252
1.62017609123321,1.51933399220328
1.66319381648185,1.58143202775367
1.83230621292333,1.72192079325883
1.65691585819816,1.50588118970212
1.9771347076254,1.8460344215669
1.87858995583122,1.75636520223976
2.04004227539726,1.90771495652031
1.77302408481755,1.65887673097649
1.76366898155392,1.64675831444225
2.08558929341347,1.94539185495981
1.70451552547745,1.59491107793614
1.71144238194041,1.60286540101966
1.67256349186045,1.58442060100814
1.81994514484716,1.7063728485193
1.8233627347726,1.68964607038711
1.87407940935367,1.77661071783508
1.97298500629608,1.87530142913647
1.75925932620799,1.6457315111657
1.71776001656519,1.61180718902888
1.64555159443193,1.5445141673937
1.81898542422025,1.69707632779515
1.95204041023173,1.82538726065506
1.69913383388414,1.60549267807521
1.570009966484,1.49136374197433
1.89016388716934,1.7808574397573
1.66102434685169,1.56540926845806
1.66330562785851,1.58393311858834
1.85440965883735,1.74659699972236
1.9207829282285,1.81233529766514
1.92667902236424,1.79702652799315
1.69944838425229,1.61854107144104
1.69783024840641,1.55982271846605
1.89250670181335,1.75484037268092
1.44980287888943,1.35507842275794
1.59115389609155,1.48231904422078
1.67052837304609,1.59104538300411
1.86919535574712,1.75845565800573
1.73465033338285,1.63107876342803
1.41988837039415,1.2804944435273
1.66473954351658,1.5565049561804
1.8999706273928,1.77151136241016
1.99383457554514,1.87865397716584
1.78054823566519,1.67221850701941
1.77167287005264,1.64669310131783
1.54834664038873,1.47296596803066
1.91865591668814,1.78835520692973
1.73355473004313,1.63280607658652
1.53612364647798,1.43668173224804
1.70687944631127,1.61231648470271
1.86836028666148,1.76527881624869
1.75926350589149,1.66460228353278
1.73685144367787,1.62916362645328
1.57728236954507,1.48864180793592
1.87701868283064,1.75145275753456
1.7716662562742,1.6663630611983
1.66275641181662,1.56852011114723
1.7251048076979,1.62301756075609
1.79533912444387,1.6860131636528
1.67807033825687,1.59408522190015
1.72454331982508,1.62356285189385
1.93570889685985,1.83076395939241
1.98501278212498,1.87732017551375
1.69403937885593,1.60800177820175
1.6887029809923,1.56778097974573
1.85638732781188,1.74313023513535
2.11704901687396,1.98341869872109
1.8540217122725,1.72606914783778
1.86979859720223,1.74650383602726
1.47861610408358,1.36781015079104
1.62443445218172,1.52933303934577
1.89238068627022,1.77079325341129
1.64740621162648,1.55558572087348
1.6122186913377,1.48800022206369
2.01110257715189,1.89558215178936
1.70049174885021,1.56238476418123
1.83293316381935,1.69708488055421
1.91721015896069,1.79534911685036
1.95026884594716,1.83274590732176
1.59249906333046,1.4909456195235
1.66523216433639,1.54911131529493
1.72315800263634,1.61920897756905
1.65478489540947,1.55383229320479
1.78576116656499,1.67010738037448
1.56165046651978,1.46962639472861
1.51005254291511,1.38993525833888
1.91498063886186,1.78631297007119
2.10701513883133,1.98789935706505
1.6253851115989,1.52014091202338
1.88830560222984,1.74692185026836
1.77238086673256,1.65760451488902
2.03212271116435,1.87715052090519
1.88949783672184,1.77282599842128
1.83895191043778,1.72223544851381
1.6044175025826,1.50803521473188
1.63828402210157,1.53428335897109
1.60773842578341,1.49334573642228
1.79815421731702,1.70343352097615
1.70836441069707,1.58512114362134
1.74654247162886,1.61836636391265
1.79373001539973,1.70299802068171
1.84876773415556,1.76922329082707
1.33069600767191,1.22135803662399
1.63248223471637,1.52991441102427
1.90490085359329,1.79545202758071
1.99077108316041,1.85802705366067
1.71221111038756,1.61293709264467
1.78082679376182,1.68099569191395
1.60954956751517,1.49792521377459
1.64344341986468,1.50534307861436
1.87639367759761,1.7623324534317
1.75545304484102,1.6451015153866
1.70981870184227,1.59242687333766
1.80169656047986,1.69232813091165
1.78595523192455,1.64661053774817
1.89360363904483,1.76501359306838
1.67908698952689,1.58938886579418
1.71485207511256,1.61939078692938
1.74741664140577,1.64563606998893
1.39092890657391,1.30835848820375
1.93279507966476,1.8258600263707
2.01362024947512,1.89224459795158
1.95798058634099,1.84573479509235
1.81306821305648,1.70144520624774
1.8869764544768,1.75307174620093
1.90680606944971,1.7695678399392
2.06202140731514,1.90908966017687
1.84372198118847,1.74340721180386
2.00534742979989,1.88184673846712
1.75682571126458,1.64648246642733
1.7755701357225,1.63070140662058
1.50052828532798,1.39592914768976
1.59972086090355,1.48575961840041
1.44154899003297,1.36366391052538
1.7235868452776,1.62082277243667
1.84599121664691,1.7259923208432
1.90005876985512,1.78791614457311
1.68533515234174,1.56920063051446
1.97759092616382,1.85103911200654
1.81232896761806,1.67766788817194
1.57273832026466,1.4731926525297
1.65597856860655,1.54579317547027
1.66883682867497,1.56546471105639
1.60073820451802,1.45721066008424
1.79373227903231,1.70450944527362
2.0550587491271,1.94126679436561
1.71935881736299,1.64546353133173
1.88254518031706,1.75669636709177
1.78058431731023,1.65138286137956
1.76868619051823,1.66990859498757
1.80594732909028,1.69870284784698
1.96688479524672,1.85212886443325
1.7864747491441,1.67372669520745
1.57629835378898,1.49508228285425
1.68464582578363,1.58353702171659
1.95128345432352,1.82707243790461
1.83273876809549,1.71487640139221
1.57995867428908,1.45664335670234
1.59894657780088,1.51533380894079
1.79018178130386,1.6623771132574
1.77059404870711,1.67222026541288
1.64936433535836,1.55167015453354
1.78325544569343,1.65148118053018
1.99234993291633,1.86745498066038
1.81587577685306,1.71994976557961
1.92066473363667,1.78908946328155
1.76172974431932,1.62678092382138
1.74398431587854,1.62977760789234
1.84207020878067,1.74960311627574
1.73736221782591,1.62770460296121
1.90018548181961,1.78044165600068
1.85627042409837,1.75046864860873
1.59274400080259,1.4972182945157
1.48123139436307,1.37570087913328
1.8636997285998,1.76797492248102
1.71278685769897,1.5950000172624
1.80180407212694,1.70232539173972
1.76907626477229,1.64550915634434
1.89647393972888,1.79946271437946
1.81789032059082,1.70814953035783
1.70570889304021,1.6049100001263
1.72514934917544,1.62467721912377
2.00522757785798,1.88111199157972
1.82409082363238,1.69364656005985
1.71275350589119,1.63353577103974
1.95372103570932,1.81078092432067
1.72279106700773,1.64073136921015
1.89541358550749,1.78091124721016
1.84427513861116,1.72277743843659
1.77730395005494,1.65659428907134
2.07843479604841,1.94572860967207
1.73730337620273,1.64386971243629
1.80279145325866,1.7093856726436
1.66236190772114,1.58938297437403
1.78316146913238,1.69885315157215
1.9327110906915,1.81357689736529
1.55148358434733,1.4604790630138
1.69575602579719,1.58340984143158
1.87863667033552,1.76879479024386
1.5736644771172,1.466677205166
1.92359311030429,1.8074109266204
1.79396166523638,1.67070304830478
1.40761906896128,1.30979032448814
1.93748832408845,1.82731649560939
1.80139452417007,1.70157016482571
2.01105649824096,1.86189991089398
1.98777876939267,1.87860633012934
1.73116556450212,1.63110750074968
1.73253365030945,1.62987142305633
1.83310905663105,1.68127497722896
1.98202298716051,1.87211222969506
1.88217579573037,1.78376990485407
1.88014639937667,1.78169253149602
1.89977146332318,1.78327041356887
1.49381175562891,1.36194546394338
1.74701181646239,1.65187304798607
1.73158648128014,1.64396774642368
1.73753562734039,1.64814336878564
1.52083346740039,1.40030192097707
1.66233651575549,1.55808159293159
1.87948779338674,1.75937156798183
1.76050385192891,1.63604799136362
1.85807169900807,1.73228811180661
1.87003982535991,1.70984758689287
1.65212003503795,1.55226724860504
1.63338436879133,1.53503491452913
1.71683956528987,1.56485640731467
1.78569751282448,1.69970976177406
1.99368894729047,1.86792827981553
1.70012417356264,1.6048542081416
1.82019444560309,1.72106525356515
1.67584064087715,1.5673649143872
1.7586200363542,1.63510900843718
1.81291647619974,1.66287354096029
1.96988794979303,1.85348674774281
1.86903365148893,1.74837874546169
1.74847958054435,1.65729959943114
1.44392838398522,1.29126052088347
1.81719571352206,1.68667768916533
1.91324074978899,1.79339332478156
1.68002392032572,1.59159200221623
1.38629300320992,1.29943769944907
1.64676016360094,1.54392586789791
1.80387337666998,1.70672564816109
1.9496308129838,1.81329846867968
1.95733462453412,1.83405915578616
2.02570539159606,1.91121073598201
1.96383717944988,1.83809705993052
1.8892813972173,1.77716894478681
2.01354459514437,1.86821206155562
1.81391338703671,1.72065092901448
1.87467327668216,1.77668213539338
1.57433499568864,1.48181046303757
2.04003407975528,1.92535077490472
2.08470181728269,1.9574501280512
1.88094352638044,1.78074131901342
1.85290902832868,1.75083677925524
1.89101490685353,1.77314480266137
1.55447594327992,1.44731576607902
1.61900908188727,1.54058892567188
1.98516563689681,1.85413512320811
1.70321325587865,1.61368247938834
1.8133105497939,1.67510000020193
1.83917310201971,1.72657384499153
1.94807364829282,1.84525850369316
1.68898970448149,1.61610827332445
1.81804227541066,1.70562936991116
1.66764466155944,1.53551338555487
1.61369714385708,1.53817240575602
1.71311810979682,1.58549959400842
1.98903761458837,1.86968476168816
1.81038018422103,1.69812054366058
1.88271712146784,1.77535529227164
1.60224632854646,1.49528085429227
1.8522775867909,1.7453448293929
1.79921148184268,1.69266915749021
1.98946300478866,1.84620536909878
1.80406766174122,1.707339693721
2.05685210261722,1.93117413491028
2.18657345394575,2.04333526271418
1.68153314695719,1.59314120301168
1.70319932931886,1.6143479737307
1.95796936413167,1.82075392407197
1.73262229714969,1.64453308759969
1.6240502452583,1.52945255726624
1.57912695389872,1.44845383791435
1.69497536964021,1.59353213923366
1.60601839400922,1.5013249827404
1.87426836409387,1.76608524427354
1.85189388749945,1.75007597735231
2.02853799595169,1.89517143955553
1.77805191623767,1.65436665615377
1.53007125697155,1.39103199980371
1.90191637395257,1.78783218648866
1.76084590325592,1.67528569378421
1.69289804836705,1.58831271100141
1.73316136438551,1.60848356183677
1.89110124782918,1.73948814057081
1.71634739130514,1.61745761218398
1.9229488722003,1.78275955877478
1.93585914456262,1.8134201598818
2.16644590502155,2.03992245646549
1.81718702844266,1.70275796021328
1.85359037158318,1.74242210962669
1.55863553769194,1.45999243626591
1.76284453578913,1.67509836419873
1.80209658562441,1.69676795267503
1.62854923673106,1.51753207940479
1.79578250233312,1.69348220818144
1.87478834224377,1.76136931956362
2.09775247570232,1.97047587643189
1.96445489609876,1.84128801735365
1.69033874211031,1.59725861215854
1.84802709090483,1.70405622829533
1.89104967636766,1.78286674253866
1.86412293306509,1.75929423222295
1.89233610831157,1.76148402952106
1.946884211842,1.83954735905004
1.84118255443501,1.71516642177647
1.91293473063775,1.79763104950872
1.76137847122477,1.67372831196059
1.94047210774212,1.8152173181387
1.65611724143391,1.55065918158317
1.60250290814854,1.52919922715473
1.88586403213906,1.74984226343411
1.74530914179567,1.6414403819306
1.72663939882734,1.61803571371835
1.55617548956997,1.46831962731832
1.84119155436185,1.72505609275486
1.80591166216497,1.66106747608366
1.93797407604931,1.79263246200104
1.86092716412577,1.73402680491873
1.87088612140639,1.73476832667968
1.73927290290388,1.64412202338996
1.94162172629207,1.80695140088765
1.92023333305872,1.79774291964054
1.91204319018576,1.7974541228532
1.63531308969331,1.52692122959986
1.9144356556267,1.79707717069948
1.75777516898626,1.64382053288063
2.00656625020229,1.89996215040407
1.84783501534512,1.73550776332632
1.77684747013957,1.65121885774507
1.92777917967442,1.80781297945153
1.88924878698103,1.79000333445884
1.65760937268755,1.55392017161404
1.66428314811105,1.55317960875836
1.53905648695555,1.46106228889425
1.75684401605013,1.6734608751021
1.91024143389194,1.79058693170169
1.62824628686368,1.5279248256913
1.59087069979528,1.49190403652274
1.77253514098346,1.65937234904021
1.80306529403552,1.65447050153493
1.73373924692774,1.62851678015593
2.0610123435495,1.94188160579767
1.76463314714122,1.67603885541565
1.72680176623357,1.63312992312362
1.8031781070848,1.6672657000907
1.69580602180753,1.61246104853727
1.62886824266201,1.53349438210734
1.61239646154608,1.4898413583241
1.92989874845686,1.81413882207024
1.88080987425605,1.76729284626876
1.51183345347585,1.40642703564848
1.68952484748208,1.56710117815818
1.98331741214613,1.85610344234188
1.75587557975321,1.63379792731419
1.70342801006397,1.60118243247526
1.82999580341371,1.73801882563887
1.81303330363728,1.72413678240924
1.66478842569836,1.53116583970243
1.84608501785637,1.74039218444158
2.00873893699833,1.89126480220651
1.96545914532328,1.8267268723809
1.72086599819427,1.62684800247552
1.66510682484187,1.58143313693527
1.8626246242205,1.72853603386351
1.76984946489984,1.65186075659988
1.49842185633517,1.41591251434377
1.72460948679182,1.59645644947783
1.66550356255834,1.56058293178513
1.99964984143472,1.88020410944066
1.55696597654469,1.45832706525125
1.85306982286424,1.73044785749796
1.93239573195025,1.80672648460741
1.8239294054982,1.73903484431719
1.52424247518698,1.40181697050252
1.86831447341159,1.72668750956986
1.78134827313763,1.67801107955522
1.5864173203965,1.50870095919684
1.71820490017225,1.62906926696449
1.97337952153098,1.85633074540821
1.68632631978364,1.55946557094894
2.03714998347548,1.89400539563544
1.68801012633588,1.60106688618725
1.96909583345661,1.85021701491661
1.70523830562031,1.61089360692187
1.71838762894548,1.62952219357361
1.7604463212713,1.62313842993405
1.95875621081923,1.80794300785343
1.9056689775117,1.79493698879662
1.82471376378236,1.73109274751745
1.81906249289453,1.69413886298961
1.80599509375479,1.67878093431367
2.0547407709696,1.90331728607136
1.59684611504317,1.50275824055545
1.67083151088595,1.60458094965962
1.70294284493839,1.58289731268259
1.6990873589333,1.61561367714963
1.93258261773663,1.81158249057058
1.74203586960703,1.62034911798169
1.83106966546235,1.7157588754589
1.786756338373,1.66964555017931
1.73772802234979,1.65291049767354
1.75626786833644,1.64884728361134
1.86482119977911,1.76525094228696
1.81982715302139,1.71781644723336
1.31577901815346,1.20900750750312
1.58785049809743,1.50293662989936
1.78186829050722,1.61095652872708
1.67581202999322,1.56693716241347
1.99516473813374,1.87516899746739
1.79137102924485,1.69032382936929
1.92139920910227,1.80749339976231
1.91447155837134,1.80976313268489
1.59074789916498,1.46256139643852
1.8406500780177,1.73327515034442
1.86015003726788,1.73251758117956
1.63965558773983,1.54499423639454
1.55898442994874,1.4625019713304
1.67157367223691,1.57833094604763
2.06113070676655,1.94612076611745
1.68038315621099,1.56554658341009
1.95574381761908,1.82937946484612
1.65340851139914,1.57577473529058
1.67739731629169,1.55482186426345
1.63659245251648,1.53417186455595
1.60878975494952,1.5082292865111
1.62378174927666,1.51393421156284
1.86012635910874,1.74258732581297
1.74827485484341,1.62569231538527
1.90801801032883,1.79552711947421
1.50558386466834,1.37072832811922
1.74610674295527,1.64242648548377
2.13308507234605,2.01062072552031
1.68696512343114,1.60155234954864
1.86473684539427,1.73219326795029
1.7927651310903,1.67442942457802
1.97166400029535,1.85503604535789
1.89612235297745,1.76532416792709
1.81454803216767,1.6837557672524
1.86464088621788,1.76228971496886
1.5470037593394,1.46343328491889
1.76700618166343,1.65050928078763
1.93475836863324,1.82523921250789
1.63181888395877,1.48774968221479
1.56987087870226,1.48036522435732
1.85993826286746,1.75346070278199
1.61228985133897,1.5014289030175
1.52483342714428,1.41962327099418
1.63124335057679,1.53475820576446
1.59160228648383,1.51746142207877
1.82976368081999,1.72061459818224
2.00416078145307,1.8758942720208
1.8109814042443,1.72762559890873
1.84773749216877,1.7549914572659
2.09442443603375,1.95930484253866
1.87578654930065,1.76516780751422
1.80119990017859,1.70837250160908
1.65872950713649,1.57420810221387
1.97802056568242,1.87304310738201
1.6096984129187,1.52278921078502
1.81982299791731,1.71251088314791
1.70894476003807,1.5774113781192
1.68897774034249,1.58374958259128
1.89953893586259,1.78629505448229
1.85133577003323,1.73591878532244
2.09670584888342,1.9612438876313
1.78113465156769,1.64174665392778
1.96296586072073,1.82552189153166
1.90807556083785,1.78393551284429
1.58343012379261,1.49086038823628
1.42746110349414,1.35932175590689
1.81260765146918,1.71557353620669
1.74824618928642,1.66281188904442
1.77838418588301,1.6933069965931
2.09361285640311,1.95606887955877
2.02832939419203,1.90990221414084
1.80569631554772,1.68857010359746
1.62094514382764,1.5199948423988
1.18809936053937,1.09227230044815
1.89039476456937,1.77849702743124
1.88753764121933,1.78433607527886
1.75006784887915,1.63099471875562
1.75808862062935,1.63228949841558
1.50891913335525,1.42713485676185
1.87358917979409,1.78467099831712
1.69576617306476,1.59962563876167
1.89501821108834,1.78303899258524
1.68839931768973,1.56700757867953
1.65415285411539,1.54162416394435
1.54849403395933,1.47512946822004
1.69829427825796,1.5978026190514
1.73567566006511,1.63059464414326
1.57127495255987,1.47109409517948
1.5408514763103,1.43430998832167
1.91258345083298,1.80144568840837
2.0409031941219,1.91871059781811
1.68369571511234,1.54528877747366
1.75757180344023,1.6424770330529
2.06188369548112,1.93321557497033
2.02353127251317,1.88237622556641
1.8046035196053,1.67554919895663
1.8058364878537,1.70707258315812
1.74431928936511,1.64666944302687
1.91470608791858,1.7887303467725
1.75109787150459,1.6676878005054
1.8939402242679,1.76310992555731
1.96898406177161,1.83660053357278
1.83194845515598,1.70407726674457
1.8262169516806,1.69702971781747
1.82091302604678,1.72998301116
1.70728151234482,1.58678899613809
1.7545563209563,1.63549351489286
1.77211513593407,1.67165285388626
1.93703517895278,1.8172901244821
1.50242123166975,1.39275077810477
1.93550812443101,1.79352817047036
1.67198160410673,1.55184956591926
1.69212853232988,1.57984198775852
1.45775167688118,1.38309963369398
1.83677552121897,1.70477598200168
1.64714273675694,1.53589584431965
1.88539292357077,1.76846833697502
1.6512795327489,1.55755108939104
1.87808441034707,1.7438127929889
2.12402878387208,2.00029013952117
1.84265698341649,1.73010307400837
1.94848515980118,1.84630130835967
1.45921289583581,1.34035089169298
1.97030452049503,1.83301550301427
1.7358250684529,1.61048083709031
1.76231004597655,1.65824426604226
1.58469004302985,1.46857829454909
1.89325765355539,1.75603249402809
1.74967215253891,1.64277615599482
1.66638119405889,1.55739545896761
1.75072436453851,1.63736435146773
1.7040289470648,1.57133526499394
1.8810751482069,1.75958261476699
1.81345446969286,1.70992028735191
1.96921335853417,1.86524947713872
1.66859044959702,1.57893701930978
1.70639134499469,1.61823067076297
1.8749038041848,1.74803130870175
1.91531517938292,1.79262203503601
1.791407858943,1.67595320490745
1.75292325911421,1.62411642989495
1.75977147171017,1.62966099909934
1.96836050454447,1.83505722068681
1.7715686714811,1.68035963766416
1.95469229688562,1.83505052547143
1.8321196835465,1.74005904740679
1.76062966907535,1.67344432671491
1.60419525343872,1.46640785755653
1.86845149027433,1.74544182061074
1.73463191893354,1.6150230034505
1.94500130020767,1.81681096658657
1.92908631507213,1.79667193339437
1.68086033062935,1.56915616182903
1.9381250416234,1.80275278119628
1.93786125387352,1.82359038946247
1.84026923523236,1.72200810159539
1.93295342294614,1.79116989567212
1.69882345494546,1.59742823003673
1.66383210827893,1.58613543135748
1.89914210994305,1.7903014678028
2.05368197045889,1.92619212758798
1.74537096382531,1.64414202404691
1.78903743659381,1.68657240706923
1.84224742747649,1.70119613234663
1.90601129556887,1.77793445523367
1.59233536544588,1.52042451104337
2.07024203206737,1.9389028427687
1.8900154944329,1.77759273581876
1.98811209866959,1.85347970752918
1.93570615761372,1.81738097940787
1.83790601463135,1.74947699147899
1.73547909367277,1.57573951546202
1.85816347370841,1.74340044256155
1.93385338039669,1.79661435587916
1.51591727216873,1.41922230053076
1.67942249379381,1.58944551906685
1.76656481229817,1.6560669459169
1.74751318224844,1.65045873571322
1.62582492263193,1.52355305574521
1.91549873201104,1.78074877988442
1.75945349500467,1.65307810484432
1.62269143198483,1.49077191783357
1.78358634204556,1.65658015313187
1.62696307940734,1.51148157191389
1.89144310872218,1.7606478892778
1.5893948575047,1.49971669291981
1.66948265179354,1.57870131522721
1.67679665099698,1.57180355027289
1.8421753298063,1.72283179756779
1.9163104704224,1.82385379426147
1.83156564972863,1.69851394350148
1.88275575789676,1.76317940009309
1.80299624394882,1.6874166573666
1.82397890138726,1.72513740128147
1.9036176782083,1.80007106617904
1.6918388942136,1.60696358869675
1.70520481067113,1.61177730935134
1.92767508826544,1.79750698801658
1.69369037342297,1.60389459151218
1.62676328466185,1.51845418039444
1.71215826765547,1.59939836812434
1.35077973373031,1.24321425121175
1.80384818966438,1.67190145720539
1.56959562107653,1.48875277539846
1.99348924689135,1.88103779195449
1.52001430690076,1.44548431508956
1.88298300579499,1.76297455770007
1.73799349373961,1.64128760283063
1.7201889880184,1.63278404930742
2.0798810209569,1.93538290643227
1.65650254702601,1.54642554612731
2.08043181921829,1.95078173612712
1.5566216625796,1.45557372897972
1.71339540832607,1.60898888245897
1.84164476593367,1.73395268551961
1.71034867345333,1.6140568936521
1.7451334627119,1.61741132718976
1.93923130259949,1.83531952070642
2.09764287459542,1.95978775542309
1.85970242487405,1.76401300756945
1.92895828080191,1.8135243053608
1.86119627692926,1.74815087680113
1.85182607597871,1.75528046214701
1.89625285595061,1.7733014102175
1.67750464077973,1.58527667194375
1.64426360108585,1.53907156950921
1.90470735432907,1.77552281400842
1.6580701766985,1.56403560843198
1.80580797502102,1.6975171296476
1.98461085702586,1.85937030639268
1.73392098989822,1.60004675384417
1.78147665694542,1.66007879126315
2.01922833693111,1.88654795063163
1.84613499541156,1.71661670453939
1.62395128597002,1.53304907879932
1.32695171816307,1.20360230841006
1.67064738223467,1.57089287455425
1.69796035509291,1.57670240989227
1.78527088099021,1.6655265586837
1.58619657333496,1.49805675388186
1.67081706809502,1.54405557850221
1.71579477986022,1.6213284142981
1.82670776053856,1.73348814666256
2.02597827348514,1.91736615869784
1.93850747469516,1.82105638680864
1.60143110932322,1.50592595130812
2.15149231841879,2.02917727104019
1.7746477713386,1.67235727070354
1.76263788138547,1.62057700873869
1.6121640542659,1.48945934799596
1.53792464240704,1.4446718306041
1.6442752089756,1.5538361023969
1.96614655944606,1.82964198721053
1.74684659091103,1.6535947254523
1.84088901746914,1.72191847470467
1.75547253148008,1.65780523104847
1.7857367571595,1.66314337314224
1.75734917076963,1.65809984417509
1.6292567810925,1.53446341074228
1.71497634195744,1.61504646493089
1.63493711490305,1.5283145414121
1.90069233763835,1.77911966293718
1.5080745311066,1.39921107709559
1.71567895652208,1.58709998356421
1.61505194264129,1.52179763575546
1.62705984832547,1.52322350811189
2.04282930603559,1.89921699083096
1.7581344813837,1.6750844766074
2.03564199911477,1.91569870458388
1.96596083929736,1.82283881972371
1.84167733483647,1.71977738238863
2.09923453154526,1.975038962156
1.82556628085195,1.70189491655978
1.85540979174615,1.73321743248117
2.14910904350475,2.01810734584406
1.81497123045307,1.72442017106298
1.67352871340502,1.56422732320842
1.7095440832575,1.60700757461146
1.57321296273826,1.49481085091858
1.98007274049159,1.86031767443642
1.92555561757658,1.8080994808288
1.70109795871277,1.58743575026112
1.25325970521667,1.1548329016319
1.52925642001047,1.44817788447516
1.79667199390395,1.69552897453457
1.56705076132318,1.48433279663897
1.69626624823895,1.60970206940125
1.70354959327577,1.5757698151199
1.74990971047795,1.63169006038734
1.86968559666581,1.73773009795358
1.67212592320369,1.55069087324272
1.73541505160717,1.59850478137972
1.76466673138871,1.66170863304659
1.98260582766189,1.86242370832075
1.67168130202805,1.5725144622864
1.88895419527005,1.76448663732846
1.77380944147985,1.6647506549549
1.74326895539764,1.65343861011652
1.86335928222295,1.76169604062735
1.64083873373457,1.54452508301299
1.67455191531895,1.59560786526751
1.58017243099687,1.49255435410898
2.11037363874766,1.98226978540206
1.82617510186842,1.70421135593409
1.72957234488504,1.62862699580473
1.51534447491545,1.41134422850088
1.77315297748955,1.65698084629478
1.82968117310835,1.71466894375921
1.62978605871417,1.50688513304686
1.85362051721899,1.73600696342859
1.66837906331436,1.58743407411133
1.81565099108983,1.71230082686695
1.74256089950378,1.60435894540425
1.84012816345501,1.7355954448938
1.94269149521948,1.80949975508941
1.64597867521556,1.53924617112685
1.54928954042238,1.45826888008285
1.75137279882472,1.66606037214512
2.0433620921683,1.92522829379224
1.82113346745497,1.70396533452216
1.86421379605846,1.75308258632774
1.92312766878748,1.81470359824778
1.6800784560297,1.56986521866852
1.71366356688012,1.60547926370139
1.81972648055243,1.71483644124602
2.06476530767085,1.94314926621482
1.7308225604546,1.61211750640424
1.79959440481461,1.69547797771464
1.70097036486648,1.56848643899557
1.75599310135068,1.66263652883352
1.96574027379795,1.85705853268668
1.86526268320979,1.75035534604547
1.75920285712119,1.66091763011934
1.94905089740181,1.83080869995784
1.73772733955229,1.63072433933881
1.68771947137256,1.57833611684394
1.79527282825709,1.66376288726455
1.79303831635682,1.68278493852429
1.72768497535076,1.63752314860951
1.58299082359851,1.50074681289657
1.99056718588574,1.87537047549287
1.93007319429138,1.78868678745857
1.98116941135418,1.85143964883849
1.96301479998743,1.83046871066976
1.61863426496317,1.51757235544673
2.02493284126971,1.91123183347279
1.68229694098843,1.53849291734986
1.7437275891058,1.63153741013862
1.61204878270595,1.49946598463059
1.70698823807455,1.59440929070515
1.81023126480574,1.70276857344295
1.94965936656067,1.80240136560678
1.93515516618423,1.81731472819996
1.81020622315108,1.71832289419782
1.7569117256663,1.64260333408102
1.94337052552444,1.79129707615705
1.5626785544901,1.46336480324354
1.94339997752502,1.78929586482179
1.79140505573378,1.66545108952069
1.72389403599112,1.6135936668388
1.73997902256336,1.62012935647413
1.70862513803103,1.58667947671404
1.84305724945496,1.73353756440909
1.78622827066647,1.66790079483752
1.54290719052094,1.45199636129072
1.6461695243464,1.55853582747518
1.94353218565985,1.81989667398592
1.61590122335588,1.51274023142326
1.71206487133285,1.62106823667794
1.75485790663966,1.65962488951579
1.8312815962857,1.7166864278931
1.77857401140507,1.67985044965922
2.06080962338303,1.92036577091561
1.65618295559813,1.5684104387264
1.73243947870578,1.62647049512018
1.82218595652147,1.7076853480033
1.53077016788787,1.41867300951945
1.96910150645728,1.86259924410926
1.9316021417064,1.80656323309554
1.64783427535291,1.55329792924826
1.88730630415937,1.7756840267679
1.69643532413514,1.59348208875098
1.92861287263846,1.77138604683615
1.65846679548795,1.54349772064198
1.73514309043103,1.63660031502639
1.97083068604315,1.84597864835003
1.89652236414238,1.79939583884915
1.91437109130943,1.76303806438117
1.7474636661438,1.64789551591107
1.73284961398225,1.62868067200672
1.85708888740599,1.72896095849392
1.74559483941509,1.64005511982661
1.50253861538977,1.41586116506099
1.76514690895654,1.64367770995648
1.7066262420981,1.62935009161858
1.81376260514852,1.71339570432005
1.8766036271402,1.76176156420514
1.49680072888482,1.41156796325014
1.56734440962015,1.48487783207373
1.82618333391578,1.72787178327639
1.98832299859717,1.85971073082724
1.51657889460247,1.40510490559515
1.77775897170811,1.62793166062825
1.69706468795569,1.59427596841218
1.93882977977856,1.7919703819624
1.76187876205369,1.6518764439437
1.66501912195341,1.58819505283517
1.79142235831745,1.68034574206232
1.72336379987114,1.64950241712232
1.98213614344513,1.85571008196179
1.92674746218773,1.77383225235067
1.80910286898113,1.70480400930084
1.59910375942632,1.4756556067562
1.53559017434172,1.42366236284831
1.88826191221219,1.77392422242307
1.75345712773349,1.59876457280547
1.60561779849266,1.50219759061417
1.89371285705914,1.76287645422547
1.68891541102786,1.58000957700377
1.96770270242781,1.82866955592725
1.5760951827816,1.48480999398443
1.72057517751412,1.61221462317077
1.70982664457632,1.62894900119711
1.91854489520302,1.78804238516861
1.68630262074673,1.59842899161987
1.70658922428445,1.61603157425499
1.80763620044699,1.68636722365354
1.76823805038011,1.6617853057577
1.72088373973431,1.60032045002434
1.81087676565575,1.67450891171175
1.71501243100274,1.62667531196144
1.93138233319942,1.81495998164716
1.86560763014774,1.75763135732083
1.67846159053857,1.57775449986007
1.76682371941829,1.6533814640411
1.53662288194191,1.46605052108696
1.79653936899589,1.69031529791263
1.96916650904981,1.85182620810737
1.63968776990715,1.5372720182888
1.75147482170549,1.65068524715295
1.8463992246318,1.72144986433292
1.85242785443832,1.73761256259194
1.70873425704025,1.62489288487778
1.76904580732999,1.62819116349374
1.75037103031696,1.66641298833846
1.685030513544,1.61398933949985
1.4164388492634,1.28974540965112
1.72586582361893,1.64162252446515
1.89965071344621,1.79002882505329
1.66671231930333,1.58416382071813
1.70955493686402,1.59739245049551
1.63431572284996,1.50565085078593
1.83391413272393,1.73600246455218
1.78921454634777,1.69225077630844
1.7721890616625,1.63568505383265
1.91232415089654,1.76217775964181
1.68630401595113,1.58806864219227
1.67038341390159,1.56484702672868
1.89890320876739,1.76562646092802
1.97029473842591,1.83462642729969
1.68919094558947,1.58930056914098
1.77480483789474,1.68482491156409
1.70066022885846,1.60148217417785
1.93295975168782,1.82484874777455
1.80569951999215,1.7029537761112
1.9023589401218,1.80225563321108
1.53803479795753,1.47030708454517
1.83214490223512,1.67290882353424
1.63660618601149,1.55369166896991
1.70875505475033,1.59827701048299
1.99692611418315,1.86221020020926
1.81739128617393,1.70602565249471
2.0245658088402,1.89937889762196
1.55840404304175,1.44845274137963
1.82510093715363,1.72730187312998
1.84492663752638,1.7367342444442
1.88570045169721,1.76278778139345
2.12295453125151,1.99116216591918
1.67459395426259,1.54258655324551
1.81661204402779,1.68648634829724
1.55443903226327,1.47354577635851
1.82074138924078,1.72914247058469
1.73007108707216,1.62326742430112
2.01012144484465,1.87449794852536
1.91431888797295,1.78256445928193
1.57430934218527,1.48383615014169
1.78194800460663,1.63309351586209
1.79750361328154,1.70465003206986
1.40812014332722,1.30028218785211
1.42156660892464,1.33958090736106
1.72291565648358,1.61769861710889
2.0284413496078,1.90185038802804
1.61206530648192,1.51011598375473
1.8727873416359,1.75758151671463
1.87419601259339,1.74184847605136
1.71500035056246,1.62314683627566
1.93537349127485,1.83576080878401
1.63212229986909,1.55568420631084
1.67769839181616,1.565984920844
1.86469199682036,1.75872803829848
1.64569239172664,1.5757250066426
1.67817078711562,1.56068102082763
2.11717442241193,1.98742105158113
1.68679217810004,1.5981881830963
1.72349937300936,1.61450516532897
1.8083098500866,1.69370411581436
1.91030672570484,1.78635932216048
1.78438835392976,1.68240477546627
1.54975757312342,1.44270646587206
1.8426763680603,1.723899908989
1.84650409855959,1.74673652429762
1.85707880663118,1.72542241441672
1.6179111528947,1.51578970774258
1.87982634146335,1.78247290731939
1.74557195796843,1.64444570310989
1.65887090919151,1.56382412581176
1.83353557343779,1.70744534890465
1.62932449590931,1.51887469433677
1.73144360416854,1.63419193539759
1.78053004126579,1.67909094660476
1.87698123218574,1.75681554975323
1.74502274704437,1.63119065185051
1.55715193197794,1.45740734112998
1.61205166034233,1.53831746119496
1.74569417690474,1.63832752745304
1.57533601892956,1.45353030694162
1.97194708839267,1.8539380542535
1.65442522443707,1.58600444643661
1.85504153694158,1.75619296397904
1.91237491639983,1.79715419154259
2.09075425636943,1.96865609394188
1.75793732333785,1.67200828329973
1.51643335342068,1.38674551465602
1.81884931801289,1.73440651442569
1.96367339789741,1.84715432674602
1.66709986552695,1.55224766614824
1.66527445977425,1.54947548240993
1.87054984701586,1.73111724065452
1.72709517316511,1.64401640940741
1.86391445265559,1.75906574669113
1.84417548269853,1.72790064252867
1.54157752450161,1.4638140928764
1.83358284843524,1.73719034973592
1.91600432059209,1.80919621934934
1.70555904960771,1.59301419806458
1.6402120529144,1.537168052006
1.84725146593118,1.73058813882751
1.71859085322809,1.63911921866109
1.74882158860174,1.63618959858326
1.80955102548347,1.6910491679073
1.77771348807507,1.67617872272128
1.44046607937248,1.33660647040504
1.94490753203345,1.82722814712594
1.86199547770897,1.75122458223936
1.88522888430932,1.77356680762809
1.87535995363743,1.73892695975817
1.42252782610707,1.31637775066243
1.87169109224341,1.76769932531556
1.60074285349312,1.50114976132045
1.73293168172358,1.62009180697954
1.55247270113797,1.43502087914468
1.7125494304111,1.61146266857944
1.8435238443941,1.76077212232952
1.855132443594,1.74256591259341
1.93737389521264,1.81168667336325
1.6902044565448,1.59342992105746
1.49706712117925,1.40800536289712
1.54264877080544,1.44593176250146
1.76263626623148,1.65083021622676
1.59089746885355,1.48063512582618
1.70847659479598,1.59219508178309
1.99971728857756,1.88348120256279
1.80211777385295,1.70583247394894
1.92560106468566,1.78846475717654
1.84220217427686,1.71243971294827
1.6092289334432,1.51134520678621
1.72633573439869,1.62463211073848
1.7670874134884,1.67347104674665
1.68816017291733,1.58089109416887
1.67892991228787,1.60541849543232
1.93504458495371,1.83176495486403
2.07295740456521,1.93957625629281
1.88507079328482,1.77747376089127
1.62344981495838,1.51402888431888
1.91381849958147,1.76346535551492
1.83310699381372,1.71674020687295
1.81996620073012,1.69622909525647
1.60967155075814,1.51140672867584
1.9995608492262,1.86701242437783
1.7592522645075,1.67897566407618
1.9835280338043,1.84931697491943
1.76690852967681,1.6516901420732
2.18120143389289,2.0554125377857
1.76174658612031,1.66903354920218
1.75456535079071,1.65314438286098
1.65499703142888,1.56729761263047
1.59087539763846,1.51357366756956
1.93030579902754,1.80414478710621
1.68379194930806,1.59825507443071
1.84688159309902,1.74440581133759
1.83184842015155,1.69501589408338
1.93234641272726,1.81939132883133
1.51426540838023,1.43345827405087
1.93737158669208,1.8074508489619
1.56322820811942,1.46763230394497
1.57540567619326,1.44049565588968
1.59258474022456,1.52235087405022
2.02273018604334,1.88905382606909
1.8818359864396,1.78589343568967
1.74256107196413,1.64582070810969
1.8908687201259,1.77014650073318
1.71561472622611,1.59654674638028
1.75845593264096,1.65791875784948
1.87148469813196,1.75593972959532
1.70914097351575,1.59763768681751
1.85131582298695,1.71550046831728
1.99358173003228,1.88348371658723
1.74368316227884,1.65363560936876
1.70999669178514,1.61517144043506
1.6777866568158,1.57636809937293
1.71781107802503,1.60455774803468
1.826238274,1.71234004452429
1.65015422579822,1.56439952385483
1.75767947009867,1.61220844198461
2.06717517370263,1.93629621404854
1.82604353416475,1.71617882973964
1.72996161442652,1.62481918011573
1.88133747089035,1.73831647168314
1.80275342598969,1.69027813200831
1.81376802863133,1.68889666096543
1.65391245839848,1.5426444145753
1.85269384810301,1.74059064952962
1.72716247406703,1.63064479704307
1.96695956544929,1.83388539171978
2.03961191538255,1.91436987247663
1.73020162503447,1.62592725760753
2.00356418517131,1.86005946561197
1.78594009115247,1.68098521825411
1.77414836176822,1.64555022113553
1.65796501098477,1.53856385912329
1.68839282849968,1.57762394940005
1.67053424956859,1.56954589904125
1.91108868177812,1.80798872235423
1.86959356217847,1.74875083334649
1.67804970023371,1.55974845895888
1.64245981735427,1.54548792050158
1.78060267824908,1.6859437895014
1.69457411026247,1.59467228946569
1.82695091206577,1.7025733683005
1.88380066646712,1.7788073169323
1.81315388957727,1.69022703520826
1.88380048269995,1.73699725864118
1.92777169668097,1.80445825713651
1.68701369165114,1.57498822397448
1.75955485295829,1.66320161996246
1.58322876552477,1.48924553320968
1.63921870990023,1.47744000581156
1.57134181544518,1.47449411376732
1.70061502515428,1.58617499388721
1.67427341633872,1.57385269710692
1.6466687690447,1.54020527143411
1.8816090407994,1.78122225832611
1.88232575101537,1.77178676309317
1.75462083187681,1.67480152137244
1.64370868216921,1.54854961480715
1.70959922935748,1.58773515247148
1.72678629413521,1.60081584036605
1.75782884598626,1.67874919878035
1.60194815751873,1.48473163794751
2.06628395378015,1.91331091465754
1.59827442126153,1.47440149824236
1.82908018118596,1.71382595548066
1.93651925556846,1.81571144921027
1.60863709294527,1.48453904149684
1.80138680388556,1.70697125316403
1.91360717128108,1.78931858989822
1.54871536326202,1.46270536174124
1.71728920172862,1.58384813343923
1.82182689290087,1.70637218935356
1.97059759189018,1.84357597031745
1.69616768845245,1.58776905824479
1.7230398426623,1.5751834008699
1.85210868363213,1.74077342851727
1.96787143366321,1.86713071615918
1.68160679529407,1.59731183670967
1.76427381869326,1.61355120039254
1.50792135746153,1.40085540824716
1.61747416413365,1.50571764728848
1.7057918770094,1.57746638146285
1.91704878147178,1.77265210425966
1.70685697310899,1.6093272288943
1.74723003600575,1.60768433734311
1.69224520038363,1.58856712996972
1.91692414494872,1.78941309612118
1.98741781462522,1.84658188607536
1.4461427704782,1.30050913287591
1.69605521825597,1.58605929693426
1.8406786460341,1.70385712815754
1.71334540658358,1.6147229335765
1.8061549581646,1.68989239192023
1.7074851155536,1.59179876892613
2.01494945499163,1.88387146854166
1.66767050637337,1.56328292681824
2.10420293267083,1.98789684442831
1.97530403649699,1.85170052288392
1.9347140197151,1.77156582183595
1.69320410056574,1.6013772058537
1.50687326087528,1.44202606848857
1.90825160384425,1.8008737593975
1.6807058552272,1.54339810083461
1.97018244284112,1.86168210998091
1.65482693484514,1.586472827667
1.87690352473452,1.77009065026104
2.04766604954105,1.91906396856449
1.85062237846148,1.73382989389712
1.46663555416425,1.36827273975657
1.588029613749,1.51154559314489
1.72439556530014,1.61614609340757
1.90441601018431,1.7846963417168
1.81797822231414,1.7025705463174
1.97908291843448,1.85166534951525
1.91893584619703,1.79921310492896
1.95530323290803,1.8380893942359
1.91089098945287,1.79486877688898
1.86828755578577,1.75397214614471
1.72098213503234,1.63103808728441
1.85283631516996,1.74276545860602
1.85872697172367,1.74303180385723
1.80305035011187,1.66994516997186
1.70975122727823,1.63414080441406
1.85149662355163,1.73247579220955
1.84048494495541,1.74162846641312
1.77625582902179,1.66202304371228
1.78850887061611,1.68888616553516
1.79779709361669,1.69563626085636
1.91392266838442,1.78157246174598
1.57847795495493,1.50157067527745
1.89770229715709,1.78226146580814
1.70148835594897,1.57986982409269
2.14710611803587,2.0084812314852
1.66756304611351,1.57938227207164
1.55656056723832,1.46340607065649
1.6670194553972,1.57569042714965
1.81734528572796,1.70957116588369
1.56133469236797,1.42427914410305
1.67348020585666,1.58190746925114
2.06896832666015,1.94875160341213
1.80143032671106,1.65338645480795
1.84914576431188,1.74500214649253
1.78890456649901,1.67872621048338
1.82363155481097,1.698505217396
1.62874019689521,1.53192090852008
1.47123638823693,1.35006188066648
1.80377610654031,1.67912085626222
1.44189986739115,1.33276803691377
1.74222813042877,1.63623242896424
1.99820179873565,1.85770457811183
1.79427244577446,1.69480583311671
1.94694364771821,1.83315376480416
1.52191336718215,1.41205290492779
1.87901553745617,1.75189651083526
1.7427531780714,1.63068568381562
1.35738063748658,1.24320939076854
1.87227237705395,1.75741347840635
2.06511522350815,1.93030978747276
1.81927930359574,1.71067815424454
1.8556848056754,1.76444847945722
2.0027851950896,1.87158866127221
1.72465236431346,1.63059731843004
1.96816342575713,1.84295121725329
1.75165116241544,1.63174036913226
1.94289106093675,1.81249616959529
1.89771002835713,1.79873027968361
1.77976013681061,1.66231533774542
1.87567644144805,1.73455310817533
1.81510745700158,1.70528632091059
2.00220252472988,1.87434546694198
1.82648928991968,1.70724163641826
1.9464400484235,1.83468632438557
1.93840396040957,1.81182022441877
1.78482898768812,1.67056885487785
1.90305526071767,1.79361114901226
2.04724581391425,1.92817953606706
1.73979741435229,1.63755630079635
1.65325152032408,1.54109036745327
1.92443660369596,1.80100320371663
1.74379571941257,1.60112099046997
1.82540742921811,1.71005860159366
1.84338951381231,1.74475327953304
1.61746593018744,1.49733366126891
1.73260131249941,1.62555644646366
1.80648327852537,1.68597108279682
1.84009991141565,1.74894640307558
1.86871682934691,1.76592313389247
1.86939212072674,1.75235475953579
1.85903697678669,1.75134958910194
1.81807166052969,1.72041994629158
1.81365399356795,1.70438756309919
1.96503983114268,1.84157230699344
1.99795639339134,1.89319200811161
1.64515605322184,1.55098442868756
1.83306968446565,1.73025560463628
1.97038815957586,1.86712004871235
1.93220732557167,1.80274510769668
1.71427946928668,1.61505937354633
1.62774769361622,1.53034403767322
1.70666897494152,1.5861256546261
1.50655264653928,1.41404563816868
1.96134861933377,1.83283377576401
1.76330970373095,1.65871831792073
1.60458755718465,1.51958594225008
1.81565713596337,1.73780475447452
1.73159672535248,1.6235977617587
1.78640477943711,1.65348930645154
1.70649937021644,1.59695477257716
1.67922519913662,1.58364883326088
1.67817652700684,1.57599521268346
1.69352496184534,1.59899825165333
1.77410923594744,1.67465527828896
1.75712965107649,1.63562666647424
1.98403560530385,1.86534050362807
1.66227973786891,1.57305397396304
1.63601785359952,1.48246124542847
1.77847010673492,1.67223765898759
1.5976856576219,1.49950262703324
1.86604327948914,1.76458240641334
1.79668064113957,1.70152037430548
1.78341253693975,1.6854336704289
2.08416414964347,1.97535312257958
1.70658357817263,1.63084368829973
1.70887335017843,1.60846744779669
2.05267007697647,1.91773650936721
1.74030946212167,1.6450613032329
1.91226582283966,1.7776893522731
1.83553485172124,1.73984929305675
1.69664459420158,1.5688410168513
2.03688642505073,1.90750722957671
1.76455165553475,1.64560528668003
1.76652486317191,1.67202089649515
1.83648808882314,1.73018165926269
1.52076984199941,1.37951726098828
1.43212060452073,1.32687361785285
1.89204237256197,1.78920742972288
1.7448725516002,1.61323937265209
1.87827779495216,1.7675239566753
1.75316206453504,1.64394232898986
1.78972997474879,1.68871006371051
1.64130203360753,1.54775853748361
1.81125781145083,1.69804824967265
1.7287475375453,1.60811859436758
1.80830759221254,1.71092976561757
1.50452677030968,1.41259423235199
1.65687194768364,1.5598778139923
1.76991127577573,1.67484188173175
1.72929411722085,1.62922878039121
1.76726197005523,1.66501715045724
1.6222495500121,1.49980016752832
1.70410817352942,1.61201182199047
1.84207215344061,1.71903759295202
1.95508005586789,1.82837894124155
1.65447392334807,1.51927885038025
1.6322114053061,1.51101108618238
1.80434013154242,1.7009429618937
1.95392760960366,1.83271554224629
1.75800734372948,1.631075329075
1.59209386052385,1.50994579888966
1.71510117975478,1.60931076776901
1.92295455916282,1.79644084954598
1.85927298180475,1.74078698324876
1.97019064636376,1.87167285901378
1.71750372413072,1.62965763054024
1.9766787605553,1.86244596319219
2.00593293836897,1.88952531599107
1.75024672132069,1.65176585667776
1.84017831849109,1.70705893069955
1.96692820001446,1.84727932052951
1.73603667294749,1.64849434941687
1.89908908608598,1.78654302567032
1.83061270973577,1.71007084763703
1.80889019096731,1.71025396275087
1.58129233383137,1.48931711057144
1.87279932446679,1.77117027886914
1.73851614626327,1.6315858736151
1.94840012142023,1.80652909195645
1.89561973751072,1.78999799167123
1.68222321885961,1.57507374810624
1.69707919691964,1.61530361520278
1.78643989056582,1.67216691023097
1.85453879945199,1.73624134443586
1.83822818815972,1.71909062793553
1.9655487385554,1.85134840887359
1.64360283715274,1.54086401713052
1.68123047558954,1.59149701042387
1.94301100370347,1.8148656336118
1.78655850290206,1.68428753799251
1.47710639460887,1.34900785466462
1.83128165742491,1.71561329712584
1.96929111595753,1.8456112160154
1.63647932348235,1.51363229559672
1.79110781238054,1.68519240578254
1.40316164749922,1.27826693029792
1.80565148311909,1.70154818159736
1.49119511707967,1.38533758035975
1.61182230928793,1.51946778139478
1.64261237658169,1.53513104027315
2.1317187819245,2.00665010952464
1.91105095249284,1.78617979840601
1.78912369285774,1.67071997094932
2.05321200082909,1.93571227146519
1.76460213260119,1.66792439137579
2.08815572560437,1.95896855395922
2.00556145362451,1.87368290433924
1.9166139282091,1.81520753374053
1.88054037830621,1.78016750067449
1.77131384637404,1.66064070194213
1.96945891454912,1.8342020633107
1.841412052761,1.72943281906421
1.69855612082925,1.59878309025295
1.41982504820102,1.31496415856024
1.90592650593568,1.78425261347364
1.84726481972001,1.73142547972606
1.93929764490925,1.8365094686765
1.87932303036777,1.74890632085528
1.49240458184054,1.42044875771698
1.97850790727937,1.85370751093879
1.50892850314908,1.36947885112916
1.67731967657727,1.56180395599699
1.85338639088725,1.72281709795406
1.98930282112849,1.85061280749286
1.61211040849048,1.50222057160108
1.69231043784649,1.60207916641174
1.62598313133844,1.51847495381684
1.75858744164318,1.65641656428924
1.77410553011283,1.67611989350657
2.1092762319733,1.96766732916591
1.5974165386145,1.47691646749064
1.94557448075886,1.82117017421863
1.91409454650609,1.79572687282758
1.70669818806331,1.63252760713961
1.91960856836305,1.78910275488698
1.79995624291553,1.68603762008401
1.72872569249619,1.59774625368743
1.72070930886811,1.61612463215099
1.7549218174192,1.6197786410027
1.73346735324083,1.62503096823442
1.72119476009428,1.61040432386676
1.6751671029222,1.54752868799306
1.88116385197973,1.76090724859467
1.70643178968032,1.61822888434996
1.77066196772194,1.66809456080411
1.83317791897375,1.72170423821788
1.71417767893168,1.62430777502724
1.63089998879416,1.5248296507687
1.99046937613633,1.87670148794642
1.46737133520233,1.38517547224662
1.80486311232689,1.69516162886702
1.83653163167875,1.70828060113212
1.54796577283924,1.44492367585071
1.76399712851048,1.6851478957605
1.66526875734367,1.57941905687102
1.9436495118051,1.79204237037773
1.47278347185056,1.35914959502278
1.8960524239956,1.7935896513396
1.73912793301101,1.63530321410278
1.75251138367194,1.64649076182214
1.89308838797463,1.74800474735658
1.95091813977024,1.8151548426864
1.77582135235405,1.67601572876302
1.32540564052589,1.21130929450883
2.03624478825418,1.90206701517612
1.91355326999847,1.78672961674105
1.83184144113551,1.70241894354341
1.81456513934578,1.68738013931114
1.74360076483665,1.62525925598145
2.07212765641304,1.93366901540587
1.8802556365893,1.75173163927008
1.64052158612335,1.52534419857741
1.61943340003021,1.51484272222124
1.74393282822447,1.61593870047261
1.80035555688734,1.70296267735205
1.81453246716082,1.69906001219269
1.5430800054732,1.43579513094883
1.6707651705608,1.57871338792027
1.92687360220731,1.82278934120043
1.94794365777314,1.8067098169038
1.89098974468495,1.77686871783626
1.66358224380364,1.5458445860315
1.76242319441729,1.6490720582067
1.73825896860025,1.63515304583152
1.81365701721699,1.70644950171008
1.91619675031077,1.8017585046472
1.95805392300767,1.84362967138488
1.63632047505184,1.5454890617182
1.82789092108304,1.70823979238852
1.74308285348117,1.60357991442578
1.62086485225983,1.52834036041246
1.62315143784611,1.52443865020093
1.9245960502898,1.79356607563439
1.72281304976331,1.61376041486198
1.74246862403718,1.65128996004334
1.91579597396788,1.77903055844222
1.85884450078894,1.749722023806
1.66137017166545,1.54601816738881
1.72904604678977,1.64389831546416
1.58143216106381,1.46496660760907
1.86441698591146,1.73901935477341
1.802947141619,1.72400628487793
1.97130101642096,1.86160926777641
1.61693858349395,1.53679911329726
1.82886369241964,1.7358887933415
1.54601058598236,1.45168640818524
1.69820063654452,1.59475487383158
1.84477655650556,1.74700383199085
1.74720897043632,1.64058343960368
1.65484780244444,1.54385372061999
1.92079309404195,1.81045440828124
1.81240412855396,1.68175906275754
2.0079412367984,1.89719342422282
1.58826475090551,1.50694087295462
1.6941479569331,1.60241390949568
1.57967179154505,1.48672440640611
1.98490914235516,1.85022587804396
1.86219348552551,1.78585188544391
1.65822413926395,1.55755602612266
1.74947582821769,1.6546598477161
1.87774839914317,1.76200975333069
1.84074308818032,1.71827873181804
1.9164128152121,1.79807958241143
1.66210243086044,1.56906351634163
1.60447854678598,1.51541634367648
1.95340379909125,1.83849891743692
1.84612773558244,1.76726225816284
1.74437131839459,1.62619952430055
1.82753150306261,1.73164757876681
1.98345108226501,1.86458125926563
1.651044070212,1.54063223395695
1.79140082809315,1.65373159900245
1.89684198755946,1.74339368144081
1.67319078557822,1.56806178444938
1.81519476659198,1.71467335706186
1.70631719429866,1.6115817743107
1.64577766836362,1.55832309051507
1.92235642784209,1.82047485146177
1.52466970408627,1.42041051448483
1.95196495963089,1.83510315041387
1.62518115617449,1.50770048430428
1.84493093771712,1.73315370456606
1.72890205476941,1.61745998342654
1.66559591186513,1.52168035626074
1.82159089135987,1.71801457466227
1.90001893729876,1.78331860875693
1.70727151243904,1.60965380270652
1.82460084758766,1.70368673065717
1.80092844712542,1.6626082793605
1.5965520944929,1.46174800537959
1.80708591750017,1.70647839813478
1.71979822696768,1.64239915890011
1.79802612726358,1.68930746666948
1.76119764245591,1.63854173073588
1.83747302207384,1.72959771605312
2.04063090562964,1.91967841022319
1.54993310444843,1.45668350871663
1.72622355874291,1.60526555182319
1.73257390381184,1.63314979263742
1.93694843115189,1.81309452378445
1.95851883170926,1.85624619347569
1.94959750873905,1.82464162876231
1.88756936014642,1.784941188715
1.87419828117897,1.73414683316687
1.79245970602673,1.70237940389224
1.8432787799782,1.6966968449147
1.36142556790875,1.24792779731948
1.85959319578615,1.7415485113227
1.95794437231881,1.84752692688323
1.66089948893816,1.55856072292776
1.83952286578039,1.72495838381095
1.82771261418818,1.71064447084477
1.81484500417707,1.69333582352753
1.98039386785319,1.84593253081338
1.88249258493317,1.76669518473583
1.77404138986482,1.68180281398449
1.82597435294431,1.71693452555324
1.86824965407692,1.76086239035711
1.60827892252724,1.50117353467066
2.00167432011387,1.87849827224482
1.81209424847659,1.70975739219427
1.81131515739038,1.72556174566699
1.71056280307534,1.60870697634787
1.55106945504093,1.43397244290016
1.44472249388494,1.32264916965567
1.70912409020077,1.61779479412486
1.77914389585649,1.66977179071122
1.74166241758221,1.66389818460705
2.02428044958132,1.92016981308553
1.84876842138079,1.72956277751585
1.69516502425734,1.58090550369029
1.78623165667108,1.69251860092858
1.36711946045322,1.258305863136
1.49393126413627,1.38661252591941
1.8347451028723,1.70434901012454
1.67757239197476,1.5564004965846
2.01365989271147,1.8946764629005
1.75573518493007,1.65433723413633
1.81959072237459,1.69654451187128
1.74888128128685,1.61490775035703
1.88363638694342,1.76533448049877
1.96980796407629,1.8205962981188
1.59738686101916,1.50049064028928
1.8459200463765,1.73341226560502
1.81003382192969,1.68907064932197
1.73156883163164,1.59406561150981
1.91770047061761,1.81033514357704
1.82198214746096,1.70260781600005
1.65096091761288,1.56294505845909
1.71781093702072,1.6013139497085
1.9725003628902,1.81502640866139
1.77365789557067,1.65170137928018
1.60740650896006,1.53651924788152
1.81822726733134,1.69713836376556
1.71005402000426,1.57355607977398
1.68218290043865,1.58764700417192
1.84341680543839,1.71656394303935
2.06425135704594,1.92241653873882
1.89726779551238,1.77510642314249
1.82397670781344,1.69949867695685
1.89489758824588,1.7700046402626
1.72896390458537,1.61809551756222
1.64253311383394,1.51838172284602
2.04764708007451,1.9138042873129
1.50728349646319,1.41915893740072
1.48574622490134,1.34708443609808
1.68680453397453,1.57143057469333
1.55706288206358,1.46019061003018
1.65789564197523,1.54536553946679
1.7651136542002,1.64216745040605
1.83306818871263,1.73558385222008
1.67948668080998,1.56084032759945
1.76689532800036,1.67808834156607
1.51774156672289,1.41752710335479
1.53800052375448,1.42040822603164
1.92546934263649,1.79516584919837
1.65677656741274,1.5699907141121
1.46677066460792,1.36462668297629
1.62870013510196,1.54838615307608
1.84568604719482,1.74759539458277
1.79750332257197,1.69991799609031
1.77488075569116,1.66005039522335
1.72702958004811,1.61305621678571
1.82084497028723,1.69303438846557
1.93498551783754,1.80682969481957
1.70708186974402,1.61997293455572
1.55170559780347,1.43910751793564
1.74258510298331,1.65131651280723
1.53623597265963,1.44475406453454
1.86729894269047,1.72104490993655
1.99174135016606,1.84493832401698
1.73353845855795,1.65311245630597
1.85007777009535,1.72958953478371
1.96583888854746,1.85673352563778
1.80342226248895,1.68228062135183
1.47402619124385,1.36621048853846
1.7906704580033,1.69443934516635
1.92033137446153,1.80890104762097
1.77366514487591,1.65509157742004
1.86769817233442,1.74931310808399
1.90974284636099,1.79229416566961
1.83747925406846,1.72194997115196
1.70106381885762,1.62466392212652
1.74416708076496,1.6535723349813
1.79770688586419,1.69553056907706
1.97812655137256,1.84699639784764
1.50215801529568,1.38771116963885
1.57986298490643,1.47330576034867
1.46301968451056,1.37523898584367
1.80855094536743,1.70238424322411
1.63177977617294,1.53475563155639
1.52569798904377,1.42693645598216
2.00133030145319,1.87556628078664
1.4275073297119,1.29208144115454
1.72295941723285,1.63458945575458
1.93907442381465,1.82438011309514
1.92161518079635,1.79562961676583
1.81501355202876,1.71994761031772
1.82903806168547,1.71501202282449
1.96595312975767,1.84698534952733
1.94257142296034,1.83112008007518
1.67218113950898,1.58316577088918
1.92561057870647,1.81600682009899
1.85253880028667,1.75513214298796
1.79707358637432,1.68185454689829
1.6991086844658,1.61016783812451
1.94405529224524,1.83434275455027
1.68119817468634,1.5852656361028
1.79361568121251,1.69149053111545
2.07418805618538,1.94189262125028
2.0171337359212,1.89630711974311
2.04637237344652,1.92579956335111
1.67954329040255,1.54656545518339
1.93072108814737,1.78597044160496
1.68072114941338,1.58768509331444
1.68916254894653,1.60435752635695
1.88283845521309,1.79115883620392
1.86611078984424,1.76232621970098
1.78720624061168,1.65884036007102
2.09308617011366,1.95936929070165
1.97661681728749,1.85229320794575
1.57019578119499,1.4762961319243
1.69840419092963,1.57849896193782
1.60166812091389,1.49361751561075
1.76796374275141,1.67510314475842
1.69769635795526,1.58255886983939
1.68895607139884,1.56174930907589
1.8042805159661,1.69181420413255
1.78465269419635,1.68869227335077
1.58273106334095,1.49275195169032
1.72867150312873,1.62915882191114
1.85364949242193,1.73817302562306
1.9981488576652,1.86980716409962
1.62124361040832,1.4956688348435
1.93937034387582,1.78544796953993
1.6423198068938,1.53783477431193
1.83073359400584,1.7167255152408
2.11852536636294,1.98630246647692
1.63376479409533,1.54541843265241
2.04258294619718,1.89910583127435
1.99028854390237,1.86444142128609
1.75037757906402,1.64767985170499
1.99596538874433,1.87999824087382
1.64040969897928,1.52107138551267
1.69951467326422,1.59275021479804
1.33335698999794,1.24900427462124
1.76400231257297,1.66530230208336
1.8035918386105,1.70260646449328
1.63092855825839,1.53326109261642
1.89797613234431,1.77692250119165
1.99041700276136,1.85824661659901
1.77118438372951,1.66117095814678
1.9403649512424,1.83249216741152
2.09031828665888,1.96409810276596
1.63881394435213,1.54860717575159
1.76727605832962,1.63851095852667
1.93674937485633,1.80950880881158
1.56486033349281,1.46264755682545
1.7097515525741,1.62544805645444
1.99472005845126,1.87510018254604
1.98967528168166,1.84905860170475
1.67165660066402,1.57085013049279
1.79999817061599,1.69222259301751
1.82612522359185,1.72111366278183
1.82360702933053,1.7158193827868
1.57990420593415,1.45798771447922
1.88977567490407,1.78618596072543
1.6861581656651,1.5870125869606
1.65597874120751,1.56536975442713
1.84884792417733,1.75665523720906
1.57695393287665,1.47191238533291
1.81405237168534,1.7136194490895
1.99616547966161,1.87072586571143
1.75353854469274,1.64275648865778
1.88917464573142,1.77781487369105
1.93309400639644,1.8288341610696
2.06692272385999,1.93410725511493
1.7936523654418,1.67341513533823
1.90502003146635,1.79147115856939
1.6030842608855,1.53389824526624
1.51210683070119,1.37093909710387
1.73836048315177,1.62398694899724
1.88332810714248,1.77678537661811
1.8972424746335,1.79634869206086
1.65593667968969,1.56708222510837
1.75859044267758,1.67356806976735
1.55775615655758,1.39120499258849
1.84847233897937,1.75406308310264
1.99992864739715,1.89261165021071
1.82191944609605,1.69710285344831
1.85988135499837,1.73211023133378
1.94962329516611,1.82662793456197
1.92773419003248,1.79682639339069
2.06744547584581,1.93745824514865
1.9239410220809,1.81166822562459
1.69014844327352,1.5439713083945
1.83344357598705,1.72429624331799
1.8647699993793,1.75635503884902
2.03024438207238,1.91294713122824
1.72463309917159,1.62834062661504
1.63926416082824,1.52276880887143
1.66513149895892,1.57030134035625
1.71655129070461,1.62866717856495
2.00737596088283,1.86570457253857
1.75247318093484,1.65355054139521
1.71328565942954,1.61164943887726
1.98544369300891,1.86148807815969
2.00694172766529,1.890748925636
2.01693866088263,1.90774315684311
1.82947784414634,1.72243216230728
1.8010631612253,1.71029861415705
1.82235154191721,1.66758184557788
2.01712554398807,1.88865505278269
1.95362178514053,1.85461088613198
1.88705157055351,1.76489928433799
1.55669454992982,1.48065346913352
1.87905787824036,1.75803951681134
1.80368851639585,1.69076250251229
1.98566220853341,1.88292857033919
1.72376329360072,1.63178984786671
1.59242349646915,1.48209379766596
1.81451891907552,1.65634997443014
1.75024638412183,1.63209818076118
1.79181423768406,1.69126765908576
1.9206243375836,1.81365873933661
1.87624041729512,1.74132971625442
1.67024005103856,1.56004352011242
1.76219413978914,1.64356477034383
1.7896280910789,1.66662144908154
1.73350376752951,1.59244027358836
1.64201426141284,1.53100883168294
1.97560507657555,1.84097256079657
2.06871609056071,1.94828227262526
1.8296948617795,1.73158056238009
1.95749382394563,1.84388485250094
1.92212246188081,1.78744138113656
1.83994744194859,1.70269749428885
1.81444375454688,1.71579334267509
1.98291116595109,1.86565161247437
1.87707483702199,1.7702010038277
1.72457474327636,1.63191801928195
1.70101575323915,1.61038916184254
1.77643088945842,1.66648642491344
1.78473324238371,1.66893448835905
1.6281377193851,1.54781294562991
1.61758645343834,1.51125719097924
1.76807534461428,1.64336331597479
1.76870072860758,1.6670485762377
1.88430655848657,1.72290467794932
1.85204364647616,1.72891694162085
1.64042797981634,1.54999547111795
1.76434926788211,1.65602691578689
1.52589167039309,1.42273216766858
1.67906282778376,1.5638328255082
1.49845916320178,1.37222765996736
1.31913905702982,1.217541298141
1.80546559652064,1.69031089685993
1.78260699685592,1.65546731810898
2.04783241804725,1.92423225717112
1.81375976982816,1.7081150850661
1.97862898311407,1.85076071449626
1.96475877613675,1.84367558733107
1.53904373129514,1.43143448409625
1.84874719877958,1.73943378837972
1.6381272824598,1.51733566253232
1.86136413555969,1.72532116578044
1.80377103419371,1.69325383891406
1.61788176853985,1.50538588479073
1.75280078986253,1.67228328255198
1.83391341329183,1.74698788220619
1.73270797205798,1.61840011763201
1.61877616310975,1.53368942267867
1.75444778813278,1.63846092615111
1.75331826689197,1.66623812608368
1.68973124161032,1.58232319138532
2.01597165940549,1.90309365832544
1.81141616591336,1.72102118978505
1.94865161432852,1.81278344988026
1.58634619892998,1.46438981488875
1.78094996643316,1.67623619948038
1.96663997223989,1.83978543947827
1.6399982785927,1.54709450014983
1.85768079586033,1.71767750455225
1.68356377779652,1.56870830080664
1.95187607807874,1.83457162046343
1.9930188323572,1.87398061727992
2.1289880392244,1.99909390232519
1.8255236187443,1.71860064027278
1.71259364266195,1.61407563661441
1.68381369617781,1.56239583083218
1.91556127459155,1.81828321082026
1.68223800170039,1.56186229561554
1.80604360901565,1.69644742524301
1.40736093610887,1.28277895649225
1.9372238005273,1.81284005790823
1.7626779346258,1.64729312815367
1.89352026146219,1.77417712798416
1.5845157752059,1.47024164520393
2.09399481066304,1.9747599940578
2.16983829865684,2.044517634848
1.50237016275021,1.41376723745089
1.67162626190077,1.59426612422421
2.04610866183221,1.93258834097102
1.59935497559584,1.48271653752752
1.78932012629557,1.68870574196915
1.80856504627941,1.69837761571274
1.82651106127508,1.71821998621088
1.85071352047155,1.73825156119273
