r0,rt
1.36760877265991,1.32281213812782
1.72657983603142,1.6697359247747
1.35045697832869,1.2976321880976
1.50757534929598,1.45550901401589
1.7709020446724,1.71516422561183
1.65374349530338,1.6080218609452
1.57007575192011,1.51121613208053
1.5509210534795,1.51941173799643
1.60699732879967,1.56316674996727
1.5191984107389,1.4751800565826
1.43185855202329,1.39547995718278
1.68021098901743,1.62160565216088
1.63632731332512,1.59048197722151
1.55279764278587,1.50082614911521
1.66904957987102,1.62354704243681
1.64513162541841,1.59536676450936
1.53143261753886,1.47203344449442
1.40982020929655,1.36472089803869
1.4996189611398,1.46340549249587
1.53475270710213,1.48718819631864
1.45784838090513,1.41645556570109
1.44462134186753,1.39395227636215
1.41062802454235,1.37288376012829
1.37902559909594,1.34489760940918
1.40712046100849,1.35402914402456
1.57959834641645,1.52360477927435
1.56251564113578,1.50801722061918
1.47010075524307,1.42376684300065
1.37781854073382,1.32892525069945
1.56583496572235,1.51128369120652
1.4409456707639,1.41344892567162
1.59123125071324,1.55154751016142
1.40662844158152,1.3630971511215
1.50159773240597,1.45794223417344
1.44390540226272,1.39546507550921
1.54905541465167,1.49399682831526
1.48044262706334,1.4387518464855
1.46944757472132,1.42814166904073
1.40052877677376,1.35397651000945
1.86863771637259,1.81756715712505
1.71746229565234,1.66047523204716
1.31176645699562,1.26472305026756
1.45723705552518,1.42511730305649
1.61593595818426,1.55887308653733
1.69265875891359,1.64644923807637
1.65423878916129,1.60544828256727
1.67515057710668,1.62635274146671
1.59747393921963,1.54374275838778
1.4976275267142,1.45984871092945
1.40772459104581,1.372486176331
1.56674009107677,1.51591935504464
1.5268879896177,1.47661446004312
1.70180383803989,1.63280859855031
1.64722681890851,1.59956937977322
1.48014303174447,1.44300719578864
1.63504772383897,1.58182306943695
1.52095435699276,1.47442056312191
1.77520025837756,1.71386579197647
1.41422109796864,1.37404901556018
1.4645034066502,1.41647239815305
1.53714822629749,1.48231317210957
1.46438786737759,1.41897685144077
1.46675014691971,1.42824519165343
1.59867936053555,1.56031312894251
1.59670545856406,1.55895982792647
1.26945178476985,1.21171685614272
1.65558228478958,1.60690359823889
1.61932549668714,1.57109077627289
1.69206569180938,1.6407483250006
1.28541932834118,1.25138742629839
1.37052880420214,1.3263528124037
1.63843640498162,1.57458780478235
1.45412342729048,1.41124877784056
1.60690351234138,1.55953375906069
1.56091288931743,1.50655679332823
1.6225153542946,1.56183667333878
1.61386953257598,1.54819187145919
1.49382374451345,1.44794229700015
1.63569747837178,1.58272865055033
1.40834412020793,1.34462732051942
1.83429457314499,1.77725478886332
1.63846028847826,1.59570739200704
1.70501895063559,1.64329898502411
1.63486041073834,1.58413070292908
1.29820227793808,1.26715527058231
1.76560404619307,1.71106226513746
1.60108069878795,1.54157347041764
1.56218895035568,1.51497557237651
1.63058209868217,1.575751965109
1.54155839792297,1.49308372542626
1.65133192814294,1.59833484585704
1.74160818723531,1.68643414127804
1.72837835704896,1.67023955738337
1.51514229175003,1.48073680860159
1.51414532284648,1.46454120690962
1.50251273827942,1.46042767154425
1.72516915545032,1.67302145902571
1.73259195520647,1.66499754962721
1.43189111593992,1.39399474361502
1.65899636171571,1.6083019238653
1.6857814440613,1.63596235132774
1.58643102673032,1.53347832232018
1.58592606772681,1.54244911040435
1.56600668497478,1.51808358857611
1.42531074241544,1.38536788318115
1.64599675214182,1.59600754234365
1.64272338273787,1.59525149966393
1.52961501257716,1.47272035284776
1.54935775054909,1.51021863259399
1.46358767139091,1.4223090460544
1.48174024116602,1.41731475170194
1.41133825703304,1.37913987092487
1.40740633650798,1.36585910368011
1.63962948852654,1.60507736849521
1.58652045366111,1.53135753784056
1.58174089777226,1.54166953436965
1.52133772813365,1.47922671794332
1.47475351467512,1.43297997680213
1.73374719588693,1.68424342114927
1.82446264524265,1.77511103098578
1.38987641878977,1.35946875479806
1.52182642576649,1.47840357924114
1.5074911978088,1.4785387472033
1.71312282737408,1.66492814314232
1.7799944435947,1.72742700358327
1.75891162187864,1.70125928467115
1.87673033992701,1.82125860138807
1.78692819202649,1.73455405547288
1.74628429096029,1.69405775586494
1.39770432410111,1.33617875510037
1.5756975520253,1.52984651952189
1.60689193497431,1.55899863792572
1.48192621852057,1.43881196029145
1.60612509932026,1.56105267629796
1.58853044285733,1.53782804429118
1.63912946351519,1.5932889206887
1.60210354517414,1.5551399623321
1.6946599583591,1.64018434696403
1.50536535804397,1.44737174988724
1.44201951163741,1.39972071019136
1.51386901205975,1.46622652768114
1.41941221642057,1.3840952006401
1.38915531540082,1.3359853796075
1.53561200912559,1.48797413824102
1.43817567985052,1.40326444883686
1.49356254912103,1.44984211175545
1.57885231038406,1.52492461248106
1.73405509475254,1.68839095749913
1.45349748654615,1.41420236802212
1.61204470441552,1.57142692919984
1.63292010976196,1.58816775527193
1.62049283451454,1.5710157515017
1.45733392670706,1.40975859731901
1.58571324623905,1.5350290061428
1.52300433701933,1.47816877196183
1.52552454046085,1.47226275247059
1.33722777891432,1.29953991876819
1.69950109092915,1.65183345551345
1.52795246091898,1.47739257329434
1.34745782515735,1.29138219250583
1.30305571658646,1.2414288088983
1.27950264333765,1.22837324676363
1.44959405385058,1.39446176604003
1.50350317062077,1.46330806690777
1.52370836789158,1.47530887310252
1.33080122256854,1.29525396100651
1.75114150208924,1.70506768339237
1.7970722831547,1.74191406730894
1.33241054154045,1.29658668065267
1.76401797137233,1.69798297781509
1.36268308941646,1.32324544949628
1.55912792911296,1.50917468915075
1.49294832508346,1.45832344180471
1.49958163435928,1.4515644962382
1.54908316625021,1.48893834304712
1.59536681978252,1.54916511305766
1.31847798055558,1.28548937236384
1.59750169653078,1.54765164131644
1.44902672327308,1.39694888173175
1.56822268388365,1.51736095773613
1.72031908471538,1.66286985126689
1.47024091536999,1.40771505898682
1.66147847139369,1.60578434226832
1.63952223197392,1.58771043916687
1.62449692457228,1.56204970126916
1.34136596353299,1.2992419199204
1.69995154738124,1.64485076088423
1.19524492193402,1.15463564341122
1.53464718639125,1.48299985602094
1.81426074126991,1.75299790061294
1.41470396325541,1.3675313942149
1.54124004897753,1.49625808218032
1.622071355713,1.56616342310695
1.65514613175925,1.59612780397326
1.43660196117963,1.39652290351914
1.49612598115148,1.45218458914426
1.4647844785513,1.42259697861082
1.80917333603483,1.74617112081368
1.74368822648327,1.67817354258266
1.4511158825884,1.41472168827356
1.3468648179663,1.3130908034244
1.58493000108839,1.52187606416309
1.62724699816712,1.58083166128668
1.40736880264795,1.36280742283123
1.54529673452866,1.50437960994202
1.67939371146976,1.62913985645779
1.49802617003211,1.46263021586279
1.67008657924731,1.62792029853151
1.75573085581821,1.70790157246409
1.53989323660997,1.49727244946255
1.64918483880105,1.60128951400842
1.84813490829088,1.80363982392014
1.66644869385631,1.62039017816561
1.59259287908153,1.55424505712045
1.61328662567026,1.57316199594917
1.41838595337097,1.38577801939505
1.76993083943902,1.70359702729914
1.45231251157784,1.39975059643239
1.75228055269149,1.69332867450994
1.56593731782356,1.52142736251422
1.5654648471881,1.52528319752902
1.88834097230104,1.82406695074264
1.51454610535683,1.47341415428659
1.57182295192246,1.51963107147005
1.4761718084931,1.42068032741318
1.72073956685384,1.66788799979889
1.5374933389483,1.49084625861324
1.64979225546882,1.59869052246761
1.42830412308668,1.39337676146857
1.71150160038327,1.66680448341995
1.47435201404024,1.43411486734079
1.60890317876254,1.55182844405627
1.61055566824336,1.55290098102131
1.51398555126285,1.46847809711652
1.4904552033267,1.45383309526322
1.62096433510437,1.57828172457712
1.62041162553353,1.58006451920674
1.56338165177755,1.52246675851666
1.82677744112891,1.76636565993912
1.38934958809405,1.35615004127759
1.57174999724623,1.52392040913283
1.80285410673534,1.74984610067303
1.61189831604524,1.56194801710399
1.48817905117752,1.46030257838252
1.51291016803042,1.46233723228092
1.37546193563466,1.3421306768514
1.58280613613514,1.53869978242485
1.60624407186956,1.54275672906438
1.81881792851745,1.765604298029
1.695722225485,1.64157310155421
1.82201472851946,1.75898432093706
1.78474049492933,1.72486051997995
1.54061090480778,1.50046103670743
1.80728495352017,1.75130528591864
1.74917753534826,1.69164374935779
1.46337579595173,1.40572534201843
1.59886511089551,1.55169703956282
1.52564896836929,1.47255900209586
1.66760422025517,1.60659726273528
1.61134652940632,1.56684528328797
1.35028752859254,1.31697151481789
1.29017748857989,1.24916138339197
1.57504477137659,1.53058410449023
1.66693167271248,1.61048979565402
1.58932207259684,1.535960882022
1.66139918821359,1.61853583130523
1.48527817131328,1.43837268622914
1.32366972201421,1.28669904351233
1.60122795659398,1.53552391663125
1.54821063247932,1.47991668657493
1.46903433671831,1.42673722442236
1.69370315123069,1.64360103080039
1.59773433048406,1.55342635223409
1.8290807074726,1.77630534088346
1.61594469331377,1.57041102141987
1.54601894029665,1.50058878191929
1.68661695150332,1.63295488918565
1.46919377721579,1.43045352062464
1.76688729440427,1.71510162203464
1.59442506033164,1.54664345318824
1.60369436656474,1.54009853182926
1.56484479471784,1.51160080696967
1.51189527697354,1.45714129817784
1.47005386338197,1.41612473035589
1.3420204792908,1.29466835156268
1.59961588050069,1.53173165827051
1.6090568547347,1.55121202056287
1.63698175938927,1.58672951060732
1.51890593670951,1.47492038415468
1.1584023579448,1.12056025796956
1.66602729192834,1.61119215555495
1.75943258663873,1.70337890696063
1.66537070110823,1.60579331971185
1.56135241292498,1.51194865529906
1.44010786646927,1.38523460020225
1.67853288928442,1.62529598130027
1.411511863463,1.3594559033277
1.59548022035734,1.55342975917441
1.39195915741804,1.335818881011
1.47391046322041,1.42935112831574
1.75206683549483,1.69975428315965
1.74582078303739,1.69853794218561
1.65949787188108,1.6142726172609
1.41472721557392,1.3709062908727
1.29757739468285,1.23331565651585
1.59645727221558,1.54677532188641
1.75767760305683,1.70258483345919
1.41953910298525,1.36519543135609
1.38571449988521,1.33441944525621
1.40103862912553,1.34251606563516
1.41447189084005,1.36101487976474
1.44016965049757,1.38740495221098
1.69080051716309,1.64507007233498
1.74122987990801,1.69150278516248
1.28538117538132,1.24757447684717
1.62302985540327,1.57343455367404
1.53804743794925,1.4954418857705
1.70694009553752,1.66625655013539
1.73861792254879,1.67149373457434
1.50913438309722,1.4571405987276
1.71507982107816,1.66941870408744
1.65544455470212,1.60962369877721
1.61533120654123,1.56393310131633
1.50302715342482,1.45727007569821
1.63249079170193,1.59065179921174
1.59950087349493,1.55723000251137
1.68185149391247,1.64087646237502
1.4374024219253,1.38626158343411
1.34130290038186,1.29941882393046
1.69293239352241,1.6341194099213
1.78462469747355,1.73549847800081
1.61244888360815,1.56629628369665
1.12133164770983,1.07235637564438
1.68620517608704,1.63383390747231
1.52939836578555,1.49318469961116
1.3782913162126,1.34190763826656
1.74603476177476,1.69304977661173
1.54778121452319,1.50104621818054
1.47193464450779,1.43395818349043
1.36618956388823,1.32094067511052
1.56340676000406,1.5281266640015
1.84912152301679,1.78975786087445
1.63109768829884,1.58325949278655
1.54045551345909,1.49677435125686
1.47850123675748,1.43018789145698
1.55957561216944,1.50208189124851
1.50071388194569,1.44294961818728
1.65462568302127,1.601691882807
1.55511880911096,1.50175105543568
1.58279267022691,1.52813611124932
1.64947279713218,1.59352556824001
1.39028824732622,1.34717895881691
1.59963394379846,1.54792256970486
1.70328537728166,1.65524004291218
1.50374350766268,1.43123212691245
1.62725024639177,1.58549036832564
1.51367653857766,1.46537865693418
1.47933255462939,1.43505796656277
1.44129430095116,1.40581684433684
1.68471249154556,1.62302445180405
1.54506223871067,1.49775928984609
1.49544167499705,1.44731196728218
1.45048985239778,1.41517592534114
1.68113246934183,1.62568181566478
1.60717118883267,1.56822561771648
1.62534162128519,1.57342264664315
1.83758950913415,1.77670511295986
1.84852855008043,1.79900175390706
1.56879474310751,1.53269429855663
1.44738215343161,1.39701871996922
1.49840239071792,1.46117629020456
1.51222331190648,1.45731998075641
1.44802973857332,1.407954915561
1.52413296723205,1.46950405702084
1.52456993615772,1.47838082542447
1.85466237383157,1.79196063048423
1.70288868307214,1.65022648404565
1.66812164281201,1.61260059904726
1.46845535042511,1.43054463730128
1.55620253271871,1.5225636866487
1.67510505254897,1.61806811698751
1.64362917483328,1.57214992498965
1.70667908906917,1.65835764042015
1.51707498694488,1.46784868284459
1.44346793853304,1.39848846167951
1.6573572139298,1.60149392909094
1.70148063674852,1.65713567041977
1.33912529255572,1.29965435513435
1.63507032360656,1.57881296475926
1.48232309685123,1.44682092154201
1.44375187099863,1.41287136988957
1.37320519250022,1.33411379711518
1.60648206870488,1.56561005745298
1.59186027824331,1.54358546826922
1.60927187892756,1.55518311353849
1.68933437561468,1.63079981361055
1.59913092318028,1.55089868729043
1.70589462611847,1.65571582412215
1.55399468054437,1.50024137614555
1.53127962223552,1.47770886304855
1.67886779834971,1.6384640240045
1.58766396141749,1.54309668960896
1.37753433481885,1.33675980444036
1.51035550722321,1.45742713480741
1.27616287261776,1.24542747171781
1.70139271628727,1.63239551876918
1.78350461735639,1.72415969775853
1.6690017124471,1.6022451814247
1.4955061692564,1.45201321263151
1.58051887627365,1.5325219315886
1.48146056950753,1.44006315300738
1.56262591399475,1.5020321608761
1.64782503473538,1.59063542385644
1.55025608272298,1.51535413207575
1.54411617902935,1.50027775995709
1.62546573198591,1.5696113217587
1.4994750146054,1.45924387460226
1.5249045004582,1.47071003210257
1.465753676466,1.40983970706172
1.51683765817311,1.4687519419225
1.42234346759145,1.38356635593615
1.62789377914533,1.58708579362276
1.50524715571459,1.457841274088
1.4666296789571,1.40255494144878
1.49929341437299,1.46332585346881
1.59437848491407,1.54816938293518
1.45045157973685,1.38941339190518
1.64131988121854,1.58830757369716
1.60758409979848,1.56565991396002
1.65996732218758,1.60866003936347
1.49766915370839,1.44676092696936
1.54166922463644,1.49057582120987
1.4778524571729,1.41286865258324
1.67594060300945,1.62252632545158
1.69900661663196,1.63890577105197
1.52628954668496,1.47690296025014
1.41906631059911,1.37513788075408
1.68023008974165,1.62761764595645
1.4343379145986,1.3848885885769
1.67944678995239,1.62696946272837
1.44107193016706,1.39258750356381
1.62091269294213,1.55832030788006
1.62483766493493,1.56682701490456
1.55834488735069,1.49797152311362
1.63255514467032,1.57560374233872
1.46641796846049,1.39325445595228
1.69746873103826,1.64687966614553
1.67186250914335,1.61903294614862
1.50851912117693,1.4654367536748
1.63317628111543,1.58808840953057
1.51715520400065,1.4646573594889
1.49873395809061,1.44929689351894
1.49180898672635,1.44270139863967
1.54805589035264,1.4975755634629
1.61328145624301,1.5700273775222
1.54274214563117,1.50596613702403
1.46613221913262,1.4274440530099
1.82241192906403,1.75708359757201
1.56045904853764,1.49325641664199
1.52978255202154,1.49278314412668
1.74875400763503,1.70471652296389
1.62019548976765,1.56442496029921
1.48111555430655,1.43739707590881
1.65692006639549,1.60527748109507
1.77126546881925,1.71804041310499
1.55805448700184,1.50312088655737
1.53652593307463,1.49249947609042
1.62703374141883,1.57789697214619
1.5325870849487,1.49196564841397
1.69040691856637,1.64203094165003
1.44708443267068,1.40822058182006
1.60773238850294,1.56151838273316
1.67587390241026,1.615215711731
1.53488539416572,1.49837978103511
1.54479048318513,1.49200788970004
1.55956962470618,1.50226687403093
1.2084511686634,1.16404503090868
1.69039700709031,1.64497963635805
1.82685038090348,1.77506452377092
1.46525798392263,1.41920268869364
1.4505301697732,1.41170567294636
1.37160128978664,1.31753186850348
1.62504652440958,1.58141121125695
1.59766921998718,1.55110789613127
1.6349727211523,1.58683792147203
1.45017176476886,1.40781834928011
1.53906022228921,1.49007194042591
1.59715151444789,1.53520150393063
1.46925746167129,1.42193976621443
1.62121696347186,1.56615259287224
1.81015969725236,1.75319239291958
1.59682166759272,1.54461553367266
1.20146431800744,1.16302208766423
1.47792859431153,1.43569074306568
1.3931909921172,1.35743965255804
1.42991929376218,1.38686612428575
1.39765990980193,1.32645471952025
1.50849559000828,1.46500917643188
1.58648371344733,1.54569632158841
1.29378374357181,1.22923099550532
1.52533875488014,1.46600785732167
1.61491706607142,1.56287548828171
1.37855522759877,1.33448333180862
1.33457490407057,1.28676875246961
1.38160129376135,1.34497681740138
1.55621612836518,1.52152039018926
1.35675737100401,1.31591015165759
1.31670948375852,1.27292411518048
1.46501671655986,1.40981629032988
1.37132013393345,1.33152044008676
1.76891569498954,1.70933641998005
1.55778016654879,1.51169861542035
1.73591027927442,1.68076125764571
1.47269516399427,1.41433765987989
1.51507425508847,1.47511455090022
1.58991635389294,1.5408224012134
1.33236466582111,1.301008919921
1.43485179493414,1.38826313620931
1.61988038281891,1.57394133493476
1.48037134591293,1.43271648711563
1.7171875616687,1.67281360570494
1.60978368805889,1.54956115802614
1.56029485383663,1.50998447387889
1.45053056986861,1.41409909905896
1.47702385403437,1.427092343701
1.72386385121678,1.6739160752346
1.55758848598933,1.51566765051308
1.67876295688516,1.60451545314936
1.6833522053502,1.63208486153267
1.34135236471485,1.29170820288832
1.69057678128366,1.63426284498126
1.48772691689936,1.44365092022467
1.77712968269471,1.71208957315837
1.64355117272369,1.60379914249969
1.61448630951859,1.56835677472235
1.6415068434192,1.58034003585885
1.38884128978988,1.34601361914105
1.63883359822039,1.59042017758786
1.41317793639724,1.36798463312696
1.60889570414401,1.55762425567913
1.71653216523813,1.6675034243903
1.51534494246908,1.47885278367619
1.21648333699107,1.16964455017678
1.50162869630397,1.46491125446008
1.66985052615868,1.61970036450348
1.34863643078711,1.29361347418072
1.62203104837877,1.57583363883867
1.46278954635245,1.42458600354725
1.37106219650603,1.33459626890379
1.36489755618015,1.31923103596102
1.67028740059526,1.61435370308548
1.34830976480833,1.30275331029019
1.43057297164615,1.39747869819731
1.53134918825278,1.4751728624239
1.52194728092706,1.47606933560565
1.66070644136839,1.60971197940308
1.66159429370495,1.61969741906333
1.72180824192112,1.66929476560991
1.59370392374306,1.53535201733959
1.70587216468198,1.65322855412642
1.63038801056334,1.58147460175099
1.56123385889331,1.50623814004986
1.54389763924589,1.49811184451487
1.41115967458731,1.37016386342946
1.51912741654092,1.45344625493187
1.60046563621822,1.56015300094179
1.60717490856159,1.55706087247996
1.31773510586466,1.28513049505161
1.29094271790737,1.25361907324287
1.57281766003665,1.51651514071741
1.49486781992264,1.45773742251443
1.35874774203691,1.31594300244459
1.64680365676231,1.59967972598242
1.78438150652629,1.72576217653366
1.65843520336551,1.60975215863133
1.73094629182144,1.68176722386935
1.57248373625783,1.52722508715294
1.63102021479016,1.57860490671743
1.4959310955186,1.44673350473992
1.66520623341511,1.60822246577414
1.56277602028782,1.5138712885389
1.52155792839008,1.4723335390815
1.58633001783278,1.5308393756843
1.62051129189055,1.56705667551326
1.45658283168183,1.40751867637959
1.78449033556995,1.72533994965593
1.6701641657091,1.62283073031945
1.62902434890019,1.58623938130308
1.52499955236303,1.48048760343609
1.45589455358179,1.41537556649615
1.62466168151565,1.57330349588483
1.11335994903288,1.07159836922695
1.68045183082297,1.62178901483872
1.61620798537391,1.55715987218909
1.64032512089953,1.59850769449884
1.72684710635878,1.66300739668544
1.73135007508077,1.67867705989706
1.57734367190285,1.53478919327734
1.49626954295067,1.43825700417097
1.56490756917213,1.52174795118538
1.55512730702653,1.49740405401402
1.7339891312296,1.68422422569853
1.55416058171546,1.50556741549761
1.63610168781287,1.59797549733846
1.51532971686347,1.47431052492454
1.63197833710012,1.57963342360622
1.49440245158071,1.44969249153968
1.70569145979851,1.65819975068782
1.55827228109183,1.51432879179952
1.52524001518595,1.46779511732721
1.52589343474144,1.48417893759816
1.44833909790597,1.41135486489896
1.39613408539916,1.35244380740841
1.4559719561419,1.41201006221179
1.4391127932574,1.39423333422417
1.49415639421397,1.45387344681508
1.55086617842687,1.50585725515299
1.33932378077065,1.27304772242578
1.59511743704238,1.54723976954679
1.70223204117062,1.64074223736114
1.43222307540747,1.39085560822018
1.70735410940784,1.65712503751314
1.64085925276533,1.59583081866278
1.50695891420363,1.46686573457911
1.64081322259302,1.59570509541655
1.39053328313137,1.34567724838827
1.58451778581624,1.54005864637449
1.71091322239809,1.67110461839831
1.6298609558726,1.56421233482445
1.61107359612336,1.55603479481127
1.53470724715176,1.48599743126777
1.42152910764025,1.3789885862541
1.82727936479788,1.77062155409639
1.81467637556157,1.75103798567689
1.32826388371826,1.27816664234389
1.43171150486045,1.39914324589213
1.41268994430205,1.37575453147272
1.68146312676779,1.63054077369659
1.51670598710365,1.47834998767624
1.68040976722118,1.62621665675163
1.66817465497215,1.62814906162895
1.40227733640655,1.35234459562765
1.57441178756272,1.52959146361663
1.50046709059995,1.45755507950055
1.38800251044235,1.3430412173642
1.691432796559,1.64613752833047
1.75166981338827,1.70263770731208
1.63763369886538,1.58956683572473
1.45894140542175,1.41645227714673
1.6255353747876,1.57566767229272
1.67523515699194,1.62680990126753
1.47072446045084,1.43749190780502
1.51178928542716,1.47895390625195
1.71090014349855,1.65884402417737
1.5548118979286,1.52064382967683
1.69994835948744,1.65062767303026
1.54340191172999,1.49688193570884
1.58896892745756,1.53782228187782
1.90368470781963,1.8484147546258
1.65924651359235,1.6101837549623
1.62638104397662,1.578347358199
1.51449323564485,1.47367533010001
1.72686937017751,1.67305489241396
1.66588097880495,1.61757432515595
1.79454963470418,1.7371913538818
1.4526183161854,1.41444677779958
1.25704442965196,1.227523482282
1.62702881088392,1.58257610327494
1.4592237330118,1.42051016261409
1.34519965973501,1.30105275210038
1.50068789152674,1.45582342387054
1.54934295173855,1.50895625962797
1.56594744696951,1.51812857128401
1.30347599909451,1.25306151692015
1.30707128431123,1.26907180012697
1.36780922449825,1.31197625399071
1.60679817132798,1.55713325132426
1.71302975434153,1.66556676984885
1.51926298048226,1.4787256719169
1.7262772542712,1.67831598797671
1.56052146395513,1.51286259857811
1.74884731437454,1.6916082675171
1.63225314883974,1.586908108105
1.57771630364009,1.52939687250544
1.55469872819932,1.49942665645578
1.51913888160916,1.49205128883294
1.65225781145995,1.60676812591952
1.54899021819279,1.5133795644413
1.58327739699836,1.53736343264267
1.57866984046571,1.53384081696197
1.58279679965707,1.53532521418045
1.40765322794837,1.37434036862006
1.69602809108179,1.64319135765659
1.55402439149447,1.5077738270168
1.63482999179942,1.59257768075149
1.53496593660655,1.48772516961893
1.46905350898146,1.42750993709509
1.54246692660695,1.49581290287082
1.43316410959311,1.37063679663255
1.79110101583619,1.73140282195426
1.53019289419388,1.48883016375496
1.4703682827251,1.42143212451536
1.35271356298261,1.3233276326521
1.56122506133036,1.50079827328273
1.6865049719514,1.63992325910339
1.40922628246454,1.37236744924195
1.41969487502869,1.36457292447401
1.48914914206332,1.4319089580707
1.41700357215457,1.3697713950703
1.58149474856914,1.53945168213854
1.64308885750518,1.59397568680251
1.64765924922451,1.5983755480647
1.42075553328885,1.37389701886737
1.41053417330786,1.37296818807681
1.27195934617285,1.24138135611845
1.55017787625765,1.50797645834016
1.33825098936206,1.29640352128274
1.83844401703032,1.78663889725235
1.43542423665146,1.39851558274049
1.47800114679404,1.42989327172064
1.38734978248307,1.35526593221751
1.30693843788018,1.24647949738941
1.40503182389964,1.36065173858686
1.70846395500622,1.65623506341674
1.43330974272287,1.38568723385837
1.55087358955685,1.49839098979604
1.53572411493228,1.48854443987774
1.68583270702144,1.6307195564923
1.2610784643711,1.21963803655883
1.49977634151602,1.43498895367401
1.42812311732404,1.3852654593524
1.52126875909368,1.46035859827895
1.24945458564934,1.18206585997598
1.52121111226115,1.47737885359293
1.71488131642288,1.66794910239793
1.68093049033317,1.62717267229944
1.44576785002369,1.39936565340987
1.54371112290483,1.48325407531913
1.34549585120055,1.30012629692512
1.50464747604983,1.46044885933511
1.46127531818534,1.41805217715875
1.69993572578445,1.65161248258041
1.60556650470191,1.55795579073793
1.53857210922568,1.49222761778759
1.37906742500529,1.33777492680233
1.33203754440228,1.28625645808554
1.7022549604461,1.64291305869187
1.53121627953175,1.47643606813167
1.48390024997062,1.43080525967954
1.5558829299081,1.51823927860044
1.75399695334305,1.70344105641176
1.36491837649594,1.31747942906481
1.68596055637618,1.63554892682494
1.57764995567235,1.53530970356375
1.75226396149826,1.70241414571721
1.58838424018828,1.53635918517854
1.55343615111393,1.5093224746993
1.52408939792296,1.46486916820166
1.52098888349999,1.48824278119846
1.52323247980872,1.47567156676264
1.5293607199568,1.48416972212399
1.51488817361849,1.46695781208771
1.61316049588381,1.53659995052266
1.57120573667921,1.51907598452761
1.63375077841671,1.58300281462082
1.49145235187673,1.44529091634631
1.65040301496907,1.61002916042734
1.48278068471911,1.4407175539449
1.36886454975343,1.32295486052155
1.78332732286715,1.73287092804897
1.54885534480569,1.49994654596479
1.52441462931764,1.48091264152033
1.53681006341223,1.48621719452716
1.34247816104266,1.29777471932299
1.61416211970231,1.56084945928294
1.59847347959371,1.54704320396293
1.50878152660359,1.45827444427296
1.49153106347985,1.45331139203686
1.58351237295233,1.54499238396948
1.71130159912391,1.66462309828459
1.5533848763169,1.50352470029043
1.87158480997267,1.8153299867456
1.45812303272827,1.42421866664995
1.52191914955594,1.48304994678138
1.4089041529408,1.34460806063174
1.76008225252391,1.71216530850412
1.63510955830482,1.59686755104374
1.45199669347785,1.40416443188826
1.65733204612782,1.61067652144756
1.64696593504225,1.6016712737713
1.69055328015633,1.6357075125846
1.56622941959257,1.51891438308567
1.60168673493934,1.55405139037877
1.55312205253822,1.50240922554786
1.73518451805879,1.6729711054815
1.56677713257139,1.50805271613869
1.55148796571731,1.50907732083213
1.62298407858195,1.57535870755686
1.43594649725879,1.40018459128238
1.64276540055391,1.58201858716904
1.5602866857805,1.52408239896926
1.62043526856602,1.55774351279204
1.54747843034945,1.50562280712685
1.5854675960726,1.53639767864868
1.62880755203356,1.5838250514091
1.54987359307483,1.48661016697021
1.77282008789639,1.71823773912893
1.61241212548345,1.56175585088336
1.56530957703237,1.50868984143446
1.66469232049006,1.60897237502935
1.82327795484135,1.76550234636351
1.50184253466208,1.45601027340745
1.27940814525637,1.23119717498301
1.56946979842806,1.52386954730516
1.45574657037463,1.38657841438305
1.39080478631397,1.34345823675805
1.67249317665027,1.6091877762604
1.65959079938926,1.61371419818158
1.57382536838594,1.53501168794203
1.63412524495058,1.59274995652056
1.75798180235185,1.71250688865467
1.48255097685732,1.43630511378082
1.62313849860989,1.57463846354727
1.33664809593891,1.2865452842339
1.30895654596993,1.26034110764323
1.66410147556781,1.61680016516915
1.45771844396934,1.41297494266596
1.66027113474619,1.59382547843564
1.82465026351891,1.77173486065487
1.64404743490794,1.60267595229003
1.33845592644593,1.29147646117014
1.63674207620371,1.58450047602581
1.51690207095489,1.47611058870182
1.46021344347193,1.43021903921626
1.75228664274862,1.68584959825286
1.67834754761566,1.62061954361984
1.72401590396091,1.6726786085194
1.53350546674033,1.4936459683245
1.45463335743849,1.41400439222139
1.57209144685946,1.53269684007292
1.48376523932161,1.42659487625039
1.39519114645781,1.34277551288927
1.6536668693116,1.60528460474235
1.35266702347799,1.30847949779113
1.70792711529293,1.65733369419872
1.55306596098718,1.517293709541
1.55417850282376,1.50351096092306
1.4362086524939,1.4029661556044
1.65610614497445,1.5979988576616
1.61591338503726,1.57953485422943
1.55133944503868,1.49954664128616
1.26277839811671,1.21937861273125
1.67265265341186,1.62034292767664
1.50215836444218,1.46129850891956
1.54271138073943,1.49205430172791
1.391049884388,1.32409145479748
1.67388752141555,1.62685364214915
1.81917098088155,1.77756785041735
1.42555092872824,1.3940097982962
1.74398573789232,1.68651272816499
1.53297981455247,1.47812738774868
1.53743877077136,1.46120539851607
1.50042080540473,1.45349886022131
1.77875783856402,1.73138585953768
1.69600438375961,1.63934557650294
1.67264082039839,1.62562510123028
1.39735261431085,1.34154464616351
1.68027152071676,1.617137386287
1.67519172751709,1.61636030766869
1.50944480359129,1.46218784210644
1.56980208081565,1.51251258669395
1.66652488417975,1.61840750202797
1.51145326758168,1.46218957959315
1.68363627197223,1.63202253739627
1.37811188609657,1.3305117280566
1.66983817031603,1.6180998368128
1.55342011924047,1.50896032283489
1.66668612201244,1.62082313287196
1.44966509198835,1.39501398138405
1.38849917085516,1.3443433789752
1.44141515373024,1.40041320104368
1.46983708708909,1.42655372834953
1.53019254091089,1.47770852782493
1.55123734735039,1.51040590189051
1.50186052859251,1.46854993868796
1.7105087397339,1.6449193006788
1.46581728302787,1.41767862943309
1.64885035242629,1.59651883973937
1.32140818424049,1.27966634998208
1.43662799110373,1.37273927471259
1.65521335027363,1.59652574490872
1.47991796838939,1.42909963134439
1.75765573775041,1.69778869017351
1.39359880559856,1.36079269154364
1.5771942429327,1.52425023579361
1.60109958703586,1.53995696996763
1.66282218931808,1.60931645457597
1.69247415619716,1.62870782520807
1.49385319538841,1.44470782377088
1.54459393964779,1.50216911518373
1.4477713131635,1.39448218088987
1.5711770964415,1.53055013689753
1.8031391432663,1.74646030157218
1.52839471104395,1.47977112874759
1.51596475263719,1.48312274084139
1.642812000336,1.59623489605222
1.5866421950841,1.52561723649342
1.56686262929261,1.53027298808854
1.32541423882169,1.28052372437489
1.49798624234814,1.42864131499915
1.43714286437796,1.39464524034958
1.67792102990382,1.62765763492935
1.73480987739145,1.67914529763853
1.72996573191568,1.68005253849433
1.77369533420578,1.72448524840145
1.80739810492297,1.75907104940046
1.84275252653273,1.78810152623885
1.68266831109695,1.61375984785413
1.65254457439672,1.59488168109767
1.71372746918054,1.66378607042564
1.7954576872843,1.7488715399213
1.60109170279901,1.55186973141878
1.64788749883828,1.60125395542308
1.82761446524715,1.76232350928917
1.49667372648978,1.44408332727495
1.39141951389676,1.35580570615407
1.54141600525356,1.49208273781888
1.48288099104927,1.44657700553223
1.54552806982615,1.48608758070613
1.48010121436198,1.42613712691696
1.71994874759142,1.65840209118496
1.55349610184988,1.5019948898144
1.28436268519167,1.25567322433677
1.34903092634094,1.30556083616836
1.38070528426324,1.3336704391205
1.6768570676,1.63195242386378
1.52445375754939,1.48464130556861
1.5601733933145,1.52629048510808
1.60178224329716,1.55471912581623
1.66492155148192,1.6105792101791
1.44652879754986,1.39826687420564
1.69013158969132,1.6378154643004
1.67443445098069,1.62722692348002
1.75499821755341,1.70359979996336
1.89306472572841,1.83338900094352
1.68602603594423,1.62792890219062
1.25646337313922,1.20350177001255
1.34895056482738,1.29886314681627
1.74884209220622,1.67727612220471
1.50997720620373,1.47022957652074
1.52007472327996,1.4832343771033
1.48279381177982,1.44745937364009
1.53107440206844,1.49455590610089
1.56981168385924,1.52367860259991
1.45273492160019,1.40443206977092
1.65946100011372,1.60625642541739
1.72066532859697,1.67367562601538
1.64180980981254,1.58932274210914
1.34147211567578,1.30284606221146
1.51273152602944,1.46671922636246
1.73544060288253,1.69494310615872
1.71108441881697,1.66097627926585
1.523886360057,1.48070820249891
1.86063358511515,1.79694358289257
1.52634178195754,1.48237493441789
1.83998551075759,1.78539585246517
1.58568187388846,1.52264855778798
1.67701932109189,1.62899251910179
1.6621334940612,1.61198291757403
1.79027468788928,1.72970810440374
1.61788222089539,1.57102937149316
1.78924477522073,1.73669672615048
1.45155539781376,1.40803782109002
1.68751613713784,1.6386137015379
1.57930794473357,1.51820986500051
1.33985712871869,1.29574030939649
1.79342601596659,1.74113475553947
1.65161762942444,1.60751724751271
1.53515990130534,1.45771939719516
1.64520589173228,1.60095639772611
1.45050688551192,1.39877470774263
1.35266974126876,1.30945619503469
1.80862198132837,1.75680693109191
1.60711119149351,1.55646830670848
1.32041607120422,1.28594645800487
1.67770917027348,1.62112567531162
1.55139306785475,1.50344293315098
1.52365172730892,1.47486971922719
1.61968409931744,1.58105060968715
1.57099830814324,1.51810348907757
1.51561114958676,1.46870618247665
1.68178029613436,1.62802509490017
1.43822610432883,1.3822069724786
1.60529004914455,1.55758542876909
1.68795970614726,1.63036884552205
1.84777591937593,1.79338154502104
1.66203607978546,1.6027133227547
1.47889337321436,1.43437424515441
1.44470357643005,1.39974229856047
1.54137315121584,1.49204804277768
1.74721799347428,1.68661765650378
1.42015030465196,1.38594079842353
1.36187012609763,1.31141013013807
1.6818485315599,1.64004029725656
1.66481387288545,1.62643628837534
1.59080805710966,1.54607600659209
1.5585972099283,1.51939580548988
1.7234077615169,1.67512555791254
1.34353933759028,1.29805094144547
1.71855908989607,1.6483050908224
1.41906790095948,1.37607289765406
1.55544829131459,1.51272796370703
1.59412969280765,1.5566565391791
1.41679323026551,1.36848146504975
1.55102061826011,1.51136417770218
1.43140925793602,1.38672857378959
1.63291355948561,1.58234408382427
1.72350662597937,1.67750692896978
1.59043317229189,1.55402869356348
1.68056249669884,1.62272983004015
1.62942200238852,1.5745730932227
1.60766918983242,1.55769435850584
1.65761361351802,1.60178424832853
1.39433688624008,1.3647683582494
1.69039008726555,1.63514551032775
1.50819225356968,1.46851646550782
1.43080142909034,1.36846836455056
1.60837092215255,1.55164043477594
1.48376000027,1.43623525407382
1.63659184470394,1.58751450441046
1.25226268454034,1.21637738737633
1.65082425487545,1.60271056508053
1.56430846960151,1.52357377430432
1.24785500385465,1.19496233759674
1.82943637129484,1.77338564834833
1.82942095154679,1.77229994812045
1.66986648026883,1.62460422081932
1.74668240318247,1.67567417527318
1.4913140428517,1.44411632032069
1.40211861912158,1.35586832184559
1.54135159965654,1.4799736463823
1.57883059497821,1.52303972343364
1.51957124277346,1.47951378703331
1.66116339060979,1.60824940151703
1.48012936507471,1.44767275463611
1.60897777569179,1.56554096111272
1.78901652147685,1.7410348356054
1.71409131241663,1.66171257105733
1.5288818289743,1.49506901023782
1.48835715289654,1.42952863017076
1.50840422740002,1.46656797138087
1.47251158224358,1.41108492640489
1.78479404847006,1.73960431517924
1.61442271860831,1.56284132821274
1.48863896722441,1.4460202076208
1.62762065197141,1.58768345078134
1.53070249724738,1.48086175406363
1.6727935976295,1.62774959716059
1.63767022702631,1.58264825975847
1.61255686560108,1.56026522934016
1.67153187919924,1.60612411158709
1.72711043871611,1.67287034475351
1.76592824389802,1.70380840172452
1.43191978459511,1.36868617040603
1.72337072151671,1.67029575302593
1.61559474453082,1.56592742552327
1.57364164721392,1.52301144620981
1.66120224328963,1.59877445765777
1.65580141397742,1.61885876343128
1.66710295406445,1.62493511014787
1.60389097643364,1.53625605919255
1.57926815945887,1.53652994851055
1.78303795153673,1.72231311562352
1.41269039122752,1.37502172229817
1.43988755943761,1.4030177866823
1.60352421584098,1.55425423731894
1.79227892674014,1.73398407816557
1.68620383042427,1.63320805565852
1.36676833890555,1.32465570370548
1.84207224627591,1.79035629628877
1.45482286273024,1.40030267270549
1.54537276996148,1.49760236627709
1.52641418086949,1.49116884199658
1.45732473741444,1.42960870991627
1.451003555561,1.41473392885391
1.511758404197,1.47727007090059
1.61171078712719,1.56568733982446
1.55126883929504,1.50617805005575
1.61986763500883,1.56786004885192
1.44744856397889,1.39269610074788
1.85620062083819,1.80580038504834
1.50314204169645,1.4551702819319
1.44673239344048,1.39618543923722
1.74161819325547,1.69175593713038
1.91818866508936,1.8651011807792
1.50248389381344,1.44366689083789
1.45950946248993,1.3993324925138
1.54552049167434,1.51084057999204
1.28523154453465,1.23863313557337
1.31014588285952,1.26639815390272
1.38263974624219,1.33459213789614
1.71017017035814,1.66483466692446
1.64917566914228,1.59923826669224
1.40257365360697,1.34300060269039
1.60521125886152,1.55471001752293
1.5971616825275,1.5407609507897
1.71115634533541,1.66459720154868
1.56117393951942,1.51813815416674
1.63078470381166,1.58509987310438
1.74989413148782,1.69575076262221
1.49461488528713,1.45189936482801
1.4783026876825,1.42933231369987
1.52948794358261,1.47990585478818
1.35141126743957,1.31993159057524
1.75857526643599,1.69912818263412
1.59530730410074,1.5518062013925
1.47924685222648,1.44394749086956
1.74745343485507,1.68945198672066
1.58536311531283,1.53858906084194
1.58338738064854,1.54282749041123
1.87795884749875,1.8241250380632
1.68468877888698,1.62733572299411
1.44860570775275,1.39014146899879
1.61349546420373,1.56993997586621
1.60788249460631,1.56359973577748
1.77182215429647,1.72382126677369
1.31162257227081,1.26657608846249
1.37968629647487,1.34731345306825
1.51778591135033,1.48293919744413
1.3396904710946,1.30201618857341
1.68179648113171,1.62670011296854
1.58200571720292,1.53698158337343
1.22507235974933,1.15974104156269
1.43717337712462,1.38083817809658
1.58448258848797,1.52923780129457
1.73962699825223,1.68354185924187
1.44431242468022,1.3872882532816
1.48517888545884,1.42848873066131
1.66956458287616,1.62552156115571
1.55197111665787,1.50433392484716
1.42620737209995,1.37989848426896
1.61143093160023,1.55805064768081
1.46021522068661,1.41059428829628
1.42332034323744,1.37721996285795
1.74382607205701,1.68462290817167
1.63708380922449,1.56805610263688
1.6015569415881,1.56004773006209
1.60749611570815,1.56236893819175
1.47778517147359,1.42367497001387
1.55236073892123,1.50743943396528
1.37568003284427,1.33395865397536
1.61722497744327,1.56773692243953
1.65436720810267,1.59135739143226
1.49461329952009,1.43710727497335
1.57824214970114,1.53865070064061
1.46980410327093,1.42665384913423
1.52042375415062,1.48870063213499
1.45381216026505,1.42074440816374
1.50176281686764,1.45567492995884
1.30409732396637,1.24491323643003
1.61431585526784,1.56746676626903
1.59750810175801,1.55138495929988
1.66087093593299,1.60101630591922
1.29113762962111,1.26005672922608
1.69962989306337,1.65621926334664
1.80268393061999,1.74246821437931
1.53577603459293,1.49339933744991
1.56734897667471,1.52326206731646
1.59953258390635,1.54523150780241
1.59023919325503,1.53862993638352
1.55403520738767,1.49019125127433
1.61715159094452,1.57648198119073
1.41137303753598,1.3525121947152
1.57711031557764,1.51908490193192
1.59558111801031,1.54345934683054
1.44446588106037,1.41750776288253
1.5519445039372,1.50388359454413
1.83576503757868,1.77202212059291
1.57665142002408,1.53999892318295
1.5348547721621,1.48807755732303
1.50798643606663,1.46694739705419
1.41169903250486,1.37080691233009
1.56732439366894,1.52143929862633
1.65710178635363,1.59310165019956
1.64985137297271,1.59176928078091
1.63976384924166,1.59040935591816
1.6159968376879,1.57166740963236
1.46364317021128,1.43561537831509
1.7174238598747,1.66328490248906
1.17935160528222,1.1509231207982
1.55430475066555,1.4885646247006
1.53009913313456,1.46919611625809
1.55472890424575,1.5065163243447
1.57418826558816,1.5168258397451
1.61068888086983,1.56584299206817
1.83016661643904,1.77697729409683
1.47898898250628,1.42268119747794
1.72860515694383,1.67725718888686
1.76302587181732,1.71048806890556
1.52798455327033,1.48058638329361
1.33267261211185,1.28254995355501
1.56992780859069,1.51303619688577
1.56342923042328,1.50928791005893
1.55236371377424,1.49555193809636
1.75909882018315,1.70896902252033
1.52177632281726,1.48135630222463
1.46604798242072,1.42174173481978
1.46617882144504,1.42487322102971
1.64542381648264,1.60650762407001
1.6381108345461,1.59029293349642
1.51430940453494,1.47508855369986
1.86222898970303,1.80778196500936
1.70576943771508,1.64912898945321
1.45230960829055,1.4074306456119
1.68920434745301,1.64199472668863
1.54793643312718,1.50187223885049
1.72794891424788,1.66532154615161
1.61270379025293,1.55913960709231
1.50275534430764,1.45287016261436
1.52729449277256,1.4832032050997
1.80162484209346,1.73260808008454
1.75727127408143,1.69817948033394
1.48058721768215,1.42880046879509
1.54755930566754,1.49939015015337
1.53567620034716,1.48366304228166
1.75762017245043,1.70590884283159
1.46866941969079,1.42478840720122
1.6953492514388,1.64724333971164
1.65373214538435,1.60576817684053
1.40091771319368,1.345141864644
1.47278882982626,1.4183197147509
1.32041222100386,1.27619254952788
1.57035406424775,1.53658683610056
1.49918979286,1.44443038919297
1.65730949486588,1.61372561992974
1.50902431217596,1.47445618817025
1.33768544824326,1.28927370311183
1.45886686379552,1.41584547895323
1.73375996427414,1.6860591818405
1.63858283587064,1.59456861100402
1.47353569354366,1.42969555065799
1.65099616811517,1.5862291399282
1.56392340227715,1.51889750139205
1.69857615818217,1.64406352589075
1.43890052837991,1.38111224326161
1.64684445724167,1.59278365239517
1.52720901005659,1.48252064507102
1.71813195015864,1.66447297611063
1.52847470631096,1.47955320679328
1.759717029881,1.70410137983479
1.46930003022594,1.43110129479582
1.64851096391835,1.6077249278907
1.45934981050943,1.41753029314113
1.84568014553872,1.78852298823213
1.68083221537275,1.62799562817436
1.46284607057638,1.43145103009119
1.5007977611936,1.45771025574738
1.5530443637557,1.49388416249243
1.47844076589128,1.44341251215169
1.47926023399348,1.4354195042971
1.6128880098837,1.56203083718379
1.46382207699313,1.41802696826319
1.42697568855999,1.3828596874648
1.53417149773636,1.491355005208
1.67496946644637,1.63034353379689
1.3554395601944,1.30651023440337
1.28704646956865,1.25575065346361
1.60587202512841,1.55536883805141
1.37763523713094,1.33681857439219
1.68947176817522,1.63755644241926
1.57825413748728,1.5334900674295
1.73879983301195,1.68213923609593
1.55757871227332,1.52175071439117
1.6046692650604,1.55266334210032
1.72876790218406,1.67798742688435
1.57066591333259,1.52653020457853
1.23255005521847,1.18268950878756
1.70657698009594,1.65509985079267
1.43926075650251,1.39676719656479
1.9100686462038,1.84495960067189
1.49601098372799,1.44862737348879
1.29443224448944,1.25854465832902
1.81895771013573,1.76587659240567
1.37917123758423,1.3237462910564
1.60627273055404,1.55059056730931
1.3071976592885,1.27356183717864
1.58180732960674,1.52513365988941
1.34932496196107,1.31014229958233
1.43106111331654,1.37499459948229
1.69149531297888,1.63967581981519
1.36758703357956,1.32595962654168
1.82719872033094,1.77451982778201
1.57987701471964,1.52594299950555
1.55083667477244,1.49620019453968
1.53852990316044,1.49115393183127
1.53157466179308,1.47959169056327
1.65281695903008,1.61242618840696
1.42013033002598,1.36989043132175
1.28014212645048,1.23836526285026
1.41069194903114,1.36672232220628
1.58152316649525,1.52099155283367
1.51441714430819,1.45902115127276
1.27056956182254,1.23584529980476
1.65216608945396,1.59116071363164
1.57494499830908,1.51813079639278
1.6285293627724,1.56766587292451
1.46121191550063,1.40853328674681
1.43885976078257,1.40751540220863
1.48640764133552,1.4432955862794
1.67001676264622,1.62507192853567
1.46767517824846,1.42223754521798
1.70650164881879,1.65738008575892
1.67555602938066,1.61804765873277
1.529591099512,1.48430526075116
1.50144595066476,1.44696221672952
1.47068148103253,1.42681408975658
1.49802762725546,1.45931691789752
1.70899835518234,1.65376684242257
1.52403575681375,1.48000391778138
1.58466674345898,1.53921798241774
1.26990149574981,1.22568962203511
1.50773148488313,1.46496456557285
1.75388579922439,1.68808441654493
1.52304900459269,1.47091224138534
1.47742327113853,1.42982285272414
1.53916915306763,1.48758138767574
1.46172147164969,1.41614813887124
1.77272008855685,1.71885243057785
1.73230112796419,1.68153050020336
1.46820463482828,1.41001102341504
1.57228283618547,1.53396472663897
1.60752916298325,1.55914685903857
1.74591918822817,1.68141195709646
1.18640043651237,1.12406528059555
1.44607912819768,1.37847531529164
1.51113811271362,1.4693027664255
1.84538826524746,1.79353941024947
1.49601943067563,1.44055871068565
1.49410048267119,1.44002144114446
1.58741522896119,1.53909416337604
1.57403404727565,1.52627907649022
1.46027473025829,1.41313594692305
1.40368912441187,1.36176703344927
1.43484657220056,1.39263216474593
1.71058703595896,1.65248007134416
1.6423886469995,1.58514766775398
1.53178432433849,1.49113143201773
1.73079986658048,1.68435596148906
1.78861049582066,1.72306043582885
1.59366240593363,1.53170689673547
1.56439725422084,1.51506256831124
1.65684692357793,1.59828005147554
1.5313102353462,1.48752332614145
1.5977735812238,1.54985944927043
1.35660162331847,1.29612295556233
1.75375722397205,1.69831500937601
1.44246045574127,1.39938079416065
1.53386882799006,1.48851352175793
1.36209914084643,1.31386837099388
1.57334664415075,1.53565173968757
1.44817936677594,1.40790623387474
1.52500196850574,1.48258248308708
1.64403301869903,1.58728104343118
1.61213149848667,1.56272738203896
1.46069952834481,1.41734633819748
1.42975662607082,1.38211913042417
1.43762100353693,1.39536015131455
1.46407711632958,1.41043190419581
1.68752809102786,1.63172362129033
1.74456623926798,1.69472244100083
1.71401996400572,1.66481786968559
1.58406902882364,1.53563390811274
1.68810905647281,1.63449177038342
1.527036231531,1.47976382739089
1.31525992444989,1.27188825289154
1.24626796938621,1.1950553151405
1.66261907863829,1.62121414792756
1.34545239866333,1.31435656693124
1.69631864976507,1.64258942157591
1.69843967631128,1.64457525156216
1.39884420849063,1.3496739005776
1.55043809498089,1.50924159979242
1.47505309503187,1.43073873739249
1.47918881898629,1.44171518968131
1.32382875256111,1.28298449898715
1.62658987518476,1.5818437957063
1.55126374084963,1.50059346525975
1.43462258792572,1.37560542564001
1.62014843548226,1.58117053880297
1.79790145301692,1.74158169677181
1.45464422678793,1.41755367162919
1.48609945152931,1.43604904961409
1.45125499991304,1.39788372801081
1.66273192874981,1.61134305606871
1.53972229893904,1.49000265490892
1.54900905324941,1.50142207926133
1.47981025320868,1.4324822658483
1.48628473177221,1.44441787073613
1.59414074927887,1.54088128597277
1.78412679529014,1.7322350945499
1.38745247398965,1.34265355883092
1.51476032396872,1.46663511872572
1.4504483964015,1.41283352940834
1.63748178236302,1.57860376453833
1.7016567529467,1.65302108318566
1.50555329332843,1.4543473431237
1.69409432030754,1.6425172701339
1.74151484540022,1.68577438925385
1.61209717674776,1.56175078696143
1.52947521730573,1.48107071226351
1.42482586769196,1.37299403039131
1.60268853572113,1.55261323870145
1.54851467631767,1.49653119596832
1.74550200435535,1.68205062260578
1.60196559982675,1.56162065638284
1.52380912909869,1.46664105180227
1.61963592840996,1.56163468088992
1.44677889002659,1.4114013931843
1.74180786015957,1.68652234845858
1.61604961939164,1.5532363525827
1.54838096881788,1.50303711692084
1.61098872341754,1.56929884959538
1.57467412439878,1.51404582513171
1.52279153133369,1.48865442766759
1.21239672455586,1.1648892374747
1.73586275876264,1.67622956442165
1.39159620924569,1.35270027925791
1.5478406220104,1.51043737353489
1.33493547161292,1.29275899225718
1.43992303026981,1.38406432709271
1.61537011671871,1.5783035879254
1.46995834975146,1.41555067367068
1.58005246803192,1.52763893778184
1.38692823343667,1.34233421547057
1.56496949596119,1.51162359425629
1.67754895777084,1.62619793577475
1.49850041520232,1.46384513954494
1.40440997303264,1.36025239749735
1.76655687194205,1.71264712983918
1.40896270048335,1.36710281953494
1.57483402065507,1.53960890783083
1.6176855403937,1.56291700584808
1.56429950156934,1.52981449522617
1.36697611219234,1.31771538477517
1.73512263568926,1.67970001216878
1.5718055187749,1.53119850045827
1.61254909389101,1.56380788099813
1.5935320659929,1.54074462182802
1.50645645287857,1.46373499240446
1.6643611425887,1.61233491482071
1.6471785695837,1.59360244817326
1.5266333619125,1.4827946381818
1.66115649086709,1.60958133448808
1.71704166692844,1.66343655582173
1.69178836687913,1.65098949323118
1.67978023477874,1.62250050913699
1.52735542194272,1.47589796687732
1.41947664848797,1.38839036338263
1.54264489449081,1.49162839042497
1.54612605206103,1.49947186630671
1.41206303805668,1.35053590944701
1.59763954561875,1.54748521894296
1.53497694274392,1.49318893483416
1.5034914295692,1.44811942998077
1.49242875008289,1.448940639483
1.57243057992837,1.5288128445237
1.74089826152525,1.68633102372666
1.63024586979422,1.57362521433236
1.52408669762988,1.48552311382918
1.51124014714083,1.46396584828708
1.50628331420693,1.46607697551423
1.54893164470248,1.51027603502292
1.5382142539031,1.48967112708354
1.40583106764161,1.34366403144541
1.71141947327783,1.66236744248901
1.38660078157161,1.35798792716053
1.44311623284448,1.40109736890941
1.76385265218704,1.70063825789256
1.73498258347748,1.68754537892921
1.52344360965769,1.47091142624858
1.50058982615453,1.46739853278207
1.44691965789087,1.3943847057412
1.59084349514114,1.5476886250219
1.50469989807609,1.45522176669576
1.71002412552413,1.65788530113948
1.45989625588303,1.40488469611734
1.68418018368049,1.62174413404691
1.68591867729741,1.62450441000259
1.64413044652144,1.60621010638979
1.40290985498977,1.35009602352008
1.27095645370396,1.23160899005098
1.49296968866857,1.45221531549548
1.70595305442625,1.6560159403636
1.67375806233337,1.62402047933188
1.85249194738178,1.80105941045409
1.69513788850084,1.64785268958331
1.58339574524952,1.53270065963803
1.54152659019796,1.50152794170881
1.39206782119538,1.35274081646939
1.47926077401758,1.43907590594821
1.74010791806189,1.68146449927556
1.6903941008362,1.63652017763116
1.54252529562148,1.4848996699148
1.27326961984227,1.23998013044407
1.64667595235031,1.60056026852857
1.72443248668702,1.66691994035765
1.48137396927631,1.43376962205299
1.65155478771408,1.59878939986879
1.40649576069057,1.35503107758237
1.46965963837842,1.41098583180908
1.51543717701311,1.46472563005828
1.59106453078882,1.54299987982799
1.51892710440471,1.47315740043631
1.42473687812192,1.3843700191771
1.64906304953805,1.60531315027513
1.55613030426525,1.50820201417229
1.78891780808909,1.72904313539726
1.66421474644579,1.6117814275077
1.58013558522057,1.541915172538
1.69082965874803,1.64103095481603
1.51483455610816,1.46364112166783
1.43312288477198,1.36955966575908
1.68288059848168,1.63965686551627
1.57489390282739,1.53555019248684
1.56914666569294,1.5237991284394
1.47810667885426,1.43764675181704
1.53996529805721,1.48947006331474
1.53308063199367,1.49021328848712
1.62618107733564,1.5721397897634
1.40464474964466,1.37254721349435
1.44649952873127,1.41147220105401
1.71956375437121,1.66849440190217
1.58692279121542,1.53266403879553
1.57353738997037,1.53898672296296
1.44371375801806,1.39460736352556
1.57403941345563,1.52727993415169
1.77134052131803,1.71657417626896
1.56426203482896,1.52878452704446
1.56011337700546,1.51542594566963
1.50822532108478,1.46018500114279
1.63186538718457,1.5801131047904
1.76583365516498,1.70543556861664
1.59362085106732,1.53666679475889
1.58836505502178,1.54986669899056
1.58489626752787,1.54445761183807
1.67288134380423,1.61366965952288
1.43777447042282,1.38854575721946
1.61772839958348,1.56697536031931
1.26791681978461,1.22001777013814
1.38930831216207,1.35391064566449
1.55288033784833,1.49445548537785
1.54631748386368,1.49643293104987
1.21784149118862,1.17739393278633
1.52578041888989,1.47540370581191
1.48369044823136,1.43767703823621
1.82184742957572,1.77631114390823
1.28149256552323,1.23751352692978
1.58836446359955,1.53553798533202
1.57059633798003,1.52969483038408
1.48321105445307,1.43900499650689
1.64050848629671,1.58647048960908
1.54326332657539,1.50923184919452
1.54106903274273,1.49012393861356
1.5784064237803,1.5321650817621
1.84416584829871,1.78827353336826
1.50379841527294,1.46536892591966
1.3212948580392,1.2728730348458
1.74979576602085,1.70221845918534
1.50007076817768,1.45626412032846
1.69118105132841,1.63680446507107
1.41701388446356,1.37025771882598
1.41768900494832,1.38191275349567
1.70458850038378,1.66029822272253
1.65066778300263,1.59719166333978
1.67887950885433,1.6369926295137
1.43771903065916,1.39563301203671
1.73940337125449,1.68775194482157
1.24905868152838,1.21044096210275
1.69312985175728,1.64727944184086
1.59292459280557,1.54611359436934
1.5777691736915,1.52926118548952
1.55346434203508,1.49590674800247
1.4845394699463,1.45270316701474
1.39163062880139,1.34396932117167
1.46700959699397,1.44066423736758
1.47175059860319,1.42713017428356
1.53293474706476,1.49034383488073
1.67476631260133,1.6256561185426
1.4251414817149,1.38996748509453
1.70533036017583,1.6586624730056
1.65270071261311,1.58660464330634
1.50126465420576,1.45632375068071
1.36464684463799,1.32144483045811
1.41856856915038,1.37878267384959
1.55181812066467,1.50248709593951
1.59471618265219,1.54066760011114
1.75359432455835,1.68125601741838
1.67764206587178,1.60784560190134
1.39261124199281,1.3505905250479
1.28825999731461,1.2502475928853
1.50697413625349,1.47087109743218
1.58235879749406,1.54198526696374
1.73835800983133,1.68031199603187
1.6203311248237,1.57680536950123
1.63617815164821,1.5848573080873
1.56762840168531,1.51887310395649
1.55440549791096,1.52052980618004
1.76649695740958,1.71114101048934
1.46019759971223,1.39730596662275
1.60775093532854,1.56231725846691
1.70281033779037,1.6529484401682
1.50801832943402,1.45797259581626
1.36927700608039,1.32459241754284
1.58222965267265,1.5304647523228
1.34524494664548,1.29947440126235
1.61652376162532,1.56533901484301
1.64750318541034,1.59806583371931
1.61618844156638,1.57275445392101
1.60392800917636,1.56051969118172
1.49939764861701,1.45537853512268
1.50115319911654,1.45611680000554
1.59266053784989,1.53560718351179
1.39360337426524,1.35679721845753
1.40717663539675,1.35590613833252
1.66798171566522,1.61506709751913
1.47840681373593,1.43228335862596
1.3243186686916,1.28971174241133
1.62348504959734,1.56395226508293
1.61425522499014,1.56541423860058
1.53309683970258,1.48534079337324
1.57762269582844,1.52046680186901
1.57788916124258,1.53164165607569
1.44720710942281,1.39783404829485
1.42500645174751,1.3863934089773
1.53249034159217,1.49029374829909
1.73880266453795,1.67991962328286
1.51136077311908,1.45629313100354
1.47136175713045,1.43011450931183
1.65330274920746,1.58524795745101
1.39439784909294,1.35025907162558
1.54648944112903,1.49768305697992
1.51883195088324,1.47018720215786
1.70512084473701,1.65193932032737
1.47993138701502,1.43091662629351
1.28309824269517,1.24584959515091
1.58120400612734,1.5216387370124
1.49765178409597,1.4430487979144
1.5087490694056,1.44447573266716
1.71430754685347,1.65051433034383
1.63541542582419,1.59715512942084
1.69916528287628,1.62541733120583
1.65920799532122,1.61391096655244
1.50072706759336,1.46593288034326
1.65640395254337,1.60477547210453
1.51516082461251,1.47742513632361
1.57673707110796,1.52749284100488
1.57894388453933,1.52362717268903
1.51578936599066,1.45002104037331
1.41658346758141,1.37496193439156
1.33825905287004,1.28946714398095
1.82791146337921,1.76841103616665
1.375040831932,1.33273790276197
1.50431337542982,1.45804766943448
1.56288833752246,1.51814972732813
1.65464050807771,1.60098999214311
1.38543172342529,1.33136558911375
1.42388861788363,1.37372326554824
1.4089784813545,1.35830535069179
1.41027331312792,1.37775068344428
1.6201495766759,1.5694064764053
1.43140762170121,1.3939362262864
1.61909748182414,1.57920509946805
1.72100030190271,1.65777214395665
1.59975646773893,1.55396981347585
1.62830036912191,1.58310314661103
1.57475981735684,1.52189525094503
1.539641374624,1.48393708746375
1.5293960980816,1.46434940566854
1.60734171254165,1.56502716820204
1.67551783231181,1.61976810042772
1.48783594728891,1.44233051265668
1.54224094039615,1.48242626209718
1.60088909623464,1.54583098505453
1.52081358923794,1.47211326554718
1.72134625533848,1.67259533697796
1.55352584951826,1.49476578314426
1.58628329221464,1.54500971409412
1.48584330696894,1.44991613998236
1.75116505912766,1.69791495859266
1.78574904376609,1.71401796868001
1.63413260739101,1.58263522900715
1.61106960328224,1.55194679057961
1.58587928502272,1.54007365813954
1.71166388828635,1.6626570246959
1.79463860594264,1.73217873779564
1.61612566685189,1.55924726123863
1.59699365388332,1.55407129830308
1.50313150142662,1.46281858163172
1.39114800893113,1.34829030304037
1.53669671875007,1.50065509069031
1.51221154172612,1.45731278506515
1.64670048444452,1.6046414644956
1.35608444669921,1.31524658392679
1.5286381009755,1.49324855384432
1.85772901214474,1.80554968118516
1.72456661089074,1.66850782547756
1.27366368122924,1.24406744261214
1.56047824995671,1.50516512883429
1.63236285831872,1.5816633247869
1.51214874547475,1.47023378863438
1.55058975777778,1.49562906549294
1.59290421555403,1.53899990453667
1.55709568495101,1.5069088630067
1.37588854327325,1.31871322639652
1.76186729909692,1.69760647041751
1.33384380945606,1.29214544191064
1.49920679158106,1.4630199197127
1.67793571085619,1.62099942048913
1.7032331070669,1.6418714703949
1.46139070671977,1.42690156163264
1.74427215778645,1.68638792576379
1.4406840339215,1.40653334785588
1.54623981055204,1.50171477964009
1.44170383830687,1.39663771810404
1.26669184529166,1.21983814824335
1.58302478161337,1.54123184727041
1.60697778717441,1.54385943166238
1.71854146868646,1.66985586658629
1.83400555090242,1.77343309397906
1.58955816123282,1.53550417798327
1.20249011547988,1.1484955646327
1.60291276008913,1.55553513890355
1.69040325808337,1.63878036444539
1.71570473235783,1.65965008654258
1.39376625751165,1.34610308222399
1.62859642495317,1.56808488081873
1.28758545880854,1.23103465756824
1.58656984584194,1.53383887356658
1.50980228663282,1.46842283305186
1.4652224751921,1.42120330725129
1.48663732279619,1.43139460268659
1.66541269334545,1.60926662681283
1.41429565565705,1.36073267406571
1.38368064299505,1.34380275677355
1.51433266649097,1.4751772968342
1.5465442536246,1.50218680077855
1.42922161497564,1.37630969592828
1.67492358915354,1.62610077039897
1.66586119110917,1.61802134516389
1.6488131985328,1.60376369698631
1.45770241325605,1.41501129018788
1.95228099952207,1.89420580558799
1.62947650789567,1.58134461373475
1.44305577804704,1.39020622868899
1.49263292263785,1.44815478592974
1.47322339753837,1.44187063598989
1.35966172659978,1.31471949986812
1.59741695368237,1.55005399076981
1.46933905684972,1.42664305720229
1.43289908387277,1.39264874798636
1.65390334139764,1.60765505242777
1.47105815433196,1.41873495717874
1.5622098226879,1.50964317426964
1.45247379055728,1.40665727502
1.43837802369632,1.39385152153918
1.46670329174503,1.40827134079554
1.33932651933648,1.30040522907496
1.64483507882354,1.59310654545333
1.52045690525088,1.47809712823226
1.57893159112928,1.52742634748749
1.5965970542,1.54933593302152
1.41368959186793,1.36399723147403
1.39268556490777,1.34657477812178
1.53828444842061,1.48045700982878
1.46756547465477,1.40655832403579
1.57096452692745,1.51405495395389
1.72678454927244,1.67430528439083
1.72978265627413,1.67383582736593
1.44485582202738,1.40471211367954
1.79799807433412,1.74117278844647
1.59988486043751,1.54482739205211
1.35686197168101,1.29767129603263
1.25030443060932,1.19548115018129
1.6178789586887,1.56738403002661
1.62216191713431,1.57178859088794
1.72589867077152,1.66924443331613
1.45807780891752,1.41407657449838
1.74005513439636,1.69235233374212
1.60284195360587,1.55014571468612
1.50247091496517,1.4463562195517
1.567348114793,1.5081753288463
1.35510842742565,1.29940762881387
1.39190242455834,1.34158519653938
1.64571209955953,1.59704839743748
1.73219542736057,1.67895725632228
1.40273285173942,1.34793590971249
1.70759905937533,1.66562335523858
1.51507288861717,1.46985261966265
1.5651179182012,1.50709568481741
1.50904241569183,1.4469645035795
1.48014449999748,1.42365579157405
1.5072242045074,1.46891728708273
1.62828228218509,1.58695657772216
1.52336296068231,1.4733718353486
1.29091235312167,1.24471874828446
1.73184504915676,1.68266867339649
1.62246213570959,1.54792397587285
1.73241855308179,1.68240480541845
1.62019309334554,1.56604413949401
1.51136205645106,1.45034610674295
1.32121004852475,1.28439343199467
1.89481170801196,1.84518070866217
1.5917918489075,1.55298517288546
1.74300219859156,1.68245725596104
1.54613620690933,1.50030739618068
1.73318230970968,1.67640158115547
1.57980658031619,1.52400964721967
1.4466963141564,1.39549345583938
1.39273847760698,1.35494200410036
1.49757875275444,1.45058497227408
1.8198638694764,1.76468362087697
1.48812421042893,1.43949988541337
1.39141067488069,1.33620850811231
1.54049881163474,1.50400490906318
1.57799943891344,1.53486872860986
1.68557453363234,1.63920650843716
1.63873651365587,1.60361128066914
1.4856626440274,1.43224256659143
1.69906558090708,1.64724586287864
1.35915731517533,1.29956672087301
1.28497478142341,1.25354484957317
1.66355444140787,1.61593280816426
1.40187217881391,1.3583315253806
1.57064114347121,1.52772108844398
1.51331109102596,1.46485325627804
1.61594932617288,1.5755976667576
1.78523718474908,1.72502209024247
1.42837115733139,1.40000313293657
1.64016830580651,1.5953276065967
1.4526073227276,1.41688474487101
1.58552331390152,1.51915261979483
1.70476608341592,1.65971434300373
1.69757198085686,1.64134716746522
1.4674559728644,1.40341217996241
1.60273945310325,1.55924086740928
1.62921409791401,1.59204836968175
1.69444794779201,1.64843904492924
1.70710021386833,1.64457185770923
1.58531113513111,1.53241776484176
1.53986389251245,1.49074060343406
1.62452182292486,1.57203515806792
1.72604648219611,1.65643986998338
1.44027139616572,1.40354675929291
1.38446685159644,1.34281284557582
1.50520060306994,1.45039799298468
1.55257368988097,1.5087407016417
1.5747377187879,1.52631173726769
1.49303016430466,1.43998666264138
1.8872869365868,1.8186080419426
1.70810039912836,1.66116117247907
1.25422280621436,1.2013637536285
1.49399825581482,1.45945067994062
1.78796493605068,1.72746164903504
1.67316456529839,1.60630108560887
1.41221712495248,1.36644245692258
1.75211417891167,1.69789403922363
1.74756247745087,1.69856306565013
1.90848418145096,1.85201917636842
1.57051351610832,1.53275446733655
1.50787197856025,1.46276468114302
1.69537028766901,1.63126265260522
1.48287898627023,1.44334522771893
1.77284070092047,1.72505455341358
1.66456560423158,1.61388393853265
1.42695984049207,1.39207560529563
1.54822197850105,1.50688756401953
1.52002818095055,1.48010151003079
1.64217040760775,1.60065383408802
1.8137971173942,1.76161443639336
1.46717430968272,1.42193261436978
1.70409222532636,1.66041438935835
1.47050866009574,1.42646382355724
1.41825135952405,1.37962540265864
1.55487493719387,1.49456934619793
1.65265754967949,1.6022775267701
1.72816682286247,1.67622783995395
1.63507896352386,1.58632889722004
1.52358011063872,1.47047836301088
1.32686516611995,1.29189854039623
1.52636967830784,1.48197670804533
1.55021924560436,1.49423751143936
1.79382641835137,1.74467306092156
1.40740600612089,1.36627181632243
1.44782546843319,1.3993771751658
1.49190090886072,1.43662647866355
1.7894285807936,1.72114482576032
1.56920147031629,1.52076551819786
1.74047880838881,1.67914391384524
1.57552758771613,1.53531431635276
1.52720560371565,1.49160087362266
1.75389633232232,1.70614503649893
1.40795009136361,1.3684777415095
1.84158159071539,1.77715348094459
1.60522586133325,1.5639110762441
1.52744139408327,1.48051167307871
1.51293560131062,1.45548187613183
1.69103841448882,1.64229603370231
1.60241478197998,1.55602552829577
1.53491339374717,1.4908733350791
1.61055096588675,1.55382671396821
1.61804411430705,1.57993001307931
1.3419494770105,1.29610024567638
1.75947331584211,1.71706198675148
1.58259589933403,1.52057902495341
1.74181428199639,1.68607750392826
1.77837237449935,1.72397516415138
1.59048857981215,1.5499864889688
1.56548780691389,1.51717930182631
1.59538442459551,1.53681003342927
1.60659198090101,1.55445899558987
1.52649846343822,1.4752975239246
1.59200254733961,1.54887061393416
1.75073969770249,1.70382212958215
1.3655767875096,1.32779156823398
1.59447502132607,1.54510926851006
1.80756265568747,1.74919468203159
1.47438213111377,1.43339489194812
1.65886913145702,1.60704036349927
1.64113122793255,1.5888314824223
1.44184829837032,1.41442969934795
1.65704406390637,1.61242498211823
1.46205483310254,1.41620335627394
1.5165346618254,1.45542511291259
1.55114359287086,1.50864573911525
1.60144839690743,1.55654759726608
1.66741039641308,1.62186405947922
1.47868892750516,1.43912463983345
1.53501565873149,1.48806238216784
1.38006419345247,1.31407479002737
1.81036359408115,1.75831205799953
1.67005148879546,1.59643515801314
1.69549650004976,1.63488539908227
1.38451017640205,1.34261812512752
1.61192590695853,1.55925188268642
1.56336100366758,1.51595204669031
1.53416767303751,1.47709666336942
1.69478229326181,1.64274857227678
1.53259911800814,1.48856041565365
1.49921344267917,1.44003508013209
1.29453166085671,1.2456969120055
1.60879396521575,1.5491099234436
1.82715139889839,1.76880927856497
1.87426688510253,1.81605283218878
1.6076240184819,1.54835629410456
1.49855105898586,1.45276795718915
1.75578595929245,1.70638934486603
1.59025689181541,1.5375775829978
1.71887824505225,1.66525999432456
1.1915962318716,1.13823936309133
1.63619197991393,1.5893449804871
1.44339226998704,1.39459040201638
1.42797820421003,1.36861078874857
1.66488672976609,1.62126675423342
1.39738825129455,1.36300400434359
1.65243339815427,1.61189548747574
1.71660786763649,1.66292350531789
1.43719446763419,1.39311295952279
1.64113142330079,1.58762808508925
1.54215737307373,1.49065168874925
1.73040115669767,1.68103429778117
1.32150711287903,1.27107928532743
1.60557307475201,1.55225161213132
1.43232573693522,1.39208181546697
1.5150500896786,1.46793745667369
1.59089097732828,1.53629543409868
1.59003288373208,1.53233598572402
1.53068686172411,1.48363897302475
1.59804096821636,1.55322569584746
1.20492971809073,1.14654115513683
1.60010912639164,1.54499003609799
1.7435992344242,1.68154467376087
1.68772195325188,1.64387853442431
1.7122897665201,1.65990365004602
1.6120540443301,1.53949190445294
1.69816487303219,1.64871829835702
1.46284339403777,1.41221715759748
1.59035347314171,1.54602976972806
1.63579336261156,1.59275460195464
1.51194462210269,1.45609617954966
1.84955570133777,1.78310048158542
1.35815576752639,1.31915332951225
1.71829861183967,1.66887548195505
1.51237902674824,1.46628831988675
1.5715629826903,1.50565662860335
1.82340284916504,1.76111819918011
1.33254711892479,1.29388171724566
1.32892477610788,1.26382203735788
1.32936664538157,1.29414801837193
1.57200603247749,1.53003366032584
1.63975679810562,1.58815559026774
1.71228434595562,1.64516322023669
1.59790089086346,1.55393712423119
1.58416366368636,1.52736613826011
1.35467330944474,1.30652982734419
1.55740100469168,1.49582339717299
1.27082052987662,1.18190704998762
1.63520698132057,1.60152517094526
1.56221967953581,1.51825229008515
1.78527600994827,1.72825124425787
1.69518896215474,1.63556437096809
1.53277440348906,1.48254802972114
1.40423273595989,1.36932694954405
1.64940870588893,1.59177575724734
1.46679823804839,1.41915579781732
1.54368117987218,1.49274617791863
1.60549747659852,1.56537440055698
1.76450468381848,1.70714875770174
1.53720550490924,1.47021520573738
1.61680019716369,1.56894359108913
1.54852042629264,1.50868751591713
1.78601134086958,1.72559539159333
1.64869836495524,1.60980731681494
1.40996825721726,1.36810122543331
1.77666245565513,1.71474534850787
1.51517132275284,1.47605864661888
1.4883815473783,1.44503345131062
1.68839410972561,1.64620323159186
1.66061290441041,1.61162692747849
1.57001099958412,1.52217330974004
1.69266025242028,1.64191846562473
1.56758686518582,1.52858114896809
1.24066225861368,1.19473376896375
1.5063797958344,1.45196324421485
1.49360906107214,1.43753536773449
1.61851741130769,1.57533263084266
1.44413653156177,1.39772203589389
1.49888177443079,1.44764417044572
1.49183346923536,1.43064937607987
1.62538723983586,1.58330878949335
1.53495024349564,1.48560371268567
1.57412002330764,1.53461381846184
1.3132087739841,1.25026798207399
1.6305540725777,1.58434896131653
1.40145171208892,1.36068964763785
1.70387834918011,1.65331977346146
1.61164532704572,1.56663626899352
1.63697580646811,1.58577083935773
1.52652641035131,1.46851230347343
1.51489315631669,1.47703164709687
1.51740754178187,1.47194552343922
1.30350603074229,1.2627197293922
1.5939173969523,1.55533519771967
1.56539177740514,1.52866911848435
1.61873222827989,1.56311049083603
1.65443983064217,1.60048055612128
1.77845050788249,1.71933445079613
1.64368016969797,1.59764182091604
1.40850893029204,1.36481073636836
1.45620226526203,1.40627906644859
1.46192875227763,1.41253812143443
1.54152032481632,1.49699428335604
1.53929261084633,1.49267211573135
1.56460185457953,1.5199787768173
1.58433052033009,1.53731116385488
1.77256731164317,1.72291821002253
1.49551284960706,1.44692767379374
1.53344140469883,1.48749660266005
1.31557252860978,1.27089077405562
1.80618851798518,1.74373937649744
1.47574524891627,1.43918142225013
1.31429868650417,1.28182538784217
1.68080307298306,1.64075634063539
1.65927925506315,1.59717873163507
1.34218377847337,1.28316024656234
1.48069578109737,1.43440419050237
1.83381059418944,1.77806946695643
1.83052169575108,1.76523212537003
1.58621505666828,1.53946293091676
1.61828466226709,1.573683720367
1.80059345457956,1.74534010436174
1.63773070593473,1.57434701732019
1.77936169834126,1.73087675773745
1.70244883053998,1.64760529058277
1.78302944252606,1.72305796116449
1.74921513702572,1.69912651607
1.49704654451398,1.44202315096471
1.52017410666169,1.48342971400859
1.63247404329852,1.57417790538122
1.74230419177497,1.69127930140356
1.47090614907627,1.41224370217946
1.74954469809428,1.7080437583936
1.44204245376909,1.39248791347376
1.59635568376535,1.55178811017879
1.61505785474609,1.5635105393553
1.58893472362827,1.53348100491772
1.63772808661558,1.58572282449119
1.66256506838973,1.61686015549522
1.5079665161019,1.46543599771109
1.59109058161587,1.53438219336939
1.60292611796351,1.55495423424179
1.33675983943951,1.28902781448973
1.70414077813511,1.65695616633876
1.5096270054028,1.48203652299808
1.4164943529375,1.37875488170307
1.70855120098131,1.64557017202126
1.47756764785387,1.42855801849744
1.64823671019275,1.59573295150532
1.61741286303281,1.57491178672127
1.67167885261479,1.61963187545949
1.60555043500873,1.55842794834391
1.71292404524419,1.65476311939882
1.68468343521069,1.63801562963377
1.52959014961029,1.47763791619246
1.52463579359997,1.48601168529412
1.5616915413105,1.52071152197872
1.51520689110461,1.46165008875736
1.88757770616219,1.83716428791762
1.67029103861642,1.60985707148135
1.72924780783699,1.6735475266342
1.66902641078445,1.62579841039107
1.4093454428085,1.37041887980774
1.65869696360652,1.6144965906862
1.35415029035556,1.28265933135759
1.53678674872945,1.49399452643741
1.62599068456956,1.58265476914552
1.52891556246197,1.45865092810424
1.64685606070848,1.59650852827855
1.4897629521562,1.44717205439422
1.45216068289225,1.40492890058781
1.50410954539547,1.4643070125972
1.62373099290204,1.57471024759099
1.53742381089433,1.48593240597705
1.48278149023548,1.42904878123025
1.71236791371074,1.65836932544078
1.4478228002791,1.39473860815208
1.65056774812933,1.59335083228678
1.59505026198096,1.55097380699007
1.69416206116,1.64271671435677
1.388938984314,1.33935923857512
1.79684028992789,1.72938447128708
1.77082503828494,1.71815114681473
1.56633789374243,1.52137714089392
1.78570593121947,1.73257161134154
1.7066837919194,1.64591777757391
1.48058792900628,1.41625649819523
1.41804060585445,1.38355500676453
1.64416754595047,1.60401804862628
1.57165878804625,1.50568746216372
1.44016524076429,1.39113812897895
1.69322995802991,1.6423248743437
1.68625637273926,1.64004390157809
1.49968786039556,1.45068813379533
1.44634168210938,1.40165031585906
1.55132149389017,1.51335616167092
1.77003045972612,1.71060898945389
1.50724840340677,1.45978598635653
1.6901513601809,1.63211437053915
1.64274842709469,1.58448752589207
1.84114752994452,1.7779291310462
1.72128470766265,1.66670803985713
1.5248542241915,1.47798401746397
1.57909651093645,1.53200812811339
1.60516665414993,1.56475897973597
1.36288085760203,1.32668611006677
1.46156672766548,1.42227061357387
1.62270350061127,1.5765472406423
1.56007359233479,1.51345297074743
1.44407222882593,1.4001086149497
1.38186731942968,1.34303588837476
1.59330987297269,1.54646118855444
1.45954214085571,1.41868915750301
1.46187940659091,1.41291991903809
1.71550079081122,1.66762517751012
1.23988760834933,1.19704109962485
1.9133922467513,1.84677455633144
1.48980992448363,1.43849351406283
1.60248506718441,1.55293754875813
1.53561499182334,1.48427085965568
1.8228048721409,1.76801748001862
1.41058392035757,1.37571652604702
1.47380527634529,1.43448367479842
1.60019714968831,1.54838455499296
1.53529464432771,1.48707491671598
1.36724317325816,1.33490165106589
1.64235927606152,1.59692443100815
1.73891464504313,1.68803817313927
1.40295818151537,1.36066892590049
1.23949529160451,1.18756348649056
1.75084336293106,1.6899323543484
1.66306435030629,1.61721558011261
1.68441124070548,1.63552828012789
1.31094045221012,1.23960689928392
1.49949254535899,1.45403208678395
1.45290407926742,1.41593339172752
1.50464649970187,1.45143666573094
1.67176429433499,1.62736150879147
1.2520104507635,1.18597031555855
1.58954611566147,1.52740483663791
1.74593690663818,1.674580851707
1.78428550204716,1.73253288402661
1.79146758170146,1.7398711009157
1.54866831996748,1.50374793524478
1.80892681389868,1.75479657386033
1.55053990619889,1.50277597201112
1.76402406383188,1.71438964955787
1.66437985049231,1.60071057952507
1.55422722195968,1.4990769245375
1.43457473805335,1.40240642212475
1.63314377585724,1.58387081599691
1.54866632640214,1.48268868674582
1.55739222608511,1.51403079519974
1.26414970437118,1.23315218569876
1.58201673118224,1.52751659258336
1.38962885917448,1.33690028953578
1.52615471409386,1.47035893865175
1.55855973811904,1.52189201380583
1.75966368081051,1.70053967966372
1.66327376922937,1.60453967795175
1.60946766031062,1.55259872895573
1.56906451411258,1.52569090644229
1.41304277254332,1.36127629495024
1.47671842191637,1.4284728294513
1.60908997512781,1.5687370337483
1.72743187278344,1.685073323162
1.52694393556298,1.47012832298362
1.5609105032954,1.51147128466148
1.66473516743535,1.61785706297001
1.51497877378866,1.47390511361438
1.68511690146022,1.64001362168803
1.55190057209279,1.51300831676199
1.54659968727277,1.49259196194318
1.81341822244129,1.76736173951112
1.65916231220028,1.61090594288411
1.53218787251696,1.47894958019295
1.52112935268275,1.47723714540515
1.40621720769147,1.36152342450454
1.66260370988686,1.61934196011206
1.46598452699067,1.41554962978646
1.61931747325623,1.57983334686026
1.60095172659458,1.54911567757444
1.56858659643659,1.51686896754435
1.7201714966461,1.6675139555504
1.56772812522151,1.52781614628908
1.32626301328737,1.28916363857322
1.4197072313621,1.37908792091931
1.34814617677532,1.29462030358439
1.59037962756584,1.54317065499691
1.5845398525119,1.53632238202226
1.43714870145864,1.389885735734
1.63488557578162,1.58445943302744
1.4785976141806,1.41290784282132
1.50008256227896,1.45025198990738
1.68869418557415,1.63765247893018
1.45904555056595,1.40314743154806
1.57837474999422,1.53790744515171
1.28166783196456,1.23008571323064
1.51125907855401,1.46738515768195
1.56831045745081,1.52055355258795
1.53958720596294,1.49985610915421
1.62879706125284,1.57569581583194
1.67488252337764,1.62339745454539
1.62486593278108,1.57312995278992
1.61601372471956,1.5716354443091
1.58202428539187,1.52173850445587
1.69468595782295,1.64111512336892
1.65731319892276,1.60011305636223
1.28425381772931,1.24648272462453
1.54513050016754,1.49000254829385
1.50702402333871,1.46596134333144
1.74744102950544,1.69672018164406
1.62234419049398,1.56913812629152
1.21798036109161,1.18085085622615
1.57708400837435,1.51213213421378
1.5779373851968,1.53046587726982
1.51210959562883,1.47380636396911
1.53586442946122,1.47849572104476
1.70223921685414,1.65429920711511
1.66127708864282,1.61906275305406
1.43640799139657,1.39000588684493
1.6940059064591,1.63722904459386
1.67285786199497,1.61830510640194
1.6016456027612,1.55694919449594
1.41108419094373,1.35198390591042
1.46966621668731,1.43209974236732
1.72321936861707,1.67246847114504
1.47381028856163,1.42810231593227
1.76738182479244,1.71310116573567
1.45221873003476,1.40826001594496
1.51716396503402,1.46786754308389
1.58154004253507,1.5314045200963
1.70262333818917,1.65807860923971
1.35651693198654,1.31101418226912
1.61333456536169,1.57316379384041
1.03479209598718,0.99104668727944
1.68458059724811,1.63863976331502
1.57688531185161,1.53547191609743
1.29669493767482,1.24998797105206
1.45757750811329,1.41547484226748
1.8032614446807,1.75017790789862
1.40832172222491,1.3636760976107
1.43588601888789,1.40364579276824
1.22951213923616,1.16408032523813
1.69030150702556,1.63517750971725
1.77182682586677,1.71641697164329
1.67601352525203,1.62583365975399
1.53740106724348,1.49037511373079
1.64232629256836,1.59965767008114
1.57323871702282,1.52467228324344
1.57894108979761,1.53223232731992
1.66526983806331,1.61395302445455
1.55774659606946,1.52570189561184
1.63633155292211,1.59599603102574
1.51020970936708,1.45080898601218
1.63515380706642,1.58818150825798
1.62664013972276,1.56622481433422
1.63043723596338,1.57332116034062
1.55902605374432,1.50813747141843
1.64376831040679,1.56313173046181
1.58899999723789,1.54325362689276
1.45788966844717,1.40648447400011
1.53000491609289,1.48352260498308
1.69080209067301,1.63631196795524
1.38025918713204,1.35316735130201
1.61635316447404,1.56910514467395
1.46319565097041,1.43030779651874
1.47553848283381,1.42893545841889
1.55415750251079,1.50014751554471
1.52649787434674,1.4842746222655
1.69750537852685,1.64483788905527
1.52859014124616,1.48012960908862
1.59411401005628,1.55386318044524
1.7171806796577,1.66540292884917
1.3610300825248,1.31347404611139
1.60042036298745,1.53798373546347
1.57297944050908,1.52044660403565
1.6563179831311,1.60416915639709
1.63644257018324,1.58573234019817
1.69147538756176,1.63939864927124
1.44023725795943,1.39471356694893
1.68435507886551,1.63549677285981
1.68794193409378,1.6300250728611
1.5489050343253,1.50382668178548
1.39388784955765,1.34569155479102
1.6945602840497,1.65340890585581
1.79645183473741,1.74317154712341
1.46414041729465,1.42075414756802
1.67923411198106,1.63078633277767
1.52547118509546,1.47061832544862
1.40412434500639,1.35709904312642
1.40301411779773,1.37367106242413
1.47630180201241,1.43825223279861
1.56406312829004,1.51054550248471
1.822641900097,1.77178377988441
1.60177463582283,1.55867718034249
1.49895049391677,1.44982679168407
1.47370220541628,1.43661555486535
1.55009545354824,1.5030107632644
1.58637781424725,1.54261635510801
1.585946448883,1.53815730205512
1.6959829271482,1.64417489504758
1.62677363013244,1.58103520209255
1.60451626542769,1.57065175433891
1.74649861632393,1.6992355992189
1.69696194361592,1.63571787461626
1.48690342166187,1.42954702531565
1.71242913338081,1.65733902044202
1.56558447549551,1.51086447608003
1.73422675097595,1.67105351905798
1.41908639675878,1.38452880443293
1.69030081768066,1.65305554809832
1.67309252578503,1.62474602249816
1.55088351314841,1.50967032075147
1.51042231513259,1.46564880706874
1.73586331692083,1.69235191303703
1.56267579596226,1.5140024530452
1.50465497915789,1.4653954939982
1.63183413873015,1.57667989409261
1.6301805231726,1.57692753746121
1.59660508278952,1.56074891230308
1.57175190978934,1.50279859691847
1.51056774602511,1.45958382867015
1.74078715578827,1.69186579065544
1.6635553160363,1.61083115210682
1.70507995489012,1.65905591753671
1.60577185379325,1.55500964457085
1.57366100058825,1.52793028451659
1.28545786094414,1.25234008693033
1.57327632409435,1.525099149843
1.2673406928498,1.21945470986449
1.46379505297104,1.41715083072118
1.25725947755894,1.20791743178468
1.68791696898812,1.64217426356816
1.60886200179546,1.56308469317784
1.53069355637817,1.49650319539368
1.71200309958233,1.66266809196295
1.57210274840131,1.51042036169348
1.54299811007326,1.49511704668753
1.76485079707423,1.7126174316145
1.52228854123265,1.47500055850107
1.5671345272258,1.52323734399502
1.63101137399505,1.56889999166138
1.43324714959137,1.37576302835015
1.55316281240924,1.50738662786135
1.64730357340036,1.59050406289653
1.67402242119496,1.62798071195442
1.36751890594336,1.32692193110857
1.54363357373557,1.50691245683793
1.74833856965166,1.69954080500429
1.7007238128228,1.64605446038321
1.67370462051309,1.62527910747937
1.39931958987002,1.34774271040309
1.4980767153105,1.45283268050627
1.52353069811359,1.48444609422883
1.38312560994818,1.33963286062425
1.62300591418089,1.56473907791808
1.34617020821257,1.29725372485591
1.6522939220222,1.59798902128522
1.40342908914548,1.36856600515829
1.56122760998257,1.50949193626744
1.68706805678186,1.63780428304113
1.68799672005072,1.63946017081925
1.58002149431471,1.53730035201805
1.4391190309263,1.38454382071271
1.74859200243152,1.69782044100274
1.36635290759752,1.31070188161495
1.37194853617444,1.3258775157017
1.61935961912829,1.56798886493188
1.40821638382578,1.36841527277527
1.65548372547855,1.60881906886521
1.48038053483225,1.41453041075623
1.66017721242022,1.62002964111523
1.52468938167501,1.47898368496676
1.11003898378709,1.06646975795968
1.57967275828154,1.54150885089365
1.48690357751825,1.4435417288322
1.45167657485543,1.40141512180845
1.42903367923221,1.38019999631111
1.5135705320002,1.46494956513422
1.74624480188625,1.68719370857901
1.58846256729745,1.53708816018339
1.38708631651104,1.35475095105565
1.39846347203029,1.35556317344242
1.50054241948301,1.46338674813867
1.73032546738016,1.68219613790762
1.59546919237629,1.54690458690911
1.60889322751489,1.56109537086569
1.67188225371267,1.61189910261649
1.67195440251775,1.62504995240228
1.56107085649184,1.50117857120199
1.59345302433781,1.55191393719558
1.64842094852581,1.59370747904208
1.64656859932635,1.58755662647816
1.64503259149597,1.56934915193654
1.62149160261546,1.56944349908031
1.80186503945905,1.75086599221221
1.51199998503598,1.46477368483344
1.64257243391027,1.59589805064039
1.35316489411416,1.30726906753442
1.73644714706855,1.67349831962807
1.66053612592799,1.60894672862136
1.7266594051938,1.67494447353151
1.67934403971708,1.62574277417478
1.57748172402427,1.53061735188416
1.52122715974484,1.47657068297811
1.4602902348252,1.41011754354185
1.46388694753013,1.42546171908643
1.76971777698731,1.71818383605343
1.35494385849105,1.29547634666524
1.40830386984093,1.3645577284677
1.45939133867242,1.42157683806344
1.61686536921019,1.56374274790324
1.56927795233494,1.50828181910479
1.66012489466445,1.59877504877359
1.49766545177357,1.44763634364318
1.54298536142245,1.49644034070978
1.49922297747858,1.43808194312643
1.73903393894047,1.68756251638021
1.61442507125995,1.57309281064087
1.43067012182516,1.37844625565433
1.605832282606,1.56141500415243
1.50671160957526,1.46782727492924
1.48969433331436,1.4461323475695
1.56091895943737,1.50885761934888
1.47451784915783,1.40869881624694
1.63710985815052,1.58820014083831
1.580629752969,1.53593398666879
1.31289413320751,1.28385440569368
1.74109676334356,1.68865377651055
1.44006858863869,1.38898086233693
1.41163067904663,1.35751185785177
1.81317522687321,1.75924320391116
1.47742212928103,1.43902419693506
1.3733998364349,1.30615904381021
1.75765308877264,1.70353602184764
1.64179749375732,1.58455056635002
1.67410216109927,1.62103933723703
1.50208921457764,1.4733275915799
1.37334186075168,1.33569291937897
1.73768415847194,1.68084330770156
1.37675548493669,1.33068929556838
1.59133583348306,1.5425396765363
1.28789316643376,1.25270163585535
1.46158104656406,1.39095105556017
1.70041066617323,1.6451367998541
1.63510181186391,1.58756427508687
1.48560719304339,1.44478504588668
1.7915200884889,1.73317664839551
1.60732793504591,1.55411925760653
1.51938362509383,1.45645939905134
1.45084363762514,1.41095224417894
1.58054207847815,1.52744503049951
1.639577002278,1.59246146138284
1.82441698778437,1.7675196643745
1.41163495147856,1.36724042242455
1.40295949082109,1.36371291323291
1.49307165013997,1.44723208537523
1.55605054709546,1.51019591238168
1.36222354737652,1.33088699943605
1.52318768286794,1.48533261523641
1.66464147783245,1.61725638927598
1.37991314088412,1.33819028101385
1.44500192119994,1.40150890652804
1.32387146657694,1.26921077124677
1.6584076805943,1.61241210839602
1.56840932233481,1.5239382926993
1.46876624713554,1.42547354458228
1.47695998305383,1.43193216707556
1.57890539831769,1.52325520778148
1.46412734201092,1.4321564723218
1.54155410842648,1.48316755795847
1.56986862197509,1.52472236629883
1.47361081598056,1.43045721981001
1.59689085228438,1.55648465542673
1.61489727360185,1.55218600407593
1.54647977957489,1.4861476612999
1.61087292589518,1.55146769535991
1.45587116883476,1.42241369885702
1.65107949841026,1.60293356177371
1.69590895601632,1.64684356764173
1.80398814718721,1.74799689319536
1.46883877398725,1.42277632248324
1.51513307001821,1.46550721427274
1.73201931378442,1.68279438937344
1.76056385629268,1.71291904769531
1.75433102136753,1.70655208928017
1.69451802748612,1.64386738560365
1.34458109159337,1.29222087253722
1.4201650776434,1.37477860678192
1.45311098681498,1.40870267457589
1.54347459714066,1.49052329160535
1.42594831992385,1.38127282559268
1.42653318164537,1.37375523824166
1.7073538938766,1.64394607383649
1.65956677282363,1.60143633039223
1.84086093282877,1.78897453214701
1.76074385696347,1.70493234541915
1.5350999380906,1.47564553401547
1.23441782155679,1.20290142310157
1.29615522900854,1.25096502103995
1.54410855823401,1.49821646346732
1.47142406277317,1.43335056896035
1.39198791999085,1.35622071047237
1.58087548334094,1.53984010088084
1.59333795561059,1.54102220701021
1.50774660876604,1.45767585260638
1.46551004795179,1.42776345177492
1.58286548259653,1.54153928224907
1.34652768040654,1.28929569065296
1.40598027936735,1.35524300014494
1.59111119430899,1.55117425120964
1.66594284119743,1.61938493535967
1.45887520131391,1.41625860815484
1.69471098823456,1.63875012510026
1.5723073667954,1.52085617640313
1.69654458882149,1.64520013370456
1.46326659038831,1.42269939117296
1.67451330231339,1.63067350775744
1.49194268503926,1.42963610359834
1.50240917019739,1.47259882190953
1.61269861411509,1.5662813017745
1.47101610506875,1.43549196686836
1.62465406396902,1.56346540392644
1.48902021087953,1.43746123121482
1.24338469373145,1.19778307285901
1.59438993506059,1.53475584500103
1.71721200273566,1.65716029125234
1.57314097169606,1.53288677119529
1.59688753618722,1.55210219005111
1.63280969130591,1.5820788867743
1.70431692361616,1.65439080745169
1.58720859988881,1.52804996623046
1.74856654502388,1.6965786666497
1.69922026482752,1.65100237303152
1.60948185067574,1.54278096389128
1.25225757747576,1.21948921052668
1.49824628578775,1.46083304088213
1.55526964335213,1.51606271306103
1.54176452023959,1.50242689442453
1.95447289359547,1.8943631215441
1.69292975124414,1.63208253371191
1.39757025648081,1.35912590391475
1.32593597917197,1.27933783216815
1.6409705427768,1.57150887681688
1.62377469183295,1.55749844274278
1.51847536655416,1.48152906607966
1.40804985718452,1.37206757445187
1.47010103213205,1.43946582304121
1.52237705493428,1.47309847837157
1.38219197981008,1.34382992593496
1.36091773985644,1.31536879930795
1.67957947566685,1.63257289613165
1.42995677919217,1.38874444168933
1.66082801837512,1.61633784830242
1.5648171100646,1.52371175936551
1.32561330767155,1.29182138832119
1.60917317854634,1.57549698464977
1.51149240567011,1.46846628721474
1.57303003538712,1.51494655945591
1.56113213839378,1.50980037998088
1.32020252455022,1.27267461552573
1.49958994284719,1.45436427249985
1.43314563321128,1.38761431986526
1.50150149386169,1.46037141028843
1.37317619589391,1.3276271890716
1.54401289276577,1.49426496577366
1.53522999706959,1.49208070303885
1.67169573421286,1.60875891802358
1.68929995369485,1.63899027571968
1.41468062654566,1.37212078339195
1.50213650051459,1.45763223181777
1.43124110286328,1.38538220172687
1.41550649713322,1.38018132848575
1.59328805677819,1.54680518824797
1.59386493352862,1.55366745990243
1.44588090893399,1.40594790236401
1.62527201407066,1.57173129338542
1.56649344819957,1.52304197569651
1.58063017054003,1.5360998615111
1.5441629836284,1.49719902039266
1.5025122133873,1.46245035598519
1.35704579360015,1.31537490210657
1.38805193958331,1.35042825998539
1.55652041641687,1.51399442956085
1.47527270490916,1.43586589716252
1.45009458212484,1.40913797543638
1.71384469785013,1.65637109027412
1.42595084988587,1.37982627932523
1.33123892754536,1.29634683729374
1.36557024477067,1.31458080942673
1.33685438645339,1.29493991549053
1.51393974261185,1.45952034142312
1.73039221831509,1.67233853332855
1.74021382221817,1.68592199259366
1.65533534765276,1.60601213404389
1.5183008694824,1.48456595710969
1.58174346671268,1.53335570897449
1.51087699620954,1.4562349768895
1.80386241851729,1.75685843839731
1.58236492382086,1.53933752217098
1.6438238434522,1.59431368970996
1.36342432616442,1.32260533361319
1.53454048289093,1.47612149230847
1.51661778116029,1.48550654336715
1.56030209024648,1.51359381815965
1.53146161653899,1.48013782821065
1.54880612251726,1.49337874420394
1.52123676719226,1.47378755515647
1.62035764516659,1.57345730643377
1.58811220760185,1.53537446522437
1.43548198559815,1.4041500467696
1.51242983145833,1.45579437442776
1.77461534001588,1.7251410938014
1.54928972126599,1.50757097577394
1.45075484113253,1.40585910800517
1.44551452665367,1.39097911994181
1.68386840561284,1.63159258278755
1.8219399005327,1.75233168367264
1.52707575325558,1.48479550156373
1.46256270025889,1.42018826927616
1.6787978537225,1.62304623586005
1.61030818855346,1.57006488545846
1.47600449936806,1.4385511344467
1.40468714902982,1.34796272561038
1.67666842072175,1.62300727341548
1.53728906003274,1.49357512484513
1.57819920402465,1.51497047462377
1.52637772086703,1.47796894387743
1.78224612581176,1.72132776777102
1.54402494093638,1.48865653742555
1.4062049635945,1.35385765148425
1.50169948936221,1.45731784107651
1.54952540075926,1.50525689407269
1.47103924216245,1.42885839662269
1.42935873602748,1.38102639033491
1.58521027519475,1.53576965902798
1.4558424849782,1.39159952169995
1.50219244910643,1.45606562735056
1.63838837055793,1.57558521543662
1.4923079245738,1.44771959522796
1.49755729629625,1.45110450178544
1.7085827582814,1.65327245809108
1.59134817417133,1.54530898654114
1.52434534145756,1.46259465031648
1.61042661312118,1.55955895967912
1.36230337345338,1.32056816646927
1.67714379028564,1.62336083254344
1.50850734240137,1.46310554024214
1.29278843340704,1.26428482174306
1.61115142098233,1.55660013706153
1.60178514673392,1.54247902086971
1.50709640882827,1.45694023000629
1.47638207954608,1.41410402076103
1.43961721849579,1.40456488713193
1.58935450662694,1.53734051485406
1.32058942716076,1.28209007087626
1.62640948177451,1.57575914579829
1.63805823798462,1.58884373009642
1.54084559482286,1.48964582597933
1.42436162277474,1.3693171163388
1.63850188684732,1.58758015732981
1.46081782058337,1.41668442214318
1.64098128129956,1.58683682478964
1.45160317052475,1.3940304557434
1.54188059869356,1.49212380459745
1.52630126522528,1.46753427467339
1.74288110193887,1.68321932400973
1.63015409659371,1.57182400035732
1.67616592185282,1.63125945296767
1.49770731392063,1.43534942366633
1.61840325977359,1.57440786027778
1.61416543035878,1.56460172575824
1.66470748438415,1.61578769188501
1.51732029664773,1.48137810409164
1.61642746090746,1.56749113207893
1.40957101761752,1.37169341588765
1.66585010334501,1.6048005523091
1.49655207908139,1.45140036191774
1.59959306545105,1.54824766698529
1.47947371026561,1.42076570080517
1.44714229154408,1.39943985099692
1.59474705864511,1.5416089601591
1.69875199746168,1.63518487965626
1.54443484920982,1.48800326482244
1.46406787411378,1.41920926899965
1.42981969266695,1.37889976507473
1.57093683882294,1.52253340864714
1.40950127205949,1.3767123250565
1.51634638758579,1.46598868018984
1.55573822061452,1.5079768219388
1.46061038788059,1.42315570511872
1.68683581845736,1.62663624116859
1.53280357432421,1.48365276974049
1.60773295152841,1.5559226625379
1.45886011872797,1.42077005129056
1.45190323539292,1.4038332935793
1.76029447028881,1.68409651563034
1.59625228445966,1.5507758034832
1.45432290532437,1.41549651635229
1.4892415107216,1.42646538356855
1.60730436135396,1.56672366744498
1.58011410269849,1.52354875682662
1.78646090385547,1.73513285618575
1.47794462872213,1.43539978919596
1.59535465692511,1.5568300191555
1.39177396275566,1.34816696734582
1.62960573170454,1.59003252012419
1.62771791813897,1.57702990989739
1.53320873798344,1.4654725036333
1.60802089182115,1.56069408315499
1.67618969146886,1.63239568184063
1.55155611601208,1.4966067516162
1.68935554452816,1.63417611356334
1.31943212449665,1.27584637858682
1.72497078192462,1.66032639292585
1.56805594938173,1.52923082033608
1.49255279295958,1.44900312106748
1.76320797697581,1.70024436215306
1.26019844265913,1.20264392333399
1.58302061467308,1.52497177121683
1.60848744220039,1.56818480591903
1.59086874185669,1.54949601281708
1.59314998670368,1.54596536493544
1.77904811969629,1.70912022471319
1.47009777091756,1.40489719060471
1.65030786504712,1.60804114596966
1.59869429700686,1.54535212870404
1.49580099314452,1.45249280487876
1.20229097648301,1.14851680581679
1.43220634529067,1.39306020085384
1.65514564210377,1.61292450183437
1.47723275057826,1.44416325179475
1.64799859817559,1.59278578711402
1.57055085815775,1.50518148608421
1.50334307397259,1.45603932156462
1.65986817795318,1.61162765930599
1.64588537545507,1.59689478133586
1.64245593014864,1.60131781048689
1.66088607855225,1.61588998420062
1.49548101606807,1.45514075709198
1.66629119373648,1.60381583060214
1.62515973045011,1.5707811001044
1.61517256328312,1.5666373974416
1.57571142850952,1.53024344204363
1.59351814714538,1.55141834822552
1.55247889621427,1.50830244006997
1.60476831388908,1.56885222980497
1.7004535019451,1.65212961860559
1.73300316084132,1.67995710988678
1.51258620457477,1.4611871287768
1.77270750330095,1.72137699400625
1.42913816234467,1.37864897382311
1.52770953762226,1.4496089057394
1.71111161677039,1.6568582688621
1.60350423978404,1.55033388255526
1.50653576337483,1.45949769735235
1.7964285236794,1.75212671647061
1.73459503428567,1.69199022152761
1.15455219808105,1.10351564616612
1.61966046004626,1.56468845827558
1.64146023341084,1.59838863332007
1.44245671719163,1.40516868478681
1.66573800341223,1.61950067503166
1.60957056115965,1.56253233037197
1.72907761602345,1.66822081644712
1.71335902085221,1.66580409224124
1.61676431250602,1.5704251185124
1.71001646899442,1.64526799071084
1.53082032463342,1.48946736570096
1.84491457941753,1.79071957060507
1.68601556230608,1.63617506347826
1.61154838173135,1.54626747705751
1.61948973135888,1.57629423446147
1.53408413060856,1.48586555735887
1.57663133552367,1.53281290851396
1.69443030139227,1.65203957151324
1.47261627984956,1.4388711679961
1.81053090628875,1.75529085550997
1.39748707370731,1.35512406086364
1.45493731624319,1.40629501521026
1.51614596096308,1.46598740029912
1.81163523002414,1.75592175361703
1.55520334682362,1.50402502483711
1.35293052895539,1.30889005009643
1.73024865350688,1.67817500469814
1.46430137885061,1.41428627392449
1.39894664803817,1.3549673505243
1.62315565862158,1.57185990609102
1.55054732815389,1.4993396318464
1.73965510460651,1.67968297646571
1.46264652887458,1.4270707686208
1.82852492150301,1.77365760686836
1.76031421884756,1.713562608762
1.44792674415715,1.39849777218973
1.47748843019551,1.43484211257331
1.41938086865143,1.36549446633351
1.58269241949123,1.54254013758229
1.6826797534648,1.62794248429059
1.44759498030694,1.41204433425357
1.61904182356586,1.55329127683606
1.61382004245092,1.55994530059481
1.60994366911946,1.54551806846332
1.43418468653424,1.39710903732039
1.66975639218634,1.6195825231863
1.62162852889903,1.56522966299595
1.76980797310827,1.71500534753468
1.83053260227618,1.76827942918692
1.53120661139764,1.47980163143847
1.56584532924736,1.50389872787237
1.60305098643207,1.54731915893677
1.56042877875635,1.5140033250719
1.37774708802715,1.30889030604439
1.45329681515022,1.42057745018821
1.50113043251386,1.44862064006155
1.62187111286804,1.57400894930258
1.60198092788858,1.55458530680834
1.71476234977543,1.67056928140519
1.66532797197122,1.60551349475028
1.32674583349608,1.2820653453051
1.47521073707823,1.43810392890609
1.60166083898811,1.5328119376843
1.48881770418748,1.44321048243348
1.47491232727372,1.42647945336767
1.34235878208004,1.29474125350217
1.6172805861168,1.56699567945418
1.63096755623691,1.577367100914
1.5737246774476,1.52373005695195
1.36675261886713,1.33047991701608
1.7394397678352,1.67222219872018
1.46420024440661,1.4169080718339
1.66469525356919,1.60602689840064
1.50349427114731,1.46441154476399
1.4583253125215,1.40563748094588
1.74406842322983,1.69051614621258
1.15356803228025,1.10904064056248
1.51799966987305,1.4754361249006
1.34548316516305,1.30517778626015
1.42762049908269,1.37288522251503
1.66637078092583,1.60650428301847
1.52588260311781,1.47523499137888
1.82220499708716,1.77575470091852
1.58048524476538,1.52214522862644
1.68944398357126,1.64063886950095
1.82376221532356,1.78159864688772
1.54248411488758,1.48823359294728
1.80329205875315,1.74410071205408
1.37855213546498,1.32850951946897
1.5306701752758,1.48667021291531
1.58985246863704,1.54363608045293
1.38977520793557,1.35442922294878
1.55507258845507,1.51097504939675
1.50158613552073,1.45585958861743
1.54522700222848,1.49281815359123
1.6114509538736,1.55576943101833
1.48477204226532,1.44054566304052
1.51695503160293,1.46826741863643
1.51506233308474,1.47739341658277
1.42612749042782,1.39588040627417
1.71761747492399,1.66735436860987
1.52251568933616,1.48348415713511
1.7643984077374,1.71096568643248
1.4325167932553,1.38273820264388
1.70577691129991,1.63956702345439
1.6120049854847,1.56842509548727
1.37507539534976,1.32200311425699
1.24193505253158,1.18898013242945
1.48760119297494,1.44015550258049
1.70966160286243,1.66183843914533
1.86156104390487,1.80343064988795
1.64753756887198,1.59523844734293
1.59133135281546,1.54701514767887
1.7815710551749,1.73601593870738
1.32272189425837,1.27663904388005
1.70948211089199,1.64662426778513
1.62994008011807,1.56549379245174
1.78003718649956,1.73975046483084
1.67491947964387,1.62141934054783
1.55529881526139,1.50654885357469
1.17919126596343,1.12093408097505
1.38782345889216,1.32363415939962
1.70244984798552,1.6478064651563
1.72178089996882,1.66477051263662
1.62545740225245,1.56108293256044
1.05922129919437,1.01850891081416
1.33303111439507,1.29769805330096
1.63774090245319,1.5931242277886
1.50834149915864,1.45062901993939
1.47097760348068,1.43282178189702
1.4804781975876,1.43784092461185
1.61889745900823,1.56676374631232
1.85353345337567,1.79806325867727
1.56146376090079,1.52337612776021
1.75218268768854,1.70600176682334
1.44321728265381,1.39633489497151
1.7322806291056,1.68646737692644
1.4864948110424,1.43256726918062
1.53751295600554,1.48500229171856
1.6588816628554,1.59506008341905
1.33896589720401,1.29844330766812
1.53587641052068,1.49188209864176
1.45556432647394,1.40299698804617
1.71448728694811,1.65952170127975
1.64676140189477,1.59301229646336
1.78537234772978,1.73308086397855
1.19538702692892,1.16015839900962
1.64377070899178,1.6042890322866
1.54240658009124,1.49938236717936
1.57362742492465,1.52432987578044
1.45588446167682,1.41094298640417
1.65853332572453,1.61563349588489
1.3163707949832,1.26673732906661
1.7124409409408,1.67311206875535
1.7230011533399,1.66691372270849
1.56069554150796,1.50941411065985
1.48176766555581,1.44205546146119
1.58162459177149,1.5189972149342
1.33674028296149,1.29273971813131
1.70899369611674,1.65743997094606
1.50591154196909,1.44174659027772
1.48772904671742,1.44774694783242
1.49252505774668,1.44196965846734
1.7756174239665,1.71986982160876
1.29768323898331,1.23638569226041
1.64444151170763,1.60695394005859
1.66430625392526,1.61960980194354
1.71271078082013,1.65577674717174
1.57515361515078,1.52521638183061
1.68836100205518,1.6336394376046
1.53451882937688,1.47043602886764
1.65575631490414,1.60493895806634
1.64325553635905,1.58537691181032
1.54529209530904,1.49564429973843
1.78487523056267,1.71356403023806
1.454859847078,1.41423764848217
1.49244450420326,1.45962122124423
1.63142280297792,1.57325079125652
1.48361158492592,1.43014767971763
1.39974276039852,1.34461782601859
1.57763872600211,1.52869446375267
1.51990174413727,1.47032718913171
1.61228161370575,1.5692353442305
1.64271133489636,1.59452270393593
1.53092028382319,1.48579453790254
1.68320719177533,1.63564944795135
1.49662777558062,1.45934042814262
1.65418043705752,1.60477942580177
1.62447805064859,1.57575589936941
1.45481879931362,1.41114250711882
1.72431860771323,1.67205452515324
1.49596962734459,1.45727641686739
1.5526042361453,1.50122143179788
1.50659941944858,1.46623944320859
1.61206610422963,1.55889404356263
1.4500255107103,1.42280792520375
1.64209731698692,1.57107620207951
1.7459477177801,1.69581638507642
1.71156424456998,1.65212937063029
1.53901243828178,1.49264571775971
1.76023402363867,1.70281079736819
1.63044746917221,1.58212056511989
1.54910060801958,1.51483488796865
1.40131815755712,1.36651844075014
1.4969106913228,1.45183479299396
1.59913389915942,1.5491144732185
1.4690065314441,1.43125385193366
1.56574793193044,1.53201650034171
1.76181378026209,1.70273476642556
1.66010368845873,1.60204170296481
1.51343817295239,1.46004789243395
1.70228646093534,1.63094252336716
1.30814294084186,1.26268516640456
1.56465635053576,1.50967623665319
1.67830762273605,1.63411332732853
1.49515467587607,1.45307026647327
1.56395097438949,1.52019999646117
1.46870607499472,1.41176049907074
1.63270946399447,1.57457017583648
1.56484037654989,1.52260242582264
1.46832810046114,1.41633831848225
1.48814002337334,1.43411150808344
1.41205732876303,1.36786373372385
1.62161157255966,1.57371546552461
1.77045170428251,1.71876383122349
1.53000403668381,1.46909625526484
1.47336137933309,1.41548696247508
1.48822901998218,1.44252352727328
1.47370354998901,1.43728159591516
1.43551873631088,1.3756822482335
1.54088579204351,1.49400741308497
1.58964107323709,1.52772017119128
1.65834281411953,1.61537319595532
1.40599827573302,1.35678703600045
1.56148563561593,1.50875111294482
1.50378949233688,1.4489309844301
1.35494470052565,1.30629668752449
1.69782673703823,1.64396135163709
1.61685679316319,1.57049841306266
1.53058536964119,1.48811870497392
1.49729288397218,1.4567929474723
1.48344785637098,1.44956099253046
1.42286858225576,1.37953237186572
1.52034798790677,1.47466731871005
1.66187369328702,1.62286762011665
1.58937570113933,1.52357342920895
1.57826632307751,1.52503056080521
1.58403526214441,1.54260425163403
1.43923137056514,1.40039991863224
1.67913360093142,1.63292237923325
1.60068085396593,1.55099092594396
1.61604548660135,1.56347959687072
1.65661913398479,1.5986469802991
1.47075845809203,1.42052657721969
1.53896845075026,1.50355168070145
1.79750161497525,1.737249873796
1.66921499429793,1.61904302588486
1.69266291750837,1.64275047737194
1.5759671184345,1.53533132438235
1.62059702837241,1.57396559742197
1.19381598371145,1.14809335436862
1.45822750174076,1.42114488640466
1.62744353385721,1.56617139529624
1.64052650230368,1.5907882212943
1.7742424109813,1.70838719725937
1.52101011099859,1.47780654387699
1.572717792961,1.5279249209758
1.77616491417864,1.72339018126622
1.61120480721382,1.55359817344995
1.45158935672549,1.3861267047918
1.46287483447623,1.41726754152872
1.27387071517898,1.2321303167265
1.44594296059453,1.40791294413319
1.37810392420285,1.32847839185265
1.74870673652914,1.70127706847491
1.46633295083968,1.43510378887307
1.4315747765768,1.38396325148684
1.46741709379594,1.41520199675599
1.65206710767928,1.5887789036867
1.29736665955915,1.26455419452883
1.59835187863816,1.55560558183303
1.50240474864471,1.45361701450019
1.56612645073522,1.51715794703017
1.43703780849951,1.39783176107338
1.69525122686266,1.63681926833997
1.51686434284544,1.47730711253647
1.28099771326619,1.22691583964124
1.78116768580166,1.72419979559758
1.69749233702697,1.63788497043501
1.50202802417396,1.45953623844543
1.60654997071963,1.55712474765359
1.81337396566667,1.75884964585277
1.43052645222473,1.38504533712056
1.38004751072305,1.35117700881281
1.69908776327223,1.64077303724803
1.55712506620057,1.50842497620895
1.72475579106376,1.67235823194435
1.74208081122524,1.69338498849235
1.51899225228355,1.47560249912067
1.64127837883077,1.5945765674218
1.64128148701551,1.58699895458023
1.46616075136829,1.40468945608052
1.59732717722447,1.55246773682101
1.53003169831327,1.48108415027788
1.71809834367518,1.66261347446737
1.61949172721282,1.57347670828999
1.63084405044431,1.55710116658402
1.67128319874923,1.61396177572403
1.54345902444879,1.4785623870332
1.68376470806847,1.62214154217257
1.32646048532078,1.28735016121971
1.64942879960815,1.60766453038953
1.56721920482666,1.51814262083454
1.50855839144008,1.46281403105859
1.74184661623083,1.68916415043177
1.50803080278261,1.4578637477582
1.67226056872784,1.6049752383874
1.58015741949152,1.53571399443823
1.40236583431002,1.35648998815923
1.42830430891927,1.3849752180951
1.42081644876196,1.36180478911193
1.48600183770379,1.42841952099285
1.38692885005292,1.34354083432481
1.64352633017254,1.59514184269098
1.49111778086192,1.44580908919173
1.815681468539,1.75062491859524
1.63079153534578,1.56882383449909
1.58765287263944,1.52732756488103
1.38496409011438,1.33234519046684
1.51037670962625,1.46220818737276
1.67900904201117,1.61745054038201
1.50836095784125,1.46279953347037
1.63874110353628,1.59006037500595
1.81497599203639,1.75342493929264
1.7313907626464,1.67834739217461
1.7035761490643,1.66266120244381
1.69091238092671,1.64586874059061
1.68872229101893,1.63781034626112
1.50726869713292,1.44877331764331
1.84049378365082,1.77988013107337
1.61105457418337,1.57449805466162
1.52518384558166,1.46044000920837
1.62498587685337,1.56978129047695
1.64289092868192,1.57323324077545
1.67891088423219,1.62730271161288
1.59600683610837,1.54305467148089
1.57542967551897,1.52177248183953
1.67330304156856,1.62512605142648
1.59544644776045,1.54978222206058
1.70980928866659,1.64278897919611
1.6942666299051,1.64153631308934
1.72063302780772,1.67198376853097
1.56967159859873,1.518847216667
1.65319346389854,1.59559284363326
1.37734784138652,1.3310566374438
1.30437552207319,1.26270269117964
1.56277234203139,1.52139140701061
1.45223398944704,1.41160527870634
1.44131200026333,1.38770288592788
1.50095016816251,1.46037245951838
1.50748089224559,1.47246885404704
1.71501224524374,1.66198097797515
1.56144573952371,1.51839599143597
1.64162735789238,1.59341010387508
1.60806665779211,1.56725677789098
1.54364742142141,1.5030638075719
1.686864116956,1.63528146580623
1.80701113159088,1.75395707857694
1.43309581060942,1.38728758103692
1.49762409720437,1.45145905776505
1.48471157705801,1.44315458876966
1.36289296415432,1.33242523071771
1.61925088238652,1.59050342988745
1.42215456897138,1.37420951662967
1.45991457224518,1.41873923428213
1.60835767578826,1.56366206620054
1.45440391997394,1.39363016473995
1.73548491002674,1.67474256490557
1.64898451678518,1.60494026658708
1.79070377507093,1.74360160009219
1.55632114111763,1.50761617258504
1.548109439364,1.49660562185586
1.8306839353296,1.78266157774708
1.49618585014132,1.44607143074192
1.50226609081436,1.45480789832589
1.46813906507751,1.42639904653539
1.5975074049214,1.5533082262459
1.6005072894115,1.54324096049191
1.64502525932156,1.6040808321471
1.73184239441545,1.68860349345601
1.54423874189368,1.48887155489385
1.50781157009611,1.46644841144104
1.44442862177914,1.40217342138516
1.59666498348223,1.54527907425178
1.71345769342564,1.66150018950746
1.49146192085386,1.4522785541186
1.37811985946929,1.34093423195523
1.65914385651531,1.60613240185436
1.45801026001426,1.41629220132607
1.46001271778691,1.4218523537449
1.6277595894239,1.59097374391048
1.68602057033391,1.63907306710283
1.69119603074195,1.6413258837207
1.49173802617701,1.45712505273884
1.49031766249007,1.42594812341114
1.66120032714728,1.59371414077242
1.27260474924739,1.22961323902868
1.39667953101369,1.34315765535001
1.46635268300712,1.42922219050469
1.64073814560025,1.59876803516057
1.52263751485828,1.48751295674296
1.24634645845709,1.18383679870528
1.46127137708678,1.42058793054239
1.66775199515591,1.60546448503713
1.75014368297851,1.70005632983637
1.56292567352834,1.52066777220464
1.55513507482399,1.50498522060468
1.35910427323011,1.32355610691635
1.6841535268707,1.6341721209599
1.52167581859342,1.48807781227682
1.34837520079734,1.30565102655655
1.49826084731768,1.45750535025287
1.64000514051396,1.59595553883166
1.54424241072698,1.50987662929039
1.52456960056169,1.48126493378141
1.38450341326735,1.34769479448762
1.64760528826246,1.59476690712315
1.55512926939624,1.50679155164333
1.45953062815015,1.41442806065137
1.51425866453483,1.46058298708379
1.57590878701184,1.51734808592717
1.47297285246992,1.43408354976487
1.51376580295757,1.47446426852375
1.69912225391032,1.65787376045555
1.74240010875415,1.69595735269912
1.4869901214402,1.4560611934388
1.48230594998214,1.43133426327516
1.62949554330154,1.58241915874029
1.85829858147826,1.81347811854845
1.6274190585503,1.5714621459314
1.64126765754419,1.59110120805413
1.29789635802891,1.24292259836525
1.42589246358173,1.38739204036259
1.66108971350386,1.61132606374842
1.4460565635388,1.40900741044579
1.4151697401742,1.34552010927561
1.76530115105555,1.71250691197846
1.49265386843518,1.4370418140564
1.60890799935255,1.5569269158749
1.68288447286549,1.62393417764338
1.71190265366474,1.65814873254195
1.39786028892341,1.34417782622375
1.46170378869528,1.41011846499639
1.51254980231412,1.46702482469508
1.45253340819276,1.41404497465116
1.56750146842927,1.52497610850515
1.37078207616737,1.32944572624808
1.32549056544771,1.26660035240687
1.68092744966763,1.62756408364051
1.84949106630751,1.79454622560967
1.42672693129237,1.37431773950254
1.65751269529064,1.59409267026654
1.55575653857636,1.49878975187605
1.7837521575776,1.71896678867122
1.65855921223362,1.60929812715381
1.61419112138428,1.56370478707437
1.40832203004473,1.36259728596281
1.43804930828916,1.39116227881307
1.4112370626321,1.36040333001033
1.57837981297828,1.53607002955324
1.49956431605632,1.43990204437929
1.53307616954089,1.46847560448329
1.57449634685088,1.53133130801735
1.62280723331433,1.58515092130026
1.16805538451201,1.11522978590765
1.43295662825103,1.38375253250332
1.67207963815412,1.62283647221258
1.74745461744081,1.68277962219574
1.50294086356241,1.45932138622669
1.56317018563537,1.51570383793092
1.41282684259665,1.35876993475613
1.44257811299234,1.39145378289017
1.64705667255791,1.60234640017145
1.54089767269378,1.49188731269746
1.50084086050599,1.44472765701898
1.58148920308788,1.53681483085901
1.56767181468933,1.50035007540401
1.66216319427269,1.61328369877157
1.4738652463625,1.43115969566317
1.50525904370992,1.46054399566808
1.53384349634507,1.4940368126324
1.22092648465932,1.18816254861236
1.69656456992796,1.64894142599751
1.76751110787261,1.71380042080611
1.71867184801043,1.67555844924629
1.59147098701625,1.54568735990025
1.65634599892963,1.60537278870017
1.67375199429474,1.62686809496494
1.80999656864329,1.74342249523555
1.61837818348766,1.57180982922288
1.76024941060213,1.6994810380291
1.54210256877669,1.48871352290627
1.55855600802309,1.50533360656443
1.3171303837879,1.26922989428224
1.40419942234868,1.35263709713264
1.26535966902894,1.2273117840996
1.51292623085479,1.46420102911259
1.62037006794562,1.57083561636652
1.66782936465061,1.61822345677468
1.4793497448333,1.4329876104538
1.73588536852158,1.67914867362778
1.59082209379808,1.5344350037166
1.38051474778787,1.33605552572104
1.45358118799908,1.39305962206422
1.46486788294803,1.41426286405083
1.40509242396582,1.33902916044799
1.57449833381725,1.53097159851732
1.80388490201157,1.75358582997481
1.50921496190751,1.47907940059665
1.65245632494498,1.60270812566396
1.56295734519454,1.4959407218891
1.55251343389934,1.50457398521719
1.58522043331258,1.54416898326524
1.72648776471657,1.68211067791896
1.56812783535982,1.51684495994319
1.38363966610366,1.34456911726518
1.47874466929896,1.42501380819478
1.71279325435065,1.65460844689285
1.60873736310604,1.56302270886351
1.3868526140982,1.33400642555709
1.40351977384744,1.37067799550816
1.57138178581117,1.52181383231876
1.55418810942068,1.51508770277688
1.44777536103678,1.40079878641321
1.5653020023309,1.50250569955365
1.748840496671,1.68536592860974
1.59393540412658,1.55099712420669
1.68591682174774,1.62887640874676
1.54640722001363,1.49294257843248
1.53083067727117,1.47701992299716
1.61692829437415,1.57518674046278
1.5250179467583,1.47063944426567
1.66794058959721,1.62168414644908
1.62939292781968,1.5784141807097
1.39807528959338,1.35092826310755
1.3001920017187,1.25806412788751
1.63591420621538,1.59383525735282
1.50344624175799,1.45921245468611
1.58158357442254,1.53422233469458
1.55285583241124,1.49657656491173
1.66468268042869,1.62634459360394
1.59570372585195,1.54418351589281
1.49723336166863,1.45228076225402
1.514297762054,1.46244269265513
1.7601442072309,1.70521620216092
1.60114638963287,1.5517544959768
1.50341696628227,1.46521293541981
1.71493290912263,1.66394138122713
1.51222771437345,1.47461260976645
1.66375192505658,1.61282326687799
1.61886373278091,1.5629812998637
1.5600779117149,1.51382783032984
1.82440387653139,1.76176134106634
1.52496629688906,1.47971612965642
1.58245027563816,1.53312278422006
1.45918434122189,1.43210582462921
1.56521951179398,1.53069217577803
1.69649084627366,1.64288437460376
1.36185781292711,1.31564668324412
1.48849695597754,1.44658014736664
1.64902552173896,1.6074321280672
1.38132770769176,1.32948303971409
1.68848728571155,1.63579873797684
1.57469968392972,1.51175548413379
1.23557673831046,1.19098622078985
1.70068419558876,1.64821385283081
1.58122408232706,1.53252323849329
1.76526070401151,1.70875747931093
1.74482803091134,1.69258392898307
1.51957866217409,1.46365127759468
1.52077953749385,1.47550628545802
1.60906239415393,1.55140948401005
1.73977573317423,1.69218695106358
1.65213208736332,1.60766533464543
1.65035072834175,1.60571694881871
1.66757717336146,1.6100736147526
1.31123476327427,1.25101608569473
1.53348815000587,1.49728496262472
1.51994813356812,1.48501083213413
1.52517016177656,1.48484321384338
1.33495382138479,1.29099532841866
1.45916205271871,1.40217927605571
1.64977261863947,1.58996167392823
1.54533115891538,1.48515374754885
1.63097404690708,1.57664950205374
1.64147940226037,1.56903046771929
1.45019425297775,1.41106165846629
1.43374850149461,1.39513123694128
1.50700361842111,1.44910405951257
1.56744559459038,1.52943721198617
1.75001585373275,1.69329327808281
1.4923312190161,1.44606165873815
1.59772623558493,1.55396253762054
1.47101567365883,1.41801381691006
1.54367758746646,1.48152139085321
1.59133779577533,1.52258091701371
1.72912386704055,1.67731643199085
1.64059620519584,1.5916747762346
1.53477652070004,1.49585524174348
1.2674482481648,1.1890818069705
1.59509401520269,1.53769698849868
1.67940021370367,1.63772725528445
1.47468766339702,1.43575417001115
1.21685719170648,1.1759916026759
1.44548947693861,1.40741786324956
1.58339996396588,1.55063082173816
1.711342602508,1.64538927428534
1.71810483709106,1.65883801287859
1.77811917706765,1.72143594188365
1.7238126352949,1.66419517999709
1.6583692264463,1.60703339414898
1.76744470018229,1.70571052961181
1.59221286195444,1.54659320647227
1.64554654286545,1.60021517556838
1.38191627399336,1.34420911970914
1.79069658111853,1.74691078100904
1.82990492850369,1.77724472023817
1.65105042871173,1.60833690557203
1.62644236931073,1.57575143751659
1.65989086268254,1.61877455736993
1.36448443910127,1.31394811732488
1.42113019410105,1.3881960650077
1.74253428127609,1.68823809942267
1.49504274682682,1.45398636709429
1.59168370481909,1.53458090028952
1.61438527843953,1.55567316087651
1.70997575794592,1.66117085404903
1.48255762948931,1.45384529926978
1.59583710841602,1.54839777822846
1.46382142514663,1.40384089649267
1.41646749294121,1.3817915747403
1.50373700748832,1.44709174448558
1.74593301724979,1.68998301207137
1.58911149503846,1.53704511128438
1.65260725106622,1.60486024559946
1.40641622172412,1.35827400299005
1.6258881039609,1.58597935285386
1.57930785628414,1.53082638593385
1.74630641531448,1.68598267997687
1.58357050308396,1.54071653665657
1.8054590678529,1.75418626945577
1.91932558735239,1.86520819787726
1.47601242899576,1.44017619028943
1.49503052240211,1.45239608574322
1.71866199740447,1.66208503824286
1.52085734972028,1.47650789014652
1.42555521528229,1.37352985251533
1.38612254842221,1.32027141665955
1.48781171335085,1.44319617306439
1.40972725696365,1.35683893493164
1.64519111959352,1.60063191412616
1.62555130124952,1.58020146067267
1.78060557422426,1.71593801344793
1.56073445980862,1.50464267641669
1.34306254778614,1.27067743626811
1.66945992824726,1.6235757829198
1.54563140396909,1.50661613195894
1.48598828689997,1.43989130207319
1.52133053096061,1.47025142813894
1.65996665087228,1.60091586690002
1.50657159903451,1.4554330905248
1.68792178782027,1.61460385527344
1.69925413800497,1.64955661942479
1.9016580721856,1.84439445989268
1.595086391633,1.5545057199948
1.62704043727857,1.58197577056776
1.36813563864071,1.32468310648163
1.54738575919268,1.50401249802315
1.58184033627033,1.54074602204255
1.42950433001948,1.38305859176551
1.57629797427017,1.53117282949826
1.64564754485842,1.59426750100239
1.84136050644981,1.78136046476595
1.72435485324225,1.67355044132273
1.48374178474127,1.43968496659275
1.62215711312757,1.55982946681247
1.65992138258939,1.61587779755266
1.63628568569047,1.58865224621023
1.66105058396238,1.61002988842073
1.70893169706131,1.66246865244011
1.61614913111518,1.56207458133216
1.67913159689313,1.6305905793853
1.5460988802973,1.5034029598426
1.70330329457364,1.65112084204656
1.45370291192533,1.40226682161459
1.40664144159705,1.37257689276583
1.65536953932207,1.58704971544681
1.53199358002064,1.48507022476863
1.51560569452623,1.47472673170766
1.36597626306698,1.3271828917057
1.61615703105096,1.56407280668211
1.58518912567814,1.51843397088682
1.70111057786551,1.64598643766362
1.63348051073262,1.5864907378331
1.64222226212339,1.58921765408809
1.52669510366008,1.48432007112587
1.70431240418971,1.64462934646164
1.68553814790711,1.6322875534724
1.67834902249639,1.6198637731775
1.43544148984191,1.39237658395956
1.68044907549455,1.6274993526708
1.54293598166572,1.49707562316329
1.76131926406646,1.71166735052091
1.6219885134696,1.57534541536735
1.55967722378918,1.50569158613278
1.69216172438089,1.64221140700435
1.65834060190558,1.61068085727651
1.4550126715813,1.40331604279278
1.46087076334192,1.42067301713258
1.35094958299432,1.32017135502241
1.54211863631067,1.50238146669515
1.67676748086071,1.62469647687421
1.42923840735812,1.38123259604475
1.39643094759808,1.36061836959439
1.55589195708549,1.5123161389228
1.58269064698674,1.53011066886667
1.52183778341435,1.48394781272534
1.80911083489345,1.76750787303276
1.54895576249063,1.50926611443608
1.51574821702725,1.47423843324074
1.58278967177444,1.52364905518149
1.48854084136439,1.44704004505153
1.42978434633665,1.38685431327678
1.41532578291268,1.36006235105085
1.69402223475658,1.64978629336539
1.65093311184698,1.59819589465731
1.32705380916214,1.28220845331053
1.48302736612317,1.43073642733121
1.74091195066161,1.68443485758584
1.54126856445005,1.49614440773764
1.49523125327838,1.45554859065006
1.60632964966315,1.56668628461081
1.59144034430383,1.55391557473152
1.46131428477968,1.39975551046207
1.62045240456282,1.56579268763984
1.76322640025409,1.70391113204313
1.72523636089488,1.67374663615701
1.51053793174831,1.47208012177182
1.46159376847232,1.42150584279417
1.63497050348244,1.57556906429729
1.55353453030097,1.49940094029948
1.31528140722754,1.27600571978211
1.5138238828506,1.4541971434858
1.46194201602344,1.4075490733376
1.75524819414825,1.69924968609497
1.36667013496701,1.31806162935672
1.62658351118083,1.57877151006095
1.69621403137855,1.64861947917338
1.60100470038175,1.56672332720559
1.33794617266413,1.29139338347223
1.63996492666128,1.58687632766451
1.56362792864303,1.52458219255411
1.39252187012582,1.36287802011775
1.50820207904009,1.46440810961728
1.73218869112164,1.67982798411901
1.48021976958787,1.41762785993862
1.78816498549514,1.73590036104317
1.48169777756149,1.44274647074568
1.72842856492302,1.67213669199181
1.49682029048894,1.44979157677462
1.50836247429659,1.47481390857905
1.54528065978259,1.49364698614745
1.71935267394132,1.66244173873818
1.67275388026027,1.62658332376283
1.6016931926534,1.56094057522721
1.59673263265187,1.5453961819374
1.58526236007366,1.53094489055099
1.80360578785109,1.74305982433707
1.40167603431567,1.36315600788882
1.46661877066656,1.43916397782403
1.49480538611259,1.43737420269104
1.49142112617478,1.45316358379737
1.69637807556882,1.6468518138622
1.52912037443284,1.47479377837127
1.60727226190585,1.56240789517378
1.56837500812741,1.51654760481924
1.52533904184038,1.49308274788148
1.54161290665088,1.49016722794065
1.636898608695,1.59508430266387
1.59740383431878,1.55605604523585
1.15496158260137,1.10529664425421
1.3937798816633,1.35363862069302
1.56408438833412,1.48628206609966
1.47099055966072,1.41881180340409
1.75131127013961,1.70663416224343
1.57242568122603,1.52596049652813
1.68656152798977,1.64178819278181
1.68048059012596,1.62899343519286
1.39632315593371,1.33295922066789
1.61568173514888,1.56642223199018
1.63279836604625,1.57391936312541
1.43925323812718,1.39714978107644
1.36844188851057,1.32010261171433
1.46727022340796,1.42300226441714
1.80921473149508,1.76381170904545
1.47500299267409,1.42340290952936
1.71670846213231,1.65694744906752
1.4513252488948,1.41478179138586
1.47238208874493,1.42714784419614
1.4365644860978,1.39440507894989
1.41215989601125,1.36234948404474
1.42531953547618,1.3801632221951
1.63277758188434,1.59188423143577
1.53459681702922,1.48490851590861
1.67481580906642,1.62152575206443
1.32156805898666,1.27167544541586
1.53269369659407,1.48611037997882
1.87237467461487,1.81714531122695
1.480780497234,1.4398620400975
1.63682456429053,1.58080530499959
1.57364939284593,1.53032108964322
1.7306828447037,1.67699565139189
1.66437406539132,1.61939228362184
1.59276993934718,1.54205112814887
1.63674033345792,1.58848250424796
1.35792552208681,1.3149846230113
1.55103875946013,1.49200083969433
1.69828790135584,1.64979350330044
1.43237435369714,1.36655928774059
1.37799777130532,1.33246505661902
1.63261247518367,1.58207286907306
1.41523220284199,1.36681806585257
1.33846489715999,1.29378569234041
1.43186916328407,1.38512543902692
1.39707311813581,1.36110979496097
1.60612589760866,1.55297924859857
1.75920779705325,1.69740427999936
1.58963923261444,1.55053715318217
1.62190290979259,1.57576920795233
1.83843922718518,1.78400437663318
1.64652374883058,1.59755914792136
1.58105324571232,1.54051196515293
1.4559959007087,1.41401549754788
1.73626249654345,1.69619697283939
1.4129574957842,1.37044219835512
1.59740018706075,1.55274223757467
1.5000737338112,1.44550663824412
1.48254712763397,1.43584446680984
1.66737306592383,1.62828494730227
1.62506139814028,1.58330795406489
1.84044180068655,1.77549538503661
1.56344041637609,1.50450185983627
1.72304781107709,1.65623328471396
1.67486632562434,1.61742094688557
1.38989977532907,1.35667105498505
1.2529936352893,1.22094669040261
1.59106671628961,1.55073334002325
1.5345716550403,1.49796813378745
1.56102611871953,1.51970257984403
1.83772684062051,1.7894353673311
1.78042246823523,1.73763441361948
1.585000099203,1.53690571885248
1.42282962624871,1.38724605790005
1.04288721647345,1.00278057224815
1.65934651556644,1.60540509961352
1.65683859618141,1.61247671364758
1.53617066734948,1.48325719216604
1.54321112255243,1.48674725021503
1.32449568372294,1.28782012907357
1.64459494670815,1.60223153558098
1.48850586302351,1.44142738625864
1.66340487417755,1.61103971502152
1.48203940108321,1.42159538534511
1.45197861639018,1.40470861562237
1.35923365203097,1.32523798489219
1.49072497758199,1.44618373208876
1.52353752383494,1.47873500597692
1.37923023613589,1.32831229917829
1.35252518476126,1.30181423354233
1.67882325128673,1.62610546506641
1.79145947039589,1.73796749528844
1.47791068326528,1.40853244240745
1.54275747190865,1.48928678695463
1.80987568825565,1.75253827444053
1.77621078365045,1.71868508347848
1.5840408672091,1.53654189615823
1.58512313933825,1.54270166069109
1.53112470955382,1.48023829642021
1.68068645495076,1.62484516718064
1.5370747983207,1.49768590559012
1.66245864130182,1.60239651534561
1.72833045422175,1.67241784956722
1.60804364397026,1.56463040744769
1.60301265758631,1.54902950484022
1.59835698952996,1.5558228281597
1.49861377194712,1.44792483252417
1.54011054839498,1.48725529900684
1.55552328598657,1.5115679841201
1.70028643485856,1.64596668016149
1.31879197002123,1.26832162720824
1.69894602033389,1.64144134233661
1.46762829693813,1.40701804662703
1.4853128228229,1.44139612003101
1.2795820274846,1.24671509453449
1.61228073529221,1.54913980295038
1.44582529115332,1.39512624444884
1.6549560106899,1.60337276251155
1.44945647874626,1.40044775442388
1.64854076019355,1.59746405637749
1.86442526584327,1.81359908658134
1.61744335211004,1.56608278733826
1.71033697360327,1.66183540968063
1.28086465301144,1.22210261871401
1.72948952354564,1.66626075966149
1.52366867119755,1.46731786604741
1.54691659591275,1.49879358371678
1.39100570443731,1.34377143335457
1.66185949589862,1.60642524477122
1.53582333389527,1.48169828799686
1.4627123814517,1.41948695075471
1.53674694220603,1.48940733650722
1.49575874242355,1.43105180875729
1.65116596342606,1.59836831351392
1.59181003450818,1.55093282847535
1.72853172582444,1.68348745894082
1.46465161686849,1.42696381543357
1.49783240282867,1.45495809922446
1.64574889478444,1.58217202145434
1.68122110190279,1.63462243089186
1.57245800951663,1.52975370156337
1.53867708300025,1.4787074213744
1.54468829183448,1.48358734720996
1.72778310954459,1.66235973288595
1.55504361163341,1.50760492375552
1.7157854605996,1.65817026773545
1.60819394444637,1.57360968297016
1.54544159841058,1.50030126365495
1.4081269446851,1.34294186283234
1.64008519701858,1.57969799594532
1.52262135106389,1.47931701726628
1.70727891907118,1.64607207013937
1.69330909878554,1.64075116804045
1.47542184577466,1.42540380635225
1.70124309209166,1.64788626157912
1.70101154506676,1.64510257261265
1.61534743981508,1.57208178235534
1.69670356014161,1.63016101189574
1.49118947711879,1.44151904241767
1.46047485060039,1.4283455500343
1.66702474095001,1.61840690073297
1.8026763962917,1.74280503628652
1.53204784602444,1.49641885355941
1.57037730545457,1.5279148485914
1.61708385300714,1.56607732068586
1.67305435944379,1.62690391468515
1.39771659855805,1.36459386830956
1.81721245037025,1.76258420388318
1.65901360066888,1.61080998439526
1.74512061994331,1.69001157687572
1.69911984946093,1.65190428226098
1.61327305728751,1.57744255874377
1.52336498222388,1.46561295740819
1.6310546046996,1.58361777540594
1.69749352279265,1.63743545803233
1.33063849445922,1.28419450421291
1.47415974455235,1.43095386461017
1.55065133523951,1.50326409451765
1.53392823775141,1.48519153050632
1.42711298764358,1.37622154166122
1.68138222032081,1.62978712491263
1.54440917894855,1.50266826186178
1.42436247918669,1.37289417278935
1.56559245579555,1.5080425177693
1.42811203636866,1.37664774272634
1.66026672876725,1.59854663626265
1.39513548603191,1.36212346199504
1.46543477212988,1.42972204163835
1.47185483809736,1.42343903745133
1.61702056727442,1.55682693679291
1.68209474625967,1.63656424542387
1.60770762587291,1.54362339109903
1.65264116526494,1.60082513556402
1.58263003635507,1.5317404478339
1.60104814677326,1.56474897600695
1.67095329531618,1.62935148274405
1.48505858492082,1.44248697448487
1.49679088936689,1.44988233951649
1.69207035525523,1.6354999574226
1.48668377222683,1.44312010205085
1.42793666098096,1.37650468041233
1.50289447938647,1.45173021084675
1.18568443294105,1.14008054377089
1.58337785537207,1.51498787811285
1.37775615627829,1.34187236515669
1.74984056116019,1.69746401871959
1.33423478050178,1.30315318149717
1.65284063842005,1.59672904225256
1.52557206672699,1.47550130836243
1.5099436672606,1.47616000565757
1.82567334061772,1.76924751253715
1.45404112461172,1.40560507011873
1.82615681909161,1.76631724971805
1.36636790381987,1.31273033555505
1.50398041397511,1.46053832532683
1.61655485009734,1.57043597720627
1.50130605780904,1.45693617381415
1.53183937282489,1.48322310483569
1.70221414339289,1.66193074773986
1.84126430103376,1.77821976396766
1.63240546183389,1.59185024642205
1.69319671314835,1.63962303815878
1.63371673197124,1.58402790573494
1.62549177780354,1.579446961205
1.66448861800109,1.60103581007636
1.47247629579555,1.42961800169694
1.44329804984202,1.38773718686181
1.67190978879996,1.61929636834713
1.45541715510201,1.41595950863809
1.58509811140735,1.53435151761094
1.74204730783381,1.6843786877984
1.52199731335511,1.45644766425995
1.56374062109654,1.52179818839939
1.77243376241731,1.71541479293672
1.62049627375015,1.55572870415332
1.42546835101813,1.38187940917798
1.16476873038758,1.10433073267294
1.46645714662821,1.42354092215931
1.49043186724822,1.4436215817337
1.56707110664696,1.51227434700133
1.39232810326069,1.36154102089535
1.46660609310563,1.40939200608357
1.50608652898842,1.46339885421917
1.60344347869496,1.55747273556063
1.77835870672584,1.73376747746383
1.70157878334353,1.65367252833543
1.40570064040595,1.35795996838093
1.88853214616761,1.83090067342526
1.55774637706389,1.51015847552938
1.54720436254947,1.48328134608109
1.41512178096674,1.36469530619368
1.34995607500174,1.31284222438247
1.4433082389897,1.40074874068649
1.72583975773599,1.66661510584099
1.53334311868857,1.48977389389939
1.61589147088958,1.5680554529334
1.54091477763251,1.4979610492916
1.56748004239556,1.50903829500127
1.54256204989779,1.49584072008476
1.43012539673675,1.3816615187128
1.50536812238486,1.4635897318944
1.43511146752601,1.38769642472903
1.66838549637145,1.62293665375248
1.32375431063802,1.2689503063784
1.50598486183605,1.45554725226387
1.41765670520736,1.38347405811825
1.42819697797458,1.38838872822266
1.79315016863124,1.72257257474347
1.54325137810347,1.51300967915777
1.78684131033408,1.7330471491388
1.72567673671658,1.67315217178257
1.61658343835646,1.56025273748345
1.84266142213417,1.7870650541577
1.60244151319227,1.5412683516081
1.62863748386606,1.5749421054641
1.88644016040972,1.82406501580481
1.5931414133977,1.55733864566058
1.46898631509996,1.43146649098267
1.50059980641491,1.45243756267527
1.38093137840358,1.34856015713075
1.73806384998706,1.6844678282217
1.69020993098389,1.63751535722833
1.49318598598121,1.44152938997269
1.10008351902352,1.05576716455026
1.34234730200919,1.31043326045067
1.57707875020458,1.53989318493141
1.37552233493924,1.34022413426529
1.48894481789864,1.44576865680299
1.49533797631984,1.43806767795597
1.53603185697509,1.48070943762487
1.64116846818443,1.58267179513222
1.46775497703435,1.42410424513514
1.52330876752185,1.46416316064053
1.54898524199676,1.50102581660883
1.74028733761433,1.68565754927518
1.46736469844684,1.43130135822839
1.65808201584816,1.60306640812602
1.55701050974342,1.51035107436415
1.53020274973793,1.4869205089532
1.63561536995127,1.5906093423249
1.44029177738924,1.40517677681021
1.46988445900219,1.44323024217075
1.38704024498614,1.34306110209581
1.85243908290072,1.79157843456402
1.60297592275117,1.5442757606903
1.51818016939909,1.47780500461882
1.33013570575912,1.2807262208971
1.55643428024083,1.5073931379764
1.60605347417289,1.55945168727517
1.43058998487133,1.37825512159172
1.62706689844778,1.57583497212065
1.46446606668705,1.42608827081814
1.59373809217885,1.55090742662015
1.52958123400887,1.46640098960407
1.61522361014384,1.56412444140491
1.70525142358155,1.64937890418722
1.44480350380033,1.39287672912523
1.35993192992631,1.32277958096838
1.53731612341281,1.49600336817123
1.79361783645885,1.74043875075145
1.59855048809937,1.54406957283258
1.63636544320687,1.58365852623343
1.68807873149124,1.63741328076697
1.47473553362608,1.42225789954229
1.50421579759477,1.45402860470382
1.5973154662627,1.55058015488052
1.81240510339997,1.75702688976603
1.51927758084348,1.46971411550723
1.57964397755949,1.52977329380946
1.49307398693836,1.4431601894967
1.54137172229671,1.50605800315698
1.72548312922265,1.67488088400661
1.63728613303971,1.57958057968099
1.54418917458416,1.5078108939205
1.71083356549714,1.65571737253714
1.5253384424959,1.47832684148976
1.48144264709369,1.42944077403259
1.57585059369234,1.50907899338234
1.5738891888021,1.522638519399
1.51652347836345,1.48212931916327
1.38951416738091,1.35411905061774
1.74727564094416,1.68543111154157
1.69417535943355,1.63810284000754
1.73902648329979,1.67815696662881
1.72309076887786,1.66895377614587
1.42080118813434,1.37191140221878
1.77744104955897,1.72491711724533
1.47668287042319,1.41794360232939
1.53060532821509,1.48639655916794
1.41502059815301,1.35949961637394
1.49835634230989,1.44703410142109
1.58898077688504,1.54201792703939
1.71136766620326,1.63407253046545
1.69863620142838,1.64681871042552
1.58895879587707,1.54671744836806
1.54217807030708,1.49396069605481
1.70584746129368,1.64637285780041
1.37168450894131,1.33181525204356
1.7058733136053,1.6455166479414
1.57245554892188,1.5188210172039
1.51319587603665,1.46227586421158
1.52731491980562,1.47752495183149
1.49979317671613,1.44868772738715
1.6177946967438,1.57191567455373
1.56791148202946,1.5160999130946
1.35432964501283,1.30702185579766
1.44497102692628,1.40347576797198
1.70598936296809,1.65159269677426
1.41840218494572,1.375352322532
1.50281249816995,1.45842922519801
1.54037527360593,1.48929110743908
1.60745829007301,1.55330318570404
1.56119274334446,1.51434468821877
1.80893289163622,1.75177062520181
1.45376059435836,1.41362673483999
1.52069687575286,1.4768265692694
1.59947433961329,1.5522673011652
1.34367603625713,1.29203535711133
1.72843354455695,1.67910543824176
1.69551743549785,1.64139319641398
1.44643230836533,1.40602558589905
1.65663553365101,1.61481581447304
1.48909322896307,1.44329844721077
1.69289352153821,1.63355245817589
1.45576529826165,1.41083300845645
1.52307004604502,1.47572763071399
1.72995137997121,1.68311559019406
1.66472518630276,1.62021398298384
1.68039240237162,1.620120213186
1.53388477361512,1.489752462476
1.52105688338442,1.47138708310727
1.63011135672304,1.57355433821981
1.53224435904214,1.48040422083768
1.31889500684214,1.28590236082244
1.54940673119518,1.5029010005178
1.49803859028611,1.46132772512402
1.5920805089637,1.55074542883911
1.64724096160085,1.58998021085397
1.31385841757667,1.28245202764493
1.3757800928888,1.3392354605075
1.60298314865941,1.56100074366345
1.74530574321307,1.6957472421436
1.33121925192884,1.28759153188706
1.56047731961046,1.48497603885593
1.48964567053888,1.43886377530587
1.7018616955834,1.64207713465589
1.54653802446935,1.49388240006183
1.46151678482578,1.42610436940598
1.57247073674532,1.52913588260847
1.51273044655356,1.47752380382668
1.73987505924628,1.68088441107616
1.69125610569812,1.62359599897395
1.58799029610567,1.54247925144946
1.40365774438533,1.34349437873562
1.34790693081107,1.29567837203013
1.65747434516403,1.60328596495201
1.53914570101052,1.48162020595027
1.40937562312134,1.35632482755309
1.66225906341858,1.60741763730233
1.48249241634667,1.4299958801944
1.72720570546441,1.66962832656527
1.38346132710829,1.34226252764338
1.51028265581795,1.46690766701038
1.50084783246144,1.46150652103549
1.68405607467821,1.62720232569946
1.48019896709992,1.43870214276372
1.49800609687191,1.45464937269148
1.58670288705903,1.54103130967576
1.55212006644476,1.51060451040748
1.5105535048779,1.45834148470157
1.58954738318672,1.53016372936667
1.50539980054685,1.46874497966255
1.69532449247505,1.64051217942784
1.63758891979635,1.59310698910375
1.47331628502831,1.42316812156681
1.55087859815605,1.50713169823642
1.34881341859345,1.31624706068428
1.5769623350075,1.53435225905061
1.72849060238817,1.67493383224377
1.4392814869185,1.38853636940858
1.53740567683038,1.49216573984918
1.62072820828792,1.5596094339203
1.62602000556253,1.5724944691439
1.49988895895756,1.46378907945058
1.55282909754522,1.49769512079401
1.53643679327822,1.49746425648153
1.4790823396664,1.44762278258069
1.24331854546455,1.18731930848278
1.51492666739884,1.47589996249726
1.66747118180279,1.61616292989389
1.46300303583292,1.42590656636299
1.50060933346953,1.44263514766657
1.43456602339052,1.36944235696872
1.60976907205767,1.57132688819068
1.57053276846083,1.52989012590677
1.5555881763482,1.49108430692212
1.67859564356475,1.62330358573547
1.48020019177932,1.43392527578636
1.4662254410914,1.41528506981535
1.66681503880693,1.60456695705462
1.72948093706275,1.66140260827789
1.48273427446187,1.44058693894554
1.5578842465965,1.51121261951987
1.49280175644243,1.44167608587537
1.69670911537042,1.65594732981957
1.58500291199311,1.54145421348584
1.66984840299581,1.62807576403348
1.35005276709606,1.31828015361242
1.60821608085083,1.54406648737153
1.43657654105453,1.39655997417009
1.49990721472529,1.44579461058724
1.7528573668941,1.69957693095518
1.59526568453045,1.54479606348331
1.77711887664862,1.7168056412739
1.3679324377811,1.31085696107246
1.60203304483485,1.55479050748536
1.61943560405094,1.57659318917472
1.65522595204534,1.59702583086841
1.86348231076522,1.80482800829032
1.46992135985272,1.41845686241153
1.59458168309106,1.53884018151993
1.3644520394311,1.33178932689563
1.5982063305558,1.55586586665784
1.51861795420779,1.46688875654249
1.7644399349192,1.71255717464797
1.68034657944292,1.62343085569825
1.38189375591819,1.34577079730047
1.56415435959915,1.50934220465405
1.5778087272138,1.53829532086492
1.23601657025389,1.18914216792623
1.24781957894497,1.21643586954445
1.5123370762467,1.46358145159691
1.78052074021129,1.71798443335938
1.41503510235635,1.36550769289024
1.64389111099151,1.59498044557316
1.6451276110542,1.59761770480864
1.50538919660482,1.46038501860746
1.69882784234126,1.65227973225658
1.43264068544065,1.40006504988701
1.47264636614975,1.42846406849117
1.63678519720899,1.59689556394961
1.44455221051561,1.4133789196608
1.47306102424593,1.41218990823519
1.8584086596727,1.80270518286628
1.48062868966559,1.44095112275507
1.51284944964156,1.46961163672347
1.58729420174268,1.5389608582675
1.67682479256314,1.62492774478877
1.56629644400502,1.52229908139243
1.36034275863056,1.3137024548771
1.61746036751959,1.56625128278536
1.6208202642912,1.57326073059172
1.63010250804293,1.57119476379045
1.4201664564298,1.37236148701887
1.65006978861783,1.60271409603975
1.53222427421674,1.48959169643217
1.45612002029033,1.4090146069192
1.60943678112873,1.55444142697759
1.43018483529817,1.37902225271688
1.51982271921461,1.47196162046343
1.56290970288886,1.51841909684984
1.6475724149186,1.59016233720549
1.53174218907228,1.48546187155733
1.36683336251397,1.32007714351754
1.41502312407827,1.38527024672331
1.53233155528305,1.49025457412945
1.38279494994928,1.32754060704123
1.73093133314468,1.67694669002222
1.45221769700588,1.42079687479044
1.62831423798206,1.57874316795335
1.67864020439541,1.63638271457376
1.83521762503539,1.77941899747424
1.54307831715211,1.50363523287857
1.33109149911371,1.27121143202141
1.59654551247798,1.55600118248255
1.72366887148773,1.66490377921682
1.46334321529589,1.41232466310495
1.46174091469074,1.42044234150685
1.64192708793615,1.58389789209008
1.5160057631116,1.4799075580617
1.63610268621991,1.59669927888985
1.61877625703538,1.56592407621689
1.35316249372919,1.31893213631599
1.60947827807094,1.56220169327776
1.68182601474195,1.63219012578309
1.49710183243343,1.43904899765193
1.43974169089154,1.39044923306196
1.62147628676181,1.56020009293671
1.50854086005577,1.47323660586042
1.53507672777264,1.48015134744163
1.58838367792438,1.52831445861298
1.56043739508812,1.51189609018116
1.26440911411585,1.21536655411182
1.70719661145159,1.64743899867421
1.63441825265565,1.58313648791321
1.65481202067152,1.60196780385287
1.6461492926373,1.58021937644787
1.24866331402731,1.20103864034766
1.64292884763589,1.60357992834096
1.40509650473285,1.34922469068067
1.52112892062403,1.47289692466167
1.36272603766555,1.305299486051
1.50323783336085,1.46167099787386
1.61820426341261,1.57920373383874
1.62839403382141,1.57708257544881
1.70058375246443,1.63943356054322
1.483623911856,1.43815550426095
1.3140922508129,1.28149589521786
1.35410280992922,1.30616710442331
1.54720294480319,1.49933433692942
1.39645444488257,1.34404614476244
1.49966278876537,1.44559057606917
1.75530739775142,1.69835801409406
1.58185893482648,1.5384292941551
1.69024982344631,1.63226236024219
1.61704413075414,1.5555687117427
1.41254539713348,1.36404265595737
1.51533914463885,1.46776597110094
1.55111006295093,1.51614093532857
1.48182948511633,1.43151525054414
1.47372736745269,1.44041693477386
1.69853913568159,1.65328047976169
1.81959594400724,1.75788278078615
1.65467325188334,1.6089261787502
1.42502817090792,1.3716826129684
1.67990734963262,1.62378645659058
1.60906058345872,1.55602509302827
1.59752588730755,1.54490137062019
1.4129339167766,1.3704977999102
1.75517007876522,1.68998299131137
1.54423254328991,1.5051121462543
1.74109682967267,1.6807194006181
1.55095304271631,1.4992842942373
1.91461014752821,1.86578004959805
1.54642200337228,1.50405044640015
1.54011847458296,1.49358706214539
1.45271961647647,1.41254725714052
1.39643507126043,1.35974535859058
1.69437953470195,1.64638620562296
1.47799515550374,1.43906115441668
1.62115162060914,1.57351601044134
1.60795583546636,1.5519307750551
1.6961707400606,1.64532224508053
1.32918852513375,1.29066000234788
1.70058172609639,1.64868783815366
1.3721669826826,1.33178985516421
1.38285609354742,1.31391507999877
1.39793549419711,1.36627293478889
1.77550760774915,1.71048997680582
1.65183381031921,1.61009578451015
1.52958138539074,1.48547995482253
1.65976254322163,1.60941878770335
1.50592848190959,1.46229826857339
1.54353354087373,1.49576837967932
1.64274767947139,1.59164729578672
1.50024596564161,1.45071212677703
1.62504388906632,1.56883116153917
1.74992174080612,1.69546222083139
1.53056633133365,1.4872239305545
1.50099709612252,1.45445227080725
1.47272384320498,1.42852057620709
1.50785639071086,1.46316323515275
1.60303137384445,1.55149069518782
1.44846870931178,1.41151203283929
1.54285197930883,1.47464662623617
1.81452043025009,1.75656806243221
1.60286043554462,1.55027969069319
1.51852186155217,1.46317003098661
1.6513962244482,1.5964544554073
1.5824168961465,1.5271708708981
1.5920852695764,1.53080607531823
1.451767602372,1.39696982963103
1.62625348889042,1.57056148973241
1.51606483834773,1.46994055200627
1.72655339633882,1.67198865408388
1.79032601461357,1.74581539269513
1.51873253753026,1.46693303744443
1.75868411809482,1.70150997906409
1.56765852445606,1.52138842268459
1.557308006441,1.49225506546427
1.45532484297552,1.40468620471224
1.48203370501639,1.42546561507113
1.46635784128799,1.41600897116212
1.67751117622746,1.63123132855674
1.64108768235666,1.58020835209365
1.47295473687182,1.41487033471365
1.44171472856653,1.39684582520321
1.56297346201864,1.51802267024155
1.48745949678594,1.44799164929202
1.60365691170218,1.5510005731272
1.65355836278781,1.60756978807498
1.59154619196227,1.53581140082551
1.65355820148107,1.58678624081374
1.69215515597552,1.62926785245667
1.48082312933823,1.44283228561678
1.54449814870784,1.49891771573691
1.38972302751618,1.34609782805767
1.43886975646799,1.34951509474028
1.37928892689077,1.32929313491931
1.49276207763543,1.44160022779579
1.46963999878621,1.42178470581093
1.44540925282812,1.39106028145729
1.65163460247947,1.60754351045388
1.65226371478016,1.59402470074532
1.54016717464742,1.50491799420036
1.44281095434853,1.40113037571292
1.50064821243602,1.4367254059877
1.51573463596313,1.45423570779049
1.5429830981435,1.50446121922866
1.406154493822,1.36150391074683
1.81373813720702,1.75959596582014
1.40292976977402,1.35272212406479
1.60552593681879,1.55431303395671
1.69983356877676,1.64441496290378
1.41202589269641,1.35167013428424
1.58121730563288,1.53551729342715
1.67972185034672,1.62244352232245
1.35942792997444,1.32046153064819
1.50739829929512,1.45107733116756
1.59915916154632,1.55453697485881
1.72974677510361,1.67448590206389
1.48885830430827,1.44598676652901
1.51244608411469,1.44404698101779
1.62573984452154,1.57134787929409
1.72735381399327,1.67904103941337
1.47607707586924,1.43562713118147
1.54864035196409,1.48151889267476
1.32361985821624,1.27861242431726
1.41978287740621,1.36540929173727
1.4973062031527,1.44253426190771
1.68274281929189,1.6194072927047
1.49824112084011,1.45627266297292
1.53367969827172,1.46721031810288
1.48541523144786,1.44465911832838
1.68263341612166,1.62428609454899
1.7445111928377,1.69262108661949
1.26939198741976,1.20449127229071
1.48875958046913,1.4493729436045
1.61570681151882,1.56663664632091
1.5039365235567,1.45572781595146
1.58540268550004,1.52975925401071
1.49879249031927,1.44081478548859
1.7686778549371,1.72463233861034
1.46384411114997,1.42033037758545
1.8470225742333,1.79485081956806
1.73387798759181,1.68017030908211
1.69824897286104,1.6372648481399
1.48625693271882,1.44920329516739
1.32269986232385,1.29200191572416
1.67502085226329,1.6235916431396
1.47528625069943,1.40738040126991
1.72938236649388,1.68105579225835
1.45257030947517,1.42172880857775
1.64750420504475,1.60182557253256
1.79739575459715,1.7412406644106
1.62443519887175,1.57494847244397
1.28738009754417,1.23613506190185
1.3939371054019,1.35750236492167
1.51363610731901,1.46879512005266
1.67165405338401,1.62614055917557
1.5957808840313,1.5497345601066
1.73719500618138,1.68709633074102
1.68439924277295,1.63039604147303
1.71632172666372,1.66087748611499
1.67733764629752,1.62043018367885
1.63994129896751,1.59279014694314
1.51063987408395,1.47708667373844
1.62637854331585,1.57560702524521
1.63154923073522,1.58047243355673
1.58267752954264,1.51550827125946
1.50078163283312,1.46714265273606
1.62520259178422,1.580367442606
1.61553678501642,1.57140977374493
1.55915789436358,1.50733078015752
1.56991334198525,1.52863847209963
1.57806633773021,1.52872554442011
1.67999878669299,1.63030448952085
1.38555287157156,1.35126700114808
1.66576090528234,1.61804176127303
1.49352866799966,1.4305289238967
1.8846820369426,1.83425424396204
1.46374978492186,1.41938057010108
1.36631427568697,1.32520551010638
1.46327263307087,1.41870795594
1.59522530636121,1.55301526120169
1.37050489663411,1.30038859465114
1.46894373625196,1.43782151921972
1.81609442006836,1.75888826019387
1.58125550900194,1.51844758482318
1.62313905978487,1.57556616912286
1.57026067503802,1.52259213274413
1.60074325366741,1.54059521330537
1.42967195060802,1.38742700260225
1.29141860745242,1.24057299733047
1.58331458240761,1.5279640345109
1.26566766137668,1.22458136276393
1.5292891367097,1.48339487173766
1.75397713444574,1.70595134875323
1.57497248017981,1.53021742015058
1.70898386855265,1.65147772789122
1.33590173341544,1.28707154299882
1.6493580828782,1.59078701036913
1.52975001186268,1.48720516940308
1.19147855957156,1.1395340046311
1.64343908652515,1.58721525361596
1.81271225174605,1.76440505928971
1.59692294426738,1.55528392426214
1.62887888498174,1.58713077499254
1.75800033791198,1.69391070635892
1.51386151978627,1.47763666306409
1.72761011816459,1.68391432902455
1.53756046478689,1.47832419354672
1.70542659793337,1.66019392796268
1.66576769155793,1.61979481358378
1.56223389786709,1.51542542951579
1.64642709860441,1.58840696081254
1.59326099003472,1.54205945837071
1.75748888281845,1.70734500317089
1.60325171004062,1.56009395689947
1.70854182028285,1.65786748869594
1.70148792080396,1.64912936690193
1.56668322252624,1.51474791018827
1.67045961774107,1.62609889121132
1.79702688110251,1.74570016118153
1.52715550815368,1.47813864122004
1.45118744561781,1.40086863632561
1.68922768546646,1.6421361248724
1.53066513148437,1.47277465245736
1.60230207675812,1.54754864370508
1.61808635101303,1.57215041846575
1.4197756498312,1.37129126438377
1.52083892986059,1.46664260957026
1.58569087781672,1.53161715394855
1.61519881113152,1.57323503699555
1.64031810576007,1.59215379003385
1.64091086152681,1.58924853909229
1.63182134629054,1.58143907441507
1.59586290202051,1.55673810140501
1.59198517213186,1.54959626532154
1.72486829622525,1.67629855146406
1.75376172308795,1.70509876485445
1.44408142449473,1.39783564562663
1.60902783414207,1.56274280019405
1.72956294007214,1.68669399961911
1.69604865244625,1.63882780372966
1.50475642304053,1.45990324087931
1.42880075328535,1.38159130660592
1.49807610022645,1.44859459723084
1.32241843418449,1.28401286828859
1.72162823252631,1.66056548802804
1.54779407327495,1.50597635498885
1.40847130019542,1.37213033626106
1.59374348601229,1.56081537208835
1.51995712558718,1.47110980285521
1.56806641750591,1.4967075565893
1.49792722496777,1.44635864942887
1.47398656368659,1.42654538403229
1.47306606259489,1.43439626458731
1.4865385776198,1.43778798850212
1.55727366266498,1.51561067625162
1.54236936038936,1.50188790205497
1.7415423646556,1.68566745449435
1.4591122143516,1.42669041791876
1.43606011593736,1.37038779581421
1.56110153813399,1.51126488628613
1.40241296613478,1.35506957995032
1.63797132310714,1.59748117749294
1.57708634055585,1.53621594141859
1.56543989353601,1.52328560413569
1.82943297579816,1.7837955667221
1.49800114084042,1.46124636016897
1.50001105182329,1.45093082393993
1.80178817867935,1.74655935248309
1.5276049723068,1.48542679020617
1.67854444449259,1.60874311203367
1.61119170317754,1.56457291260771
1.48927692157695,1.44425145982373
1.78793363976675,1.73515397266407
1.54888423096939,1.49500847255872
1.55061626878423,1.50943776752981
1.61202843352254,1.56468753238643
1.3348979724217,1.28551563557385
1.25708364174597,1.21028834502406
1.66079274924885,1.61036826945555
1.53161035084907,1.46945702757476
1.64871050890245,1.59905257401386
1.53888670109188,1.4936069145938
1.57098520005727,1.52539105481645
1.44069845172216,1.40338113786698
1.58988185671795,1.53081827149925
1.51745617184533,1.46492327254966
1.58729221983101,1.54703356511822
1.32064016504961,1.27695540859563
1.45436537630009,1.412733086888
1.55358878651425,1.51057042769086
1.51793594733831,1.47032096964613
1.55126328482626,1.50479729587835
1.42397460501062,1.36563131067635
1.4958282856536,1.45468422075145
1.61693000135343,1.5659113636324
1.71612582681738,1.65691339035898
1.45226044382775,1.39807875312758
1.43271890021314,1.36532615460704
1.58380967102057,1.53826133251343
1.71511423509655,1.65954777071053
1.54313977949588,1.48644196415538
1.39750461090427,1.36088009046797
1.50547770222919,1.46069759667413
1.68792677970959,1.63129599722589
1.63202850625083,1.58990341755746
1.72938956736374,1.69021175839149
1.50758660229252,1.46628100137793
1.73508468982077,1.68168594854881
1.76076335701276,1.71398264801281
1.53632767760372,1.49018609533345
1.61526763511997,1.55460226043587
1.72652586445714,1.66816997018594
1.52385441292058,1.48075015842409
1.66697819778659,1.61772510409153
1.60687115632362,1.56153071679585
1.58780361207131,1.54102310418383
1.38802327080754,1.34377147591842
1.64390162925418,1.59981886988995
1.52603083949776,1.47611537039104
1.7102623288022,1.65881015770582
1.66393288070386,1.61868992912909
1.47661815877677,1.43259388730805
1.48965840618502,1.45657021841428
1.56809723727445,1.51640606640559
1.62787294618564,1.58598273121596
1.61355585405131,1.56248935856457
1.72531500384307,1.68056116754329
1.44271804594519,1.39609390725811
1.47574675079527,1.43308428933684
1.70553188102861,1.65674829059181
1.56820135254737,1.52488781463287
1.29657116860112,1.23076120970247
1.60745834373965,1.55660500280132
1.72859997956272,1.68015421696949
1.43646518394562,1.38694718469998
1.57219463531181,1.52968206511852
1.23166411280487,1.18047673548027
1.58496074629343,1.53537083557502
1.30893793610327,1.26489103168731
1.41482180481941,1.37370095124596
1.44184864166615,1.39030134411954
1.87117537524484,1.8117349420036
1.67747805829927,1.61799683097358
1.57045301928624,1.51206851149997
1.80226386739443,1.75627331083176
1.5489285386166,1.50809398044893
1.83293669247495,1.78417952125053
1.76043727595929,1.70091645130868
1.68236111476133,1.64317160593522
1.65069655429101,1.60311061176266
1.55481993181721,1.51070747791308
1.72874726943757,1.66744301652309
1.61635057964577,1.56958540806681
1.49095481717235,1.44088229160405
1.24629087564312,1.2018785328496
1.67297993298799,1.61691689395423
1.6214880084209,1.56954241634327
1.70227237719812,1.65532200216029
1.64962799332282,1.5825447256996
1.30999957739337,1.27752446792306
1.73669027416745,1.68964628392375
1.32450390831975,1.26107977501159
1.47231393832894,1.42636444403676
1.62686138755659,1.58137661784183
1.74616580965723,1.69375918287976
1.4150746918972,1.37312547108152
1.48547249544303,1.44132447599393
1.42725185973041,1.38581806493468
1.54364897655346,1.50381627217036
1.55727040976571,1.51348759750503
1.85147580362101,1.80130289752204
1.40217673945051,1.34235815180936
1.70778204422167,1.6571656590026
1.68014965748869,1.63057038496227
1.49810174285557,1.46181225426903
1.6849897433409,1.63523009766427
1.57996159100363,1.53324010730318
1.51743699674665,1.45820033727316
1.51040039333979,1.46099400779213
1.54043137306797,1.47261958494657
1.52159912117807,1.46676995086306
1.51082651163831,1.45782987354458
1.4704244570095,1.42395722082414
1.65124382562666,1.60323930442465
1.49786790427495,1.45800379837407
1.55424772722259,1.5076743406646
1.60912283998807,1.55683749163349
1.50466707372892,1.46132099895327
1.43156776794154,1.38785180532582
1.74718978571967,1.69526141840418
1.28802594978872,1.25609224724319
1.58426873193139,1.53624960178702
1.61206665447357,1.55060962206557
1.35876995615889,1.30712056763025
1.54839747947031,1.51078454462746
1.46173590922389,1.41717633471112
1.70609234925114,1.62787839132152
1.29277660306883,1.23737258241769
1.66431268328503,1.61595213774224
1.52656785230966,1.48352007838172
1.53831554788982,1.48786230427116
1.66171091833329,1.60834818127034
1.71247258935388,1.65461071908865
1.55877652039967,1.50963427155375
1.16341161779495,1.11012132939075
1.78737042524534,1.72898736648235
1.67967453699866,1.62108477429333
1.60794970944117,1.55112245823861
1.59278495564796,1.52957401173596
1.53049400468995,1.48606266606963
1.81886760951811,1.76119826106359
1.6504466143395,1.59812340804619
1.44001339226383,1.38720611126669
1.42150265113763,1.38131637790925
1.53078548255259,1.46876000834794
1.58031209993444,1.53199887993193
1.59275627673006,1.55123409631067
1.35448133813759,1.30717197417883
1.46656053860337,1.42978038057723
1.6913668286042,1.65133537343736
1.70986165515643,1.64901901218678
1.65986877589013,1.60483267826354
1.46025552511653,1.40496424995616
1.54701591509962,1.48916852362212
1.52580509466022,1.48275771696034
1.59198782622381,1.54405645898874
1.68199492527279,1.6324889628504
1.71873622130674,1.67273532451544
1.43632575032328,1.40380932570048
1.60448203072845,1.55190461785109
1.53003939361125,1.47380709643482
1.42275914809474,1.38119352770765
1.42476626210937,1.38636131355722
1.68936764414327,1.64060773677527
1.5122470103478,1.47410587551728
1.52950023665486,1.48785711535558
1.68164313270515,1.62617540031913
1.63165239513696,1.5812345559841
1.45831381735079,1.40833738047214
1.51771819662658,1.47710044016984
1.3881460080449,1.33535820736034
1.6365437987445,1.58358529499673
1.58258693542112,1.54367402162176
1.73036422552507,1.68844619697852
1.41931275662247,1.38616014197228
1.60533590779057,1.55985151490404
1.35705373658451,1.3147306791755
1.49064278096686,1.4427184578511
1.61930386626599,1.56976621142418
1.533661207383,1.48438379359472
1.45258862659012,1.40090340013019
1.68602949365904,1.63903867353734
1.59088806839737,1.53160331747355
1.76252619674527,1.71104616208519
1.39414350357262,1.35523218895832
1.48708542886351,1.44592595347733
1.38660079480066,1.34449792693029
1.74230913606731,1.68787148034536
1.63459205951684,1.59862408358282
1.45555230002058,1.40604926164396
1.53565100476886,1.50314455327979
1.64824581702567,1.5980904102133
1.61576337740272,1.5700918304715
1.68218458224174,1.62850381367444
1.45895657819972,1.41700717976983
1.40837561328992,1.37012131147772
1.71465444586898,1.6673410662058
1.62048990123348,1.58508713600649
1.5311703794797,1.47657024054725
1.60416654157718,1.55806397265043
1.74102928332151,1.68600268683829
1.44924979496387,1.40747728681429
1.57245183799287,1.49947581924047
1.66500574463553,1.60418115198191
1.46868968956311,1.41730838266157
1.59333762845296,1.55097893712819
1.4977673149955,1.44992585893654
1.44462706445251,1.40237217247735
1.68740175332806,1.64321341936487
1.33832118469795,1.29169306006195
1.71339146456489,1.67011343646465
1.42654790375317,1.37508185874893
1.61943937866281,1.57903387093427
1.51759180363093,1.46876472047695
1.46202307819273,1.39016980625847
1.59895200463811,1.54904122562183
1.66779440051781,1.61805297457261
1.49860499425205,1.45109474394016
1.60159407732695,1.5494468550531
1.58081497025454,1.52245373163036
1.40141794961044,1.33842659865234
1.58621986091682,1.54269702949764
1.50960066589386,1.47333785223855
1.57826737837581,1.52336759254521
1.54594015282241,1.48739608968418
1.61289298604259,1.5660732829785
1.79122046160825,1.73586422374394
1.36049683612696,1.3161947454152
1.51524067934101,1.46563145948031
1.52081487112372,1.47219370618389
1.70021028956666,1.65476416735273
1.71914430783369,1.67170456053888
1.71131336878206,1.65673146302748
1.65686643835076,1.61580688001127
1.6451296023682,1.58718962477943
1.57338129751235,1.5287079845324
1.6179891513142,1.54074142892715
1.19502910960879,1.14465799043569
1.63230958296785,1.57588011586245
1.71864006014652,1.66556495202457
1.45790066251239,1.41295459065399
1.61469229329612,1.5708257650557
1.60432551689852,1.55511847933693
1.59303061477765,1.53358237117662
1.73834572844892,1.68208696440799
1.65241015788579,1.60223551141242
1.55721410888135,1.52072374667622
1.60279970980667,1.55143022837027
1.63990802968974,1.59148677231691
1.4117114986628,1.36445790441039
1.7570252365444,1.69751565395126
1.59061606255168,1.55251059693113
1.58993219370934,1.54843669116341
1.5014940160328,1.45478524946175
1.36149429942482,1.3100467010027
1.2681453001879,1.2079807505146
1.5002311458429,1.46205944940526
1.5616929752518,1.51857414575998
1.52879256654439,1.49216965681489
1.77686839463249,1.72726516468861
1.62280783654536,1.56622264865637
1.48797818795922,1.4413684450557
1.56791445418906,1.52117622774015
1.20002708195338,1.14226150081303
1.31133966518628,1.25891356036612
1.61049847918791,1.54648243237685
1.47253576628896,1.41264100979567
1.76754590582452,1.71252491507297
1.54114532899418,1.49233663522131
1.59719630075103,1.53342414240265
1.53512912468512,1.47421131542495
1.65341416187256,1.59672577747551
1.72905365735586,1.66492666922638
1.40215068911682,1.35211839577516
1.62030759626382,1.57832014433653
1.58880746591606,1.53868285965154
1.51993264109889,1.46559557317233
1.68331485754212,1.64238757070595
1.59929544054906,1.54064224997674
1.4491768054602,1.408372840706
1.50785626694041,1.45066197544017
1.73141698520363,1.67181295980035
1.55687748611204,1.50639572661944
1.4109457134205,1.38461069335774
1.59599949021307,1.53625292765373
1.50104741755929,1.44101652084624
1.47658276816282,1.44198656702219
1.61811030699592,1.56472097686893
1.81195396896255,1.74564262772492
1.6653795093942,1.62169913074122
1.60104622130291,1.54583109097737
1.66329899412695,1.61688233065138
1.51764609402494,1.46872793173052
1.44177906658757,1.39082465979574
1.79737910362096,1.73403980574165
1.32305995800658,1.28380160732798
1.30415501963562,1.22805313695734
1.48063953537764,1.43413187057994
1.36675519647804,1.31557066084898
1.45526395240048,1.40311750046631
1.54937754090907,1.49210030894873
1.60902652120331,1.5575592644933
1.47421608648876,1.41924138933735
1.5509414545781,1.50968997182966
1.33223981967898,1.28664181817967
1.35002268196227,1.28813437388998
1.6901342007587,1.62705164132061
1.45428165361785,1.4140202608693
1.28749869448918,1.23857339620757
1.42963678525617,1.39643731604959
1.62010219698212,1.57349440537632
1.57780847203539,1.53060412632709
1.55795088555114,1.51116408380337
1.51594818693112,1.46077158849384
1.59829725169657,1.53676898710269
1.69848728787962,1.63394811091919
1.49843853010864,1.4596226592113
1.36205269140527,1.30488502829696
1.52960247928535,1.49162700660639
1.34847379822345,1.30248503136616
1.63907351636164,1.5753061191083
1.74830629625688,1.69315681338815
1.52166153584531,1.48450738111421
1.62395715375036,1.57471729206444
1.72556969105833,1.68246454258344
1.58300398596253,1.53317364946734
1.29386743453627,1.24661694341613
1.57181073535846,1.52306332635682
1.68562420647179,1.64238508351509
1.55688384939108,1.50989396398068
1.63942395127133,1.58059380860184
1.67632983180576,1.6341836336283
1.61289845634898,1.56424477561669
1.49315601877502,1.45586764755352
1.53099110422702,1.49419169557424
1.57798715536968,1.5432311065349
1.73635552842703,1.67387464597098
1.31856092453731,1.25966789615161
1.38676862008453,1.33387334160127
1.28420616751482,1.25031736264456
1.58750582982253,1.53190114875457
1.43234002575181,1.39451785006841
1.33922379038287,1.29139770581457
1.75672326460891,1.70390438461148
1.253034211636,1.18034069514834
1.51237548845995,1.47038237404128
1.70207643868175,1.64724608585209
1.68675110314347,1.63631812578635
1.59317856233635,1.55286880331875
1.60548896525725,1.55811948525245
1.72566996945395,1.6778602165373
1.70514602682074,1.65628564472832
1.46780344468011,1.43160767690002
1.69025817464235,1.64457360890478
1.62611739136275,1.5823820765103
1.57743125915079,1.51999445643469
1.49143984525332,1.45221799316153
1.70644853430416,1.65623597318066
1.47571839778024,1.43050186064047
1.5743959868421,1.51974850873591
1.82067618265162,1.75693565219935
1.7705951681975,1.72617199279211
1.79626019446973,1.74385389688787
1.47426577713113,1.42545463731001
1.69474406626269,1.62993401922598
1.4752996755962,1.42908933517328
1.48270934851973,1.44470291383376
1.65271375513149,1.61155158793113
1.63803058219661,1.59277665908793
1.5687699223147,1.5240168942719
1.83726452709977,1.78078453598397
1.7350303173968,1.67773083338251
1.37828296349339,1.33220615712058
1.49082145648268,1.4469837213806
1.40590868391331,1.35222294771267
1.55187928530402,1.5052771148704
1.49020013642739,1.43925387143838
1.48252810711676,1.4357901268997
1.58375734179246,1.54278602766175
1.5665284760168,1.52250726353671
1.38928615559928,1.34904961350201
1.51738943052412,1.47199609477269
1.62709233223703,1.57359687551341
1.75393066395057,1.69521186566125
1.42309161358064,1.37104347570429
1.70233619073544,1.63893196667058
1.44159183049567,1.40192684896753
1.60697726584957,1.55125727108022
1.85959448825192,1.79563305574652
1.43408243037256,1.39029886967868
1.79293391943975,1.72750443887791
1.7470310552032,1.68900633945516
1.53644254162286,1.48565745666476
1.75201406345336,1.70149537906198
1.43991518021515,1.38472778075329
1.4917962131986,1.4524006783501
1.17039113566486,1.13827113643071
1.54840202992517,1.50083444960835
1.58315283611367,1.5406479325815
1.43159284558237,1.39534799737507
1.66600127172445,1.62247328638492
1.74714381353497,1.69446175069872
1.55470629238479,1.50380049866046
1.70320923497944,1.6574187670194
1.83483494051168,1.77352845399272
1.43851446226465,1.39378280820604
1.55127565120045,1.49720892818053
1.70003556237389,1.64322539854334
1.37359962606592,1.32687692419123
1.5007819183706,1.46693729162538
1.75092094019611,1.70047596779108
1.7464927472539,1.69734954585828
1.46734301613842,1.42770783147801
1.57999839420737,1.52805269860561
1.60293214070841,1.56195520634231
1.60072172574569,1.55048906984549
1.38680480298665,1.33339946151394
1.6588030924158,1.61017401829336
1.48007216763937,1.43173158757214
1.45358133950437,1.41011914434387
1.62287762233344,1.57961641579636
1.38421511885839,1.33517997556118
1.59233485959047,1.54419183168196
1.75218969881409,1.69502150962778
1.53921716700807,1.5008219215016
1.65827552236425,1.60872717607351
1.69682696117021,1.64968240952991
1.81429883538822,1.76320598179907
1.57442818744336,1.52999928679085
1.67218424984269,1.622065831435
1.40715174011061,1.3753801634086
1.32729377361549,1.25642006796484
1.52589420187767,1.48425983522936
1.65314356071396,1.61163642223979
1.66535728328941,1.61917767193515
1.45354441883873,1.41699346964375
1.54365161079477,1.50357459232898
1.36736373742276,1.27953620580306
1.62254794199301,1.5803086353524
1.75549292382639,1.71004013976407
1.59924040268431,1.54526786382723
1.63256252272079,1.57187673508112
1.7113360035347,1.65912164820283
1.69212223347296,1.64467811723702
1.81475769546466,1.75607065588589
1.68879267493767,1.63720752459435
1.4835747446512,1.42565793926509
1.60935602781086,1.56574976996714
1.63685366612184,1.58995916016546
1.78210340204131,1.7354438715461
1.51384460927284,1.46547908080097
1.43890965228256,1.39292211107987
1.46161542686395,1.42021480797175
1.50675057739628,1.46664696204096
1.76203001010826,1.70035651627605
1.53828201437614,1.48888830747831
1.5038840788326,1.4510457692498
1.74277835275226,1.69418927295449
1.76164884983953,1.71402893942877
1.77042393566364,1.72645874582497
1.60587499652845,1.55188399222592
1.58093321929776,1.54566279156697
1.599619686794,1.53151262855807
1.77058797750064,1.71692296522346
1.71484578917891,1.66372876518409
1.65641193415253,1.6054991246991
1.36643188271618,1.33476123005043
1.64939524867765,1.59584913496815
1.58323769772524,1.53358944567902
1.74297016082377,1.6961680342328
1.51308111327174,1.47088489379801
1.39779395801181,1.33834301668935
1.59274438452185,1.52165956161596
1.53632738161805,1.48410869610266
1.5728147197449,1.53048461975583
1.68588136299006,1.63588658654797
1.64692214407017,1.58174841845354
1.46609960035607,1.4286716331396
1.54681485603714,1.49470168028185
1.57089576883593,1.51626990032811
1.52163108483145,1.46447417250223
1.44132362946238,1.38839361946084
1.73414223388298,1.67299688491137
1.81587301282551,1.76681718451289
1.60606548978423,1.56212907394674
1.71824457879673,1.66800634306985
1.68719638320649,1.62326114057414
1.61506497682154,1.55412273153072
1.59267840676893,1.55108352422946
1.74055535677929,1.68841982955057
1.64765457916375,1.59455355825126
1.51379338576481,1.47724694998891
1.49311382784325,1.44916912720459
1.55931155852462,1.50867381594603
1.56659917942571,1.51227186132511
1.42914310923803,1.39370870572115
1.41988144246255,1.36425380142574
1.5519772469392,1.49855926913996
1.5525261951111,1.51942415705459
1.65400242356044,1.5697287849863
1.6256827563513,1.57649123051167
1.43993122672768,1.40732732456006
1.5487065795854,1.50100463256806
1.33939379956726,1.28415294969266
1.47384403772131,1.41225805124395
1.31531415436601,1.2511153261007
1.15791095005951,1.10888995629094
1.58479757916812,1.5267763845754
1.56473280835131,1.50475851267753
1.79754178917481,1.73669697126302
1.5920780201825,1.54652061815885
1.73679655184458,1.68761321311558
1.72462159238671,1.67352235355895
1.35093838635907,1.30997911458418
1.62278920781763,1.56938590084872
1.43791172571471,1.38983536485454
1.63386407454684,1.58075299634972
1.58331013001448,1.52883977249154
1.4201406634961,1.36958924561382
1.53856958221268,1.50125950453584
1.60976844055617,1.5732369596501
1.5209325532509,1.46094185774232
1.42092574317412,1.38637533400715
1.54001528069433,1.48199235180773
1.53902381204962,1.49497303234888
1.48320853430239,1.44011731974519
1.76957512325593,1.72003954989979
1.59002085674617,1.54453826276932
1.71048308368837,1.66340232896707
1.39245944128299,1.34247464014849
1.56327830386911,1.50557538743923
1.72627286452168,1.66542274982972
1.43955404454248,1.40222941312714
1.63063092081074,1.56764931052286
1.47779487162139,1.43696780659025
1.71331344631356,1.66043381134553
1.74942764173577,1.69227696812885
1.86877838998587,1.80573477609493
1.60240406534222,1.55647035935686
1.50327664189216,1.45963185784807
1.47801424442275,1.43414520607403
1.68143711880814,1.63942417416503
1.4766311348259,1.42814760915354
1.58530494569152,1.53044780923666
1.2353501550289,1.17321063375546
1.70045200268508,1.64472504835228
1.54723952039376,1.4918959223075
1.66209000728348,1.61009139914784
1.39085273601407,1.33966563626287
1.83806211158201,1.78462774937096
1.90463583993212,1.84430699553251
1.31874714285852,1.27934589131589
1.46731638544623,1.43108014984853
1.79602871427495,1.75295156365265
1.40387825635635,1.35259590434507
1.57062544419278,1.52140714708218
1.58751820728971,1.54307483796934
1.60327082045257,1.54958993407446
1.62451520130281,1.57312538328904
