r0,rt
1.36760877265991,1.28289528328037
1.72657983603142,1.61851294165684
1.35045697832869,1.25324596074594
1.50757534929598,1.41277515437951
1.7709020446724,1.6411669018244
1.65374349530338,1.56221422412596
1.57007575192011,1.45924186941341
1.5509210534795,1.46774728378839
1.60699732879967,1.51753673365703
1.5191984107389,1.43877328127179
1.43185855202329,1.34652369019352
1.68021098901743,1.57481914451948
1.63632731332512,1.54901236249798
1.55279764278587,1.4593034633451
1.66904957987102,1.57397367250387
1.64513162541841,1.54676715602201
1.53143261753886,1.43985600747518
1.40982020929655,1.32652879670577
1.4996189611398,1.43057717064664
1.53475270710213,1.44194252241322
1.45784838090513,1.38477752027162
1.44462134186753,1.3476687663329
1.41062802454235,1.34107317704589
1.37902559909594,1.30994642722423
1.40712046100849,1.31281050438561
1.57959834641645,1.47125723123902
1.56251564113578,1.44183066518349
1.47010075524307,1.39023844705192
1.37781854073382,1.28336002227738
1.56583496572235,1.47788695055705
1.4409456707639,1.37211451221526
1.59123125071324,1.51507981678292
1.40662844158152,1.32321403509106
1.50159773240597,1.40700229852081
1.44390540226272,1.35085502836861
1.54905541465167,1.44319082224161
1.48044262706334,1.40738888135342
1.46944757472132,1.39276375121303
1.40052877677376,1.31423303720724
1.86863771637259,1.75206647092843
1.71746229565234,1.60917502025241
1.31176645699562,1.22248105174913
1.45723705552518,1.39150971616622
1.61593595818426,1.50795099683437
1.69265875891359,1.60483565441325
1.65423878916129,1.5623956188454
1.67515057710668,1.56311573944856
1.59747393921963,1.48010147485535
1.4976275267142,1.4193402983319
1.40772459104581,1.32332924898153
1.56674009107677,1.47538852217638
1.5268879896177,1.42450068841311
1.70180383803989,1.56394051136142
1.64722681890851,1.54821529159433
1.48014303174447,1.39946124473154
1.63504772383897,1.53411319067551
1.52095435699276,1.43255120051292
1.77520025837756,1.66833698112543
1.41422109796864,1.32353620066554
1.4645034066502,1.36390692359083
1.53714822629749,1.41219611928934
1.46438786737759,1.38031983987437
1.46675014691971,1.38800171123084
1.59867936053555,1.51652677613198
1.59670545856406,1.51421982821036
1.26945178476985,1.17169907477355
1.65558228478958,1.55963922653219
1.61932549668714,1.52314914852072
1.69206569180938,1.60010734147732
1.28541932834118,1.22227879778259
1.37052880420214,1.275980252418
1.63843640498162,1.52308864316938
1.45412342729048,1.35770199159557
1.60690351234138,1.50428710277509
1.56091288931743,1.45542973271707
1.6225153542946,1.50262095552763
1.61386953257598,1.48749364213223
1.49382374451345,1.41220707904295
1.63569747837178,1.53495732675769
1.40834412020793,1.29046963247268
1.83429457314499,1.7109559578785
1.63846028847826,1.54772915165404
1.70501895063559,1.5904247393676
1.63486041073834,1.52867240999676
1.29820227793808,1.22988134595353
1.76560404619307,1.6608068534287
1.60108069878795,1.50081424604869
1.56218895035568,1.47710235066171
1.63058209868217,1.51840792957146
1.54155839792297,1.44427332345985
1.65133192814294,1.55274363868087
1.74160818723531,1.63570092304363
1.72837835704896,1.60937022733973
1.51514229175003,1.44034994740462
1.51414532284648,1.43037678096873
1.50251273827942,1.42554383646648
1.72516915545032,1.60939713320799
1.73259195520647,1.59797286236738
1.43189111593992,1.34680387132061
1.65899636171571,1.55975562998279
1.6857814440613,1.58895342736966
1.58643102673032,1.4847821281551
1.58592606772681,1.50131836431669
1.56600668497478,1.47183203479044
1.42531074241544,1.34082511858943
1.64599675214182,1.54636307813474
1.64272338273787,1.54260402842904
1.52961501257716,1.42075675664673
1.54935775054909,1.45753670908861
1.46358767139091,1.37543069144821
1.48174024116602,1.35236759906686
1.41133825703304,1.33819917099119
1.40740633650798,1.31755617074838
1.63962948852654,1.56541035659571
1.58652045366111,1.47775600180804
1.58174089777226,1.49328451933684
1.52133772813365,1.43880640961974
1.47475351467512,1.39939663934891
1.73374719588693,1.61211903827906
1.82446264524265,1.69970567530695
1.38987641878977,1.33078167642257
1.52182642576649,1.44513421029081
1.5074911978088,1.43799413936851
1.71312282737408,1.6096784045104
1.7799944435947,1.64882836499958
1.75891162187864,1.64609332809732
1.87673033992701,1.76350176476745
1.78692819202649,1.66358441035198
1.74628429096029,1.64066942480997
1.39770432410111,1.2811589042878
1.5756975520253,1.49040525071096
1.60689193497431,1.50598467114978
1.48192621852057,1.40287527627205
1.60612509932026,1.52037551756653
1.58853044285733,1.49769268328421
1.63912946351519,1.55126448655498
1.60210354517414,1.492300584928
1.6946599583591,1.5797170380654
1.50536535804397,1.40528781953858
1.44201951163741,1.36561703921805
1.51386901205975,1.41834448353384
1.41941221642057,1.34670487477311
1.38915531540082,1.28583013704051
1.53561200912559,1.44582302640689
1.43817567985052,1.37042985584098
1.49356254912103,1.41476873216511
1.57885231038406,1.48286958830004
1.73405509475254,1.64662318306196
1.45349748654615,1.35804532071675
1.61204470441552,1.53454843911938
1.63292010976196,1.5238335554599
1.62049283451454,1.52491095257639
1.45733392670706,1.36558821883083
1.58571324623905,1.49327283019868
1.52300433701933,1.42157184182394
1.52552454046085,1.40827921787322
1.33722777891432,1.26921578066393
1.69950109092915,1.58445508598547
1.52795246091898,1.44226559021224
1.34745782515735,1.24665676146251
1.30305571658646,1.19975516307942
1.27950264333765,1.17716193298948
1.44959405385058,1.34255905973574
1.50350317062077,1.42532739908065
1.52370836789158,1.44030338979687
1.33080122256854,1.26467795497959
1.75114150208924,1.64936060842773
1.7970722831547,1.66916181606566
1.33241054154045,1.25541171940081
1.76401797137233,1.63992798785308
1.36268308941646,1.27704451582689
1.55912792911296,1.46670017605569
1.49294832508346,1.412715247821
1.49958163435928,1.41182814056287
1.54908316625021,1.44417708271176
1.59536681978252,1.48487618217286
1.31847798055558,1.23883181692953
1.59750169653078,1.50528889842486
1.44902672327308,1.35887971671052
1.56822268388365,1.46409824487125
1.72031908471538,1.60975548531103
1.47024091536999,1.34908790944183
1.66147847139369,1.55358631922522
1.63952223197392,1.54027946485179
1.62449692457228,1.51569158321554
1.34136596353299,1.2562121851498
1.69995154738124,1.59413816806726
1.19524492193402,1.11633111818655
1.53464718639125,1.44210298850472
1.81426074126991,1.68713397349815
1.41470396325541,1.307686470291
1.54124004897753,1.45250094741658
1.622071355713,1.52142618972905
1.65514613175925,1.54012157661379
1.43660196117963,1.3580501731234
1.49612598115148,1.39849315418093
1.4647844785513,1.38573258618645
1.80917333603483,1.68622962437931
1.74368822648327,1.61375459053656
1.4511158825884,1.38094462480827
1.3468648179663,1.26382332722168
1.58493000108839,1.47146283350791
1.62724699816712,1.50683235124503
1.40736880264795,1.31519907299679
1.54529673452866,1.46817458251076
1.67939371146976,1.58452224783808
1.49802617003211,1.40316996401159
1.67008657924731,1.58805478221988
1.75573085581821,1.64576116220281
1.53989323660997,1.45552285644897
1.64918483880105,1.55998018740233
1.84813490829088,1.73249640999255
1.66644869385631,1.56644476144277
1.59259287908153,1.50599012785537
1.61328662567026,1.52840621823261
1.41838595337097,1.34926415785128
1.76993083943902,1.6496554101149
1.45231251157784,1.34592249245433
1.75228055269149,1.64279295995653
1.56593731782356,1.47429460387939
1.5654648471881,1.48624656627393
1.88834097230104,1.76490281591654
1.51454610535683,1.43247324516311
1.57182295192246,1.4741969291716
1.4761718084931,1.37249910543002
1.72073956685384,1.60730129955035
1.5374933389483,1.43568973570459
1.64979225546882,1.54480073118284
1.42830412308668,1.35706291216619
1.71150160038327,1.62434720055976
1.47435201404024,1.39464856526121
1.60890317876254,1.51150658846515
1.61055566824336,1.49677989669214
1.51398555126285,1.41287854760492
1.4904552033267,1.41245816663747
1.62096433510437,1.52812420252074
1.62041162553353,1.53462244328492
1.56338165177755,1.48381432370181
1.82677744112891,1.71161541944137
1.38934958809405,1.30934057918802
1.57174999724623,1.48136381410167
1.80285410673534,1.6735898322198
1.61189831604524,1.52401407858698
1.48817905117752,1.430057993602
1.51291016803042,1.42533875091931
1.37546193563466,1.3092235848677
1.58280613613514,1.50127908730592
1.60624407186956,1.49265922066157
1.81881792851745,1.70764576000656
1.695722225485,1.59769826475416
1.82201472851946,1.70629444526351
1.78474049492933,1.66325328905607
1.54061090480778,1.47053421128069
1.80728495352017,1.69158643518229
1.74917753534826,1.64646564591623
1.46337579595173,1.36109134652761
1.59886511089551,1.49866904461658
1.52564896836929,1.41580630255787
1.66760422025517,1.55366966192417
1.61134652940632,1.52440575049467
1.35028752859254,1.28842680930131
1.29017748857989,1.21001492597759
1.57504477137659,1.49590957989739
1.66693167271248,1.52856776269503
1.58932207259684,1.48455824722581
1.66139918821359,1.57419018413466
1.48527817131328,1.38209486533113
1.32366972201421,1.22569137774253
1.60122795659398,1.45772597982256
1.54821063247932,1.43209204727939
1.46903433671831,1.38441247672816
1.69370315123069,1.59298798959364
1.59773433048406,1.51216202220559
1.8290807074726,1.7242454976455
1.61594469331377,1.52495115929453
1.54601894029665,1.43931743894654
1.68661695150332,1.58607928037479
1.46919377721579,1.39438718878196
1.76688729440427,1.6444741702444
1.59442506033164,1.50360238272802
1.60369436656474,1.49796750084866
1.56484479471784,1.45566595016309
1.51189527697354,1.41534385168123
1.47005386338197,1.34558922972632
1.3420204792908,1.2546949243189
1.59961588050069,1.46244986247902
1.6090568547347,1.48727256214605
1.63698175938927,1.53206616769853
1.51890593670951,1.43993725562927
1.1584023579448,1.0607751384638
1.66602729192834,1.56022297984295
1.75943258663873,1.64314839998372
1.66537070110823,1.54938680407525
1.56135241292498,1.47012110282023
1.44010786646927,1.33857207228736
1.67853288928442,1.57696313382263
1.411511863463,1.31640603866016
1.59548022035734,1.51776153944316
1.39195915741804,1.29120903500101
1.47391046322041,1.38998714748741
1.75206683549483,1.63382740240454
1.74582078303739,1.64251851442509
1.65949787188108,1.56791846366489
1.41472721557392,1.30818822160656
1.29757739468285,1.17302194222957
1.59645727221558,1.47188433136201
1.75767760305683,1.65459846813503
1.41953910298525,1.31849166814163
1.38571449988521,1.30028706491673
1.40103862912553,1.27676686806395
1.41447189084005,1.32108141475851
1.44016965049757,1.34148465622278
1.69080051716309,1.59952251837699
1.74122987990801,1.63430387607446
1.28538117538132,1.20406906800129
1.62302985540327,1.51805283325517
1.53804743794925,1.46279257566531
1.70694009553752,1.60014878612635
1.73861792254879,1.61914656874799
1.50913438309722,1.41768700716444
1.71507982107816,1.62244468282059
1.65544455470212,1.55438311077974
1.61533120654123,1.51533533376331
1.50302715342482,1.42125188165263
1.63249079170193,1.529288670656
1.59950087349493,1.51372358903007
1.68185149391247,1.60423045481032
1.4374024219253,1.34384448929618
1.34130290038186,1.26123713665335
1.69293239352241,1.57156451575865
1.78462469747355,1.65717093386302
1.61244888360815,1.50816571313767
1.12133164770983,1.01856281362306
1.68620517608704,1.59104981447758
1.52939836578555,1.44461746392619
1.3782913162126,1.3095341889861
1.74603476177476,1.64815807650564
1.54778121452319,1.45389481595982
1.47193464450779,1.40216396688352
1.36618956388823,1.27359739443505
1.56340676000406,1.47736087496478
1.84912152301679,1.74094032573154
1.63109768829884,1.51989357235712
1.54045551345909,1.45300164558479
1.47850123675748,1.39166033380836
1.55957561216944,1.46567707937652
1.50071388194569,1.3862918133909
1.65462568302127,1.54103830915863
1.55511880911096,1.45697391142794
1.58279267022691,1.47755582978165
1.64947279713218,1.54625327197447
1.39028824732622,1.30630795169188
1.59963394379846,1.50447726369139
1.70328537728166,1.59175793720601
1.50374350766268,1.39009638276763
1.62725024639177,1.54507046326318
1.51367653857766,1.41823286333457
1.47933255462939,1.38572674347058
1.44129430095116,1.37555569307977
1.68471249154556,1.57698189759804
1.54506223871067,1.45210196492054
1.49544167499705,1.38688228101071
1.45048985239778,1.38368570961946
1.68113246934183,1.57718179160812
1.60717118883267,1.50897728998212
1.62534162128519,1.52802664882842
1.83758950913415,1.71700082894183
1.84852855008043,1.75397699426207
1.56879474310751,1.48280111962737
1.44738215343161,1.35720100448033
1.49840239071792,1.40584184621292
1.51222331190648,1.40217061827545
1.44802973857332,1.35495997073288
1.52413296723205,1.41569397380247
1.52456993615772,1.43838219268394
1.85466237383157,1.74053670490597
1.70288868307214,1.60400969633409
1.66812164281201,1.55907736984243
1.46845535042511,1.39676132243996
1.55620253271871,1.48181668096904
1.67510505254897,1.55681058928292
1.64362917483328,1.49284304071419
1.70667908906917,1.58634138033053
1.51707498694488,1.43037934301051
1.44346793853304,1.365753043659
1.6573572139298,1.53930704309012
1.70148063674852,1.60057528578478
1.33912529255572,1.26635163463465
1.63507032360656,1.51596668214479
1.48232309685123,1.40060256114987
1.44375187099863,1.38221084112241
1.37320519250022,1.30207057123877
1.60648206870488,1.507892777648
1.59186027824331,1.48536841004687
1.60927187892756,1.48911304635271
1.68933437561468,1.57948104270333
1.59913092318028,1.51028444262438
1.70589462611847,1.61129623703916
1.55399468054437,1.4436953031292
1.53127962223552,1.43741459620582
1.67886779834971,1.5944223499281
1.58766396141749,1.49379786738
1.37753433481885,1.29719185763645
1.51035550722321,1.41100440615787
1.27616287261776,1.21818528017129
1.70139271628727,1.58102390993342
1.78350461735639,1.67322918426746
1.6690017124471,1.55996097027236
1.4955061692564,1.40414005020668
1.58051887627365,1.48759547566557
1.48146056950753,1.39797013205224
1.56262591399475,1.43077985937564
1.64782503473538,1.5364991135803
1.55025608272298,1.46829261286469
1.54411617902935,1.44871715025475
1.62546573198591,1.52424995400846
1.4994750146054,1.42138538380492
1.5249045004582,1.41168391482742
1.465753676466,1.36852602900509
1.51683765817311,1.4191002686675
1.42234346759145,1.33234445404716
1.62789377914533,1.53696457606815
1.50524715571459,1.41379066249447
1.4666296789571,1.36053018728986
1.49929341437299,1.41551108298119
1.59437848491407,1.50946277976668
1.45045157973685,1.33904305685414
1.64131988121854,1.53754291954977
1.60758409979848,1.52888013394433
1.65996732218758,1.56021213177387
1.49766915370839,1.39711418030745
1.54166922463644,1.45314081188205
1.4778524571729,1.37095234346365
1.67594060300945,1.56811888226032
1.69900661663196,1.58547147598885
1.52628954668496,1.424413587066
1.41906631059911,1.3359379289296
1.68023008974165,1.57641248199014
1.4343379145986,1.33602348947623
1.67944678995239,1.57913034888066
1.44107193016706,1.35758276428974
1.62091269294213,1.49530594912226
1.62483766493493,1.52036149609021
1.55834488735069,1.44821521158288
1.63255514467032,1.52731285745288
1.46641796846049,1.34124468628304
1.69746873103826,1.57187049764245
1.67186250914335,1.55959054985311
1.50851912117693,1.42546538621299
1.63317628111543,1.5267821359306
1.51715520400065,1.42961211830366
1.49873395809061,1.39004356289263
1.49180898672635,1.39777942884334
1.54805589035264,1.45245527580563
1.61328145624301,1.50583866689479
1.54274214563117,1.46766273091272
1.46613221913262,1.38905754747499
1.82241192906403,1.70681339588755
1.56045904853764,1.42609332348247
1.52978255202154,1.44134699586708
1.74875400763503,1.65261219959163
1.62019548976765,1.50952333574093
1.48111555430655,1.38309937016386
1.65692006639549,1.55473216854005
1.77126546881925,1.64319197563517
1.55805448700184,1.44664347550471
1.53652593307463,1.45365027408145
1.62703374141883,1.54273113058527
1.5325870849487,1.4461882097725
1.69040691856637,1.59639821208286
1.44708443267068,1.37147464935454
1.60773238850294,1.51376794332325
1.67587390241026,1.55590483546183
1.53488539416572,1.45459275948461
1.54479048318513,1.43935278382104
1.55956962470618,1.45998198009475
1.2084511686634,1.12323710776413
1.69039700709031,1.59431238927564
1.82685038090348,1.70808847081284
1.46525798392263,1.38474604017001
1.4505301697732,1.37618359122089
1.37160128978664,1.28006310990088
1.62504652440958,1.54686958020686
1.59766921998718,1.49563459067561
1.6349727211523,1.53377958797977
1.45017176476886,1.37327582761169
1.53906022228921,1.44576731859405
1.59715151444789,1.49141479330036
1.46925746167129,1.38886534746148
1.62121696347186,1.52371594009236
1.81015969725236,1.68662247600824
1.59682166759272,1.49893522627215
1.20146431800744,1.12613225026634
1.47792859431153,1.39135256034033
1.3931909921172,1.31764063422846
1.42991929376218,1.34130718853721
1.39765990980193,1.26353302219705
1.50849559000828,1.43207490378049
1.58648371344733,1.50975419202171
1.29378374357181,1.1869954468392
1.52533875488014,1.40230792144477
1.61491706607142,1.52063789349048
1.37855522759877,1.2940749274779
1.33457490407057,1.22783923525217
1.38160129376135,1.30791521709782
1.55621612836518,1.47957857487727
1.35675737100401,1.28525592872613
1.31670948375852,1.22850462451778
1.46501671655986,1.36111520818553
1.37132013393345,1.27989642157114
1.76891569498954,1.64826272651993
1.55778016654879,1.45212270127529
1.73591027927442,1.61514211167864
1.47269516399427,1.36290259669701
1.51507425508847,1.42770738367877
1.58991635389294,1.48877059019463
1.33236466582111,1.26755707259298
1.43485179493414,1.3257437842764
1.61988038281891,1.50792968668074
1.48037134591293,1.3748383098525
1.7171875616687,1.60925899377508
1.60978368805889,1.50101998778823
1.56029485383663,1.46916594015743
1.45053056986861,1.37911875710396
1.47702385403437,1.38327312283993
1.72386385121678,1.61885525593263
1.55758848598933,1.46856814147734
1.67876295688516,1.55104828684482
1.6833522053502,1.57916867212741
1.34135236471485,1.23993862677446
1.69057678128366,1.58640000293251
1.48772691689936,1.40568130900138
1.77712968269471,1.65633539199817
1.64355117272369,1.56349012485926
1.61448630951859,1.50697931727754
1.6415068434192,1.51906778167683
1.38884128978988,1.30701168753262
1.63883359822039,1.54452587380851
1.41317793639724,1.31979125312027
1.60889570414401,1.51725600473393
1.71653216523813,1.62290100539445
1.51534494246908,1.43255325813258
1.21648333699107,1.11022690717759
1.50162869630397,1.41962633281793
1.66985052615868,1.55955511825366
1.34863643078711,1.25131432086707
1.62203104837877,1.53176059787897
1.46278954635245,1.38883785389018
1.37106219650603,1.30053800364562
1.36489755618015,1.27527891925015
1.67028740059526,1.56288862410421
1.34830976480833,1.26507953878961
1.43057297164615,1.35681499996661
1.53134918825278,1.41623874935851
1.52194728092706,1.43444064514911
1.66070644136839,1.56662702244979
1.66159429370495,1.56414791389319
1.72180824192112,1.61253422372182
1.59370392374306,1.49406569966355
1.70587216468198,1.6076501947167
1.63038801056334,1.51567181592635
1.56123385889331,1.46565123233824
1.54389763924589,1.44401480822023
1.41115967458731,1.33963859248265
1.51912741654092,1.40460612144998
1.60046563621822,1.51147700896715
1.60717490856159,1.5124831681338
1.31773510586466,1.24539443010693
1.29094271790737,1.21522669323337
1.57281766003665,1.4509465769076
1.49486781992264,1.41992069094796
1.35874774203691,1.28118044743328
1.64680365676231,1.55201645008139
1.78438150652629,1.67332182034761
1.65843520336551,1.54414351782581
1.73094629182144,1.63814307610407
1.57248373625783,1.48588820484136
1.63102021479016,1.53339308863372
1.4959310955186,1.40602463144744
1.66520623341511,1.55458229190991
1.56277602028782,1.46011689763528
1.52155792839008,1.43033754887666
1.58633001783278,1.49249456911821
1.62051129189055,1.52124936727386
1.45658283168183,1.36515812555627
1.78449033556995,1.66840848395559
1.6701641657091,1.57679323804152
1.62902434890019,1.54854432963964
1.52499955236303,1.43476876044491
1.45589455358179,1.38067145066194
1.62466168151565,1.52940122386758
1.11335994903288,1.02910502087455
1.68045183082297,1.57328949439725
1.61620798537391,1.51434868274097
1.64032512089953,1.55952718275724
1.72684710635878,1.61640703074254
1.73135007508077,1.63414926005733
1.57734367190285,1.48020380987602
1.49626954295067,1.40172482610564
1.56490756917213,1.48345621182587
1.55512730702653,1.43907768743208
1.7339891312296,1.63771181890906
1.55416058171546,1.45887489414152
1.63610168781287,1.55807663557335
1.51532971686347,1.43340177658013
1.63197833710012,1.52744192988641
1.49440245158071,1.41463549848993
1.70569145979851,1.60024867762003
1.55827228109183,1.47333054357927
1.52524001518595,1.42449424102328
1.52589343474144,1.44612936286256
1.44833909790597,1.35995568248049
1.39613408539916,1.3151970009768
1.4559719561419,1.3563230419109
1.4391127932574,1.35962092780558
1.49415639421397,1.41532741205783
1.55086617842687,1.45360413313917
1.33932378077065,1.22319162665971
1.59511743704238,1.50018733295743
1.70223204117062,1.58383109714761
1.43222307540747,1.34409213165372
1.70735410940784,1.60084612626623
1.64085925276533,1.55515631637024
1.50695891420363,1.43269687715937
1.64081322259302,1.55285219886142
1.39053328313137,1.30433645293051
1.58451778581624,1.49904979617338
1.71091322239809,1.60598740372929
1.6298609558726,1.51180205032354
1.61107359612336,1.49276659338747
1.53470724715176,1.43370533411188
1.42152910764025,1.33743633699918
1.82727936479788,1.71675955393074
1.81467637556157,1.70387394739974
1.32826388371826,1.2285762685768
1.43171150486045,1.37061258775444
1.41268994430205,1.34062791219564
1.68146312676779,1.58903572878703
1.51670598710365,1.43749792791579
1.68040976722118,1.5524478582641
1.66817465497215,1.56969513731744
1.40227733640655,1.30982076064183
1.57441178756272,1.49301091637331
1.50046709059995,1.41934681617246
1.38800251044235,1.30847507474042
1.691432796559,1.57834591254134
1.75166981338827,1.64651899819472
1.63763369886538,1.55635015181041
1.45894140542175,1.37967010118488
1.6255353747876,1.53487981316596
1.67523515699194,1.58344828180475
1.47072446045084,1.38525910695257
1.51178928542716,1.44663968220732
1.71090014349855,1.59779880596604
1.5548118979286,1.48843014075045
1.69994835948744,1.59326264405818
1.54340191172999,1.44345824913691
1.58896892745756,1.49506803683649
1.90368470781963,1.78671074112568
1.65924651359235,1.56529102960174
1.62638104397662,1.53027767305633
1.51449323564485,1.4230868366583
1.72686937017751,1.62068117189716
1.66588097880495,1.5761189340806
1.79454963470418,1.68571925768159
1.4526183161854,1.37806502791435
1.25704442965196,1.19671805511176
1.62702881088392,1.53992495817969
1.4592237330118,1.38151218162381
1.34519965973501,1.26185447474162
1.50068789152674,1.40228189347107
1.54934295173855,1.45047752649766
1.56594744696951,1.4845785205308
1.30347599909451,1.2171257113172
1.30707128431123,1.21883387504982
1.36780922449825,1.2709327546086
1.60679817132798,1.50185394897259
1.71302975434153,1.61446340067338
1.51926298048226,1.4327758445111
1.7262772542712,1.62188812992908
1.56052146395513,1.45534898987354
1.74884731437454,1.63755573834239
1.63225314883974,1.53834812456858
1.57771630364009,1.48651707959771
1.55469872819932,1.43813033541575
1.51913888160916,1.46290671778437
1.65225781145995,1.5667045251756
1.54899021819279,1.47077565759051
1.58327739699836,1.48134651431317
1.57866984046571,1.48038610609651
1.58279679965707,1.49165139790399
1.40765322794837,1.33460386438926
1.69602809108179,1.59125221911127
1.55402439149447,1.46198847458937
1.63482999179942,1.55099792170768
1.53496593660655,1.445720090492
1.46905350898146,1.3808856982119
1.54246692660695,1.4425209075935
1.43316410959311,1.330906659639
1.79110101583619,1.67823034671887
1.53019289419388,1.4370320726042
1.4703682827251,1.3797989287073
1.35271356298261,1.28721715927111
1.56122506133036,1.44786610241793
1.6865049719514,1.59836219054988
1.40922628246454,1.32372022045992
1.41969487502869,1.32765318613603
1.48914914206332,1.38370230747152
1.41700357215457,1.32726057697963
1.58149474856914,1.49347340268244
1.64308885750518,1.54202275551355
1.64765924922451,1.54099757892587
1.42075553328885,1.32467018100332
1.41053417330786,1.32774851568337
1.27195934617285,1.19875129163859
1.55017787625765,1.46281147081781
1.33825098936206,1.26239074989682
1.83844401703032,1.73374503235143
1.43542423665146,1.36833676776145
1.47800114679404,1.38756069679121
1.38734978248307,1.32850704084527
1.30693843788018,1.19504266711896
1.40503182389964,1.3186661755795
1.70846395500622,1.60999468845351
1.43330974272287,1.33649815754767
1.55087358955685,1.44742267423511
1.53572411493228,1.44766279990807
1.68583270702144,1.58465381419341
1.2610784643711,1.18196199694731
1.49977634151602,1.39244919444709
1.42812311732404,1.35639779458372
1.52126875909368,1.4075079697989
1.24945458564934,1.1312464362186
1.52121111226115,1.44279014843981
1.71488131642288,1.6070858539114
1.68093049033317,1.57622727299234
1.44576785002369,1.35877329720819
1.54371112290483,1.43433565870784
1.34549585120055,1.2511879224304
1.50464747604983,1.41849613612501
1.46127531818534,1.38359763737809
1.69993572578445,1.59716051813792
1.60556650470191,1.49547224989266
1.53857210922568,1.45023494918619
1.37906742500529,1.30681133351596
1.33203754440228,1.24820956276715
1.7022549604461,1.59837585510826
1.53121627953175,1.43454925635677
1.48390024997062,1.38642949404327
1.5558829299081,1.48498496576543
1.75399695334305,1.62919984001828
1.36491837649594,1.26497810152454
1.68596055637618,1.58877279160542
1.57764995567235,1.49456904041626
1.75226396149826,1.62445619835289
1.58838424018828,1.48273977916001
1.55343615111393,1.46826268429044
1.52408939792296,1.41591940063683
1.52098888349999,1.44138749991049
1.52323247980872,1.43230978927522
1.5293607199568,1.43254014751875
1.51488817361849,1.42762777915479
1.61316049588381,1.48817963294901
1.57120573667921,1.47489353917651
1.63375077841671,1.53463310720853
1.49145235187673,1.39966723989383
1.65040301496907,1.56624439406681
1.48278068471911,1.39961810259878
1.36886454975343,1.27847230967068
1.78332732286715,1.65961511617702
1.54885534480569,1.44184104808486
1.52441462931764,1.44652494886807
1.53681006341223,1.43887711216455
1.34247816104266,1.25743715546712
1.61416211970231,1.52022551876513
1.59847347959371,1.4995546975936
1.50878152660359,1.41519038782146
1.49153106347985,1.41759255964579
1.58351237295233,1.51094684805004
1.71130159912391,1.62029554667086
1.5533848763169,1.44562817130108
1.87158480997267,1.76307564448094
1.45812303272827,1.37061729710916
1.52191914955594,1.44746118812434
1.4089041529408,1.28747645458959
1.76008225252391,1.65268593606052
1.63510955830482,1.55973224751072
1.45199669347785,1.34746550500388
1.65733204612782,1.54659552216088
1.64696593504225,1.56399322040791
1.69055328015633,1.5918727985723
1.56622941959257,1.47806291182947
1.60168673493934,1.48460021699671
1.55312205253822,1.45504693855376
1.73518451805879,1.61392728869107
1.56677713257139,1.45582007868374
1.55148796571731,1.46849679960244
1.62298407858195,1.50996846744724
1.43594649725879,1.36257312673603
1.64276540055391,1.53850846774402
1.5602866857805,1.47682297389059
1.62043526856602,1.50824327961067
1.54747843034945,1.46010917465548
1.5854675960726,1.48582515079174
1.62880755203356,1.54545730427509
1.54987359307483,1.42920922986438
1.77282008789639,1.65367900852412
1.61241212548345,1.51809489183333
1.56530957703237,1.46775961087967
1.66469232049006,1.56447511045885
1.82327795484135,1.70562943076608
1.50184253466208,1.42060682600658
1.27940814525637,1.17349182095474
1.56946979842806,1.46609119695404
1.45574657037463,1.31655921247566
1.39080478631397,1.30136744234745
1.67249317665027,1.56400169931926
1.65959079938926,1.55531778666754
1.57382536838594,1.48732756242347
1.63412524495058,1.55395753532561
1.75798180235185,1.65416778395865
1.48255097685732,1.37442121336735
1.62313849860989,1.53404725487449
1.33664809593891,1.23590669490558
1.30895654596993,1.19944346749538
1.66410147556781,1.56396625523496
1.45771844396934,1.37475823198285
1.66027113474619,1.53814761254726
1.82465026351891,1.71187336310775
1.64404743490794,1.55819503175834
1.33845592644593,1.25328419808272
1.63674207620371,1.53489239015131
1.51690207095489,1.44001684389622
1.46021344347193,1.40269385516956
1.75228664274862,1.6343310361432
1.67834754761566,1.56935151821479
1.72401590396091,1.62073917085555
1.53350546674033,1.45817473931246
1.45463335743849,1.37706988665225
1.57209144685946,1.47933026905736
1.48376523932161,1.37375762766529
1.39519114645781,1.2910395474647
1.6536668693116,1.55011744409358
1.35266702347799,1.25736275663551
1.70792711529293,1.61527629655376
1.55306596098718,1.47990871878459
1.55417850282376,1.45926443880835
1.4362086524939,1.36034901586086
1.65610614497445,1.55706416317153
1.61591338503726,1.54051110909579
1.55133944503868,1.46294110915191
1.26277839811671,1.16254959483158
1.67265265341186,1.56802685101148
1.50215836444218,1.418240027433
1.54271138073943,1.43980724175442
1.391049884388,1.26328230660382
1.67388752141555,1.58270649542874
1.81917098088155,1.71549105370258
1.42555092872824,1.36461591017273
1.74398573789232,1.63706620289813
1.53297981455247,1.43360864394929
1.53743877077136,1.40270435636284
1.50042080540473,1.39762957076635
1.77875783856402,1.66678560277771
1.69600438375961,1.58970617307363
1.67264082039839,1.58225880273886
1.39735261431085,1.28837568292716
1.68027152071676,1.57162026753855
1.67519172751709,1.56546885541625
1.50944480359129,1.41448753846524
1.56980208081565,1.44520011507466
1.66652488417975,1.56618125616093
1.51145326758168,1.40455403136185
1.68363627197223,1.57380218456877
1.37811188609657,1.2903836972151
1.66983817031603,1.55827398627174
1.55342011924047,1.46793037017693
1.66668612201244,1.55598207806411
1.44966509198835,1.34961330277848
1.38849917085516,1.30984329414036
1.44141515373024,1.35298295925193
1.46983708708909,1.36328706332133
1.53019254091089,1.43425553323767
1.55123734735039,1.47367629667052
1.50186052859251,1.42565268555894
1.7105087397339,1.58574797463544
1.46581728302787,1.37703954949047
1.64885035242629,1.5246010208451
1.32140818424049,1.22582856503176
1.43662799110373,1.32212359811148
1.65521335027363,1.53972379622548
1.47991796838939,1.38771533364444
1.75765573775041,1.64987950684487
1.39359880559856,1.33148429696716
1.5771942429327,1.48281656086052
1.60109958703586,1.47728355066999
1.66282218931808,1.56236575512555
1.69247415619716,1.5813545608806
1.49385319538841,1.40152538266438
1.54459393964779,1.45048282744205
1.4477713131635,1.34224701781557
1.5711770964415,1.48785441483023
1.8031391432663,1.67244093438148
1.52839471104395,1.4370235160513
1.51596475263719,1.43630628962694
1.642812000336,1.53093692657282
1.5866421950841,1.47264827339752
1.56686262929261,1.49724236318009
1.32541423882169,1.24487424800243
1.49798624234814,1.37372856982837
1.43714286437796,1.35899771668894
1.67792102990382,1.5855583177382
1.73480987739145,1.61775444793659
1.72996573191568,1.61498406817661
1.77369533420578,1.67484578178012
1.80739810492297,1.70102936953251
1.84275252653273,1.72984788027945
1.68266831109695,1.56401022023675
1.65254457439672,1.54673820061294
1.71372746918054,1.61689262401428
1.7954576872843,1.69701303285468
1.60109170279901,1.50266156485109
1.64788749883828,1.54819790187644
1.82761446524715,1.70103115970787
1.49667372648978,1.38902060778382
1.39141951389676,1.31143339667948
1.54141600525356,1.4500583388783
1.48288099104927,1.39794748024734
1.54552806982615,1.44489006149445
1.48010121436198,1.37681405927024
1.71994874759142,1.60512028664187
1.55349610184988,1.44879896405804
1.28436268519167,1.22929179799986
1.34903092634094,1.25319878253449
1.38070528426324,1.28789241347964
1.6768570676,1.5874996987984
1.52445375754939,1.43904003111688
1.5601733933145,1.48590099874131
1.60178224329716,1.49706064957789
1.66492155148192,1.56792976087347
1.44652879754986,1.35472365734292
1.69013158969132,1.59101010583242
1.67443445098069,1.55467647144956
1.75499821755341,1.64262765342104
1.89306472572841,1.78005216923707
1.68602603594423,1.58413144467422
1.25646337313922,1.16516027192173
1.34895056482738,1.24046262041336
1.74884209220622,1.62497401329942
1.50997720620373,1.4163640483868
1.52007472327996,1.45211140229779
1.48279381177982,1.39677372032668
1.53107440206844,1.45373286618585
1.56981168385924,1.46666219767281
1.45273492160019,1.35004343694042
1.65946100011372,1.53133385562702
1.72066532859697,1.61822038137492
1.64180980981254,1.52812362121492
1.34147211567578,1.26141607678886
1.51273152602944,1.41621055072335
1.73544060288253,1.63393992325842
1.71108441881697,1.61402204067088
1.523886360057,1.42511214032492
1.86063358511515,1.7225651705423
1.52634178195754,1.44639234078199
1.83998551075759,1.70470843374177
1.58568187388846,1.48472367136
1.67701932109189,1.58702500004577
1.6621334940612,1.56760404308336
1.79027468788928,1.67563001665935
1.61788222089539,1.53217489460688
1.78924477522073,1.68885638616143
1.45155539781376,1.37018638475881
1.68751613713784,1.59750109191531
1.57930794473357,1.44671384758242
1.33985712871869,1.25175775103494
1.79342601596659,1.66335421037317
1.65161762942444,1.53866537837937
1.53515990130534,1.40562659853626
1.64520589173228,1.56380455401026
1.45050688551192,1.34512887726341
1.35266974126876,1.2747113226905
1.80862198132837,1.67626741447633
1.60711119149351,1.50325967172719
1.32041607120422,1.25028001787884
1.67770917027348,1.56251010921305
1.55139306785475,1.45996706567016
1.52365172730892,1.43414571631513
1.61968409931744,1.53602612103328
1.57099830814324,1.46310116208573
1.51561114958676,1.4053535437818
1.68178029613436,1.5596992773839
1.43822610432883,1.32838293968693
1.60529004914455,1.51483337675608
1.68795970614726,1.58131198382032
1.84777591937593,1.74038666611711
1.66203607978546,1.55935005559199
1.47889337321436,1.394255931311
1.44470357643005,1.35652785302886
1.54137315121584,1.44944371895626
1.74721799347428,1.62140044953896
1.42015030465196,1.34505919042809
1.36187012609763,1.26343351966707
1.6818485315599,1.59132240658668
1.66481387288545,1.5820464509403
1.59080805710966,1.48841661576327
1.5585972099283,1.47540595177046
1.7234077615169,1.60336545303639
1.34353933759028,1.25832223718164
1.71855908989607,1.59649151794333
1.41906790095948,1.31689766739452
1.55544829131459,1.46096028699178
1.59412969280765,1.51736160471811
1.41679323026551,1.32586098691292
1.55102061826011,1.46164453110954
1.43140925793602,1.34093990348147
1.63291355948561,1.53972975632307
1.72350662597937,1.63150289149689
1.59043317229189,1.51742089819821
1.68056249669884,1.54835181929564
1.62942200238852,1.51565979905979
1.60766918983242,1.51196892045969
1.65761361351802,1.54592801527255
1.39433688624008,1.33784109102451
1.69039008726555,1.58773658698128
1.50819225356968,1.42934375722655
1.43080142909034,1.32908398132455
1.60837092215255,1.50467609680252
1.48376000027,1.390574705058
1.63659184470394,1.54307499676813
1.25226268454034,1.17648869594123
1.65082425487545,1.55874841764688
1.56430846960151,1.49045187752282
1.24785500385465,1.15414502583964
1.82943637129484,1.71923111421091
1.82942095154679,1.72118578138858
1.66986648026883,1.5822012611369
1.74668240318247,1.61850007524613
1.4913140428517,1.40419699183316
1.40211861912158,1.28954256329518
1.54135159965654,1.41616705903784
1.57883059497821,1.4787313915472
1.51957124277346,1.4382678705437
1.66116339060979,1.56068334049913
1.48012936507471,1.40808512786466
1.60897777569179,1.51105707659256
1.78901652147685,1.68234359002821
1.71409131241663,1.6000858741079
1.5288818289743,1.45900043653761
1.48835715289654,1.38409170436705
1.50840422740002,1.42891742280528
1.47251158224358,1.36600975540697
1.78479404847006,1.68689587463317
1.61442271860831,1.5111104377141
1.48863896722441,1.39882589938953
1.62762065197141,1.55126400270496
1.53070249724738,1.43784716303636
1.6727935976295,1.58575148089769
1.63767022702631,1.5337711365752
1.61255686560108,1.51525257724624
1.67153187919924,1.5490674244629
1.72711043871611,1.628144386324
1.76592824389802,1.65044643911172
1.43191978459511,1.31527401572273
1.72337072151671,1.59048725782868
1.61559474453082,1.52352353197831
1.57364164721392,1.47886868452177
1.66120224328963,1.54821151462234
1.65580141397742,1.58428288641586
1.66710295406445,1.58233168653527
1.60389097643364,1.4732520076598
1.57926815945887,1.48202661097512
1.78303795153673,1.66885805185906
1.41269039122752,1.32678013377869
1.43988755943761,1.35682269049323
1.60352421584098,1.51240336218541
1.79227892674014,1.67407168136684
1.68620383042427,1.59057842077991
1.36676833890555,1.27071612869728
1.84207224627591,1.72180381673313
1.45482286273024,1.36212198523474
1.54537276996148,1.45275121247292
1.52641418086949,1.44545149831708
1.45732473741444,1.39852538873149
1.451003555561,1.37497258340974
1.511758404197,1.42487241614755
1.61171078712719,1.50906457356659
1.55126883929504,1.44199572722183
1.61986763500883,1.52357092927788
1.44744856397889,1.3483759228466
1.85620062083819,1.74971934818024
1.50314204169645,1.40166945068758
1.44673239344048,1.3600690612349
1.74161819325547,1.64734787945819
1.91818866508936,1.78863977629109
1.50248389381344,1.4031278463868
1.45950946248993,1.3571722166845
1.54552049167434,1.46795516840309
1.28523154453465,1.19828736152122
1.31014588285952,1.21945905680905
1.38263974624219,1.2972907341591
1.71017017035814,1.60207498636601
1.64917566914228,1.52584248046382
1.40257365360697,1.29005476375635
1.60521125886152,1.50908671858794
1.5971616825275,1.49436965543199
1.71115634533541,1.59039050302811
1.56117393951942,1.45758976194114
1.63078470381166,1.54007293618528
1.74989413148782,1.64413238430981
1.49461488528713,1.40237814885978
1.4783026876825,1.39256254518111
1.52948794358261,1.42209799690558
1.35141126743957,1.28784728281711
1.75857526643599,1.64258033550131
1.59530730410074,1.50134436312131
1.47924685222648,1.41307369453997
1.74745343485507,1.63404674558462
1.58536311531283,1.49275574292474
1.58338738064854,1.49171264877586
1.87795884749875,1.75746846751135
1.68468877888698,1.57805936678239
1.44860570775275,1.34351963867151
1.61349546420373,1.51629926840718
1.60788249460631,1.50871157030651
1.77182215429647,1.68176761639224
1.31162257227081,1.21633916027145
1.37968629647487,1.30815071639622
1.51778591135033,1.42835175137037
1.3396904710946,1.26853235288805
1.68179648113171,1.5776534791383
1.58200571720292,1.48472933656873
1.22507235974933,1.11229203703519
1.43717337712462,1.32950236387473
1.58448258848797,1.45202364658133
1.73962699825223,1.62281564914684
1.44431242468022,1.340281989615
1.48517888545884,1.39354389058334
1.66956458287616,1.5670296883759
1.55197111665787,1.45322348280116
1.42620737209995,1.3367566471515
1.61143093160023,1.50542068113184
1.46021522068661,1.36003686378784
1.42332034323744,1.34689959467729
1.74382607205701,1.63391822882316
1.63708380922449,1.51119495541579
1.6015569415881,1.50881717078224
1.60749611570815,1.51829784196729
1.47778517147359,1.36227962143962
1.55236073892123,1.46695285573055
1.37568003284427,1.299463309336
1.61722497744327,1.52480156771731
1.65436720810267,1.54899967606842
1.49461329952009,1.38317783826386
1.57824214970114,1.49455417933478
1.46980410327093,1.38172773903758
1.52042375415062,1.4518546277932
1.45381216026505,1.38956803110187
1.50176281686764,1.41398552272978
1.30409732396637,1.18628108540244
1.61431585526784,1.51616153857718
1.59750810175801,1.48903679632554
1.66087093593299,1.5484319340087
1.29113762962111,1.21379851192999
1.69962989306337,1.59506654438276
1.80268393061999,1.67153736380334
1.53577603459293,1.44552711811513
1.56734897667471,1.45819719654106
1.59953258390635,1.4920065077148
1.59023919325503,1.47632447510636
1.55403520738767,1.42220406257857
1.61715159094452,1.51424134111854
1.41137303753598,1.31126432792135
1.57711031557764,1.4703723369435
1.59558111801031,1.49625753903055
1.44446588106037,1.38415628174344
1.5519445039372,1.46393083431973
1.83576503757868,1.71705371870924
1.57665142002408,1.49331671275491
1.5348547721621,1.44286233393562
1.50798643606663,1.43246173307321
1.41169903250486,1.32024403925351
1.56732439366894,1.47499493821631
1.65710178635363,1.5424641838145
1.64985137297271,1.54556556802324
1.63976384924166,1.54011737046336
1.6159968376879,1.5313221518395
1.46364317021128,1.39844459562704
1.7174238598747,1.60023433283738
1.17935160528222,1.11357849566471
1.55430475066555,1.44183913812417
1.53009913313456,1.41235674418087
1.55472890424575,1.4587027400949
1.57418826558816,1.45758650136697
1.61068888086983,1.51072808399298
1.83016661643904,1.72467810469776
1.47898898250628,1.36752748749751
1.72860515694383,1.61745002933833
1.76302587181732,1.65778063065507
1.52798455327033,1.42597548667388
1.33267261211185,1.22660363035575
1.56992780859069,1.46699564853017
1.56342923042328,1.465939803957
1.55236371377424,1.44937425846253
1.75909882018315,1.65095675518093
1.52177632281726,1.44148084449594
1.46604798242072,1.38205606646089
1.46617882144504,1.38946723980239
1.64542381648264,1.56592407376536
1.6381108345461,1.52576339178048
1.51430940453494,1.44118752561083
1.86222898970303,1.73147155078173
1.70576943771508,1.59446588924742
1.45230960829055,1.35988185719608
1.68920434745301,1.58885719990557
1.54793643312718,1.45148507684275
1.72794891424788,1.6158332266413
1.61270379025293,1.51760681543331
1.50275534430764,1.39399853550472
1.52729449277256,1.44952603371036
1.80162484209346,1.6741486142685
1.75727127408143,1.65045795619052
1.48058721768215,1.38650881817113
1.54755930566754,1.45258156967021
1.53567620034716,1.44047997801332
1.75762017245043,1.65195392055253
1.46866941969079,1.35605778618365
1.6953492514388,1.59818734171573
1.65373214538435,1.54202604915483
1.40091771319368,1.30116046257551
1.47278882982626,1.3812727834757
1.32041222100386,1.23251071198774
1.57035406424775,1.49837816509584
1.49918979286,1.3791065188125
1.65730949486588,1.5585110976308
1.50902431217596,1.43984626229054
1.33768544824326,1.25194291758293
1.45886686379552,1.37594379857252
1.73375996427414,1.61046361255913
1.63858283587064,1.54853923156423
1.47353569354366,1.37301243899213
1.65099616811517,1.53410094383853
1.56392340227715,1.47094709793158
1.69857615818217,1.59338236281247
1.43890052837991,1.32482375459593
1.64684445724167,1.54617434265283
1.52720901005659,1.44533994327131
1.71813195015864,1.6236021687493
1.52847470631096,1.43765195088525
1.759717029881,1.66018017620584
1.46930003022594,1.39095611370432
1.64851096391835,1.56449313759038
1.45934981050943,1.37075442620671
1.84568014553872,1.72679358719394
1.68083221537275,1.56738704128592
1.46284607057638,1.38667385681424
1.5007977611936,1.40412506783127
1.5530443637557,1.4419283129077
1.47844076589128,1.40203507191238
1.47926023399348,1.39645370236509
1.6128880098837,1.52205806369102
1.46382207699313,1.35045817651319
1.42697568855999,1.32385551757797
1.53417149773636,1.45886026439212
1.67496946644637,1.58691629001983
1.3554395601944,1.26278022188172
1.28704646956865,1.20982222802052
1.60587202512841,1.49898917953019
1.37763523713094,1.30446523588999
1.68947176817522,1.58700853567254
1.57825413748728,1.49149525804992
1.73879983301195,1.6132334879341
1.55757871227332,1.4765032817223
1.6046692650604,1.50873837569006
1.72876790218406,1.63339092720488
1.57066591333259,1.46576153879161
1.23255005521847,1.13062764966666
1.70657698009594,1.58923438919969
1.43926075650251,1.36377187041749
1.9100686462038,1.78494588988744
1.49601098372799,1.4075120070359
1.29443224448944,1.22338422676274
1.81895771013573,1.71448897209955
1.37917123758423,1.26030413166073
1.60627273055404,1.50608149616017
1.3071976592885,1.23467449745233
1.58180732960674,1.47698578222849
1.34932496196107,1.27095431009957
1.43106111331654,1.31980690081523
1.69149531297888,1.59354680974287
1.36758703357956,1.29257906819667
1.82719872033094,1.69843587897557
1.57987701471964,1.47423831533454
1.55083667477244,1.45687476981733
1.53852990316044,1.45095373772682
1.53157466179308,1.42848147204503
1.65281695903008,1.55968597436626
1.42013033002598,1.31802301501861
1.28014212645048,1.2041032450811
1.41069194903114,1.32049407259733
1.58152316649525,1.45374427300135
1.51441714430819,1.41388455542155
1.27056956182254,1.20610765913689
1.65216608945396,1.52867194955835
1.57494499830908,1.4734660670747
1.6285293627724,1.52400867111313
1.46121191550063,1.36061838677545
1.43885976078257,1.3687453683931
1.48640764133552,1.40291142078557
1.67001676264622,1.5591630638966
1.46767517824846,1.37706566770558
1.70650164881879,1.61355262089338
1.67555602938066,1.57427306773791
1.529591099512,1.43709308025736
1.50144595066476,1.39035717166075
1.47068148103253,1.37519341543063
1.49802762725546,1.41222175435915
1.70899835518234,1.60149732167022
1.52403575681375,1.44479770388234
1.58466674345898,1.4826604597831
1.26990149574981,1.18039298295439
1.50773148488313,1.41139593974229
1.75388579922439,1.63788695637373
1.52304900459269,1.42950421671959
1.47742327113853,1.38617999264697
1.53916915306763,1.41975678467587
1.46172147164969,1.37908005563612
1.77272008855685,1.66247928162376
1.73230112796419,1.63010976837774
1.46820463482828,1.34063027233247
1.57228283618547,1.48679709515815
1.60752916298325,1.51146813021901
1.74591918822817,1.61170008807246
1.18640043651237,1.07876378157706
1.44607912819768,1.31528284370306
1.51113811271362,1.42327403320599
1.84538826524746,1.72817601558599
1.49601943067563,1.40125414034395
1.49410048267119,1.38034199255027
1.58741522896119,1.49275525615638
1.57403404727565,1.46816349303826
1.46027473025829,1.37120685135123
1.40368912441187,1.31535731507625
1.43484657220056,1.34726555794627
1.71058703595896,1.59453015187849
1.6423886469995,1.54542981219756
1.53178432433849,1.44902979158549
1.73079986658048,1.62612722827944
1.78861049582066,1.67164189466895
1.59366240593363,1.47824854916106
1.56439725422084,1.46729168720403
1.65684692357793,1.54067831613434
1.5313102353462,1.45012933779984
1.5977735812238,1.50768555607234
1.35660162331847,1.24355238504636
1.75375722397205,1.6473702395323
1.44246045574127,1.36756250170802
1.53386882799006,1.44769386963078
1.36209914084643,1.26860486105258
1.57334664415075,1.48440949335643
1.44817936677594,1.35413493859609
1.52500196850574,1.43173416701447
1.64403301869903,1.54909211260797
1.61213149848667,1.51017773921979
1.46069952834481,1.38060089541882
1.42975662607082,1.34083365269415
1.43762100353693,1.36270314536637
1.46407711632958,1.37118986798539
1.68752809102786,1.58009089064762
1.74456623926798,1.65019992876124
1.71401996400572,1.61012025236335
1.58406902882364,1.48016073875264
1.68810905647281,1.56659330993463
1.527036231531,1.4389019012566
1.31525992444989,1.23822288915687
1.24626796938621,1.15989133513957
1.66261907863829,1.5816341378722
1.34545239866333,1.26602189138533
1.69631864976507,1.59627565006634
1.69843967631128,1.58684685195325
1.39884420849063,1.31041370568439
1.55043809498089,1.46808066442248
1.47505309503187,1.38106515469956
1.47918881898629,1.40389317991556
1.32382875256111,1.23748110729198
1.62658987518476,1.5289415130127
1.55126374084963,1.46506235735186
1.43462258792572,1.31093982739588
1.62014843548226,1.54316825691113
1.79790145301692,1.68091104162751
1.45464422678793,1.37255106242675
1.48609945152931,1.40329733374999
1.45125499991304,1.3607716125612
1.66273192874981,1.55827864746155
1.53972229893904,1.4328961721738
1.54900905324941,1.46151686991729
1.47981025320868,1.38671088560682
1.48628473177221,1.39584627730139
1.59414074927887,1.49481896152027
1.78412679529014,1.65937530536726
1.38745247398965,1.3005523658702
1.51476032396872,1.4198728500732
1.4504483964015,1.37317966446157
1.63748178236302,1.52931077936872
1.7016567529467,1.5913073213556
1.50555329332843,1.41418458686843
1.69409432030754,1.59647641871002
1.74151484540022,1.64442099462652
1.61209717674776,1.50905966229628
1.52947521730573,1.44693248318109
1.42482586769196,1.32134617219098
1.60268853572113,1.50300111297274
1.54851467631767,1.4515484497378
1.74550200435535,1.60511631581095
1.60196559982675,1.50677554490929
1.52380912909869,1.43249408163219
1.61963592840996,1.51232065008265
1.44677889002659,1.37158042349155
1.74180786015957,1.64153164571237
1.61604961939164,1.50607771535906
1.54838096881788,1.46061386564993
1.61098872341754,1.52826805615592
1.57467412439878,1.46118604621786
1.52279153133369,1.45005779265359
1.21239672455586,1.12755373233694
1.73586275876264,1.60948819875678
1.39159620924569,1.31623553964534
1.5478406220104,1.46849258505643
1.33493547161292,1.26107454396998
1.43992303026981,1.30839196675091
1.61537011671871,1.5344585790969
1.46995834975146,1.37181838126009
1.58005246803192,1.4875624449712
1.38692823343667,1.29458373577545
1.56496949596119,1.46372271763478
1.67754895777084,1.56999414501557
1.49850041520232,1.43233540268845
1.40440997303264,1.31387186933926
1.76655687194205,1.66456376286149
1.40896270048335,1.32465652955761
1.57483402065507,1.49033883600228
1.6176855403937,1.51543562348513
1.56429950156934,1.49041701552273
1.36697611219234,1.25026312952238
1.73512263568926,1.63412701068814
1.5718055187749,1.49175924089515
1.61254909389101,1.51476298181938
1.5935320659929,1.49943366244653
1.50645645287857,1.42159156590295
1.6643611425887,1.56014757486805
1.6471785695837,1.55057975931147
1.5266333619125,1.44646179983825
1.66115649086709,1.55196941182623
1.71704166692844,1.60443334977942
1.69178836687913,1.5960691228079
1.67978023477874,1.56902350423366
1.52735542194272,1.43068906514463
1.41947664848797,1.35829028279198
1.54264489449081,1.44738328152164
1.54612605206103,1.45546768414403
1.41206303805668,1.27174340972417
1.59763954561875,1.48833880318109
1.53497694274392,1.45439237023389
1.5034914295692,1.41329450821041
1.49242875008289,1.40825898499817
1.57243057992837,1.47503763649507
1.74089826152525,1.63132531630317
1.63024586979422,1.53124334301445
1.52408669762988,1.42765207666827
1.51124014714083,1.4142308634469
1.50628331420693,1.41354972270853
1.54893164470248,1.45417272256031
1.5382142539031,1.44802554583548
1.40583106764161,1.28581057303163
1.71141947327783,1.62056814350785
1.38660078157161,1.32895561453898
1.44311623284448,1.37093732927851
1.76385265218704,1.65952833199375
1.73498258347748,1.627068807084
1.52344360965769,1.42466596262289
1.50058982615453,1.42585876154995
1.44691965789087,1.35585149673091
1.59084349514114,1.50283717900291
1.50469989807609,1.41135340434796
1.71002412552413,1.60635922256015
1.45989625588303,1.34433792758273
1.68418018368049,1.56541973376729
1.68591867729741,1.57602111148928
1.64413044652144,1.55682972001719
1.40290985498977,1.29364947229565
1.27095645370396,1.18661556197156
1.49296968866857,1.40179346093614
1.70595305442625,1.58475168975501
1.67375806233337,1.58083636796518
1.85249194738178,1.75022611586788
1.69513788850084,1.59745794548406
1.58339574524952,1.48804847585687
1.54152659019796,1.45185297008897
1.39206782119538,1.31881051701828
1.47926077401758,1.38898245500078
1.74010791806189,1.62796671758242
1.6903941008362,1.59206175234795
1.54252529562148,1.41537908247173
1.27326961984227,1.20662214838561
1.64667595235031,1.55301856871559
1.72443248668702,1.60715416769994
1.48137396927631,1.38101881412718
1.65155478771408,1.54621482085043
1.40649576069057,1.29852488546501
1.46965963837842,1.36455436301229
1.51543717701311,1.41928997611658
1.59106453078882,1.49354583019108
1.51892710440471,1.42530127248745
1.42473687812192,1.34042321501338
1.64906304953805,1.55562231234911
1.55613030426525,1.46721699765963
1.78891780808909,1.67496971107694
1.66421474644579,1.56520280754834
1.58013558522057,1.49259513280635
1.69082965874803,1.59181733456162
1.51483455610816,1.43038182593813
1.43312288477198,1.33209096112117
1.68288059848168,1.58597256745441
1.57489390282739,1.49382849482968
1.56914666569294,1.48248150889245
1.47810667885426,1.38785699725656
1.53996529805721,1.43304463759578
1.53308063199367,1.43602345165872
1.62618107733564,1.52737232687319
1.40464474964466,1.33466638250638
1.44649952873127,1.37485951387662
1.71956375437121,1.60922518827976
1.58692279121542,1.46982576793367
1.57353738997037,1.49817581434361
1.44371375801806,1.36001621268579
1.57403941345563,1.48535561106503
1.77134052131803,1.67628645492968
1.56426203482896,1.49998153027613
1.56011337700546,1.47261928190761
1.50822532108478,1.41081698605007
1.63186538718457,1.53796817516494
1.76583365516498,1.65179573381326
1.59362085106732,1.49152329250829
1.58836505502178,1.49566507026194
1.58489626752787,1.49510443528969
1.67288134380423,1.56369095149897
1.43777447042282,1.32089582514176
1.61772839958348,1.52189510480575
1.26791681978461,1.17442087981961
1.38930831216207,1.3122816690441
1.55288033784833,1.45199479430045
1.54631748386368,1.45034465646578
1.21784149118862,1.14233070040918
1.52578041888989,1.4407487385228
1.48369044823136,1.38149769955873
1.82184742957572,1.71544871953105
1.28149256552323,1.2071349475506
1.58836446359955,1.48973041513193
1.57059633798003,1.4722329011171
1.48321105445307,1.39464511739319
1.64050848629671,1.54139858190996
1.54326332657539,1.4669606449907
1.54106903274273,1.43535235202104
1.5784064237803,1.4643486879262
1.84416584829871,1.73818582897084
1.50379841527294,1.4324107175123
1.3212948580392,1.23305263523564
1.74979576602085,1.62934756296619
1.50007076817768,1.41963896388502
1.69118105132841,1.58966014466207
1.41701388446356,1.33092007914548
1.41768900494832,1.33178600671408
1.70458850038378,1.5963682083907
1.65066778300263,1.54992221042776
1.67887950885433,1.59262668935295
1.43771903065916,1.35416127123156
1.73940337125449,1.61864472312089
1.24905868152838,1.17166919951073
1.69312985175728,1.60544051878769
1.59292459280557,1.50321112878194
1.5777691736915,1.48772679231655
1.55346434203508,1.44946790270291
1.4845394699463,1.42273007360735
1.39163062880139,1.30602783211041
1.46700959699397,1.40748308166371
1.47175059860319,1.38511686314124
1.53293474706476,1.44976371771105
1.67476631260133,1.55438926042256
1.4251414817149,1.34283942339687
1.70533036017583,1.60941891735817
1.65270071261311,1.53615251276044
1.50126465420576,1.40698720601397
1.36464684463799,1.2739470207066
1.41856856915038,1.34315457981104
1.55181812066467,1.46113176019003
1.59471618265219,1.48661378271097
1.75359432455835,1.62630601931907
1.67764206587178,1.55273617635437
1.39261124199281,1.3081381604742
1.28825999731461,1.2177349552186
1.50697413625349,1.42999012926694
1.58235879749406,1.4908407247539
1.73835800983133,1.6254038431493
1.6203311248237,1.529714237036
1.63617815164821,1.53589271483186
1.56762840168531,1.47547243067556
1.55440549791096,1.4800996320764
1.76649695740958,1.6357797296246
1.46019759971223,1.35430922445109
1.60775093532854,1.49862688605113
1.70281033779037,1.59688308345494
1.50801832943402,1.41602205242205
1.36927700608039,1.26723244989534
1.58222965267265,1.47529520206108
1.34524494664548,1.26023209903491
1.61652376162532,1.52011978581619
1.64750318541034,1.55213818401951
1.61618844156638,1.52525907624425
1.60392800917636,1.52011842725714
1.49939764861701,1.42026161020974
1.50115319911654,1.41437104303242
1.59266053784989,1.48513174091086
1.39360337426524,1.32463580146995
1.40717663539675,1.31753142294153
1.66798171566522,1.57639036590791
1.47840681373593,1.39701452491095
1.3243186686916,1.25493973414693
1.62348504959734,1.49947779420506
1.61425522499014,1.50610256630817
1.53309683970258,1.43851043328941
1.57762269582844,1.47385328621559
1.57788916124258,1.4904179766471
1.44720710942281,1.35892372031987
1.42500645174751,1.33539738742046
1.53249034159217,1.44159376531777
1.73880266453795,1.62691373386515
1.51136077311908,1.40985080113207
1.47136175713045,1.38585193533179
1.65330274920746,1.52758669469691
1.39439784909294,1.30004681871457
1.54648944112903,1.44250469894812
1.51883195088324,1.42877072499369
1.70512084473701,1.59749978210069
1.47993138701502,1.39603836948181
1.28309824269517,1.19764530933064
1.58120400612734,1.47871151005712
1.49765178409597,1.39523250756925
1.5087490694056,1.38901581830846
1.71430754685347,1.59071635786422
1.63541542582419,1.5438686772568
1.69916528287628,1.5693623994083
1.65920799532122,1.56091015908962
1.50072706759336,1.41868502997055
1.65640395254337,1.55285846466386
1.51516082461251,1.43188743951023
1.57673707110796,1.48770128489308
1.57894388453933,1.48087304387242
1.51578936599066,1.39987156440257
1.41658346758141,1.32490677726788
1.33825905287004,1.24582731947227
1.82791146337921,1.71670877671979
1.375040831932,1.29309068197931
1.50431337542982,1.41978231607379
1.56288833752246,1.47484978005793
1.65464050807771,1.54679695027283
1.38543172342529,1.28995132189257
1.42388861788363,1.33905245285056
1.4089784813545,1.32358281251959
1.41027331312792,1.34292373775185
1.6201495766759,1.51474056101963
1.43140762170121,1.36293847527124
1.61909748182414,1.54899326835153
1.72100030190271,1.6072402379153
1.59975646773893,1.49072635082335
1.62830036912191,1.50940636227336
1.57475981735684,1.48154220714572
1.539641374624,1.43952844115949
1.5293960980816,1.39902461683523
1.60734171254165,1.52098693428587
1.67551783231181,1.55884140678016
1.48783594728891,1.4067072220189
1.54224094039615,1.41794343996214
1.60088909623464,1.49546146864968
1.52081358923794,1.43712634730068
1.72134625533848,1.63157769955657
1.55352584951826,1.45193773186471
1.58628329221464,1.49898190382962
1.48584330696894,1.40962149989429
1.75116505912766,1.65100623579584
1.78574904376609,1.66128601270521
1.63413260739101,1.53099986886621
1.61106960328224,1.5034226550933
1.58587928502272,1.49469556828627
1.71166388828635,1.61158023059802
1.79463860594264,1.68294896218483
1.61612566685189,1.51261898346648
1.59699365388332,1.50230690146276
1.50313150142662,1.41414848726659
1.39114800893113,1.31506252549559
1.53669671875007,1.45481767819724
1.51221154172612,1.41385656961926
1.64670048444452,1.55731073274452
1.35608444669921,1.26530318069949
1.5286381009755,1.44636223723952
1.85772901214474,1.75220637630933
1.72456661089074,1.61336318657717
1.27366368122924,1.21139868751273
1.56047824995671,1.44778694256697
1.63236285831872,1.51611342032653
1.51214874547475,1.43220342104543
1.55058975777778,1.45383577105336
1.59290421555403,1.49255704891675
1.55709568495101,1.46855824089794
1.37588854327325,1.27292523133609
1.76186729909692,1.64544817358353
1.33384380945606,1.25981735909973
1.49920679158106,1.41610830878415
1.67793571085619,1.56740126686428
1.7032331070669,1.59004836289019
1.46139070671977,1.38522972158108
1.74427215778645,1.63929641387694
1.4406840339215,1.36226912458979
1.54623981055204,1.45852878825065
1.44170383830687,1.3560797414976
1.26669184529166,1.17165676744004
1.58302478161337,1.49789012031758
1.60697778717441,1.49079176937723
1.71854146868646,1.6085754584857
1.83400555090242,1.71708089253142
1.58955816123282,1.47665893906501
1.20249011547988,1.10613269148477
1.60291276008913,1.51385941604651
1.69040325808337,1.59377366894609
1.71570473235783,1.61202733944041
1.39376625751165,1.30726587787499
1.62859642495317,1.51369302313471
1.28758545880854,1.18564474268536
1.58656984584194,1.47606058634762
1.50980228663282,1.41188244340065
1.4652224751921,1.38560958715774
1.48663732279619,1.37831842777044
1.66541269334545,1.56128469160702
1.41429565565705,1.32056630921333
1.38368064299505,1.30319011455402
1.51433266649097,1.43335254371939
1.5465442536246,1.45857624859677
1.42922161497564,1.32172326771611
1.67492358915354,1.58086404070323
1.66586119110917,1.5545601239487
1.6488131985328,1.56077141204513
1.45770241325605,1.37874172122438
1.95228099952207,1.84206882803472
1.62947650789567,1.53569611267621
1.44305577804704,1.35003769511569
1.49263292263785,1.40726853047091
1.47322339753837,1.39566935125955
1.35966172659978,1.27392720401076
1.59741695368237,1.50794902016925
1.46933905684972,1.39121722418192
1.43289908387277,1.35330431254651
1.65390334139764,1.56514926191588
1.47105815433196,1.36068173331753
1.5622098226879,1.4647213441871
1.45247379055728,1.37071062802846
1.43837802369632,1.35081753065644
1.46670329174503,1.35946945942176
1.33932651933648,1.25966364725844
1.64483507882354,1.54817909935497
1.52045690525088,1.43388705171888
1.57893159112928,1.4774899881422
1.5965970542,1.5104160554428
1.41368959186793,1.30243483866395
1.39268556490777,1.30540325145811
1.53828444842061,1.43732669239318
1.46756547465477,1.35710393806682
1.57096452692745,1.4635588154741
1.72678454927244,1.62612132741841
1.72978265627413,1.62438372214814
1.44485582202738,1.35536231023913
1.79799807433412,1.68773118983035
1.59988486043751,1.47084138075455
1.35686197168101,1.26281286112962
1.25030443060932,1.14981392055033
1.6178789586887,1.51666196200026
1.62216191713431,1.51588482639814
1.72589867077152,1.61229274556599
1.45807780891752,1.37373735303776
1.74005513439636,1.6391483416341
1.60284195360587,1.50719363133899
1.50247091496517,1.41349539970425
1.567348114793,1.44912253994167
1.35510842742565,1.24384399492558
1.39190242455834,1.29539431674576
1.64571209955953,1.52857220068168
1.73219542736057,1.62841574314074
1.40273285173942,1.30784887268359
1.70759905937533,1.62698262660115
1.51507288861717,1.42197226152008
1.5651179182012,1.46590740650916
1.50904241569183,1.40746735308968
1.48014449999748,1.38761704532319
1.5072242045074,1.4235406849328
1.62828228218509,1.54199388761126
1.52336296068231,1.43412338870059
1.29091235312167,1.19340589857143
1.73184504915676,1.63598804149692
1.62246213570959,1.49910529854634
1.73241855308179,1.62409374275254
1.62019309334554,1.50226039966192
1.51136205645106,1.39128370549893
1.32121004852475,1.23114421908587
1.89481170801196,1.79693101226729
1.5917918489075,1.51492535909291
1.74300219859156,1.61783280701722
1.54613620690933,1.46441684630721
1.73318230970968,1.63169433391121
1.57980658031619,1.46923898091987
1.4466963141564,1.36100334189257
1.39273847760698,1.31822755559919
1.49757875275444,1.40922843843205
1.8198638694764,1.71753639405009
1.48812421042893,1.40026569184582
1.39141067488069,1.27970010481562
1.54049881163474,1.4470868866701
1.57799943891344,1.49612101587496
1.68557453363234,1.59450836097448
1.63873651365587,1.54350286641203
1.4856626440274,1.37754321607389
1.69906558090708,1.5795747132335
1.35915731517533,1.25188977887325
1.28497478142341,1.22393030560745
1.66355444140787,1.56238784245157
1.40187217881391,1.30970488962171
1.57064114347121,1.47467645654942
1.51331109102596,1.41598528354794
1.61594932617288,1.52681048766771
1.78523718474908,1.66251493934402
1.42837115733139,1.37284543013809
1.64016830580651,1.54754470470416
1.4526073227276,1.3689822351623
1.58552331390152,1.46375233108945
1.70476608341592,1.60933978471492
1.69757198085686,1.59870261095897
1.4674559728644,1.35481708332484
1.60273945310325,1.50607553520257
1.62921409791401,1.55112995269335
1.69444794779201,1.59707343474067
1.70710021386833,1.59253650063867
1.58531113513111,1.47410368881689
1.53986389251245,1.44705676776057
1.62452182292486,1.52199205441448
1.72604648219611,1.58890499188981
1.44027139616572,1.35665889142837
1.38446685159644,1.30796799514496
1.50520060306994,1.39621552733302
1.55257368988097,1.46677708642868
1.5747377187879,1.47824618462429
1.49303016430466,1.39948299415701
1.8872869365868,1.75610670314903
1.70810039912836,1.61994191513801
1.25422280621436,1.1528892181997
1.49399825581482,1.42314473003835
1.78796493605068,1.67553047509057
1.67316456529839,1.54993299593118
1.41221712495248,1.3257893452589
1.75211417891167,1.64824945299107
1.74756247745087,1.64746518658377
1.90848418145096,1.7977966543339
1.57051351610832,1.49525218670749
1.50787197856025,1.41616538541899
1.69537028766901,1.57205513005576
1.48287898627023,1.39135714913305
1.77284070092047,1.6782577756831
1.66456560423158,1.55204706393829
1.42695984049207,1.35470693888678
1.54822197850105,1.45393651473879
1.52002818095055,1.42741337878447
1.64217040760775,1.56002232688959
1.8137971173942,1.69480500425723
1.46717430968272,1.37188732280888
1.70409222532636,1.61077838047803
1.47050866009574,1.39259603033078
1.41825135952405,1.33214488915027
1.55487493719387,1.44754293693007
1.65265754967949,1.54215989325937
1.72816682286247,1.61841802607915
1.63507896352386,1.52410528785517
1.52358011063872,1.4303764165841
1.32686516611995,1.25962362046225
1.52636967830784,1.44480166011175
1.55021924560436,1.44966204640255
1.79382641835137,1.68630744686379
1.40740600612089,1.33283152718027
1.44782546843319,1.36369066473436
1.49190090886072,1.38912161737007
1.7894285807936,1.66664844623894
1.56920147031629,1.468151687473
1.74047880838881,1.62630479239416
1.57552758771613,1.49189842743253
1.52720560371565,1.43991458263306
1.75389633232232,1.62917920316703
1.40795009136361,1.32623761834358
1.84158159071539,1.71637647094752
1.60522586133325,1.52588753532753
1.52744139408327,1.44103818475665
1.51293560131062,1.40405036605156
1.69103841448882,1.60297548099642
1.60241478197998,1.52045614255859
1.53491339374717,1.45236868674154
1.61055096588675,1.50199685278535
1.61804411430705,1.54654710562028
1.3419494770105,1.25804957197818
1.75947331584211,1.66053886881176
1.58259589933403,1.46891145427927
1.74181428199639,1.64417234021249
1.77837237449935,1.6683031223331
1.59048857981215,1.4850826050522
1.56548780691389,1.48212503506264
1.59538442459551,1.48006194085384
1.60659198090101,1.50715796840871
1.52649846343822,1.44041157339007
1.59200254733961,1.49553175884949
1.75073969770249,1.65458866947967
1.3655767875096,1.28282345389155
1.59447502132607,1.49532938868267
1.80756265568747,1.68780302321897
1.47438213111377,1.38433999513411
1.65886913145702,1.55330643514872
1.64113122793255,1.52847815954551
1.44184829837032,1.37160726718275
1.65704406390637,1.57328639690659
1.46205483310254,1.37131070720159
1.5165346618254,1.39376611207589
1.55114359287086,1.46384826521916
1.60144839690743,1.51364220554004
1.66741039641308,1.57857319830866
1.47868892750516,1.39689609791119
1.53501565873149,1.4380585298963
1.38006419345247,1.26257024974559
1.81036359408115,1.70389742489217
1.67005148879546,1.53859076073511
1.69549650004976,1.58462819187248
1.38451017640205,1.31140315796903
1.61192590695853,1.49456161102138
1.56336100366758,1.46811231365712
1.53416767303751,1.44131168705306
1.69478229326181,1.59119370432637
1.53259911800814,1.45336228901998
1.49921344267917,1.38866794957971
1.29453166085671,1.18928865248887
1.60879396521575,1.49986998783616
1.82715139889839,1.70829712135682
1.87426688510253,1.76458699116265
1.6076240184819,1.49717303618694
1.49855105898586,1.39813619504235
1.75578595929245,1.66148025719932
1.59025689181541,1.49301244869129
1.71887824505225,1.61546495727121
1.1915962318716,1.08134570427797
1.63619197991393,1.53967142358232
1.44339226998704,1.3481053586491
1.42797820421003,1.32383180119272
1.66488672976609,1.57200758729038
1.39738825129455,1.32877902574024
1.65243339815427,1.55428724911431
1.71660786763649,1.60536554280363
1.43719446763419,1.34622281945294
1.64113142330079,1.53033629361381
1.54215737307373,1.44560138092577
1.73040115669767,1.60333620162635
1.32150711287903,1.2346673540758
1.60557307475201,1.49321715687724
1.43232573693522,1.35750354970645
1.5150500896786,1.42179995564823
1.59089097732828,1.47926992661962
1.59003288373208,1.48670544875427
1.53068686172411,1.44253154450502
1.59804096821636,1.50784248033727
1.20492971809073,1.10601345087598
1.60010912639164,1.4912177078406
1.7435992344242,1.63382359316256
1.68772195325188,1.57707842703993
1.7122897665201,1.61389522130762
1.6120540443301,1.47799773473412
1.69816487303219,1.58723988508132
1.46284339403777,1.36685856699296
1.59035347314171,1.49918995227286
1.63579336261156,1.5302473651397
1.51194462210269,1.40603152559773
1.84955570133777,1.73367133807546
1.35815576752639,1.28106590349746
1.71829861183967,1.59640462257357
1.51237902674824,1.41841046915194
1.5715629826903,1.45102429314182
1.82340284916504,1.70914319062475
1.33254711892479,1.25249782247487
1.32892477610788,1.21211003321724
1.32936664538157,1.25198438618919
1.57200603247749,1.497098001006
1.63975679810562,1.53547056929159
1.71228434595562,1.5738623490291
1.59790089086346,1.50737141149169
1.58416366368636,1.47946512770026
1.35467330944474,1.26678981149267
1.55740100469168,1.45883079234619
1.27082052987662,1.13943017953857
1.63520698132057,1.56033992811564
1.56221967953581,1.46045630781099
1.78527600994827,1.683115312999
1.69518896215474,1.57716644915567
1.53277440348906,1.44648604712214
1.40423273595989,1.33909346707461
1.64940870588893,1.53838935302735
1.46679823804839,1.37579269880945
1.54368117987218,1.4490119535076
1.60549747659852,1.51011486599577
1.76450468381848,1.65884475220725
1.53720550490924,1.42695068114583
1.61680019716369,1.52370593974237
1.54852042629264,1.45483568502336
1.78601134086958,1.6728550908171
1.64869836495524,1.57262083987934
1.40996825721726,1.33505776676788
1.77666245565513,1.65951074425053
1.51517132275284,1.44492240741931
1.4883815473783,1.40819126588085
1.68839410972561,1.58885470662451
1.66061290441041,1.54972644121917
1.57001099958412,1.46992857930215
1.69266025242028,1.5971392687928
1.56758686518582,1.47236997726583
1.24066225861368,1.15400249344207
1.5063797958344,1.39787965789553
1.49360906107214,1.38673247248956
1.61851741130769,1.53112013725149
1.44413653156177,1.3470371709587
1.49888177443079,1.41209902318994
1.49183346923536,1.38548209082065
1.62538723983586,1.54234017926758
1.53495024349564,1.4211366721111
1.57412002330764,1.47624362169109
1.3132087739841,1.20506165940666
1.6305540725777,1.54146467997324
1.40145171208892,1.31519451008408
1.70387834918011,1.57309883227449
1.61164532704572,1.51365527072897
1.63697580646811,1.5423108247346
1.52652641035131,1.38672171327977
1.51489315631669,1.43318074847381
1.51740754178187,1.42237956454341
1.30350603074229,1.22626028578564
1.5939173969523,1.50241627888188
1.56539177740514,1.47759639645958
1.61873222827989,1.52446611998536
1.65443983064217,1.54161173155871
1.77845050788249,1.66099806037897
1.64368016969797,1.54791806838614
1.40850893029204,1.32339682198367
1.45620226526203,1.35967858654025
1.46192875227763,1.37258840725067
1.54152032481632,1.4560676863861
1.53929261084633,1.45351209277203
1.56460185457953,1.48778703481452
1.58433052033009,1.48720995838211
1.77256731164317,1.66186073925664
1.49551284960706,1.40973893572364
1.53344140469883,1.4517921773698
1.31557252860978,1.2352604181539
1.80618851798518,1.69296615849556
1.47574524891627,1.39520455257905
1.31429868650417,1.25152995698555
1.68080307298306,1.59991072300385
1.65927925506315,1.5382542613839
1.34218377847337,1.2354740045165
1.48069578109737,1.38979913724702
1.83381059418944,1.71992717686119
1.83052169575108,1.71240768749158
1.58621505666828,1.49888383110539
1.61828466226709,1.5258069584942
1.80059345457956,1.69079197002192
1.63773070593473,1.51233039877663
1.77936169834126,1.68070081662131
1.70244883053998,1.59710997754105
1.78302944252606,1.65530880918026
1.74921513702572,1.64938229745997
1.49704654451398,1.40315872246016
1.52017410666169,1.45208450896368
1.63247404329852,1.52793375819263
1.74230419177497,1.62581536404812
1.47090614907627,1.36234924130665
1.74954469809428,1.66566117267964
1.44204245376909,1.35819381280656
1.59635568376535,1.5026338220282
1.61505785474609,1.49540798406296
1.58893472362827,1.49081541979041
1.63772808661558,1.54121136211476
1.66256506838973,1.57093087013972
1.5079665161019,1.4193292760903
1.59109058161587,1.48331485315825
1.60292611796351,1.51272661047085
1.33675983943951,1.25777225744171
1.70414077813511,1.61374050331759
1.5096270054028,1.44300937742706
1.4164943529375,1.34358473377151
1.70855120098131,1.57849562365651
1.47756764785387,1.39091993689878
1.64823671019275,1.54064994297976
1.61741286303281,1.51645207022946
1.67167885261479,1.5760361227859
1.60555043500873,1.49517799788111
1.71292404524419,1.60167767249515
1.68468343521069,1.57815307663665
1.52959014961029,1.42628688236738
1.52463579359997,1.45488571818848
1.5616915413105,1.47799189753557
1.51520689110461,1.41579187963837
1.88757770616219,1.76284261033865
1.67029103861642,1.55389184398105
1.72924780783699,1.62354046665534
1.66902641078445,1.58657688688834
1.4093454428085,1.31891131787179
1.65869696360652,1.55431145492548
1.35415029035556,1.22207938900827
1.53678674872945,1.4525369374101
1.62599068456956,1.54054198667061
1.52891556246197,1.40558981047027
1.64685606070848,1.53131042470478
1.4897629521562,1.4053599573457
1.45216068289225,1.35260844220384
1.50410954539547,1.43033973441345
1.62373099290204,1.51572255495241
1.53742381089433,1.45077963080682
1.48278149023548,1.38012560150282
1.71236791371074,1.61384134985088
1.4478228002791,1.34988159287815
1.65056774812933,1.54876883862342
1.59505026198096,1.48945657343217
1.69416206116,1.583763122852
1.388938984314,1.28116224848578
1.79684028992789,1.6551344538953
1.77082503828494,1.64511408787992
1.56633789374243,1.47917254590348
1.78570593121947,1.66963207407742
1.7066837919194,1.58664490054336
1.48058792900628,1.36312230935265
1.41804060585445,1.3432537081037
1.64416754595047,1.56263297968854
1.57165878804625,1.45955435420681
1.44016524076429,1.35200313024706
1.69322995802991,1.573592099858
1.68625637273926,1.5877024855164
1.49968786039556,1.40730320972021
1.44634168210938,1.36785629546507
1.55132149389017,1.47685551809017
1.77003045972612,1.6587102781389
1.50724840340677,1.42166387067289
1.6901513601809,1.5849268294182
1.64274842709469,1.52065677980745
1.84114752994452,1.72524347854914
1.72128470766265,1.61445224057336
1.5248542241915,1.44479432665971
1.57909651093645,1.47582189233735
1.60516665414993,1.52065613846693
1.36288085760203,1.2818747796749
1.46156672766548,1.36546456862866
1.62270350061127,1.53217284502271
1.56007359233479,1.47144309932091
1.44407222882593,1.35279285143772
1.38186731942968,1.3096901904958
1.59330987297269,1.50153370691093
1.45954214085571,1.38188509125788
1.46187940659091,1.36659411742463
1.71550079081122,1.6151092675772
1.23988760834933,1.14762545576596
1.9133922467513,1.79020595074365
1.48980992448363,1.39195043291232
1.60248506718441,1.51110162041633
1.53561499182334,1.44085995896103
1.8228048721409,1.71546491964238
1.41058392035757,1.33882635972245
1.47380527634529,1.40182245370158
1.60019714968831,1.50613193211098
1.53529464432771,1.44538826373987
1.36724317325816,1.30299998480102
1.64235927606152,1.56150112602905
1.73891464504313,1.64794933013984
1.40295818151537,1.32446273080153
1.23949529160451,1.13955260330264
1.75084336293106,1.63215883625128
1.66306435030629,1.55990946493662
1.68441124070548,1.5796541204118
1.31094045221012,1.18057414414768
1.49949254535899,1.41121022304247
1.45290407926742,1.38123660427111
1.50464649970187,1.39653378057126
1.67176429433499,1.56910881870531
1.2520104507635,1.13701142138508
1.58954611566147,1.45416536339263
1.74593690663818,1.61961877140968
1.78428550204716,1.65973625460912
1.79146758170146,1.68259814111477
1.54866831996748,1.45186827791115
1.80892681389868,1.66948840971215
1.55053990619889,1.44991656693996
1.76402406383188,1.66510271502693
1.66437985049231,1.55054050471733
1.55422722195968,1.46762859768331
1.43457473805335,1.36114033312807
1.63314377585724,1.53417057719269
1.54866632640214,1.43230061622134
1.55739222608511,1.47454756897713
1.26414970437118,1.18720560338399
1.58201673118224,1.4806128163451
1.38962885917448,1.30286169857064
1.52615471409386,1.42720402500662
1.55855973811904,1.48472814824063
1.75966368081051,1.64720956916904
1.66327376922937,1.55447316186565
1.60946766031062,1.51233046722834
1.56906451411258,1.46466170593394
1.41304277254332,1.32225099280655
1.47671842191637,1.38696958623227
1.60908997512781,1.50656483788371
1.72743187278344,1.62224231449498
1.52694393556298,1.42465573113937
1.5609105032954,1.46884916486136
1.66473516743535,1.57807191685896
1.51497877378866,1.44225040398273
1.68511690146022,1.59341140971869
1.55190057209279,1.47240013333174
1.54659968727277,1.45314752790259
1.81341822244129,1.71888721719242
1.65916231220028,1.55773602374596
1.53218787251696,1.43882302627786
1.52112935268275,1.44517424836789
1.40621720769147,1.32624671114748
1.66260370988686,1.58045849819819
1.46598452699067,1.37368103594406
1.61931747325623,1.52768569999124
1.60095172659458,1.49404677650401
1.56858659643659,1.46334967553747
1.7201714966461,1.62364895294165
1.56772812522151,1.4920549848961
1.32626301328737,1.25228345538872
1.4197072313621,1.34311397102594
1.34814617677532,1.25054362139877
1.59037962756584,1.49134710946904
1.5845398525119,1.49033236547252
1.43714870145864,1.34582703442452
1.63488557578162,1.51561828955157
1.4785976141806,1.36329727685302
1.50008256227896,1.40486213604087
1.68869418557415,1.57621851230756
1.45904555056595,1.34504125699103
1.57837474999422,1.50052371980994
1.28166783196456,1.17391475021229
1.51125907855401,1.42147552102986
1.56831045745081,1.48191365220919
1.53958720596294,1.44154532832036
1.62879706125284,1.52908895003468
1.67488252337764,1.56623640204592
1.62486593278108,1.53084067373944
1.61601372471956,1.51836090293819
1.58202428539187,1.4690492217004
1.69468595782295,1.59461678358608
1.65731319892276,1.5428358497215
1.28425381772931,1.2007640129128
1.54513050016754,1.45525893337584
1.50702402333871,1.41820611513632
1.74744102950544,1.62676650888422
1.62234419049398,1.52096056788772
1.21798036109161,1.14427115048706
1.57708400837435,1.45111159069087
1.5779373851968,1.48050306213513
1.51210959562883,1.43495170370192
1.53586442946122,1.44234061470205
1.70223921685414,1.58449212795795
1.66127708864282,1.56922853797751
1.43640799139657,1.34273403672762
1.6940059064591,1.58445505845114
1.67285786199497,1.57197283995277
1.6016456027612,1.50816410553579
1.41108419094373,1.31585140637821
1.46966621668731,1.39587207281346
1.72321936861707,1.6219863463855
1.47381028856163,1.38297529719006
1.76738182479244,1.66596788089818
1.45221873003476,1.37304943311343
1.51716396503402,1.41710727343961
1.58154004253507,1.47529490533148
1.70262333818917,1.61524723802513
1.35651693198654,1.26858797383871
1.61333456536169,1.51387952894245
1.03479209598718,0.95603421414547
1.68458059724811,1.57313489731682
1.57688531185161,1.48092506592964
1.29669493767482,1.18749875843569
1.45757750811329,1.37769001645271
1.8032614446807,1.68278466014403
1.40832172222491,1.32944586134901
1.43588601888789,1.36430949006547
1.22951213923616,1.12627312130158
1.69030150702556,1.59148566686705
1.77182682586677,1.65327598079852
1.67601352525203,1.57595236782257
1.53740106724348,1.43819063670619
1.64232629256836,1.552335600192
1.57323871702282,1.4791425227377
1.57894108979761,1.49020016962072
1.66526983806331,1.55648681709128
1.55774659606946,1.48653979919287
1.63633155292211,1.53433261513017
1.51020970936708,1.39231126247456
1.63515380706642,1.54471198624056
1.62664013972276,1.50433466987413
1.63043723596338,1.52214328775569
1.55902605374432,1.46509680716056
1.64376831040679,1.51049376607549
1.58899999723789,1.50970513461781
1.45788966844717,1.36393380909971
1.53000491609289,1.44961855472326
1.69080209067301,1.57684654787304
1.38025918713204,1.31015725329358
1.61635316447404,1.52852666003184
1.46319565097041,1.39589022488867
1.47553848283381,1.38668086630089
1.55415750251079,1.45158766865503
1.52649787434674,1.43832619379277
1.69750537852685,1.60202158550461
1.52859014124616,1.44253152301749
1.59411401005628,1.5155361479392
1.7171806796577,1.60481583954457
1.3610300825248,1.27773759923827
1.60042036298745,1.49106985264795
1.57297944050908,1.47219407343028
1.6563179831311,1.55662733682148
1.63644257018324,1.51287918050317
1.69147538756176,1.57326244188897
1.44023725795943,1.34678376839143
1.68435507886551,1.58641253800595
1.68794193409378,1.5699177537599
1.5489050343253,1.44020706381505
1.39388784955765,1.30842991323586
1.6945602840497,1.59433234686014
1.79645183473741,1.67441335658736
1.46414041729465,1.38866954753918
1.67923411198106,1.58916806069486
1.52547118509546,1.43301968064667
1.40412434500639,1.30197541578817
1.40301411779773,1.33708930467866
1.47630180201241,1.3869462062066
1.56406312829004,1.46447566057282
1.822641900097,1.69831443947893
1.60177463582283,1.50138538571471
1.49895049391677,1.40204509051442
1.47370220541628,1.39203695723792
1.55009545354824,1.45138098694196
1.58637781424725,1.49452291979829
1.585946448883,1.48438239196628
1.6959829271482,1.59419943565651
1.62677363013244,1.52243698212854
1.60451626542769,1.53182071201065
1.74649861632393,1.62932972040502
1.69696194361592,1.58568109453647
1.48690342166187,1.38642845509735
1.71242913338081,1.60464134969929
1.56558447549551,1.46669219761946
1.73422675097595,1.61161316639757
1.41908639675878,1.32984634197432
1.69030081768066,1.59386288341407
1.67309252578503,1.57303184565731
1.55088351314841,1.46671743682547
1.51042231513259,1.42711810016402
1.73586331692083,1.64198646280809
1.56267579596226,1.45776869177989
1.50465497915789,1.4211218709576
1.63183413873015,1.52456296877425
1.6301805231726,1.52329871313439
1.59660508278952,1.5064152008913
1.57175190978934,1.4579865229813
1.51056774602511,1.39260008750081
1.74078715578827,1.63705743654137
1.6635553160363,1.55021974589087
1.70507995489012,1.61506122441971
1.60577185379325,1.50270072811143
1.57366100058825,1.49210966473891
1.28545786094414,1.22190100232362
1.57327632409435,1.48347661730124
1.2673406928498,1.17912083242505
1.46379505297104,1.37005230962603
1.25725947755894,1.16048721192435
1.68791696898812,1.58493957215348
1.60886200179546,1.51238351717046
1.53069355637817,1.44627459477462
1.71200309958233,1.59637866588239
1.57210274840131,1.4573402599683
1.54299811007326,1.45514070013251
1.76485079707423,1.64814370370712
1.52228854123265,1.42156847266042
1.5671345272258,1.45833189522345
1.63101137399505,1.52611399821929
1.43324714959137,1.33852233390863
1.55316281240924,1.45404371787947
1.64730357340036,1.52745256538073
1.67402242119496,1.58100388677472
1.36751890594336,1.29047363161087
1.54363357373557,1.46340899278286
1.74833856965166,1.63853243633197
1.7007238128228,1.59442283538625
1.67370462051309,1.58989093636407
1.39931958987002,1.30888960758969
1.4980767153105,1.4091883192012
1.52353069811359,1.4506128388739
1.38312560994818,1.31097704497403
1.62300591418089,1.49391408824118
1.34617020821257,1.24139659914916
1.6522939220222,1.52654089115312
1.40342908914548,1.33479395139736
1.56122760998257,1.46452174119504
1.68706805678186,1.59395045560212
1.68799672005072,1.5964063647621
1.58002149431471,1.49176566240845
1.4391190309263,1.33560254377684
1.74859200243152,1.65142400436332
1.36635290759752,1.24483490029374
1.37194853617444,1.26327676673509
1.61935961912829,1.52125977406483
1.40821638382578,1.31542575625241
1.65548372547855,1.57291671117139
1.48038053483225,1.36817655680377
1.66017721242022,1.56730040723296
1.52468938167501,1.43451094953722
1.11003898378709,1.02011498133639
1.57967275828154,1.50253917225053
1.48690357751825,1.40709378140368
1.45167657485543,1.34513036998179
1.42903367923221,1.3392541958445
1.5135705320002,1.42903936922425
1.74624480188625,1.63005205558243
1.58846256729745,1.4954120688025
1.38708631651104,1.31091338809354
1.39846347203029,1.3120485151493
1.50054241948301,1.41807663631824
1.73032546738016,1.61924701990625
1.59546919237629,1.50064280489484
1.60889322751489,1.50887027749194
1.67188225371267,1.56692909574108
1.67195440251775,1.58173765645936
1.56107085649184,1.46911775546977
1.59345302433781,1.50053233652762
1.64842094852581,1.54184162482867
1.64656859932635,1.53141207871165
1.64503259149597,1.51819060833103
1.62149160261546,1.51574347355483
1.80186503945905,1.69029781132363
1.51199998503598,1.42762867330277
1.64257243391027,1.55140343705453
1.35316489411416,1.26808940559367
1.73644714706855,1.61338971708288
1.66053612592799,1.54551145014
1.7266594051938,1.62340548350961
1.67934403971708,1.5831714974219
1.57748172402427,1.46596620875414
1.52122715974484,1.43659478193234
1.4602902348252,1.36136014573366
1.46388694753013,1.3917156018595
1.76971777698731,1.64072812886833
1.35494385849105,1.23735046649149
1.40830386984093,1.32879822328029
1.45939133867242,1.38500782302892
1.61686536921019,1.51461021986215
1.56927795233494,1.46411791202046
1.66012489466445,1.54301868194892
1.49766545177357,1.37403097475411
1.54298536142245,1.44918139523403
1.49922297747858,1.38072318091683
1.73903393894047,1.64227027867691
1.61442507125995,1.52133929803543
1.43067012182516,1.32288024888131
1.605832282606,1.51751472677516
1.50671160957526,1.42486537796371
1.48969433331436,1.41280325156274
1.56091895943737,1.46020992242392
1.47451784915783,1.36605029275385
1.63710985815052,1.54283291955533
1.580629752969,1.4960602150561
1.31289413320751,1.25698475897372
1.74109676334356,1.6367479927728
1.44006858863869,1.34483411025279
1.41163067904663,1.30090351059337
1.81317522687321,1.70715717647488
1.47742212928103,1.38936664448379
1.3733998364349,1.25994894331505
1.75765308877264,1.64320817596053
1.64179749375732,1.53424965857965
1.67410216109927,1.57364404238249
1.50208921457764,1.43161450101727
1.37334186075168,1.29270112760322
1.73768415847194,1.6251478414296
1.37675548493669,1.28762722430035
1.59133583348306,1.49091503728033
1.28789316643376,1.2044357768587
1.46158104656406,1.33447864621472
1.70041066617323,1.59315395457048
1.63510181186391,1.5472789893366
1.48560719304339,1.41194734729369
1.7915200884889,1.67782498682315
1.60732793504591,1.50051264618228
1.51938362509383,1.4064829574754
1.45084363762514,1.37568203336205
1.58054207847815,1.48260462100415
1.639577002278,1.55173595445538
1.82441698778437,1.7132492510553
1.41163495147856,1.33127211848664
1.40295949082109,1.31727529555887
1.49307165013997,1.4100034494054
1.55605054709546,1.4664820013165
1.36222354737652,1.30247729476062
1.52318768286794,1.4355766946928
1.66464147783245,1.56949147213198
1.37991314088412,1.30621955763195
1.44500192119994,1.36569307245093
1.32387146657694,1.22581467474497
1.6584076805943,1.55813985595029
1.56840932233481,1.47479769223774
1.46876624713554,1.39076128825593
1.47695998305383,1.36851488488324
1.57890539831769,1.47278513930684
1.46412734201092,1.40517655620436
1.54155410842648,1.42708477567458
1.56986862197509,1.4604836063364
1.47361081598056,1.3931725008058
1.59689085228438,1.51713135755433
1.61489727360185,1.49858497615851
1.54647977957489,1.43960409169493
1.61087292589518,1.50317541136478
1.45587116883476,1.38447910366814
1.65107949841026,1.54902932964378
1.69590895601632,1.59842591745554
1.80398814718721,1.69425860197261
1.46883877398725,1.36871427003659
1.51513307001821,1.41276740796357
1.73201931378442,1.60828159658437
1.76056385629268,1.65532003189049
1.75433102136753,1.64485318495016
1.69451802748612,1.6025301075449
1.34458109159337,1.25555130109255
1.4201650776434,1.33676411759944
1.45311098681498,1.37726254899232
1.54347459714066,1.42681787054351
1.42594831992385,1.34406234268497
1.42653318164537,1.3254327917582
1.7073538938766,1.58914321930194
1.65956677282363,1.55662228615833
1.84086093282877,1.73541124451637
1.76074385696347,1.6414239487016
1.5350999380906,1.42483440768301
1.23441782155679,1.17317995732034
1.29615522900854,1.20738197660303
1.54410855823401,1.45418465274997
1.47142406277317,1.38146356650315
1.39198791999085,1.32158530260646
1.58087548334094,1.49448120280885
1.59333795561059,1.5005583289483
1.50774660876604,1.3955943657939
1.46551004795179,1.38984896871591
1.58286548259653,1.49803500344143
1.34652768040654,1.21564331000046
1.40598027936735,1.2837185016595
1.59111119430899,1.49172125152594
1.66594284119743,1.5763356975345
1.45887520131391,1.36891233476058
1.69471098823456,1.58072798066306
1.5723073667954,1.48392901239378
1.69654458882149,1.59516644584926
1.46326659038831,1.36345488081673
1.67451330231339,1.58464488464522
1.49194268503926,1.37478396994786
1.50240917019739,1.43698133988834
1.61269861411509,1.52637047980132
1.47101610506875,1.39429272984913
1.62465406396902,1.50568695734018
1.48902021087953,1.37360606373638
1.24338469373145,1.16383726861098
1.59438993506059,1.48943385987289
1.71721200273566,1.60548954641757
1.57314097169606,1.48495496112842
1.59688753618722,1.5113706787722
1.63280969130591,1.53363052165785
1.70431692361616,1.58129928640352
1.58720859988881,1.48373650003621
1.74856654502388,1.65207915468261
1.69922026482752,1.58009882211631
1.60948185067574,1.47328489498147
1.25225757747576,1.18260707651247
1.49824628578775,1.41773837863441
1.55526964335213,1.47415720864566
1.54176452023959,1.4595132091252
1.95447289359547,1.8402619671783
1.69292975124414,1.57833093207807
1.39757025648081,1.3259706380846
1.32593597917197,1.24140310496795
1.6409705427768,1.51807742902669
1.62377469183295,1.5123251349845
1.51847536655416,1.43708887568319
1.40804985718452,1.33837655074692
1.47010103213205,1.40478448353429
1.52237705493428,1.43078188485133
1.38219197981008,1.30610089338619
1.36091773985644,1.27515146529272
1.67957947566685,1.57032226259698
1.42995677919217,1.3530431492241
1.66082801837512,1.57417153349817
1.5648171100646,1.4655055728181
1.32561330767155,1.24951471543142
1.60917317854634,1.52690357805286
1.51149240567011,1.41411412321552
1.57303003538712,1.47325141631235
1.56113213839378,1.46146775769822
1.32020252455022,1.23214069931562
1.49958994284719,1.41296441763939
1.43314563321128,1.33893887917433
1.50150149386169,1.39122068266666
1.37317619589391,1.27805540212624
1.54401289276577,1.45492075262911
1.53522999706959,1.43543832393365
1.67169573421286,1.55799687768066
1.68929995369485,1.59519148690966
1.41468062654566,1.33134080347247
1.50213650051459,1.40273797756962
1.43124110286328,1.34674091840517
1.41550649713322,1.33821511260599
1.59328805677819,1.48474589835278
1.59386493352862,1.51169866596799
1.44588090893399,1.37469197616667
1.62527201407066,1.5246379819689
1.56649344819957,1.48322967533477
1.58063017054003,1.49857540564454
1.5441629836284,1.45855790315046
1.5025122133873,1.41223939301653
1.35704579360015,1.28051522963678
1.38805193958331,1.3186118448165
1.55652041641687,1.46558565410954
1.47527270490916,1.38261870004658
1.45009458212484,1.36244052466039
1.71384469785013,1.60709250426472
1.42595084988587,1.34360194539157
1.33123892754536,1.2482928141397
1.36557024477067,1.26791232855991
1.33685438645339,1.2456469254886
1.51393974261185,1.41574342778543
1.73039221831509,1.6143564530912
1.74021382221817,1.62739537032489
1.65533534765276,1.55967099847583
1.5183008694824,1.45435876513781
1.58174346671268,1.49342149054285
1.51087699620954,1.41839456510314
1.80386241851729,1.69477145127362
1.58236492382086,1.48467225984971
1.6438238434522,1.54532885476244
1.36342432616442,1.27184568166869
1.53454048289093,1.4056825207811
1.51661778116029,1.43975490038541
1.56030209024648,1.45947685201782
1.53146161653899,1.4227198072551
1.54880612251726,1.43370158158188
1.52123676719226,1.4245929190619
1.62035764516659,1.52939178897955
1.58811220760185,1.48928003529068
1.43548198559815,1.36455333071014
1.51242983145833,1.40289406707668
1.77461534001588,1.65918319395222
1.54928972126599,1.47173337091218
1.45075484113253,1.36609138342487
1.44551452665367,1.35045564970796
1.68386840561284,1.57938815656912
1.8219399005327,1.69980661935405
1.52707575325558,1.42229179237479
1.46256270025889,1.38846427575065
1.6787978537225,1.57723110239344
1.61030818855346,1.5129083419173
1.47600449936806,1.39565338085213
1.40468714902982,1.30176745509188
1.67666842072175,1.56570717684992
1.53728906003274,1.45705080138375
1.57819920402465,1.44445432085646
1.52637772086703,1.42697280574424
1.78224612581176,1.64556836026912
1.54402494093638,1.44092390279569
1.4062049635945,1.29766853298274
1.50169948936221,1.42134917082367
1.54952540075926,1.44420040466901
1.47103924216245,1.37501943294846
1.42935873602748,1.33666107445951
1.58521027519475,1.46341929238562
1.4558424849782,1.34147304466451
1.50219244910643,1.42169275748522
1.63838837055793,1.52864595507389
1.4923079245738,1.38800688102488
1.49755729629625,1.40023044447875
1.7085827582814,1.59185722724803
1.59134817417133,1.494934491919
1.52434534145756,1.41638438519308
1.61042661312118,1.51426106505668
1.36230337345338,1.28536334185357
1.67714379028564,1.58112665453719
1.50850734240137,1.42413275489422
1.29278843340704,1.23740140172317
1.61115142098233,1.50380129534816
1.60178514673392,1.48587153146095
1.50709640882827,1.41245155666185
1.47638207954608,1.34929637292524
1.43961721849579,1.36680717469196
1.58935450662694,1.49713562894372
1.32058942716076,1.24778675384724
1.62640948177451,1.52238057202322
1.63805823798462,1.53596513413279
1.54084559482286,1.42677479645611
1.42436162277474,1.31626582285511
1.63850188684732,1.54742381104163
1.46081782058337,1.37862933817921
1.64098128129956,1.50568255377743
1.45160317052475,1.34265464231385
1.54188059869356,1.44284838071966
1.52630126522528,1.41345948760438
1.74288110193887,1.63195030164611
1.63015409659371,1.51187388391839
1.67616592185282,1.59075241896135
1.49770731392063,1.38871025727657
1.61840325977359,1.52239272751168
1.61416543035878,1.52108814046266
1.66470748438415,1.54856827132789
1.51732029664773,1.43954860584241
1.61642746090746,1.5009029286156
1.40957101761752,1.34118911695388
1.66585010334501,1.5498032362922
1.49655207908139,1.41585546709806
1.59959306545105,1.50398647332207
1.47947371026561,1.36378606669732
1.44714229154408,1.35836369167545
1.59474705864511,1.49536340941769
1.69875199746168,1.57996655032914
1.54443484920982,1.44306613169509
1.46406787411378,1.3617923372743
1.42981969266695,1.34120795715344
1.57093683882294,1.48687448324595
1.40950127205949,1.3400388164093
1.51634638758579,1.42270335669165
1.55573822061452,1.46542659369897
1.46061038788059,1.38235042985064
1.68683581845736,1.58341374380692
1.53280357432421,1.43367966562133
1.60773295152841,1.50349398954095
1.45886011872797,1.3799286125173
1.45190323539292,1.35007827313809
1.76029447028881,1.63838002066438
1.59625228445966,1.48895470634057
1.45432290532437,1.38463524985903
1.4892415107216,1.37435256712902
1.60730436135396,1.53100861147502
1.58011410269849,1.47739386910737
1.78646090385547,1.68192308043819
1.47794462872213,1.39168952798695
1.59535465692511,1.50571221762366
1.39177396275566,1.2979105280482
1.62960573170454,1.53911389647272
1.62771791813897,1.52784370247805
1.53320873798344,1.41376448852207
1.60802089182115,1.5212756381917
1.67618969146886,1.59012245474362
1.55155611601208,1.45270866171312
1.68935554452816,1.58607736234671
1.31943212449665,1.22886349046777
1.72497078192462,1.60835137537721
1.56805594938173,1.47599200495359
1.49255279295958,1.4165240154463
1.76320797697581,1.65203654625953
1.26019844265913,1.16319435106659
1.58302061467308,1.47443775171446
1.60848744220039,1.51422083852519
1.59086874185669,1.49297781653191
1.59314998670368,1.51022251848681
1.77904811969629,1.65667599515512
1.47009777091756,1.35210395306432
1.65030786504712,1.55503083306576
1.59869429700686,1.49673563693938
1.49580099314452,1.40843630449892
1.20229097648301,1.10455774346432
1.43220634529067,1.36118720406818
1.65514564210377,1.57037938262964
1.47723275057826,1.40537157048004
1.64799859817559,1.52450062354352
1.57055085815775,1.42552746820098
1.50334307397259,1.4204286100744
1.65986817795318,1.57526384151022
1.64588537545507,1.55388153320297
1.64245593014864,1.54618816363872
1.66088607855225,1.56063664460066
1.49548101606807,1.41301107345079
1.66629119373648,1.54537128759647
1.62515973045011,1.50824074635911
1.61517256328312,1.52331917984981
1.57571142850952,1.48690160004085
1.59351814714538,1.48869203677396
1.55247889621427,1.47263703001542
1.60476831388908,1.52497471852786
1.7004535019451,1.59677499108084
1.73300316084132,1.62342653984757
1.51258620457477,1.41497890627291
1.77270750330095,1.67515898062496
1.42913816234467,1.34049071465448
1.52770953762226,1.40572589850031
1.71111161677039,1.59195105382705
1.60350423978404,1.51662229403405
1.50653576337483,1.42360566333601
1.7964285236794,1.69826280901296
1.73459503428567,1.64043396974201
1.15455219808105,1.05332047721605
1.61966046004626,1.52053248994224
1.64146023341084,1.53531832757726
1.44245671719163,1.36946486365332
1.66573800341223,1.5526608566088
1.60957056115965,1.51329295661293
1.72907761602345,1.61676972764755
1.71335902085221,1.620346281942
1.61676431250602,1.53631157584036
1.71001646899442,1.59201626100997
1.53082032463342,1.45131464352841
1.84491457941753,1.73365803524776
1.68601556230608,1.58363192780176
1.61154838173135,1.48441846147497
1.61948973135888,1.52642629851705
1.53408413060856,1.44288917265103
1.57663133552367,1.48250169003829
1.69443030139227,1.60359592884355
1.47261627984956,1.39248922361905
1.81053090628875,1.70594151793436
1.39748707370731,1.32135553498565
1.45493731624319,1.36883961189578
1.51614596096308,1.41930878144066
1.81163523002414,1.69222311554416
1.55520334682362,1.46266055509877
1.35293052895539,1.26760768196723
1.73024865350688,1.63673901862231
1.46430137885061,1.37249402896434
1.39894664803817,1.31999394920376
1.62315565862158,1.5254532667846
1.55054732815389,1.45864983884923
1.73965510460651,1.62220675246647
1.46264652887458,1.38148783025747
1.82852492150301,1.70127463795869
1.76031421884756,1.65539464403501
1.44792674415715,1.33972824301876
1.47748843019551,1.382833425843
1.41938086865143,1.31107042350417
1.58269241949123,1.49450503320329
1.6826797534648,1.5831064991696
1.44759498030694,1.35835515357301
1.61904182356586,1.49601249592765
1.61382004245092,1.50064882132533
1.60994366911946,1.49748504797721
1.43418468653424,1.35731632929931
1.66975639218634,1.56152743264994
1.62162852889903,1.52105677698141
1.76980797310827,1.65631914682808
1.83053260227618,1.71536636023737
1.53120661139764,1.44499554745053
1.56584532924736,1.44255621350874
1.60305098643207,1.50096713661278
1.56042877875635,1.46801403961544
1.37774708802715,1.25638070940976
1.45329681515022,1.3765188507107
1.50113043251386,1.40297564101051
1.62187111286804,1.5394517186078
1.60198092788858,1.51134327158763
1.71476234977543,1.60636057731947
1.66532797197122,1.56384859425835
1.32674583349608,1.24105467390234
1.47521073707823,1.37742622930096
1.60166083898811,1.48962360631493
1.48881770418748,1.41004454664374
1.47491232727372,1.38407639509837
1.34235878208004,1.2584765773111
1.6172805861168,1.5188461685497
1.63096755623691,1.5334161868367
1.5737246774476,1.46208069024644
1.36675261886713,1.28709263342219
1.7394397678352,1.62977922633915
1.46420024440661,1.34962027975844
1.66469525356919,1.56056185816816
1.50349427114731,1.4330244535734
1.4583253125215,1.35317893914402
1.74406842322983,1.63636387397941
1.15356803228025,1.06865063445132
1.51799966987305,1.4424691997459
1.34548316516305,1.2703506727346
1.42762049908269,1.32406592152933
1.66637078092583,1.55443055881299
1.52588260311781,1.42854922877639
1.82220499708716,1.70915789347428
1.58048524476538,1.48576181283137
1.68944398357126,1.58783840272181
1.82376221532356,1.71884291713561
1.54248411488758,1.43526616610645
1.80329205875315,1.69438887317633
1.37855213546498,1.28321782572627
1.5306701752758,1.44532724788757
1.58985246863704,1.49746419518275
1.38977520793557,1.30650359438255
1.55507258845507,1.47647292968489
1.50158613552073,1.4207120009655
1.54522700222848,1.45795664828246
1.6114509538736,1.49778033599645
1.48477204226532,1.39722647859999
1.51695503160293,1.42706298161642
1.51506233308474,1.43726151645026
1.42612749042782,1.35347468438716
1.71761747492399,1.61076901219192
1.52251568933616,1.45296948089143
1.7643984077374,1.65724908509823
1.4325167932553,1.33972060527789
1.70577691129991,1.5953388040354
1.6120049854847,1.52587476067422
1.37507539534976,1.2823475680858
1.24193505253158,1.1411943014351
1.48760119297494,1.38437058469917
1.70966160286243,1.61417192019793
1.86156104390487,1.74253927142425
1.64753756887198,1.55005744885799
1.59133135281546,1.49625503560297
1.7815710551749,1.67035093444999
1.32272189425837,1.21579360166933
1.70948211089199,1.57906960334451
1.62994008011807,1.51367891924621
1.78003718649956,1.67249118962536
1.67491947964387,1.57719874215602
1.55529881526139,1.46671028205283
1.17919126596343,1.08237662303543
1.38782345889216,1.25316438040014
1.70244984798552,1.59773322569485
1.72178089996882,1.60694158241114
1.62545740225245,1.50962573234919
1.05922129919437,0.981322704193323
1.33303111439507,1.26536060893487
1.63774090245319,1.54616342676086
1.50834149915864,1.40842183117613
1.47097760348068,1.38543930548242
1.4804781975876,1.39778172861839
1.61889745900823,1.51857634316427
1.85353345337567,1.74004994931667
1.56146376090079,1.4703460140923
1.75218268768854,1.63486714662254
1.44321728265381,1.35894729946333
1.7322806291056,1.6212970939717
1.4864948110424,1.39150417432769
1.53751295600554,1.44115631797415
1.6588816628554,1.55076651160332
1.33896589720401,1.25881229485813
1.53587641052068,1.45475105257603
1.45556432647394,1.35731704189184
1.71448728694811,1.61365931919353
1.64676140189477,1.54957912472893
1.78537234772978,1.65372366008026
1.19538702692892,1.12625497692271
1.64377070899178,1.56226531765882
1.54240658009124,1.45811999602476
1.57362742492465,1.45201939267895
1.45588446167682,1.37633467881751
1.65853332572453,1.56627889463814
1.3163707949832,1.22919538471633
1.7124409409408,1.61119019627249
1.7230011533399,1.59168943429776
1.56069554150796,1.45979802185807
1.48176766555581,1.40585001016768
1.58162459177149,1.46451851329192
1.33674028296149,1.25373515273708
1.70899369611674,1.61187484148302
1.50591154196909,1.38259080433242
1.48772904671742,1.39653927721787
1.49252505774668,1.40549340591996
1.7756174239665,1.66124778502842
1.29768323898331,1.17613526166491
1.64444151170763,1.55021418698925
1.66430625392526,1.57600287497031
1.71271078082013,1.60647221732194
1.57515361515078,1.4682109309598
1.68836100205518,1.57546754613576
1.53451882937688,1.41902016479591
1.65575631490414,1.53919778184682
1.64325553635905,1.53561345296704
1.54529209530904,1.45232422159983
1.78487523056267,1.64314592867254
1.454859847078,1.36286813237669
1.49244450420326,1.4210659062005
1.63142280297792,1.52758320515468
1.48361158492592,1.38844811405286
1.39974276039852,1.3078897790818
1.57763872600211,1.47345859821712
1.51990174413727,1.41434273810274
1.61228161370575,1.52423416805598
1.64271133489636,1.52516508909981
1.53092028382319,1.44539509086859
1.68320719177533,1.56321500123061
1.49662777558062,1.40824085977616
1.65418043705752,1.55269756178639
1.62447805064859,1.5210664308026
1.45481879931362,1.37835868272191
1.72431860771323,1.62950328785447
1.49596962734459,1.41111266787201
1.5526042361453,1.45744688661753
1.50659941944858,1.41873471663768
1.61206610422963,1.48489841801324
1.4500255107103,1.38981340424395
1.64209731698692,1.52044042699642
1.7459477177801,1.62676845048554
1.71156424456998,1.60322487638198
1.53901243828178,1.45139355759675
1.76023402363867,1.6531602351819
1.63044746917221,1.52830018212376
1.54910060801958,1.46234868752514
1.40131815755712,1.3283000991627
1.4969106913228,1.40994462822137
1.59913389915942,1.49999621245133
1.4690065314441,1.39256156370669
1.56574793193044,1.48553522867551
1.76181378026209,1.65328630691176
1.66010368845873,1.54860539474541
1.51343817295239,1.40892366740645
1.70228646093534,1.57414533719436
1.30814294084186,1.22598916413328
1.56465635053576,1.45925815250402
1.67830762273605,1.57941755268794
1.49515467587607,1.41355080812575
1.56395097438949,1.47990571993315
1.46870607499472,1.37275059795608
1.63270946399447,1.52079536645732
1.56484037654989,1.48208339547284
1.46832810046114,1.37162878828648
1.48814002337334,1.38327718372094
1.41205732876303,1.32276410085536
1.62161157255966,1.51259959647715
1.77045170428251,1.67329707370493
1.53000403668381,1.43021000684023
1.47336137933309,1.37106635904793
1.48822901998218,1.40684687556218
1.47370354998901,1.39278077174761
1.43551873631088,1.29330668828099
1.54088579204351,1.43879776482515
1.58964107323709,1.475054520934
1.65834281411953,1.57630517346048
1.40599827573302,1.31039623289131
1.56148563561593,1.45567699743869
1.50378949233688,1.38211898359997
1.35494470052565,1.26033907344557
1.69782673703823,1.60169251152921
1.61685679316319,1.5094614002101
1.53058536964119,1.43498342800752
1.49729288397218,1.42288172630467
1.48344785637098,1.40381549157878
1.42286858225576,1.33407328142924
1.52034798790677,1.4297926459511
1.66187369328702,1.56661289284728
1.58937570113933,1.47178807418392
1.57826632307751,1.48056455910385
1.58403526214441,1.50209046320302
1.43923137056514,1.35591884994085
1.67913360093142,1.56966761301902
1.60068085396593,1.48890982142609
1.61604548660135,1.51475950892109
1.65661913398479,1.53520808143244
1.47075845809203,1.37466889094686
1.53896845075026,1.47061024637138
1.79750161497525,1.68588534473534
1.66921499429793,1.56175904035387
1.69266291750837,1.58516707568913
1.5759671184345,1.4997021677262
1.62059702837241,1.53533450061443
1.19381598371145,1.10019468863314
1.45822750174076,1.37855396943682
1.62744353385721,1.52133166749543
1.64052650230368,1.54100343201964
1.7742424109813,1.65070096662068
1.52101011099859,1.43868608914575
1.572717792961,1.48620345483074
1.77616491417864,1.6498846769071
1.61120480721382,1.50688359454474
1.45158935672549,1.34515312641445
1.46287483447623,1.37341171574279
1.27387071517898,1.1821890713699
1.44594296059453,1.36723151996952
1.37810392420285,1.29119136978821
1.74870673652914,1.65104906820044
1.46633295083968,1.40539847380227
1.4315747765768,1.34387857658261
1.46741709379594,1.34812934477476
1.65206710767928,1.53760958514979
1.29736665955915,1.21567180929676
1.59835187863816,1.51753662557002
1.50240474864471,1.40574951665205
1.56612645073522,1.46929644561275
1.43703780849951,1.36328275273924
1.69525122686266,1.58243251463728
1.51686434284544,1.41780283035173
1.28099771326619,1.18851776221723
1.78116768580166,1.67616973826164
1.69749233702697,1.58527935116813
1.50202802417396,1.41231156824029
1.60654997071963,1.50984620313717
1.81337396566667,1.7112202490095
1.43052645222473,1.34297503939523
1.38004751072305,1.31437701057173
1.69908776327223,1.5885270110382
1.55712506620057,1.47517330799797
1.72475579106376,1.62537375077405
1.74208081122524,1.6281439266209
1.51899225228355,1.42606739666326
1.64127837883077,1.55819426955428
1.64128148701551,1.53390573648894
1.46616075136829,1.35051330646517
1.59732717722447,1.50216294560292
1.53003169831327,1.42886088878269
1.71809834367518,1.60231312453557
1.61949172721282,1.5100199131051
1.63084405044431,1.50149287940194
1.67128319874923,1.53932086511622
1.54345902444879,1.43258046457103
1.68376470806847,1.56805685653037
1.32646048532078,1.25598481180591
1.64942879960815,1.56026245701008
1.56721920482666,1.48077723128203
1.50855839144008,1.4128518304161
1.74184661623083,1.6233232496669
1.50803080278261,1.41443621064511
1.67226056872784,1.55428853415729
1.58015741949152,1.46989567812194
1.40236583431002,1.31547503585801
1.42830430891927,1.33764567027851
1.42081644876196,1.30817597876554
1.48600183770379,1.38227210965151
1.38692885005292,1.30305669328848
1.64352633017254,1.54681903836594
1.49111778086192,1.40833487928244
1.815681468539,1.68202637222254
1.63079153534578,1.52344696155135
1.58765287263944,1.46477964688609
1.38496409011438,1.2849595495805
1.51037670962625,1.4204257210195
1.67900904201117,1.57009095107945
1.50836095784125,1.42382548855886
1.63874110353628,1.5340410434086
1.81497599203639,1.6937237956395
1.7313907626464,1.62546704988654
1.7035761490643,1.59496610202687
1.69091238092671,1.58776583642819
1.68872229101893,1.59688967938444
1.50726869713292,1.406534190114
1.84049378365082,1.73388413311178
1.61105457418337,1.52804801097532
1.52518384558166,1.41161135489168
1.62498587685337,1.52536593414119
1.64289092868192,1.52109849184753
1.67891088423219,1.5766844328955
1.59600683610837,1.47698314678511
1.57542967551897,1.46759726486349
1.67330304156856,1.58706878890026
1.59544644776045,1.51323865844594
1.70980928866659,1.58635486298631
1.6942666299051,1.60059106470513
1.72063302780772,1.62154991268783
1.56967159859873,1.4755214783803
1.65319346389854,1.53298965352464
1.37734784138652,1.28865110948781
1.30437552207319,1.21875988545143
1.56277234203139,1.48302490008866
1.45223398944704,1.37001658119543
1.44131200026333,1.33410107235864
1.50095016816251,1.42624124434341
1.50748089224559,1.42679698241842
1.71501224524374,1.61700511079046
1.56144573952371,1.47920083826883
1.64162735789238,1.55184508665215
1.60806665779211,1.52108477610062
1.54364742142141,1.45825329608661
1.686864116956,1.56218356946435
1.80701113159088,1.68872830244588
1.43309581060942,1.34387156019146
1.49762409720437,1.39904562262913
1.48471157705801,1.39343408581413
1.36289296415432,1.29146415622298
1.61925088238652,1.54558233394121
1.42215456897138,1.33363761537844
1.45991457224518,1.38814589102823
1.60835767578826,1.51146380741609
1.45440391997394,1.32182904429408
1.73548491002674,1.62040799226428
1.64898451678518,1.54169834418824
1.79070377507093,1.67454979516784
1.55632114111763,1.45612513052381
1.548109439364,1.4454878537882
1.8306839353296,1.70762173935361
1.49618585014132,1.39997750174395
1.50226609081436,1.40695962978392
1.46813906507751,1.39076919421826
1.5975074049214,1.49781616703361
1.6005072894115,1.48313377289535
1.64502525932156,1.55946940787746
1.73184239441545,1.64609792113091
1.54423874189368,1.4445865486899
1.50781157009611,1.41480853259202
1.44442862177914,1.35574021360114
1.59666498348223,1.4896558877313
1.71345769342564,1.60228437324167
1.49146192085386,1.40926579519936
1.37811985946929,1.30908595128858
1.65914385651531,1.56319708600918
1.45801026001426,1.37408146897986
1.46001271778691,1.3903412929831
1.6277595894239,1.53312403308963
1.68602057033391,1.59082765017273
1.69119603074195,1.57738995234954
1.49173802617701,1.42071938493158
1.49031766249007,1.36917771954242
1.66120032714728,1.54035988268659
1.27260474924739,1.18945772664308
1.39667953101369,1.3011467165938
1.46635268300712,1.39658428063695
1.64073814560025,1.54353329980504
1.52263751485828,1.43172469234238
1.24634645845709,1.12398956709619
1.46127137708678,1.36626546153613
1.66775199515591,1.55499330700448
1.75014368297851,1.64904071329001
1.56292567352834,1.46783624505037
1.55513507482399,1.44543061115676
1.35910427323011,1.29293679416025
1.6841535268707,1.5697784594161
1.52167581859342,1.43324088944817
1.34837520079734,1.26108729830661
1.49826084731768,1.41525558101682
1.64000514051396,1.54952251648496
1.54424241072698,1.46115089332322
1.52456960056169,1.43004362766455
1.38450341326735,1.30669669807709
1.64760528826246,1.53738630939145
1.55512926939624,1.46269646482962
1.45953062815015,1.37681209756257
1.51425866453483,1.42464874777479
1.57590878701184,1.47994488809524
1.47297285246992,1.39925258366791
1.51376580295757,1.42512739221793
1.69912225391032,1.60700391991112
1.74240010875415,1.64786993183984
1.4869901214402,1.41146822753265
1.48230594998214,1.37616330444348
1.62949554330154,1.53008098417437
1.85829858147826,1.7410008577663
1.6274190585503,1.51510514087983
1.64126765754419,1.53304225606838
1.29789635802891,1.20063335458324
1.42589246358173,1.34241455675907
1.66108971350386,1.55436296688325
1.4460565635388,1.36545857721116
1.4151697401742,1.30613352825591
1.76530115105555,1.66389988879288
1.49265386843518,1.37142662633686
1.60890799935255,1.48966339515314
1.68288447286549,1.57591755812421
1.71190265366474,1.60874362976022
1.39786028892341,1.30871893269285
1.46170378869528,1.35977548787
1.51254980231412,1.42130565808839
1.45253340819276,1.36391945736865
1.56750146842927,1.46598314499538
1.37078207616737,1.29000539092845
1.32549056544771,1.22005428231968
1.68092744966763,1.56798582928471
1.84949106630751,1.74493388009044
1.42672693129237,1.33434591166497
1.65751269529064,1.53340917968
1.55575653857636,1.4550084075137
1.7837521575776,1.64772101279456
1.65855921223362,1.5561472652809
1.61419112138428,1.51174000480657
1.40832203004473,1.32371979959799
1.43804930828916,1.34675983731907
1.4112370626321,1.31082570197067
1.57837981297828,1.49523609063462
1.49956431605632,1.39138411495651
1.53307616954089,1.42056603054555
1.57449634685088,1.49485381815395
1.62280723331433,1.55298488861488
1.16805538451201,1.07208094325884
1.43295662825103,1.34292487189909
1.67207963815412,1.5760078908764
1.74745461744081,1.63093485821326
1.50294086356241,1.41580033687699
1.56317018563537,1.47554066290224
1.41282684259665,1.31484546542437
1.44257811299234,1.32135670233928
1.64705667255791,1.54693626467894
1.54089767269378,1.44403355239491
1.50084086050599,1.39779692215195
1.58148920308788,1.48548802602245
1.56767181468933,1.44535813869006
1.66216319427269,1.54928970947113
1.4738652463625,1.39513022664157
1.50525904370992,1.42146524630468
1.53384349634507,1.44450277254584
1.22092648465932,1.14844800631218
1.69656456992796,1.60269935648095
1.76751110787261,1.66097025820194
1.71867184801043,1.62014498680329
1.59147098701625,1.49349079215079
1.65634599892963,1.53880742166526
1.67375199429474,1.55328732616886
1.80999656864329,1.67575647948859
1.61837818348766,1.53032410813895
1.76024941060213,1.65184324821003
1.54210256877669,1.44524572053066
1.55855600802309,1.43139345692251
1.3171303837879,1.22531558519435
1.40419942234868,1.30416677615147
1.26535966902894,1.19699387701673
1.51292623085479,1.42272221136107
1.62037006794562,1.51503770385125
1.66782936465061,1.5693930602364
1.4793497448333,1.37740944234047
1.73588536852158,1.62480099831686
1.59082209379808,1.4726195907287
1.38051474778787,1.29313577277607
1.45358118799908,1.35686289846835
1.46486788294803,1.37413013526061
1.40509242396582,1.27910713496284
1.57449833381725,1.49618051307352
1.80388490201157,1.70400085283204
1.50921496190751,1.44435132194675
1.65245632494498,1.54198903333611
1.56295734519454,1.44954717832206
1.55251343389934,1.46580865560021
1.58522043331258,1.4910836108879
1.72648776471657,1.62575755878029
1.56812783535982,1.46916009912653
1.38363966610366,1.31235000383873
1.47874466929896,1.38999360795123
1.71279325435065,1.60376358438294
1.60873736310604,1.50528039677761
1.3868526140982,1.27860916866095
1.40351977384744,1.33012634340359
1.57138178581117,1.45919768830372
1.55418810942068,1.46783778852908
1.44777536103678,1.36202158009055
1.5653020023309,1.4496334806876
1.748840496671,1.63921048302411
1.59393540412658,1.50973368311988
1.68591682174774,1.57042297332492
1.54640722001363,1.42795214424322
1.53083067727117,1.43058256692772
1.61692829437415,1.5357627353976
1.5250179467583,1.42876292926595
1.66794058959721,1.56283212026726
1.62939292781968,1.53652248044544
1.39807528959338,1.31422494740823
1.3001920017187,1.20755966057255
1.63591420621538,1.55188909862223
1.50344624175799,1.40005557070811
1.58158357442254,1.49426339941597
1.55285583241124,1.44439137056892
1.66468268042869,1.57952838262197
1.59570372585195,1.49937569886965
1.49723336166863,1.4087543334442
1.514297762054,1.42610555900865
1.7601442072309,1.65119830371998
1.60114638963287,1.48664531383031
1.50341696628227,1.43388139902377
1.71493290912263,1.58946325579259
1.51222771437345,1.44019753519558
1.66375192505658,1.56324431699559
1.61886373278091,1.51221575151656
1.5600779117149,1.4541216537404
1.82440387653139,1.70791733515659
1.52496629688906,1.44295230313852
1.58245027563816,1.50046075709828
1.45918434122189,1.39512505528388
1.56521951179398,1.49121554415778
1.69649084627366,1.59191749879842
1.36185781292711,1.28197606642323
1.48849695597754,1.38988197192328
1.64902552173896,1.55260876032517
1.38132770769176,1.28741665786794
1.68848728571155,1.58650514670012
1.57469968392972,1.46650600906753
1.23557673831046,1.14970484038403
1.70068419558876,1.60397781281269
1.58122408232706,1.49360047801368
1.76526070401151,1.63433436622916
1.74482803091134,1.6489988897802
1.51957866217409,1.43174991732472
1.52077953749385,1.43066491579389
1.60906239415393,1.47578581334543
1.73977573317423,1.64329851273233
1.65213208736332,1.56575358314968
1.65035072834175,1.56393011097984
1.66757717336146,1.56531514079934
1.31123476327427,1.19548546279475
1.53348815000587,1.44997745323222
1.51994813356812,1.44303835519412
1.52517016177656,1.44670362371184
1.33495382138479,1.22915390841321
1.45916205271871,1.36764939823995
1.64977261863947,1.5443372652285
1.54533115891538,1.43608657019696
1.63097404690708,1.52056400925246
1.64147940226037,1.50086621516152
1.45019425297775,1.36254569599776
1.43374850149461,1.34741953608668
1.50700361842111,1.37359617975399
1.56744559459038,1.49196745755723
1.75001585373275,1.63962593450475
1.4923312190161,1.40870536047985
1.59772623558493,1.51071283368497
1.47101567365883,1.37579809151765
1.54367758746646,1.43526235185041
1.59133779577533,1.45963344150959
1.72912386704055,1.62694947857425
1.64059620519584,1.53468800990526
1.53477652070004,1.45474075950067
1.2674482481648,1.13343979055328
1.59509401520269,1.4805281938229
1.67940021370367,1.57420080730826
1.47468766339702,1.39706409083425
1.21685719170648,1.14061753618307
1.44548947693861,1.35522381737705
1.58339996396588,1.49812584671918
1.711342602508,1.5916731002855
1.71810483709106,1.60989637007896
1.77811917706765,1.67761831269533
1.7238126352949,1.61344075260568
1.6583692264463,1.55995940709065
1.76744470018229,1.63987503180993
1.59221286195444,1.51034914880161
1.64554654286545,1.55953209662308
1.38191627399336,1.30070029533298
1.79069658111853,1.69003012463859
1.82990492850369,1.71820622351161
1.65105042871173,1.56309515780067
1.62644236931073,1.53684561734627
1.65989086268254,1.55642710455832
1.36448443910127,1.27042161689159
1.42113019410105,1.35229472364532
1.74253428127609,1.62751860814934
1.49504274682682,1.41645462079643
1.59168370481909,1.47036555573281
1.61438527843953,1.5155481528259
1.70997575794592,1.61972690879733
1.48255762948931,1.41858392880702
1.59583710841602,1.49716355803314
1.46382142514663,1.34783952732039
1.41646749294121,1.35017355616362
1.50373700748832,1.39171631029628
1.74593301724979,1.64116773525961
1.58911149503846,1.49057247721318
1.65260725106622,1.55836742321622
1.40641622172412,1.31252430543433
1.6258881039609,1.53202490580043
1.57930785628414,1.48578737157474
1.74630641531448,1.62055804620893
1.58357050308396,1.49866484226621
1.8054590678529,1.69514174064346
1.91932558735239,1.79359428616023
1.47601242899576,1.39842394486581
1.49503052240211,1.41703877694139
1.71866199740447,1.59821733335207
1.52085734972028,1.44353459911529
1.42555521528229,1.34251946693371
1.38612254842221,1.27142059105816
1.48781171335085,1.39876709999399
1.40972725696365,1.31782970707213
1.64519111959352,1.55023038108456
1.62555130124952,1.53617780234259
1.78060557422426,1.66353937472097
1.56073445980862,1.45216628706831
1.34306254778614,1.22101697760548
1.66945992824726,1.56931936369561
1.54563140396909,1.47052855343281
1.48598828689997,1.39418560187902
1.52133053096061,1.41189112650117
1.65996665087228,1.52688403450105
1.50657159903451,1.41976834847261
1.68792178782027,1.56486672381342
1.69925413800497,1.59177991811847
1.9016580721856,1.79059860067527
1.595086391633,1.49464309840944
1.62704043727857,1.52945940733898
1.36813563864071,1.28154891627786
1.54738575919268,1.47036411968556
1.58184033627033,1.48938520290364
1.42950433001948,1.33205593636643
1.57629797427017,1.48650104940371
1.64564754485842,1.54609084717252
1.84136050644981,1.72963993597911
1.72435485324225,1.61624170412155
1.48374178474127,1.40203811511695
1.62215711312757,1.49578268928145
1.65992138258939,1.5649608073395
1.63628568569047,1.54426938161792
1.66105058396238,1.54619153702404
1.70893169706131,1.61471379294393
1.61614913111518,1.50553497022602
1.67913159689313,1.5779205879021
1.5460988802973,1.46916151827652
1.70330329457364,1.59335742369953
1.45370291192533,1.36113417050079
1.40664144159705,1.34229709939137
1.65536953932207,1.53597265345883
1.53199358002064,1.44081989080575
1.51560569452623,1.42027579315277
1.36597626306698,1.28885833953497
1.61615703105096,1.51421590364038
1.58518912567814,1.45804811789566
1.70111057786551,1.57353293886759
1.63348051073262,1.52209019542867
1.64222226212339,1.52274108675217
1.52669510366008,1.44317377608674
1.70431240418971,1.5861017852236
1.68553814790711,1.57801878501781
1.67834902249639,1.57776528561559
1.43544148984191,1.34029752375988
1.68044907549455,1.57743440539177
1.54293598166572,1.44290913441745
1.76131926406646,1.66774455424356
1.6219885134696,1.52339014780866
1.55967722378918,1.44940321957623
1.69216172438089,1.58685805974078
1.65834060190558,1.57122514913609
1.4550126715813,1.36399659508344
1.46087076334192,1.36334654546567
1.35094958299432,1.28248800914051
1.54211863631067,1.46892676814518
1.67676748086071,1.57173741782704
1.42923840735812,1.34117845810681
1.39643094759808,1.30956020983663
1.55589195708549,1.45656017304642
1.58269064698674,1.45225744023622
1.52183778341435,1.4294758403591
1.80911083489345,1.70454052064463
1.54895576249063,1.47118966197596
1.51574821702725,1.43352515474185
1.58278967177444,1.46348878119073
1.48854084136439,1.41538247593827
1.42978434633665,1.34606729096089
1.41532578291268,1.30774963675115
1.69402223475658,1.59241074381721
1.65093311184698,1.55129038728036
1.32705380916214,1.23453039795811
1.48302736612317,1.37556658971663
1.74091195066161,1.62924635494453
1.54126856445005,1.43411151397579
1.49523125327838,1.40548235739495
1.60632964966315,1.52559430250523
1.59144034430383,1.51340895344812
1.46131428477968,1.34402334818325
1.62045240456282,1.52767758412095
1.76322640025409,1.66011021527016
1.72523636089488,1.60346025464546
1.51053793174831,1.42801102439518
1.46159376847232,1.38814686464319
1.63497050348244,1.51727051861353
1.55353453030097,1.44996666412656
1.31528140722754,1.24285654036842
1.5138238828506,1.40133399454165
1.46194201602344,1.36984501790028
1.75524819414825,1.65040138495347
1.36667013496701,1.28008709060943
1.62658351118083,1.51894867491488
1.69621403137855,1.58590435871095
1.60100470038175,1.52648614112287
1.33794617266413,1.23048378521888
1.63996492666128,1.51564792506688
1.56362792864303,1.47292083649847
1.39252187012582,1.324304175295
1.50820207904009,1.42996080100216
1.73218869112164,1.62944587652499
1.48021976958787,1.36886422338852
1.78816498549514,1.66251584728
1.48169777756149,1.40538093343103
1.72842856492302,1.62407937976014
1.49682029048894,1.41400661052031
1.50836247429659,1.43035836991461
1.54528065978259,1.42475484405323
1.71935267394132,1.58697219578246
1.67275388026027,1.57555580127704
1.6016931926534,1.5195147450431
1.59673263265187,1.48707744640199
1.58526236007366,1.47359659789756
1.80360578785109,1.67068961777375
1.40167603431567,1.31908778893201
1.46661877066656,1.40846550025678
1.49480538611259,1.38943208557695
1.49142112617478,1.41814978327579
1.69637807556882,1.59016685283418
1.52912037443284,1.42230644800616
1.60727226190585,1.50605501290281
1.56837500812741,1.46557776071295
1.52533904184038,1.45088810351345
1.54161290665088,1.44732150450329
1.636898608695,1.54949804934078
1.59740383431878,1.50786110368262
1.15496158260137,1.06123992325274
1.3937798816633,1.31924437513389
1.56408438833412,1.41406184188266
1.47099055966072,1.37542262034072
1.75131127013961,1.64598167555472
1.57242568122603,1.4837286946686
1.68656152798977,1.58657753979136
1.68048059012596,1.5885698609123
1.39632315593371,1.28380389242937
1.61568173514888,1.52143040974677
1.63279836604625,1.52076543236873
1.43925323812718,1.35616160750188
1.36844188851057,1.28375173039002
1.46727022340796,1.38542383041959
1.80921473149508,1.70826156136977
1.47500299267409,1.37420200099331
1.71670846213231,1.60578864136493
1.4513252488948,1.38318004542173
1.47238208874493,1.36478808085347
1.4365644860978,1.34666196999912
1.41215989601125,1.32389015149308
1.42531953547618,1.32889780792738
1.63277758188434,1.52960443043583
1.53459681702922,1.4269965879493
1.67481580906642,1.57607380487181
1.32156805898666,1.20319486579354
1.53269369659407,1.44168547059132
1.87237467461487,1.76487819240116
1.480780497234,1.40580706238159
1.63682456429053,1.52048075742304
1.57364939284593,1.46977693935182
1.7306828447037,1.62830941759193
1.66437406539132,1.54956232518045
1.59276993934718,1.47796339569933
1.63674033345792,1.54689874980601
1.35792552208681,1.28456921676213
1.55103875946013,1.44878036869136
1.69828790135584,1.60215441986804
1.43237435369714,1.3059136099441
1.37799777130532,1.29943169693587
1.63261247518367,1.53914883910864
1.41523220284199,1.31792092598203
1.33846489715999,1.2461137600949
1.43186916328407,1.34717664728214
1.39707311813581,1.33199391493581
1.60612589760866,1.51031725840441
1.75920779705325,1.64661830544049
1.58963923261444,1.51647135904211
1.62190290979259,1.54049250137785
1.83843922718518,1.71983425067283
1.64652374883058,1.54942507548471
1.58105324571232,1.49957141807909
1.4559959007087,1.38180488972107
1.73626249654345,1.64411561647976
1.4129574957842,1.33667052946685
1.59740018706075,1.50320399742984
1.5000737338112,1.38461665412686
1.48254712763397,1.39018018916346
1.66737306592383,1.56797010337889
1.62506139814028,1.52375093378303
1.84044180068655,1.72153630136525
1.56344041637609,1.44108872955883
1.72304781107709,1.60240254923335
1.67486632562434,1.56589895016333
1.38989977532907,1.30864411856296
1.2529936352893,1.19318243018494
1.59106671628961,1.50589232622588
1.5345716550403,1.45957932482788
1.56102611871953,1.48634725256506
1.83772684062051,1.71699379427937
1.78042246823523,1.6764697213014
1.585000099203,1.48218931315777
1.42282962624871,1.33421769499451
1.04288721647345,0.958772352615596
1.65934651556644,1.56112516852298
1.65683859618141,1.566250554967
1.53617066734948,1.4316509197966
1.54321112255243,1.43278744860923
1.32449568372294,1.25270726315763
1.64459494670815,1.56654454296725
1.48850586302351,1.40411583846858
1.66340487417755,1.5651120046026
1.48203940108321,1.37548443017426
1.45197861639018,1.3532034327956
1.35923365203097,1.29483586654871
1.49072497758199,1.40251563227845
1.52353752383494,1.43129974319242
1.37923023613589,1.29129370576866
1.35252518476126,1.25900543419347
1.67882325128673,1.58126899315846
1.79145947039589,1.68420152475145
1.47791068326528,1.35642014911577
1.54275747190865,1.44172984012421
1.80987568825565,1.69693367136285
1.77621078365045,1.65230802021941
1.5840408672091,1.47075985241748
1.58512313933825,1.49843037854991
1.53112470955382,1.4454098444347
1.68068645495076,1.57010774883364
1.5370747983207,1.46385929155475
1.66245864130182,1.54761871243364
1.72833045422175,1.612127135025
1.60804364397026,1.49580115636468
1.60301265758631,1.48961497452867
1.59835698952996,1.51854064312934
1.49861377194712,1.39284811883233
1.54011054839498,1.43559986307262
1.55552328598657,1.46733972730016
1.70028643485856,1.5951768870454
1.31879197002123,1.22252568300308
1.69894602033389,1.57431917185732
1.46762829693813,1.36217906341802
1.4853128228229,1.38675018925471
1.2795820274846,1.21405412290916
1.61228073529221,1.49641447309036
1.44582529115332,1.34817524112502
1.6549560106899,1.55232220690029
1.44945647874626,1.36718373402102
1.64854076019355,1.53068011829027
1.86442526584327,1.7558102335797
1.61744335211004,1.51864603162957
1.71033697360327,1.62064225956016
1.28086465301144,1.17653022715273
1.72948952354564,1.60898027486808
1.52366867119755,1.41364429033483
1.54691659591275,1.45556996685932
1.39100570443731,1.28908539188198
1.66185949589862,1.54140630031354
1.53582333389527,1.44199240359545
1.4627123814517,1.3670471250938
1.53674694220603,1.4372420418439
1.49575874242355,1.37928317705024
1.65116596342606,1.54452251740659
1.59181003450818,1.5009300300089
1.72853172582444,1.63727454104399
1.46465161686849,1.38595582806081
1.49783240282867,1.42044692211416
1.64574889478444,1.53438303763821
1.68122110190279,1.57352378630939
1.57245800951663,1.47111447986321
1.53867708300025,1.42561331068557
1.54468829183448,1.43048021032053
1.72778310954459,1.61077244926954
1.55504361163341,1.47498234861632
1.7157854605996,1.61076657235826
1.60819394444637,1.52738516383486
1.54544159841058,1.46891224233865
1.4081269446851,1.28718023052185
1.64008519701858,1.53211004253609
1.52262135106389,1.41763130302877
1.70727891907118,1.59475629289266
1.69330909878554,1.57707869709062
1.47542184577466,1.37737040871659
1.70124309209166,1.58241633016118
1.70101154506676,1.60070711963928
1.61534743981508,1.51154044473373
1.69670356014161,1.57224913064553
1.49118947711879,1.40218700192114
1.46047485060039,1.39227443419156
1.66702474095001,1.57148684396024
1.8026763962917,1.69076864532723
1.53204784602444,1.44319133221896
1.57037730545457,1.48043577953855
1.61708385300714,1.49327216061538
1.67305435944379,1.56063135514956
1.39771659855805,1.33459484858252
1.81721245037025,1.70192582865253
1.65901360066888,1.56033140144091
1.74512061994331,1.62694329883117
1.69911984946093,1.59525663748025
1.61327305728751,1.53565202585378
1.52336498222388,1.38314913023889
1.6310546046996,1.53031816624847
1.69749352279265,1.57702815682726
1.33063849445922,1.24576179713256
1.47415974455235,1.39517995562534
1.55065133523951,1.45365876363817
1.53392823775141,1.44873600134828
1.42711298764358,1.33734101559858
1.68138222032081,1.56310170678744
1.54440917894855,1.45103522536336
1.42436247918669,1.30856646120947
1.56559245579555,1.45410924552687
1.42811203636866,1.32674493534664
1.66026672876725,1.5454575916994
1.39513548603191,1.31641798600739
1.46543477212988,1.38574893225499
1.47185483809736,1.37969422746176
1.61702056727442,1.51226346675395
1.68209474625967,1.6009383305184
1.60770762587291,1.49091779485131
1.65264116526494,1.54767969563727
1.58263003635507,1.48117684368847
1.60104814677326,1.51428727445819
1.67095329531618,1.58006238031271
1.48505858492082,1.41055692785604
1.49679088936689,1.41478230487506
1.69207035525523,1.57781168948122
1.48668377222683,1.40786303032736
1.42793666098096,1.33286533612401
1.50289447938647,1.40391634535359
1.18568443294105,1.09126584273032
1.58337785537207,1.46755794576918
1.37775615627829,1.30679410284976
1.74984056116019,1.65113317293783
1.33423478050178,1.26881400991195
1.65284063842005,1.54749988953673
1.52557206672699,1.44068578470689
1.5099436672606,1.43322155439207
1.82567334061772,1.69883610675722
1.45404112461172,1.35741797937842
1.82615681909161,1.71235285726715
1.36636790381987,1.27767027321553
1.50398041397511,1.41233468571399
1.61655485009734,1.52202513506721
1.50130605780904,1.41678327331685
1.53183937282489,1.41972772053324
1.70221414339289,1.61100269039786
1.84126430103376,1.72025814087138
1.63240546183389,1.5484114177554
1.69319671314835,1.59187133470559
1.63371673197124,1.53448799185877
1.62549177780354,1.54074618344016
1.66448861800109,1.55656457119092
1.47247629579555,1.39152063426174
1.44329804984202,1.35096282212475
1.67190978879996,1.55851447007406
1.45541715510201,1.37287570073474
1.58509811140735,1.49004281380179
1.74204730783381,1.63211393561135
1.52199731335511,1.40448548392989
1.56374062109654,1.45718027233099
1.77243376241731,1.65596986777666
1.62049627375015,1.5068079962068
1.42546835101813,1.34567641361273
1.16476873038758,1.05649535960439
1.46645714662821,1.37889485655318
1.49043186724822,1.38399433757211
1.56707110664696,1.46196220151125
1.39232810326069,1.31496092840741
1.46660609310563,1.35533767446305
1.50608652898842,1.42316605255056
1.60344347869496,1.52161737318159
1.77835870672584,1.68302140596811
1.70157878334353,1.59848282842091
1.40570064040595,1.32186833503713
1.88853214616761,1.78116671569084
1.55774637706389,1.46795804872866
1.54720436254947,1.42250648544841
1.41512178096674,1.30741431657423
1.34995607500174,1.26810082908582
1.4433082389897,1.36392280099283
1.72583975773599,1.60601907766258
1.53334311868857,1.45148870345257
1.61589147088958,1.51146177224077
1.54091477763251,1.45518459169811
1.56748004239556,1.45987029420264
1.54256204989779,1.4554431965537
1.43012539673675,1.34691788276267
1.50536812238486,1.41765189699489
1.43511146752601,1.34152054190618
1.66838549637145,1.56167170413375
1.32375431063802,1.22819638989501
1.50598486183605,1.39312109668414
1.41765670520736,1.33580014694091
1.42819697797458,1.33705174600933
1.79315016863124,1.6670904697294
1.54325137810347,1.4703519294665
1.78684131033408,1.68155775180141
1.72567673671658,1.60004740842415
1.61658343835646,1.50958236898558
1.84266142213417,1.73364531122582
1.60244151319227,1.49388553786914
1.62863748386606,1.52137974628903
1.88644016040972,1.77144978135201
1.5931414133977,1.51365770571084
1.46898631509996,1.37304398370517
1.50059980641491,1.41059553771451
1.38093137840358,1.31211174691742
1.73806384998706,1.63294551422753
1.69020993098389,1.58710954428306
1.49318598598121,1.39341582522921
1.10008351902352,1.01368665809912
1.34234730200919,1.27117836526153
1.57707875020458,1.48829765542479
1.37552233493924,1.30291434371643
1.48894481789864,1.41296070536332
1.49533797631984,1.38317572660524
1.53603185697509,1.43226127522889
1.64116846818443,1.52534086375925
1.46775497703435,1.36116198873527
1.52330876752185,1.40313197476665
1.54898524199676,1.45861091122979
1.74028733761433,1.63479414397044
1.46736469844684,1.38031825022917
1.65808201584816,1.54882715943276
1.55701050974342,1.46128113046041
1.53020274973793,1.45135166888006
1.63561536995127,1.54637763566179
1.44029177738924,1.35574979508918
1.46988445900219,1.40058912617926
1.38704024498614,1.31013104416233
1.85243908290072,1.73999236718626
1.60297592275117,1.49591885687548
1.51818016939909,1.42957258520638
1.33013570575912,1.238846600573
1.55643428024083,1.45446096508097
1.60605347417289,1.50509829507753
1.43058998487133,1.32271028345225
1.62706689844778,1.52382833456509
1.46446606668705,1.39341435394217
1.59373809217885,1.50301961469432
1.52958123400887,1.40827062985484
1.61522361014384,1.52346711274011
1.70525142358155,1.58833867391182
1.44480350380033,1.35111608354468
1.35993192992631,1.28003601696161
1.53731612341281,1.46243077110517
1.79361783645885,1.68992261343986
1.59855048809937,1.49570290474723
1.63636544320687,1.53881693688769
1.68807873149124,1.59290649179528
1.47473553362608,1.37799280305348
1.50421579759477,1.40925402036011
1.5973154662627,1.50524532064929
1.81240510339997,1.70565324478857
1.51927758084348,1.41508092228817
1.57964397755949,1.48825289154952
1.49307398693836,1.37678254089612
1.54137172229671,1.45942539753165
1.72548312922265,1.63008471202498
1.63728613303971,1.53642302597325
1.54418917458416,1.45791658643809
1.71083356549714,1.60704319218521
1.5253384424959,1.43141358675296
1.48144264709369,1.38542836922969
1.57585059369234,1.46041408993222
1.5738891888021,1.47711122381577
1.51652347836345,1.43738143044613
1.38951416738091,1.31732220243144
1.74727564094416,1.64615852848819
1.69417535943355,1.57006951343586
1.73902648329979,1.62515258064712
1.72309076887786,1.60674475714346
1.42080118813434,1.33209128978102
1.77744104955897,1.6776368316039
1.47668287042319,1.35045489411822
1.53060532821509,1.43212728223279
1.41502059815301,1.31619791984241
1.49835634230989,1.39953704406342
1.58898077688504,1.49465241446659
1.71136766620326,1.58210786536595
1.69863620142838,1.59519848364219
1.58895879587707,1.50830565157364
1.54217807030708,1.44184070436
1.70584746129368,1.57236076684897
1.37168450894131,1.28450910506933
1.7058733136053,1.57060414801024
1.57245554892188,1.46189595635705
1.51319587603665,1.41637666311406
1.52731491980562,1.4221135462384
1.49979317671613,1.39275198511566
1.6177946967438,1.52166075098131
1.56791148202946,1.46404625324627
1.35432964501283,1.27453013935519
1.44497102692628,1.36804811522821
1.70598936296809,1.59746485827653
1.41840218494572,1.32784975869375
1.50281249816995,1.4229376744173
1.54037527360593,1.45678184746386
1.60745829007301,1.50686919781728
1.56119274334446,1.47453539470088
1.80893289163622,1.68565439891481
1.45376059435836,1.37671582954873
1.52069687575286,1.42767965682771
1.59947433961329,1.49896824991401
1.34367603625713,1.24527964168929
1.72843354455695,1.63494822538479
1.69551743549785,1.58576106016164
1.44643230836533,1.36345040456236
1.65663553365101,1.55865597905183
1.48909322896307,1.39872316679253
1.69289352153821,1.5548833077784
1.45576529826165,1.35484799923019
1.52307004604502,1.43657138763428
1.72995137997121,1.62035903577392
1.66472518630276,1.57946968076759
1.68039240237162,1.54755563429014
1.53388477361512,1.44648606396638
1.52105688338442,1.42961970098368
1.63011135672304,1.51764350801133
1.53224435904214,1.43960393851448
1.31889500684214,1.24281146710909
1.54940673119518,1.44278376762847
1.49803859028611,1.43020730264297
1.5920805089637,1.50398067379205
1.64724096160085,1.54643515080229
1.31385841757667,1.23904298996401
1.3757800928888,1.30339276370916
1.60298314865941,1.51668745420928
1.74530574321307,1.63241275261503
1.33121925192884,1.23336986157797
1.56047731961046,1.42896223544035
1.48964567053888,1.39942001671736
1.7018616955834,1.57295177972256
1.54653802446935,1.44998043412836
1.46151678482578,1.39408232415531
1.57247073674532,1.47497015136581
1.51273044655356,1.4478965661407
1.73987505924628,1.62890107194424
1.69125610569812,1.55703053261893
1.58799029610567,1.49643907483074
1.40365774438533,1.29529769926378
1.34790693081107,1.24965918516685
1.65747434516403,1.5571112619047
1.53914570101052,1.40336001390702
1.40937562312134,1.31859566287244
1.66225906341858,1.54741377648681
1.48249241634667,1.38689729536998
1.72720570546441,1.6051654990917
1.38346132710829,1.30333321694189
1.51028265581795,1.41516616922767
1.50084783246144,1.42985523438413
1.68405607467821,1.56950387142577
1.48019896709992,1.40306544819967
1.49800609687191,1.41851660406827
1.58670288705903,1.48025567409589
1.55212006644476,1.45867821283176
1.5105535048779,1.4047257283547
1.58954738318672,1.46984671139143
1.50539980054685,1.42785944049949
1.69532449247505,1.59313153944584
1.63758891979635,1.54280974698162
1.47331628502831,1.38491783876607
1.55087859815605,1.45130150732497
1.34881341859345,1.28686656850967
1.5769623350075,1.48372120594553
1.72849060238817,1.62549189378315
1.4392814869185,1.3493832160535
1.53740567683038,1.44893482805648
1.62072820828792,1.51105043647001
1.62602000556253,1.52523769383071
1.49988895895756,1.42629486561494
1.55282909754522,1.42919002128895
1.53643679327822,1.46274028976376
1.4790823396664,1.4167239757832
1.24331854546455,1.13210985958266
1.51492666739884,1.44097977147497
1.66747118180279,1.57124752421345
1.46300303583292,1.39054379818592
1.50060933346953,1.40215559543495
1.43456602339052,1.32162685791209
1.60976907205767,1.52382438555136
1.57053276846083,1.48542012587074
1.5555881763482,1.43576799169755
1.67859564356475,1.54680047790781
1.48020019177932,1.3939713637021
1.4662254410914,1.37358794568407
1.66681503880693,1.54982767125905
1.72948093706275,1.61039430840751
1.48273427446187,1.39505272180153
1.5578842465965,1.47890186681737
1.49280175644243,1.40574546400056
1.69670911537042,1.60181167860211
1.58500291199311,1.49481498125316
1.66984840299581,1.5819799447075
1.35005276709606,1.29060288532299
1.60821608085083,1.46844218954672
1.43657654105453,1.36379602054025
1.49990721472529,1.40293204253507
1.7528573668941,1.63460673129479
1.59526568453045,1.49751140607869
1.77711887664862,1.66723258791262
1.3679324377811,1.27141962854435
1.60203304483485,1.51618719974743
1.61943560405094,1.5244667256788
1.65522595204534,1.54733594144536
1.86348231076522,1.74779790119572
1.46992135985272,1.35404819673773
1.59458168309106,1.48036023906091
1.3644520394311,1.29344573702581
1.5982063305558,1.517802835291
1.51861795420779,1.4248680724421
1.7644399349192,1.6453926437056
1.68034657944292,1.56469546981414
1.38189375591819,1.3024783984577
1.56415435959915,1.43349319725673
1.5778087272138,1.4963039170391
1.23601657025389,1.14135880933685
1.24781957894497,1.17585435201693
1.5123370762467,1.41997989724003
1.78052074021129,1.66940200726906
1.41503510235635,1.32554625240693
1.64389111099151,1.54276599800506
1.6451276110542,1.52895588453397
1.50538919660482,1.42476222295308
1.69882784234126,1.61139004326597
1.43264068544065,1.36554502553951
1.47264636614975,1.37458676385196
1.63678519720899,1.54377238917311
1.44455221051561,1.38313639471962
1.47306102424593,1.36993111828203
1.8584086596727,1.74451403416566
1.48062868966559,1.40285407182898
1.51284944964156,1.41717675623321
1.58729420174268,1.48669583499261
1.67682479256314,1.56802651611865
1.56629644400502,1.4767775251315
1.36034275863056,1.26637567559881
1.61746036751959,1.51320103122368
1.6208202642912,1.53324650466124
1.63010250804293,1.51453745265467
1.4201664564298,1.33052652124071
1.65006978861783,1.56461510753591
1.53222427421674,1.44345789495202
1.45612002029033,1.37269006599033
1.60943678112873,1.49875758403853
1.43018483529817,1.33323445391783
1.51982271921461,1.43445736551566
1.56290970288886,1.47386871979752
1.6475724149186,1.54209364922784
1.53174218907228,1.43182290551323
1.36683336251397,1.27927977721409
1.41502312407827,1.35030088260447
1.53233155528305,1.43808749631989
1.38279494994928,1.27587660275987
1.73093133314468,1.6273456254003
1.45221769700588,1.3921594585388
1.62831423798206,1.54154715727049
1.67864020439541,1.57750201257627
1.83521762503539,1.72804257134899
1.54307831715211,1.46765171534088
1.33109149911371,1.21725439619806
1.59654551247798,1.52242349599589
1.72366887148773,1.62139102014373
1.46334321529589,1.36252850695234
1.46174091469074,1.36009514567094
1.64192708793615,1.51953624457452
1.5160057631116,1.44308107047984
1.63610268621991,1.54406882209555
1.61877625703538,1.51671278621961
1.35316249372919,1.28490348152484
1.60947827807094,1.5248670847682
1.68182601474195,1.58807223698443
1.49710183243343,1.39831246274557
1.43974169089154,1.34929195676083
1.62147628676181,1.51907181074859
1.50854086005577,1.43878242526918
1.53507672777264,1.43621086986753
1.58838367792438,1.48436538071863
1.56043739508812,1.47131243438868
1.26440911411585,1.17324345735554
1.70719661145159,1.60390026247722
1.63441825265565,1.53718602218788
1.65481202067152,1.55679753114022
1.6461492926373,1.52639144245439
1.24866331402731,1.15548713669258
1.64292884763589,1.55164718555477
1.40509650473285,1.31767590160351
1.52112892062403,1.42208058612648
1.36272603766555,1.25962943836033
1.50323783336085,1.41450612019751
1.61820426341261,1.54556664071147
1.62839403382141,1.52958563438755
1.70058375246443,1.59025830217442
1.483623911856,1.39867737515044
1.3140922508129,1.23591581854302
1.35410280992922,1.26920676930684
1.54720294480319,1.44906207868793
1.39645444488257,1.29966861044742
1.49966278876537,1.39759346067627
1.75530739775142,1.65327794447179
1.58185893482648,1.49734183824408
1.69024982344631,1.5698746201883
1.61704413075414,1.50314152581015
1.41254539713348,1.3266252370679
1.51533914463885,1.42606596387044
1.55111006295093,1.46893569658872
1.48182948511633,1.38767107154823
1.47372736745269,1.40920067932393
1.69853913568159,1.60788257149177
1.81959594400724,1.70251693607924
1.65467325188334,1.56022696789345
1.42502817090792,1.3289809095688
1.67990734963262,1.54793070095199
1.60906058345872,1.5069164038107
1.59752588730755,1.48891220583624
1.4129339167766,1.32667923961546
1.75517007876522,1.63882201695387
1.54423254328991,1.47376752735576
1.74109682967267,1.62328934465151
1.55095304271631,1.44981690248648
1.91461014752821,1.80419544983411
1.54642200337228,1.46504055985525
1.54011847458296,1.45109340273353
1.45271961647647,1.37573901553119
1.39643507126043,1.32858133042217
1.69437953470195,1.58363820201545
1.47799515550374,1.40291278755585
1.62115162060914,1.53120065661856
1.60795583546636,1.48784728480652
1.6961707400606,1.59702127752973
1.32918852513375,1.25825781833354
1.70058172609639,1.58654018964434
1.3721669826826,1.2882550223517
1.38285609354742,1.26443507572539
1.39793549419711,1.33628576722187
1.77550760774915,1.65816946954954
1.65183381031921,1.5676175713276
1.52958138539074,1.44466484378518
1.65976254322163,1.55379526175468
1.50592848190959,1.40141325515603
1.54353354087373,1.45528424300122
1.64274767947139,1.54132487375589
1.50024596564161,1.40237085842871
1.62504388906632,1.50582818885629
1.74992174080612,1.65328015122657
1.53056633133365,1.45152459044592
1.50099709612252,1.41776159771522
1.47272384320498,1.38370088722735
1.50785639071086,1.408445134386
1.60303137384445,1.50305403908244
1.44846870931178,1.37319513760591
1.54285197930883,1.41516074351983
1.81452043025009,1.69963778788705
1.60286043554462,1.50642363943813
1.51852186155217,1.4262301692127
1.6513962244482,1.52585556958854
1.5824168961465,1.48368858254063
1.5920852695764,1.48247595795854
1.451767602372,1.35409898612721
1.62625348889042,1.52785179236489
1.51606483834773,1.43134376629336
1.72655339633882,1.60974384384292
1.79032601461357,1.68039133250727
1.51873253753026,1.42720281501106
1.75868411809482,1.63271886425939
1.56765852445606,1.47553146935639
1.557308006441,1.44442741633008
1.45532484297552,1.35051716523045
1.48203370501639,1.38480324447337
1.46635784128799,1.37771251138065
1.67751117622746,1.58701232295538
1.64108768235666,1.53501462038192
1.47295473687182,1.36911253619724
1.44171472856653,1.35659495244028
1.56297346201864,1.47988399300678
1.48745949678594,1.39976789853099
1.60365691170218,1.49448106773045
1.65355836278781,1.56139753375168
1.59154619196227,1.48364373090503
1.65355820148107,1.52469759369615
1.69215515597552,1.58391335904205
1.48082312933823,1.38248966326649
1.54449814870784,1.45992142196705
1.38972302751618,1.30722663470627
1.43886975646799,1.29686400510126
1.37928892689077,1.29427816652909
1.49276207763543,1.39230916130099
1.46963999878621,1.38149292301607
1.44540925282812,1.35195796048106
1.65163460247947,1.56351731564181
1.65226371478016,1.55523504760401
1.54016717464742,1.47010355764915
1.44281095434853,1.35928243966406
1.50064821243602,1.39367863383608
1.51573463596313,1.40516057098798
1.5429830981435,1.47356874115165
1.406154493822,1.30326443775393
1.81373813720702,1.67946180286606
1.40292976977402,1.2941968706794
1.60552593681879,1.50435833869969
1.69983356877676,1.59379116097346
1.41202589269641,1.30309538086945
1.58121730563288,1.49834143333288
1.67972185034672,1.57062409557733
1.35942792997444,1.28393026197287
1.50739829929512,1.39026669490777
1.59915916154632,1.49781558843257
1.72974677510361,1.61825001838977
1.48885830430827,1.39370839557043
1.51244608411469,1.38266098520803
1.62573984452154,1.5280122316985
1.72735381399327,1.63892585085084
1.47607707586924,1.40208483444516
1.54864035196409,1.41633938701123
1.32361985821624,1.22963974723917
1.41978287740621,1.32168549039767
1.4973062031527,1.38466493483962
1.68274281929189,1.55599462485015
1.49824112084011,1.41263167869611
1.53367969827172,1.41118958500118
1.48541523144786,1.39440892519565
1.68263341612166,1.57070705103971
1.7445111928377,1.62088854444393
1.26939198741976,1.14155801663552
1.48875958046913,1.39220760508674
1.61570681151882,1.49560792360496
1.5039365235567,1.41736790836159
1.58540268550004,1.48334998846331
1.49879249031927,1.39724558605738
1.7686778549371,1.65362051127546
1.46384411114997,1.37221501354046
1.8470225742333,1.74493167455374
1.73387798759181,1.625381570087
1.69824897286104,1.55504111027823
1.48625693271882,1.40565332513825
1.32269986232385,1.26577843789553
1.67502085226329,1.58076696658225
1.47528625069943,1.35476055517705
1.72938236649388,1.63414318542769
1.45257030947517,1.39257059317437
1.64750420504475,1.55374623745135
1.79739575459715,1.68451170573994
1.62443519887175,1.5219173513097
1.28738009754417,1.20103940489743
1.3939371054019,1.32680113176052
1.51363610731901,1.41861712643553
1.67165405338401,1.5665667888403
1.5957808840313,1.49447859065639
1.73719500618138,1.62535069568561
1.68439924277295,1.5793092809932
1.71632172666372,1.61343402382929
1.67733764629752,1.57549592638033
1.63994129896751,1.53959777272702
1.51063987408395,1.43168898772743
1.62637854331585,1.52976079144306
1.63154923073522,1.52999458338579
1.58267752954264,1.46584076030863
1.50078163283312,1.43441248387457
1.62520259178422,1.52072875093949
1.61553678501642,1.52876276496263
1.55915789436358,1.45888689392523
1.56991334198525,1.48246674530308
1.57806633773021,1.48839182897392
1.67999878669299,1.56382471642148
1.38555287157156,1.31804537052132
1.66576090528234,1.56442950887603
1.49352866799966,1.38677462337025
1.8846820369426,1.76300019208146
1.46374978492186,1.38634666104067
1.36631427568697,1.28454532868737
1.46327263307087,1.38310604160914
1.59522530636121,1.50062357894235
1.37050489663411,1.25020058204601
1.46894373625196,1.38856322300933
1.81609442006836,1.71057085188399
1.58125550900194,1.4513058881092
1.62313905978487,1.53172410636567
1.57026067503802,1.47354856253542
1.60074325366741,1.49091013526982
1.42967195060802,1.34468613081207
1.29141860745242,1.18505431747391
1.58331458240761,1.47389497383017
1.26566766137668,1.16987416573542
1.5292891367097,1.43624846542417
1.75397713444574,1.63065179634261
1.57497248017981,1.48766289795801
1.70898386855265,1.60910163799476
1.33590173341544,1.23946866099217
1.6493580828782,1.53777582617762
1.52975001186268,1.43137965579371
1.19147855957156,1.09126157634128
1.64343908652515,1.54261849771224
1.81271225174605,1.69438303567054
1.59692294426738,1.50159526872577
1.62887888498174,1.54879366530134
1.75800033791198,1.64283893600561
1.51386151978627,1.43130209062193
1.72761011816459,1.61770162403344
1.53756046478689,1.43230543512721
1.70542659793337,1.59096885997809
1.66576769155793,1.57888546772229
1.56223389786709,1.4591434631321
1.64642709860441,1.52255217273169
1.59326099003472,1.49686243724375
1.75748888281845,1.64525879876018
1.60325171004062,1.49857876974492
1.70854182028285,1.61044688473844
1.70148792080396,1.59037553032315
1.56668322252624,1.46638821705945
1.67045961774107,1.57439200857743
1.79702688110251,1.69251314832553
1.52715550815368,1.43741053069902
1.45118744561781,1.35273487809788
1.68922768546646,1.58088058992904
1.53066513148437,1.40542842496809
1.60230207675812,1.50105143917666
1.61808635101303,1.53150565647901
1.4197756498312,1.31432621378049
1.52083892986059,1.42687732522921
1.58569087781672,1.479907950455
1.61519881113152,1.53518628714412
1.64031810576007,1.55008808419451
1.64091086152681,1.53817806670364
1.63182134629054,1.53729575043392
1.59586290202051,1.51014639730039
1.59198517213186,1.49607352760929
1.72486829622525,1.6164912472498
1.75376172308795,1.66180187378686
1.44408142449473,1.3614196651813
1.60902783414207,1.51877991962518
1.72956294007214,1.63891648720307
1.69604865244625,1.58240959453375
1.50475642304053,1.41766322789067
1.42880075328535,1.34330198862427
1.49807610022645,1.39226585239403
1.32241843418449,1.24121783794806
1.72162823252631,1.60882075872619
1.54779407327495,1.45598607906376
1.40847130019542,1.33385877153062
1.59374348601229,1.5254063955943
1.51995712558718,1.42515803532153
1.56806641750591,1.45139616899635
1.49792722496777,1.4017714114844
1.47398656368659,1.39009175364011
1.47306606259489,1.3833735755777
1.4865385776198,1.40356513200682
1.55727366266498,1.46997518872031
1.54236936038936,1.43571674057184
1.7415423646556,1.63735444207353
1.4591122143516,1.38079182158978
1.43606011593736,1.30127153765388
1.56110153813399,1.46785305622244
1.40241296613478,1.31623008372918
1.63797132310714,1.54891122340727
1.57708634055585,1.49355677300147
1.56543989353601,1.47943622182093
1.82943297579816,1.7339210742643
1.49800114084042,1.43151834861866
1.50001105182329,1.41187698195487
1.80178817867935,1.68334649155567
1.5276049723068,1.44399825506
1.67854444449259,1.5604162092175
1.61119170317754,1.5272010461276
1.48927692157695,1.37709378145837
1.78793363976675,1.67436745707289
1.54888423096939,1.44447575164136
1.55061626878423,1.46766278692352
1.61202843352254,1.51871501201948
1.3348979724217,1.21090959575638
1.25708364174597,1.16470017567084
1.66079274924885,1.57052652164565
1.53161035084907,1.41606567155017
1.64871050890245,1.55149325085944
1.53888670109188,1.44301604433555
1.57098520005727,1.48231216703478
1.44069845172216,1.35858804956895
1.58988185671795,1.4905090191571
1.51745617184533,1.4115707661671
1.58729221983101,1.50181612759764
1.32064016504961,1.23994382617564
1.45436537630009,1.36922608117102
1.55358878651425,1.47013898507565
1.51793594733831,1.4301008183434
1.55126328482626,1.46151505429025
1.42397460501062,1.31649125816375
1.4958282856536,1.4149881548583
1.61693000135343,1.50893299825789
1.71612582681738,1.60491040397869
1.45226044382775,1.33358921311156
1.43271890021314,1.32633195342676
1.58380967102057,1.4930499332178
1.71511423509655,1.60871697597175
1.54313977949588,1.43172167774362
1.39750461090427,1.32539686791426
1.50547770222919,1.41261722948613
1.68792677970959,1.57687585682369
1.63202850625083,1.52802412974058
1.72938956736374,1.64291284291209
1.50758660229252,1.43047725347422
1.73508468982077,1.63481367880204
1.76076335701276,1.6585833329255
1.53632767760372,1.44988336308382
1.61526763511997,1.49841839472517
1.72652586445714,1.62150073690924
1.52385441292058,1.44701170671037
1.66697819778659,1.56818776697728
1.60687115632362,1.5010621884814
1.58780361207131,1.5012229228591
1.38802327080754,1.30728946372382
1.64390162925418,1.5546939114518
1.52603083949776,1.43216982239548
1.7102623288022,1.58573109182845
1.66393288070386,1.57122045935586
1.47661815877677,1.38256473444882
1.48965840618502,1.41787761778911
1.56809723727445,1.46779095453608
1.62787294618564,1.52403406900481
1.61355585405131,1.50897955118786
1.72531500384307,1.62507249223349
1.44271804594519,1.35253619281457
1.47574675079527,1.39698070914984
1.70553188102861,1.59304872283703
1.56820135254737,1.47843017223787
1.29657116860112,1.18412911687228
1.60745834373965,1.50592722747713
1.72859997956272,1.62003651183575
1.43646518394562,1.32863279280157
1.57219463531181,1.47922444507579
1.23166411280487,1.12203430548373
1.58496074629343,1.49358118162435
1.30893793610327,1.21601854276023
1.41482180481941,1.33375505255764
1.44184864166615,1.34750391312866
1.87117537524484,1.76139287391608
1.67747805829927,1.56786893415639
1.57045301928624,1.46652086338885
1.80226386739443,1.69912521606389
1.5489285386166,1.4640669657632
1.83293669247495,1.71953906403088
1.76043727595929,1.64467721603112
1.68236111476133,1.59334883517225
1.65069655429101,1.56259147281428
1.55481993181721,1.4576735050381
1.72874726943757,1.61002181112828
1.61635057964577,1.51805769673414
1.49095481717235,1.40337626811092
1.24629087564312,1.15424631695843
1.67297993298799,1.56617729404908
1.6214880084209,1.51980680998177
1.70227237719812,1.61204720028271
1.64962799332282,1.53515110386186
1.30999957739337,1.24683835399602
1.73669027416745,1.62714325960183
1.32450390831975,1.20209810265782
1.47231393832894,1.37091680581958
1.62686138755659,1.51225056375968
1.74616580965723,1.62442679768818
1.4150746918972,1.31861583507206
1.48547249544303,1.40626949051697
1.42725185973041,1.33288357057256
1.54364897655346,1.45396565087612
1.55727040976571,1.47126079541132
1.85147580362101,1.72717465560119
1.40217673945051,1.29640445479734
1.70778204422167,1.59858270848081
1.68014965748869,1.57624914392644
1.49810174285557,1.43299645515588
1.6849897433409,1.57043464040079
1.57996159100363,1.47996635540708
1.51743699674665,1.40246615601452
1.51040039333979,1.41859828822143
1.54043137306797,1.42180569599126
1.52159912117807,1.42641607211689
1.51082651163831,1.41357712872749
1.4704244570095,1.35838629279392
1.65124382562666,1.54568525154422
1.49786790427495,1.42044535404053
1.55424772722259,1.46421633670583
1.60912283998807,1.51127372021348
1.50466707372892,1.42578126919058
1.43156776794154,1.33846158234142
1.74718978571967,1.64732686164186
1.28802594978872,1.21587624786093
1.58426873193139,1.48797520756106
1.61206665447357,1.49949074988264
1.35876995615889,1.26832189324673
1.54839747947031,1.47918537516755
1.46173590922389,1.38637894992012
1.70609234925114,1.57301496955379
1.29277660306883,1.19303131118667
1.66431268328503,1.57437313839809
1.52656785230966,1.43543282126799
1.53831554788982,1.44525300204388
1.66171091833329,1.53435972267966
1.71247258935388,1.59330258413584
1.55877652039967,1.47116936191421
1.16341161779495,1.06326038073553
1.78737042524534,1.66959215776571
1.67967453699866,1.5683515524727
1.60794970944117,1.49434551711033
1.59278495564796,1.48114478895089
1.53049400468995,1.42661645802816
1.81886760951811,1.69733169130071
1.6504466143395,1.53763110558151
1.44001339226383,1.33891324097351
1.42150265113763,1.32969527839419
1.53078548255259,1.41843508152596
1.58031209993444,1.49482279456458
1.59275627673006,1.49139712181358
1.35448133813759,1.26030905938842
1.46656053860337,1.38575952939668
1.6913668286042,1.60000397727594
1.70986165515643,1.58588972817112
1.65986877589013,1.55969587454517
1.46025552511653,1.35690802551654
1.54701591509962,1.44751880664811
1.52580509466022,1.43530100689656
1.59198782622381,1.49788345150107
1.68199492527279,1.58154357630143
1.71873622130674,1.6182971559934
1.43632575032328,1.35659595417486
1.60448203072845,1.49945492887437
1.53003939361125,1.40758681377375
1.42275914809474,1.34154320525094
1.42476626210937,1.33811837073193
1.68936764414327,1.57435244416796
1.5122470103478,1.41652303082329
1.52950023665486,1.44946563159361
1.68164313270515,1.56159349018817
1.63165239513696,1.53586710978527
1.45831381735079,1.35706039137462
1.51771819662658,1.44297741024077
1.3881460080449,1.28591513334575
1.6365437987445,1.52647254474555
1.58258693542112,1.51329440561507
1.73036422552507,1.6340792461593
1.41931275662247,1.34896811056093
1.60533590779057,1.52372460748865
1.35705373658451,1.27425806940705
1.49064278096686,1.39984038925217
1.61930386626599,1.5334811414142
1.533661207383,1.44006768587435
1.45258862659012,1.35516048809977
1.68602949365904,1.58917664726909
1.59088806839737,1.47621073286496
1.76252619674527,1.66531422792892
1.39414350357262,1.32275921070461
1.48708542886351,1.40656332055732
1.38660079480066,1.30501364562314
1.74230913606731,1.62408715961637
1.63459205951684,1.56758109944521
1.45555230002058,1.36718806737434
1.53565100476886,1.45242364410636
1.64824581702567,1.54665300570139
1.61576337740272,1.50826688681806
1.68218458224174,1.5783143001167
1.45895657819972,1.37728908656654
1.40837561328992,1.33019879056047
1.71465444586898,1.61379349419464
1.62048990123348,1.55126353772071
1.5311703794797,1.42744180466382
1.60416654157718,1.5200017635842
1.74102928332151,1.63668799424428
1.44924979496387,1.35233273869555
1.57245183799287,1.45160884801327
1.66500574463553,1.53031223148694
1.46868968956311,1.37640978857224
1.59333762845296,1.50510216897653
1.4977673149955,1.41461066856162
1.44462706445251,1.36786137945212
1.68740175332806,1.59797236961644
1.33832118469795,1.24680478493668
1.71339146456489,1.61081276536329
1.42654790375317,1.32342598066709
1.61943937866281,1.52132380734132
1.51759180363093,1.41977042989663
1.46202307819273,1.33569720160666
1.59895200463811,1.50803501553688
1.66779440051781,1.56535744546442
1.49860499425205,1.41291833793128
1.60159407732695,1.49545835246574
1.58081497025454,1.45940060077199
1.40141794961044,1.2830899158332
1.58621986091682,1.49790881614053
1.50960066589386,1.44166148392344
1.57826737837581,1.48283655407655
1.54594015282241,1.4382755192015
1.61289298604259,1.51820243964663
1.79122046160825,1.68505104897369
1.36049683612696,1.27864441320683
1.51524067934101,1.40906642882258
1.52081487112372,1.43354259575951
1.70021028956666,1.59149408198858
1.71914430783369,1.62937165871756
1.71131336878206,1.60162987413581
1.65686643835076,1.56678171009428
1.6451296023682,1.52219555355759
1.57338129751235,1.49431081008319
1.6179891513142,1.48932278609179
1.19502910960879,1.09540328875821
1.63230958296785,1.52869258216103
1.71864006014652,1.62171808026418
1.45790066251239,1.36806996790326
1.61469229329612,1.51413013690073
1.60432551689852,1.50156570218597
1.59303061477765,1.4863725562075
1.73834572844892,1.62031855482508
1.65241015788579,1.55076577326813
1.55721410888135,1.47624913671972
1.60279970980667,1.50708697243007
1.63990802968974,1.54564587598013
1.4117114986628,1.31769676932203
1.7570252365444,1.64890403897045
1.59061606255168,1.50078704425942
1.58993219370934,1.51465975452992
1.5014940160328,1.41208723479425
1.36149429942482,1.25870914432347
1.2681453001879,1.16099204891998
1.5002311458429,1.42006431928739
1.5616929752518,1.46568857184651
1.52879256654439,1.46053285093285
1.77686839463249,1.6854823914862
1.62280783654536,1.51817177137502
1.48797818795922,1.38768371990592
1.56791445418906,1.48565521637065
1.20002708195338,1.10451292430827
1.31133966518628,1.21713766164037
1.61049847918791,1.49603968666488
1.47253576628896,1.36617376922426
1.76754590582452,1.66310489521267
1.54114532899418,1.45214046107523
1.59719630075103,1.48918907153145
1.53512912468512,1.41753013642451
1.65341416187256,1.5495713773267
1.72905365735586,1.59807897279317
1.40215068911682,1.31709733980948
1.62030759626382,1.52155076647552
1.58880746591606,1.48262868107152
1.51993264109889,1.39923537010306
1.68331485754212,1.58907195936208
1.59929544054906,1.4945113051556
1.4491768054602,1.37191844020298
1.50785626694041,1.40559780029969
1.73141698520363,1.59318984760278
1.55687748611204,1.44982676625705
1.4109457134205,1.34872245091823
1.59599949021307,1.48971034152755
1.50104741755929,1.38123255891272
1.47658276816282,1.39360125921757
1.61811030699592,1.50676168333454
1.81195396896255,1.68745451733741
1.6653795093942,1.55814897142508
1.60104622130291,1.49178217199546
1.66329899412695,1.55367073978606
1.51764609402494,1.42032828763795
1.44177906658757,1.33280173449818
1.79737910362096,1.67989487441911
1.32305995800658,1.24570617838508
1.30415501963562,1.1824407827972
1.48063953537764,1.37936683778637
1.36675519647804,1.28172286880428
1.45526395240048,1.35648752908751
1.54937754090907,1.44145809535643
1.60902652120331,1.52345693694874
1.47421608648876,1.37007095422619
1.5509414545781,1.47298865537466
1.33223981967898,1.24427379072254
1.35002268196227,1.24680277618333
1.6901342007587,1.57575668985191
1.45428165361785,1.37810296016507
1.28749869448918,1.19783897727919
1.42963678525617,1.359138956589
1.62010219698212,1.53400040191154
1.57780847203539,1.49215024101261
1.55795088555114,1.45715534691828
1.51594818693112,1.4159049014008
1.59829725169657,1.48610796320867
1.69848728787962,1.58599495434163
1.49843853010864,1.42197624255447
1.36205269140527,1.26321659907684
1.52960247928535,1.44948893901968
1.34847379822345,1.26817301220255
1.63907351636164,1.51069497649987
1.74830629625688,1.61944586219269
1.52166153584531,1.45106537831303
1.62395715375036,1.51819525831014
1.72556969105833,1.62979942805983
1.58300398596253,1.47666854540883
1.29386743453627,1.19922920660598
1.57181073535846,1.48734120297935
1.68562420647179,1.58781314180063
1.55688384939108,1.45280260684648
1.63942395127133,1.53550817265151
1.67632983180576,1.57323598986555
1.61289845634898,1.51148941912228
1.49315601877502,1.42609388719995
1.53099110422702,1.4514690495947
1.57798715536968,1.48829905507876
1.73635552842703,1.62125239366627
1.31856092453731,1.21810202668299
1.38676862008453,1.29323505630605
1.28420616751482,1.20715422090722
1.58750582982253,1.49431505794117
1.43234002575181,1.3471743876995
1.33922379038287,1.25253311136212
1.75672326460891,1.64633040202383
1.253034211636,1.13416037612455
1.51237548845995,1.43480630005124
1.70207643868175,1.60140032149463
1.68675110314347,1.57616377471668
1.59317856233635,1.50973179127889
1.60548896525725,1.50539944225706
1.72566996945395,1.62124269569622
1.70514602682074,1.60731651473266
1.46780344468011,1.38966773222494
1.69025817464235,1.59405043097578
1.62611739136275,1.54061599217832
1.57743125915079,1.47629454672184
1.49143984525332,1.41336954679818
1.70644853430416,1.61014530677191
1.47571839778024,1.39151094724579
1.5743959868421,1.48475279953467
1.82067618265162,1.70455018976414
1.7705951681975,1.66453624955229
1.79626019446973,1.69042406116375
1.47426577713113,1.35754078843876
1.69474406626269,1.5676851654088
1.4752996755962,1.39363469302045
1.48270934851973,1.40826938424666
1.65271375513149,1.57223942289011
1.63803058219661,1.54693079284864
1.5687699223147,1.45609320495123
1.83726452709977,1.71989082183812
1.7350303173968,1.6259018158635
1.37828296349339,1.29585993802244
1.49082145648268,1.38557131103431
1.40590868391331,1.31106426370277
1.55187928530402,1.47036831595462
1.49020013642739,1.38913500797014
1.48252810711676,1.37086883796661
1.58375734179246,1.48503691251635
1.5665284760168,1.48229655105234
1.38928615559928,1.31030449092817
1.51738943052412,1.43003941034423
1.62709233223703,1.52572965582469
1.75393066395057,1.64127517737633
1.42309161358064,1.31286486614041
1.70233619073544,1.56722655104061
1.44159183049567,1.34987719078492
1.60697726584957,1.50690350782248
1.85959448825192,1.74353216501864
1.43408243037256,1.35653395755045
1.79293391943975,1.66699289634082
1.7470310552032,1.63656524757335
1.53644254162286,1.44629675871882
1.75201406345336,1.65022067810036
1.43991518021515,1.33516266061668
1.4917962131986,1.39808074410051
1.17039113566486,1.09634819661198
1.54840202992517,1.46176535405095
1.58315283611367,1.49451011883299
1.43159284558237,1.34586251462997
1.66600127172445,1.55974308437934
1.74714381353497,1.63112758568135
1.55470629238479,1.45813895215107
1.70320923497944,1.60852090250567
1.83483494051168,1.72404166798346
1.43851446226465,1.35933296538195
1.55127565120045,1.43824850804008
1.70003556237389,1.58834662106795
1.37359962606592,1.28387952210234
1.5007819183706,1.42678218288779
1.75092094019611,1.64592127134597
1.7464927472539,1.62306255038528
1.46734301613842,1.3788573367659
1.57999839420737,1.48539538720426
1.60293214070841,1.51075532621961
1.60072172574569,1.50610812489064
1.38680480298665,1.27978921604287
1.6588030924158,1.56787434330344
1.48007216763937,1.39304438188765
1.45358133950437,1.37404678444159
1.62287762233344,1.54195293043907
1.38421511885839,1.29201198268112
1.59233485959047,1.50417707197857
1.75218969881409,1.64208159323559
1.53921716700807,1.44197514004405
1.65827552236425,1.56052638912881
1.69682696117021,1.60530998582776
1.81429883538822,1.69771636837866
1.57442818744336,1.46888661879689
1.67218424984269,1.57251357252202
1.40715174011061,1.34642179306704
1.32729377361549,1.20337987412451
1.52589420187767,1.42549965523091
1.65314356071396,1.5596227194759
1.66535728328941,1.5767949630312
1.45354441883873,1.37554995315068
1.54365161079477,1.46902086124023
1.36736373742276,1.22116882682767
1.62254794199301,1.53967759516787
1.75549292382639,1.66129244851829
1.59924040268431,1.48967917136019
1.63256252272079,1.52040786972632
1.7113360035347,1.60337340922662
1.69212223347296,1.57721427864295
1.81475769546466,1.70065779296382
1.68879267493767,1.59024210915937
1.4835747446512,1.35526370403518
1.60935602781086,1.51354892469024
1.63685366612184,1.5416894229897
1.78210340204131,1.6791424818559
1.51384460927284,1.42932121669543
1.43890965228256,1.33665262112048
1.46161542686395,1.37837562097938
1.50675057739628,1.42960785674035
1.76203001010826,1.63767401367274
1.53828201437614,1.45144991966913
1.5038840788326,1.41467006301449
1.74277835275226,1.63397286860684
1.76164884983953,1.65965739028049
1.77042393566364,1.67457454878452
1.60587499652845,1.51191267580306
1.58093321929776,1.50126211687119
1.599619686794,1.46376628667392
1.77058797750064,1.65781943522036
1.71484578917891,1.6279362222714
1.65641193415253,1.54918937180779
1.36643188271618,1.29968471179498
1.64939524867765,1.54316802031218
1.58323769772524,1.48411375220524
1.74297016082377,1.65279285618662
1.51308111327174,1.43234886646078
1.39779395801181,1.30094900017346
1.59274438452185,1.45390719977757
1.53632738161805,1.4326195142237
1.5728147197449,1.48455716741973
1.68588136299006,1.59198933786214
1.64692214407017,1.52850052871222
1.46609960035607,1.36937153432091
1.54681485603714,1.44268463174625
1.57089576883593,1.46292327197157
1.52163108483145,1.39780868459423
1.44132362946238,1.34388553003281
1.73414223388298,1.61596480336588
1.81587301282551,1.71015888374884
1.60606548978423,1.51994293808919
1.71824457879673,1.61852114830638
1.68719638320649,1.5689763234421
1.61506497682154,1.49459002276466
1.59267840676893,1.50608526745925
1.74055535677929,1.63762752650528
1.64765457916375,1.55384310335987
1.51379338576481,1.43246137248083
1.49311382784325,1.41356381983957
1.55931155852462,1.46280475075736
1.56659917942571,1.4649536064485
1.42914310923803,1.3586358078307
1.41988144246255,1.32654797874844
1.5519772469392,1.44250779957787
1.5525261951111,1.46329819469754
1.65400242356044,1.51232743953329
1.6256827563513,1.5176048709783
1.43993122672768,1.36055158020353
1.5487065795854,1.45362362607961
1.33939379956726,1.24884268050908
1.47384403772131,1.37269770239053
1.31531415436601,1.20451094597135
1.15791095005951,1.06873069503488
1.58479757916812,1.48371734279928
1.56473280835131,1.45313242367344
1.79754178917481,1.68904831462799
1.5920780201825,1.49934546355803
1.73679655184458,1.62455662716894
1.72462159238671,1.61833745999061
1.35093838635907,1.25648138048448
1.62278920781763,1.52683632535554
1.43791172571471,1.3318835260006
1.63386407454684,1.51444857885172
1.58331013001448,1.48630059193568
1.4201406634961,1.32139427664965
1.53856958221268,1.46789310357341
1.60976844055617,1.53346714104766
1.5209325532509,1.42059565881032
1.42092574317412,1.34623849324017
1.54001528069433,1.43820459073264
1.53902381204962,1.46258679956234
1.48320853430239,1.38892813466045
1.76957512325593,1.67049332230789
1.59002085674617,1.51067415547799
1.71048308368837,1.59122102822823
1.39245944128299,1.28540883751346
1.56327830386911,1.47136288621055
1.72627286452168,1.61492277465315
1.43955404454248,1.35800517235374
1.63063092081074,1.50773914288476
1.47779487162139,1.37697728626361
1.71331344631356,1.61034620018457
1.74942764173577,1.6449385418346
1.86877838998587,1.75476020315212
1.60240406534222,1.50854945090611
1.50327664189216,1.41679972547265
1.47801424442275,1.37143634039713
1.68143711880814,1.59604859616445
1.4766311348259,1.37096801504031
1.58530494569152,1.48910385104664
1.2353501550289,1.12599486180987
1.70045200268508,1.59127071749723
1.54723952039376,1.44595730137934
1.66209000728348,1.5573332567861
1.39085273601407,1.29054544412345
1.83806211158201,1.73340043922851
1.90463583993212,1.79463214614436
1.31874714285852,1.24097346398467
1.46731638544623,1.39941137570792
1.79602871427495,1.69638309929679
1.40387825635635,1.30149562738527
1.57062544419278,1.48230837350626
1.58751820728971,1.49079812934786
1.60327082045257,1.50821532122956
1.62451520130281,1.52579859260251
