r0,rt
1.36760877265991,0.811784613501131
1.72657983603142,0.950051308472611
1.35045697832869,0.810992772052301
1.50757534929598,0.89234357383584
1.7709020446724,0.990461128533709
1.65374349530338,0.904267526093488
1.57007575192011,0.803329576937681
1.5509210534795,0.820621054659
1.60699732879967,0.885690635976686
1.5191984107389,0.855135595410138
1.43185855202329,0.857035506080751
1.68021098901743,0.920235513842344
1.63632731332512,0.872227395185831
1.55279764278587,0.896534153621692
1.66904957987102,0.909281929069888
1.64513162541841,0.966339997010625
1.53143261753886,0.848281502848421
1.40982020929655,0.880619785348067
1.4996189611398,0.832779884738214
1.53475270710213,0.869658553889805
1.45784838090513,0.842628927345131
1.44462134186753,0.858372289207788
1.41062802454235,0.780134503682869
1.37902559909594,0.800820675217193
1.40712046100849,0.82119441488943
1.57959834641645,0.913970878504579
1.56251564113578,0.916793219506138
1.47010075524307,0.813447574679239
1.37781854073382,0.867069944948225
1.56583496572235,0.83504067445213
1.4409456707639,0.7905453304115
1.59123125071324,0.810552247153119
1.40662844158152,0.854002909225724
1.50159773240597,0.87193533517656
1.44390540226272,0.872248871216549
1.54905541465167,0.893114849879893
1.48044262706334,0.8047351612891
1.46944757472132,0.83936439743791
1.40052877677376,0.821946970651075
1.86863771637259,1.04103837291989
1.71746229565234,0.953442313856232
1.31176645699562,0.753237603910578
1.45723705552518,0.799938447317337
1.61593595818426,0.91115158237864
1.69265875891359,0.918714334671905
1.65423878916129,0.939348969190004
1.67515057710668,0.911786354592938
1.59747393921963,0.901888578729724
1.4976275267142,0.814130660303541
1.40772459104581,0.825329521071656
1.56674009107677,0.858794020470193
1.5268879896177,0.922866325080967
1.70180383803989,0.974875160661976
1.64722681890851,0.916295435772381
1.48014303174447,0.846737135339334
1.63504772383897,0.941715770570141
1.52095435699276,0.758624334946552
1.77520025837756,0.958588987032114
1.41422109796864,0.810258328967995
1.4645034066502,0.860743493194749
1.53714822629749,0.8626796581241
1.46438786737759,0.8627031629567
1.46675014691971,0.848910345963544
1.59867936053555,0.898992004424167
1.59670545856406,0.863296752723923
1.26945178476985,0.820586266334808
1.65558228478958,0.956167448563008
1.61932549668714,0.89770253786118
1.69206569180938,0.898435317900648
1.28541932834118,0.711698164454834
1.37052880420214,0.869926156627459
1.63843640498162,0.910053381266086
1.45412342729048,0.890092388653971
1.60690351234138,0.883290419130551
1.56091288931743,0.947779613022681
1.6225153542946,0.948432641349862
1.61386953257598,0.939298724910604
1.49382374451345,0.842623144579005
1.63569747837178,0.926314823968108
1.40834412020793,0.904675717814789
1.83429457314499,0.968294361517754
1.63846028847826,0.901685320269467
1.70501895063559,0.901445707961989
1.63486041073834,0.942213743752585
1.29820227793808,0.702822338239553
1.76560404619307,0.982458567134798
1.60108069878795,0.881075340567203
1.56218895035568,0.866668688084253
1.63058209868217,0.944648436085798
1.54155839792297,0.873987512208506
1.65133192814294,0.901052592073184
1.74160818723531,0.928475665197476
1.72837835704896,0.972450167683706
1.51514229175003,0.869028108663156
1.51414532284648,0.84180687434623
1.50251273827942,0.84517042465252
1.72516915545032,0.930281520101153
1.73259195520647,0.992531156176986
1.43189111593992,0.826395915839347
1.65899636171571,0.926978094682522
1.6857814440613,0.907694788481368
1.58643102673032,0.841939991398899
1.58592606772681,0.899959397978835
1.56600668497478,0.888814245585149
1.42531074241544,0.831330815448185
1.64599675214182,0.843772222530193
1.64272338273787,0.902598246776936
1.52961501257716,0.910440837217204
1.54935775054909,0.9085075070572
1.46358767139091,0.87018870901213
1.48174024116602,0.81385724144041
1.41133825703304,0.862214689332851
1.40740633650798,0.768092731248773
1.63962948852654,0.895241367151552
1.58652045366111,0.889500843755431
1.58174089777226,0.887190887169518
1.52133772813365,0.792478911234874
1.47475351467512,0.824097212334649
1.73374719588693,0.982717201774772
1.82446264524265,1.05033659021611
1.38987641878977,0.735381387714638
1.52182642576649,0.834486049835276
1.5074911978088,0.803164610062353
1.71312282737408,0.939383930936799
1.7799944435947,1.01660121145437
1.75891162187864,0.948406478880652
1.87673033992701,1.0019458610093
1.78692819202649,1.01830797682098
1.74628429096029,0.917148750284691
1.39770432410111,0.872894196721755
1.5756975520253,0.846384478966202
1.60689193497431,0.889132343071898
1.48192621852057,0.795712082504809
1.60612509932026,0.850815481384984
1.58853044285733,0.888006385723512
1.63912946351519,0.923618461510926
1.60210354517414,0.886650112500569
1.6946599583591,1.01000957297053
1.50536535804397,0.854279059943683
1.44201951163741,0.836398689046557
1.51386901205975,0.888902059673669
1.41941221642057,0.877287307931019
1.38915531540082,0.915567930308207
1.53561200912559,0.860096728530173
1.43817567985052,0.798444840805505
1.49356254912103,0.833278260885394
1.57885231038406,0.811304918242266
1.73405509475254,0.960716447101128
1.45349748654615,0.848324508245423
1.61204470441552,0.902273950847869
1.63292010976196,0.911040560791629
1.62049283451454,0.808844760777209
1.45733392670706,0.857522054903449
1.58571324623905,0.846494887514206
1.52300433701933,0.902505753559448
1.52552454046085,0.950974469537178
1.33722777891432,0.767824784819996
1.69950109092915,0.931366188062249
1.52795246091898,0.930362932777996
1.34745782515735,0.909480576639986
1.30305571658646,0.852353958793598
1.27950264333765,0.837076247595879
1.44959405385058,0.878309238436329
1.50350317062077,0.918061768434414
1.52370836789158,0.871464724810445
1.33080122256854,0.753848444213292
1.75114150208924,1.00092554579867
1.7970722831547,0.996706601830817
1.33241054154045,0.733409353855572
1.76401797137233,1.03163101398075
1.36268308941646,0.834511712299589
1.55912792911296,0.895631381320288
1.49294832508346,0.839985664550792
1.49958163435928,0.902378722858083
1.54908316625021,0.861768834696042
1.59536681978252,0.914195711057012
1.31847798055558,0.840416734577873
1.59750169653078,0.867093116353401
1.44902672327308,0.78160123657607
1.56822268388365,0.798359784315764
1.72031908471538,0.953615588147554
1.47024091536999,0.913406660747481
1.66147847139369,0.923248951379767
1.63952223197392,0.908189430984392
1.62449692457228,0.920776898901871
1.34136596353299,0.834629715953329
1.69995154738124,0.884514714343076
1.19524492193402,0.759962350385862
1.53464718639125,0.907790245914013
1.81426074126991,0.943234198593002
1.41470396325541,0.881913854993722
1.54124004897753,0.887598240211232
1.622071355713,0.881065475122051
1.65514613175925,0.999139131367752
1.43660196117963,0.759731866690566
1.49612598115148,0.862950705366371
1.4647844785513,0.832570308226982
1.80917333603483,0.981392673746888
1.74368822648327,0.99933612061542
1.4511158825884,0.876963435196238
1.3468648179663,0.808555062830043
1.58493000108839,0.920911825499716
1.62724699816712,0.943570919140702
1.40736880264795,0.822235400421912
1.54529673452866,0.83330207544327
1.67939371146976,0.906835625730616
1.49802617003211,0.83293532396158
1.67008657924731,0.881312543084392
1.75573085581821,0.982419776317254
1.53989323660997,0.85908766851541
1.64918483880105,0.922534923768594
1.84813490829088,1.02704369164529
1.66644869385631,0.927904221794841
1.59259287908153,0.844986655862903
1.61328662567026,0.846760373783858
1.41838595337097,0.794452519949562
1.76993083943902,0.933804380373937
1.45231251157784,0.879587134826873
1.75228055269149,0.953078110251126
1.56593731782356,0.795298023653347
1.5654648471881,0.81521754494064
1.88834097230104,1.05284110713356
1.51454610535683,0.7678916288226
1.57182295192246,0.867227793707508
1.4761718084931,0.807148230772838
1.72073956685384,0.959680231062839
1.5374933389483,0.917643942799971
1.64979225546882,0.929780346916871
1.42830412308668,0.796990816185273
1.71150160038327,0.964944397614692
1.47435201404024,0.847607706445038
1.60890317876254,0.866688450490246
1.61055566824336,0.952285091554689
1.51398555126285,0.901810651489047
1.4904552033267,0.819270460919743
1.62096433510437,0.852948276254358
1.62041162553353,0.884722791571262
1.56338165177755,0.895674984434259
1.82677744112891,0.999030558181215
1.38934958809405,0.733527989057989
1.57174999724623,0.9014528496722
1.80285410673534,0.983568961449288
1.61189831604524,0.890761811403346
1.48817905117752,0.757850771075959
1.51291016803042,0.889187494708314
1.37546193563466,0.76188111421769
1.58280613613514,0.86377353511123
1.60624407186956,0.936371127523354
1.81881792851745,0.942326912540728
1.695722225485,0.933545433728633
1.82201472851946,0.981886560249869
1.78474049492933,1.04040403609816
1.54061090480778,0.840658340434779
1.80728495352017,0.9978709964611
1.74917753534826,0.925661471372001
1.46337579595173,0.86697849823897
1.59886511089551,0.880151976372633
1.52564896836929,0.885021618147409
1.66760422025517,0.923361154056368
1.61134652940632,0.881964282908232
1.35028752859254,0.735900447343233
1.29017748857989,0.717823993025226
1.57504477137659,0.8394098707808
1.66693167271248,0.952359925215002
1.58932207259684,0.938773028324056
1.66139918821359,0.904700623330913
1.48527817131328,0.908406692339448
1.32366972201421,0.808519437866083
1.60122795659398,1.02535318930146
1.54821063247932,0.944669001224166
1.46903433671831,0.807023344357712
1.69370315123069,0.911892758560309
1.59773433048406,0.835750367825057
1.8290807074726,1.01835363641649
1.61594469331377,0.875807544598277
1.54601894029665,0.836701621234612
1.68661695150332,0.930327730983118
1.46919377721579,0.817317682745054
1.76688729440427,0.95214824097272
1.59442506033164,0.902914827572622
1.60369436656474,0.943347771091316
1.56484479471784,0.92144695759081
1.51189527697354,0.87221806612918
1.47005386338197,0.872815109965298
1.3420204792908,0.802720224147548
1.59961588050069,0.908211770721698
1.6090568547347,0.910190440592969
1.63698175938927,0.910484210640307
1.51890593670951,0.840379987729672
1.1584023579448,0.771301894945672
1.66602729192834,0.930856285595462
1.75943258663873,1.03029221489595
1.66537070110823,0.913731354951213
1.56135241292498,0.878916981624811
1.44010786646927,0.782751971525327
1.67853288928442,0.914361501173945
1.411511863463,0.836874424194351
1.59548022035734,0.885093035969971
1.39195915741804,0.855321123644537
1.47391046322041,0.757133911136297
1.75206683549483,0.969818864011811
1.74582078303739,0.965482219451805
1.65949787188108,0.918962959552874
1.41472721557392,0.784067317080889
1.29757739468285,0.846287086441554
1.59645727221558,0.943207198190643
1.75767760305683,0.941118895870736
1.41953910298525,0.877793336347226
1.38571449988521,0.741308899564546
1.40103862912553,0.90351888332052
1.41447189084005,0.778885578369479
1.44016965049757,0.850009920526113
1.69080051716309,0.906109225326664
1.74122987990801,0.942309194596962
1.28538117538132,0.69206816028025
1.62302985540327,0.922771224153093
1.53804743794925,0.847970095772467
1.70694009553752,0.953984200920467
1.73861792254879,0.959815111277432
1.50913438309722,0.864317612780409
1.71507982107816,0.900139658638513
1.65544455470212,0.918352358475111
1.61533120654123,0.835504199786335
1.50302715342482,0.875415855314848
1.63249079170193,0.890048607420515
1.59950087349493,0.841979759391328
1.68185149391247,0.920676333086019
1.4374024219253,0.76230900440144
1.34130290038186,0.822853410478357
1.69293239352241,0.958772501633553
1.78462469747355,1.0270945504536
1.61244888360815,0.951808897920471
1.12133164770983,0.706567475843891
1.68620517608704,0.904081432993937
1.52939836578555,0.825570250907601
1.3782913162126,0.783557465525199
1.74603476177476,0.916224388971715
1.54778121452319,0.885749018016226
1.47193464450779,0.824191186589486
1.36618956388823,0.738475209121324
1.56340676000406,0.871116950572383
1.84912152301679,0.984334865641557
1.63109768829884,0.929947035684458
1.54045551345909,0.87927581796735
1.47850123675748,0.84947309809086
1.55957561216944,0.872823371128189
1.50071388194569,0.956191598248955
1.65462568302127,0.956642801085129
1.55511880911096,0.881154348923639
1.58279267022691,0.887959218437743
1.64947279713218,0.952537209325996
1.39028824732622,0.808087069232753
1.59963394379846,0.892978310049217
1.70328537728166,0.943113805277585
1.50374350766268,0.86732319021869
1.62725024639177,0.856248912937035
1.51367653857766,0.929728579073272
1.47933255462939,0.87996528785663
1.44129430095116,0.803932429329558
1.68471249154556,0.937579981353136
1.54506223871067,0.889344932563325
1.49544167499705,0.890961575652624
1.45048985239778,0.766974411647711
1.68113246934183,0.902559523728291
1.60717118883267,0.905125346091064
1.62534162128519,0.880017948918546
1.83758950913415,0.993393993894607
1.84852855008043,1.03422905241005
1.56879474310751,0.86391633222487
1.44738215343161,0.844332534041223
1.49840239071792,0.845567479405644
1.51222331190648,0.896879656351997
1.44802973857332,0.839940111402225
1.52413296723205,0.847530457416268
1.52456993615772,0.846327421757668
1.85466237383157,0.975315608751939
1.70288868307214,0.919318162303499
1.66812164281201,0.968660036490859
1.46845535042511,0.837248685272022
1.55620253271871,0.872954507563902
1.67510505254897,0.954650370281466
1.64362917483328,1.00394357231856
1.70667908906917,0.963372908243137
1.51707498694488,0.822734114296899
1.44346793853304,0.832273270903125
1.6573572139298,0.976365634281214
1.70148063674852,0.932206792398149
1.33912529255572,0.723265878362018
1.63507032360656,0.969572060731065
1.48232309685123,0.817803604244032
1.44375187099863,0.763728930277247
1.37320519250022,0.819937955633169
1.60648206870488,0.881918700211861
1.59186027824331,0.924213567586287
1.60927187892756,0.941461670167779
1.68933437561468,0.92343566821303
1.59913092318028,0.890590915417558
1.70589462611847,0.925832621335839
1.55399468054437,0.923640048434944
1.53127962223552,0.874313534879744
1.67886779834971,0.89400492750481
1.58766396141749,0.933055444128542
1.37753433481885,0.741385901907349
1.51035550722321,0.873079230904753
1.27616287261776,0.720153433195621
1.70139271628727,0.982490330117165
1.78350461735639,1.01996068463608
1.6690017124471,0.911625169980584
1.4955061692564,0.898808020321479
1.58051887627365,0.873904679080627
1.48146056950753,0.871210256064587
1.56262591399475,0.942741132476005
1.64782503473538,0.945994526507957
1.55025608272298,0.807275087748345
1.54411617902935,0.880082269587943
1.62546573198591,0.868206288845571
1.4994750146054,0.830486484696729
1.5249045004582,0.908310821183634
1.465753676466,0.866471862315285
1.51683765817311,0.91015949794476
1.42234346759145,0.875657681052414
1.62789377914533,0.89293028214465
1.50524715571459,0.877681011475303
1.4666296789571,0.884098211439706
1.49929341437299,0.819514116747103
1.59437848491407,0.865918535026478
1.45045157973685,0.88326656507813
1.64131988121854,0.986546615271436
1.60758409979848,0.877548333634152
1.65996732218758,0.936307163643944
1.49766915370839,0.864124842181819
1.54166922463644,0.870795025136993
1.4778524571729,0.85595556126544
1.67594060300945,0.946650260339425
1.69900661663196,0.958061437658925
1.52628954668496,0.914923621075167
1.41906631059911,0.785635999143884
1.68023008974165,0.981094987744852
1.4343379145986,0.870767534431713
1.67944678995239,0.964986388176196
1.44107193016706,0.849469570095107
1.62091269294213,0.95444291280607
1.62483766493493,0.917798631562632
1.55834488735069,0.919510681811578
1.63255514467032,0.901460879438275
1.46641796846049,0.87355381732882
1.69746873103826,0.986840559028924
1.67186250914335,0.988461508121958
1.50851912117693,0.824477870635678
1.63317628111543,0.929348265613936
1.51715520400065,0.850890241426254
1.49873395809061,0.961097580434844
1.49180898672635,0.876968119399141
1.54805589035264,0.878200715871949
1.61328145624301,0.960596347913406
1.54274214563117,0.839675311519823
1.46613221913262,0.842479429006111
1.82241192906403,0.959759394214407
1.56045904853764,0.975660713578523
1.52978255202154,0.869428104808362
1.74875400763503,0.903093464973245
1.62019548976765,0.847798257060171
1.48111555430655,0.855798095558945
1.65692006639549,0.905034687500986
1.77126546881925,1.00575381695511
1.55805448700184,0.932131162397176
1.53652593307463,0.801165156767927
1.62703374141883,0.891638777218829
1.5325870849487,0.876957458341436
1.69040691856637,0.910366066784662
1.44708443267068,0.849593335966373
1.60773238850294,0.926002546226618
1.67587390241026,1.00971256488748
1.53488539416572,0.887146894510588
1.54479048318513,0.82244632186363
1.55956962470618,0.89546078933216
1.2084511686634,0.784522366617377
1.69039700709031,0.997207235537859
1.82685038090348,0.942247947329322
1.46525798392263,0.834092580776662
1.4505301697732,0.823442633394716
1.37160128978664,0.832920959209303
1.62504652440958,0.875819697330616
1.59766921998718,0.891506668563654
1.6349727211523,0.930220827058544
1.45017176476886,0.820645217754643
1.53906022228921,0.784972700913489
1.59715151444789,0.907586068970577
1.46925746167129,0.825843595409909
1.62121696347186,0.894623846323533
1.81015969725236,1.02379079219495
1.59682166759272,0.89952536651943
1.20146431800744,0.767910599743651
1.47792859431153,0.860395252468621
1.3931909921172,0.826867296168979
1.42991929376218,0.879590189855926
1.39765990980193,0.923679238459516
1.50849559000828,0.81635929668394
1.58648371344733,0.824460089514364
1.29378374357181,0.751797802866441
1.52533875488014,0.964825423255194
1.61491706607142,0.883286474020337
1.37855522759877,0.724073164026151
1.33457490407057,0.845888842322713
1.38160129376135,0.750624072897927
1.55621612836518,0.83963580332087
1.35675737100401,0.732228099935935
1.31670948375852,0.748309148301854
1.46501671655986,0.880633066440492
1.37132013393345,0.837576479357522
1.76891569498954,0.956432337971923
1.55778016654879,0.932817309053025
1.73591027927442,0.996588374528215
1.47269516399427,0.785891139493727
1.51507425508847,0.854419410344527
1.58991635389294,0.886648488237511
1.33236466582111,0.775105075070901
1.43485179493414,0.889812142059783
1.61988038281891,0.947855026546676
1.48037134591293,0.871406259399336
1.7171875616687,0.924863970216306
1.60978368805889,0.928104458309658
1.56029485383663,0.889324701925892
1.45053056986861,0.832503026041985
1.47702385403437,0.871560033116626
1.72386385121678,0.954833700591654
1.55758848598933,0.896487088551813
1.67876295688516,0.959303427453666
1.6833522053502,0.918338963994401
1.34135236471485,0.8263781976994
1.69057678128366,0.926080612516963
1.48772691689936,0.77534321993531
1.77712968269471,1.04842714569277
1.64355117272369,0.853402468842697
1.61448630951859,0.975386489869427
1.6415068434192,1.0005428825769
1.38884128978988,0.832595040409285
1.63883359822039,0.92720053725709
1.41317793639724,0.893298657681867
1.60889570414401,0.884411828056608
1.71653216523813,1.00774011881311
1.51534494246908,0.866423726102831
1.21648333699107,0.76423215676641
1.50162869630397,0.802342506180194
1.66985052615868,0.917979420595737
1.34863643078711,0.828951025794067
1.62203104837877,0.85622292712497
1.46278954635245,0.829363916756156
1.37106219650603,0.788434141184432
1.36489755618015,0.802916370078027
1.67028740059526,0.923275074151718
1.34830976480833,0.790150669965064
1.43057297164615,0.767639588095612
1.53134918825278,0.915898781917604
1.52194728092706,0.87064333366847
1.66070644136839,0.885565791795466
1.66159429370495,0.901776562809449
1.72180824192112,0.962383849528825
1.59370392374306,0.856522764932529
1.70587216468198,0.970472454826588
1.63038801056334,0.948585189312815
1.56123385889331,0.892210897646414
1.54389763924589,0.911621463586589
1.41115967458731,0.742628323918255
1.51912741654092,0.917516668013553
1.60046563621822,0.934467533569106
1.60717490856159,0.89826570949159
1.31773510586466,0.794369636161482
1.29094271790737,0.772984645740421
1.57281766003665,0.963194968068863
1.49486781992264,0.860164127596296
1.35874774203691,0.801466961844899
1.64680365676231,0.914888062643456
1.78438150652629,0.970983893424242
1.65843520336551,0.942022915276192
1.73094629182144,0.895150348651477
1.57248373625783,0.877169573842611
1.63102021479016,0.896366865214372
1.4959310955186,0.862114885797876
1.66520623341511,0.926148101317004
1.56277602028782,0.878911195015922
1.52155792839008,0.867955708965438
1.58633001783278,0.784848224843546
1.62051129189055,0.899011471888275
1.45658283168183,0.842700980493941
1.78449033556995,0.959143848861872
1.6701641657091,0.920898737599991
1.62902434890019,0.843253266079701
1.52499955236303,0.874293227993735
1.45589455358179,0.81632452784461
1.62466168151565,0.945881250845101
1.11335994903288,0.738019076163316
1.68045183082297,0.92619586799597
1.61620798537391,0.945497494647822
1.64032512089953,0.849871356418279
1.72684710635878,0.941256881578506
1.73135007508077,0.945899200100773
1.57734367190285,0.873654953923647
1.49626954295067,0.830282901133211
1.56490756917213,0.786927519084394
1.55512730702653,0.911702683797558
1.7339891312296,0.866612710354974
1.55416058171546,0.871024991387652
1.63610168781287,0.845836078053349
1.51532971686347,0.827733075920488
1.63197833710012,0.905437244163856
1.49440245158071,0.832494514876421
1.70569145979851,0.927980939421803
1.55827228109183,0.860783896736131
1.52524001518595,0.88208852369845
1.52589343474144,0.842229400910798
1.44833909790597,0.820423242094227
1.39613408539916,0.814455716896006
1.4559719561419,0.837980632219937
1.4391127932574,0.822567647068136
1.49415639421397,0.819724333188257
1.55086617842687,0.899829664733529
1.33932378077065,0.856669883938479
1.59511743704238,0.866642352163351
1.70223204117062,0.914130153416131
1.43222307540747,0.838102889135305
1.70735410940784,0.993102707227652
1.64085925276533,0.921022305833639
1.50695891420363,0.839520848833004
1.64081322259302,0.895285107700446
1.39053328313137,0.853496624003187
1.58451778581624,0.853406185165462
1.71091322239809,0.880651263469059
1.6298609558726,0.916613350772321
1.61107359612336,0.947025311250504
1.53470724715176,0.943593139766997
1.42152910764025,0.80953536089075
1.82727936479788,0.992565669318196
1.81467637556157,0.926798160656156
1.32826388371826,0.756219342019944
1.43171150486045,0.773002632645117
1.41268994430205,0.798050655052829
1.68146312676779,0.867744154099535
1.51670598710365,0.842620470257996
1.68040976722118,0.958176101378564
1.66817465497215,0.860194539452297
1.40227733640655,0.855535356214972
1.57441178756272,0.899765634360493
1.50046709059995,0.818945506249163
1.38800251044235,0.727553879084468
1.691432796559,0.931499444274727
1.75166981338827,0.936457947544058
1.63763369886538,0.887352653744942
1.45894140542175,0.83717096046863
1.6255353747876,0.908310131008782
1.67523515699194,0.887882603194014
1.47072446045084,0.797640253271332
1.51178928542716,0.781441730120645
1.71090014349855,1.03212090322992
1.5548118979286,0.790182643461719
1.69994835948744,0.924426748592716
1.54340191172999,0.879325724293267
1.58896892745756,0.880554242443461
1.90368470781963,1.03372085068625
1.65924651359235,0.842026639975318
1.62638104397662,0.880270439537261
1.51449323564485,0.851677470042529
1.72686937017751,0.994794742441642
1.66588097880495,0.878059302533269
1.79454963470418,1.01225437775475
1.4526183161854,0.798489950730604
1.25704442965196,0.734703101572633
1.62702881088392,0.921846473700959
1.4592237330118,0.729260309726319
1.34519965973501,0.807499452952196
1.50068789152674,0.879594309947865
1.54934295173855,0.814034399463058
1.56594744696951,0.926920270685837
1.30347599909451,0.795744690799787
1.30707128431123,0.797096837093728
1.36780922449825,0.845438971059234
1.60679817132798,0.876411187130374
1.71302975434153,0.969953578863084
1.51926298048226,0.871471313235152
1.7262772542712,1.02943089082694
1.56052146395513,0.924564930183851
1.74884731437454,0.987865463127334
1.63225314883974,0.907343609652238
1.57771630364009,0.868306245472422
1.55469872819932,0.911713732139539
1.51913888160916,0.778839534952138
1.65225781145995,0.886862133298638
1.54899021819279,0.913144829338892
1.58327739699836,0.92262566267011
1.57866984046571,0.859378107761067
1.58279679965707,0.893564855380778
1.40765322794837,0.788901432565041
1.69602809108179,0.951929701370699
1.55402439149447,0.871843225336965
1.63482999179942,0.855440371590753
1.53496593660655,0.821174600738658
1.46905350898146,0.796128061416465
1.54246692660695,0.888029456731797
1.43316410959311,0.831761026477636
1.79110101583619,0.9658766320862
1.53019289419388,0.864602552569778
1.4703682827251,0.840894321407623
1.35271356298261,0.7738077698628
1.56122506133036,0.931262387699206
1.6865049719514,0.916700617917114
1.40922628246454,0.741145422217081
1.41969487502869,0.799848639042529
1.48914914206332,0.863480247304329
1.41700357215457,0.845019771896732
1.58149474856914,0.87737846504153
1.64308885750518,0.904481480236035
1.64765924922451,0.931027467492887
1.42075553328885,0.862428431610783
1.41053417330786,0.747642391246464
1.27195934617285,0.782363910850332
1.55017787625765,0.907513823615759
1.33825098936206,0.781891312598775
1.83844401703032,0.958043357363528
1.43542423665146,0.819453219350755
1.47800114679404,0.882297066404543
1.38734978248307,0.76724382658143
1.30693843788018,0.849404193007581
1.40503182389964,0.788705821375268
1.70846395500622,0.944573119338832
1.43330974272287,0.848511593700592
1.55087358955685,0.908336008694429
1.53572411493228,0.855473725240463
1.68583270702144,0.969283957690775
1.2610784643711,0.762398245308796
1.49977634151602,0.911624027720829
1.42812311732404,0.775733804383083
1.52126875909368,0.847269243719901
1.24945458564934,0.752546412052469
1.52121111226115,0.867313143116122
1.71488131642288,0.954413750864627
1.68093049033317,0.922969939737047
1.44576785002369,0.878417442934228
1.54371112290483,0.901844772512366
1.34549585120055,0.831666263562701
1.50464747604983,0.788988340367138
1.46127531818534,0.756822197959467
1.69993572578445,0.916651159931871
1.60556650470191,0.908663540487317
1.53857210922568,0.895948168123674
1.37906742500529,0.803535026999614
1.33203754440228,0.721571538932913
1.7022549604461,0.929836343866784
1.53121627953175,0.865750914907794
1.48390024997062,0.896491732459487
1.5558829299081,0.856460529698741
1.75399695334305,0.937727514904194
1.36491837649594,0.766889595171456
1.68596055637618,0.913197730415701
1.57764995567235,0.93748960831372
1.75226396149826,0.963369753202388
1.58838424018828,0.917724818049282
1.55343615111393,0.876722049451589
1.52408939792296,0.901790287379986
1.52098888349999,0.873348653697372
1.52323247980872,0.864030718422786
1.5293607199568,0.867838544773969
1.51488817361849,0.874407201901738
1.61316049588381,0.929990755138856
1.57120573667921,0.925873367932159
1.63375077841671,0.919416627226956
1.49145235187673,0.865896749304959
1.65040301496907,0.893445685400992
1.48278068471911,0.833837826187923
1.36886454975343,0.842972719093825
1.78332732286715,1.03249221315934
1.54885534480569,0.922940323639677
1.52441462931764,0.8531185709499
1.53681006341223,0.889272080795247
1.34247816104266,0.816890535974355
1.61416211970231,0.879525681909397
1.59847347959371,0.903642659608188
1.50878152660359,0.865837552888604
1.49153106347985,0.746386519713609
1.58351237295233,0.915833699885737
1.71130159912391,0.925492593711251
1.5533848763169,0.892904572085075
1.87158480997267,1.03856388877343
1.45812303272827,0.852164000016169
1.52191914955594,0.811981441663331
1.4089041529408,0.907636110899039
1.76008225252391,0.920048497019035
1.63510955830482,0.88550668914383
1.45199669347785,0.865439730384149
1.65733204612782,0.844721586794722
1.64696593504225,0.874170269713583
1.69055328015633,0.902591298555146
1.56622941959257,0.84832130391414
1.60168673493934,0.925520864291408
1.55312205253822,0.905324936293915
1.73518451805879,0.99738729868695
1.56677713257139,0.903876935790044
1.55148796571731,0.87518070288352
1.62298407858195,0.935826626122717
1.43594649725879,0.887547357658507
1.64276540055391,0.946621040024801
1.5602866857805,0.839810040046122
1.62043526856602,0.845182563025947
1.54747843034945,0.825214124876481
1.5854675960726,0.8763899011641
1.62880755203356,0.891638605201815
1.54987359307483,0.919186499316586
1.77282008789639,0.948217917102003
1.61241212548345,0.929101444665955
1.56530957703237,0.926408773784337
1.66469232049006,0.903583474935042
1.82327795484135,1.00421522495646
1.50184253466208,0.772273507426381
1.27940814525637,0.758644818296494
1.56946979842806,0.885282294457227
1.45574657037463,0.935551500241547
1.39080478631397,0.842987465607924
1.67249317665027,0.933555469604072
1.65959079938926,0.914456433438987
1.57382536838594,0.807000133524795
1.63412524495058,0.886073283105351
1.75798180235185,0.959622579131013
1.48255097685732,0.863579097942489
1.62313849860989,0.815428838696179
1.33664809593891,0.893749734089507
1.30895654596993,0.845167721599688
1.66410147556781,0.912047511799741
1.45771844396934,0.757197800999009
1.66027113474619,0.999898711187378
1.82465026351891,1.01681742666788
1.64404743490794,0.894103071467705
1.33845592644593,0.826088950654967
1.63674207620371,0.907982511354899
1.51690207095489,0.765695289914181
1.46021344347193,0.775341031488243
1.75228664274862,0.950552459230036
1.67834754761566,0.933852714717719
1.72401590396091,0.999152413287433
1.53350546674033,0.855633890761947
1.45463335743849,0.830453014069025
1.57209144685946,0.89665179212335
1.48376523932161,0.828848100507688
1.39519114645781,0.873046830283954
1.6536668693116,0.860644142369004
1.35266702347799,0.854488606134343
1.70792711529293,0.883847259711995
1.55306596098718,0.818529427515573
1.55417850282376,0.926691143536616
1.4362086524939,0.813410153040591
1.65610614497445,0.950258040820616
1.61591338503726,0.877886105918994
1.55133944503868,0.879747908651051
1.26277839811671,0.799148686993258
1.67265265341186,0.925464942646098
1.50215836444218,0.83574648630855
1.54271138073943,0.907104201551878
1.391049884388,0.832838852585268
1.67388752141555,0.902511208326627
1.81917098088155,1.02713931567139
1.42555092872824,0.750683065463279
1.74398573789232,0.92771983359929
1.53297981455247,0.897688296089998
1.53743877077136,0.909240957520014
1.50042080540473,0.882018231775539
1.77875783856402,0.988906187971171
1.69600438375961,0.988051638057104
1.67264082039839,0.893727172707336
1.39735261431085,0.861378058661058
1.68027152071676,0.942118653117793
1.67519172751709,0.92199214573079
1.50944480359129,0.901425952640161
1.56980208081565,0.928061728063345
1.66652488417975,0.910867366830487
1.51145326758168,0.867513259499745
1.68363627197223,0.938351885122809
1.37811188609657,0.811289955519874
1.66983817031603,0.914255621175902
1.55342011924047,0.870298993643064
1.66668612201244,0.945610855368164
1.44966509198835,0.880887612063759
1.38849917085516,0.832456181299961
1.44141515373024,0.852823730810819
1.46983708708909,0.937408744193887
1.53019254091089,0.865482009565765
1.55123734735039,0.870962629792437
1.50186052859251,0.815197061132215
1.7105087397339,0.97488719594864
1.46581728302787,0.901560085237205
1.64885035242629,0.888624665675615
1.32140818424049,0.815898859393695
1.43662799110373,0.8497267845003
1.65521335027363,0.865432777391579
1.47991796838939,0.839164382719033
1.75765573775041,1.00337368693461
1.39359880559856,0.773800488145464
1.5771942429327,0.903193561965889
1.60109958703586,0.944303364258139
1.66282218931808,0.902441775060664
1.69247415619716,0.892609738632115
1.49385319538841,0.852380571510172
1.54459393964779,0.857451354483032
1.4477713131635,0.857692915767934
1.5711770964415,0.854409467801223
1.8031391432663,0.930292062574936
1.52839471104395,0.90452866980559
1.51596475263719,0.868617650885584
1.642812000336,0.951675596644591
1.5866421950841,0.907033429980855
1.56686262929261,0.829848696707716
1.32541423882169,0.744336920681383
1.49798624234814,0.997404731396578
1.43714286437796,0.818152805155948
1.67792102990382,0.952550770954033
1.73480987739145,0.986220474699155
1.72996573191568,0.95071394217253
1.77369533420578,0.948197904208049
1.80739810492297,0.988426779289783
1.84275252653273,0.939346510340849
1.68266831109695,0.969209706919168
1.65254457439672,0.915227288226276
1.71372746918054,0.91870548142954
1.7954576872843,0.998751529117567
1.60109170279901,0.88133170033396
1.64788749883828,0.918435283716706
1.82761446524715,1.06824470483751
1.49667372648978,0.893974861084866
1.39141951389676,0.801007494944973
1.54141600525356,0.903872876065739
1.48288099104927,0.842649520999384
1.54552806982615,0.878771613084745
1.48010121436198,0.895313528297138
1.71994874759142,0.976791321899537
1.55349610184988,0.913345357520674
1.28436268519167,0.731130265978016
1.34903092634094,0.843338896142063
1.38070528426324,0.840541629809086
1.6768570676,0.887758433830234
1.52445375754939,0.90106765740022
1.5601733933145,0.823142639174506
1.60178224329716,0.894340545338792
1.66492155148192,0.902552446723072
1.44652879754986,0.847492085366272
1.69013158969132,0.914336726355047
1.67443445098069,0.924416548713385
1.75499821755341,1.02282450741257
1.89306472572841,1.04967005493817
1.68602603594423,0.934722696259394
1.25646337313922,0.803100511901593
1.34895056482738,0.882467574358233
1.74884209220622,1.04794923337549
1.50997720620373,0.876930114716315
1.52007472327996,0.832763877143358
1.48279381177982,0.83060992133378
1.53107440206844,0.850042501437765
1.56981168385924,0.867896560153155
1.45273492160019,0.824406906425761
1.65946100011372,0.987361650096117
1.72066532859697,0.898393852761614
1.64180980981254,0.95496204963273
1.34147211567578,0.78996811644063
1.51273152602944,0.895623109553447
1.73544060288253,0.969604486099331
1.71108441881697,0.90232577393678
1.523886360057,0.870735925367898
1.86063358511515,1.05930678112168
1.52634178195754,0.836805737903771
1.83998551075759,1.01261461440341
1.58568187388846,0.886054040455013
1.67701932109189,0.925349390335091
1.6621334940612,0.913510211829431
1.79027468788928,0.967425771691687
1.61788222089539,0.843394009407094
1.78924477522073,0.94627815191301
1.45155539781376,0.772371455087532
1.68751613713784,0.866438145193183
1.57930794473357,0.900171753198808
1.33985712871869,0.729200190276876
1.79342601596659,0.974878449335296
1.65161762942444,0.952855258122402
1.53515990130534,0.948944157997048
1.64520589173228,0.841776944614783
1.45050688551192,0.894249365126398
1.35266974126876,0.806916511654034
1.80862198132837,0.965853009905577
1.60711119149351,0.924044689077274
1.32041607120422,0.778534273818567
1.67770917027348,0.917821162596334
1.55139306785475,0.8512357554539
1.52365172730892,0.893241243055265
1.61968409931744,0.889446807267423
1.57099830814324,0.900314383306554
1.51561114958676,0.838952334186713
1.68178029613436,0.882880880013312
1.43822610432883,0.863041528765068
1.60529004914455,0.849821922233603
1.68795970614726,0.933202218237434
1.84777591937593,0.925995459750761
1.66203607978546,0.897661484699175
1.47889337321436,0.843120030261388
1.44470357643005,0.859068449131734
1.54137315121584,0.891575312528461
1.74721799347428,0.917177029251174
1.42015030465196,0.774270221050074
1.36187012609763,0.912184748773477
1.6818485315599,0.931804115766968
1.66481387288545,0.97034525403984
1.59080805710966,0.76458705727911
1.5585972099283,0.856139971927876
1.7234077615169,0.946775350436971
1.34353933759028,0.76162875181413
1.71855908989607,0.944447172064819
1.41906790095948,0.748320349498454
1.55544829131459,0.801531234914929
1.59412969280765,0.853457652741196
1.41679323026551,0.849521576968667
1.55102061826011,0.901495581599647
1.43140925793602,0.856679044775633
1.63291355948561,0.862158675984719
1.72350662597937,0.945542321621655
1.59043317229189,0.83862642555099
1.68056249669884,0.987368978851661
1.62942200238852,0.868722468965707
1.60766918983242,0.917029296363204
1.65761361351802,0.937588309137801
1.39433688624008,0.666944659420612
1.69039008726555,0.926205010267331
1.50819225356968,0.870080796839058
1.43080142909034,0.833812234310605
1.60837092215255,0.889886479231883
1.48376000027,0.878420192471288
1.63659184470394,0.899262798272394
1.25226268454034,0.765737915384283
1.65082425487545,0.898603776394413
1.56430846960151,0.907742008414936
1.24785500385465,0.829669383016776
1.82943637129484,0.946610139822251
1.82942095154679,0.905513436045473
1.66986648026883,0.88513304768781
1.74668240318247,1.03529306351347
1.4913140428517,0.868495011592197
1.40211861912158,0.813853183280662
1.54135159965654,0.989567439624216
1.57883059497821,0.949965035842532
1.51957124277346,0.872615891191441
1.66116339060979,0.909078752777235
1.48012936507471,0.766591517032774
1.60897777569179,0.930389651280474
1.78901652147685,0.968079049500424
1.71409131241663,0.987803627010134
1.5288818289743,0.806075803828104
1.48835715289654,0.882252465378067
1.50840422740002,0.858352954803091
1.47251158224358,0.909731791266527
1.78479404847006,0.99702494457042
1.61442271860831,0.90654749761985
1.48863896722441,0.845437931422389
1.62762065197141,0.837257389073565
1.53070249724738,0.86057092135816
1.6727935976295,0.895739410236889
1.63767022702631,0.946832297906341
1.61255686560108,0.911517522189747
1.67153187919924,0.983092409260887
1.72711043871611,0.958468155231778
1.76592824389802,0.985148632629229
1.43191978459511,0.859149701343975
1.72337072151671,1.03729832242355
1.61559474453082,0.815039258191357
1.57364164721392,0.911231123206322
1.66120224328963,0.943351556420456
1.65580141397742,0.928307357332212
1.66710295406445,0.862465884390173
1.60389097643364,1.00769998672234
1.57926815945887,0.89094489118097
1.78303795153673,0.926037947754072
1.41269039122752,0.86172790615238
1.43988755943761,0.825680972420573
1.60352421584098,0.888157752326521
1.79227892674014,0.949239054615975
1.68620383042427,0.91662078040468
1.36676833890555,0.839858682085332
1.84207224627591,1.01854472837476
1.45482286273024,0.87438985760867
1.54537276996148,0.867202731223865
1.52641418086949,0.842955604032321
1.45732473741444,0.773829034819188
1.451003555561,0.846289141334031
1.511758404197,0.713567836291449
1.61171078712719,0.904048508761406
1.55126883929504,0.90779760800082
1.61986763500883,0.88265441697035
1.44744856397889,0.879359867872132
1.85620062083819,0.992460035631424
1.50314204169645,0.88313702090116
1.44673239344048,0.827682105695278
1.74161819325547,0.931938347771882
1.91818866508936,1.07702376868593
1.50248389381344,0.902118062359605
1.45950946248993,0.912139387051947
1.54552049167434,0.823391346559422
1.28523154453465,0.803848487020807
1.31014588285952,0.753740335374167
1.38263974624219,0.830696663427396
1.71017017035814,0.973633464672362
1.64917566914228,0.95612773082919
1.40257365360697,0.864599710201496
1.60521125886152,0.930350320859394
1.5971616825275,0.890410492589294
1.71115634533541,0.967114441798909
1.56117393951942,0.901809999515812
1.63078470381166,0.896650088021806
1.74989413148782,0.943577989331265
1.49461488528713,0.909887031266338
1.4783026876825,0.848730846429791
1.52948794358261,0.887780780257176
1.35141126743957,0.764218938790839
1.75857526643599,0.938207932723831
1.59530730410074,0.921179256085409
1.47924685222648,0.827943546609831
1.74745343485507,0.963313125814393
1.58536311531283,0.893014812655632
1.58338738064854,0.880317556675032
1.87795884749875,1.03390322377737
1.68468877888698,0.934271627064641
1.44860570775275,0.884715652370738
1.61349546420373,0.876645762897606
1.60788249460631,0.917978737023237
1.77182215429647,0.951919168908673
1.31162257227081,0.809205283726637
1.37968629647487,0.821096460389044
1.51778591135033,0.832140950160591
1.3396904710946,0.788697503133331
1.68179648113171,0.918968808446655
1.58200571720292,0.916757654047868
1.22507235974933,0.768385453202442
1.43717337712462,0.865469580656643
1.58448258848797,1.00115153172529
1.73962699825223,0.96438303147191
1.44431242468022,0.856502988786569
1.48517888545884,0.835984623225056
1.66956458287616,0.877785099326365
1.55197111665787,0.890339987113982
1.42620737209995,0.84338901229534
1.61143093160023,0.924257030841433
1.46021522068661,0.850264434525435
1.42332034323744,0.846441978903189
1.74382607205701,0.976501697628531
1.63708380922449,0.999000847339011
1.6015569415881,0.887440670428092
1.60749611570815,0.90181137088351
1.47778517147359,0.792082007715776
1.55236073892123,0.825570289192994
1.37568003284427,0.721729485654083
1.61722497744327,0.918373409205621
1.65436720810267,0.953572618991417
1.49461329952009,0.916568350387214
1.57824214970114,0.878614078722205
1.46980410327093,0.872224373516539
1.52042375415062,0.791002417924544
1.45381216026505,0.79014432328289
1.50176281686764,0.837048825568395
1.30409732396637,0.843322765047593
1.61431585526784,0.911540830421543
1.59750810175801,0.940408180209604
1.66087093593299,0.878556242121112
1.29113762962111,0.78237727469926
1.69962989306337,0.936503038614153
1.80268393061999,1.00282066731584
1.53577603459293,0.891062260544237
1.56734897667471,0.894783036448794
1.59953258390635,0.916517461072976
1.59023919325503,0.88704233147804
1.55403520738767,0.892434070004532
1.61715159094452,0.90301059430729
1.41137303753598,0.849728436809446
1.57711031557764,0.91497753422353
1.59558111801031,0.914952483405035
1.44446588106037,0.788451253084866
1.5519445039372,0.842263580301409
1.83576503757868,1.01993401177387
1.57665142002408,0.902079749214814
1.5348547721621,0.858482338251101
1.50798643606663,0.830008869938985
1.41169903250486,0.851586985980889
1.56732439366894,0.794281120599369
1.65710178635363,0.948271209865775
1.64985137297271,0.896068262161499
1.63976384924166,0.925774285250972
1.6159968376879,0.853520789583782
1.46364317021128,0.787479318178402
1.7174238598747,1.00389832593095
1.17935160528222,0.715732942469488
1.55430475066555,0.89724946538488
1.53009913313456,0.921959935196622
1.55472890424575,0.885383053657244
1.57418826558816,0.911466125449791
1.61068888086983,0.905650107102828
1.83016661643904,0.943727342966675
1.47898898250628,0.781666089991331
1.72860515694383,0.919933028645741
1.76302587181732,0.933408601040388
1.52798455327033,0.898152161753071
1.33267261211185,0.772413206281157
1.56992780859069,0.923110444695222
1.56342923042328,0.887813942914235
1.55236371377424,0.884322938000961
1.75909882018315,0.959074002398333
1.52177632281726,0.849300572681737
1.46604798242072,0.854586454954983
1.46617882144504,0.82019805225687
1.64542381648264,0.902764601780555
1.6381108345461,0.949562669608769
1.51430940453494,0.841790817764555
1.86222898970303,1.0812542348069
1.70576943771508,0.961460401122742
1.45230960829055,0.863676002286603
1.68920434745301,0.928981598197313
1.54793643312718,0.924046589408308
1.72794891424788,0.880423099275744
1.61270379025293,0.886744753458818
1.50275534430764,0.865461442286197
1.52729449277256,0.78036858190603
1.80162484209346,0.966383487654099
1.75727127408143,0.963617262314435
1.48058721768215,0.880029900354207
1.54755930566754,0.868794389120182
1.53567620034716,0.784523105791521
1.75762017245043,0.94765881559983
1.46866941969079,0.866201543075715
1.6953492514388,0.836624701928221
1.65373214538435,0.920967153325669
1.40091771319368,0.844343599141155
1.47278882982626,0.856727172880453
1.32041222100386,0.71792981996158
1.57035406424775,0.852331783799252
1.49918979286,0.947603087844627
1.65730949486588,0.899996365477754
1.50902431217596,0.815204773985993
1.33768544824326,0.771073665077744
1.45886686379552,0.832056264806116
1.73375996427414,0.969981578514152
1.63858283587064,0.953480911363383
1.47353569354366,0.858646824387437
1.65099616811517,0.944675722499924
1.56392340227715,0.908615221517791
1.69857615818217,0.94863545881008
1.43890052837991,0.853415828404001
1.64684445724167,0.956991180879939
1.52720901005659,0.866474090631179
1.71813195015864,0.881566319049018
1.52847470631096,0.864422159984075
1.759717029881,0.981690573064694
1.46930003022594,0.850532070550025
1.64851096391835,0.965303569849336
1.45934981050943,0.84155157458712
1.84568014553872,1.07712815315023
1.68083221537275,0.935047810709121
1.46284607057638,0.817328885072674
1.5007977611936,0.856153727432158
1.5530443637557,0.916926361707997
1.47844076589128,0.83500264438985
1.47926023399348,0.879759353768873
1.6128880098837,0.856974287867281
1.46382207699313,0.826914177954647
1.42697568855999,0.834738488092183
1.53417149773636,0.851214740201933
1.67496946644637,0.82219557137445
1.3554395601944,0.835905229894508
1.28704646956865,0.787941566648623
1.60587202512841,0.963409342354581
1.37763523713094,0.74376407019989
1.68947176817522,0.908879153007571
1.57825413748728,0.851011524067242
1.73879983301195,0.985505000827297
1.55757871227332,0.827821699193866
1.6046692650604,0.90815061950732
1.72876790218406,0.954469140877381
1.57066591333259,0.852477903107092
1.23255005521847,0.820033208435993
1.70657698009594,0.936076257119503
1.43926075650251,0.80037148822797
1.9100686462038,0.99859150055218
1.49601098372799,0.941409991394576
1.29443224448944,0.76112984408908
1.81895771013573,0.992797892196071
1.37917123758423,0.902159975952168
1.60627273055404,0.897024850727528
1.3071976592885,0.757755767965667
1.58180732960674,0.794249155352228
1.34932496196107,0.823004177471141
1.43106111331654,0.884380105673789
1.69149531297888,0.942922276969589
1.36758703357956,0.725042143111869
1.82719872033094,1.05744694452807
1.57987701471964,0.879311722710943
1.55083667477244,0.867834580771454
1.53852990316044,0.808329324888625
1.53157466179308,0.91920826479848
1.65281695903008,0.915411041613589
1.42013033002598,0.854333311553854
1.28014212645048,0.770164633800826
1.41069194903114,0.809212812217681
1.58152316649525,0.983394765507242
1.51441714430819,0.897740109112471
1.27056956182254,0.680282085814583
1.65216608945396,0.924510835868555
1.57494499830908,0.907804815149391
1.6285293627724,0.942306375397115
1.46121191550063,0.869793530973374
1.43885976078257,0.823775307078594
1.48640764133552,0.850716553475436
1.67001676264622,0.910822309758937
1.46767517824846,0.847851503881706
1.70650164881879,0.950666182774679
1.67555602938066,0.872162196947637
1.529591099512,0.90303642830516
1.50144595066476,0.913790037134402
1.47068148103253,0.846655781781222
1.49802762725546,0.870643351512541
1.70899835518234,0.98214488453838
1.52403575681375,0.844957131212328
1.58466674345898,0.957156968654989
1.26990149574981,0.803194435759565
1.50773148488313,0.897179442214281
1.75388579922439,0.983097612895057
1.52304900459269,0.87207638171159
1.47742327113853,0.83385253782614
1.53916915306763,0.9183091301638
1.46172147164969,0.823940138311471
1.77272008855685,0.955521236909625
1.73230112796419,0.968382594729482
1.46820463482828,0.964622998699855
1.57228283618547,0.814143975250485
1.60752916298325,0.893263992351977
1.74591918822817,0.990592350236475
1.18640043651237,0.773454851728835
1.44607912819768,0.897629830691538
1.51113811271362,0.781304511055112
1.84538826524746,1.05891167067796
1.49601943067563,0.862776281312303
1.49410048267119,0.881733039564989
1.58741522896119,0.884453096386586
1.57403404727565,0.930432732398633
1.46027473025829,0.851014805584255
1.40368912441187,0.819019429510029
1.43484657220056,0.852741462064781
1.71058703595896,0.951976665744133
1.6423886469995,0.877818316586262
1.53178432433849,0.866890573571522
1.73079986658048,0.957302218778653
1.78861049582066,0.999123823514405
1.59366240593363,0.909414148339731
1.56439725422084,0.891467272557087
1.65684692357793,0.887494743316906
1.5313102353462,0.836043379586725
1.5977735812238,0.88877076926347
1.35660162331847,0.866135056564538
1.75375722397205,0.968988780196903
1.44246045574127,0.815736602093585
1.53386882799006,0.873692341577208
1.36209914084643,0.865156507956064
1.57334664415075,0.820892847727285
1.44817936677594,0.863521435921618
1.52500196850574,0.87272864084184
1.64403301869903,0.909923751202595
1.61213149848667,0.897810361964093
1.46069952834481,0.829171915969691
1.42975662607082,0.763617637469415
1.43762100353693,0.750389480169941
1.46407711632958,0.839798528220719
1.68752809102786,0.96096766396874
1.74456623926798,0.964342772133721
1.71401996400572,0.915917625463781
1.58406902882364,0.906983456257954
1.68810905647281,0.845026360703936
1.527036231531,0.865132649196208
1.31525992444989,0.759121509992357
1.24626796938621,0.79879507105705
1.66261907863829,0.85054715788331
1.34545239866333,0.790315567606834
1.69631864976507,0.94367824749888
1.69843967631128,0.951445156337845
1.39884420849063,0.748143091981664
1.55043809498089,0.860581866537058
1.47505309503187,0.874901447848499
1.47918881898629,0.817625731707941
1.32382875256111,0.824937339305758
1.62658987518476,0.890901722989011
1.55126374084963,0.852512741970879
1.43462258792572,0.898561126666575
1.62014843548226,0.899104725151893
1.79790145301692,0.996025689028967
1.45464422678793,0.878057701680348
1.48609945152931,0.874788927313031
1.45125499991304,0.850917505765604
1.66273192874981,0.935350887634348
1.53972229893904,0.930615120480462
1.54900905324941,0.854651264620052
1.47981025320868,0.873883464072237
1.48628473177221,0.844721067085849
1.59414074927887,0.89738183777328
1.78412679529014,0.990186263789312
1.38745247398965,0.819500550956311
1.51476032396872,0.869346016032814
1.4504483964015,0.844637089328361
1.63748178236302,0.93035523576025
1.7016567529467,1.01328802808866
1.50555329332843,0.891033478559427
1.69409432030754,0.899011410386769
1.74151484540022,0.918707246306841
1.61209717674776,0.918547318249054
1.52947521730573,0.882304160870901
1.42482586769196,0.755743540185627
1.60268853572113,0.910491571936533
1.54851467631767,0.889679494434176
1.74550200435535,1.00903926640811
1.60196559982675,0.893672327655449
1.52380912909869,0.852008833302341
1.61963592840996,0.945829362160708
1.44677889002659,0.790037376827702
1.74180786015957,0.967223739515012
1.61604961939164,0.918768752354502
1.54838096881788,0.762347731989866
1.61098872341754,0.859807055516273
1.57467412439878,0.941944206007978
1.52279153133369,0.851145941198059
1.21239672455586,0.765359462275325
1.73586275876264,0.898651058215586
1.39159620924569,0.803658868777098
1.5478406220104,0.838522684063986
1.33493547161292,0.711069834049265
1.43992303026981,0.938446289190105
1.61537011671871,0.867140708029152
1.46995834975146,0.86969601672595
1.58005246803192,0.848644545183963
1.38692823343667,0.766795001649683
1.56496949596119,0.882262503534986
1.67754895777084,1.01533184869564
1.49850041520232,0.759622611295339
1.40440997303264,0.835249023128018
1.76655687194205,0.965781303238766
1.40896270048335,0.837830522719616
1.57483402065507,0.847759978757167
1.6176855403937,0.919716528723497
1.56429950156934,0.805056439279925
1.36697611219234,0.846305852651233
1.73512263568926,0.966018933204997
1.5718055187749,0.848164077795836
1.61254909389101,0.946318952956956
1.5935320659929,0.870697353175723
1.50645645287857,0.782971410456599
1.6643611425887,0.919010329353586
1.6471785695837,0.89712082802024
1.5266333619125,0.864259280420491
1.66115649086709,0.937728333975909
1.71704166692844,0.853033994870951
1.69178836687913,0.910796716578935
1.67978023477874,0.943899135858925
1.52735542194272,0.892751004100542
1.41947664848797,0.764306874600539
1.54264489449081,0.951262575173307
1.54612605206103,0.894576469153147
1.41206303805668,0.828077846447031
1.59763954561875,0.901252330494484
1.53497694274392,0.843785463467674
1.5034914295692,0.841177473109556
1.49242875008289,0.773539747177502
1.57243057992837,0.886553342642106
1.74089826152525,0.984048760835685
1.63024586979422,0.891286426097638
1.52408669762988,0.822538641542262
1.51124014714083,0.868829565020394
1.50628331420693,0.894343871972934
1.54893164470248,0.834058878627651
1.5382142539031,0.891150729936488
1.40583106764161,0.901603648419234
1.71141947327783,0.917218716704154
1.38660078157161,0.760454587508495
1.44311623284448,0.790355953075708
1.76385265218704,0.957553401705853
1.73498258347748,0.951068538949689
1.52344360965769,0.849702223300976
1.50058982615453,0.822831994123087
1.44691965789087,0.835600059409571
1.59084349514114,0.869093452768146
1.50469989807609,0.857748605944044
1.71002412552413,0.958804689921876
1.45989625588303,0.906593944918596
1.68418018368049,0.947002578172496
1.68591867729741,0.90663705646235
1.64413044652144,0.875376877501636
1.40290985498977,0.904310799232923
1.27095645370396,0.79528247954595
1.49296968866857,0.908634751609337
1.70595305442625,0.950536344630368
1.67375806233337,0.914791400952457
1.85249194738178,0.954345388549424
1.69513788850084,0.903831858230441
1.58339574524952,0.891279014089849
1.54152659019796,0.848943643227429
1.39206782119538,0.804064162614459
1.47926077401758,0.846624568081799
1.74010791806189,0.977656407531311
1.6903941008362,0.975826453632798
1.54252529562148,0.891636221590093
1.27326961984227,0.765808188757031
1.64667595235031,0.939406502582013
1.72443248668702,0.916165611409721
1.48137396927631,0.883446213970051
1.65155478771408,0.930132162408602
1.40649576069057,0.811840135908273
1.46965963837842,0.915148790427935
1.51543717701311,0.869929692724414
1.59106453078882,0.93335295051183
1.51892710440471,0.858043358654613
1.42473687812192,0.811888753488922
1.64906304953805,0.905840094363239
1.55613030426525,0.899799657255568
1.78891780808909,1.02667884476709
1.66421474644579,0.909941038167562
1.58013558522057,0.919766364194954
1.69082965874803,0.933062842139503
1.51483455610816,0.859334986894596
1.43312288477198,0.874771963971658
1.68288059848168,0.978747278313498
1.57489390282739,0.889586073893611
1.56914666569294,0.879889060054871
1.47810667885426,0.824922231710957
1.53996529805721,0.912854238712254
1.53308063199367,0.870643750059883
1.62618107733564,0.911225267406289
1.40464474964466,0.747912027609229
1.44649952873127,0.825603452464719
1.71956375437121,0.951890261064119
1.58692279121542,0.834581632312946
1.57353738997037,0.869480232958222
1.44371375801806,0.836513800795426
1.57403941345563,0.879830681749398
1.77134052131803,0.971203775182081
1.56426203482896,0.837641024367029
1.56011337700546,0.865936083224528
1.50822532108478,0.884608975879096
1.63186538718457,0.959109303083695
1.76583365516498,0.95470600104483
1.59362085106732,0.919885366824069
1.58836505502178,0.913288079496388
1.58489626752787,0.909424871563737
1.67288134380423,0.91180288300953
1.43777447042282,0.903395541339246
1.61772839958348,0.916039075434616
1.26791681978461,0.709854692945854
1.38930831216207,0.808497600941345
1.55288033784833,0.880271079164094
1.54631748386368,0.871666373531445
1.21784149118862,0.734054683551365
1.52578041888989,0.771552031999928
1.48369044823136,0.835356005575924
1.82184742957572,0.952377364495431
1.28149256552323,0.679452260751636
1.58836446359955,0.860429367763677
1.57059633798003,0.919168988256906
1.48321105445307,0.899159263774026
1.64050848629671,0.906790280417666
1.54326332657539,0.88051505469693
1.54106903274273,0.930136736316402
1.5784064237803,0.902447298548536
1.84416584829871,0.956415398713017
1.50379841527294,0.818628088634261
1.3212948580392,0.866146149132075
1.74979576602085,1.02083909302792
1.50007076817768,0.717793825378658
1.69118105132841,0.87993308617583
1.41701388446356,0.822157942347158
1.41768900494832,0.823334013502903
1.70458850038378,0.949086415397033
1.65066778300263,0.963816933631522
1.67887950885433,0.904001962784203
1.43771903065916,0.85386581117491
1.73940337125449,0.965852721956114
1.24905868152838,0.701007771683768
1.69312985175728,0.906908166852308
1.59292459280557,0.83998806607096
1.5777691736915,0.862968997059096
1.55346434203508,0.946100852375888
1.4845394699463,0.815343954008701
1.39163062880139,0.811879183624696
1.46700959699397,0.787830102940961
1.47175059860319,0.862363657895137
1.53293474706476,0.89465535654803
1.67476631260133,0.956221336983489
1.4251414817149,0.835767708373354
1.70533036017583,0.958252230493887
1.65270071261311,0.955623488538753
1.50126465420576,0.864378573806648
1.36464684463799,0.825363865759193
1.41856856915038,0.804022169067985
1.55181812066467,0.879149908565996
1.59471618265219,0.939222387448292
1.75359432455835,0.947222068266441
1.67764206587178,1.00079807428672
1.39261124199281,0.847722101888518
1.28825999731461,0.740768844018371
1.50697413625349,0.874799014941225
1.58235879749406,0.848609083060724
1.73835800983133,0.960099318057626
1.6203311248237,0.896266426025627
1.63617815164821,0.914767395602348
1.56762840168531,0.850099232434592
1.55440549791096,0.778847376511528
1.76649695740958,0.998050722997805
1.46019759971223,0.860349060449555
1.60775093532854,0.915191833757734
1.70281033779037,0.942850141479194
1.50801832943402,0.826242446525157
1.36927700608039,0.792264792240163
1.58222965267265,0.966637157564532
1.34524494664548,0.80900504800658
1.61652376162532,0.866113102854858
1.64750318541034,0.913941635150988
1.61618844156638,0.894679967698315
1.60392800917636,0.900689261231411
1.49939764861701,0.786720347811915
1.50115319911654,0.851231619076092
1.59266053784989,0.909180165623679
1.39360337426524,0.793715829678942
1.40717663539675,0.844649626101637
1.66798171566522,0.914436134600089
1.47840681373593,0.75601392617242
1.3243186686916,0.777676306009907
1.62348504959734,0.991172777344236
1.61425522499014,0.917079431529429
1.53309683970258,0.878193248187773
1.57762269582844,0.858572730483594
1.57788916124258,0.878748060966683
1.44720710942281,0.830399098991918
1.42500645174751,0.860482350467287
1.53249034159217,0.894029358331633
1.73880266453795,0.945897904433208
1.51136077311908,0.864424002174287
1.47136175713045,0.848689929653272
1.65330274920746,0.936026370512761
1.39439784909294,0.864652334392378
1.54648944112903,0.864074321373077
1.51883195088324,0.889526129101301
1.70512084473701,0.957807631173889
1.47993138701502,0.885570075237444
1.28309824269517,0.786663669465275
1.58120400612734,0.936733789410074
1.49765178409597,0.895510715340787
1.5087490694056,0.899064843221077
1.71430754685347,0.985536857928069
1.63541542582419,0.881165891292659
1.69916528287628,1.01561989217933
1.65920799532122,0.837705640508933
1.50072706759336,0.806893665299112
1.65640395254337,0.989729937795306
1.51516082461251,0.876014311925204
1.57673707110796,0.872944227722354
1.57894388453933,0.789043592119409
1.51578936599066,0.912259434413531
1.41658346758141,0.831718739507614
1.33825905287004,0.790979352820226
1.82791146337921,0.932417820621225
1.375040831932,0.838789883191223
1.50431337542982,0.851541016979893
1.56288833752246,0.897651313848333
1.65464050807771,0.915257943236151
1.38543172342529,0.868321152220188
1.42388861788363,0.792309100610172
1.4089784813545,0.834053440744003
1.41027331312792,0.765640963733514
1.6201495766759,0.805339221756333
1.43140762170121,0.805934524526202
1.61909748182414,0.877094445331589
1.72100030190271,0.954743162432201
1.59975646773893,0.910448278135756
1.62830036912191,0.887498836804775
1.57475981735684,0.873053898920827
1.539641374624,0.872067773891125
1.5293960980816,0.9172085443447
1.60734171254165,0.921635268495837
1.67551783231181,0.95457660147369
1.48783594728891,0.842031494701652
1.54224094039615,0.957820186393526
1.60088909623464,0.903490418152582
1.52081358923794,0.867699719819003
1.72134625533848,0.903759296560448
1.55352584951826,0.878058360508533
1.58628329221464,0.883511494853395
1.48584330696894,0.837372065811906
1.75116505912766,0.947731049396772
1.78574904376609,1.03709588396287
1.63413260739101,0.895294265085768
1.61106960328224,0.917413114335141
1.58587928502272,0.892771779061245
1.71166388828635,0.930065262653909
1.79463860594264,0.945290537416812
1.61612566685189,0.904078773401717
1.59699365388332,0.943411508613195
1.50313150142662,0.845084444655025
1.39114800893113,0.782413441112963
1.53669671875007,0.834778147727133
1.51221154172612,0.853785053649393
1.64670048444452,0.916846720312877
1.35608444669921,0.840409867953337
1.5286381009755,0.912581174450194
1.85772901214474,0.937200253026523
1.72456661089074,0.969196998063848
1.27366368122924,0.643339881643841
1.56047824995671,0.933935881199856
1.63236285831872,0.915707488055021
1.51214874547475,0.842010254053585
1.55058975777778,0.86435953438954
1.59290421555403,0.919099220680726
1.55709568495101,0.830123463406145
1.37588854327325,0.849840273821753
1.76186729909692,0.968027719254973
1.33384380945606,0.765907806578832
1.49920679158106,0.834379650398434
1.67793571085619,0.945384053252438
1.7032331070669,0.83737824552186
1.46139070671977,0.771342643070689
1.74427215778645,0.997509368427175
1.4406840339215,0.842735222207697
1.54623981055204,0.820025697702555
1.44170383830687,0.879138259081556
1.26669184529166,0.770426933712636
1.58302478161337,0.856228660360547
1.60697778717441,0.835334889685437
1.71854146868646,0.930360467327011
1.83400555090242,1.03750181534257
1.58955816123282,0.911545114222085
1.20249011547988,0.795406306521796
1.60291276008913,0.821502696982718
1.69040325808337,0.930888636720362
1.71570473235783,0.910848989567892
1.39376625751165,0.804781877500361
1.62859642495317,0.933604325314416
1.28758545880854,0.816300727516469
1.58656984584194,0.920286686005751
1.50980228663282,0.856952635554573
1.4652224751921,0.848720550028457
1.48663732279619,0.881796683815836
1.66541269334545,0.931181209011578
1.41429565565705,0.817386256173322
1.38368064299505,0.813287165916406
1.51433266649097,0.836784942632138
1.5465442536246,0.869815142994507
1.42922161497564,0.858108934587694
1.67492358915354,0.915316631941272
1.66586119110917,0.96162392247106
1.6488131985328,0.864386515552971
1.45770241325605,0.846143300105075
1.95228099952207,1.00043376748311
1.62947650789567,0.878966111770256
1.44305577804704,0.843707459023569
1.49263292263785,0.827131945352291
1.47322339753837,0.843121122985286
1.35966172659978,0.826848939288876
1.59741695368237,0.920247247748656
1.46933905684972,0.831901563725406
1.43289908387277,0.799151559125859
1.65390334139764,0.897371866741073
1.47105815433196,0.886903953056811
1.5622098226879,0.902530377393228
1.45247379055728,0.842316307284496
1.43837802369632,0.863202787041388
1.46670329174503,0.917257504876544
1.33932651933648,0.793934525433986
1.64483507882354,0.900579362414929
1.52045690525088,0.870317502747458
1.57893159112928,0.976314489812183
1.5965970542,0.87903818853996
1.41368959186793,0.876814276761857
1.39268556490777,0.846592142597974
1.53828444842061,0.8710987329714
1.46756547465477,0.900957227126209
1.57096452692745,0.92649181300026
1.72678454927244,0.923039410678146
1.72978265627413,0.846284878705782
1.44485582202738,0.857146622693292
1.79799807433412,1.02449129219772
1.59988486043751,0.976403244226197
1.35686197168101,0.762715053827442
1.25030443060932,0.838556239077949
1.6178789586887,0.932779025944278
1.62216191713431,0.90813271570888
1.72589867077152,0.937747854580973
1.45807780891752,0.815193610313321
1.74005513439636,0.960683097475457
1.60284195360587,0.934447516612672
1.50247091496517,0.838990182658747
1.567348114793,0.908672984117846
1.35510842742565,0.780034888551597
1.39190242455834,0.864233138402255
1.64571209955953,0.951368104405357
1.73219542736057,0.963287021079836
1.40273285173942,0.830464248331096
1.70759905937533,0.892587724693964
1.51507288861717,0.868481226915504
1.5651179182012,0.920896142707769
1.50904241569183,0.871402991490465
1.48014449999748,0.834204266199512
1.5072242045074,0.854649244847922
1.62828228218509,0.906792224177602
1.52336296068231,0.862736251387727
1.29091235312167,0.877688959720854
1.73184504915676,0.928275553734386
1.62246213570959,0.967136152779794
1.73241855308179,0.974945642249112
1.62019309334554,0.928069744145689
1.51136205645106,0.886058041442177
1.32121004852475,0.785523353497684
1.89481170801196,0.980163272184306
1.5917918489075,0.907376658825113
1.74300219859156,0.991105082894853
1.54613620690933,0.867496184245379
1.73318230970968,0.960067870733
1.57980658031619,0.930321872651437
1.4466963141564,0.820072839300152
1.39273847760698,0.787790873320428
1.49757875275444,0.87082409540667
1.8198638694764,0.962124015431604
1.48812421042893,0.798080670264147
1.39141067488069,0.869741709374406
1.54049881163474,0.830437144552958
1.57799943891344,0.865614684289139
1.68557453363234,0.924057073038455
1.63873651365587,0.863954572714122
1.4856626440274,0.889249903731517
1.69906558090708,0.948601574024758
1.35915731517533,0.852250585351292
1.28497478142341,0.753267960795098
1.66355444140787,0.884302632062058
1.40187217881391,0.847934910012274
1.57064114347121,0.876683639900885
1.51331109102596,0.879025927548388
1.61594932617288,0.948899179655397
1.78523718474908,1.03827883091799
1.42837115733139,0.763606968064143
1.64016830580651,0.95411397872637
1.4526073227276,0.824556244545675
1.58552331390152,1.00706615666939
1.70476608341592,0.905136330656125
1.69757198085686,0.928994836346915
1.4674559728644,0.897468838683334
1.60273945310325,0.913894828744783
1.62921409791401,0.903523036522518
1.69444794779201,0.939683203032311
1.70710021386833,0.947622456472994
1.58531113513111,0.905905909542924
1.53986389251245,0.781462345857333
1.62452182292486,0.903802522237973
1.72604648219611,0.986595424711821
1.44027139616572,0.85185226128035
1.38446685159644,0.750458955527888
1.50520060306994,0.78593666795728
1.55257368988097,0.87859794948717
1.5747377187879,0.896084894803966
1.49303016430466,0.853897055659731
1.8872869365868,1.01783630950914
1.70810039912836,0.90656528710038
1.25422280621436,0.863969962598069
1.49399825581482,0.816385763539853
1.78796493605068,0.993020224089853
1.67316456529839,0.973676558510242
1.41221712495248,0.798078525259989
1.75211417891167,1.00657898546594
1.74756247745087,0.968495465915222
1.90848418145096,1.00378673518471
1.57051351610832,0.86142907903151
1.50787197856025,0.875310455938159
1.69537028766901,0.971526056557391
1.48287898627023,0.841852082211568
1.77284070092047,0.959530543983512
1.66456560423158,0.936470137763132
1.42695984049207,0.798473977573199
1.54822197850105,0.877671036326178
1.52002818095055,0.86831912191898
1.64217040760775,0.864161088677677
1.8137971173942,0.961778170085718
1.46717430968272,0.870114608813082
1.70409222532636,0.962834532078593
1.47050866009574,0.834309069004502
1.41825135952405,0.818366763334039
1.55487493719387,0.871715829676748
1.65265754967949,0.935382642974106
1.72816682286247,0.95056500639594
1.63507896352386,0.924841885250326
1.52358011063872,0.860695904656954
1.32686516611995,0.753695021285029
1.52636967830784,0.88412549306082
1.55021924560436,0.865211594857048
1.79382641835137,0.964569899246046
1.40740600612089,0.818252639412138
1.44782546843319,0.746709066072773
1.49190090886072,0.79049801983553
1.7894285807936,1.02940311408342
1.56920147031629,0.862610802973886
1.74047880838881,0.977111951356054
1.57552758771613,0.830966577977063
1.52720560371565,0.873964820720447
1.75389633232232,0.955156854786076
1.40795009136361,0.791973147683376
1.84158159071539,1.00339556284596
1.60522586133325,0.842521031250134
1.52744139408327,0.898836088853495
1.51293560131062,0.892259237350127
1.69103841448882,0.901918203105961
1.60241478197998,0.855769869159223
1.53491339374717,0.831907308053042
1.61055096588675,0.924769208533084
1.61804411430705,0.863966212088169
1.3419494770105,0.822927890926035
1.75947331584211,1.02463682285286
1.58259589933403,0.931580271275705
1.74181428199639,0.877161138524416
1.77837237449935,0.969965711018408
1.59048857981215,0.868321258697477
1.56548780691389,0.875247734748182
1.59538442459551,0.915102160998151
1.60659198090101,0.913661837837077
1.52649846343822,0.856428884865127
1.59200254733961,0.92412775067286
1.75073969770249,0.988897650113157
1.3655767875096,0.812651444799915
1.59447502132607,0.925393262586642
1.80756265568747,0.967218065428577
1.47438213111377,0.830225150519887
1.65886913145702,0.829484566155481
1.64113122793255,0.934793107391631
1.44184829837032,0.802302503869248
1.65704406390637,0.910143270447331
1.46205483310254,0.82516058543967
1.5165346618254,0.920012393762873
1.55114359287086,0.871388708165024
1.60144839690743,0.885319384449629
1.66741039641308,0.930612978807355
1.47868892750516,0.81253348163692
1.53501565873149,0.874523848679569
1.38006419345247,0.91121390267189
1.81036359408115,1.00661511538135
1.67005148879546,1.00652056484087
1.69549650004976,0.943391508142244
1.38451017640205,0.799597673394829
1.61192590695853,0.924082551660476
1.56336100366758,0.877582268279136
1.53416767303751,0.859057481894547
1.69478229326181,0.895906778808414
1.53259911800814,0.835763629481971
1.49921344267917,0.87796524440207
1.29453166085671,0.831220235492693
1.60879396521575,0.877427687783493
1.82715139889839,0.95919732652544
1.87426688510253,0.947426814126697
1.6076240184819,0.915108167450992
1.49855105898586,0.906938780617936
1.75578595929245,0.946040570546633
1.59025689181541,0.887997946931255
1.71887824505225,0.933789405733892
1.1915962318716,0.805933031996951
1.63619197991393,0.906000429890845
1.44339226998704,0.866655127822652
1.42797820421003,0.832279707449622
1.66488672976609,0.88957992696616
1.39738825129455,0.777156194191943
1.65243339815427,0.903486164894791
1.71660786763649,0.936179191631482
1.43719446763419,0.745168654680504
1.64113142330079,0.936066727253461
1.54215737307373,0.897785433432808
1.73040115669767,0.99652835515292
1.32150711287903,0.713938687255873
1.60557307475201,0.88166890528407
1.43232573693522,0.860692055210006
1.5150500896786,0.862549566238673
1.59089097732828,0.923241223923558
1.59003288373208,0.893604464687076
1.53068686172411,0.867686798158357
1.59804096821636,0.877432176247955
1.20492971809073,0.793622841156047
1.60010912639164,0.911838108835316
1.7435992344242,0.920134200910926
1.68772195325188,0.923957854991735
1.7122897665201,0.946770223944775
1.6120540443301,0.967253302262225
1.69816487303219,0.93369457532701
1.46284339403777,0.77294461590491
1.59035347314171,0.896553648776211
1.63579336261156,0.900335621907643
1.51194462210269,0.910974220649427
1.84955570133777,0.940061797345036
1.35815576752639,0.790365181761431
1.71829861183967,0.950239872954989
1.51237902674824,0.904686648820192
1.5715629826903,0.934288156327363
1.82340284916504,0.980859234012365
1.33254711892479,0.79815949514003
1.32892477610788,0.834790788844358
1.32936664538157,0.81595503216069
1.57200603247749,0.916064566745404
1.63975679810562,0.978022707562899
1.71228434595562,0.994670669642709
1.59790089086346,0.872429504962907
1.58416366368636,0.915086812897617
1.35467330944474,0.839421577113502
1.55740100469168,0.896298532125558
1.27082052987662,0.832276938670654
1.63520698132057,0.878952071080276
1.56221967953581,0.901609789319942
1.78527600994827,0.939642699465831
1.69518896215474,0.977010634604798
1.53277440348906,0.847610709502018
1.40423273595989,0.776764646765001
1.64940870588893,0.909596786547555
1.46679823804839,0.843031315848415
1.54368117987218,0.811845360166708
1.60549747659852,0.876699771882762
1.76450468381848,0.904864999530334
1.53720550490924,0.863477327657937
1.61680019716369,0.892515573078803
1.54852042629264,0.906532899172405
1.78601134086958,0.962279503785039
1.64869836495524,0.845577654231975
1.40996825721726,0.836452916121479
1.77666245565513,0.984079160681
1.51517132275284,0.807960322702235
1.4883815473783,0.883008936035875
1.68839410972561,0.978171206704118
1.66061290441041,0.977885959123652
1.57001099958412,0.790564101487124
1.69266025242028,0.928979319032411
1.56758686518582,0.894953301604862
1.24066225861368,0.810502178885634
1.5063797958344,0.888161429869881
1.49360906107214,0.848167285251471
1.61851741130769,0.863155665866037
1.44413653156177,0.872028406578917
1.49888177443079,0.853543507127318
1.49183346923536,0.881543998317696
1.62538723983586,0.746403047445273
1.53495024349564,0.895051646204729
1.57412002330764,0.872551433691775
1.3132087739841,0.775215560203568
1.6305540725777,0.881227393813182
1.40145171208892,0.840142158306006
1.70387834918011,0.870218559761071
1.61164532704572,0.874428291238236
1.63697580646811,0.91127540142471
1.52652641035131,0.875667866547905
1.51489315631669,0.822565935720644
1.51740754178187,0.905272582937155
1.30350603074229,0.736337601883519
1.5939173969523,0.847671286875603
1.56539177740514,0.832781572835854
1.61873222827989,0.935041012049519
1.65443983064217,0.949392147122496
1.77845050788249,0.991938872484468
1.64368016969797,0.889259784883126
1.40850893029204,0.843832113482278
1.45620226526203,0.858934182204239
1.46192875227763,0.838951695531291
1.54152032481632,0.774011942467979
1.53929261084633,0.876438391268717
1.56460185457953,0.859307074753284
1.58433052033009,0.878433149305527
1.77256731164317,1.03885596335613
1.49551284960706,0.851057323569585
1.53344140469883,0.866697322654703
1.31557252860978,0.763154335582617
1.80618851798518,1.02533710430574
1.47574524891627,0.834602202191612
1.31429868650417,0.746529422858644
1.68080307298306,0.913668884852868
1.65927925506315,0.971801565415671
1.34218377847337,0.853072430243803
1.48069578109737,0.850148898352401
1.83381059418944,0.955617799552703
1.83052169575108,1.00567889413948
1.58621505666828,0.858804520241233
1.61828466226709,0.920217977220448
1.80059345457956,0.999024961827565
1.63773070593473,0.947021679778222
1.77936169834126,0.970726755165529
1.70244883053998,0.930136267271732
1.78302944252606,0.972744717905255
1.74921513702572,0.91795379096507
1.49704654451398,0.856597426851394
1.52017410666169,0.847182104884438
1.63247404329852,0.911116375657934
1.74230419177497,1.03989163699219
1.47090614907627,0.903922919617613
1.74954469809428,0.921729437811151
1.44204245376909,0.744449184332254
1.59635568376535,0.824122859894527
1.61505785474609,0.912263399017137
1.58893472362827,0.909040778774101
1.63772808661558,0.906434967811021
1.66256506838973,0.899214663094108
1.5079665161019,0.887433668597192
1.59109058161587,0.92126998336466
1.60292611796351,0.899937005619289
1.33675983943951,0.715351339770004
1.70414077813511,0.988072547154137
1.5096270054028,0.805808567543048
1.4164943529375,0.806100460077683
1.70855120098131,0.989823756937263
1.47756764785387,0.874500322345057
1.64823671019275,0.905296431294291
1.61741286303281,0.870965468698746
1.67167885261479,0.915961420102167
1.60555043500873,0.905670496971484
1.71292404524419,0.962669215870371
1.68468343521069,0.962745942578973
1.52959014961029,0.899560969704056
1.52463579359997,0.872659046876269
1.5616915413105,0.893899641226807
1.51520689110461,0.881411388032946
1.88757770616219,1.10114807798755
1.67029103861642,0.992654228383767
1.72924780783699,0.928152413335398
1.66902641078445,0.887350701623409
1.4093454428085,0.744714399260451
1.65869696360652,0.946887526324039
1.35415029035556,0.847328127263046
1.53678674872945,0.831066786893879
1.62599068456956,0.882857908427967
1.52891556246197,0.878549624132606
1.64685606070848,0.93462776372083
1.4897629521562,0.752379917346188
1.45216068289225,0.886679520056433
1.50410954539547,0.84902522763273
1.62373099290204,0.91109569533318
1.53742381089433,0.84235605581892
1.48278149023548,0.875162659756187
1.71236791371074,0.934490911089528
1.4478228002791,0.863693475437571
1.65056774812933,0.941600906002009
1.59505026198096,0.90365837550141
1.69416206116,0.949079980290794
1.388938984314,0.847963563940553
1.79684028992789,1.11885976613408
1.77082503828494,0.92528716958763
1.56633789374243,0.852854502298401
1.78570593121947,0.93723222159412
1.7066837919194,0.955984703906389
1.48058792900628,0.888120731569547
1.41804060585445,0.768788955460994
1.64416754595047,0.83418833349817
1.57165878804625,0.947736535335664
1.44016524076429,0.852463441323768
1.69322995802991,0.983130815234981
1.68625637273926,0.95503299617061
1.49968786039556,0.880834428839958
1.44634168210938,0.81968016737306
1.55132149389017,0.819764421075113
1.77003045972612,0.969679207937258
1.50724840340677,0.848169246749986
1.6901513601809,0.941849446186944
1.64274842709469,0.974049589043158
1.84114752994452,0.96556756660744
1.72128470766265,0.877052368723971
1.5248542241915,0.864799329544497
1.57909651093645,0.896979679741286
1.60516665414993,0.837294442116326
1.36288085760203,0.834720725966064
1.46156672766548,0.861705468021759
1.62270350061127,0.902031099032428
1.56007359233479,0.881183913624593
1.44407222882593,0.846991316467975
1.38186731942968,0.799250195436333
1.59330987297269,0.886159611606532
1.45954214085571,0.878318996622251
1.46187940659091,0.864872121705159
1.71550079081122,0.882337126791688
1.23988760834933,0.823900330525407
1.9133922467513,1.05074193396994
1.48980992448363,0.847481109133913
1.60248506718441,0.903177932413489
1.53561499182334,0.901254869317127
1.8228048721409,0.971618610149247
1.41058392035757,0.805007491467097
1.47380527634529,0.845702374013792
1.60019714968831,0.866865736527513
1.53529464432771,0.881637089033821
1.36724317325816,0.756334589687094
1.64235927606152,0.940908959303166
1.73891464504313,0.969132903841305
1.40295818151537,0.757207121591063
1.23949529160451,0.817728040588136
1.75084336293106,1.00958885276804
1.66306435030629,0.887892958190791
1.68441124070548,0.922820905330762
1.31094045221012,0.846729056418075
1.49949254535899,0.836561490148596
1.45290407926742,0.813587342893437
1.50464649970187,0.870275036110049
1.67176429433499,0.913343940080051
1.2520104507635,0.807762659753901
1.58954611566147,0.939012307709884
1.74593690663818,1.02185757526904
1.78428550204716,0.981548663893001
1.79146758170146,0.953991890653932
1.54866831996748,0.921798693591442
1.80892681389868,1.01570682884956
1.55053990619889,0.894464417655258
1.76402406383188,0.811286696359117
1.66437985049231,0.929608628714494
1.55422722195968,0.834693873899751
1.43457473805335,0.78568364395988
1.63314377585724,0.894110970792208
1.54866632640214,0.949042814430686
1.55739222608511,0.850933535546032
1.26414970437118,0.770283198509427
1.58201673118224,0.891225846162609
1.38962885917448,0.765250519379978
1.52615471409386,0.867074221149253
1.55855973811904,0.80847466735754
1.75966368081051,0.937249857753033
1.66327376922937,0.885798345752618
1.60946766031062,0.783637163561929
1.56906451411258,0.918095000623001
1.41304277254332,0.848081775022226
1.47671842191637,0.839645053817701
1.60908997512781,0.892836483584859
1.72743187278344,0.968440878041707
1.52694393556298,0.784111490255127
1.5609105032954,0.891038340626309
1.66473516743535,0.918406037282637
1.51497877378866,0.828152924498259
1.68511690146022,0.924092315407153
1.55190057209279,0.839221191368695
1.54659968727277,0.874370018218899
1.81341822244129,0.982094722184677
1.65916231220028,0.944199358463134
1.53218787251696,0.86242893551824
1.52112935268275,0.84429469784446
1.40621720769147,0.766081762561613
1.66260370988686,0.871454957382207
1.46598452699067,0.863812030763998
1.61931747325623,0.90515288249923
1.60095172659458,0.954666321801607
1.56858659643659,0.904106084028132
1.7201714966461,0.884645886599928
1.56772812522151,0.870569538569756
1.32626301328737,0.734838468543
1.4197072313621,0.723786404419276
1.34814617677532,0.851486658899403
1.59037962756584,0.91341113490666
1.5845398525119,0.917494423575194
1.43714870145864,0.839647723681884
1.63488557578162,0.93676856160458
1.4785976141806,0.935837908485682
1.50008256227896,0.852220880740769
1.68869418557415,0.947704378346602
1.45904555056595,0.905331753470805
1.57837474999422,0.846840942091907
1.28166783196456,0.851026594850194
1.51125907855401,0.83892243235351
1.56831045745081,0.864893356165495
1.53958720596294,0.845795598855783
1.62879706125284,0.884989901469671
1.67488252337764,0.941172369661176
1.62486593278108,0.910910244142616
1.61601372471956,0.911492354222121
1.58202428539187,0.881062379641829
1.69468595782295,0.919333833621029
1.65731319892276,0.920053141247308
1.28425381772931,0.702813323266416
1.54513050016754,0.886599068333461
1.50702402333871,0.840027536403885
1.74744102950544,1.01412576873791
1.62234419049398,0.904947087191817
1.21798036109161,0.736811347023855
1.57708400837435,0.960939986292128
1.5779373851968,0.907359846937227
1.51210959562883,0.846088946918724
1.53586442946122,0.838009122611874
1.70223921685414,0.92183914123706
1.66127708864282,0.943376665742384
1.43640799139657,0.843102957089903
1.6940059064591,1.00036109230274
1.67285786199497,0.947451147763028
1.6016456027612,0.868570882769279
1.41108419094373,0.860921721632986
1.46966621668731,0.813630376149949
1.72321936861707,0.969712821074858
1.47381028856163,0.838261741338983
1.76738182479244,0.948022158036627
1.45221873003476,0.840142173980648
1.51716396503402,0.853168605047174
1.58154004253507,0.90456438134528
1.70262333818917,0.951074700577591
1.35651693198654,0.741838744786531
1.61333456536169,0.873497934252693
1.03479209598718,0.653359188999714
1.68458059724811,0.967748069419684
1.57688531185161,0.896395944676305
1.29669493767482,0.84750591740028
1.45757750811329,0.893945563884976
1.8032614446807,1.01609425828941
1.40832172222491,0.837010563806639
1.43588601888789,0.832997388511894
1.22951213923616,0.7882626403379
1.69030150702556,0.903031938471905
1.77182682586677,0.970615906638209
1.67601352525203,0.909430035185631
1.53740106724348,0.880085594142129
1.64232629256836,0.893219123182674
1.57323871702282,0.87631785748928
1.57894108979761,0.888457688980542
1.66526983806331,0.913095578296035
1.55774659606946,0.869459871400918
1.63633155292211,0.853372565702789
1.51020970936708,0.92750735692718
1.63515380706642,0.907756041185571
1.62664013972276,0.922515599053222
1.63043723596338,0.908170600790795
1.55902605374432,0.864516289882196
1.64376831040679,0.962177769424949
1.58899999723789,0.855749764058376
1.45788966844717,0.850288229330799
1.53000491609289,0.849873877735154
1.69080209067301,0.947617163223843
1.38025918713204,0.769965697883556
1.61635316447404,0.850562541119975
1.46319565097041,0.802599672937887
1.47553848283381,0.826809885404448
1.55415750251079,0.860669846566665
1.52649787434674,0.762746482251403
1.69750537852685,0.982819213226825
1.52859014124616,0.869047214065124
1.59411401005628,0.813706903266667
1.7171806796577,0.961863216064793
1.3610300825248,0.789258034363262
1.60042036298745,0.943009866874598
1.57297944050908,0.810926891824654
1.6563179831311,0.937850509981803
1.63644257018324,0.856306849161184
1.69147538756176,1.02615462493529
1.44023725795943,0.87283707176516
1.68435507886551,0.927824275936484
1.68794193409378,0.932777373114458
1.5489050343253,0.889787469477624
1.39388784955765,0.820438848910887
1.6945602840497,0.920207008110838
1.79645183473741,0.966099128688851
1.46414041729465,0.753868729363387
1.67923411198106,0.977836122934746
1.52547118509546,0.895357572875388
1.40412434500639,0.783166241671251
1.40301411779773,0.78888556737735
1.47630180201241,0.866764234017568
1.56406312829004,0.864083280302307
1.822641900097,0.992190324513194
1.60177463582283,0.936904399638052
1.49895049391677,0.853292514179284
1.47370220541628,0.820480770272458
1.55009545354824,0.88004778547606
1.58637781424725,0.882349715089863
1.585946448883,0.920567728694681
1.6959829271482,0.916052514187676
1.62677363013244,0.902559563920945
1.60451626542769,0.885942035808823
1.74649861632393,0.956150380031651
1.69696194361592,0.907332167477614
1.48690342166187,0.883354625207471
1.71242913338081,0.995079924913788
1.56558447549551,0.885700124104909
1.73422675097595,0.951740887934953
1.41908639675878,0.812649043611373
1.69030081768066,0.908663594780539
1.67309252578503,0.942520772182007
1.55088351314841,0.87086938047155
1.51042231513259,0.872397997310099
1.73586331692083,0.878146255548311
1.56267579596226,0.934387805557004
1.50465497915789,0.807646395755886
1.63183413873015,0.939492002130226
1.6301805231726,0.899658653902762
1.59660508278952,0.871095579062362
1.57175190978934,0.886599329522999
1.51056774602511,0.880877780351792
1.74078715578827,0.918314778901552
1.6635553160363,0.920914748973737
1.70507995489012,0.931842498293322
1.60577185379325,0.920285704226533
1.57366100058825,0.863456514110948
1.28545786094414,0.745744542015154
1.57327632409435,0.889419313243112
1.2673406928498,0.788682147017197
1.46379505297104,0.852310570422341
1.25725947755894,0.852022733066243
1.68791696898812,0.895137476226753
1.60886200179546,0.914126035060209
1.53069355637817,0.860732167243873
1.71200309958233,0.982149477267721
1.57210274840131,0.968055632309923
1.54299811007326,0.888954332438383
1.76485079707423,0.974607799385468
1.52228854123265,0.881249379624287
1.5671345272258,0.865204738876349
1.63101137399505,0.864309658531062
1.43324714959137,0.790448287621845
1.55316281240924,0.87058923322681
1.64730357340036,0.971748852960203
1.67402242119496,0.904768227159221
1.36751890594336,0.814176054752781
1.54363357373557,0.881837931625439
1.74833856965166,0.970561231271605
1.7007238128228,0.932039658770469
1.67370462051309,0.917644598596833
1.39931958987002,0.820357442882656
1.4980767153105,0.861686827838602
1.52353069811359,0.879511463878795
1.38312560994818,0.725381616293147
1.62300591418089,0.926297705712058
1.34617020821257,0.854757292202703
1.6522939220222,0.919276737412969
1.40342908914548,0.802895828211542
1.56122760998257,0.843103479104129
1.68706805678186,0.935223595030922
1.68799672005072,0.914216539507296
1.58002149431471,0.848832506931411
1.4391190309263,0.829351543871223
1.74859200243152,0.937088374501314
1.36635290759752,0.889796494388174
1.37194853617444,0.868614214325496
1.61935961912829,0.886995171174846
1.40821638382578,0.864136034185882
1.65548372547855,0.863834530272852
1.48038053483225,0.866199571351769
1.66017721242022,0.905745012593357
1.52468938167501,0.86054620572133
1.11003898378709,0.743295118459405
1.57967275828154,0.842317348548801
1.48690357751825,0.837173751441292
1.45167657485543,0.898935372730141
1.42903367923221,0.859921424804757
1.5135705320002,0.832106708458686
1.74624480188625,0.962304675364786
1.58846256729745,0.814417696506492
1.38708631651104,0.774246268894062
1.39846347203029,0.839843515904392
1.50054241948301,0.849011569483707
1.73032546738016,0.935585688567304
1.59546919237629,0.954541115382759
1.60889322751489,0.908015904887098
1.67188225371267,0.92444535984912
1.67195440251775,0.877029228757588
1.56107085649184,0.877027228779673
1.59345302433781,0.925429877619462
1.64842094852581,0.911799921151205
1.64656859932635,0.947752933129594
1.64503259149597,0.850004111311522
1.62149160261546,0.988745245739198
1.80186503945905,1.05029710745433
1.51199998503598,0.842121517301588
1.64257243391027,0.922436232343769
1.35316489411416,0.812057923044154
1.73644714706855,0.986174281591213
1.66053612592799,0.960308717158911
1.7266594051938,0.84406414385754
1.67934403971708,0.902328968361397
1.57748172402427,0.802425967767929
1.52122715974484,0.835789237730237
1.4602902348252,0.882963037463803
1.46388694753013,0.835771171793091
1.76971777698731,0.975704276687643
1.35494385849105,0.781423312584073
1.40830386984093,0.824564535640269
1.45939133867242,0.824587880028977
1.61686536921019,0.906286849563543
1.56927795233494,0.893036232208905
1.66012489466445,0.942980067160727
1.49766545177357,0.906382194893801
1.54298536142245,0.902772071871896
1.49922297747858,0.871858396906059
1.73903393894047,0.964048550035896
1.61442507125995,0.873358830381526
1.43067012182516,0.867755506303967
1.605832282606,0.871710229532474
1.50671160957526,0.871453909690481
1.48969433331436,0.81356935743488
1.56091895943737,0.900514259289656
1.47451784915783,0.867120941719698
1.63710985815052,0.886173424005656
1.580629752969,0.863517209611386
1.31289413320751,0.686063992801766
1.74109676334356,0.938519911549681
1.44006858863869,0.839714330099818
1.41163067904663,0.840707134477223
1.81317522687321,0.986821190739991
1.47742212928103,0.803832131666629
1.3733998364349,0.861123680382069
1.75765308877264,0.95781947555745
1.64179749375732,0.915993496835961
1.67410216109927,0.967438373190088
1.50208921457764,0.844282964968096
1.37334186075168,0.803294989264255
1.73768415847194,0.996858441819117
1.37675548493669,0.822846271216836
1.59133583348306,0.931280789418634
1.28789316643376,0.740359468622903
1.46158104656406,0.895826744582927
1.70041066617323,0.942915258900126
1.63510181186391,0.904364035644308
1.48560719304339,0.741398997953545
1.7915200884889,0.981608689491288
1.60732793504591,0.963809252597429
1.51938362509383,0.886092256075279
1.45084363762514,0.786974430712028
1.58054207847815,0.913219711928178
1.639577002278,0.91032016939904
1.82441698778437,0.947701055466241
1.41163495147856,0.84834662611817
1.40295949082109,0.752104456618536
1.49307165013997,0.825302605369273
1.55605054709546,0.871705275749018
1.36222354737652,0.741119839380801
1.52318768286794,0.893169980023815
1.66464147783245,0.880688896196435
1.37991314088412,0.799240366032
1.44500192119994,0.850324663660673
1.32387146657694,0.868415100192788
1.6584076805943,0.887048657803081
1.56840932233481,0.748752424330356
1.46876624713554,0.863092349111595
1.47695998305383,0.897069241100382
1.57890539831769,0.898140698421348
1.46412734201092,0.766338323735454
1.54155410842648,0.902018237581627
1.56986862197509,0.834325151343274
1.47361081598056,0.862626745446829
1.59689085228438,0.892888331598565
1.61489727360185,0.932139464634708
1.54647977957489,0.871155118798804
1.61087292589518,0.90613086026448
1.45587116883476,0.786513506145211
1.65107949841026,0.907011210905536
1.69590895601632,0.921927968523152
1.80398814718721,0.97405765900837
1.46883877398725,0.871296463963245
1.51513307001821,0.846145228531702
1.73201931378442,0.927622304097039
1.76056385629268,0.941869958933636
1.75433102136753,0.914069612949539
1.69451802748612,0.978740210144408
1.34458109159337,0.738499060279759
1.4201650776434,0.844711320243164
1.45311098681498,0.803954536465567
1.54347459714066,0.932230743985135
1.42594831992385,0.805276563757563
1.42653318164537,0.851391916273819
1.7073538938766,0.976923883654858
1.65956677282363,0.909081370944198
1.84086093282877,1.01097326611609
1.76074385696347,0.989011104398033
1.5350999380906,0.897713382948149
1.23441782155679,0.75388421087399
1.29615522900854,0.78779404970907
1.54410855823401,0.821921585473037
1.47142406277317,0.872728784506132
1.39198791999085,0.773226919388665
1.58087548334094,0.898738539601512
1.59333795561059,0.899066983558626
1.50774660876604,0.899075725280428
1.46551004795179,0.787628147450566
1.58286548259653,0.890043088774643
1.34652768040654,0.851704399319972
1.40598027936735,0.814674479773638
1.59111119430899,0.887641145406562
1.66594284119743,0.974703229513608
1.45887520131391,0.802122582297097
1.69471098823456,0.953627193773838
1.5723073667954,0.882557922480861
1.69654458882149,0.824431321545865
1.46326659038831,0.804222221137552
1.67451330231339,0.876664281906055
1.49194268503926,0.911020339873647
1.50240917019739,0.813846424657503
1.61269861411509,0.850790549715429
1.47101610506875,0.8211771529725
1.62465406396902,0.913420667146594
1.48902021087953,0.926575489390344
1.24338469373145,0.68586950065851
1.59438993506059,0.892911415175523
1.71721200273566,0.914588104846146
1.57314097169606,0.87070190556006
1.59688753618722,0.890225566146645
1.63280969130591,0.938220734899412
1.70431692361616,0.967693440017951
1.58720859988881,0.877748866784947
1.74856654502388,0.943121288630356
1.69922026482752,0.985283113005662
1.60948185067574,0.931224711794988
1.25225757747576,0.75883069698351
1.49824628578775,0.82507754980222
1.55526964335213,0.842264199287486
1.54176452023959,0.868190834642112
1.95447289359547,1.07672706486523
1.69292975124414,0.961189247606724
1.39757025648081,0.816331992714531
1.32593597917197,0.836228801136056
1.6409705427768,0.95377411688784
1.62377469183295,0.912465317600103
1.51847536655416,0.83783104455204
1.40804985718452,0.787235838913731
1.47010103213205,0.807103879738366
1.52237705493428,0.858247743160756
1.38219197981008,0.782402168195623
1.36091773985644,0.817704349568701
1.67957947566685,0.976868143579832
1.42995677919217,0.855951677703739
1.66082801837512,0.890781247075984
1.5648171100646,0.909041347647388
1.32561330767155,0.772216504266411
1.60917317854634,0.892096303249974
1.51149240567011,0.86802763052859
1.57303003538712,0.89386823923998
1.56113213839378,0.955906573549643
1.32020252455022,0.808826021332031
1.49958994284719,0.853070846446737
1.43314563321128,0.839974127485139
1.50150149386169,0.887213672681246
1.37317619589391,0.768987246581087
1.54401289276577,0.876876474603449
1.53522999706959,0.891790341842472
1.67169573421286,0.932308138893086
1.68929995369485,0.925660078937267
1.41468062654566,0.819494616663304
1.50213650051459,0.771960913745461
1.43124110286328,0.834847696663519
1.41550649713322,0.798551197981248
1.59328805677819,0.901566600357236
1.59386493352862,0.852448934323541
1.44588090893399,0.816645603433806
1.62527201407066,0.916611284601463
1.56649344819957,0.836134188390207
1.58063017054003,0.790415116847016
1.5441629836284,0.894224467320768
1.5025122133873,0.862498548882897
1.35704579360015,0.802782556139477
1.38805193958331,0.796433435547499
1.55652041641687,0.902920388246439
1.47527270490916,0.835675140522754
1.45009458212484,0.881787529939933
1.71384469785013,0.929429641828903
1.42595084988587,0.862912446555383
1.33123892754536,0.819543516468032
1.36557024477067,0.843902816015291
1.33685438645339,0.787567345345126
1.51393974261185,0.921535305128049
1.73039221831509,0.958679988311416
1.74021382221817,0.90302914502481
1.65533534765276,0.898847006211689
1.5183008694824,0.825854012515959
1.58174346671268,0.875217939587479
1.51087699620954,0.886273035595095
1.80386241851729,0.925245336036487
1.58236492382086,0.867319802868004
1.6438238434522,0.890919656175608
1.36342432616442,0.859023249677317
1.53454048289093,0.915618262173038
1.51661778116029,0.833309688173939
1.56030209024648,0.883468504847001
1.53146161653899,0.900337558685043
1.54880612251726,0.919107763044816
1.52123676719226,0.898963600609128
1.62035764516659,0.905662939289157
1.58811220760185,0.905339626475472
1.43548198559815,0.73608025120411
1.51242983145833,0.891718707860349
1.77461534001588,0.98332405588096
1.54928972126599,0.87495837270252
1.45075484113253,0.758282648803886
1.44551452665367,0.783378864889615
1.68386840561284,0.978040548776161
1.8219399005327,0.998352718272631
1.52707575325558,0.857682878585023
1.46256270025889,0.804263659983641
1.6787978537225,0.924037103712113
1.61030818855346,0.91200107862343
1.47600449936806,0.761554191645908
1.40468714902982,0.883931679537071
1.67666842072175,0.944365280375939
1.53728906003274,0.875275764637433
1.57819920402465,0.997074851946108
1.52637772086703,0.873702274180129
1.78224612581176,0.979928517221455
1.54402494093638,0.877091789331722
1.4062049635945,0.823242602082582
1.50169948936221,0.863996231230737
1.54952540075926,0.926068781660067
1.47103924216245,0.854470109929542
1.42935873602748,0.845249031999867
1.58521027519475,0.98514879816491
1.4558424849782,0.912535834788298
1.50219244910643,0.82787974324313
1.63838837055793,0.912647512146605
1.4923079245738,0.865737763726132
1.49755729629625,0.848647858557696
1.7085827582814,0.966848625948049
1.59134817417133,0.919327629076526
1.52434534145756,0.894714856247795
1.61042661312118,0.891437991101994
1.36230337345338,0.817819333236117
1.67714379028564,0.9082936320306
1.50850734240137,0.846871950265202
1.29278843340704,0.644584810425332
1.61115142098233,0.836670074177793
1.60178514673392,0.922509645396977
1.50709640882827,0.855505838879343
1.47638207954608,0.925891231076267
1.43961721849579,0.82544081239765
1.58935450662694,0.891853899521829
1.32058942716076,0.797871192242413
1.62640948177451,0.938070619379386
1.63805823798462,0.918214269009719
1.54084559482286,0.914510029005832
1.42436162277474,0.882905327752857
1.63850188684732,0.931700102390477
1.46081782058337,0.851946892481411
1.64098128129956,0.894189184928133
1.45160317052475,0.871090023853998
1.54188059869356,0.922098769688941
1.52630126522528,0.936135139871293
1.74288110193887,0.941003452645946
1.63015409659371,0.958212602671721
1.67616592185282,0.816315503497019
1.49770731392063,0.86028270041447
1.61840325977359,0.932753918683499
1.61416543035878,0.880412144118028
1.66470748438415,0.941735586578803
1.51732029664773,0.838186224247791
1.61642746090746,0.887229729454964
1.40957101761752,0.773354503548417
1.66585010334501,0.93995338969813
1.49655207908139,0.887622312834089
1.59959306545105,0.903292943713547
1.47947371026561,0.934287057367157
1.44714229154408,0.832882088855764
1.59474705864511,0.863407193731915
1.69875199746168,0.947870681376247
1.54443484920982,0.926984819648806
1.46406787411378,0.853803828989385
1.42981969266695,0.845839139012529
1.57093683882294,0.80367094952703
1.40950127205949,0.77482824975015
1.51634638758579,0.876484012441293
1.55573822061452,0.866252651951652
1.46061038788059,0.834897221553304
1.68683581845736,0.806141102013262
1.53280357432421,0.831188367372928
1.60773295152841,0.906586965755673
1.45886011872797,0.823977737403182
1.45190323539292,0.872834172969897
1.76029447028881,1.01419747692218
1.59625228445966,0.905303924967119
1.45432290532437,0.859780768594346
1.4892415107216,0.907077620791166
1.60730436135396,0.891516571452968
1.58011410269849,0.82309238202271
1.78646090385547,0.98042120288547
1.47794462872213,0.889574385478347
1.59535465692511,0.895546901621167
1.39177396275566,0.864039081119566
1.62960573170454,0.853210903713461
1.62771791813897,0.958050351607938
1.53320873798344,0.953138905541302
1.60802089182115,0.872117478870936
1.67618969146886,0.88110504308161
1.55155611601208,0.851815244313402
1.68935554452816,0.921974498404584
1.31943212449665,0.850761208843459
1.72497078192462,0.92383472818276
1.56805594938173,0.849625287864696
1.49255279295958,0.834523415311877
1.76320797697581,0.951410693210131
1.26019844265913,0.734803860340078
1.58302061467308,0.895688080506717
1.60848744220039,0.917926457492858
1.59086874185669,0.880564019166185
1.59314998670368,0.890276590833464
1.77904811969629,0.987452026386221
1.47009777091756,0.899080613120543
1.65030786504712,0.887991655445223
1.59869429700686,0.893787289295883
1.49580099314452,0.798845249246292
1.20229097648301,0.7969416604465
1.43220634529067,0.753313195400226
1.65514564210377,0.882749593456967
1.47723275057826,0.813605378993914
1.64799859817559,0.962069284978249
1.57055085815775,0.960364234600206
1.50334307397259,0.857315278751112
1.65986817795318,0.931838991421896
1.64588537545507,0.908846642236766
1.64245593014864,0.92309478049384
1.66088607855225,0.938016026147135
1.49548101606807,0.849947912268767
1.66629119373648,0.986553927222771
1.62515973045011,0.93082870126469
1.61517256328312,0.88813008438096
1.57571142850952,0.888576357142969
1.59351814714538,0.875821154118566
1.55247889621427,0.845959754487312
1.60476831388908,0.871519837446839
1.7004535019451,0.960568220416002
1.73300316084132,0.968266669678545
1.51258620457477,0.89048123570048
1.77270750330095,0.917199480208144
1.42913816234467,0.831641684866256
1.52770953762226,0.955407541800153
1.71111161677039,0.97648836306833
1.60350423978404,0.914431398527661
1.50653576337483,0.904497740718581
1.7964285236794,0.892555643329735
1.73459503428567,0.928270026260393
1.15455219808105,0.778032747572676
1.61966046004626,0.901474782594424
1.64146023341084,0.89621106504724
1.44245671719163,0.82058813618642
1.66573800341223,0.84477446426004
1.60957056115965,0.876069808728953
1.72907761602345,0.995217890465781
1.71335902085221,0.898284046914711
1.61676431250602,0.903961625874839
1.71001646899442,0.959868119185017
1.53082032463342,0.865269108666691
1.84491457941753,0.991412080687252
1.68601556230608,0.965076541399241
1.61154838173135,0.92103455226057
1.61948973135888,0.952810595123879
1.53408413060856,0.918012101099707
1.57663133552367,0.786905959654744
1.69443030139227,0.952841550890235
1.47261627984956,0.852625276183562
1.81053090628875,0.928077982936967
1.39748707370731,0.801395319159177
1.45493731624319,0.788765507864043
1.51614596096308,0.911885601580705
1.81163523002414,0.959527876130454
1.55520334682362,0.888956776126366
1.35293052895539,0.788250301611808
1.73024865350688,0.948316558701639
1.46430137885061,0.823675529813861
1.39894664803817,0.737126961411758
1.62315565862158,0.954749101271464
1.55054732815389,0.857404872304601
1.73965510460651,0.978170654962632
1.46264652887458,0.844725565413439
1.82852492150301,0.981918738808465
1.76031421884756,0.973107062282603
1.44792674415715,0.873393625387952
1.47748843019551,0.78344833619349
1.41938086865143,0.876470477758267
1.58269241949123,0.902050540966512
1.6826797534648,0.849367090011616
1.44759498030694,0.792627587746159
1.61904182356586,0.92208513580302
1.61382004245092,0.921094951166452
1.60994366911946,0.871913088659215
1.43418468653424,0.822697790469073
1.66975639218634,0.981023489753828
1.62162852889903,0.916336754519978
1.76980797310827,0.939282336708173
1.83053260227618,1.01146278911378
1.53120661139764,0.861599515429179
1.56584532924736,0.94007019477661
1.60305098643207,0.923514302678653
1.56042877875635,0.931121205476186
1.37774708802715,0.805061809280593
1.45329681515022,0.835154296558296
1.50113043251386,0.765149377116077
1.62187111286804,0.960328822371774
1.60198092788858,0.898882761628355
1.71476234977543,0.958186849824545
1.66532797197122,0.927839260860006
1.32674583349608,0.819950847806367
1.47521073707823,0.844454669288857
1.60166083898811,0.945473462182967
1.48881770418748,0.836133578639653
1.47491232727372,0.847308991555029
1.34235878208004,0.810193021475591
1.6172805861168,0.789906015947215
1.63096755623691,0.930069764330812
1.5737246774476,0.971998536240708
1.36675261886713,0.830477800998767
1.7394397678352,0.90811017006844
1.46420024440661,0.90563624517447
1.66469525356919,0.938565380145234
1.50349427114731,0.841236394909844
1.4583253125215,0.894218293215246
1.74406842322983,0.936793945347821
1.15356803228025,0.766126284307412
1.51799966987305,0.855981049567854
1.34548316516305,0.797381281814834
1.42762049908269,0.899313216458489
1.66637078092583,0.931605604297174
1.52588260311781,0.849916794158841
1.82220499708716,1.00109527332822
1.58048524476538,0.881733257184737
1.68944398357126,0.943213506969773
1.82376221532356,1.01424067715819
1.54248411488758,0.938220668898171
1.80329205875315,0.912805508139336
1.37855213546498,0.859804997987175
1.5306701752758,0.842191809336977
1.58985246863704,0.857860883958856
1.38977520793557,0.820913228010576
1.55507258845507,0.823617963168952
1.50158613552073,0.80524878130212
1.54522700222848,0.819157533427914
1.6114509538736,0.935383683756854
1.48477204226532,0.867197758865379
1.51695503160293,0.884123272561799
1.51506233308474,0.843424628659813
1.42612749042782,0.737192907832096
1.71761747492399,0.936243416171207
1.52251568933616,0.820008400851825
1.7643984077374,0.979312752987476
1.4325167932553,0.851520667484978
1.70577691129991,0.933843370137027
1.6120049854847,0.848592741211021
1.37507539534976,0.853007128738596
1.24193505253158,0.728119446903374
1.48760119297494,0.882741253434095
1.70966160286243,0.927011966452962
1.86156104390487,1.02951593514781
1.64753756887198,0.907791519512822
1.59133135281546,0.866682683664767
1.7815710551749,0.957649383694544
1.32272189425837,0.870867464024679
1.70948211089199,0.985569317411228
1.62994008011807,0.927238215937258
1.78003718649956,1.03635870241471
1.67491947964387,0.888896730372198
1.55529881526139,0.892146371454699
1.17919126596343,0.788180334464592
1.38782345889216,0.885768909227953
1.70244984798552,0.954923363637031
1.72178089996882,0.932733329344242
1.62545740225245,0.915501086596811
1.05922129919437,0.675788970113116
1.33303111439507,0.770014652946793
1.63774090245319,0.913262573957387
1.50834149915864,0.88017001574222
1.47097760348068,0.856168104771556
1.4804781975876,0.85366500041174
1.61889745900823,0.899911174935214
1.85353345337567,1.07437742325387
1.56146376090079,0.887582971308255
1.75218268768854,0.982490711648781
1.44321728265381,0.846780299653453
1.7322806291056,0.968586632330023
1.4864948110424,0.856109310619726
1.53751295600554,0.885719540959534
1.6588816628554,0.994368626086114
1.33896589720401,0.826219853154148
1.53587641052068,0.874958215408182
1.45556432647394,0.85571917183478
1.71448728694811,0.960892224035839
1.64676140189477,0.905307861101253
1.78537234772978,1.03741324285565
1.19538702692892,0.737011037277806
1.64377070899178,0.922129267048763
1.54240658009124,0.888436173700779
1.57362742492465,0.975926825851668
1.45588446167682,0.83574996789774
1.65853332572453,0.916031816625836
1.3163707949832,0.776008027335551
1.7124409409408,0.95090976523308
1.7230011533399,1.00057146684488
1.56069554150796,0.869099188603316
1.48176766555581,0.738088848277137
1.58162459177149,0.920740098980397
1.33674028296149,0.767062725365687
1.70899369611674,0.911304378217456
1.50591154196909,0.944898793530196
1.48772904671742,0.792281301837435
1.49252505774668,0.859105457059467
1.7756174239665,0.978258785758179
1.29768323898331,0.846120272988734
1.64444151170763,0.866102859126477
1.66430625392526,0.934078223191213
1.71271078082013,0.942973438691482
1.57515361515078,0.958659951685559
1.68836100205518,0.973329511579518
1.53451882937688,0.928517348449079
1.65575631490414,0.906611719123146
1.64325553635905,0.847407993367556
1.54529209530904,0.85552995110909
1.78487523056267,0.98989944236774
1.454859847078,0.771032583643533
1.49244450420326,0.842068602461787
1.63142280297792,0.899735842765644
1.48361158492592,0.846889128944133
1.39974276039852,0.810325251943917
1.57763872600211,0.928898124075506
1.51990174413727,0.87185767506223
1.61228161370575,0.88960195845241
1.64271133489636,0.930362357878566
1.53092028382319,0.884036123337957
1.68320719177533,0.981613027618216
1.49662777558062,0.866941035907464
1.65418043705752,0.919681074069199
1.62447805064859,0.965869340791637
1.45481879931362,0.817291479744483
1.72431860771323,0.861125255856798
1.49596962734459,0.760302722175222
1.5526042361453,0.949901335992576
1.50659941944858,0.896385840746628
1.61206610422963,0.882380134227396
1.4500255107103,0.754550623497886
1.64209731698692,0.919015982619631
1.7459477177801,0.985573406973497
1.71156424456998,0.94318443323166
1.53901243828178,0.904723052672121
1.76023402363867,0.975692976447913
1.63044746917221,0.910687539108782
1.54910060801958,0.870041099024294
1.40131815755712,0.749205090694796
1.4969106913228,0.842136640841841
1.59913389915942,0.867196535196955
1.4690065314441,0.88079258470406
1.56574793193044,0.899660502930872
1.76181378026209,0.966708296058655
1.66010368845873,0.924167945270131
1.51343817295239,0.812910496902669
1.70228646093534,0.981767664738697
1.30814294084186,0.849828360445633
1.56465635053576,0.923012620508353
1.67830762273605,0.941445142533643
1.49515467587607,0.865497990704692
1.56395097438949,0.832237432757798
1.46870607499472,0.851901166112971
1.63270946399447,0.956526413784771
1.56484037654989,0.8515460491984
1.46832810046114,0.898829849706492
1.48814002337334,0.917642161918989
1.41205732876303,0.797929124208325
1.62161157255966,0.977136649677032
1.77045170428251,0.966697604769678
1.53000403668381,0.888431384220379
1.47336137933309,0.790348199851149
1.48822901998218,0.847538321371814
1.47370354998901,0.792925431403681
1.43551873631088,0.922945717291098
1.54088579204351,0.919668229484013
1.58964107323709,0.981198659407172
1.65834281411953,0.908829582969203
1.40599827573302,0.850674997318697
1.56148563561593,0.901345591957871
1.50378949233688,0.928883169256693
1.35494470052565,0.839098276155952
1.69782673703823,0.884944752044788
1.61685679316319,0.846536771841278
1.53058536964119,0.788398970201178
1.49729288397218,0.856580128698598
1.48344785637098,0.849689982836017
1.42286858225576,0.782444841634248
1.52034798790677,0.858127155440672
1.66187369328702,0.907660649277704
1.58937570113933,0.942377901595989
1.57826632307751,0.899871529893637
1.58403526214441,0.835331203959499
1.43923137056514,0.85175462411361
1.67913360093142,0.973287260554639
1.60068085396593,0.887064430045834
1.61604548660135,0.906809670075792
1.65661913398479,0.928348456862341
1.47075845809203,0.883560524708398
1.53896845075026,0.843397070992122
1.79750161497525,0.965633875245873
1.66921499429793,0.979891634803367
1.69266291750837,0.914207790626056
1.5759671184345,0.824131670600051
1.62059702837241,0.885554929197586
1.19381598371145,0.728135771637061
1.45822750174076,0.863219984810665
1.62744353385721,0.955663208544547
1.64052650230368,0.913494547451247
1.7742424109813,0.995575544272558
1.52101011099859,0.898353585289007
1.572717792961,0.846674698918224
1.77616491417864,1.00114548094346
1.61120480721382,0.901791477739528
1.45158935672549,0.93410997491656
1.46287483447623,0.82220532487768
1.27387071517898,0.800056892440521
1.44594296059453,0.850952096972109
1.37810392420285,0.852695447351137
1.74870673652914,0.940077652112761
1.46633295083968,0.782247397905239
1.4315747765768,0.861578148711335
1.46741709379594,0.919798490500249
1.65206710767928,1.0269992510333
1.29736665955915,0.707944188503844
1.59835187863816,0.905481863901069
1.50240474864471,0.870152975027795
1.56612645073522,0.79790226847739
1.43703780849951,0.835002824000136
1.69525122686266,0.948626497492066
1.51686434284544,0.76262453076726
1.28099771326619,0.817208162600427
1.78116768580166,0.944309062046152
1.69749233702697,0.946897587340496
1.50202802417396,0.78876855647671
1.60654997071963,0.880987814525185
1.81337396566667,0.935511319055506
1.43052645222473,0.833171265862082
1.38004751072305,0.75010266097418
1.69908776327223,0.935465207056871
1.55712506620057,0.86166330069047
1.72475579106376,0.932063165776815
1.74208081122524,0.961519186451046
1.51899225228355,0.849125217337851
1.64127837883077,0.853274907818449
1.64128148701551,0.945273229245359
1.46616075136829,0.891500671170486
1.59732717722447,0.904302066102608
1.53003169831327,0.901028815616167
1.71809834367518,0.945932204212667
1.61949172721282,0.915965378129116
1.63084405044431,1.03405813602491
1.67128319874923,0.958593177622916
1.54345902444879,0.896502170962759
1.68376470806847,1.00112767127915
1.32646048532078,0.705908136037118
1.64942879960815,0.895715048756245
1.56721920482666,0.859368957449375
1.50855839144008,0.901230158730456
1.74184661623083,0.939084465987965
1.50803080278261,0.87594394072851
1.67226056872784,0.946906463399483
1.58015741949152,0.913973515222658
1.40236583431002,0.733707354777949
1.42830430891927,0.84243308769222
1.42081644876196,0.831087143939396
1.48600183770379,0.894633585350577
1.38692885005292,0.831430984354338
1.64352633017254,0.948884152213601
1.49111778086192,0.901408064920277
1.815681468539,0.969428166527612
1.63079153534578,0.882863983462454
1.58765287263944,0.995548721503127
1.38496409011438,0.817673910707895
1.51037670962625,0.869929814809981
1.67900904201117,0.889895282417523
1.50836095784125,0.847074937599926
1.63874110353628,0.8677711622588
1.81497599203639,0.975985155100956
1.7313907626464,0.920141307596867
1.7035761490643,0.943817615210189
1.69091238092671,0.940850288187441
1.68872229101893,0.940014431746112
1.50726869713292,0.825060709962129
1.84049378365082,1.01169218110967
1.61105457418337,0.908555431478297
1.52518384558166,0.903237171550313
1.62498587685337,0.947754908887221
1.64289092868192,0.973526728375351
1.67891088423219,0.92484838135289
1.59600683610837,0.975387845381828
1.57542967551897,0.87450622333443
1.67330304156856,0.919234239839206
1.59544644776045,0.871839983251704
1.70980928866659,0.991806771928255
1.6942666299051,0.912972373897746
1.72063302780772,0.893557585167801
1.56967159859873,0.887987774891156
1.65319346389854,0.997815728776592
1.37734784138652,0.836293931696673
1.30437552207319,0.79965279612054
1.56277234203139,0.897287728552866
1.45223398944704,0.834615075321757
1.44131200026333,0.810764160397321
1.50095016816251,0.861162000306798
1.50748089224559,0.844974477605222
1.71501224524374,0.920060497563294
1.56144573952371,0.906400539527939
1.64162735789238,0.920099652636156
1.60806665779211,0.898357207700989
1.54364742142141,0.886008147346412
1.686864116956,0.955916994794258
1.80701113159088,0.95078198302056
1.43309581060942,0.836845640726035
1.49762409720437,0.908546159651564
1.48471157705801,0.876017517112708
1.36289296415432,0.77828514669397
1.61925088238652,0.899819779852545
1.42215456897138,0.838221791248835
1.45991457224518,0.731485074691083
1.60835767578826,0.959662021738399
1.45440391997394,0.969236885200114
1.73548491002674,0.956164902504038
1.64898451678518,0.984156851469653
1.79070377507093,0.97291642838268
1.55632114111763,0.893080892845585
1.548109439364,0.908552926573414
1.8306839353296,1.04544531910373
1.49618585014132,0.896090025533062
1.50226609081436,0.892304921761249
1.46813906507751,0.83866141530177
1.5975074049214,0.911256007118638
1.6005072894115,0.929486792521333
1.64502525932156,0.904004448533009
1.73184239441545,0.878024006751246
1.54423874189368,0.879101652431627
1.50781157009611,0.862562357781114
1.44442862177914,0.830691648006723
1.59666498348223,0.947795622078125
1.71345769342564,0.954678852324215
1.49146192085386,0.832498180103029
1.37811985946929,0.717486703077253
1.65914385651531,0.94466069281775
1.45801026001426,0.857792757738716
1.46001271778691,0.804470034324775
1.6277595894239,0.885052384599456
1.68602057033391,0.972040558387195
1.69119603074195,0.934752134298925
1.49173802617701,0.816818029664554
1.49031766249007,0.94593195231421
1.66120032714728,0.942525180117471
1.27260474924739,0.730640070017467
1.39667953101369,0.831180725212762
1.46635268300712,0.797199943523169
1.64073814560025,0.923609038850552
1.52263751485828,0.846008869004253
1.24634645845709,0.796694491450005
1.46127137708678,0.827790942725305
1.66775199515591,0.92210180588765
1.75014368297851,0.896981404247378
1.56292567352834,0.784195034613849
1.55513507482399,0.939525656973202
1.35910427323011,0.769700924961483
1.6841535268707,0.971602110823154
1.52167581859342,0.826804038110704
1.34837520079734,0.796286408725513
1.49826084731768,0.853148680838221
1.64000514051396,0.876137820052564
1.54424241072698,0.855385651055466
1.52456960056169,0.848415714848355
1.38450341326735,0.813342310104305
1.64760528826246,0.905074661329829
1.55512926939624,0.851513323457903
1.45953062815015,0.838539528194888
1.51425866453483,0.852684402848976
1.57590878701184,0.873590556816021
1.47297285246992,0.804356898469265
1.51376580295757,0.851994378838268
1.69912225391032,0.970689353521188
1.74240010875415,0.907730202655487
1.4869901214402,0.810005935829451
1.48230594998214,0.85218351242598
1.62949554330154,0.893444910765994
1.85829858147826,0.936392418162848
1.6274190585503,0.97371113644192
1.64126765754419,0.93915122406214
1.29789635802891,0.839483611508066
1.42589246358173,0.840262309983632
1.66108971350386,0.932572901722677
1.4460565635388,0.822260041507013
1.4151697401742,0.781728822291985
1.76530115105555,0.97611382080197
1.49265386843518,0.935512629073704
1.60890799935255,0.920532441797823
1.68288447286549,1.00549067695415
1.71190265366474,0.871605814118514
1.39786028892341,0.849031812102248
1.46170378869528,0.789108468704748
1.51254980231412,0.776438469379924
1.45253340819276,0.834058814503955
1.56750146842927,0.892863318938175
1.37078207616737,0.809835474435051
1.32549056544771,0.864623891976098
1.68092744966763,0.950098001984699
1.84949106630751,0.981887129442526
1.42672693129237,0.822222215035778
1.65751269529064,0.988438256790474
1.55575653857636,0.942358402205897
1.7837521575776,1.02759446735973
1.65855921223362,0.932599827040938
1.61419112138428,0.877235208381661
1.40832203004473,0.844616865613294
1.43804930828916,0.856561747170856
1.4112370626321,0.851881484129064
1.57837981297828,0.926118708670527
1.49956431605632,0.927300122721617
1.53307616954089,0.916771272474185
1.57449634685088,0.898665490886383
1.62280723331433,0.883462316763717
1.16805538451201,0.769836893041814
1.43295662825103,0.841997978882163
1.67207963815412,0.918874808068107
1.74745461744081,0.964570394644336
1.50294086356241,0.774041733657389
1.56317018563537,0.8670922353919
1.41282684259665,0.820241862821722
1.44257811299234,0.911801258843151
1.64705667255791,0.888588260118131
1.54089767269378,0.949016477678659
1.50084086050599,0.875830353451107
1.58148920308788,0.909768895462397
1.56767181468933,0.910017954688945
1.66216319427269,0.909830739367592
1.4738652463625,0.865529995959222
1.50525904370992,0.860594817397089
1.53384349634507,0.873939486270804
1.22092648465932,0.767534684196828
1.69656456992796,0.91132979299221
1.76751110787261,0.978071783251289
1.71867184801043,0.89722683108973
1.59147098701625,0.865339803670912
1.65634599892963,0.973526247701373
1.67375199429474,0.900700085887292
1.80999656864329,1.02596430389511
1.61837818348766,0.905473451930002
1.76024941060213,0.994071194472997
1.54210256877669,0.866387689971442
1.55855600802309,0.911549615932402
1.3171303837879,0.756128227035902
1.40419942234868,0.866848754888869
1.26535966902894,0.685137483368374
1.51292623085479,0.862689968275349
1.62037006794562,0.941464023368397
1.66782936465061,0.953602863803736
1.4793497448333,0.876506701738214
1.73588536852158,0.987985390913634
1.59082209379808,0.948769591776993
1.38051474778787,0.83077173154309
1.45358118799908,0.85912193208591
1.46486788294803,0.858631057897928
1.40509242396582,0.870404111758551
1.57449833381725,0.854127157033656
1.80388490201157,0.955275004924731
1.50921496190751,0.818870204654738
1.65245632494498,0.971047053360039
1.56295734519454,0.889442640544798
1.55251343389934,0.84060156993786
1.58522043331258,0.917217508731144
1.72648776471657,0.942457082695326
1.56812783535982,0.894743786964375
1.38363966610366,0.718700181948518
1.47874466929896,0.845036430406221
1.71279325435065,0.939556653556724
1.60873736310604,0.909712944435216
1.3868526140982,0.868719290229545
1.40351977384744,0.804593528506867
1.57138178581117,0.902404348614283
1.55418810942068,0.869818425438227
1.44777536103678,0.842691192985541
1.5653020023309,0.902986012690754
1.748840496671,0.977831629618239
1.59393540412658,0.875282569114888
1.68591682174774,1.01409100453034
1.54640722001363,0.916666450761506
1.53083067727117,0.895210634562009
1.61692829437415,0.860211536600808
1.5250179467583,0.861654981484384
1.66794058959721,0.91103955803791
1.62939292781968,0.962569479587185
1.39807528959338,0.823492609863639
1.3001920017187,0.832299933010816
1.63591420621538,0.89637866299345
1.50344624175799,0.805813064267693
1.58158357442254,0.887342493423728
1.55285583241124,0.838376944699985
1.66468268042869,0.90163849813606
1.59570372585195,0.922245584423958
1.49723336166863,0.874480246667367
1.514297762054,0.876364916297704
1.7601442072309,0.954038052826601
1.60114638963287,0.932575014260099
1.50341696628227,0.803011358599883
1.71493290912263,0.914481673258108
1.51222771437345,0.815434002994908
1.66375192505658,0.926407731746706
1.61886373278091,0.916543755726902
1.5600779117149,0.956753711437092
1.82440387653139,0.992813863156847
1.52496629688906,0.838455414026251
1.58245027563816,0.850089834484275
1.45918434122189,0.805818160789258
1.56521951179398,0.861086134150958
1.69649084627366,0.918971640837428
1.36185781292711,0.837272292409761
1.48849695597754,0.781483190927121
1.64902552173896,0.899815715678716
1.38132770769176,0.765964040183241
1.68848728571155,0.867875580262979
1.57469968392972,0.899950168333072
1.23557673831046,0.753334774868713
1.70068419558876,0.910318561010387
1.58122408232706,0.899273150502003
1.76526070401151,0.989858868697535
1.74482803091134,0.946557095836481
1.51957866217409,0.861930299088964
1.52077953749385,0.858573450601573
1.60906239415393,1.01745227309483
1.73977573317423,0.94845178939852
1.65213208736332,0.919897193840237
1.65035072834175,0.86217715458633
1.66757717336146,0.905206512886999
1.31123476327427,0.85468382224848
1.53348815000587,0.842007788744236
1.51994813356812,0.832297148784529
1.52517016177656,0.878229327230643
1.33495382138479,0.861521486870767
1.45916205271871,0.875879421611292
1.64977261863947,0.958414028129509
1.54533115891538,0.90528671256263
1.63097404690708,0.927195840901738
1.64147940226037,0.938829725747608
1.45019425297775,0.88615230202554
1.43374850149461,0.84063648393944
1.50700361842111,0.928116302847714
1.56744559459038,0.813981786123287
1.75001585373275,0.970398287277851
1.4923312190161,0.872479638037146
1.59772623558493,0.879706871269074
1.47101567365883,0.850716595660556
1.54367758746646,0.911272133649956
1.59133779577533,0.98710706561203
1.72912386704055,0.957350072160057
1.64059620519584,0.980789433899139
1.53477652070004,0.823578964353873
1.2674482481648,0.821306503559049
1.59509401520269,0.945101702637479
1.67940021370367,0.934430792366666
1.47468766339702,0.849053283184769
1.21685719170648,0.702176187370889
1.44548947693861,0.832758324813914
1.58339996396588,0.86142879043217
1.711342602508,0.951349063534161
1.71810483709106,0.927373622409617
1.77811917706765,0.972342937022049
1.7238126352949,0.922265677230949
1.6583692264463,0.924048268833214
1.76744470018229,1.00050700314202
1.59221286195444,0.870245785724455
1.64554654286545,0.847712734388539
1.38191627399336,0.757985508778694
1.79069658111853,0.985270092700202
1.82990492850369,0.979180400983395
1.65105042871173,0.903254992897639
1.62644236931073,0.913986523789013
1.65989086268254,0.922463037867339
1.36448443910127,0.82431606424787
1.42113019410105,0.772855080440765
1.74253428127609,0.965550677950665
1.49504274682682,0.737277213716582
1.59168370481909,0.909211115382452
1.61438527843953,0.873709074735375
1.70997575794592,0.910580640987767
1.48255762948931,0.771119735141419
1.59583710841602,0.884628669867068
1.46382142514663,0.823434704104265
1.41646749294121,0.730064804638091
1.50373700748832,0.834246911766772
1.74593301724979,0.934302703431422
1.58911149503846,0.867139726298602
1.65260725106622,0.928788091784041
1.40641622172412,0.809111752478772
1.6258881039609,0.915540384421543
1.57930785628414,0.889834785187458
1.74630641531448,0.958561794459038
1.58357050308396,0.909267947657385
1.8054590678529,0.969423918611231
1.91932558735239,1.0721632409787
1.47601242899576,0.803676992552987
1.49503052240211,0.834208062104255
1.71866199740447,1.00602722830475
1.52085734972028,0.805625341633843
1.42555521528229,0.799218631730651
1.38612254842221,0.796540826149811
1.48781171335085,0.862044523697343
1.40972725696365,0.855687809887447
1.64519111959352,0.900607713776408
1.62555130124952,0.804915842070962
1.78060557422426,1.04756846013416
1.56073445980862,0.894889968639465
1.34306254778614,0.854455908882856
1.66945992824726,0.923384230919679
1.54563140396909,0.796563695574078
1.48598828689997,0.836985391897033
1.52133053096061,0.943273022186645
1.65996665087228,1.03683372199192
1.50657159903451,0.84568396043567
1.68792178782027,0.928000846334379
1.69925413800497,0.870698129942915
1.9016580721856,1.03581516335337
1.595086391633,0.961855750504781
1.62704043727857,0.881279954937105
1.36813563864071,0.813747687810819
1.54738575919268,0.901989622071672
1.58184033627033,0.888747804907149
1.42950433001948,0.863549786580217
1.57629797427017,0.868072547904175
1.64564754485842,0.90168107606072
1.84136050644981,1.01504963717654
1.72435485324225,0.93979732736853
1.48374178474127,0.846831702313966
1.62215711312757,0.923796525308204
1.65992138258939,0.937023814794917
1.63628568569047,0.887203881159672
1.66105058396238,0.826545965100144
1.70893169706131,0.92338810394337
1.61614913111518,0.88409390867621
1.67913159689313,0.886935183554742
1.5460988802973,0.814441086931198
1.70330329457364,1.01047146165283
1.45370291192533,0.863332557823708
1.40664144159705,0.776831353655992
1.65536953932207,0.946763827276599
1.53199358002064,0.851180289961224
1.51560569452623,0.854090649680415
1.36597626306698,0.795355998752011
1.61615703105096,0.954300983939442
1.58518912567814,0.923193604846288
1.70111057786551,0.935729968823293
1.63348051073262,0.938269394354955
1.64222226212339,0.883553694153997
1.52669510366008,0.86935451779196
1.70431240418971,1.01301683811461
1.68553814790711,0.931169573082518
1.67834902249639,0.929129656359527
1.43544148984191,0.873429234166081
1.68044907549455,0.940482261266249
1.54293598166572,0.872631082745867
1.76131926406646,0.911771982547936
1.6219885134696,0.924297072894282
1.55967722378918,0.929362702148276
1.69216172438089,0.907200858835118
1.65834060190558,0.852994054494516
1.4550126715813,0.821650027998915
1.46087076334192,0.858553796558679
1.35094958299432,0.757600029822879
1.54211863631067,0.85395186077656
1.67676748086071,0.910512686625206
1.42923840735812,0.834774461914165
1.39643094759808,0.750203197894853
1.55589195708549,0.87677699306662
1.58269064698674,0.9110483169326
1.52183778341435,0.873051409806633
1.80911083489345,1.00751609278653
1.54895576249063,0.834826024923229
1.51574821702725,0.864775811239671
1.58278967177444,0.901814415438976
1.48854084136439,0.816437188332712
1.42978434633665,0.759008138661361
1.41532578291268,0.875469248628278
1.69402223475658,0.960078582782135
1.65093311184698,0.905380103263328
1.32705380916214,0.762436964499098
1.48302736612317,0.895138132566929
1.74091195066161,0.955724606143023
1.54126856445005,0.887347629003564
1.49523125327838,0.852658198489056
1.60632964966315,0.840560620136124
1.59144034430383,0.840032756041952
1.46131428477968,0.836756690022372
1.62045240456282,0.910913328327847
1.76322640025409,0.950825854470657
1.72523636089488,0.968605819504877
1.51053793174831,0.823457609198436
1.46159376847232,0.816603596238345
1.63497050348244,0.957699040905951
1.55353453030097,0.913026215773969
1.31528140722754,0.702840786960743
1.5138238828506,0.954308346699287
1.46194201602344,0.890930688002829
1.75524819414825,0.940793654098922
1.36667013496701,0.819704739045719
1.62658351118083,0.952497454258355
1.69621403137855,0.960176993359835
1.60100470038175,0.851455536703001
1.33794617266413,0.861220418851496
1.63996492666128,0.919068712347269
1.56362792864303,0.858907885787143
1.39252187012582,0.755382054886351
1.50820207904009,0.86306906957371
1.73218869112164,0.962628931051723
1.48021976958787,0.881415652824289
1.78816498549514,0.988211694062475
1.48169777756149,0.807155773557187
1.72842856492302,0.948003237180621
1.49682029048894,0.883404846370754
1.50836247429659,0.848521801358039
1.54528065978259,1.00251083933467
1.71935267394132,0.963429352208076
1.67275388026027,0.887094555989589
1.6016931926534,0.881213225516556
1.59673263265187,0.917277302834353
1.58526236007366,0.901556837404059
1.80360578785109,0.961730522630788
1.40167603431567,0.770005220554192
1.46661877066656,0.77445278263354
1.49480538611259,0.886698841419296
1.49142112617478,0.809980167151961
1.69637807556882,0.948421898263721
1.52912037443284,0.898222056330646
1.60727226190585,0.91723819780787
1.56837500812741,0.876237246429343
1.52533904184038,0.867345708978801
1.54161290665088,0.890452127375071
1.636898608695,0.90285556409103
1.59740383431878,0.867883688447184
1.15496158260137,0.773255174970989
1.3937798816633,0.811805718128817
1.56408438833412,1.01965304154124
1.47099055966072,0.866488830125592
1.75131127013961,1.00819206254171
1.57242568122603,0.855121253663193
1.68656152798977,0.939496927006001
1.68048059012596,0.922721051776461
1.39632315593371,0.93308427417706
1.61568173514888,0.952077606395238
1.63279836604625,0.92225630584545
1.43925323812718,0.828143382896713
1.36844188851057,0.784155739423224
1.46727022340796,0.897542183011301
1.80921473149508,0.964282253412857
1.47500299267409,0.835308174533512
1.71670846213231,0.942715677683612
1.4513252488948,0.720462834097787
1.47238208874493,0.855898114798039
1.4365644860978,0.78514729280061
1.41215989601125,0.776470876841315
1.42531953547618,0.852543849665503
1.63277758188434,0.902306927886088
1.53459681702922,0.9230580316113
1.67481580906642,0.91430077428679
1.32156805898666,0.895695771262098
1.53269369659407,0.801573164452711
1.87237467461487,0.992576501475265
1.480780497234,0.833536047453329
1.63682456429053,0.922013621010481
1.57364939284593,0.912716999194195
1.7306828447037,0.953159286871074
1.66437406539132,0.932606648632671
1.59276993934718,0.913572193127847
1.63674033345792,0.901203763120482
1.35792552208681,0.715508167652853
1.55103875946013,0.890719403012307
1.69828790135584,0.910485601443213
1.43237435369714,0.912370918553678
1.37799777130532,0.800420869990765
1.63261247518367,0.871725694129419
1.41523220284199,0.864887939413862
1.33846489715999,0.749967345448134
1.43186916328407,0.836988994701902
1.39707311813581,0.676805703427394
1.60612589760866,0.888036103063347
1.75920779705325,0.927235040593478
1.58963923261444,0.820895535167923
1.62190290979259,0.875972882035775
1.83843922718518,0.964377646674657
1.64652374883058,0.900385440885083
1.58105324571232,0.892389486644786
1.4559959007087,0.823823987034026
1.73626249654345,0.898100881817785
1.4129574957842,0.826026532062425
1.59740018706075,0.906190478098324
1.5000737338112,0.889020013739765
1.48254712763397,0.868065490346222
1.66737306592383,0.951027169234148
1.62506139814028,0.919469689343635
1.84044180068655,1.05150986464302
1.56344041637609,0.933328943346204
1.72304781107709,0.976545825861499
1.67486632562434,0.903436048015314
1.38989977532907,0.834916427355914
1.2529936352893,0.659129721732827
1.59106671628961,0.844025167036199
1.5345716550403,0.848645756428473
1.56102611871953,0.896140781592742
1.83772684062051,0.929006569594945
1.78042246823523,0.908070028276526
1.585000099203,0.893020854462756
1.42282962624871,0.8226188666241
1.04288721647345,0.699301810444235
1.65934651556644,0.893822014380532
1.65683859618141,0.897288130879189
1.53617066734948,0.885552673948923
1.54321112255243,0.900109637846097
1.32449568372294,0.74656559451573
1.64459494670815,0.882974498546836
1.48850586302351,0.845818891289481
1.66340487417755,0.92444297010064
1.48203940108321,0.940972505285805
1.45197861639018,0.878883320126831
1.35923365203097,0.732952052342109
1.49072497758199,0.860999516450648
1.52353752383494,0.817544889207603
1.37923023613589,0.738205868271363
1.35252518476126,0.825753534273972
1.67882325128673,0.914376534027161
1.79145947039589,0.929290651206278
1.47791068326528,0.960499537885984
1.54275747190865,0.8652899258444
1.80987568825565,0.994596779930869
1.77621078365045,0.977419787539933
1.5840408672091,0.861076144025076
1.58512313933825,0.934547967052882
1.53112470955382,0.860855802263975
1.68068645495076,0.990245770446805
1.5370747983207,0.835000657224602
1.66245864130182,0.955255995910239
1.72833045422175,0.955608932929796
1.60804364397026,0.916308356771372
1.60301265758631,0.812661079039421
1.59835698952996,0.875982185728861
1.49861377194712,0.892505397927756
1.54011054839498,0.889976305738219
1.55552328598657,0.914783860254253
1.70028643485856,0.879239649863065
1.31879197002123,0.742361008312877
1.69894602033389,0.960004094879294
1.46762829693813,0.882363224716838
1.4853128228229,0.761395394497691
1.2795820274846,0.727168910888249
1.61228073529221,0.843078220912403
1.44582529115332,0.846705300413636
1.6549560106899,0.926052988137502
1.44945647874626,0.806655565214942
1.64854076019355,0.992710909931966
1.86442526584327,0.973080257877062
1.61744335211004,0.894082204359088
1.71033697360327,0.913705090143079
1.28086465301144,0.809460075430109
1.72948952354564,0.991937472463575
1.52366867119755,0.838620243564282
1.54691659591275,0.902648785148553
1.39100570443731,0.84664258561411
1.66185949589862,0.893919007080406
1.53582333389527,0.870343077261715
1.4627123814517,0.887258731583453
1.53674694220603,0.846681477496829
1.49575874242355,0.884223829715488
1.65116596342606,0.906173263202981
1.59181003450818,0.86168306366864
1.72853172582444,0.946085130807341
1.46465161686849,0.816578357597073
1.49783240282867,0.820229897836598
1.64574889478444,0.927187225607298
1.68122110190279,0.925259429612888
1.57245800951663,0.905490470057498
1.53867708300025,0.875008123275856
1.54468829183448,0.892538765769373
1.72778310954459,0.981555045969179
1.55504361163341,0.843050089985771
1.7157854605996,0.901889417505301
1.60819394444637,0.818864455589578
1.54544159841058,0.827937288596248
1.4081269446851,0.875862774891756
1.64008519701858,0.832127555302447
1.52262135106389,0.927767727106432
1.70727891907118,0.945369968553196
1.69330909878554,0.966560554487289
1.47542184577466,0.838412735103526
1.70124309209166,0.962506038478322
1.70101154506676,0.905202984782873
1.61534743981508,0.919827442596982
1.69670356014161,0.949466821018416
1.49118947711879,0.857029865424244
1.46047485060039,0.803588628867296
1.66702474095001,0.826297992348918
1.8026763962917,0.996370241706679
1.53204784602444,0.836140407044002
1.57037730545457,0.8850530705878
1.61708385300714,0.932515401967094
1.67305435944379,0.950727631676683
1.39771659855805,0.775689601360609
1.81721245037025,1.01236928552045
1.65901360066888,0.912739403126717
1.74512061994331,0.918725421772729
1.69911984946093,0.952996344743598
1.61327305728751,0.895896107670713
1.52336498222388,0.900394681282522
1.6310546046996,0.915677754255044
1.69749352279265,0.958644204595013
1.33063849445922,0.811328916159326
1.47415974455235,0.821781664577843
1.55065133523951,0.87796707383814
1.53392823775141,0.895614322433239
1.42711298764358,0.839397672932704
1.68138222032081,0.940351326981756
1.54440917894855,0.869887069726861
1.42436247918669,0.814523077991826
1.56559245579555,0.936801172880094
1.42811203636866,0.860107955659342
1.66026672876725,0.947178188531027
1.39513548603191,0.705056688666458
1.46543477212988,0.804522095865518
1.47185483809736,0.868345026205247
1.61702056727442,0.906365226481039
1.68209474625967,0.922510428373574
1.60770762587291,0.932567721678148
1.65264116526494,0.920331510556844
1.58263003635507,0.904621264435473
1.60104814677326,0.835131700398011
1.67095329531618,0.880374843977397
1.48505858492082,0.856013410035799
1.49679088936689,0.844493651754589
1.69207035525523,0.920008216526955
1.48668377222683,0.846571689529313
1.42793666098096,0.811136794210353
1.50289447938647,0.883619143542456
1.18568443294105,0.775141229031302
1.58337785537207,0.940308208969594
1.37775615627829,0.791892069233321
1.74984056116019,0.911203319750289
1.33423478050178,0.77273129778834
1.65284063842005,0.924185749144485
1.52557206672699,0.781159798447618
1.5099436672606,0.864808474041319
1.82567334061772,1.01129885429201
1.45404112461172,0.868758685009888
1.82615681909161,1.03931213644711
1.36636790381987,0.854154237467648
1.50398041397511,0.854296702389745
1.61655485009734,0.920885276351595
1.50130605780904,0.868611403344189
1.53183937282489,0.910103310951825
1.70221414339289,0.922816008676527
1.84126430103376,0.965726760707437
1.63240546183389,0.873247359170931
1.69319671314835,0.966538827344687
1.63371673197124,0.832709778580167
1.62549177780354,0.862136997867019
1.66448861800109,0.910644974833661
1.47247629579555,0.807077899785143
1.44329804984202,0.827697744728384
1.67190978879996,0.948276628067205
1.45541715510201,0.836256636487355
1.58509811140735,0.895251484772235
1.74204730783381,0.940419923918837
1.52199731335511,0.900331257626436
1.56374062109654,0.867646571546517
1.77243376241731,0.970033901466392
1.62049627375015,0.920858278251782
1.42546835101813,0.826356513692797
1.16476873038758,0.773006233221268
1.46645714662821,0.76109346779381
1.49043186724822,0.974290667060845
1.56707110664696,0.877175740118635
1.39232810326069,0.805094310984911
1.46660609310563,0.928510764848962
1.50608652898842,0.849379235640836
1.60344347869496,0.890195112699133
1.77835870672584,0.946739216658538
1.70157878334353,0.965640208116088
1.40570064040595,0.865955095626536
1.88853214616761,0.997871073168257
1.55774637706389,0.89201792766752
1.54720436254947,0.892737714027895
1.41512178096674,0.869285409051433
1.34995607500174,0.797297523845373
1.4433082389897,0.837940096382522
1.72583975773599,0.957511948846127
1.53334311868857,0.753246501505965
1.61589147088958,0.92818464914946
1.54091477763251,0.861915089183285
1.56748004239556,0.884742147065362
1.54256204989779,0.845053102771114
1.43012539673675,0.834617072553565
1.50536812238486,0.838423753143572
1.43511146752601,0.849348898718938
1.66838549637145,0.904253051038487
1.32375431063802,0.828020232957781
1.50598486183605,0.810796555772869
1.41765670520736,0.809474712473844
1.42819697797458,0.847860786242659
1.79315016863124,0.982677561727112
1.54325137810347,0.797210032285141
1.78684131033408,0.917068173794802
1.72567673671658,0.9699079005338
1.61658343835646,0.925789971625027
1.84266142213417,1.02231193932182
1.60244151319227,0.937735771176723
1.62863748386606,0.885140215362829
1.88644016040972,1.01990556548335
1.5931414133977,0.887551438448215
1.46898631509996,0.821550743751369
1.50059980641491,0.864777216533725
1.38093137840358,0.764902563922624
1.73806384998706,0.953307136507544
1.69020993098389,0.906373263975583
1.49318598598121,0.817024473072856
1.10008351902352,0.730779770834511
1.34234730200919,0.779386250858343
1.57707875020458,0.802377289625995
1.37552233493924,0.776421796355687
1.48894481789864,0.800130554701603
1.49533797631984,0.917905861621136
1.53603185697509,0.92772702169868
1.64116846818443,0.865664474050747
1.46775497703435,0.923399474556839
1.52330876752185,0.846371592389725
1.54898524199676,0.871592974144305
1.74028733761433,0.939008005095313
1.46736469844684,0.852236578456308
1.65808201584816,0.86380979057619
1.55701050974342,0.894448230000305
1.53020274973793,0.821030885355145
1.63561536995127,0.829498512494056
1.44029177738924,0.854702096078923
1.46988445900219,0.7796367218945
1.38704024498614,0.817053238602675
1.85243908290072,1.02933770570329
1.60297592275117,0.900421909772698
1.51818016939909,0.868888462679612
1.33013570575912,0.753191986705468
1.55643428024083,0.911313311841527
1.60605347417289,0.906609682288163
1.43058998487133,0.836680033735984
1.62706689844778,0.910450542574695
1.46446606668705,0.764624038223958
1.59373809217885,0.874296446105399
1.52958123400887,0.922102934840699
1.61522361014384,0.874223051164821
1.70525142358155,0.973885926177515
1.44480350380033,0.862150497782961
1.35993192992631,0.714067642613267
1.53731612341281,0.90923639187113
1.79361783645885,0.824483442565223
1.59855048809937,0.948179438992461
1.63636544320687,0.894971879900872
1.68807873149124,0.929509647205362
1.47473553362608,0.873773513596867
1.50421579759477,0.901278729014383
1.5973154662627,0.875498974059059
1.81240510339997,0.955687315957055
1.51927758084348,0.915460397486167
1.57964397755949,0.863323434844384
1.49307398693836,0.821659677440755
1.54137172229671,0.864399899887773
1.72548312922265,0.93634553786031
1.63728613303971,0.918559021374619
1.54418917458416,0.882916994700308
1.71083356549714,0.917528871868618
1.5253384424959,0.880020047953084
1.48144264709369,0.809954227423986
1.57585059369234,0.944488473704871
1.5738891888021,0.902505296085619
1.51652347836345,0.861901696411916
1.38951416738091,0.795298969975308
1.74727564094416,0.954665149851989
1.69417535943355,1.01171335681865
1.73902648329979,0.923590298577985
1.72309076887786,0.968989440242691
1.42080118813434,0.838708178866738
1.77744104955897,0.938561487649287
1.47668287042319,0.934429064835279
1.53060532821509,0.861957319687984
1.41502059815301,0.851132505401504
1.49835634230989,0.891945238755172
1.58898077688504,0.875582173486888
1.71136766620326,1.05253913342367
1.69863620142838,0.922713671638693
1.58895879587707,0.858720305006224
1.54217807030708,0.91718137822776
1.70584746129368,0.97411510040355
1.37168450894131,0.762246450160373
1.7058733136053,0.96940137409916
1.57245554892188,0.988993676387087
1.51319587603665,0.894505643997313
1.52731491980562,0.905515546044752
1.49979317671613,0.870262368854315
1.6177946967438,0.917599921267987
1.56791148202946,0.87626569880367
1.35432964501283,0.788104037977762
1.44497102692628,0.790429529125978
1.70598936296809,0.992902514275419
1.41840218494572,0.884187081474778
1.50281249816995,0.843298110415492
1.54037527360593,0.85288296964726
1.60745829007301,0.900051731821563
1.56119274334446,0.875122560159147
1.80893289163622,0.981748385662272
1.45376059435836,0.825187097627875
1.52069687575286,0.857064101466734
1.59947433961329,0.934067311936697
1.34367603625713,0.831093957668285
1.72843354455695,0.962630176706109
1.69551743549785,1.00253434430272
1.44643230836533,0.816352567467968
1.65663553365101,0.952083750646109
1.48909322896307,0.896791120562756
1.69289352153821,0.957570678025866
1.45576529826165,0.926357229200325
1.52307004604502,0.842451754815239
1.72995137997121,0.979043792224356
1.66472518630276,0.872374627264371
1.68039240237162,0.94887686021999
1.53388477361512,0.877216267593843
1.52105688338442,0.879919701134215
1.63011135672304,0.930495966074797
1.53224435904214,0.850336147752756
1.31889500684214,0.724581325809999
1.54940673119518,0.870797355021146
1.49803859028611,0.830013858764316
1.5920805089637,0.921190547277768
1.64724096160085,0.925831375524483
1.31385841757667,0.821011182138506
1.3757800928888,0.783072354627006
1.60298314865941,0.836521205816895
1.74530574321307,0.985123099652643
1.33121925192884,0.859963152545078
1.56047731961046,0.982038490448662
1.48964567053888,0.756861257613523
1.7018616955834,1.03362059354687
1.54653802446935,0.888039888450476
1.46151678482578,0.829887961947417
1.57247073674532,0.876074631973959
1.51273044655356,0.817513456938514
1.73987505924628,1.00878835530526
1.69125610569812,1.00886440816389
1.58799029610567,0.875804797534003
1.40365774438533,0.856811765225413
1.34790693081107,0.821098357201092
1.65747434516403,0.887248110962126
1.53914570101052,0.989907979464502
1.40937562312134,0.853805355979293
1.66225906341858,0.9397454150822
1.48249241634667,0.865671873856699
1.72720570546441,0.968831017895665
1.38346132710829,0.809036525779987
1.51028265581795,0.879741280062684
1.50084783246144,0.835651845705762
1.68405607467821,0.909744354072511
1.48019896709992,0.804027284340079
1.49800609687191,0.853441751369876
1.58670288705903,0.95251928217324
1.55212006644476,0.87837234159692
1.5105535048779,0.859200012655642
1.58954738318672,0.938036245301316
1.50539980054685,0.845648979638135
1.69532449247505,0.852287530694058
1.63758891979635,0.885929620704548
1.47331628502831,0.847802863835924
1.55087859815605,0.858841203136886
1.34881341859345,0.750195698744303
1.5769623350075,0.89977172000357
1.72849060238817,0.924073955303029
1.4392814869185,0.887170475087271
1.53740567683038,0.831275579269188
1.62072820828792,0.951239755977084
1.62602000556253,0.908994255563439
1.49988895895756,0.799916383556204
1.55282909754522,0.909012952144483
1.53643679327822,0.812633398569626
1.4790823396664,0.787902036324211
1.24331854546455,0.830124374494742
1.51492666739884,0.827323364059119
1.66747118180279,0.929579593340203
1.46300303583292,0.877205988135561
1.50060933346953,0.788493993555538
1.43456602339052,0.904129908672251
1.60976907205767,0.870808511472777
1.57053276846083,0.846898876852137
1.5555881763482,0.941392870453419
1.67859564356475,0.943582019584111
1.48020019177932,0.819479621299485
1.4662254410914,0.865670567214553
1.66681503880693,0.956568346117409
1.72948093706275,0.948159118088941
1.48273427446187,0.84445431159593
1.5578842465965,0.811477766199413
1.49280175644243,0.876706989111959
1.69670911537042,0.88565133960374
1.58500291199311,0.882417159146768
1.66984840299581,0.884961244337385
1.35005276709606,0.721536695137636
1.60821608085083,0.917762745611855
1.43657654105453,0.783254188986362
1.49990721472529,0.877348781717988
1.7528573668941,0.975899327041572
1.59526568453045,0.885159202684218
1.77711887664862,0.947084893161132
1.3679324377811,0.812929075731174
1.60203304483485,0.935119994433895
1.61943560405094,0.821163403209096
1.65522595204534,0.932968103543153
1.86348231076522,0.996073336591977
1.46992135985272,0.833596217040156
1.59458168309106,0.912512513811652
1.3644520394311,0.791339743549848
1.5982063305558,0.891625713799338
1.51861795420779,0.828236805301078
1.7644399349192,1.03095760310254
1.68034657944292,0.908050478849139
1.38189375591819,0.877016819615723
1.56415435959915,0.96714653519755
1.5778087272138,0.895265571609306
1.23601657025389,0.809343700935325
1.24781957894497,0.761030830998515
1.5123370762467,0.891132387655887
1.78052074021129,0.949269061551946
1.41503510235635,0.739385057222214
1.64389111099151,0.879767330971164
1.6451276110542,0.923777801855394
1.50538919660482,0.839621105891605
1.69882784234126,0.905696329838496
1.43264068544065,0.731875245768226
1.47264636614975,0.892460476797635
1.63678519720899,0.932833688482502
1.44455221051561,0.792952962181775
1.47306102424593,0.798202461369483
1.8584086596727,0.962756500542648
1.48062868966559,0.835003098272582
1.51284944964156,0.874111831809882
1.58729420174268,0.809589737481466
1.67682479256314,0.925829966165997
1.56629644400502,0.847023912441607
1.36034275863056,0.806311027739942
1.61746036751959,0.837924005191658
1.6208202642912,0.900197961269062
1.63010250804293,0.935635311420414
1.4201664564298,0.867975246225811
1.65006978861783,0.899480173250981
1.53222427421674,0.842770315664722
1.45612002029033,0.736532112487907
1.60943678112873,0.922346750547246
1.43018483529817,0.888889707303084
1.51982271921461,0.838398079881465
1.56290970288886,0.885097282271334
1.6475724149186,0.925819788216054
1.53174218907228,0.886418778224566
1.36683336251397,0.738119868414781
1.41502312407827,0.770510478896911
1.53233155528305,0.899114841705737
1.38279494994928,0.872577353659989
1.73093133314468,0.943573098117782
1.45221769700588,0.769336931886763
1.62831423798206,0.957230581057895
1.67864020439541,0.794050920475086
1.83521762503539,0.994558997569197
1.54307831715211,0.859773220250773
1.33109149911371,0.842231466480691
1.59654551247798,0.848009848243696
1.72366887148773,0.941734002216801
1.46334321529589,0.875011584447479
1.46174091469074,0.820197515831605
1.64192708793615,0.92125542895413
1.5160057631116,0.848863904698934
1.63610268621991,0.865358732440475
1.61877625703538,0.818483075199051
1.35316249372919,0.777862206180845
1.60947827807094,0.887394681052737
1.68182601474195,0.909853121716743
1.49710183243343,0.847446116341698
1.43974169089154,0.855067769481897
1.62147628676181,0.891145181085259
1.50854086005577,0.818778631725415
1.53507672777264,0.893286855124432
1.58838367792438,0.871691684534958
1.56043739508812,0.859284036930661
1.26440911411585,0.834543208827037
1.70719661145159,0.968428711709121
1.63441825265565,0.838213920307237
1.65481202067152,0.921094872859494
1.6461492926373,0.961278172520561
1.24866331402731,0.810988422056969
1.64292884763589,0.924725718337806
1.40509650473285,0.728989739676856
1.52112892062403,0.805372278141844
1.36272603766555,0.858420591644168
1.50323783336085,0.864296973965926
1.61820426341261,0.895176261835791
1.62839403382141,0.921268300917027
1.70058375246443,0.951501465666523
1.483623911856,0.85722063039926
1.3140922508129,0.713715267178499
1.35410280992922,0.724290578257496
1.54720294480319,0.868180216505805
1.39645444488257,0.784764894409162
1.49966278876537,0.869179469465183
1.75530739775142,0.957649352783167
1.58185893482648,0.841795833408354
1.69024982344631,0.933415805336887
1.61704413075414,0.931547141575285
1.41254539713348,0.833972039630626
1.51533914463885,0.861254875897142
1.55111006295093,0.84353159906595
1.48182948511633,0.83844545042307
1.47372736745269,0.824504783460006
1.69853913568159,0.90982008133199
1.81959594400724,0.968109425963943
1.65467325188334,0.953202814635856
1.42502817090792,0.870131656265191
1.67990734963262,1.00569877869717
1.60906058345872,0.899791004103574
1.59752588730755,0.932827543199519
1.4129339167766,0.872267113376195
1.75517007876522,0.948232118900259
1.54423254328991,0.837382703157448
1.74109682967267,0.95082701180898
1.55095304271631,0.918531549305484
1.91461014752821,1.03891617091298
1.54642200337228,0.82905980903482
1.54011847458296,0.894190077466264
1.45271961647647,0.829769729699809
1.39643507126043,0.714978597308339
1.69437953470195,0.877419712336709
1.47799515550374,0.822605645619842
1.62115162060914,0.899427581520768
1.60795583546636,0.870178112615268
1.6961707400606,0.937559479354815
1.32918852513375,0.814274161888351
1.70058172609639,0.949333027797808
1.3721669826826,0.809609234871077
1.38285609354742,0.852176506350821
1.39793549419711,0.75859256613109
1.77550760774915,0.960456046811469
1.65183381031921,0.933770095170739
1.52958138539074,0.881520429115552
1.65976254322163,0.933692806485459
1.50592848190959,0.89653654338681
1.54353354087373,0.879192852528695
1.64274767947139,0.783581998030476
1.50024596564161,0.895752617182293
1.62504388906632,0.915627334809007
1.74992174080612,0.876989568406001
1.53056633133365,0.87183168629569
1.50099709612252,0.849005226386716
1.47272384320498,0.854282990034545
1.50785639071086,0.794998400706771
1.60303137384445,0.890902160343379
1.44846870931178,0.798791726362349
1.54285197930883,0.946848901159107
1.81452043025009,1.00781998383191
1.60286043554462,0.983237573204816
1.51852186155217,0.883877552757016
1.6513962244482,0.981012121266967
1.5824168961465,0.876064401935734
1.5920852695764,0.924240602396144
1.451767602372,0.751674473274273
1.62625348889042,0.918262044242103
1.51606483834773,0.874038089115687
1.72655339633882,0.957195533834208
1.79032601461357,1.00778289046365
1.51873253753026,0.876935727301045
1.75868411809482,1.03137753530185
1.56765852445606,0.905784878480447
1.557308006441,0.887016642939793
1.45532484297552,0.932329014260356
1.48203370501639,0.862649851571238
1.46635784128799,0.835634091930278
1.67751117622746,0.955190467858922
1.64108768235666,0.937115854776827
1.47295473687182,0.867484162682364
1.44171472856653,0.831905980672665
1.56297346201864,0.87058300082962
1.48745949678594,0.808326260144707
1.60365691170218,0.955393274813051
1.65355836278781,0.856819010001144
1.59154619196227,0.919887706647017
1.65355820148107,0.97243073298039
1.69215515597552,0.922030325775225
1.48082312933823,0.850984736876175
1.54449814870784,0.852148719147525
1.38972302751618,0.874340822442566
1.43886975646799,0.897173923435935
1.37928892689077,0.836571198623794
1.49276207763543,0.870116825817599
1.46963999878621,0.819896198587371
1.44540925282812,0.867740056040839
1.65163460247947,0.890720607999329
1.65226371478016,0.908783499405073
1.54016717464742,0.836949802928354
1.44281095434853,0.81375851734955
1.50064821243602,0.887227867925739
1.51573463596313,0.905589990001742
1.5429830981435,0.842882118631674
1.406154493822,0.837477624996894
1.81373813720702,0.994427838079734
1.40292976977402,0.785736695149891
1.60552593681879,0.855569952665141
1.69983356877676,0.938062097066463
1.41202589269641,0.902534160724261
1.58121730563288,0.92875376356967
1.67972185034672,0.880329511220674
1.35942792997444,0.73050545495159
1.50739829929512,0.927225743151652
1.59915916154632,0.918406578492291
1.72974677510361,0.939183754938995
1.48885830430827,0.863719130133906
1.51244608411469,0.893829156919252
1.62573984452154,0.922269876903568
1.72735381399327,0.901800432095857
1.47607707586924,0.821248051799718
1.54864035196409,0.98614982409026
1.32361985821624,0.726000977440306
1.41978287740621,0.866929265515638
1.4973062031527,0.833164376053937
1.68274281929189,0.970105984938449
1.49824112084011,0.825895670370184
1.53367969827172,0.917516819271532
1.48541523144786,0.869982117388513
1.68263341612166,0.925796568351566
1.7445111928377,0.988065399984093
1.26939198741976,0.782832341189795
1.48875958046913,0.756851736815451
1.61570681151882,0.834551537172204
1.5039365235567,0.879074468812792
1.58540268550004,0.901754211857867
1.49879249031927,0.887743890731241
1.7686778549371,1.01771284140106
1.46384411114997,0.855927257451289
1.8470225742333,0.913465500398166
1.73387798759181,0.974350934241003
1.69824897286104,0.979467925879354
1.48625693271882,0.820427221163369
1.32269986232385,0.769863542650691
1.67502085226329,0.890266140664814
1.47528625069943,0.886482752962622
1.72938236649388,0.904001747291758
1.45257030947517,0.776684283891579
1.64750420504475,0.877416918700147
1.79739575459715,0.985997073584253
1.62443519887175,0.904497579930243
1.28738009754417,0.780820174350476
1.3939371054019,0.813421587570842
1.51363610731901,0.876279767445377
1.67165405338401,0.901487740030601
1.5957808840313,0.879616448099208
1.73719500618138,0.930156917161053
1.68439924277295,0.895773761629603
1.71632172666372,1.02216140290129
1.67733764629752,0.942137743972023
1.63994129896751,0.933044693801332
1.51063987408395,0.863662227425938
1.62637854331585,0.896561624353031
1.63154923073522,0.849218956026859
1.58267752954264,0.909605883439557
1.50078163283312,0.859980279059662
1.62520259178422,0.897870922744404
1.61553678501642,0.864394009757866
1.55915789436358,0.883310774210144
1.56991334198525,0.881307517106491
1.57806633773021,0.898162373597474
1.67999878669299,0.896743660254676
1.38555287157156,0.704714640151291
1.66576090528234,0.884231469296168
1.49352866799966,0.925768527275614
1.8846820369426,1.04491993773025
1.46374978492186,0.769705265630471
1.36631427568697,0.840000335420046
1.46327263307087,0.852169151923414
1.59522530636121,0.898964477013334
1.37050489663411,0.871217285096968
1.46894373625196,0.784306210575647
1.81609442006836,0.98549676317421
1.58125550900194,0.958937751857094
1.62313905978487,0.830573792602638
1.57026067503802,0.794243904966123
1.60074325366741,0.851491402610305
1.42967195060802,0.823390913082618
1.29141860745242,0.767112999694095
1.58331458240761,0.877058419095082
1.26566766137668,0.815519653107565
1.5292891367097,0.761545187630725
1.75397713444574,0.895049940718487
1.57497248017981,0.886678265249885
1.70898386855265,0.976413853964159
1.33590173341544,0.753112659645792
1.6493580828782,0.949871873899516
1.52975001186268,0.89322705001613
1.19147855957156,0.785965213614173
1.64343908652515,0.897859893442752
1.81271225174605,0.976855907178109
1.59692294426738,0.902155315397621
1.62887888498174,0.856914075021198
1.75800033791198,0.953407100214646
1.51386151978627,0.855025862013625
1.72761011816459,0.918222665527867
1.53756046478689,0.869630733147537
1.70542659793337,0.962337881520297
1.66576769155793,0.8802542526802
1.56223389786709,0.922541425713946
1.64642709860441,0.913496053581227
1.59326099003472,0.878428523774502
1.75748888281845,0.964884195813461
1.60325171004062,0.886717544499657
1.70854182028285,0.883061537661001
1.70148792080396,0.933153066986129
1.56668322252624,0.888960312080936
1.67045961774107,0.957595662567196
1.79702688110251,0.967317514950256
1.52715550815368,0.849827609098235
1.45118744561781,0.873714833180639
1.68922768546646,0.935961838831669
1.53066513148437,0.912267118733673
1.60230207675812,0.932034763024899
1.61808635101303,0.904565707206049
1.4197756498312,0.817291254387163
1.52083892986059,0.89371146977018
1.58569087781672,0.915227823215634
1.61519881113152,0.877533679437825
1.64031810576007,0.852844598573572
1.64091086152681,0.86695878935034
1.63182134629054,0.913676245561054
1.59586290202051,0.883076140377246
1.59198517213186,0.814923771221374
1.72486829622525,0.952489635589795
1.75376172308795,0.928911142743459
1.44408142449473,0.853368045301502
1.60902783414207,0.869350768800139
1.72956294007214,0.948470977463943
1.69604865244625,0.95040600983535
1.50475642304053,0.863545188675479
1.42880075328535,0.751188262702435
1.49807610022645,0.803371867281975
1.32241843418449,0.78294757331738
1.72162823252631,0.942927218726031
1.54779407327495,0.868241422463972
1.40847130019542,0.795486843043468
1.59374348601229,0.871192476067984
1.51995712558718,0.886012561659218
1.56806641750591,0.880934343966357
1.49792722496777,0.872903654554361
1.47398656368659,0.843076279142524
1.47306606259489,0.851217771083203
1.4865385776198,0.857129001335085
1.55727366266498,0.896764056675347
1.54236936038936,0.929250831354374
1.7415423646556,0.931208274659555
1.4591122143516,0.791735712534773
1.43606011593736,0.917756205379964
1.56110153813399,0.910914368397511
1.40241296613478,0.834374717990574
1.63797132310714,0.887313183453417
1.57708634055585,0.888841252891545
1.56543989353601,0.825996653632383
1.82943297579816,1.00872246826253
1.49800114084042,0.804166940889707
1.50001105182329,0.857413834612244
1.80178817867935,0.972078740993025
1.5276049723068,0.841397722878292
1.67854444449259,0.980989688243526
1.61119170317754,0.874342628946052
1.48927692157695,0.892316629713013
1.78793363976675,0.994043395927107
1.54888423096939,0.874531691344414
1.55061626878423,0.876646660892149
1.61202843352254,0.956872810460676
1.3348979724217,0.889609304189101
1.25708364174597,0.833121099564901
1.66079274924885,0.901988063624109
1.53161035084907,0.892218717480504
1.64871050890245,0.907637502403375
1.53888670109188,0.842496680545196
1.57098520005727,0.868433077549678
1.44069845172216,0.764374008783574
1.58988185671795,0.891790190809945
1.51745617184533,0.888326942814969
1.58729221983101,0.884289339602073
1.32064016504961,0.787697567988067
1.45436537630009,0.861919874884275
1.55358878651425,0.877319983933373
1.51793594733831,0.882766981976046
1.55126328482626,0.863808146160052
1.42397460501062,0.908667084677002
1.4958282856536,0.844904285465567
1.61693000135343,0.896685310766267
1.71612582681738,0.944053971419907
1.45226044382775,0.906783092014416
1.43271890021314,0.768786288491242
1.58380967102057,0.928098234803814
1.71511423509655,0.956803901574164
1.54313977949588,0.846764822676668
1.39750461090427,0.807742412629282
1.50547770222919,0.871231047324942
1.68792677970959,0.95570858830297
1.63202850625083,0.904390003665697
1.72938956736374,0.945738358880286
1.50758660229252,0.835341023085276
1.73508468982077,0.915147461583747
1.76076335701276,0.936368008024052
1.53632767760372,0.851360888075444
1.61526763511997,0.945223498654103
1.72652586445714,0.934421352447739
1.52385441292058,0.82882219060036
1.66697819778659,0.91786530905752
1.60687115632362,0.935020990991593
1.58780361207131,0.911895714929643
1.38802327080754,0.812089152071773
1.64390162925418,0.885092024793926
1.52603083949776,0.868841810716405
1.7102623288022,0.975356634983225
1.66393288070386,0.906892064915768
1.47661815877677,0.864829165897453
1.48965840618502,0.794741512379539
1.56809723727445,0.886911083694964
1.62787294618564,0.95684900198583
1.61355585405131,0.869117602788505
1.72531500384307,0.9431499742606
1.44271804594519,0.860282303266076
1.47574675079527,0.827720981676039
1.70553188102861,0.950455170715126
1.56820135254737,0.873325373037507
1.29657116860112,0.863943974105065
1.60745834373965,0.814554980269932
1.72859997956272,0.900167298354199
1.43646518394562,0.909856364567436
1.57219463531181,0.896881935725097
1.23166411280487,0.762655784140432
1.58496074629343,0.867506090784289
1.30893793610327,0.746192853333674
1.41482180481941,0.836311164254043
1.44184864166615,0.788379486989651
1.87117537524484,1.01518584724355
1.67747805829927,1.04387399832828
1.57045301928624,0.949107800831552
1.80226386739443,0.967943147260647
1.5489285386166,0.900124402357753
1.83293669247495,1.01048100633396
1.76043727595929,0.992640388927819
1.68236111476133,0.910784646568926
1.65069655429101,0.884573337117904
1.55481993181721,0.800685444072374
1.72874726943757,0.916757193174928
1.61635057964577,0.89697219882326
1.49095481717235,0.839228695708424
1.24629087564312,0.737992525591921
1.67297993298799,0.937611598694382
1.6214880084209,0.938142038436677
1.70227237719812,0.916443213368062
1.64962799332282,0.964192532271669
1.30999957739337,0.695123665326689
1.73669027416745,0.99468525844077
1.32450390831975,0.796880989880125
1.47231393832894,0.865865515797967
1.62686138755659,0.916243905583919
1.74616580965723,0.949088720812757
1.4150746918972,0.783279100734119
1.48547249544303,0.837988041864485
1.42725185973041,0.914691360883784
1.54364897655346,0.808409398166742
1.55727040976571,0.860346567709229
1.85147580362101,1.00663868381816
1.40217673945051,0.868378868728374
1.70778204422167,0.930639946136503
1.68014965748869,0.974410372502183
1.49810174285557,0.773598258935847
1.6849897433409,0.994020312312912
1.57996159100363,0.822520358407732
1.51743699674665,0.847861800880192
1.51040039333979,0.881323941262145
1.54043137306797,0.965734623543552
1.52159912117807,0.881702184074093
1.51082651163831,0.881105743209845
1.4704244570095,0.898413578342075
1.65124382562666,0.914868472841766
1.49786790427495,0.821423303659017
1.55424772722259,0.862346281162335
1.60912283998807,0.894825007363866
1.50466707372892,0.868509149968551
1.43156776794154,0.855773762911778
1.74718978571967,0.946008380726651
1.28802594978872,0.778824902587881
1.58426873193139,0.924499783844727
1.61206665447357,0.970455645484251
1.35876995615889,0.766177329219244
1.54839747947031,0.835331046005353
1.46173590922389,0.838710850863753
1.70609234925114,0.988571458072838
1.29277660306883,0.827978026275518
1.66431268328503,0.888016528107241
1.52656785230966,0.888930488506192
1.53831554788982,0.87039405572819
1.66171091833329,0.957410680932735
1.71247258935388,0.987548266322033
1.55877652039967,0.760480587501892
1.16341161779495,0.763410923129171
1.78737042524534,0.972311297326433
1.67967453699866,0.942539975696037
1.60794970944117,0.956115008327422
1.59278495564796,0.916004359265385
1.53049400468995,0.894198014518464
1.81886760951811,0.955844957948453
1.6504466143395,0.947501650612406
1.44001339226383,0.877828246434488
1.42150265113763,0.758989413101763
1.53078548255259,0.884608841233927
1.58031209993444,0.876947876250621
1.59275627673006,0.87595069442884
1.35448133813759,0.764347768651924
1.46656053860337,0.815618341886897
1.6913668286042,0.912652086169414
1.70986165515643,1.00590576846681
1.65986877589013,0.898390566044695
1.46025552511653,0.882181181934049
1.54701591509962,0.889949661016124
1.52580509466022,0.867793035788668
1.59198782622381,0.77830630085631
1.68199492527279,0.933131337790134
1.71873622130674,0.952748150731856
1.43632575032328,0.863785514226079
1.60448203072845,0.895343570580611
1.53003939361125,0.960521264710087
1.42275914809474,0.809048334008756
1.42476626210937,0.842655489820527
1.68936764414327,0.965786687970425
1.5122470103478,0.804706665817325
1.52950023665486,0.854306556598029
1.68164313270515,0.928274308629167
1.63165239513696,0.912555180863557
1.45831381735079,0.87684805739276
1.51771819662658,0.845475882234061
1.3881460080449,0.832197355616589
1.6365437987445,0.949693103139169
1.58258693542112,0.828214108097927
1.73036422552507,0.936624471379306
1.41931275662247,0.78957184478314
1.60533590779057,0.908568684401509
1.35705373658451,0.819606407739094
1.49064278096686,0.873099442497472
1.61930386626599,0.953385318877295
1.533661207383,0.849428677426373
1.45258862659012,0.852775813692012
1.68602949365904,0.920927125010937
1.59088806839737,0.875721856154763
1.76252619674527,0.964854770979861
1.39414350357262,0.729582291632591
1.48708542886351,0.834386450067328
1.38660079480066,0.833622622303155
1.74230913606731,0.992457654613246
1.63459205951684,0.855418640333966
1.45555230002058,0.879800200915044
1.53565100476886,0.846370314359011
1.64824581702567,0.920009769932966
1.61576337740272,0.90467589773431
1.68218458224174,0.949506575873386
1.45895657819972,0.783995790531275
1.40837561328992,0.809073843152415
1.71465444586898,0.975505493374033
1.62048990123348,0.81237258084448
1.5311703794797,0.884701218950151
1.60416654157718,0.855505768593329
1.74102928332151,0.957767524639809
1.44924979496387,0.856937993003405
1.57245183799287,0.878623406325659
1.66500574463553,0.944754691034648
1.46868968956311,0.831870898365599
1.59333762845296,0.87537399478229
1.4977673149955,0.831612499290273
1.44462706445251,0.827613664467674
1.68740175332806,0.910519685400295
1.33832118469795,0.843961305883754
1.71339146456489,0.927308281248307
1.42654790375317,0.857035029658328
1.61943937866281,0.916933021288399
1.51759180363093,0.869301578956246
1.46202307819273,0.907129972549453
1.59895200463811,0.895331012259708
1.66779440051781,0.946496218294277
1.49860499425205,0.850263977535942
1.60159407732695,0.911572309403389
1.58081497025454,0.92933437711506
1.40141794961044,0.892118242761807
1.58621986091682,0.85530241804137
1.50960066589386,0.825133583626012
1.57826737837581,0.900190629785745
1.54594015282241,0.963227622183082
1.61289298604259,0.901559917282296
1.79122046160825,0.95410674940564
1.36049683612696,0.838958446404979
1.51524067934101,0.876201453308674
1.52081487112372,0.787806287345836
1.70021028956666,0.942837432940026
1.71914430783369,0.963439803469848
1.71131336878206,0.908655604892038
1.65686643835076,0.887058166605251
1.6451296023682,0.944400016571309
1.57338129751235,0.850454600280682
1.6179891513142,0.913538914675385
1.19502910960879,0.803369231574479
1.63230958296785,0.854658563759559
1.71864006014652,0.920016061089204
1.45790066251239,0.836037546596241
1.61469229329612,0.934326329411262
1.60432551689852,0.870485387402726
1.59303061477765,0.917261903608953
1.73834572844892,0.964355915627079
1.65241015788579,0.897849321025097
1.55721410888135,0.881811274273947
1.60279970980667,0.929159961890705
1.63990802968974,0.912441138259118
1.4117114986628,0.870776791401009
1.7570252365444,0.96811080719204
1.59061606255168,0.89765799953683
1.58993219370934,0.868814305991251
1.5014940160328,0.861626258158558
1.36149429942482,0.862791273022547
1.2681453001879,0.825150483345604
1.5002311458429,0.898519500120811
1.5616929752518,0.917467922109716
1.52879256654439,0.818820121491783
1.77686839463249,0.962933259710029
1.62280783654536,0.931550002775393
1.48797818795922,0.887476884392622
1.56791445418906,0.862806168924338
1.20002708195338,0.725889674215774
1.31133966518628,0.830284224562549
1.61049847918791,0.896576152999664
1.47253576628896,0.804960234828804
1.76754590582452,0.932037235371655
1.54114532899418,0.877366440169789
1.59719630075103,0.945118075788589
1.53512912468512,0.900396699673848
1.65341416187256,0.940030378706136
1.72905365735586,0.99024342915651
1.40215068911682,0.771477635721211
1.62030759626382,0.890058193154064
1.58880746591606,0.915211375562648
1.51993264109889,0.934442995828261
1.68331485754212,0.901087998140791
1.59929544054906,0.925080944931191
1.4491768054602,0.806913930469088
1.50785626694041,0.871344013381886
1.73141698520363,0.96154898756503
1.55687748611204,0.889340793587976
1.4109457134205,0.775125374602274
1.59599949021307,0.922547567402159
1.50104741755929,0.923719138736671
1.47658276816282,0.814382469522369
1.61811030699592,0.926038283356273
1.81195396896255,1.0127641919334
1.6653795093942,0.915052501063247
1.60104622130291,0.940487254832477
1.66329899412695,0.958349646721517
1.51764609402494,0.884171183544969
1.44177906658757,0.886273127077499
1.79737910362096,1.00792856793575
1.32305995800658,0.785831379381945
1.30415501963562,0.848682462239941
1.48063953537764,0.852603638894652
1.36675519647804,0.811576354240178
1.45526395240048,0.894903170943597
1.54937754090907,0.807405204185556
1.60902652120331,0.900631701107711
1.47421608648876,0.789581103091083
1.5509414545781,0.860320699554519
1.33223981967898,0.821482167013528
1.35002268196227,0.853713954128311
1.6901342007587,0.975569472275228
1.45428165361785,0.848571397619101
1.28749869448918,0.795843623143105
1.42963678525617,0.78905838078041
1.62010219698212,0.808587572202147
1.57780847203539,0.901668346884252
1.55795088555114,0.870725661593982
1.51594818693112,0.853694422544049
1.59829725169657,0.943040152464696
1.69848728787962,0.9660384956983
1.49843853010864,0.807279391450771
1.36205269140527,0.786645077604571
1.52960247928535,0.903276295598308
1.34847379822345,0.838931847339146
1.63907351636164,0.931834654499417
1.74830629625688,0.955779753044579
1.52166153584531,0.839776777759046
1.62395715375036,0.906681466312028
1.72556969105833,0.919788111283463
1.58300398596253,0.824148523777932
1.29386743453627,0.801654871343545
1.57181073535846,0.835865089955155
1.68562420647179,0.853889454661773
1.55688384939108,0.853885759123442
1.63942395127133,0.92242851934839
1.67632983180576,0.92787629345852
1.61289845634898,0.931736553242155
1.49315601877502,0.813355454336268
1.53099110422702,0.794977402153366
1.57798715536968,0.83626538081665
1.73635552842703,0.965349118775282
1.31856092453731,0.828582606257681
1.38676862008453,0.871670504323372
1.28420616751482,0.816613563898618
1.58750582982253,0.895644001673562
1.43234002575181,0.721923537271218
1.33922379038287,0.884811919243872
1.75672326460891,0.947281836177232
1.253034211636,0.835944316903965
1.51237548845995,0.787598837097821
1.70207643868175,0.952818912069162
1.68675110314347,0.921337248137126
1.59317856233635,0.852399890604727
1.60548896525725,0.882371188452878
1.72566996945395,0.955992661604473
1.70514602682074,0.947191015340869
1.46780344468011,0.849704007643638
1.69025817464235,0.918288535653222
1.62611739136275,0.901126178296876
1.57743125915079,0.926100464524558
1.49143984525332,0.820667073404212
1.70644853430416,0.94383929241253
1.47571839778024,0.840019200402905
1.5743959868421,0.874043466810323
1.82067618265162,0.952311421139988
1.7705951681975,0.97836706955527
1.79626019446973,0.91580579501889
1.47426577713113,0.914878433182261
1.69474406626269,0.964976078579593
1.4752996755962,0.841028021646722
1.48270934851973,0.75082594803237
1.65271375513149,0.905578315867419
1.63803058219661,0.821186989168679
1.5687699223147,0.895120899169896
1.83726452709977,0.994073497267035
1.7350303173968,0.945273999795533
1.37828296349339,0.808730180715106
1.49082145648268,0.89186976231761
1.40590868391331,0.88323023966521
1.55187928530402,0.853085596446964
1.49020013642739,0.891356137038214
1.48252810711676,0.915067992202035
1.58375734179246,0.875509153885226
1.5665284760168,0.855328728214387
1.38928615559928,0.803533743279734
1.51738943052412,0.860419187771681
1.62709233223703,0.884728154061834
1.75393066395057,1.01187623831761
1.42309161358064,0.896972004397211
1.70233619073544,0.94630913565844
1.44159183049567,0.841910111243899
1.60697726584957,0.933339952823253
1.85959448825192,1.00637985959807
1.43408243037256,0.83190789848388
1.79293391943975,1.02659817491106
1.7470310552032,0.999019844505681
1.53644254162286,0.868525263647992
1.75201406345336,0.953181176485407
1.43991518021515,0.863030631921369
1.4917962131986,0.893118580088202
1.17039113566486,0.745642830455257
1.54840202992517,0.814281589096354
1.58315283611367,0.866119248789997
1.43159284558237,0.865409443455119
1.66600127172445,0.979913297176586
1.74714381353497,0.993890132606039
1.55470629238479,0.873154043521351
1.70320923497944,0.947672345249301
1.83483494051168,0.944414438340237
1.43851446226465,0.829267508647998
1.55127565120045,0.933287977210922
1.70003556237389,0.940780934381304
1.37359962606592,0.748557342455554
1.5007819183706,0.879160948328572
1.75092094019611,0.93172541493521
1.7464927472539,0.938889930487269
1.46734301613842,0.828419264382227
1.57999839420737,0.904763775397986
1.60293214070841,0.770572630164635
1.60072172574569,0.865424940208548
1.38680480298665,0.835502685870128
1.6588030924158,0.876669290205459
1.48007216763937,0.854634756606366
1.45358133950437,0.858799516807133
1.62287762233344,0.928765332128397
1.38421511885839,0.798329518496577
1.59233485959047,0.790670642014672
1.75218969881409,0.981213882613013
1.53921716700807,0.789642451543642
1.65827552236425,0.910627938835729
1.69682696117021,0.90747956730479
1.81429883538822,0.965468135372142
1.57442818744336,0.909026690528156
1.67218424984269,0.919508970996374
1.40715174011061,0.765845918958191
1.32729377361549,0.861431778402858
1.52589420187767,0.870074365833281
1.65314356071396,0.871663185764979
1.66535728328941,0.950585602873036
1.45354441883873,0.858039940109869
1.54365161079477,0.843882228122013
1.36736373742276,0.870226449490228
1.62254794199301,0.853462462547123
1.75549292382639,0.911077150240175
1.59924040268431,0.905954205271239
1.63256252272079,0.97148870823737
1.7113360035347,0.864120681121702
1.69212223347296,1.01257395529932
1.81475769546466,0.983189479990167
1.68879267493767,0.892834425156658
1.4835747446512,0.90536271425569
1.60935602781086,0.916452512145027
1.63685366612184,0.898099680997677
1.78210340204131,0.981632134067725
1.51384460927284,0.849399564358531
1.43890965228256,0.849924663292407
1.46161542686395,0.828544784751277
1.50675057739628,0.880121379529711
1.76203001010826,1.00783514844773
1.53828201437614,0.907745263405675
1.5038840788326,0.843154581612721
1.74277835275226,0.950992197092478
1.76164884983953,0.949335821777727
1.77042393566364,0.941688456808779
1.60587499652845,0.922365787587119
1.58093321929776,0.85542925832419
1.599619686794,0.980184073585799
1.77058797750064,1.01742640577161
1.71484578917891,0.933905372085198
1.65641193415253,0.915511714095236
1.36643188271618,0.786608255487517
1.64939524867765,0.920558188577279
1.58323769772524,0.915593280045098
1.74297016082377,0.922673671265784
1.51308111327174,0.853211036932738
1.39779395801181,0.839298402606387
1.59274438452185,0.932146969599306
1.53632738161805,0.895367260322273
1.5728147197449,0.860784067891559
1.68588136299006,0.916745214339421
1.64692214407017,0.920161504081034
1.46609960035607,0.843260346942037
1.54681485603714,0.80679374165743
1.57089576883593,0.961290553639544
1.52163108483145,0.957179376174547
1.44132362946238,0.80891316907774
1.73414223388298,0.933719025817547
1.81587301282551,0.955203646064435
1.60606548978423,0.912372483672264
1.71824457879673,0.902566515019837
1.68719638320649,0.969087752426813
1.61506497682154,0.931845243474456
1.59267840676893,0.854398694274451
1.74055535677929,0.929159079272275
1.64765457916375,0.889381650702019
1.51379338576481,0.834683818661534
1.49311382784325,0.804098160822252
1.55931155852462,0.907604096728784
1.56659917942571,0.961603867689328
1.42914310923803,0.819626785406556
1.41988144246255,0.803253923763734
1.5519772469392,0.857120055669529
1.5525261951111,0.833747699080388
1.65400242356044,0.986702005088498
1.6256827563513,0.94006276377475
1.43993122672768,0.809069109864367
1.5487065795854,0.914497514386143
1.33939379956726,0.703703103865969
1.47384403772131,0.870106056622305
1.31531415436601,0.839365466577811
1.15791095005951,0.761967474472069
1.58479757916812,0.897400107609994
1.56473280835131,0.971573116544644
1.79754178917481,0.976066963316153
1.5920780201825,0.909953430797255
1.73679655184458,0.974281043309287
1.72462159238671,0.966939490863255
1.35093838635907,0.820682233977137
1.62278920781763,0.878759841739332
1.43791172571471,0.88187403176701
1.63386407454684,0.887491193107874
1.58331013001448,0.90873824870788
1.4201406634961,0.856618336769611
1.53856958221268,0.832956151354796
1.60976844055617,0.887496496514693
1.5209325532509,0.912646943461448
1.42092574317412,0.81682229240848
1.54001528069433,0.830411520569244
1.53902381204962,0.886554421333157
1.48320853430239,0.875006196867319
1.76957512325593,0.934986225232112
1.59002085674617,0.853965837895197
1.71048308368837,0.969317925187142
1.39245944128299,0.874558184859051
1.56327830386911,0.864779920858477
1.72627286452168,0.922529073658376
1.43955404454248,0.753548877042604
1.63063092081074,0.855757692581412
1.47779487162139,0.836743648942865
1.71331344631356,0.927337287025313
1.74942764173577,0.915851358089578
1.86877838998587,0.95865198511764
1.60240406534222,0.876696575103525
1.50327664189216,0.782499418695907
1.47801424442275,0.796338704643635
1.68143711880814,0.91769605552741
1.4766311348259,0.9045524899628
1.58530494569152,0.883571825134236
1.2353501550289,0.809505785128656
1.70045200268508,0.935872450601665
1.54723952039376,0.913174716907646
1.66209000728348,0.905855476725646
1.39085273601407,0.868174306351008
1.83806211158201,1.02231687010309
1.90463583993212,1.01837091956826
1.31874714285852,0.697282449863811
1.46731638544623,0.800588414345849
1.79602871427495,0.958856343019934
1.40387825635635,0.892047922844169
1.57062544419278,0.880882884780955
1.58751820728971,0.877072399066933
1.60327082045257,0.904645871810064
1.62451520130281,0.921354768032223
