r0,rt
1.36760877265991,0.983754106204446
1.72657983603142,1.19505385836704
1.35045697832869,0.977963496858918
1.50757534929598,1.06779887786123
1.7709020446724,1.18832775527422
1.65374349530338,1.11130646266166
1.57007575192011,1.00134927827855
1.5509210534795,0.975388473532414
1.60699732879967,1.07673880822152
1.5191984107389,1.03860350081346
1.43185855202329,1.00637835092329
1.68021098901743,1.13297429341041
1.63632731332512,1.05554092114621
1.55279764278587,1.08166058426125
1.66904957987102,1.10847181183763
1.64513162541841,1.15794967754414
1.53143261753886,1.00446323642311
1.40982020929655,1.04432098130577
1.4996189611398,1.0241227351408
1.53475270710213,1.06088190542562
1.45784838090513,0.992063451696553
1.44462134186753,1.07255388964806
1.41062802454235,0.943000583882815
1.37902559909594,0.965965436800787
1.40712046100849,0.994525326143103
1.57959834641645,1.1200568384389
1.56251564113578,1.13556317682954
1.47010075524307,1.01073916670726
1.37781854073382,1.04852162659225
1.56583496572235,1.01309540285659
1.4409456707639,0.925773875190023
1.59123125071324,0.984013898026514
1.40662844158152,1.03054588075047
1.50159773240597,1.05124654316927
1.44390540226272,1.07648028341587
1.54905541465167,1.10154144309067
1.48044262706334,0.976164785997227
1.46944757472132,0.999710200329247
1.40052877677376,1.00327654889992
1.86863771637259,1.25965673288973
1.71746229565234,1.17277747680418
1.31176645699562,0.935147374445706
1.45723705552518,0.94738036032922
1.61593595818426,1.1117064573227
1.69265875891359,1.12162237833394
1.65423878916129,1.12468761167321
1.67515057710668,1.11253493377992
1.59747393921963,1.08717149519862
1.4976275267142,0.985861900032352
1.40772459104581,0.984275302503501
1.56674009107677,1.05527372706049
1.5268879896177,1.12303427171243
1.70180383803989,1.20405516694214
1.64722681890851,1.10418548462177
1.48014303174447,1.00441302572149
1.63504772383897,1.15918281356145
1.52095435699276,0.963034476453515
1.77520025837756,1.14492261329968
1.41422109796864,0.972131431201953
1.4645034066502,1.05991418413368
1.53714822629749,1.07428414689954
1.46438786737759,1.04845922435931
1.46675014691971,1.02484294652122
1.59867936053555,1.07032949524868
1.59670545856406,1.04609701169172
1.26945178476985,0.993778019054058
1.65558228478958,1.14123401743632
1.61932549668714,1.08681920916937
1.69206569180938,1.09647275675372
1.28541932834118,0.85679246210074
1.37052880420214,1.04720947796951
1.63843640498162,1.10828481901535
1.45412342729048,1.05923202605328
1.60690351234138,1.072232006975
1.56091288931743,1.19698491030037
1.6225153542946,1.17319143591478
1.61386953257598,1.15112907914805
1.49382374451345,1.03805170982177
1.63569747837178,1.15614906988716
1.40834412020793,1.10667363527194
1.83429457314499,1.19747496836626
1.63846028847826,1.09698180888077
1.70501895063559,1.09406520580074
1.63486041073834,1.14025803912519
1.29820227793808,0.850272834916644
1.76560404619307,1.19150546276329
1.60108069878795,1.0580103759555
1.56218895035568,1.06226337370234
1.63058209868217,1.15958557525916
1.54155839792297,1.0714616522341
1.65133192814294,1.09113181049123
1.74160818723531,1.15911293251742
1.72837835704896,1.19711590375973
1.51514229175003,1.03028457913037
1.51414532284648,1.03608140956921
1.50251273827942,1.01936097400167
1.72516915545032,1.13582645468072
1.73259195520647,1.23924073200458
1.43189111593992,0.984705917358314
1.65899636171571,1.13276549931409
1.6857814440613,1.11040560870409
1.58643102673032,1.04723019914088
1.58592606772681,1.07165815924943
1.56600668497478,1.09158922688305
1.42531074241544,1.0110525458339
1.64599675214182,1.05966802279638
1.64272338273787,1.09748850983732
1.52961501257716,1.11625651688166
1.54935775054909,1.06995560528346
1.46358767139091,1.0567655497816
1.48174024116602,1.01756144820369
1.41133825703304,1.0092713851035
1.40740633650798,0.928284655472235
1.63962948852654,1.06447538768557
1.58652045366111,1.09427202492133
1.58174089777226,1.06976899695521
1.52133772813365,0.965777385759429
1.47475351467512,1.00478851535724
1.73374719588693,1.17390470483357
1.82446264524265,1.26320440226218
1.38987641878977,0.885136563391121
1.52182642576649,0.98925082142443
1.5074911978088,0.946867595082096
1.71312282737408,1.15219819314742
1.7799944435947,1.24125302094008
1.75891162187864,1.16427053744202
1.87673033992701,1.22952660658324
1.78692819202649,1.25020610151123
1.74628429096029,1.12333946203994
1.39770432410111,1.10421795005236
1.5756975520253,1.03271284920812
1.60689193497431,1.06640338685267
1.48192621852057,0.970252180706623
1.60612509932026,1.03940554486589
1.58853044285733,1.0919996846564
1.63912946351519,1.09726943654927
1.60210354517414,1.08188728586802
1.6946599583591,1.22214448946032
1.50536535804397,1.03031200487958
1.44201951163741,1.01451768932448
1.51386901205975,1.07737382770553
1.41941221642057,1.03120480970609
1.38915531540082,1.10351273192735
1.53561200912559,1.05473133309209
1.43817567985052,0.974326841453976
1.49356254912103,1.01762117219052
1.57885231038406,1.02699590068099
1.73405509475254,1.1384219044386
1.45349748654615,1.0291554556262
1.61204470441552,1.07082955260626
1.63292010976196,1.10020017663213
1.62049283451454,1.02271674839194
1.45733392670706,1.05814724077318
1.58571324623905,1.04709983395658
1.52300433701933,1.07720862118108
1.52552454046085,1.17636251700882
1.33722777891432,0.922108696633889
1.69950109092915,1.12896192768056
1.52795246091898,1.08919897834107
1.34745782515735,1.0921002336126
1.30305571658646,1.04599075251425
1.27950264333765,1.03722988411872
1.44959405385058,1.07367553094409
1.50350317062077,1.09640915765537
1.52370836789158,1.02891138633745
1.33080122256854,0.898752571536376
1.75114150208924,1.18850502885035
1.7970722831547,1.20473245792802
1.33241054154045,0.893193657573611
1.76401797137233,1.29016721056758
1.36268308941646,0.994791182249144
1.55912792911296,1.09100239313329
1.49294832508346,0.994053150999717
1.49958163435928,1.07692068601192
1.54908316625021,1.06553521132354
1.59536681978252,1.10210210000621
1.31847798055558,0.986373420219454
1.59750169653078,1.08256595838955
1.44902672327308,0.985870525770288
1.56822268388365,1.00700377625246
1.72031908471538,1.15846243201247
1.47024091536999,1.12595519800414
1.66147847139369,1.13536981507172
1.63952223197392,1.12837954478497
1.62449692457228,1.16961248683843
1.34136596353299,1.01127785706404
1.69995154738124,1.1096596624614
1.19524492193402,0.91876945172757
1.53464718639125,1.09525369785023
1.81426074126991,1.16161649899034
1.41470396325541,1.05783868080224
1.54124004897753,1.07186855832724
1.622071355713,1.05991187834345
1.65514613175925,1.21989739344813
1.43660196117963,0.922916519458911
1.49612598115148,1.05191731622548
1.4647844785513,1.02409651807415
1.80917333603483,1.21889614441201
1.74368822648327,1.23913090354979
1.4511158825884,1.04469608877116
1.3468648179663,0.955693350357096
1.58493000108839,1.13582345548423
1.62724699816712,1.14221605016693
1.40736880264795,0.997971227350916
1.54529673452866,0.998236588330522
1.67939371146976,1.12591657858413
1.49802617003211,1.0013605267557
1.67008657924731,1.07541932997601
1.75573085581821,1.170367943661
1.53989323660997,1.02934089478217
1.64918483880105,1.09735730109695
1.84813490829088,1.21164114501005
1.66644869385631,1.13045420454169
1.59259287908153,1.01060985248047
1.61328662567026,1.01646012461359
1.41838595337097,0.95950547699642
1.76993083943902,1.1517458638494
1.45231251157784,1.07679894182147
1.75228055269149,1.18981414075017
1.56593731782356,0.987933753546993
1.5654648471881,0.991498319933244
1.88834097230104,1.28112466095072
1.51454610535683,0.939380724848463
1.57182295192246,1.04998792562747
1.4761718084931,0.992939322466767
1.72073956685384,1.17495654158162
1.5374933389483,1.09691870819394
1.64979225546882,1.1171015553161
1.42830412308668,0.956596043064782
1.71150160038327,1.1400171202763
1.47435201404024,1.0228518267291
1.60890317876254,1.058779293205
1.61055566824336,1.17045029179708
1.51398555126285,1.08564862129939
1.4904552033267,0.984316358625366
1.62096433510437,1.04478883913665
1.62041162553353,1.07197709869
1.56338165177755,1.06557607443366
1.82677744112891,1.21514194655977
1.38934958809405,0.886883646651997
1.57174999724623,1.11498000965639
1.80285410673534,1.17544325338124
1.61189831604524,1.05906767508947
1.48817905117752,0.901503158779583
1.51291016803042,1.07895287600874
1.37546193563466,0.905627398767797
1.58280613613514,1.02946519733408
1.60624407186956,1.16212265826222
1.81881792851745,1.15471334842719
1.695722225485,1.1280349566837
1.82201472851946,1.22081683781283
1.78474049492933,1.26736830447409
1.54061090480778,0.988540223700521
1.80728495352017,1.22900459515366
1.74917753534826,1.14815778325158
1.46337579595173,1.03636289822688
1.59886511089551,1.05714277017327
1.52564896836929,1.09313471945728
1.66760422025517,1.12174807058871
1.61134652940632,1.08639415761365
1.35028752859254,0.882338811223978
1.29017748857989,0.891243100184767
1.57504477137659,1.03862703424438
1.66693167271248,1.17721173152073
1.58932207259684,1.1537223287727
1.66139918821359,1.10768713294276
1.48527817131328,1.10400871031179
1.32366972201421,0.97200323112212
1.60122795659398,1.24822630878072
1.54821063247932,1.13397397413664
1.46903433671831,0.976624256268255
1.69370315123069,1.13880794093334
1.59773433048406,1.01030894714615
1.8290807074726,1.22561534502127
1.61594469331377,1.06275073259755
1.54601894029665,1.0317262596105
1.68661695150332,1.15853348031443
1.46919377721579,0.977899865794556
1.76688729440427,1.15042135797596
1.59442506033164,1.09115608095236
1.60369436656474,1.15127616741661
1.56484479471784,1.12765981929317
1.51189527697354,1.05876831543762
1.47005386338197,1.07195749742307
1.3420204792908,0.988817667112693
1.59961588050069,1.11993481580557
1.6090568547347,1.14853410676979
1.63698175938927,1.10212852836811
1.51890593670951,1.01523849881436
1.1584023579448,0.933890623523304
1.66602729192834,1.1326046283103
1.75943258663873,1.25800850762969
1.66537070110823,1.13170529715457
1.56135241292498,1.05113057937388
1.44010786646927,0.965458134179217
1.67853288928442,1.12707405544868
1.411511863463,1.0253816402889
1.59548022035734,1.07143157867315
1.39195915741804,1.05454663118901
1.47391046322041,0.962791060597277
1.75206683549483,1.15702597890437
1.74582078303739,1.17394920223703
1.65949787188108,1.11205457253259
1.41472721557392,0.971872202777219
1.29757739468285,1.03912119730841
1.59645727221558,1.15152537119088
1.75767760305683,1.17953361359458
1.41953910298525,1.09223521211604
1.38571449988521,0.940440931222823
1.40103862912553,1.11618526234651
1.41447189084005,0.983868227242099
1.44016965049757,1.0412073034665
1.69080051716309,1.10665330523578
1.74122987990801,1.15718054745492
1.28538117538132,0.847701549269507
1.62302985540327,1.11640463372497
1.53804743794925,1.04501615712141
1.70694009553752,1.12719841856825
1.73861792254879,1.17143282405856
1.50913438309722,1.03981364864184
1.71507982107816,1.09166959405878
1.65544455470212,1.11607517332879
1.61533120654123,1.04745890910666
1.50302715342482,1.04276640826321
1.63249079170193,1.06866040176888
1.59950087349493,1.02165315310491
1.68185149391247,1.09546544784247
1.4374024219253,0.926234143470546
1.34130290038186,0.993420366227246
1.69293239352241,1.18217085394649
1.78462469747355,1.23182487181555
1.61244888360815,1.12197320440071
1.12133164770983,0.875628316833908
1.68620517608704,1.11372700586441
1.52939836578555,1.00216395524999
1.3782913162126,0.933891575592423
1.74603476177476,1.10543350398432
1.54778121452319,1.07739395773976
1.47193464450779,0.988798399261733
1.36618956388823,0.919577561873555
1.56340676000406,1.03894455732878
1.84912152301679,1.21735059386644
1.63109768829884,1.1377473196304
1.54045551345909,1.06256086624283
1.47850123675748,1.01788839735944
1.55957561216944,1.05318352681914
1.50071388194569,1.17214056441776
1.65462568302127,1.16324010037481
1.55511880911096,1.08917703776924
1.58279267022691,1.0913734338236
1.64947279713218,1.20471275046135
1.39028824732622,0.972744808015307
1.59963394379846,1.10791160570305
1.70328537728166,1.1648707184138
1.50374350766268,1.05493941046697
1.62725024639177,1.03178708168353
1.51367653857766,1.11610962157407
1.47933255462939,1.06115216379118
1.44129430095116,0.947878159612879
1.68471249154556,1.15371024472743
1.54506223871067,1.08299612232112
1.49544167499705,1.08841134255522
1.45048985239778,0.927583951836776
1.68113246934183,1.12157153271704
1.60717118883267,1.07549227851971
1.62534162128519,1.07091016320558
1.83758950913415,1.23096879420332
1.84852855008043,1.22514306880687
1.56879474310751,1.02784972693117
1.44738215343161,1.02309921424914
1.49840239071792,1.0116946724656
1.51222331190648,1.09070262318008
1.44802973857332,1.01737001176459
1.52413296723205,1.05979945142625
1.52456993615772,1.02317716735269
1.85466237383157,1.22880481878751
1.70288868307214,1.1400415402455
1.66812164281201,1.19601247938572
1.46845535042511,1.02180537964122
1.55620253271871,1.03615315387302
1.67510505254897,1.18587455241303
1.64362917483328,1.2092444981157
1.70667908906917,1.15656300186754
1.51707498694488,1.01141101046422
1.44346793853304,0.993164956754684
1.6573572139298,1.20132532280565
1.70148063674852,1.13868551706693
1.33912529255572,0.886200372551577
1.63507032360656,1.19553505638937
1.48232309685123,0.971795527480801
1.44375187099863,0.909253163478314
1.37320519250022,0.975792512777256
1.60648206870488,1.05505859218096
1.59186027824331,1.13118015678842
1.60927187892756,1.1303275721482
1.68933437561468,1.13094133878529
1.59913092318028,1.09819388552677
1.70589462611847,1.12429120602342
1.55399468054437,1.12987390528292
1.53127962223552,1.05302483089131
1.67886779834971,1.08231474042685
1.58766396141749,1.11525299327862
1.37753433481885,0.904992954865452
1.51035550722321,1.06269634060904
1.27616287261776,0.846341175709734
1.70139271628727,1.18376619530859
1.78350461735639,1.21745643595326
1.6690017124471,1.08825947068032
1.4955061692564,1.07445199724684
1.58051887627365,1.06085239171104
1.48146056950753,1.07141979924509
1.56262591399475,1.14498393980227
1.64782503473538,1.17081177144281
1.55025608272298,0.964592364735163
1.54411617902935,1.04521295553175
1.62546573198591,1.07808494698788
1.4994750146054,0.98848065758025
1.5249045004582,1.10975049809468
1.465753676466,1.04033479691834
1.51683765817311,1.11440933278351
1.42234346759145,1.05546740982968
1.62789377914533,1.0815010157212
1.50524715571459,1.05821038767926
1.4666296789571,1.06641581541075
1.49929341437299,0.987658365408588
1.59437848491407,1.04586728281081
1.45045157973685,1.07173483831638
1.64131988121854,1.19938962337571
1.60758409979848,1.07833061028868
1.65996732218758,1.14044509363732
1.49766915370839,1.05499699372153
1.54166922463644,1.04473209845802
1.4778524571729,1.02967116052244
1.67594060300945,1.15826886103747
1.69900661663196,1.17735452105947
1.52628954668496,1.10878850730333
1.41906631059911,0.979798015825186
1.68023008974165,1.17767371844669
1.4343379145986,1.05641736266257
1.67944678995239,1.15595738321353
1.44107193016706,1.00913395386764
1.62091269294213,1.16183603421438
1.62483766493493,1.11974043667221
1.55834488735069,1.13881050998896
1.63255514467032,1.09703699235713
1.46641796846049,1.07924532765106
1.69746873103826,1.18294734801296
1.67186250914335,1.20828959978135
1.50851912117693,1.00645297654001
1.63317628111543,1.10864127191755
1.51715520400065,1.01658193093764
1.49873395809061,1.18062894820081
1.49180898672635,1.0575169759544
1.54805589035264,1.08636953305355
1.61328145624301,1.14436618067292
1.54274214563117,1.0102115300039
1.46613221913262,1.01096040374881
1.82241192906403,1.21148912110401
1.56045904853764,1.18961384282736
1.52978255202154,1.0423666596045
1.74875400763503,1.09009037540632
1.62019548976765,1.04572346652243
1.48111555430655,1.03329262672503
1.65692006639549,1.10882423125311
1.77126546881925,1.22014641174791
1.55805448700184,1.12392362658082
1.53652593307463,0.977499630263444
1.62703374141883,1.06183067968002
1.5325870849487,1.06037628395177
1.69040691856637,1.12361411714205
1.44708443267068,1.0159625166005
1.60773238850294,1.1152237913004
1.67587390241026,1.26731684079869
1.53488539416572,1.05383862179521
1.54479048318513,1.02291063136233
1.55956962470618,1.06989980596744
1.2084511686634,0.961900005301536
1.69039700709031,1.17811710435593
1.82685038090348,1.14504138700012
1.46525798392263,1.02073319737014
1.4505301697732,0.979159905429301
1.37160128978664,1.01549569106108
1.62504652440958,1.06751132276773
1.59766921998718,1.07914825550683
1.6349727211523,1.13723893114449
1.45017176476886,0.988475599795672
1.53906022228921,0.974899856279091
1.59715151444789,1.10484945100896
1.46925746167129,0.978355906118868
1.62121696347186,1.10858209676586
1.81015969725236,1.23688142337388
1.59682166759272,1.11143467000889
1.20146431800744,0.928051602420434
1.47792859431153,1.02965063480151
1.3931909921172,0.98465442103738
1.42991929376218,1.04730619632563
1.39765990980193,1.14183485049748
1.50849559000828,0.992297080766191
1.58648371344733,1.00264179946194
1.29378374357181,0.936379245122268
1.52533875488014,1.19190742717744
1.61491706607142,1.07600825237235
1.37855522759877,0.91534785564873
1.33457490407057,1.02887292908356
1.38160129376135,0.909161219076863
1.55621612836518,1.01166015530218
1.35675737100401,0.895648204240106
1.31670948375852,0.932255897719627
1.46501671655986,1.09731913470176
1.37132013393345,0.996987172816121
1.76891569498954,1.17420382605416
1.55778016654879,1.1301756358222
1.73591027927442,1.20407038195536
1.47269516399427,0.993728999450684
1.51507425508847,1.03347283446928
1.58991635389294,1.06869238807837
1.33236466582111,0.917140103466679
1.43485179493414,1.0776476974511
1.61988038281891,1.13905305516665
1.48037134591293,1.03946306087513
1.7171875616687,1.11685410919687
1.60978368805889,1.13084303454595
1.56029485383663,1.06718516690555
1.45053056986861,0.997837675262731
1.47702385403437,1.06907534005437
1.72386385121678,1.15104637149175
1.55758848598933,1.06921517693158
1.67876295688516,1.20591993753586
1.6833522053502,1.12635726919118
1.34135236471485,1.01074167563203
1.69057678128366,1.15465888344342
1.48772691689936,0.97839086961463
1.77712968269471,1.29119287903794
1.64355117272369,1.01674365846413
1.61448630951859,1.15492155915309
1.6415068434192,1.21260453967283
1.38884128978988,1.02492177555886
1.63883359822039,1.12937887721459
1.41317793639724,1.06086541194914
1.60889570414401,1.05814187119348
1.71653216523813,1.1932088110931
1.51534494246908,1.03333106405213
1.21648333699107,0.959279586419211
1.50162869630397,0.96837779727199
1.66985052615868,1.10208354553574
1.34863643078711,0.996611966407168
1.62203104837877,1.041463790914
1.46278954635245,0.996107807273431
1.37106219650603,0.939941671300387
1.36489755618015,0.977994113698909
1.67028740059526,1.12691776845737
1.34830976480833,0.982386228351162
1.43057297164615,0.921165233127527
1.53134918825278,1.12962629612411
1.52194728092706,1.04885582480646
1.66070644136839,1.08478445715522
1.66159429370495,1.0954954359124
1.72180824192112,1.18004866136292
1.59370392374306,1.06004246444413
1.70587216468198,1.17400676831078
1.63038801056334,1.12983857708802
1.56123385889331,1.06896281042468
1.54389763924589,1.09440611720054
1.41115967458731,0.895926280187358
1.51912741654092,1.11064318166983
1.60046563621822,1.10046832843108
1.60717490856159,1.08820344266654
1.31773510586466,0.942396525516336
1.29094271790737,0.931593244120409
1.57281766003665,1.20292750412882
1.49486781992264,1.03452793919029
1.35874774203691,0.984833024943613
1.64680365676231,1.12044656871189
1.78438150652629,1.19414144480529
1.65843520336551,1.12374119029958
1.73094629182144,1.11283342670707
1.57248373625783,1.06516202575198
1.63102021479016,1.08223539652052
1.4959310955186,1.04438284790705
1.66520623341511,1.1436502852316
1.56277602028782,1.0661819973538
1.52155792839008,1.05075067896274
1.58633001783278,0.993624982269506
1.62051129189055,1.10015996936457
1.45658283168183,1.02921830158475
1.78449033556995,1.17744668777768
1.6701641657091,1.12029475734541
1.62902434890019,1.02882899827717
1.52499955236303,1.03525001750374
1.45589455358179,0.999071719611477
1.62466168151565,1.12548553162807
1.11335994903288,0.896927037965925
1.68045183082297,1.13113623907721
1.61620798537391,1.16105908267851
1.64032512089953,1.03997267377017
1.72684710635878,1.12965463749693
1.73135007508077,1.13046999215429
1.57734367190285,1.06536866188557
1.49626954295067,1.0143761808896
1.56490756917213,0.975196568685206
1.55512730702653,1.11054552712199
1.7339891312296,1.0565114633379
1.55416058171546,1.0839234960246
1.63610168781287,1.01916655977398
1.51532971686347,1.01422457640346
1.63197833710012,1.10400288758316
1.49440245158071,1.02722996281609
1.70569145979851,1.1357599116552
1.55827228109183,1.05180721678299
1.52524001518595,1.06665651122612
1.52589343474144,1.04250690407211
1.44833909790597,0.986086406978684
1.39613408539916,0.991162498011416
1.4559719561419,1.01665815277815
1.4391127932574,1.00444861267782
1.49415639421397,0.991046261596428
1.55086617842687,1.06958916536857
1.33932378077065,1.07453709464913
1.59511743704238,1.04977097678487
1.70223204117062,1.11185547144702
1.43222307540747,1.00779142846168
1.70735410940784,1.20725438748705
1.64085925276533,1.12970672838286
1.50695891420363,0.994760107787583
1.64081322259302,1.10728128312988
1.39053328313137,1.04926037348451
1.58451778581624,1.04591660104476
1.71091322239809,1.06098629448583
1.6298609558726,1.18233923648085
1.61107359612336,1.15864542173592
1.53470724715176,1.12937683320731
1.42152910764025,0.975407331936064
1.82727936479788,1.22087396148173
1.81467637556157,1.14497198927108
1.32826388371826,0.949229095850074
1.43171150486045,0.921869471032123
1.41268994430205,0.964512005516633
1.68146312676779,1.0694239634227
1.51670598710365,1.01411776044483
1.68040976722118,1.17684997035142
1.66817465497215,1.03407560937515
1.40227733640655,1.02458759623223
1.57441178756272,1.07164128003385
1.50046709059995,0.988667100541482
1.38800251044235,0.888194130579505
1.691432796559,1.13122355050259
1.75166981338827,1.14148751681462
1.63763369886538,1.07919273872882
1.45894140542175,1.02542035410128
1.6255353747876,1.11266670878078
1.67523515699194,1.09359778463872
1.47072446045084,0.953352246348053
1.51178928542716,0.928022745812441
1.71090014349855,1.2346573576803
1.5548118979286,0.939136054520429
1.69994835948744,1.11762680324136
1.54340191172999,1.06544683945022
1.58896892745756,1.05550112374653
1.90368470781963,1.26354681341756
1.65924651359235,1.06871087023062
1.62638104397662,1.07800498575147
1.51449323564485,1.01601011191206
1.72686937017751,1.195317144994
1.66588097880495,1.05116741112764
1.79454963470418,1.24800046829925
1.4526183161854,0.96492670505335
1.25704442965196,0.884458558931804
1.62702881088392,1.10064222422647
1.4592237330118,0.903316195634783
1.34519965973501,0.975302033392935
1.50068789152674,1.06369040863386
1.54934295173855,0.994285709629738
1.56594744696951,1.09689141731437
1.30347599909451,0.950143271493029
1.30707128431123,0.957307605610161
1.36780922449825,1.01339740672664
1.60679817132798,1.06118329856334
1.71302975434153,1.16887615244144
1.51926298048226,1.05213437482762
1.7262772542712,1.25388916010271
1.56052146395513,1.1237052977311
1.74884731437454,1.23842837800843
1.63225314883974,1.0956385476896
1.57771630364009,1.05620454986326
1.55469872819932,1.11198898219965
1.51913888160916,0.918656907319501
1.65225781145995,1.05217842944683
1.54899021819279,1.08563568910798
1.58327739699836,1.10678818602947
1.57866984046571,1.05260366849671
1.58279679965707,1.08450848173171
1.40765322794837,0.954122206537284
1.69602809108179,1.16042907854474
1.55402439149447,1.04185896583108
1.63482999179942,1.0495575715781
1.53496593660655,1.01430458267751
1.46905350898146,0.964925095508446
1.54246692660695,1.09015065544246
1.43316410959311,1.04044002059457
1.79110101583619,1.18903670012834
1.53019289419388,1.03209398730315
1.4703682827251,1.0083974311622
1.35271356298261,0.917688698278108
1.56122506133036,1.13662016478851
1.6865049719514,1.1220026234023
1.40922628246454,0.915572732734156
1.41969487502869,0.983925665546193
1.48914914206332,1.08004897688483
1.41700357215457,1.01687509668564
1.58149474856914,1.05309781302208
1.64308885750518,1.10706612272624
1.64765924922451,1.15633598677103
1.42075553328885,1.03137447337964
1.41053417330786,0.914560563468509
1.27195934617285,0.914911589196753
1.55017787625765,1.09284431569145
1.33825098936206,0.954099596066706
1.83844401703032,1.15327262761875
1.43542423665146,0.961342992083455
1.47800114679404,1.06548999100555
1.38734978248307,0.922621524215992
1.30693843788018,1.039705236319
1.40503182389964,0.963992368877027
1.70846395500622,1.13310899612694
1.43330974272287,1.02902575003723
1.55087358955685,1.12346880078375
1.53572411493228,1.0461074111542
1.68583270702144,1.15756424244868
1.2610784643711,0.915692902896696
1.49977634151602,1.08998006366977
1.42812311732404,0.93286761753956
1.52126875909368,1.04478144766286
1.24945458564934,0.969834328778736
1.52121111226115,1.03579438280794
1.71488131642288,1.1538677553559
1.68093049033317,1.11626851338715
1.44576785002369,1.04733548499718
1.54371112290483,1.12454589216156
1.34549585120055,1.01510923258903
1.50464747604983,0.974863584152461
1.46127531818534,0.937642699749341
1.69993572578445,1.12162121387776
1.60556650470191,1.08908920511186
1.53857210922568,1.1205458798224
1.37906742500529,0.982551044527113
1.33203754440228,0.892356329089233
1.7022549604461,1.12610607938785
1.53121627953175,1.0694801137256
1.48390024997062,1.07338385963514
1.5558829299081,1.01185079841089
1.75399695334305,1.13461778296187
1.36491837649594,0.964022603295768
1.68596055637618,1.132499439493
1.57764995567235,1.150759924673
1.75226396149826,1.17624211409143
1.58838424018828,1.12812788762932
1.55343615111393,1.05338969036195
1.52408939792296,1.11344633325259
1.52098888349999,1.01628031788301
1.52323247980872,1.04643981099669
1.5293607199568,1.05580359395892
1.51488817361849,1.05117239317784
1.61316049588381,1.15070664531899
1.57120573667921,1.12061541444546
1.63375077841671,1.12698039433964
1.49145235187673,1.04620900077033
1.65040301496907,1.07929953277008
1.48278068471911,1.00508294156937
1.36886454975343,1.03764957577391
1.78332732286715,1.22765940311282
1.54885534480569,1.11856260216295
1.52441462931764,1.00797119506729
1.53681006341223,1.08638552406901
1.34247816104266,0.98543732526443
1.61416211970231,1.09640289557833
1.59847347959371,1.10742019839463
1.50878152660359,1.04273563987192
1.49153106347985,0.924257052413527
1.58351237295233,1.07991427148995
1.71130159912391,1.1092500722239
1.5533848763169,1.08483629521349
1.87158480997267,1.27795259946232
1.45812303272827,0.996264764488079
1.52191914955594,0.980178859231877
1.4089041529408,1.13330920685158
1.76008225252391,1.13277028909332
1.63510955830482,1.05316714887021
1.45199669347785,1.0411576313611
1.65733204612782,1.06512974792955
1.64696593504225,1.08973070474239
1.69055328015633,1.08823658003119
1.56622941959257,1.05094912779151
1.60168673493934,1.11080352199584
1.55312205253822,1.08141036673965
1.73518451805879,1.23802252620885
1.56677713257139,1.11096215234116
1.55148796571731,1.064689009521
1.62298407858195,1.11724302908807
1.43594649725879,1.04944443369892
1.64276540055391,1.14311045642454
1.5602866857805,1.01363045859477
1.62043526856602,1.04779992267098
1.54747843034945,0.997079918028474
1.5854675960726,1.07115145198512
1.62880755203356,1.07531376533368
1.54987359307483,1.14707881747165
1.77282008789639,1.17072740218136
1.61241212548345,1.10931453705491
1.56530957703237,1.09572268801037
1.66469232049006,1.09138984952841
1.82327795484135,1.23993276394869
1.50184253466208,0.982566087130171
1.27940814525637,0.944525795368475
1.56946979842806,1.06344855334044
1.45574657037463,1.18005354996643
1.39080478631397,1.02618640085505
1.67249317665027,1.12189353722003
1.65959079938926,1.09679329216935
1.57382536838594,0.989826324019624
1.63412524495058,1.08200175797021
1.75798180235185,1.16095032746199
1.48255097685732,1.04401097491879
1.62313849860989,0.99122058624909
1.33664809593891,1.08064584712037
1.30895654596993,1.01879210418388
1.66410147556781,1.108709557215
1.45771844396934,0.947464100539117
1.66027113474619,1.21375233518559
1.82465026351891,1.22085944202661
1.64404743490794,1.08579886905632
1.33845592644593,0.997631573091381
1.63674207620371,1.10635301654291
1.51690207095489,0.973265397985191
1.46021344347193,0.926649055553723
1.75228664274862,1.17187212580153
1.67834754761566,1.15185157684596
1.72401590396091,1.20632650616639
1.53350546674033,1.05243210348367
1.45463335743849,0.998483671404442
1.57209144685946,1.08019249784694
1.48376523932161,1.03361094148157
1.39519114645781,1.05974654853529
1.6536668693116,1.07556996996497
1.35266702347799,1.04212490403825
1.70792711529293,1.0947434268672
1.55306596098718,0.992108080697545
1.55417850282376,1.10835832461477
1.4362086524939,0.966456168465614
1.65610614497445,1.13204823196679
1.61591338503726,1.03548094725575
1.55133944503868,1.07570763517429
1.26277839811671,0.971237754151691
1.67265265341186,1.12947428359466
1.50215836444218,1.0112728726431
1.54271138073943,1.09189085409158
1.391049884388,1.0283077441059
1.67388752141555,1.10007707902171
1.81917098088155,1.2021800857642
1.42555092872824,0.905984622732447
1.74398573789232,1.12906240037391
1.53297981455247,1.11982029642465
1.53743877077136,1.13230056680722
1.50042080540473,1.07332767283177
1.77875783856402,1.18232339233321
1.69600438375961,1.20086110972876
1.67264082039839,1.08514013944696
1.39735261431085,1.06111339603307
1.68027152071676,1.14498815322368
1.67519172751709,1.15441527257337
1.50944480359129,1.07713775464388
1.56980208081565,1.11929549630573
1.66652488417975,1.10046179033076
1.51145326758168,1.03326805299351
1.68363627197223,1.10210589223527
1.37811188609657,0.981154356908628
1.66983817031603,1.11403511083067
1.55342011924047,1.05261049726691
1.66668612201244,1.12916592533057
1.44966509198835,1.06125856986924
1.38849917085516,0.986696815510003
1.44141515373024,1.0245186617286
1.46983708708909,1.11850552980514
1.53019254091089,1.07373141786431
1.55123734735039,1.03159969189247
1.50186052859251,0.969418726160869
1.7105087397339,1.23300927419791
1.46581728302787,1.07059742039663
1.64885035242629,1.09941537603426
1.32140818424049,0.983913661494016
1.43662799110373,1.04729116030014
1.65521335027363,1.10386595763341
1.47991796838939,1.01438074208844
1.75765573775041,1.19784048407341
1.39359880559856,0.908821786321313
1.5771942429327,1.0886866994583
1.60109958703586,1.14416458982095
1.66282218931808,1.1214196021379
1.69247415619716,1.10244966368651
1.49385319538841,1.05819896057822
1.54459393964779,1.02190024934053
1.4477713131635,1.05467284848559
1.5711770964415,1.03272482040915
1.8031391432663,1.14286724080496
1.52839471104395,1.11537316721317
1.51596475263719,1.01944765431608
1.642812000336,1.13025270275178
1.5866421950841,1.10864918150309
1.56686262929261,0.99122247455842
1.32541423882169,0.946032021239136
1.49798624234814,1.21536275918713
1.43714286437796,1.00481451906701
1.67792102990382,1.13594129012363
1.73480987739145,1.22312122881467
1.72996573191568,1.16060072016968
1.77369533420578,1.15042211101596
1.80739810492297,1.19640778966872
1.84275252653273,1.15160788738637
1.68266831109695,1.23387935908032
1.65254457439672,1.14434243430148
1.71372746918054,1.12335824177508
1.7954576872843,1.19429216363507
1.60109170279901,1.0840617585482
1.64788749883828,1.12653869292802
1.82761446524715,1.30015284813065
1.49667372648978,1.10212678060285
1.39141951389676,0.947235964795631
1.54141600525356,1.07754854060502
1.48288099104927,1.02060606946106
1.54552806982615,1.05662261708749
1.48010121436198,1.08708363313906
1.71994874759142,1.21661620525214
1.55349610184988,1.11669145433375
1.28436268519167,0.864073280682162
1.34903092634094,1.00473451766732
1.38070528426324,1.02670670816694
1.6768570676,1.06573411189536
1.52445375754939,1.07144265477158
1.5601733933145,0.975805173917602
1.60178224329716,1.08322849024896
1.66492155148192,1.10456076087186
1.44652879754986,1.04192053178063
1.69013158969132,1.1092604907039
1.67443445098069,1.12432604943771
1.75499821755341,1.22116841735824
1.89306472572841,1.28592746680733
1.68602603594423,1.16842534823235
1.25646337313922,0.967030192682715
1.34895056482738,1.04184470338299
1.74884209220622,1.2552564347643
1.50997720620373,1.04540893610216
1.52007472327996,0.979492652260554
1.48279381177982,0.98780138224359
1.53107440206844,1.01693668042762
1.56981168385924,1.06335438100445
1.45273492160019,1.0024894968293
1.65946100011372,1.18558639484725
1.72066532859697,1.09801035040888
1.64180980981254,1.15862116830931
1.34147211567578,0.950831319231841
1.51273152602944,1.11248009059121
1.73544060288253,1.15270546164852
1.71108441881697,1.12002581045703
1.523886360057,1.06383076509721
1.86063358511515,1.26884081728442
1.52634178195754,1.03654700680701
1.83998551075759,1.24395337921325
1.58568187388846,1.05743672650276
1.67701932109189,1.13286185857609
1.6621334940612,1.09285707569912
1.79027468788928,1.20560510053673
1.61788222089539,1.03154216821159
1.78924477522073,1.16944171955448
1.45155539781376,0.942909891643249
1.68751613713784,1.06489878831436
1.57930794473357,1.11316356793035
1.33985712871869,0.872119643023617
1.79342601596659,1.1929237060754
1.65161762942444,1.14119661398253
1.53515990130534,1.17099978473662
1.64520589173228,1.02541342365877
1.45050688551192,1.05207690721143
1.35266974126876,0.988894166106756
1.80862198132837,1.18262424792197
1.60711119149351,1.13302600293212
1.32041607120422,0.936820962398105
1.67770917027348,1.12645973906456
1.55139306785475,1.0395296577983
1.52365172730892,1.06775970210439
1.61968409931744,1.04364492452718
1.57099830814324,1.10857089556124
1.51561114958676,1.02914498403597
1.68178029613436,1.07902057303533
1.43822610432883,1.06378900555523
1.60529004914455,1.03379154707827
1.68795970614726,1.14317190375663
1.84777591937593,1.1182646578305
1.66203607978546,1.08273158521141
1.47889337321436,1.01362978403502
1.44470357643005,1.03630965265105
1.54137315121584,1.06817531404256
1.74721799347428,1.1690239914235
1.42015030465196,0.93327374205298
1.36187012609763,1.09512259800613
1.6818485315599,1.09503320457918
1.66481387288545,1.14033957401923
1.59080805710966,0.954827899979174
1.5585972099283,1.03269644273907
1.7234077615169,1.15121172075405
1.34353933759028,0.930659853284206
1.71855908989607,1.18897841157701
1.41906790095948,0.924523886203247
1.55544829131459,0.974858053752067
1.59412969280765,1.03410673671356
1.41679323026551,1.0262530043566
1.55102061826011,1.09211644800105
1.43140925793602,1.04133045552731
1.63291355948561,1.04367356893941
1.72350662597937,1.13993088604383
1.59043317229189,1.00738006585676
1.68056249669884,1.18615808831664
1.62942200238852,1.09790121822138
1.60766918983242,1.14399931777203
1.65761361351802,1.12829291527294
1.39433688624008,0.817080106942303
1.69039008726555,1.12565198782778
1.50819225356968,1.0373134003854
1.43080142909034,1.01724350657132
1.60837092215255,1.09781489433424
1.48376000027,1.064270815404
1.63659184470394,1.08748435499078
1.25226268454034,0.921347739344092
1.65082425487545,1.07981874987287
1.56430846960151,1.09623075899572
1.24785500385465,1.01483027302738
1.82943637129484,1.14432402659222
1.82942095154679,1.12140325007145
1.66986648026883,1.0787540373358
1.74668240318247,1.26346750335576
1.4913140428517,1.06365170637213
1.40211861912158,0.993781409399133
1.54135159965654,1.20425753271552
1.57883059497821,1.12999852206542
1.51957124277346,1.06751137416505
1.66116339060979,1.10950805778797
1.48012936507471,0.921717316440404
1.60897777569179,1.09730441400968
1.78901652147685,1.17975362555454
1.71409131241663,1.17651104181773
1.5288818289743,0.973179678521394
1.48835715289654,1.09623473162383
1.50840422740002,1.04752757101993
1.47251158224358,1.10246983584789
1.78479404847006,1.18603969357307
1.61442271860831,1.10877864243166
1.48863896722441,1.03350400435847
1.62762065197141,1.02951407145721
1.53070249724738,1.03753012082809
1.6727935976295,1.090492599031
1.63767022702631,1.14190627256492
1.61255686560108,1.09328924804046
1.67153187919924,1.23108703994459
1.72711043871611,1.17642527111458
1.76592824389802,1.19263835394596
1.43191978459511,1.07907324120762
1.72337072151671,1.27072919924225
1.61559474453082,0.990405514118588
1.57364164721392,1.10143359144959
1.66120224328963,1.14718929541038
1.65580141397742,1.10562190831173
1.66710295406445,1.03960443134726
1.60389097643364,1.2301065249236
1.57926815945887,1.08445771224655
1.78303795153673,1.14628511047559
1.41269039122752,1.04854170725184
1.43988755943761,0.981227149767783
1.60352421584098,1.09377598500237
1.79227892674014,1.1632369032512
1.68620383042427,1.11708458300717
1.36676833890555,1.01349735273029
1.84207224627591,1.22789026579337
1.45482286273024,1.04504697820312
1.54537276996148,1.0784893922967
1.52641418086949,1.00640786814879
1.45732473741444,0.925772330015675
1.451003555561,1.00170099008899
1.511758404197,0.869069575029922
1.61171078712719,1.10446792159105
1.55126883929504,1.09186644473828
1.61986763500883,1.08468588031971
1.44744856397889,1.08315944071014
1.85620062083819,1.19033799034208
1.50314204169645,1.07491275955131
1.44673239344048,1.0239269847302
1.74161819325547,1.12445149653999
1.91818866508936,1.2932377760432
1.50248389381344,1.08293728927355
1.45950946248993,1.08834978531343
1.54552049167434,0.982030666274494
1.28523154453465,0.995973466908055
1.31014588285952,0.931751663234987
1.38263974624219,1.00837275035391
1.71017017035814,1.174930116898
1.64917566914228,1.17016027641152
1.40257365360697,1.06385177243514
1.60521125886152,1.13361112267657
1.5971616825275,1.08058935220497
1.71115634533541,1.17124317743121
1.56117393951942,1.08570812930963
1.63078470381166,1.08531187486164
1.74989413148782,1.16870409333549
1.49461488528713,1.10327116058171
1.4783026876825,1.04463709437818
1.52948794358261,1.09239876939604
1.35141126743957,0.913454485193199
1.75857526643599,1.16885738031625
1.59530730410074,1.10387240639256
1.47924685222648,0.972527830490627
1.74745343485507,1.16603821387168
1.58536311531283,1.0869871758293
1.58338738064854,1.06575992355117
1.87795884749875,1.24763122261685
1.68468877888698,1.12827081217975
1.44860570775275,1.09735299680588
1.61349546420373,1.06763432013075
1.60788249460631,1.11005993329978
1.77182215429647,1.1624909462248
1.31162257227081,0.979427583996108
1.37968629647487,0.969437775308691
1.51778591135033,0.995204987076284
1.3396904710946,0.949566831964568
1.68179648113171,1.11355167204266
1.58200571720292,1.09860703505979
1.22507235974933,0.951014206930697
1.43717337712462,1.08347408012431
1.58448258848797,1.2184910477767
1.73962699825223,1.1859658026489
1.44431242468022,1.04139327893876
1.48517888545884,1.03158646845187
1.66956458287616,1.07263888150107
1.55197111665787,1.08870081305092
1.42620737209995,1.00935484439493
1.61143093160023,1.12661268526059
1.46021522068661,1.01847434228158
1.42332034323744,0.997307393643869
1.74382607205701,1.22179393540349
1.63708380922449,1.22253493703669
1.6015569415881,1.07413232602548
1.60749611570815,1.08068364206622
1.47778517147359,0.98668585799703
1.55236073892123,1.02121723284633
1.37568003284427,0.905589039527747
1.61722497744327,1.12117866150573
1.65436720810267,1.13091376399631
1.49461329952009,1.12601478614857
1.57824214970114,1.06490095413809
1.46980410327093,1.05787608781401
1.52042375415062,0.978019337073743
1.45381216026505,0.950371457131725
1.50176281686764,1.03216843682686
1.30409732396637,1.05055966903627
1.61431585526784,1.11842875086522
1.59750810175801,1.11883129832929
1.66087093593299,1.08583046004507
1.29113762962111,0.914763241475279
1.69962989306337,1.12074579326884
1.80268393061999,1.24824778744457
1.53577603459293,1.08091539747566
1.56734897667471,1.06762261534402
1.59953258390635,1.12887340551139
1.59023919325503,1.06785965194815
1.55403520738767,1.1210052160094
1.61715159094452,1.08501641416385
1.41137303753598,1.02205595757528
1.57711031557764,1.1397405890455
1.59558111801031,1.10967663157054
1.44446588106037,0.9370377554837
1.5519445039372,1.03632046052517
1.83576503757868,1.26435787320828
1.57665142002408,1.05992501173427
1.5348547721621,1.03729136108856
1.50798643606663,0.991107600251337
1.41169903250486,1.01185959891951
1.56732439366894,0.982254630952325
1.65710178635363,1.14974402730561
1.64985137297271,1.10452438050363
1.63976384924166,1.12688490407954
1.6159968376879,1.04416520290049
1.46364317021128,0.92995799839306
1.7174238598747,1.24648323165558
1.17935160528222,0.852434879836652
1.55430475066555,1.10345252032593
1.53009913313456,1.14024114874295
1.55472890424575,1.09986158964243
1.57418826558816,1.11959176235715
1.61068888086983,1.09727777322793
1.83016661643904,1.15145559689271
1.47898898250628,0.990993003494277
1.72860515694383,1.13726188008567
1.76302587181732,1.16583018432785
1.52798455327033,1.07770593350757
1.33267261211185,0.975762531692303
1.56992780859069,1.11460084231465
1.56342923042328,1.1042540405274
1.55236371377424,1.07227820255993
1.75909882018315,1.17881429933308
1.52177632281726,1.01543898558584
1.46604798242072,1.03343214128724
1.46617882144504,0.995186741853155
1.64542381648264,1.07462409789657
1.6381108345461,1.13019109972351
1.51430940453494,0.996495130952809
1.86222898970303,1.29483745882956
1.70576943771508,1.18046931278215
1.45230960829055,1.05124044720409
1.68920434745301,1.13532037956939
1.54793643312718,1.13053674138291
1.72794891424788,1.08090024225492
1.61270379025293,1.07947210761944
1.50275534430764,1.04095648218185
1.52729449277256,0.962924192477115
1.80162484209346,1.19675499994034
1.75727127408143,1.20858934362575
1.48058721768215,1.08700706574448
1.54755930566754,1.05912465773121
1.53567620034716,0.964357140095827
1.75762017245043,1.16084826905887
1.46866941969079,1.05781632393415
1.6953492514388,1.03257726860273
1.65373214538435,1.11136722024144
1.40091771319368,1.0368942404148
1.47278882982626,1.05570125799639
1.32041222100386,0.877370282482365
1.57035406424775,1.03553646731889
1.49918979286,1.15672863964378
1.65730949486588,1.085299726294
1.50902431217596,0.985521834067698
1.33768544824326,0.937011617458826
1.45886686379552,1.00624785752077
1.73375996427414,1.17198464280932
1.63858283587064,1.12704380012108
1.47353569354366,1.03964991229438
1.65099616811517,1.14026411774732
1.56392340227715,1.11763560017664
1.69857615818217,1.1460531825388
1.43890052837991,1.04788462435083
1.64684445724167,1.15958196672135
1.52720901005659,1.04572946594273
1.71813195015864,1.08447024111892
1.52847470631096,1.03849700566614
1.759717029881,1.20288683919792
1.46930003022594,1.02124027263477
1.64851096391835,1.14827085230118
1.45934981050943,1.02622111931268
1.84568014553872,1.31087912109671
1.68083221537275,1.15197487672967
1.46284607057638,0.974023449152784
1.5007977611936,1.02328891446427
1.5530443637557,1.12105844199481
1.47844076589128,1.00744228552986
1.47926023399348,1.07154464036356
1.6128880098837,1.0655872636385
1.46382207699313,1.01934965209667
1.42697568855999,1.00817151134127
1.53417149773636,1.01097150802831
1.67496946644637,1.03473379506302
1.3554395601944,1.01397735082098
1.28704646956865,0.924651936106478
1.60587202512841,1.18496486111466
1.37763523713094,0.898865377763549
1.68947176817522,1.10346198723485
1.57825413748728,1.05719512963264
1.73879983301195,1.21334817297596
1.55757871227332,0.994528360243252
1.6046692650604,1.10809317653248
1.72876790218406,1.15182997881605
1.57066591333259,1.03645640014467
1.23255005521847,1.00989451251459
1.70657698009594,1.15476269614822
1.43926075650251,0.979521329361869
1.9100686462038,1.22012616369657
1.49601098372799,1.12397372767819
1.29443224448944,0.910361548677628
1.81895771013573,1.22011753330208
1.37917123758423,1.11967533127324
1.60627273055404,1.11980386321331
1.3071976592885,0.90933640707991
1.58180732960674,0.990787883896166
1.34932496196107,0.988163456935907
1.43106111331654,1.08591786822232
1.69149531297888,1.13714298903578
1.36758703357956,0.91134416118706
1.82719872033094,1.27994994641542
1.57987701471964,1.08710970554671
1.55083667477244,1.07797394919507
1.53852990316044,1.01823405102929
1.53157466179308,1.11702894155319
1.65281695903008,1.10518555197837
1.42013033002598,1.04384772481187
1.28014212645048,0.912868685492766
1.41069194903114,0.964205109523872
1.58152316649525,1.19622904405044
1.51441714430819,1.11129153784775
1.27056956182254,0.842897644703815
1.65216608945396,1.11304953792616
1.57494499830908,1.09024856182924
1.6285293627724,1.12275350576111
1.46121191550063,1.07826788622705
1.43885976078257,0.975229510017161
1.48640764133552,1.02775871708959
1.67001676264622,1.11579618064718
1.46767517824846,1.02360989573872
1.70650164881879,1.16668051436238
1.67555602938066,1.07594325154843
1.529591099512,1.09512687417813
1.50144595066476,1.1008812643514
1.47068148103253,1.03131818665279
1.49802762725546,1.01951380352933
1.70899835518234,1.19822413134923
1.52403575681375,1.03082642848531
1.58466674345898,1.1321024096011
1.26990149574981,0.981496340112333
1.50773148488313,1.09303890804065
1.75388579922439,1.19904297064337
1.52304900459269,1.04893281787877
1.47742327113853,1.02592433420923
1.53916915306763,1.13055885156665
1.46172147164969,1.0113942468263
1.77272008855685,1.16731798318656
1.73230112796419,1.17648939577069
1.46820463482828,1.1762454891804
1.57228283618547,0.982108895534158
1.60752916298325,1.09517090908965
1.74591918822817,1.18232123598713
1.18640043651237,0.959376500994717
1.44607912819768,1.11318117555787
1.51113811271362,0.965593457338761
1.84538826524746,1.27371147884814
1.49601943067563,1.06781591774723
1.49410048267119,1.06304358101386
1.58741522896119,1.09320049523657
1.57403404727565,1.11995525758942
1.46027473025829,1.03155351070727
1.40368912441187,0.984602623606096
1.43484657220056,1.01332351249763
1.71058703595896,1.173500688061
1.6423886469995,1.06674981511391
1.53178432433849,1.03782105468307
1.73079986658048,1.15467945779626
1.78861049582066,1.21048576478777
1.59366240593363,1.11973624638552
1.56439725422084,1.07868507068907
1.65684692357793,1.08666480078827
1.5313102353462,1.02087031914651
1.5977735812238,1.06642344168036
1.35660162331847,1.08857448442965
1.75375722397205,1.16873158722562
1.44246045574127,0.997289143519161
1.53386882799006,1.0518490757969
1.36209914084643,1.05277417943628
1.57334664415075,0.992771156990117
1.44817936677594,1.06869653347854
1.52500196850574,1.06708946877821
1.64403301869903,1.08353642210924
1.61213149848667,1.08419738034255
1.46069952834481,0.999906521783371
1.42975662607082,0.944951823764346
1.43762100353693,0.904618032595887
1.46407711632958,1.03341883884413
1.68752809102786,1.1777039259733
1.74456623926798,1.14872736157355
1.71401996400572,1.1272788768938
1.58406902882364,1.10599009165726
1.68810905647281,1.05929599744681
1.527036231531,1.03569128659148
1.31525992444989,0.918800768492652
1.24626796938621,0.942587587924769
1.66261907863829,1.03266289896312
1.34545239866333,0.938003202163006
1.69631864976507,1.13306626676021
1.69843967631128,1.155557651639
1.39884420849063,0.926057133250367
1.55043809498089,1.03349880559255
1.47505309503187,1.06429263248832
1.47918881898629,0.980556185419055
1.32382875256111,0.989114252499916
1.62658987518476,1.08162652351049
1.55126374084963,1.03957433877101
1.43462258792572,1.12029253551446
1.62014843548226,1.06921475774277
1.79790145301692,1.22035180254359
1.45464422678793,1.0528368131325
1.48609945152931,1.04120582352515
1.45125499991304,1.03721516795571
1.66273192874981,1.15194941267968
1.53972229893904,1.1232580868922
1.54900905324941,1.0550126078677
1.47981025320868,1.04211024003676
1.48628473177221,1.0114563738233
1.59414074927887,1.08669956673442
1.78412679529014,1.18446838285339
1.38745247398965,0.997281741722835
1.51476032396872,1.06089292353646
1.4504483964015,1.01079059151025
1.63748178236302,1.13644841842078
1.7016567529467,1.18801540491865
1.50555329332843,1.06673460379332
1.69409432030754,1.10777991688292
1.74151484540022,1.10483485413479
1.61209717674776,1.12366638124532
1.52947521730573,1.05324834377081
1.42482586769196,0.936963735680454
1.60268853572113,1.11950245026125
1.54851467631767,1.11210087529353
1.74550200435535,1.23028420891513
1.60196559982675,1.07404649567737
1.52380912909869,1.05422157099765
1.61963592840996,1.14419266620667
1.44677889002659,0.95164749670602
1.74180786015957,1.15919626167063
1.61604961939164,1.13315968254134
1.54838096881788,0.969129888155158
1.61098872341754,1.05868945070393
1.57467412439878,1.14676728042717
1.52279153133369,1.03188756973762
1.21239672455586,0.940585683394646
1.73586275876264,1.12145707444786
1.39159620924569,0.9801581226119
1.5478406220104,1.01832785991576
1.33493547161292,0.892575192099717
1.43992303026981,1.14101816196754
1.61537011671871,1.03358111936293
1.46995834975146,1.0815551002163
1.58005246803192,1.04590508781452
1.38692823343667,0.921441110102679
1.56496949596119,1.0921432378327
1.67754895777084,1.23149895955846
1.49850041520232,0.916592902637595
1.40440997303264,1.01365993935779
1.76655687194205,1.18515679529484
1.40896270048335,1.01334741250947
1.57483402065507,1.00879252170314
1.6176855403937,1.12614430073212
1.56429950156934,0.968341063227562
1.36697611219234,1.03479823897071
1.73512263568926,1.18386864620545
1.5718055187749,1.02622170215938
1.61254909389101,1.15507007797815
1.5935320659929,1.04359951988869
1.50645645287857,0.983830670193323
1.6643611425887,1.12414782503777
1.6471785695837,1.07984323015495
1.5266333619125,1.04411741693986
1.66115649086709,1.14357634640034
1.71704166692844,1.07316462983667
1.69178836687913,1.09409419062353
1.67978023477874,1.1840320368006
1.52735542194272,1.07147707686342
1.41947664848797,0.921691980752278
1.54264489449081,1.16447801467734
1.54612605206103,1.07475453207922
1.41206303805668,1.04565759653933
1.59763954561875,1.09910180383872
1.53497694274392,1.02898926159394
1.5034914295692,1.00032917781569
1.49242875008289,0.957802641092251
1.57243057992837,1.05229176326897
1.74089826152525,1.20837762013332
1.63024586979422,1.09629546057133
1.52408669762988,0.986887014683312
1.51124014714083,1.06202655137818
1.50628331420693,1.05060133470978
1.54893164470248,0.995825747611084
1.5382142539031,1.08427529455639
1.40583106764161,1.08417050660342
1.71141947327783,1.13223139184197
1.38660078157161,0.91206684879119
1.44311623284448,0.967124277879933
1.76385265218704,1.13294084804531
1.73498258347748,1.13323857387634
1.52344360965769,1.03340265898398
1.50058982615453,0.981969459642951
1.44691965789087,1.01668181344346
1.59084349514114,1.06808675074379
1.50469989807609,1.05353616477473
1.71002412552413,1.17675605995919
1.45989625588303,1.12613275309638
1.68418018368049,1.17933785179928
1.68591867729741,1.13564520780354
1.64413044652144,1.05371002658626
1.40290985498977,1.10008824010969
1.27095645370396,0.958366061918518
1.49296968866857,1.09606591816163
1.70595305442625,1.14130891757177
1.67375806233337,1.12949844683695
1.85249194738178,1.17038785652774
1.69513788850084,1.1004077037475
1.58339574524952,1.09090013060418
1.54152659019796,1.01490432827361
1.39206782119538,0.989237110831227
1.47926077401758,1.02929025691185
1.74010791806189,1.18528713860472
1.6903941008362,1.18034141038347
1.54252529562148,1.09025573161938
1.27326961984227,0.924583515721863
1.64667595235031,1.15732240999626
1.72443248668702,1.14205428645563
1.48137396927631,1.05391207586038
1.65155478771408,1.13309132552586
1.40649576069057,1.01583324806323
1.46965963837842,1.10883143367231
1.51543717701311,1.07648165991398
1.59106453078882,1.13565360657692
1.51892710440471,1.0214749838791
1.42473687812192,0.955638925878347
1.64906304953805,1.10219528484211
1.55613030426525,1.11816776924554
1.78891780808909,1.24711435286744
1.66421474644579,1.10794450691199
1.58013558522057,1.08093679047504
1.69082965874803,1.13062753557064
1.51483455610816,1.02523962955596
1.43312288477198,1.04236028561238
1.68288059848168,1.18090502823992
1.57489390282739,1.06145392677353
1.56914666569294,1.06936915014379
1.47810667885426,0.996536977683508
1.53996529805721,1.10944809063937
1.53308063199367,1.03916059501581
1.62618107733564,1.11787009755329
1.40464474964466,0.90913871986745
1.44649952873127,0.983738317639551
1.71956375437121,1.17037256465529
1.58692279121542,1.02415408157677
1.57353738997037,1.01871474985325
1.44371375801806,1.01370777831436
1.57403941345563,1.0783843362074
1.77134052131803,1.14684322507588
1.56426203482896,0.986921570775288
1.56011337700546,1.05072536045611
1.50822532108478,1.06999503267931
1.63186538718457,1.13848653861092
1.76583365516498,1.15758218414269
1.59362085106732,1.10100827127168
1.58836505502178,1.08195478953052
1.58489626752787,1.08808450271868
1.67288134380423,1.11555280064312
1.43777447042282,1.09123872904781
1.61772839958348,1.13196094586086
1.26791681978461,0.90076501416252
1.38930831216207,0.942904492139823
1.55288033784833,1.09787698008276
1.54631748386368,1.06404078453867
1.21784149118862,0.886403631739397
1.52578041888989,0.932183132145901
1.48369044823136,1.03396939440496
1.82184742957572,1.14842263206702
1.28149256552323,0.844568041659907
1.58836446359955,1.04399130413567
1.57059633798003,1.0994101639986
1.48321105445307,1.07419241491522
1.64050848629671,1.11880156696767
1.54326332657539,1.04185391702669
1.54106903274273,1.11402379161587
1.5784064237803,1.09572192207708
1.84416584829871,1.19359987821748
1.50379841527294,0.989202549554042
1.3212948580392,1.02970288112497
1.74979576602085,1.20826385076947
1.50007076817768,0.894821040321912
1.69118105132841,1.09806616297968
1.41701388446356,0.9853655466232
1.41768900494832,0.9906194537839
1.70458850038378,1.14066446757068
1.65066778300263,1.21532583554935
1.67887950885433,1.08623762285282
1.43771903065916,1.022247858739
1.73940337125449,1.17817987938691
1.24905868152838,0.877822481491624
1.69312985175728,1.12273249668269
1.59292459280557,1.04180051353803
1.5777691736915,1.06075864253323
1.55346434203508,1.1229286361943
1.4845394699463,0.963653119933983
1.39163062880139,0.976993614681328
1.46700959699397,0.933783794109287
1.47175059860319,1.03260934114483
1.53293474706476,1.07304413937211
1.67476631260133,1.16860014736165
1.4251414817149,0.998623776464974
1.70533036017583,1.16600936411194
1.65270071261311,1.21158749802987
1.50126465420576,1.03651990447518
1.36464684463799,1.00553009899495
1.41856856915038,0.983099487118745
1.55181812066467,1.08058877995764
1.59471618265219,1.1424218631262
1.75359432455835,1.18955950704998
1.67764206587178,1.22685276907997
1.39261124199281,1.02198057684863
1.28825999731461,0.903545614239709
1.50697413625349,1.04325487502167
1.58235879749406,1.02867699382766
1.73835800983133,1.1748457500911
1.6203311248237,1.08407675367322
1.63617815164821,1.12283161464921
1.56762840168531,1.05114873723616
1.55440549791096,0.94823040031731
1.76649695740958,1.21307400337076
1.46019759971223,1.05358270381486
1.60775093532854,1.10282715230144
1.70281033779037,1.14013108555353
1.50801832943402,1.00965844023121
1.36927700608039,0.958110849495552
1.58222965267265,1.14503832518585
1.34524494664548,0.979771655671103
1.61652376162532,1.05588230805132
1.64750318541034,1.12621022114154
1.61618844156638,1.0698106647864
1.60392800917636,1.07430369774935
1.49939764861701,0.964752137531595
1.50115319911654,1.03783324787725
1.59266053784989,1.14265865453156
1.39360337426524,0.952719372877203
1.40717663539675,1.02012447915924
1.66798171566522,1.09988075835842
1.47840681373593,0.939971959251077
1.3243186686916,0.934816952012109
1.62348504959734,1.23732882805149
1.61425522499014,1.09837395208434
1.53309683970258,1.06960918298319
1.57762269582844,1.04661403881989
1.57788916124258,1.07871582447342
1.44720710942281,1.03270625024689
1.42500645174751,1.01033457287339
1.53249034159217,1.06804320084889
1.73880266453795,1.18365781840907
1.51136077311908,1.06493331820244
1.47136175713045,1.01901602700806
1.65330274920746,1.15205138717391
1.39439784909294,1.03837091945739
1.54648944112903,1.04427902950672
1.51883195088324,1.1044935544535
1.70512084473701,1.17483693123562
1.47993138701502,1.05718565872466
1.28309824269517,0.944735272130476
1.58120400612734,1.12114059824533
1.49765178409597,1.09042135888632
1.5087490694056,1.13866312866786
1.71430754685347,1.21745674933648
1.63541542582419,1.0440704522064
1.69916528287628,1.23768550630742
1.65920799532122,1.04296157482714
1.50072706759336,0.964466470407566
1.65640395254337,1.19701233501505
1.51516082461251,1.0462990186088
1.57673707110796,1.05099201247165
1.57894388453933,0.970622971442564
1.51578936599066,1.16302096381614
1.41658346758141,1.02189186744343
1.33825905287004,0.972758856640946
1.82791146337921,1.15051628705812
1.375040831932,1.00193708693057
1.50431337542982,1.02645860992898
1.56288833752246,1.07247384704611
1.65464050807771,1.11393728908872
1.38543172342529,1.05117056249178
1.42388861788363,0.971028045246354
1.4089784813545,0.990121174170714
1.41027331312792,0.910764488823143
1.6201495766759,1.0041649325283
1.43140762170121,0.953384522167442
1.61909748182414,1.02441662070166
1.72100030190271,1.16593479815408
1.59975646773893,1.09575133920362
1.62830036912191,1.08112595927294
1.57475981735684,1.06697402081318
1.539641374624,1.0481761062266
1.5293960980816,1.15207732144546
1.60734171254165,1.09295356018417
1.67551783231181,1.16269612323379
1.48783594728891,1.00204999873842
1.54224094039615,1.18219163832934
1.60088909623464,1.13426137371456
1.52081358923794,1.04330994681406
1.72134625533848,1.10777453840179
1.55352584951826,1.0593286540904
1.58628329221464,1.0754851168993
1.48584330696894,1.01404769902205
1.75116505912766,1.14410615700068
1.78574904376609,1.25736416892252
1.63413260739101,1.1021330017809
1.61106960328224,1.12054916425168
1.58587928502272,1.07889901773799
1.71166388828635,1.11533635502261
1.79463860594264,1.19110335907143
1.61612566685189,1.11210230191342
1.59699365388332,1.11423238837712
1.50313150142662,1.02206897544854
1.39114800893113,0.96037471197687
1.53669671875007,0.989175919600605
1.51221154172612,1.05755059604942
1.64670048444452,1.11270088004367
1.35608444669921,1.02044499196734
1.5286381009755,1.06777430191014
1.85772901214474,1.134797787177
1.72456661089074,1.19084441757346
1.27366368122924,0.791003976137653
1.56047824995671,1.12530722983351
1.63236285831872,1.10395766382936
1.51214874547475,1.00681790920189
1.55058975777778,1.05836857462816
1.59290421555403,1.13717563655211
1.55709568495101,1.02540103770019
1.37588854327325,1.04704073867595
1.76186729909692,1.18089676643776
1.33384380945606,0.914694730166953
1.49920679158106,1.00049249103235
1.67793571085619,1.14555428159728
1.7032331070669,1.04035325846016
1.46139070671977,0.93400253810284
1.74427215778645,1.21390981795945
1.4406840339215,0.989732968543774
1.54623981055204,0.976712116947096
1.44170383830687,1.04146685840361
1.26669184529166,0.952572846410706
1.58302478161337,1.02593190750142
1.60697778717441,1.06061174888506
1.71854146868646,1.11355546080397
1.83400555090242,1.25016979534727
1.58955816123282,1.11563338345708
1.20249011547988,0.96889666219634
1.60291276008913,1.03988185209155
1.69040325808337,1.1606215543867
1.71570473235783,1.13220431373712
1.39376625751165,0.96902594285215
1.62859642495317,1.14308780157238
1.28758545880854,1.01502884929372
1.58656984584194,1.13238365491974
1.50980228663282,1.04449879587695
1.4652224751921,1.01795494119596
1.48663732279619,1.06529494221998
1.66541269334545,1.14369760565387
1.41429565565705,0.986747958273971
1.38368064299505,0.979704200782152
1.51433266649097,1.01200111878581
1.5465442536246,1.05928992208271
1.42922161497564,1.06420854436058
1.67492358915354,1.10331834991188
1.66586119110917,1.16333416892148
1.6488131985328,1.07058271759867
1.45770241325605,1.01084803371585
1.95228099952207,1.21268992404074
1.62947650789567,1.08306880478898
1.44305577804704,0.999343843357023
1.49263292263785,1.01652215934567
1.47322339753837,1.00979692849386
1.35966172659978,0.997541855595202
1.59741695368237,1.09655430191629
1.46933905684972,0.991436839432476
1.43289908387277,0.961256088609398
1.65390334139764,1.09761227473106
1.47105815433196,1.07752256661403
1.5622098226879,1.12513469976786
1.45247379055728,1.01293939241995
1.43837802369632,1.03972759623128
1.46670329174503,1.11971876162689
1.33932651933648,0.944303834592688
1.64483507882354,1.08269527289996
1.52045690525088,1.04324230492373
1.57893159112928,1.18447541375644
1.5965970542,1.09162326707539
1.41368959186793,1.05739309310998
1.39268556490777,1.04207071706129
1.53828444842061,1.04468348949375
1.46756547465477,1.09514932710644
1.57096452692745,1.12612436490247
1.72678454927244,1.12011937147003
1.72978265627413,1.06867604489932
1.44485582202738,1.01649928798262
1.79799807433412,1.24335180621943
1.59988486043751,1.20983760473409
1.35686197168101,0.925445559627029
1.25030443060932,1.01436651443547
1.6178789586887,1.1376803192223
1.62216191713431,1.10741640303763
1.72589867077152,1.13420182228839
1.45807780891752,0.978592519663063
1.74005513439636,1.16702170553321
1.60284195360587,1.12366519522264
1.50247091496517,1.02211305108832
1.567348114793,1.12659692515949
1.35510842742565,0.965015638257894
1.39190242455834,1.07420755439684
1.64571209955953,1.14651101546189
1.73219542736057,1.15648364332975
1.40273285173942,1.02084251015517
1.70759905937533,1.0793759602258
1.51507288861717,1.05422376592417
1.5651179182012,1.11236994251179
1.50904241569183,1.08255731358793
1.48014449999748,1.01647373384144
1.5072242045074,1.02347174389786
1.62828228218509,1.10255281406058
1.52336296068231,1.03280421371491
1.29091235312167,1.04071599174274
1.73184504915676,1.11942579591295
1.62246213570959,1.18736354050575
1.73241855308179,1.17134201726153
1.62019309334554,1.11067973688195
1.51136205645106,1.09799689715823
1.32121004852475,0.938072999048149
1.89481170801196,1.20390987891775
1.5917918489075,1.09955441968047
1.74300219859156,1.21783341471285
1.54613620690933,1.07024264145718
1.73318230970968,1.1524526713932
1.57980658031619,1.1399480066251
1.4466963141564,0.971797177954685
1.39273847760698,0.955175223025796
1.49757875275444,1.05297636652161
1.8198638694764,1.16044727928461
1.48812421042893,0.968396674630193
1.39141067488069,1.05042946697741
1.54049881163474,0.990626882201368
1.57799943891344,1.03582451265233
1.68557453363234,1.11513616943056
1.63873651365587,1.03678498354594
1.4856626440274,1.09458899032246
1.69906558090708,1.14972100795158
1.35915731517533,1.0607812307015
1.28497478142341,0.904953568404383
1.66355444140787,1.08590851419139
1.40187217881391,1.0038265927549
1.57064114347121,1.05569240011799
1.51331109102596,1.07128692269149
1.61594932617288,1.14445481439842
1.78523718474908,1.27043987198479
1.42837115733139,0.910862430778069
1.64016830580651,1.14297406297026
1.4526073227276,0.988444552830758
1.58552331390152,1.21351304644517
1.70476608341592,1.10682361995734
1.69757198085686,1.11085444046852
1.4674559728644,1.08777508181786
1.60273945310325,1.09995950370869
1.62921409791401,1.09830615607346
1.69444794779201,1.14168589120186
1.70710021386833,1.17068091775323
1.58531113513111,1.11355489201379
1.53986389251245,0.978760549915831
1.62452182292486,1.10474057275662
1.72604648219611,1.2024387647595
1.44027139616572,0.997793634605678
1.38446685159644,0.913776930305316
1.50520060306994,0.984699428490142
1.55257368988097,1.0777314453655
1.5747377187879,1.08648494130806
1.49303016430466,1.02370516248434
1.8872869365868,1.23213817925767
1.70810039912836,1.12797508618392
1.25422280621436,1.035856932968
1.49399825581482,0.974685776869017
1.78796493605068,1.20169936046235
1.67316456529839,1.2097618004624
1.41221712495248,0.977849649871234
1.75211417891167,1.2082252177851
1.74756247745087,1.17369404273461
1.90848418145096,1.21802889146972
1.57051351610832,1.03484827005279
1.50787197856025,1.0613915869818
1.69537028766901,1.18805349270156
1.48287898627023,1.02880238194448
1.77284070092047,1.14679475468248
1.66456560423158,1.14638418132253
1.42695984049207,0.957768799763048
1.54822197850105,1.06321926957674
1.52002818095055,1.02312402897867
1.64217040760775,1.05917701533238
1.8137971173942,1.16249559075697
1.46717430968272,1.06325985570245
1.70409222532636,1.14406942631632
1.47050866009574,1.02125390561518
1.41825135952405,0.984955005610192
1.55487493719387,1.07409107432656
1.65265754967949,1.15055757115168
1.72816682286247,1.14712998120685
1.63507896352386,1.10624054670721
1.52358011063872,1.06646737054696
1.32686516611995,0.910636821091323
1.52636967830784,1.04881528858839
1.55021924560436,1.0808861656981
1.79382641835137,1.1829402006682
1.40740600612089,0.967916775050331
1.44782546843319,0.946353380415402
1.49190090886072,0.998227685839485
1.7894285807936,1.26664450712643
1.56920147031629,1.03489556620535
1.74047880838881,1.18873539371671
1.57552758771613,1.00414876531271
1.52720560371565,1.03886250919702
1.75389633232232,1.16791221982166
1.40795009136361,0.960179719722233
1.84158159071539,1.22563690216469
1.60522586133325,1.03014648878037
1.52744139408327,1.07458815544756
1.51293560131062,1.10620790896308
1.69103841448882,1.07114517587808
1.60241478197998,1.01957473651276
1.53491339374717,1.0390251344767
1.61055096588675,1.12887046294739
1.61804411430705,1.03932074232365
1.3419494770105,0.982809002975944
1.75947331584211,1.21829673862237
1.58259589933403,1.13928117084211
1.74181428199639,1.0863062181171
1.77837237449935,1.19058948396313
1.59048857981215,1.04677129614161
1.56548780691389,1.04429131611145
1.59538442459551,1.11369563494151
1.60659198090101,1.11575765160265
1.52649846343822,1.01830041956193
1.59200254733961,1.10686647173742
1.75073969770249,1.18564799580661
1.3655767875096,0.988025449030834
1.59447502132607,1.12179963682902
1.80756265568747,1.19561624262976
1.47438213111377,0.989025134575684
1.65886913145702,1.04019462550527
1.64113122793255,1.13281804521975
1.44184829837032,0.941979504124011
1.65704406390637,1.08110468500228
1.46205483310254,0.99834776689772
1.5165346618254,1.14887745873588
1.55114359287086,1.05181944737136
1.60144839690743,1.05917683563412
1.66741039641308,1.1781812194646
1.47868892750516,0.97689193809978
1.53501565873149,1.0706772098379
1.38006419345247,1.10602014275992
1.81036359408115,1.2161078355504
1.67005148879546,1.25051543081998
1.69549650004976,1.15711090277268
1.38451017640205,0.947387636288611
1.61192590695853,1.13980356016971
1.56336100366758,1.06268813335215
1.53416767303751,1.03307721036973
1.69478229326181,1.10475570461007
1.53259911800814,1.02141303692146
1.49921344267917,1.06741596231553
1.29453166085671,0.99695225936718
1.60879396521575,1.08116314756311
1.82715139889839,1.17855227453656
1.87426688510253,1.17626870768408
1.6076240184819,1.11020278129156
1.49855105898586,1.09248790852505
1.75578595929245,1.16464327153859
1.59025689181541,1.07150450410359
1.71887824505225,1.14037591033183
1.1915962318716,0.958451254232449
1.63619197991393,1.08785399625629
1.44339226998704,1.06147274675623
1.42797820421003,1.01637817933253
1.66488672976609,1.09269622681665
1.39738825129455,0.934555072867299
1.65243339815427,1.07060455812187
1.71660786763649,1.15976799062996
1.43719446763419,0.934396100360989
1.64113142330079,1.14673646910585
1.54215737307373,1.09160305171197
1.73040115669767,1.21084511850359
1.32150711287903,0.910569818165061
1.60557307475201,1.06372203989052
1.43232573693522,1.02229715894005
1.5150500896786,1.04285830058299
1.59089097732828,1.13940324325239
1.59003288373208,1.0982427265832
1.53068686172411,1.05687302803065
1.59804096821636,1.07458049789821
1.20492971809073,0.971759814418015
1.60010912639164,1.0989192765698
1.7435992344242,1.14362787076086
1.68772195325188,1.11793804500785
1.7122897665201,1.16488052463417
1.6120540443301,1.19932067729974
1.69816487303219,1.13309045981727
1.46284339403777,0.982791580804897
1.59035347314171,1.08553718607703
1.63579336261156,1.12500911992818
1.51194462210269,1.14400337531247
1.84955570133777,1.14161129624067
1.35815576752639,0.953896380920508
1.71829861183967,1.15928530146629
1.51237902674824,1.12485059024963
1.5715629826903,1.14485414713774
1.82340284916504,1.22282281589419
1.33254711892479,0.952235316122856
1.32892477610788,1.05886448548185
1.32936664538157,0.969661608110795
1.57200603247749,1.07038412337275
1.63975679810562,1.17581952131283
1.71228434595562,1.21984339655862
1.59790089086346,1.05881290263026
1.58416366368636,1.13307345323997
1.35467330944474,1.0187915910421
1.55740100469168,1.09969382645014
1.27082052987662,1.01004950701617
1.63520698132057,1.06042310604457
1.56221967953581,1.10152618068591
1.78527600994827,1.14556852974176
1.69518896215474,1.23315096814436
1.53277440348906,1.0336007451975
1.40423273595989,0.938745065454224
1.64940870588893,1.11979064222622
1.46679823804839,1.02234668939746
1.54368117987218,1.03450183149942
1.60549747659852,1.06969583595312
1.76450468381848,1.11774384963557
1.53720550490924,1.08150817063524
1.61680019716369,1.07817820002908
1.54852042629264,1.09390383240674
1.78601134086958,1.2080145810815
1.64869836495524,1.00790768869641
1.40996825721726,1.01235754960427
1.77666245565513,1.2055470211702
1.51517132275284,0.971985580887467
1.4883815473783,1.05650247816816
1.68839410972561,1.17405882805338
1.66061290441041,1.1867926899003
1.57001099958412,0.98970997967473
1.69266025242028,1.10802987870292
1.56758686518582,1.07741400273203
1.24066225861368,0.989815430616766
1.5063797958344,1.09753653605703
1.49360906107214,1.00894237668866
1.61851741130769,1.0468790791901
1.44413653156177,1.06710875416513
1.49888177443079,1.05492378079489
1.49183346923536,1.05932089856028
1.62538723983586,0.938589420220592
1.53495024349564,1.07639400959946
1.57412002330764,1.0512189244903
1.3132087739841,0.991213718874178
1.6305540725777,1.06161098996198
1.40145171208892,0.98076543815365
1.70387834918011,1.08355605593824
1.61164532704572,1.07130039876134
1.63697580646811,1.11771502251608
1.52652641035131,1.10454912157678
1.51489315631669,0.996420098738604
1.51740754178187,1.0934818730931
1.30350603074229,0.906584089028318
1.5939173969523,1.0115099236667
1.56539177740514,1.00475048658167
1.61873222827989,1.12150686483923
1.65443983064217,1.12732547738076
1.77845050788249,1.2169558712681
1.64368016969797,1.07852709219229
1.40850893029204,1.01532698307328
1.45620226526203,1.04014001434542
1.46192875227763,1.0113347162915
1.54152032481632,0.96307042967278
1.53929261084633,1.07087660711988
1.56460185457953,1.02167927362174
1.58433052033009,1.08269473323364
1.77256731164317,1.25076644211592
1.49551284960706,1.04362271010167
1.53344140469883,1.06030137471122
1.31557252860978,0.935060624129636
1.80618851798518,1.2289327870245
1.47574524891627,0.984534011936861
1.31429868650417,0.890999817017104
1.68080307298306,1.08425186977077
1.65927925506315,1.18937609773432
1.34218377847337,1.0432346306766
1.48069578109737,1.04771398060493
1.83381059418944,1.1671446805624
1.83052169575108,1.21969910255312
1.58621505666828,1.06382675274525
1.61828466226709,1.11666014806948
1.80059345457956,1.23929713941436
1.63773070593473,1.16124697472355
1.77936169834126,1.17749958734404
1.70244883053998,1.15246428054959
1.78302944252606,1.18341765281173
1.74921513702572,1.11305777473178
1.49704654451398,1.05733679087391
1.52017410666169,1.01883710987123
1.63247404329852,1.09924645863883
1.74230419177497,1.24894072596758
1.47090614907627,1.11987679521217
1.74954469809428,1.11775637594775
1.44204245376909,0.937833609711676
1.59635568376535,1.02173260042427
1.61505785474609,1.12103715046449
1.58893472362827,1.11715733377283
1.63772808661558,1.11700006572073
1.66256506838973,1.08316928032121
1.5079665161019,1.06326307306999
1.59109058161587,1.1560478498258
1.60292611796351,1.0769271945149
1.33675983943951,0.894480831983719
1.70414077813511,1.16754148727946
1.5096270054028,0.955934821678518
1.4164943529375,0.963354369961887
1.70855120098131,1.22430105249385
1.47756764785387,1.03619257865777
1.64823671019275,1.09524606880711
1.61741286303281,1.0632575370503
1.67167885261479,1.11280531522819
1.60555043500873,1.09092597290508
1.71292404524419,1.17342814782244
1.68468343521069,1.14742136034483
1.52959014961029,1.08260625571958
1.52463579359997,1.01449159422881
1.5616915413105,1.0679990368107
1.51520689110461,1.08522539854645
1.88757770616219,1.32352392981341
1.67029103861642,1.23532423903146
1.72924780783699,1.16091130633432
1.66902641078445,1.08401348777186
1.4093454428085,0.907120709563441
1.65869696360652,1.13027837503981
1.35415029035556,1.07099692670679
1.53678674872945,1.01789631596244
1.62599068456956,1.05659293340074
1.52891556246197,1.08598514548632
1.64685606070848,1.12890773570124
1.4897629521562,0.951409487007317
1.45216068289225,1.08022231786116
1.50410954539547,1.0316975880236
1.62373099290204,1.11162276218566
1.53742381089433,1.01640859600335
1.48278149023548,1.06387627621418
1.71236791371074,1.11416711889171
1.4478228002791,1.06003818813968
1.65056774812933,1.15649481605132
1.59505026198096,1.08733644920457
1.69416206116,1.15791712299624
1.388938984314,1.05340654297271
1.79684028992789,1.35535053610574
1.77082503828494,1.12499719874032
1.56633789374243,1.05301532077272
1.78570593121947,1.13684825848246
1.7066837919194,1.18230458453464
1.48058792900628,1.07580751287374
1.41804060585445,0.926749479504457
1.64416754595047,1.02094906325005
1.57165878804625,1.1472181401484
1.44016524076429,1.05744348401991
1.69322995802991,1.18400258189309
1.68625637273926,1.16018188325217
1.49968786039556,1.06960395992157
1.44634168210938,0.998283734214309
1.55132149389017,0.99306829677585
1.77003045972612,1.21739171923104
1.50724840340677,1.01279892334481
1.6901513601809,1.1606913586396
1.64274842709469,1.20361804050643
1.84114752994452,1.1908043870614
1.72128470766265,1.09207764769031
1.5248542241915,1.04967717169456
1.57909651093645,1.0823045983779
1.60516665414993,1.01209079139492
1.36288085760203,0.993183310109719
1.46156672766548,1.03976392335256
1.62270350061127,1.08957115626404
1.56007359233479,1.06948228115984
1.44407222882593,0.998128893018126
1.38186731942968,0.980731641608179
1.59330987297269,1.0840081695937
1.45954214085571,1.03794341609134
1.46187940659091,1.05576552285541
1.71550079081122,1.08484389519949
1.23988760834933,0.963607727472829
1.9133922467513,1.26847682342589
1.48980992448363,1.03011843513853
1.60248506718441,1.09760513453793
1.53561499182334,1.08017658992611
1.8228048721409,1.20624428598893
1.41058392035757,0.966626894482225
1.47380527634529,1.03583242285526
1.60019714968831,1.07642468108529
1.53529464432771,1.07335502462919
1.36724317325816,0.905685198648748
1.64235927606152,1.09883372541276
1.73891464504313,1.14027065142409
1.40295818151537,0.932141151887102
1.23949529160451,0.995306744554707
1.75084336293106,1.23425382809068
1.66306435030629,1.07047469856609
1.68441124070548,1.12900819631517
1.31094045221012,1.0320754020569
1.49949254535899,1.02509158674412
1.45290407926742,0.971359544471103
1.50464649970187,1.03852786136166
1.67176429433499,1.09687601041685
1.2520104507635,0.997612528617785
1.58954611566147,1.15711222407612
1.74593690663818,1.25838043393055
1.78428550204716,1.18821253792058
1.79146758170146,1.17122570398187
1.54866831996748,1.12231001524593
1.80892681389868,1.2624687071162
1.55053990619889,1.07978890886321
1.76402406383188,1.02274401178409
1.66437985049231,1.16078626795484
1.55422722195968,0.997460624877145
1.43457473805335,0.941478670723713
1.63314377585724,1.09169820498702
1.54866632640214,1.16862562818929
1.55739222608511,1.02059491728566
1.26414970437118,0.910482902898231
1.58201673118224,1.07872835868292
1.38962885917448,0.962701522946386
1.52615471409386,1.05900840920265
1.55855973811904,0.973893126039909
1.75966368081051,1.16744057869252
1.66327376922937,1.08770360795904
1.60946766031062,0.990797863032387
1.56906451411258,1.0965298119783
1.41304277254332,1.02981629618061
1.47671842191637,1.01913372477012
1.60908997512781,1.06440918285739
1.72743187278344,1.14655666622832
1.52694393556298,1.00349642469382
1.5609105032954,1.06434199075848
1.66473516743535,1.11976022448257
1.51497877378866,1.00861378745909
1.68511690146022,1.13151639890978
1.55190057209279,1.00345255058134
1.54659968727277,1.04763227136898
1.81341822244129,1.20469650744205
1.65916231220028,1.13062979103425
1.53218787251696,1.06339639454565
1.52112935268275,1.01832253756395
1.40621720769147,0.968602961892912
1.66260370988686,1.04409462477982
1.46598452699067,1.0459409861665
1.61931747325623,1.08338604840059
1.60095172659458,1.17112015130851
1.56858659643659,1.10919699830221
1.7201714966461,1.10034841453524
1.56772812522151,1.07318499395084
1.32626301328737,0.905450303028473
1.4197072313621,0.891041025046171
1.34814617677532,1.045533149557
1.59037962756584,1.10163807874453
1.5845398525119,1.11645430225698
1.43714870145864,1.01644275972957
1.63488557578162,1.13956101612095
1.4785976141806,1.14195385702367
1.50008256227896,1.03340252359376
1.68869418557415,1.15791624312578
1.45904555056595,1.12423463353175
1.57837474999422,1.03597493222999
1.28166783196456,1.03739235473202
1.51125907855401,0.99753153552507
1.56831045745081,1.04344864176282
1.53958720596294,1.01446920105769
1.62879706125284,1.09901941131213
1.67488252337764,1.13250422464399
1.62486593278108,1.11161540393817
1.61601372471956,1.12081832336305
1.58202428539187,1.08396494702088
1.69468595782295,1.1357916548393
1.65731319892276,1.14112223878648
1.28425381772931,0.849333722910778
1.54513050016754,1.05055392036079
1.50702402333871,1.02242403164733
1.74744102950544,1.21493436195864
1.62234419049398,1.11246125750305
1.21798036109161,0.895542373482062
1.57708400837435,1.19066292026804
1.5779373851968,1.09925987741637
1.51210959562883,1.02236176745597
1.53586442946122,1.03658866506467
1.70223921685414,1.12216803785733
1.66127708864282,1.11804799135814
1.43640799139657,1.02431407050355
1.6940059064591,1.20762098813391
1.67285786199497,1.15008523984307
1.6016456027612,1.05670829140348
1.41108419094373,1.03120863044702
1.46966621668731,0.971764046781666
1.72321936861707,1.17310327719871
1.47381028856163,1.02259574769385
1.76738182479244,1.14250833172915
1.45221873003476,1.02200387776772
1.51716396503402,1.04257116748701
1.58154004253507,1.10821526019763
1.70262333818917,1.12261610796456
1.35651693198654,0.926242762550398
1.61333456536169,1.04487597374018
1.03479209598718,0.796690159035571
1.68458059724811,1.15142280823007
1.57688531185161,1.08597167707502
1.29669493767482,1.04003061573232
1.45757750811329,1.06710048472764
1.8032614446807,1.25882869850426
1.40832172222491,0.990322196231257
1.43588601888789,0.992051671922032
1.22951213923616,0.944751795046896
1.69030150702556,1.08582043868549
1.77182682586677,1.18495113602659
1.67601352525203,1.12187439422884
1.53740106724348,1.07770933104855
1.64232629256836,1.07003731629048
1.57323871702282,1.06309689207718
1.57894108979761,1.08895852872637
1.66526983806331,1.12472017264594
1.55774659606946,1.0128716024944
1.63633155292211,1.02752690605183
1.51020970936708,1.13633277629197
1.63515380706642,1.10285268068812
1.62664013972276,1.14267384485535
1.63043723596338,1.10803680225964
1.55902605374432,1.05593020687435
1.64376831040679,1.24149741971483
1.58899999723789,1.01456843037026
1.45788966844717,1.04406458083044
1.53000491609289,1.03752900113117
1.69080209067301,1.15293994402263
1.38025918713204,0.909621627339174
1.61635316447404,1.03630815341321
1.46319565097041,0.955248324425776
1.47553848283381,1.02737779247534
1.55415750251079,1.06999412341288
1.52649787434674,0.953564570371175
1.69750537852685,1.16100343019735
1.52859014124616,1.04168313827455
1.59411401005628,0.990765774289734
1.7171806796577,1.1793193323562
1.3610300825248,0.966458184378238
1.60042036298745,1.13630624386485
1.57297944050908,1.02414367258305
1.6563179831311,1.12825799049849
1.63644257018324,1.06839191623051
1.69147538756176,1.23570172824718
1.44023725795943,1.0587114863947
1.68435507886551,1.13038243072052
1.68794193409378,1.15406943903728
1.5489050343253,1.07051421318965
1.39388784955765,1.00331853635253
1.6945602840497,1.09034426331744
1.79645183473741,1.20661710205639
1.46414041729465,0.923995289208538
1.67923411198106,1.15332628616067
1.52547118509546,1.06770929757227
1.40412434500639,0.973668947968123
1.40301411779773,0.942921966737916
1.47630180201241,1.03503501116806
1.56406312829004,1.07728653802904
1.822641900097,1.18867542043923
1.60177463582283,1.13126757044943
1.49895049391677,1.03639281267912
1.47370220541628,0.96959125673035
1.55009545354824,1.08177950931295
1.58637781424725,1.07667691269096
1.585946448883,1.1330909077467
1.6959829271482,1.13650021852197
1.62677363013244,1.08193061547994
1.60451626542769,1.05501405390753
1.74649861632393,1.15472600351419
1.69696194361592,1.10775479382576
1.48690342166187,1.07208561038742
1.71242913338081,1.23475503535436
1.56558447549551,1.10082268824785
1.73422675097595,1.16092728940467
1.41908639675878,0.969277299498004
1.69030081768066,1.08789206587458
1.67309252578503,1.14849818883279
1.55088351314841,1.04267433944487
1.51042231513259,1.05377638364407
1.73586331692083,1.06722985381236
1.56267579596226,1.12659365603884
1.50465497915789,0.960730345909719
1.63183413873015,1.15094296871615
1.6301805231726,1.10618309570283
1.59660508278952,1.0263414372014
1.57175190978934,1.07269665848367
1.51056774602511,1.0759350009351
1.74078715578827,1.13281746517502
1.6635553160363,1.12309807552515
1.70507995489012,1.12944190406376
1.60577185379325,1.10677154696617
1.57366100058825,1.03966216808535
1.28545786094414,0.894695458640252
1.57327632409435,1.06607427519411
1.2673406928498,0.979344992477284
1.46379505297104,1.0334980110892
1.25725947755894,1.01206722981218
1.68791696898812,1.09101072390798
1.60886200179546,1.11260862702793
1.53069355637817,1.02148370946974
1.71200309958233,1.16634620310703
1.57210274840131,1.17176204010596
1.54299811007326,1.10180348896866
1.76485079707423,1.18150247594827
1.52228854123265,1.07803555654083
1.5671345272258,1.04872548254152
1.63101137399505,1.11173360491941
1.43324714959137,0.984154354534741
1.55316281240924,1.06473571882297
1.64730357340036,1.19615855437088
1.67402242119496,1.09715882395599
1.36751890594336,0.98387252848635
1.54363357373557,1.04856366056219
1.74833856965166,1.17233985781846
1.7007238128228,1.157247907494
1.67370462051309,1.11036931843838
1.39931958987002,1.00653967904419
1.4980767153105,1.03545379905073
1.52353069811359,1.04415175432186
1.38312560994818,0.870777238240476
1.62300591418089,1.13744248859216
1.34617020821257,1.01132066426239
1.6522939220222,1.11696364031353
1.40342908914548,0.955583774868727
1.56122760998257,1.01724097833047
1.68706805678186,1.11147327342549
1.68799672005072,1.09657589246407
1.58002149431471,1.02233071886265
1.4391190309263,1.05511090001347
1.74859200243152,1.13662847812864
1.36635290759752,1.0901590239585
1.37194853617444,1.04816675205938
1.61935961912829,1.10282206590295
1.40821638382578,1.02685817119509
1.65548372547855,1.06333957833267
1.48038053483225,1.0474560542933
1.66017721242022,1.07909135368049
1.52468938167501,1.04602599622396
1.11003898378709,0.892240934768487
1.57967275828154,1.02066752436845
1.48690357751825,1.00524144876793
1.45167657485543,1.07529930133163
1.42903367923221,1.04669403193146
1.5135705320002,0.995124974721058
1.74624480188625,1.1961884851182
1.58846256729745,1.01248454576709
1.38708631651104,0.928918666563327
1.39846347203029,1.02443671616946
1.50054241948301,1.01427899555722
1.73032546738016,1.12710522520446
1.59546919237629,1.13624618560886
1.60889322751489,1.11781718790098
1.67188225371267,1.1133062673164
1.67195440251775,1.08120987512182
1.56107085649184,1.03576822755696
1.59345302433781,1.1050302654874
1.64842094852581,1.1343556732826
1.64656859932635,1.15501308695623
1.64503259149597,1.07833431756165
1.62149160261546,1.19313412877405
1.80186503945905,1.27471249221239
1.51199998503598,1.03389070281579
1.64257243391027,1.11836892778216
1.35316489411416,0.976318568893816
1.73644714706855,1.21143863799545
1.66053612592799,1.17063311087941
1.7266594051938,1.05912907615834
1.67934403971708,1.12600077521657
1.57748172402427,0.995470446311497
1.52122715974484,1.02643114677522
1.4602902348252,1.06214950851494
1.46388694753013,1.01536954017797
1.76971777698731,1.19456274114117
1.35494385849105,0.997340589862411
1.40830386984093,1.01149371635544
1.45939133867242,1.00656875322706
1.61686536921019,1.10584149281794
1.56927795233494,1.08044043861082
1.66012489466445,1.16607335355877
1.49766545177357,1.09946290724135
1.54298536142245,1.10019430420272
1.49922297747858,1.07173111934059
1.73903393894047,1.17171781341997
1.61442507125995,1.04364597828759
1.43067012182516,1.03804290136414
1.605832282606,1.05950183284668
1.50671160957526,1.03353278860535
1.48969433331436,0.992330217562501
1.56091895943737,1.09010526166069
1.47451784915783,1.06095246783075
1.63710985815052,1.07679942147717
1.580629752969,1.0374274899899
1.31289413320751,0.84033991590065
1.74109676334356,1.1539448945185
1.44006858863869,1.02743707882873
1.41163067904663,1.02670726266911
1.81317522687321,1.19178347131764
1.47742212928103,0.969853797599216
1.3733998364349,1.06162132015402
1.75765308877264,1.17478893741433
1.64179749375732,1.11425031588636
1.67410216109927,1.15924858055702
1.50208921457764,0.981589056804956
1.37334186075168,0.966250354448439
1.73768415847194,1.19649235982355
1.37675548493669,1.00304341553121
1.59133583348306,1.13141432143179
1.28789316643376,0.886649410962894
1.46158104656406,1.10252718660296
1.70041066617323,1.15436969989945
1.63510181186391,1.10576025181417
1.48560719304339,0.891728967603645
1.7915200884889,1.19980254124262
1.60732793504591,1.17689705052291
1.51938362509383,1.10916653742966
1.45084363762514,0.99131534307328
1.58054207847815,1.10239292532184
1.639577002278,1.08661653631169
1.82441698778437,1.17951832983947
1.41163495147856,1.01570089311105
1.40295949082109,0.928219919462542
1.49307165013997,0.99029380934517
1.55605054709546,1.07046328813924
1.36222354737652,0.875150692119248
1.52318768286794,1.06485978624785
1.66464147783245,1.06795139464603
1.37991314088412,0.978647181857419
1.44500192119994,1.01729506984485
1.32387146657694,1.04398084183201
1.6584076805943,1.08661385852206
1.56840932233481,0.932366676896337
1.46876624713554,1.02229569386906
1.47695998305383,1.07008137824436
1.57890539831769,1.09949705628392
1.46412734201092,0.91401056518981
1.54155410842648,1.11484717652391
1.56986862197509,1.03625351118869
1.47361081598056,1.04651203125665
1.59689085228438,1.06996877435714
1.61489727360185,1.16077251705746
1.54647977957489,1.05673393298673
1.61087292589518,1.12261576365443
1.45587116883476,0.942200547051152
1.65107949841026,1.10094999972713
1.69590895601632,1.13786197945188
1.80398814718721,1.18622039453682
1.46883877398725,1.06420701977034
1.51513307001821,1.02823359733873
1.73201931378442,1.12987982204673
1.76056385629268,1.14949733948309
1.75433102136753,1.08901010115933
1.69451802748612,1.16318989663532
1.34458109159337,0.929004307582836
1.4201650776434,1.00593023732455
1.45311098681498,0.980039666292607
1.54347459714066,1.14394407552635
1.42594831992385,0.992436765983915
1.42653318164537,1.04150977678251
1.7073538938766,1.2251843990178
1.65956677282363,1.09782773329785
1.84086093282877,1.24330408025324
1.76074385696347,1.21599400605368
1.5350999380906,1.11640756793911
1.23441782155679,0.888623125645242
1.29615522900854,0.942089962225092
1.54410855823401,1.00042416447049
1.47142406277317,1.04606658061115
1.39198791999085,0.925485594109152
1.58087548334094,1.0765251047334
1.59333795561059,1.11546780223142
1.50774660876604,1.0709396733748
1.46551004795179,0.943083164779721
1.58286548259653,1.09113809793325
1.34652768040654,1.0430432537946
1.40598027936735,1.02869515041354
1.59111119430899,1.06270459370247
1.66594284119743,1.15247846503739
1.45887520131391,0.964431033488581
1.69471098823456,1.16864780630424
1.5723073667954,1.05160157735054
1.69654458882149,1.01569832448506
1.46326659038831,0.974653092032458
1.67451330231339,1.06066672534445
1.49194268503926,1.14502999015834
1.50240917019739,0.96393907158572
1.61269861411509,1.03929677563691
1.47101610506875,0.986412419096651
1.62465406396902,1.13372788851644
1.48902021087953,1.12937941406996
1.24338469373145,0.85504395265417
1.59438993506059,1.08196799498981
1.71721200273566,1.14720148148074
1.57314097169606,1.0640412004673
1.59688753618722,1.06166883294427
1.63280969130591,1.12981702139887
1.70431692361616,1.18459646955681
1.58720859988881,1.09792843745874
1.74856654502388,1.16508492362772
1.69922026482752,1.18434451164227
1.60948185067574,1.12814784822653
1.25225757747576,0.906949961971994
1.49824628578775,0.995366058360766
1.55526964335213,1.00784771067051
1.54176452023959,1.03077645614912
1.95447289359547,1.32880811599699
1.69292975124414,1.17518819025514
1.39757025648081,0.972353759048902
1.32593597917197,1.02237132128964
1.6409705427768,1.18396863290482
1.62377469183295,1.10035007006634
1.51847536655416,0.993983995706686
1.40804985718452,0.944404550687227
1.47010103213205,0.957427520495492
1.52237705493428,1.0455455741386
1.38219197981008,0.948501648179298
1.36091773985644,0.993012419950816
1.67957947566685,1.16420225246311
1.42995677919217,1.01560548710506
1.66082801837512,1.08499986685178
1.5648171100646,1.10434572803333
1.32561330767155,0.920065610928989
1.60917317854634,1.05047368650315
1.51149240567011,1.05475174559838
1.57303003538712,1.07132742237452
1.56113213839378,1.14115559321481
1.32020252455022,0.987120035393709
1.49958994284719,1.04184652899673
1.43314563321128,1.01723600944934
1.50150149386169,1.07049688772596
1.37317619589391,0.949521558614673
1.54401289276577,1.07219563732765
1.53522999706959,1.06597552357126
1.67169573421286,1.16639282591389
1.68929995369485,1.15043239773111
1.41468062654566,0.991734036793302
1.50213650051459,0.94439926614149
1.43124110286328,0.996085486498527
1.41550649713322,0.957046886029394
1.59328805677819,1.09020107574862
1.59386493352862,1.02982449491585
1.44588090893399,0.96733120309202
1.62527201407066,1.11461756196372
1.56649344819957,1.02529028913509
1.58063017054003,0.958855229538486
1.5441629836284,1.07403500196294
1.5025122133873,1.05424832621333
1.35704579360015,0.977899178052105
1.38805193958331,0.968581131500009
1.55652041641687,1.08092849294362
1.47527270490916,1.00732946816834
1.45009458212484,1.02394390258463
1.71384469785013,1.15852499590822
1.42595084988587,1.04715559586414
1.33123892754536,0.962326775227261
1.36557024477067,1.03397768311515
1.33685438645339,0.957772433809759
1.51393974261185,1.10765511857845
1.73039221831509,1.17708275900424
1.74021382221817,1.11425298314447
1.65533534765276,1.08809344653384
1.5183008694824,0.991403655990371
1.58174346671268,1.08417683627355
1.51087699620954,1.05567194464059
1.80386241851729,1.12225358468493
1.58236492382086,1.04547910203067
1.6438238434522,1.09081761272906
1.36342432616442,1.04013103147108
1.53454048289093,1.12696841351475
1.51661778116029,0.985298192037293
1.56030209024648,1.07279550147312
1.53146161653899,1.09654462545512
1.54880612251726,1.13385575950914
1.52123676719226,1.09296621708026
1.62035764516659,1.08846843374127
1.58811220760185,1.13748414416015
1.43548198559815,0.899942224768228
1.51242983145833,1.08464402475772
1.77461534001588,1.17825286159566
1.54928972126599,1.04768305024195
1.45075484113253,0.960017962281025
1.44551452665367,0.981440674549208
1.68386840561284,1.18481243825775
1.8219399005327,1.21157324901662
1.52707575325558,1.03218502052986
1.46256270025889,0.977302421910544
1.6787978537225,1.14965631856403
1.61030818855346,1.08336819738302
1.47600449936806,0.927678217058683
1.40468714902982,1.07389881117529
1.67666842072175,1.16084993473546
1.53728906003274,1.05284481847311
1.57819920402465,1.25152137460705
1.52637772086703,1.06976994375048
1.78224612581176,1.19786418427727
1.54402494093638,1.06243301969562
1.4062049635945,1.01135337646205
1.50169948936221,1.02747070235152
1.54952540075926,1.10356519807827
1.47103924216245,1.02025155071124
1.42935873602748,1.02131109956563
1.58521027519475,1.20924151475287
1.4558424849782,1.11992141843431
1.50219244910643,1.00786139442853
1.63838837055793,1.12052493368999
1.4923079245738,1.04561509550895
1.49755729629625,1.00448257714961
1.7085827582814,1.19542336490318
1.59134817417133,1.11190191111135
1.52434534145756,1.08159941433516
1.61042661312118,1.10358506870955
1.36230337345338,0.991388520205906
1.67714379028564,1.1173005706215
1.50850734240137,1.04730409368202
1.29278843340704,0.79708159775866
1.61115142098233,1.05185686165894
1.60178514673392,1.12618278101993
1.50709640882827,1.0519916691282
1.47638207954608,1.13483110351096
1.43961721849579,0.990389586247114
1.58935450662694,1.10091695469846
1.32058942716076,0.947673439640191
1.62640948177451,1.15437695159008
1.63805823798462,1.12397492827879
1.54084559482286,1.09327990843684
1.42436162277474,1.08385094145844
1.63850188684732,1.10938418628846
1.46081782058337,1.01514962690018
1.64098128129956,1.12652203581305
1.45160317052475,1.05961734852005
1.54188059869356,1.11764709897415
1.52630126522528,1.13281392509201
1.74288110193887,1.18497151762732
1.63015409659371,1.18252653203606
1.67616592185282,1.02545550614714
1.49770731392063,1.04387658906793
1.61840325977359,1.1182504182031
1.61416543035878,1.08766082583171
1.66470748438415,1.14213002645702
1.51732029664773,1.00138611870561
1.61642746090746,1.112726518977
1.40957101761752,0.949119844166832
1.66585010334501,1.14632691946752
1.49655207908139,1.04910992203116
1.59959306545105,1.08782412941845
1.47947371026561,1.11346303837932
1.44714229154408,1.01260914009846
1.59474705864511,1.07941675057093
1.69875199746168,1.18440606628644
1.54443484920982,1.11035066154207
1.46406787411378,1.02874112049498
1.42981969266695,1.00683560590732
1.57093683882294,0.981395176968266
1.40950127205949,0.923588793571587
1.51634638758579,1.08511137288624
1.55573822061452,1.04681898543423
1.46061038788059,1.00407458866163
1.68683581845736,1.02579465045984
1.53280357432421,1.06165012773216
1.60773295152841,1.10665423662648
1.45886011872797,0.98387150405772
1.45190323539292,1.04050795544375
1.76029447028881,1.23592309690055
1.59625228445966,1.08379639205639
1.45432290532437,1.02409446821822
1.4892415107216,1.13835364117603
1.60730436135396,1.09821930267149
1.58011410269849,1.04087233121955
1.78646090385547,1.19776423172431
1.47794462872213,1.1068912376156
1.59535465692511,1.06027886317057
1.39177396275566,1.03472170880791
1.62960573170454,1.02239408894614
1.62771791813897,1.15078669424528
1.53320873798344,1.17599774684706
1.60802089182115,1.07468390193613
1.67618969146886,1.07817688395164
1.55155611601208,1.04215622745883
1.68935554452816,1.15459333699451
1.31943212449665,1.01436022293242
1.72497078192462,1.15607366578795
1.56805594938173,1.02119188102825
1.49255279295958,0.98573064655573
1.76320797697581,1.18742006089273
1.26019844265913,0.920559642185761
1.58302061467308,1.08976436133244
1.60848744220039,1.10324486729598
1.59086874185669,1.0528881318031
1.59314998670368,1.10237314425896
1.77904811969629,1.20018451194024
1.47009777091756,1.10998358638414
1.65030786504712,1.07644665534406
1.59869429700686,1.11114551657966
1.49580099314452,0.980711223731664
1.20229097648301,0.967447244558836
1.43220634529067,0.940357448488465
1.65514564210377,1.05751607571206
1.47723275057826,0.964184664496148
1.64799859817559,1.18564766663232
1.57055085815775,1.18000143921712
1.50334307397259,1.02648179162119
1.65986817795318,1.09567932090591
1.64588537545507,1.08952771742382
1.64245593014864,1.10841842892142
1.66088607855225,1.13176965785213
1.49548101606807,1.02743123819752
1.66629119373648,1.24075450487714
1.62515973045011,1.14716754489132
1.61517256328312,1.06896550104635
1.57571142850952,1.0837850896654
1.59351814714538,1.04414461368328
1.55247889621427,1.0284446337918
1.60476831388908,1.04254481092002
1.7004535019451,1.15810640168685
1.73300316084132,1.19598522258115
1.51258620457477,1.10319910716351
1.77270750330095,1.13093568927359
1.42913816234467,1.02934194505758
1.52770953762226,1.13350056683587
1.71111161677039,1.16977363928946
1.60350423978404,1.0835528428438
1.50653576337483,1.06113400270377
1.7964285236794,1.08329888574893
1.73459503428567,1.11479519024137
1.15455219808105,0.942620098208488
1.61966046004626,1.11872910259073
1.64146023341084,1.08040071836428
1.44245671719163,0.98626154189523
1.66573800341223,1.04394193908158
1.60957056115965,1.06763992084864
1.72907761602345,1.21041856316162
1.71335902085221,1.11418731948748
1.61676431250602,1.09585467907363
1.71001646899442,1.16995259606653
1.53082032463342,1.05732013437417
1.84491457941753,1.22820794468856
1.68601556230608,1.17277753508381
1.61154838173135,1.12457183725725
1.61948973135888,1.1297213119245
1.53408413060856,1.10005783993955
1.57663133552367,0.969647642468811
1.69443030139227,1.13978416519952
1.47261627984956,1.00870667100763
1.81053090628875,1.1522684917617
1.39748707370731,0.970512630743346
1.45493731624319,0.973399426278305
1.51614596096308,1.09937461079404
1.81163523002414,1.17646682257958
1.55520334682362,1.07805484770063
1.35293052895539,0.949845180568102
1.73024865350688,1.1502910397441
1.46430137885061,1.01946601705979
1.39894664803817,0.932525509150059
1.62315565862158,1.14009035518323
1.55054732815389,1.07095878707738
1.73965510460651,1.21905901652915
1.46264652887458,1.01392437958956
1.82852492150301,1.19085518556904
1.76031421884756,1.17747217549147
1.44792674415715,1.04625001154901
1.47748843019551,0.954788953688338
1.41938086865143,1.07570448656306
1.58269241949123,1.08146080884104
1.6826797534648,1.03877353268127
1.44759498030694,0.974342409211332
1.61904182356586,1.13809377651004
1.61382004245092,1.13749753870945
1.60994366911946,1.09220958444
1.43418468653424,0.970771889163483
1.66975639218634,1.18122225428683
1.62162852889903,1.12230880942833
1.76980797310827,1.16190326503583
1.83053260227618,1.22162511203613
1.53120661139764,1.02932551364354
1.56584532924736,1.16328861655988
1.60305098643207,1.11444201934986
1.56042877875635,1.11711757473847
1.37774708802715,1.02248769645352
1.45329681515022,0.980181054743236
1.50113043251386,0.977291693423339
1.62187111286804,1.12004608430266
1.60198092788858,1.10106331947826
1.71476234977543,1.13919273336984
1.66532797197122,1.14170722911565
1.32674583349608,0.984519289156967
1.47521073707823,1.0073731889879
1.60166083898811,1.12941451994873
1.48881770418748,0.996891723115244
1.47491232727372,1.02597971542607
1.34235878208004,0.998295687247551
1.6172805861168,0.973566726724107
1.63096755623691,1.11144778016639
1.5737246774476,1.2037631525312
1.36675261886713,0.987446763009647
1.7394397678352,1.1281614275532
1.46420024440661,1.09606585197538
1.66469525356919,1.14743444376016
1.50349427114731,1.01249775231382
1.4583253125215,1.09591672297473
1.74406842322983,1.14597736863856
1.15356803228025,0.940285247427957
1.51799966987305,1.0522452728799
1.34548316516305,0.97084677018646
1.42762049908269,1.11805816573352
1.66637078092583,1.14499985837518
1.52588260311781,1.04126628872577
1.82220499708716,1.1919735013022
1.58048524476538,1.04644184390413
1.68944398357126,1.14558480990057
1.82376221532356,1.20480652663934
1.54248411488758,1.1890386541783
1.80329205875315,1.11442300144197
1.37855213546498,1.06441546175728
1.5306701752758,1.01752284596822
1.58985246863704,1.04294269613848
1.38977520793557,0.976893951165192
1.55507258845507,1.00551273484602
1.50158613552073,0.974694446245014
1.54522700222848,1.00608480161361
1.6114509538736,1.13620189329063
1.48477204226532,1.05083427011904
1.51695503160293,1.07208756480812
1.51506233308474,1.01999956469045
1.42612749042782,0.89812391427802
1.71761747492399,1.12641243690571
1.52251568933616,1.00082619637784
1.7643984077374,1.21819580871952
1.4325167932553,1.0324878595623
1.70577691129991,1.1181266893422
1.6120049854847,1.03073070139026
1.37507539534976,1.02439875982072
1.24193505253158,0.903361921780536
1.48760119297494,1.08829452672032
1.70966160286243,1.11584882478746
1.86156104390487,1.26766915335026
1.64753756887198,1.10946775045569
1.59133135281546,1.05812740602338
1.7815710551749,1.15151061772022
1.32272189425837,1.04446313231073
1.70948211089199,1.23125758676158
1.62994008011807,1.17248136027681
1.78003718649956,1.221374195737
1.67491947964387,1.09158350041109
1.55529881526139,1.08985425837308
1.17919126596343,0.941100465020207
1.38782345889216,1.10213923267418
1.70244984798552,1.17130287207479
1.72178089996882,1.14996888182827
1.62545740225245,1.15186531958682
1.05922129919437,0.845083003192354
1.33303111439507,0.929548249856821
1.63774090245319,1.1061928027111
1.50834149915864,1.06665173286629
1.47097760348068,1.01664083963347
1.4804781975876,1.032584860701
1.61889745900823,1.08833882932942
1.85353345337567,1.30180702745187
1.56146376090079,1.05763018264531
1.75218268768854,1.17091815380402
1.44321728265381,1.03075802037419
1.7322806291056,1.1516954749443
1.4864948110424,1.06125812240098
1.53751295600554,1.09276964355271
1.6588816628554,1.1766009412683
1.33896589720401,0.990264356740615
1.53587641052068,1.06063045720513
1.45556432647394,1.05845675171925
1.71448728694811,1.17168036043844
1.64676140189477,1.12195578989348
1.78537234772978,1.26986854164604
1.19538702692892,0.883081426742003
1.64377070899178,1.08056556102113
1.54240658009124,1.07199214245555
1.57362742492465,1.20356822889841
1.45588446167682,1.02800092467262
1.65853332572453,1.1068025668366
1.3163707949832,0.957624992481991
1.7124409409408,1.12496967607127
1.7230011533399,1.20726226085254
1.56069554150796,1.05901718096541
1.48176766555581,0.916060567048715
1.58162459177149,1.13435077669183
1.33674028296149,0.943380409718592
1.70899369611674,1.11290545548035
1.50591154196909,1.16505222919409
1.48772904671742,0.98571076646243
1.49252505774668,1.02216432814663
1.7756174239665,1.20922561447647
1.29768323898331,1.04261129366292
1.64444151170763,1.03403495266326
1.66430625392526,1.11059897558333
1.71271078082013,1.1444582783656
1.57515361515078,1.14087379713757
1.68836100205518,1.16680457084667
1.53451882937688,1.12495878435087
1.65575631490414,1.10412781968318
1.64325553635905,1.08753840067604
1.54529209530904,1.05890714855736
1.78487523056267,1.2277844012944
1.454859847078,0.948422926541151
1.49244450420326,0.990696159489848
1.63142280297792,1.11906241708264
1.48361158492592,1.05563801708249
1.39974276039852,0.983372665438552
1.57763872600211,1.14377605548589
1.51990174413727,1.07458480439027
1.61228161370575,1.08923092341574
1.64271133489636,1.1220652661802
1.53092028382319,1.0679109314088
1.68320719177533,1.19075874724911
1.49662777558062,1.01848801396081
1.65418043705752,1.10163096229221
1.62447805064859,1.16765274141095
1.45481879931362,1.00609909759994
1.72431860771323,1.04816549888794
1.49596962734459,0.943092496961471
1.5526042361453,1.15352238938009
1.50659941944858,1.07052813586855
1.61206610422963,1.08718415971997
1.4500255107103,0.893175170015753
1.64209731698692,1.12040902548287
1.7459477177801,1.19462901729717
1.71156424456998,1.17948665011796
1.53901243828178,1.08626542882294
1.76023402363867,1.17036536867569
1.63044746917221,1.10701011785712
1.54910060801958,1.02273741829222
1.40131815755712,0.901715231905132
1.4969106913228,1.03650987545718
1.59913389915942,1.02865639347745
1.4690065314441,1.04517646994039
1.56574793193044,1.04588368847194
1.76181378026209,1.16812437976105
1.66010368845873,1.1483003979114
1.51343817295239,1.02793492432654
1.70228646093534,1.23804348385052
1.30814294084186,1.00987659792668
1.56465635053576,1.11314613608147
1.67830762273605,1.14715946244381
1.49515467587607,1.05889386879945
1.56395097438949,1.02664176376125
1.46870607499472,1.031217937391
1.63270946399447,1.17197262711367
1.56484037654989,1.04468272774501
1.46832810046114,1.11186282252804
1.48814002337334,1.11648263656333
1.41205732876303,0.950471798620213
1.62161157255966,1.14583739433653
1.77045170428251,1.17978598334662
1.53000403668381,1.08217894506132
1.47336137933309,1.01359980053121
1.48822901998218,1.03600854221851
1.47370354998901,0.95100128078246
1.43551873631088,1.14568745827281
1.54088579204351,1.12248920795318
1.58964107323709,1.18548036818001
1.65834281411953,1.07956221468722
1.40599827573302,1.02390569200075
1.56148563561593,1.11217088448789
1.50378949233688,1.11640791010393
1.35494470052565,1.02715151219966
1.69782673703823,1.08201038474057
1.61685679316319,1.04459545584262
1.53058536964119,0.969466884015299
1.49729288397218,1.01358313772311
1.48344785637098,1.02052722975063
1.42286858225576,0.969220276735158
1.52034798790677,1.04895519656903
1.66187369328702,1.0826005583684
1.58937570113933,1.16148691053714
1.57826632307751,1.09447239199845
1.58403526214441,1.0106634297216
1.43923137056514,1.01950156779293
1.67913360093142,1.19211495651351
1.60068085396593,1.06648148151594
1.61604548660135,1.12862036457612
1.65661913398479,1.14619010200638
1.47075845809203,1.07035086481154
1.53896845075026,0.991021635467469
1.79750161497525,1.21262120458385
1.66921499429793,1.14959462364187
1.69266291750837,1.12982528891545
1.5759671184345,0.99575577391835
1.62059702837241,1.08931902867888
1.19381598371145,0.911708341331096
1.45822750174076,1.02984624574046
1.62744353385721,1.15179345272815
1.64052650230368,1.11308990916499
1.7742424109813,1.22402106528746
1.52101011099859,1.07239613492406
1.572717792961,1.02540631035238
1.77616491417864,1.19172811300629
1.61120480721382,1.12502147697602
1.45158935672549,1.09881218262759
1.46287483447623,0.999706426502912
1.27387071517898,0.9661489094766
1.44594296059453,1.00152793965232
1.37810392420285,1.02385077578494
1.74870673652914,1.1474506864575
1.46633295083968,0.934155630275376
1.4315747765768,1.03246604412245
1.46741709379594,1.12825202712933
1.65206710767928,1.247837144968
1.29736665955915,0.86088384393519
1.59835187863816,1.09187705157696
1.50240474864471,1.0599327769884
1.56612645073522,0.99151328988621
1.43703780849951,0.990124397187931
1.69525122686266,1.14327798201469
1.51686434284544,0.937266607190676
1.28099771326619,0.977987398229502
1.78116768580166,1.17636543076981
1.69749233702697,1.17662838800554
1.50202802417396,0.977132087654229
1.60654997071963,1.08237220254585
1.81337396566667,1.1610000060372
1.43052645222473,1.008265937636
1.38004751072305,0.891320652125607
1.69908776327223,1.17012344257587
1.55712506620057,1.03279095770355
1.72475579106376,1.12288515536628
1.74208081122524,1.18261983863434
1.51899225228355,1.03387745631469
1.64127837883077,1.01327512920658
1.64128148701551,1.15038136473579
1.46616075136829,1.09049797507083
1.59732717722447,1.08811783907494
1.53003169831327,1.11111956473805
1.71809834367518,1.15265630158565
1.61949172721282,1.10862504665813
1.63084405044431,1.26626687143018
1.67128319874923,1.17056320430334
1.54345902444879,1.07934373736214
1.68376470806847,1.25869710101962
1.32646048532078,0.855310226625516
1.64942879960815,1.08495767381749
1.56721920482666,1.02714637618841
1.50855839144008,1.09589200006158
1.74184661623083,1.15252992190119
1.50803080278261,1.07135553924325
1.67226056872784,1.19101351907525
1.58015741949152,1.10426276855404
1.40236583431002,0.926323265409937
1.42830430891927,1.01363293368328
1.42081644876196,1.01173779005518
1.48600183770379,1.09985314557416
1.38692885005292,1.00336367370874
1.64352633017254,1.14714517262455
1.49111778086192,1.09940051094737
1.815681468539,1.19194502700949
1.63079153534578,1.07140414814339
1.58765287263944,1.22027752056141
1.38496409011438,0.99369771732191
1.51037670962625,1.0738841997945
1.67900904201117,1.08442627914614
1.50836095784125,1.01787826080785
1.63874110353628,1.08736488256563
1.81497599203639,1.19450758236124
1.7313907626464,1.11290632008402
1.7035761490643,1.14127869322305
1.69091238092671,1.14756436855368
1.68872229101893,1.13363581883062
1.50726869713292,1.01697545510393
1.84049378365082,1.2074076278844
1.61105457418337,1.06563691573933
1.52518384558166,1.09284363270789
1.62498587685337,1.13088670873933
1.64289092868192,1.22645868594852
1.67891088423219,1.1506448330768
1.59600683610837,1.18534041568736
1.57542967551897,1.07709945068409
1.67330304156856,1.09955810876063
1.59544644776045,1.04562929719227
1.70980928866659,1.23496760215812
1.6942666299051,1.09884884326455
1.72063302780772,1.09294048753271
1.56967159859873,1.09050671837752
1.65319346389854,1.20395006182815
1.37734784138652,1.01187090615805
1.30437552207319,0.96075826213354
1.56277234203139,1.07794129143489
1.45223398944704,1.00779633684931
1.44131200026333,0.994732348420108
1.50095016816251,1.02443302594781
1.50748089224559,0.994585021757483
1.71501224524374,1.14926310372642
1.56144573952371,1.09979747687783
1.64162735789238,1.11606578713113
1.60806665779211,1.07422608728125
1.54364742142141,1.05722649556495
1.686864116956,1.16040847637194
1.80701113159088,1.17271777434993
1.43309581060942,1.03171426302266
1.49762409720437,1.08030166373732
1.48471157705801,1.05821903339357
1.36289296415432,0.929226261975773
1.61925088238652,1.04433234564217
1.42215456897138,1.0234996405762
1.45991457224518,0.881307206632226
1.60835767578826,1.154664650972
1.45440391997394,1.19447682490963
1.73548491002674,1.18620957626364
1.64898451678518,1.16396695361737
1.79070377507093,1.16700207107455
1.55632114111763,1.07619894522201
1.548109439364,1.10525732641365
1.8306839353296,1.24491271349497
1.49618585014132,1.10068224278553
1.50226609081436,1.08669394982353
1.46813906507751,1.02858078794437
1.5975074049214,1.11139541561122
1.6005072894115,1.12422633010922
1.64502525932156,1.10266408975256
1.73184239441545,1.08210282007469
1.54423874189368,1.0689711764834
1.50781157009611,1.05210162869281
1.44442862177914,1.00643808426829
1.59666498348223,1.14577285148541
1.71345769342564,1.17108337712629
1.49146192085386,1.00137078104826
1.37811985946929,0.908266767891713
1.65914385651531,1.1460072101622
1.45801026001426,1.04289439493801
1.46001271778691,0.978043722172123
1.6277595894239,1.05499049648387
1.68602057033391,1.15989786465682
1.69119603074195,1.13763861703711
1.49173802617701,0.968994629958944
1.49031766249007,1.16068520782762
1.66120032714728,1.16030894471623
1.27260474924739,0.904532250634888
1.39667953101369,1.03148634085797
1.46635268300712,0.965491299333324
1.64073814560025,1.12083298448922
1.52263751485828,1.01872446661709
1.24634645845709,0.967796871611359
1.46127137708678,0.999877676448407
1.66775199515591,1.15763316217956
1.75014368297851,1.10458157423012
1.56292567352834,0.964610194244099
1.55513507482399,1.14410479369344
1.35910427323011,0.932558690570956
1.6841535268707,1.16441609605535
1.52167581859342,0.978376251830263
1.34837520079734,0.959327565093106
1.49826084731768,1.0312295755288
1.64000514051396,1.06245422950539
1.54424241072698,1.00654589369963
1.52456960056169,1.02897585160771
1.38450341326735,0.986647363406185
1.64760528826246,1.10940589242145
1.55512926939624,1.03636404188641
1.45953062815015,1.00427946048286
1.51425866453483,1.05377949890608
1.57590878701184,1.08180886579822
1.47297285246992,0.977981293384812
1.51376580295757,1.01862679618975
1.69912225391032,1.16238736456508
1.74240010875415,1.08466751416537
1.4869901214402,0.965055805677351
1.48230594998214,1.01890337333018
1.62949554330154,1.09052223236506
1.85829858147826,1.12797790564361
1.6274190585503,1.2118584105211
1.64126765754419,1.15563597907341
1.29789635802891,1.01665701677293
1.42589246358173,1.0142634782603
1.66108971350386,1.13632543203704
1.4460565635388,0.993085525750849
1.4151697401742,0.951103834095431
1.76530115105555,1.18909766259818
1.49265386843518,1.17075576726943
1.60890799935255,1.12621554367254
1.68288447286549,1.24145106996603
1.71190265366474,1.08600262216656
1.39786028892341,1.00621622029048
1.46170378869528,0.950001063085512
1.51254980231412,0.963067754068229
1.45253340819276,0.99549768034636
1.56750146842927,1.0731245309978
1.37078207616737,0.970531252799614
1.32549056544771,1.04802203872785
1.68092744966763,1.14718998583682
1.84949106630751,1.19783171056444
1.42672693129237,0.995792880603157
1.65751269529064,1.2202542710991
1.55575653857636,1.12332689062018
1.7837521575776,1.26768028262758
1.65855921223362,1.14402991790261
1.61419112138428,1.07868330156148
1.40832203004473,1.03317886739729
1.43804930828916,1.03862298717741
1.4112370626321,1.03799331843348
1.57837981297828,1.08280432937113
1.49956431605632,1.11737200200751
1.53307616954089,1.10599588350928
1.57449634685088,1.06098575030561
1.62280723331433,1.06702397415912
1.16805538451201,0.933603467214926
1.43295662825103,1.01482263500859
1.67207963815412,1.11505625571163
1.74745461744081,1.17812299744309
1.50294086356241,0.951206858015101
1.56317018563537,1.04196791681897
1.41282684259665,1.00675447853404
1.44257811299234,1.10796326765774
1.64705667255791,1.06491587140638
1.54089767269378,1.13152271177828
1.50084086050599,1.09545986989967
1.58148920308788,1.09999192522321
1.56767181468933,1.10344181226779
1.66216319427269,1.09790754338793
1.4738652463625,1.02400231169785
1.50525904370992,1.06167670043814
1.53384349634507,1.04234698056499
1.22092648465932,0.906654651659766
1.69656456992796,1.09767120896515
1.76751110787261,1.18005883431809
1.71867184801043,1.08955338735626
1.59147098701625,1.04507425056524
1.65634599892963,1.16864848499727
1.67375199429474,1.09533264658564
1.80999656864329,1.25438331611884
1.61837818348766,1.08245192134857
1.76024941060213,1.18614590787454
1.54210256877669,1.06034054916013
1.55855600802309,1.12454533783034
1.3171303837879,0.939955394554585
1.40419942234868,1.07252373938981
1.26535966902894,0.83914460376124
1.51292623085479,1.06252034238887
1.62037006794562,1.12454651900729
1.66782936465061,1.13986467954062
1.4793497448333,1.06804303108802
1.73588536852158,1.20256245303271
1.59082209379808,1.16591554914938
1.38051474778787,1.00704649348718
1.45358118799908,1.03010424503366
1.46486788294803,1.02932373693102
1.40509242396582,1.07170265314442
1.57449833381725,1.05006068901937
1.80388490201157,1.18506028632326
1.50921496190751,0.971056727196173
1.65245632494498,1.19119180836874
1.56295734519454,1.07514169325283
1.55251343389934,1.02757947548496
1.58522043331258,1.08173610180881
1.72648776471657,1.13431110563452
1.56812783535982,1.10719142993263
1.38363966610366,0.8724588987709
1.47874466929896,1.04369323095553
1.71279325435065,1.15093074903108
1.60873736310604,1.11327250373629
1.3868526140982,1.06808328701288
1.40351977384744,0.971077247671711
1.57138178581117,1.07945803138192
1.55418810942068,1.03128830494178
1.44777536103678,1.03367292212454
1.5653020023309,1.1107455809568
1.748840496671,1.17240739700259
1.59393540412658,1.0629780714732
1.68591682174774,1.26762005423099
1.54640722001363,1.10524621839736
1.53083067727117,1.0998117661118
1.61692829437415,1.04738615586851
1.5250179467583,1.06439073992858
1.66794058959721,1.11071355726175
1.62939292781968,1.13774174136013
1.39807528959338,0.982569169816717
1.3001920017187,0.997719719912555
1.63591420621538,1.06663026276375
1.50344624175799,0.985737717080806
1.58158357442254,1.08319880575727
1.55285583241124,1.04175656112607
1.66468268042869,1.06816083066214
1.59570372585195,1.11580964098291
1.49723336166863,1.06634913278255
1.514297762054,1.03624838372072
1.7601442072309,1.15009567839266
1.60114638963287,1.12235536310286
1.50341696628227,0.981543163603011
1.71493290912263,1.09766019626988
1.51222771437345,0.988662491125602
1.66375192505658,1.12854435194576
1.61886373278091,1.14572211632111
1.5600779117149,1.14798151656092
1.82440387653139,1.23572318143049
1.52496629688906,1.01492528452399
1.58245027563816,1.01044477127517
1.45918434122189,0.956363623727294
1.56521951179398,1.02107838498947
1.69649084627366,1.12261663506286
1.36185781292711,0.99568939888628
1.48849695597754,0.96208061256893
1.64902552173896,1.08522828140774
1.38132770769176,0.985575495176968
1.68848728571155,1.09433089430057
1.57469968392972,1.08058207094485
1.23557673831046,0.913394309852271
1.70068419558876,1.11230381254537
1.58122408232706,1.08760156872966
1.76526070401151,1.21347456921195
1.74482803091134,1.15102243767442
1.51957866217409,1.01472949071788
1.52077953749385,1.03705820658951
1.60906239415393,1.21559433847243
1.73977573317423,1.17504561800775
1.65213208736332,1.1010850331843
1.65035072834175,1.05575110548791
1.66757717336146,1.08608644568569
1.31123476327427,1.05528960771343
1.53348815000587,1.00560533843543
1.51994813356812,0.993255151680793
1.52517016177656,1.04173505058706
1.33495382138479,1.0329613952022
1.45916205271871,1.0467237073656
1.64977261863947,1.18652263940992
1.54533115891538,1.12248423908196
1.63097404690708,1.14121849788996
1.64147940226037,1.15474359603575
1.45019425297775,1.04272397066509
1.43374850149461,1.00891637266935
1.50700361842111,1.1314014164875
1.56744559459038,0.992369615819432
1.75001585373275,1.1868198705624
1.4923312190161,1.06493456998271
1.59772623558493,1.08500674580141
1.47101567365883,1.0565138599574
1.54367758746646,1.09566797445767
1.59133779577533,1.24401259614453
1.72912386704055,1.16006723843501
1.64059620519584,1.20689385862261
1.53477652070004,0.988494650123761
1.2674482481648,1.0171183804678
1.59509401520269,1.14803083589966
1.67940021370367,1.11126020842311
1.47468766339702,1.00570740714477
1.21685719170648,0.856516765947724
1.44548947693861,1.00557727994275
1.58339996396588,1.01447925619859
1.711342602508,1.18734204215243
1.71810483709106,1.15843381065914
1.77811917706765,1.19479008217457
1.7238126352949,1.15955730527094
1.6583692264463,1.12408888869881
1.76744470018229,1.21520780902145
1.59221286195444,1.0699978514813
1.64554654286545,1.04393087258803
1.38191627399336,0.934547980419787
1.79069658111853,1.16047923732364
1.82990492850369,1.20096561642266
1.65105042871173,1.10418185424816
1.62644236931073,1.10067692988548
1.65989086268254,1.09609718732962
1.36448443910127,1.04134369164319
1.42113019410105,0.92873604324661
1.74253428127609,1.18555904547128
1.49504274682682,0.915625539800334
1.59168370481909,1.09794382703093
1.61438527843953,1.07562262464523
1.70997575794592,1.103970858143
1.48255762948931,0.937576241477656
1.59583710841602,1.09247456560093
1.46382142514663,1.04133464262386
1.41646749294121,0.891781100444038
1.50373700748832,1.03845607439108
1.74593301724979,1.14907516321251
1.58911149503846,1.04581909722091
1.65260725106622,1.13761375287502
1.40641622172412,0.992205833365257
1.6258881039609,1.08074658557891
1.57930785628414,1.08094618235436
1.74630641531448,1.17019936835728
1.58357050308396,1.0806855075655
1.8054590678529,1.1826297511735
1.91932558735239,1.28183810518941
1.47601242899576,0.966298766558798
1.49503052240211,1.00541195503175
1.71866199740447,1.24063872966294
1.52085734972028,0.977197564739799
1.42555521528229,0.985029364645083
1.38612254842221,1.02177293712749
1.48781171335085,1.05180044367118
1.40972725696365,1.0185576600388
1.64519111959352,1.09539532946599
1.62555130124952,1.0207365647512
1.78060557422426,1.25316482850137
1.56073445980862,1.1035391385137
1.34306254778614,1.06848505528584
1.66945992824726,1.10927109595888
1.54563140396909,0.956266573798941
1.48598828689997,1.00709731316999
1.52133053096061,1.16148287979904
1.65996665087228,1.25842561476833
1.50657159903451,1.01038695230405
1.68792178782027,1.15378569235727
1.69925413800497,1.06949355605766
1.9016580721856,1.25368005724967
1.595086391633,1.12697452570729
1.62704043727857,1.0744544839278
1.36813563864071,0.980267192978272
1.54738575919268,1.0974327990583
1.58184033627033,1.06229678995712
1.42950433001948,1.04062396023485
1.57629797427017,1.05333700088259
1.64564754485842,1.09384425415472
1.84136050644981,1.25253426218183
1.72435485324225,1.14730130077817
1.48374178474127,1.03272253162399
1.62215711312757,1.11412103515647
1.65992138258939,1.12739542951462
1.63628568569047,1.07579408309299
1.66105058396238,1.03069477720456
1.70893169706131,1.11829901612556
1.61614913111518,1.09321198563065
1.67913159689313,1.08187995868191
1.5460988802973,0.99394464632156
1.70330329457364,1.22413377500465
1.45370291192533,1.06611765572886
1.40664144159705,0.937189139589953
1.65536953932207,1.19661324667068
1.53199358002064,1.03684091717146
1.51560569452623,1.02475058621571
1.36597626306698,0.959675261265616
1.61615703105096,1.19483010383196
1.58518912567814,1.14767880990499
1.70111057786551,1.13665562094747
1.63348051073262,1.1341389449269
1.64222226212339,1.11412465395761
1.52669510366008,1.05585221640208
1.70431240418971,1.2600888711482
1.68553814790711,1.13755143450243
1.67834902249639,1.14417649591564
1.43544148984191,1.04758074116008
1.68044907549455,1.17266711251086
1.54293598166572,1.06581394638732
1.76131926406646,1.11854104205657
1.6219885134696,1.10725268741575
1.55967722378918,1.17027743131614
1.69216172438089,1.11374180277269
1.65834060190558,1.04620769480813
1.4550126715813,1.01600635662175
1.46087076334192,1.02660121901189
1.35094958299432,0.899313729771566
1.54211863631067,1.00840523921365
1.67676748086071,1.12295567532224
1.42923840735812,1.01736501137483
1.39643094759808,0.925123069783605
1.55589195708549,1.06550909720416
1.58269064698674,1.11073289709793
1.52183778341435,1.04656638506197
1.80911083489345,1.19840315060777
1.54895576249063,0.993708969694609
1.51574821702725,1.03924473105309
1.58278967177444,1.11487379146121
1.48854084136439,0.969120896416711
1.42978434633665,0.945982202400134
1.41532578291268,1.07695429623282
1.69402223475658,1.15966094146894
1.65093311184698,1.1095231964623
1.32705380916214,0.934474176052099
1.48302736612317,1.09592746057788
1.74091195066161,1.17893078910086
1.54126856445005,1.06746578072144
1.49523125327838,1.02031697468341
1.60632964966315,1.00744054232807
1.59144034430383,1.00877355798336
1.46131428477968,1.04911553361062
1.62045240456282,1.08001259945286
1.76322640025409,1.13916593646141
1.72523636089488,1.18038106001136
1.51053793174831,0.991754851005895
1.46159376847232,0.988241948771158
1.63497050348244,1.17686913933308
1.55353453030097,1.11617770868153
1.31528140722754,0.855300489290372
1.5138238828506,1.15559291234643
1.46194201602344,1.06995205197298
1.75524819414825,1.15397564226427
1.36667013496701,1.01105368664059
1.62658351118083,1.14819082244299
1.69621403137855,1.16268365606355
1.60100470038175,1.01846336971337
1.33794617266413,1.03810838829204
1.63996492666128,1.12510735098694
1.56362792864303,1.02507146907822
1.39252187012582,0.904281770104122
1.50820207904009,1.01928386518823
1.73218869112164,1.17068387849163
1.48021976958787,1.08357262193554
1.78816498549514,1.20190532917631
1.48169777756149,0.969335021657796
1.72842856492302,1.16876752688356
1.49682029048894,1.04574626304116
1.50836247429659,0.997701484491707
1.54528065978259,1.18503597955
1.71935267394132,1.18283358503008
1.67275388026027,1.08440382285014
1.6016931926534,1.05723652364964
1.59673263265187,1.12267482123967
1.58526236007366,1.10799031058098
1.80360578785109,1.16983098039509
1.40167603431567,0.951536608963871
1.46661877066656,0.917944162056901
1.49480538611259,1.0924949018148
1.49142112617478,0.9777538583649
1.69637807556882,1.15428314658875
1.52912037443284,1.10192915559391
1.60727226190585,1.11359796307683
1.56837500812741,1.04818423637939
1.52533904184038,1.04663051049458
1.54161290665088,1.10569234747826
1.636898608695,1.08324313214961
1.59740383431878,1.02561765190921
1.15496158260137,0.937791911225995
1.3937798816633,0.969426637629175
1.56408438833412,1.28365046738842
1.47099055966072,1.07021578220885
1.75131127013961,1.21263989602744
1.57242568122603,1.05717738984247
1.68656152798977,1.12540698969462
1.68048059012596,1.10890520607207
1.39632315593371,1.12149212534369
1.61568173514888,1.1732459356973
1.63279836604625,1.13000718974251
1.43925323812718,0.981826549778364
1.36844188851057,0.946585930070214
1.46727022340796,1.0716710083585
1.80921473149508,1.15622948685118
1.47500299267409,1.03159447407762
1.71670846213231,1.14985837337459
1.4513252488948,0.874753403695951
1.47238208874493,1.04182765978414
1.4365644860978,0.949331928800098
1.41215989601125,0.964244481309415
1.42531953547618,1.01717332202819
1.63277758188434,1.07653916907946
1.53459681702922,1.1326373290613
1.67481580906642,1.11774386362906
1.32156805898666,1.07280128548818
1.53269369659407,1.00707221131322
1.87237467461487,1.22371495978384
1.480780497234,1.01359761822399
1.63682456429053,1.13743145932237
1.57364939284593,1.09380806072498
1.7306828447037,1.17172232497627
1.66437406539132,1.13384140121863
1.59276993934718,1.12179768912607
1.63674033345792,1.09175150716106
1.35792552208681,0.865996112799246
1.55103875946013,1.1026131620839
1.69828790135584,1.11350455168433
1.43237435369714,1.11407737521163
1.37799777130532,0.956022700427115
1.63261247518367,1.07446229151036
1.41523220284199,1.04212414242342
1.33846489715999,0.93637988537687
1.43186916328407,1.01850476434748
1.39707311813581,0.833050742799952
1.60612589760866,1.09837410046323
1.75920779705325,1.15704848312024
1.58963923261444,0.98410669642025
1.62190290979259,1.03656800844421
1.83843922718518,1.18018483994134
1.64652374883058,1.1032588441172
1.58105324571232,1.06406244626038
1.4559959007087,0.975196125955479
1.73626249654345,1.07262380977037
1.4129574957842,0.979927581963762
1.59740018706075,1.08785480882065
1.5000737338112,1.10805564508587
1.48254712763397,1.04642807999733
1.66737306592383,1.12434659431274
1.62506139814028,1.09066527879602
1.84044180068655,1.25983709601802
1.56344041637609,1.12105507184256
1.72304781107709,1.20230378697674
1.67486632562434,1.12668487856282
1.38989977532907,0.983627383380051
1.2529936352893,0.811885136817459
1.59106671628961,1.0245074111696
1.5345716550403,1.01712553102055
1.56102611871953,1.08304499063317
1.83772684062051,1.11892039820617
1.78042246823523,1.10141684901392
1.585000099203,1.09492970692019
1.42282962624871,0.98920923162829
1.04288721647345,0.845221004016102
1.65934651556644,1.11084556523173
1.65683859618141,1.08224861340833
1.53617066734948,1.08079307537975
1.54321112255243,1.09913190173744
1.32449568372294,0.899458463617787
1.64459494670815,1.08497069518561
1.48850586302351,1.01328404672308
1.66340487417755,1.12793458623913
1.48203940108321,1.11947784469336
1.45197861639018,1.0621183566213
1.35923365203097,0.876061779549739
1.49072497758199,1.04747655475773
1.52353752383494,1.00723061265618
1.37923023613589,0.930663775710169
1.35252518476126,1.02277149493179
1.67882325128673,1.09566877847516
1.79145947039589,1.13797525197754
1.47791068326528,1.18761949610351
1.54275747190865,1.05942723934363
1.80987568825565,1.24996368240395
1.77621078365045,1.20500878491103
1.5840408672091,1.05033433274183
1.58512313933825,1.13028285526086
1.53112470955382,1.02136310530614
1.68068645495076,1.20061868885278
1.5370747983207,1.02633011642832
1.66245864130182,1.1703145338209
1.72833045422175,1.17365279883099
1.60804364397026,1.11450267792067
1.60301265758631,1.0334177145782
1.59835698952996,1.07242000279665
1.49861377194712,1.09483083290473
1.54011054839498,1.08878246856697
1.55552328598657,1.09474312378031
1.70028643485856,1.09336523008771
1.31879197002123,0.91728015865073
1.69894602033389,1.17523179234708
1.46762829693813,1.0739512247773
1.4853128228229,0.947333127504276
1.2795820274846,0.865435907917249
1.61228073529221,1.07840573225694
1.44582529115332,1.02063808608807
1.6549560106899,1.12935538226903
1.44945647874626,1.00052529008831
1.64854076019355,1.21388347035151
1.86442526584327,1.19971952470978
1.61744335211004,1.09112756793583
1.71033697360327,1.12200415357533
1.28086465301144,1.01377884938994
1.72948952354564,1.2307415101298
1.52366867119755,1.04366886665547
1.54691659591275,1.07659593511387
1.39100570443731,1.03261680271099
1.66185949589862,1.12480970376247
1.53582333389527,1.0756265384986
1.4627123814517,1.09831961378444
1.53674694220603,1.04115703186016
1.49575874242355,1.08532331077915
1.65116596342606,1.11313194566137
1.59181003450818,1.04357478131839
1.72853172582444,1.13643253598245
1.46465161686849,0.976186852558214
1.49783240282867,1.00632982683249
1.64574889478444,1.1449911599781
1.68122110190279,1.10718237543675
1.57245800951663,1.07705208036198
1.53867708300025,1.13174408092573
1.54468829183448,1.10188086261492
1.72778310954459,1.1953121895944
1.55504361163341,1.00106934029588
1.7157854605996,1.12394725711049
1.60819394444637,0.98310884805739
1.54544159841058,0.993705127402843
1.4081269446851,1.10845272907524
1.64008519701858,1.0731138308247
1.52262135106389,1.10354724506223
1.70727891907118,1.15125994939628
1.69330909878554,1.18937312488879
1.47542184577466,1.04144342629443
1.70124309209166,1.15512290541106
1.70101154506676,1.11656332918454
1.61534743981508,1.09187938704521
1.69670356014161,1.20469074077149
1.49118947711879,1.06050549995136
1.46047485060039,0.96887092179588
1.66702474095001,1.02267931522565
1.8026763962917,1.21027702974793
1.53204784602444,0.992459853188237
1.57037730545457,1.07198444727264
1.61708385300714,1.14449383967504
1.67305435944379,1.15035807674197
1.39771659855805,0.935961898187964
1.81721245037025,1.24669360775058
1.65901360066888,1.10582186017644
1.74512061994331,1.12148436307114
1.69911984946093,1.15620489806879
1.61327305728751,1.04904111335426
1.52336498222388,1.11793653420262
1.6310546046996,1.10514665823791
1.69749352279265,1.18718990833954
1.33063849445922,0.994359016601549
1.47415974455235,1.00604936912175
1.55065133523951,1.07379559896113
1.53392823775141,1.07236280482268
1.42711298764358,1.02413502291547
1.68138222032081,1.14717541834784
1.54440917894855,1.047299742166
1.42436247918669,1.03021948903551
1.56559245579555,1.14386828731481
1.42811203636866,1.05060687555259
1.66026672876725,1.18121907243839
1.39513548603191,0.861286415025809
1.46543477212988,0.968356472409918
1.47185483809736,1.04752010119558
1.61702056727442,1.13300222971238
1.68209474625967,1.1218112168014
1.60770762587291,1.13895681357084
1.65264116526494,1.12735537008174
1.58263003635507,1.10915728540756
1.60104814677326,0.995618142624623
1.67095329531618,1.06925504802703
1.48505858492082,1.01015647376098
1.49679088936689,1.00249390044485
1.69207035525523,1.12906599811433
1.48668377222683,1.03427685269706
1.42793666098096,0.984326362517409
1.50289447938647,1.07692085369848
1.18568443294105,0.945675537367971
1.58337785537207,1.15918530066059
1.37775615627829,0.954013258395721
1.74984056116019,1.13917192204846
1.33423478050178,0.914492580071548
1.65284063842005,1.14544917528019
1.52557206672699,0.979702950114098
1.5099436672606,1.04302487616373
1.82567334061772,1.25274697945914
1.45404112461172,1.05462266839935
1.82615681909161,1.26411575307484
1.36636790381987,1.00489973115268
1.50398041397511,1.0264995790584
1.61655485009734,1.1147977132169
1.50130605780904,1.04682694375938
1.53183937282489,1.08556396169409
1.70221414339289,1.10619879378311
1.84126430103376,1.1783147157658
1.63240546183389,1.05277623498193
1.69319671314835,1.16718739501455
1.63371673197124,1.03764002531388
1.62549177780354,1.0404574687809
1.66448861800109,1.1063058426673
1.47247629579555,0.980300835071874
1.44329804984202,1.0149169415472
1.67190978879996,1.16753076374563
1.45541715510201,1.00810515688384
1.58509811140735,1.07665557781263
1.74204730783381,1.1706957221008
1.52199731335511,1.10725038069909
1.56374062109654,1.05242760793926
1.77243376241731,1.1966209555141
1.62049627375015,1.11886400462961
1.42546835101813,1.01041377919541
1.16476873038758,0.926952250697211
1.46645714662821,0.957478189404055
1.49043186724822,1.17289918405008
1.56707110664696,1.09464862955359
1.39232810326069,0.962049585856715
1.46660609310563,1.1352914944045
1.50608652898842,1.01037002451992
1.60344347869496,1.08355837776967
1.77835870672584,1.13506640307865
1.70157878334353,1.15752987983026
1.40570064040595,1.02506210400393
1.88853214616761,1.20276925012788
1.55774637706389,1.10484816984029
1.54720436254947,1.14864349823024
1.41512178096674,1.05963539913337
1.34995607500174,0.965317896176713
1.4433082389897,1.00029451176194
1.72583975773599,1.19426325391481
1.53334311868857,0.942784857853749
1.61589147088958,1.13859283492475
1.54091477763251,1.0520867264551
1.56748004239556,1.09789275684016
1.54256204989779,1.01147649890133
1.43012539673675,1.02205205734479
1.50536812238486,1.01572152721104
1.43511146752601,1.0399265395498
1.66838549637145,1.10247961631427
1.32375431063802,1.01547059913202
1.50598486183605,1.00284928676045
1.41765670520736,0.954611007645752
1.42819697797458,1.00360118717176
1.79315016863124,1.22477443727893
1.54325137810347,0.933673432382555
1.78684131033408,1.13048352685864
1.72567673671658,1.19588526282058
1.61658343835646,1.13985779683273
1.84266142213417,1.23196015608981
1.60244151319227,1.12866762061971
1.62863748386606,1.09264490244754
1.88644016040972,1.2430300380772
1.5931414133977,1.04258835739569
1.46898631509996,0.988119102404662
1.50059980641491,1.04035286210087
1.38093137840358,0.918579345353981
1.73806384998706,1.16189284530757
1.69020993098389,1.12363545931284
1.49318598598121,1.00818870596703
1.10008351902352,0.886974644875423
1.34234730200919,0.91818825041228
1.57707875020458,0.970359494060153
1.37552233493924,0.933605279532011
1.48894481789864,0.976042324807001
1.49533797631984,1.14617714604008
1.53603185697509,1.15914017587892
1.64116846818443,1.09271973584839
1.46775497703435,1.10564883632057
1.52330876752185,1.07608085625108
1.54898524199676,1.05258638335137
1.74028733761433,1.18225009363758
1.46736469844684,1.00420200173228
1.65808201584816,1.08344076337619
1.55701050974342,1.08427659475749
1.53020274973793,0.985574414410308
1.63561536995127,1.01794944316785
1.44029177738924,1.00513642841804
1.46988445900219,0.920568318070893
1.38704024498614,0.971121838039379
1.85243908290072,1.25244014644549
1.60297592275117,1.10543940752513
1.51818016939909,1.02930300725877
1.33013570575912,0.95536399759647
1.55643428024083,1.10905515438797
1.60605347417289,1.09485987948557
1.43058998487133,1.01094103208298
1.62706689844778,1.12372526748712
1.46446606668705,0.941176896853996
1.59373809217885,1.06610144284095
1.52958123400887,1.11314610825876
1.61522361014384,1.05351668407155
1.70525142358155,1.1936362459204
1.44480350380033,1.03465738273808
1.35993192992631,0.87665847880181
1.53731612341281,1.06481009495075
1.79361783645885,1.01942168816917
1.59855048809937,1.14182648332768
1.63636544320687,1.12002171502129
1.68807873149124,1.128114240326
1.47473553362608,1.06031336345396
1.50421579759477,1.12561820501334
1.5973154662627,1.06142415882404
1.81240510339997,1.19307027596026
1.51927758084348,1.10350175620329
1.57964397755949,1.06622969152029
1.49307398693836,1.0041944220204
1.54137172229671,1.02621600403564
1.72548312922265,1.12012781899486
1.63728613303971,1.12797994552206
1.54418917458416,1.03963906041211
1.71083356549714,1.11474263637467
1.5253384424959,1.06324932422831
1.48144264709369,1.00302486047748
1.57585059369234,1.13913099477952
1.5738891888021,1.10250520294071
1.51652347836345,1.01511404980834
1.38951416738091,0.954243066150343
1.74727564094416,1.14608942585985
1.69417535943355,1.2320216723991
1.73902648329979,1.12921650796526
1.72309076887786,1.19531733301711
1.42080118813434,1.03018710575447
1.77744104955897,1.15927885884703
1.47668287042319,1.17431005174992
1.53060532821509,1.04555231219013
1.41502059815301,1.04499454672511
1.49835634230989,1.09046590372868
1.58898077688504,1.06257309957602
1.71136766620326,1.27870296943143
1.69863620142838,1.12625420240687
1.58895879587707,1.05747159913336
1.54217807030708,1.12326712590925
1.70584746129368,1.19033888794735
1.37168450894131,0.917899150262076
1.7058733136053,1.17947866049174
1.57245554892188,1.20844929513373
1.51319587603665,1.109881990654
1.52731491980562,1.10827292973292
1.49979317671613,1.05691665130008
1.6177946967438,1.12751890228507
1.56791148202946,1.07904341187617
1.35432964501283,0.946942480470961
1.44497102692628,0.944279433743301
1.70598936296809,1.23769705888388
1.41840218494572,1.07282539285113
1.50281249816995,1.04244165054069
1.54037527360593,1.05141216258725
1.60745829007301,1.11062398151899
1.56119274334446,1.08167514873854
1.80893289163622,1.20239843028409
1.45376059435836,0.993272043255728
1.52069687575286,1.03866667282164
1.59947433961329,1.12436256540447
1.34367603625713,1.01268772893708
1.72843354455695,1.16662645804422
1.69551743549785,1.23856182622103
1.44643230836533,0.988079128791364
1.65663553365101,1.13731845793291
1.48909322896307,1.11905824549691
1.69289352153821,1.1823420850496
1.45576529826165,1.12348381542212
1.52307004604502,1.03615262994816
1.72995137997121,1.18293906608142
1.66472518630276,1.04633559461949
1.68039240237162,1.16960227298851
1.53388477361512,1.05770522117142
1.52105688338442,1.0748302826631
1.63011135672304,1.12019042635783
1.53224435904214,1.03694209831259
1.31889500684214,0.877717088982835
1.54940673119518,1.04326097871753
1.49803859028611,0.993088398552389
1.5920805089637,1.09741613816409
1.64724096160085,1.10986709509682
1.31385841757667,0.952240582843236
1.3757800928888,0.952455897015837
1.60298314865941,1.019387921241
1.74530574321307,1.20219513109226
1.33121925192884,1.05026952980135
1.56047731961046,1.21489258822135
1.48964567053888,0.956375424024484
1.7018616955834,1.25624759869346
1.54653802446935,1.08266433988704
1.46151678482578,1.00385026101775
1.57247073674532,1.04674005507094
1.51273044655356,0.966900569768981
1.73987505924628,1.21401846060796
1.69125610569812,1.25521970985588
1.58799029610567,1.06875426505263
1.40365774438533,1.06831798710642
1.34790693081107,1.02186911947855
1.65747434516403,1.10169481180177
1.53914570101052,1.20729826010451
1.40937562312134,1.01881111255325
1.66225906341858,1.15355698464431
1.48249241634667,1.03989098400851
1.72720570546441,1.18599011943515
1.38346132710829,0.971771185507485
1.51028265581795,1.06168376585264
1.50084783246144,0.990749766072652
1.68405607467821,1.11990954958678
1.48019896709992,0.97194828817595
1.49800609687191,1.01334646684355
1.58670288705903,1.12851587139184
1.55212006644476,1.05992885315484
1.5105535048779,1.03961619517171
1.58954738318672,1.13628173883552
1.50539980054685,1.01467933384805
1.69532449247505,1.06660600691542
1.63758891979635,1.07168581064765
1.47331628502831,1.00990537627356
1.55087859815605,1.04118218646526
1.34881341859345,0.90684066059894
1.5769623350075,1.05613081432
1.72849060238817,1.12578384113349
1.4392814869185,1.05420041421692
1.53740567683038,0.996010421638367
1.62072820828792,1.18611733555807
1.62602000556253,1.1026468891201
1.49988895895756,0.966545852882862
1.55282909754522,1.13545719244901
1.53643679327822,0.967929956261189
1.4790823396664,0.937615934584202
1.24331854546455,1.00977274097241
1.51492666739884,1.00495668511164
1.66747118180279,1.15470980469535
1.46300303583292,1.05572359108694
1.50060933346953,1.01081672596382
1.43456602339052,1.09362154255139
1.60976907205767,1.04970147543626
1.57053276846083,1.01943683281114
1.5555881763482,1.1763548831432
1.67859564356475,1.1589328300453
1.48020019177932,0.988466866081757
1.4662254410914,1.04316223064314
1.66681503880693,1.19569759943816
1.72948093706275,1.14284097578281
1.48273427446187,1.01755474859249
1.5578842465965,0.961664829675824
1.49280175644243,1.05094732972857
1.69670911537042,1.07683068208542
1.58500291199311,1.06552282792026
1.66984840299581,1.07208058022697
1.35005276709606,0.850247148054372
1.60821608085083,1.13048936538106
1.43657654105453,0.941360867385934
1.49990721472529,1.05148421802784
1.7528573668941,1.16801152139785
1.59526568453045,1.07288678645725
1.77711887664862,1.18352522600949
1.3679324377811,0.999508730065176
1.60203304483485,1.1195835633861
1.61943560405094,1.00213217417711
1.65522595204534,1.16153231087582
1.86348231076522,1.21790666576568
1.46992135985272,1.0247941419359
1.59458168309106,1.12397326748265
1.3644520394311,0.935277503672042
1.5982063305558,1.06181561653536
1.51861795420779,1.02894918111567
1.7644399349192,1.25729605981794
1.68034657944292,1.12955113232106
1.38189375591819,1.03125689184426
1.56415435959915,1.17971479771371
1.5778087272138,1.07136494611741
1.23601657025389,0.998812454048339
1.24781957894497,0.904062788743441
1.5123370762467,1.09777125440109
1.78052074021129,1.18377054507897
1.41503510235635,0.915440676408981
1.64389111099151,1.06696077937686
1.6451276110542,1.12114324128279
1.50538919660482,1.03384454525426
1.69882784234126,1.12026009411464
1.43264068544065,0.892956997906858
1.47264636614975,1.07533293238018
1.63678519720899,1.13436005978356
1.44455221051561,0.943674750319699
1.47306102424593,1.00000160685762
1.8584086596727,1.17965040244806
1.48062868966559,0.99893110780868
1.51284944964156,1.05047824201697
1.58729420174268,1.00206736012031
1.67682479256314,1.12558044756873
1.56629644400502,1.02866921245322
1.36034275863056,0.975778350543839
1.61746036751959,1.04996874717244
1.6208202642912,1.07416319682145
1.63010250804293,1.13046734383055
1.4201664564298,1.04470931505802
1.65006978861783,1.1132421715782
1.53222427421674,1.02451515683187
1.45612002029033,0.922298954539216
1.60943678112873,1.13459513488937
1.43018483529817,1.06758770548856
1.51982271921461,1.02243718033229
1.56290970288886,1.0934736883178
1.6475724149186,1.12320839412556
1.53174218907228,1.07542051700437
1.36683336251397,0.902664414083652
1.41502312407827,0.917008983389882
1.53233155528305,1.08382025441509
1.38279494994928,1.06396506378574
1.73093133314468,1.14655247075088
1.45221769700588,0.924291681080012
1.62831423798206,1.12273442559926
1.67864020439541,0.984100264201905
1.83521762503539,1.20181317580033
1.54307831715211,1.04898358782413
1.33109149911371,1.02891029171512
1.59654551247798,1.02848541074082
1.72366887148773,1.12972975639585
1.46334321529589,1.06134003011045
1.46174091469074,0.994586702849846
1.64192708793615,1.13116322126177
1.5160057631116,1.03590904306731
1.63610268621991,1.04194328163778
1.61877625703538,1.04602542704892
1.35316249372919,0.92583315248968
1.60947827807094,1.05586091218739
1.68182601474195,1.12076191799699
1.49710183243343,1.05473522782282
1.43974169089154,1.05846761686045
1.62147628676181,1.10753725380226
1.50854086005577,0.97018926955369
1.53507672777264,1.09824401871784
1.58838367792438,1.04952004352526
1.56043739508812,1.05502394033617
1.26440911411585,1.02629588230454
1.70719661145159,1.16404519236597
1.63441825265565,1.04220509621117
1.65481202067152,1.14170546591927
1.6461492926373,1.179100981659
1.24866331402731,1.00523623966265
1.64292884763589,1.11155747194368
1.40509650473285,0.881561642516092
1.52112892062403,1.00835880401472
1.36272603766555,1.07168546091994
1.50323783336085,1.02667257822993
1.61820426341261,1.06802253788514
1.62839403382141,1.14571749255314
1.70058375246443,1.14924075369058
1.483623911856,1.02187720907024
1.3140922508129,0.866560203171082
1.35410280992922,0.918857507783844
1.54720294480319,1.0606679778106
1.39645444488257,0.980491757044218
1.49966278876537,1.02802550892968
1.75530739775142,1.14552230167759
1.58185893482648,1.02896228050182
1.69024982344631,1.12567605476491
1.61704413075414,1.14742700244907
1.41254539713348,1.00905423191332
1.51533914463885,1.04137103455173
1.55111006295093,1.00406512808042
1.48182948511633,1.00306596190834
1.47372736745269,0.972483538830277
1.69853913568159,1.12286021561734
1.81959594400724,1.20411529276891
1.65467325188334,1.15200088838192
1.42502817090792,1.05261043505267
1.67990734963262,1.20627994333102
1.60906058345872,1.09263329353228
1.59752588730755,1.15540571097468
1.4129339167766,1.03976613982837
1.75517007876522,1.15128949261041
1.54423254328991,0.982084483830418
1.74109682967267,1.18230907505037
1.55095304271631,1.10129254435945
1.91461014752821,1.24921975118761
1.54642200337228,1.01128416540331
1.54011847458296,1.09119676949487
1.45271961647647,0.997379197791046
1.39643507126043,0.890086832648558
1.69437953470195,1.06878500475912
1.47799515550374,0.979390145738714
1.62115162060914,1.11128272454291
1.60795583546636,1.08861737280308
1.6961707400606,1.16396070541061
1.32918852513375,0.95621214703737
1.70058172609639,1.17166942875223
1.3721669826826,0.971503449929164
1.38285609354742,1.06166293124439
1.39793549419711,0.910454886497292
1.77550760774915,1.20754775919087
1.65183381031921,1.09312914056123
1.52958138539074,1.07803786870568
1.65976254322163,1.12656933246831
1.50592848190959,1.07656643805203
1.54353354087373,1.04577048168049
1.64274767947139,0.98594906952046
1.50024596564161,1.07128791755003
1.62504388906632,1.12543985617229
1.74992174080612,1.0900290961174
1.53056633133365,1.07655178915551
1.50099709612252,1.01674391985024
1.47272384320498,1.02484331257057
1.50785639071086,0.982034925841259
1.60303137384445,1.08784951551996
1.44846870931178,0.955239960870594
1.54285197930883,1.17457309863486
1.81452043025009,1.22281848924869
1.60286043554462,1.16591399275902
1.51852186155217,1.04806729727863
1.6513962244482,1.17144169929415
1.5824168961465,1.07259477396498
1.5920852695764,1.13992122323906
1.451767602372,0.9332763080903
1.62625348889042,1.10985811253522
1.51606483834773,1.04017581357404
1.72655339633882,1.15874778788255
1.79032601461357,1.19236465646837
1.51873253753026,1.06979078745234
1.75868411809482,1.25789072050569
1.56765852445606,1.1116309816441
1.557308006441,1.11159657354984
1.45532484297552,1.14282390486368
1.48203370501639,1.03533437303949
1.46635784128799,1.02603303942012
1.67751117622746,1.14108259869621
1.64108768235666,1.12261757088328
1.47295473687182,1.0836211661903
1.44171472856653,1.02892043754725
1.56297346201864,1.05388752230399
1.48745949678594,0.979527176939857
1.60365691170218,1.1764828116562
1.65355836278781,1.0559175489931
1.59154619196227,1.13398875516648
1.65355820148107,1.20387694320597
1.69215515597552,1.1346713521445
1.48082312933823,1.02217719878543
1.54449814870784,1.05304442883861
1.38972302751618,1.04109572709327
1.43886975646799,1.1045898682916
1.37928892689077,0.995090844704991
1.49276207763543,1.06119903617789
1.46963999878621,1.00733501955538
1.44540925282812,1.05228751787435
1.65163460247947,1.06990496295998
1.65226371478016,1.12429554903631
1.54016717464742,0.99871895133389
1.44281095434853,0.981837264621163
1.50064821243602,1.07991629155285
1.51573463596313,1.12351884729729
1.5429830981435,1.01341471927019
1.406154493822,1.01866710068535
1.81373813720702,1.22949090768402
1.40292976977402,0.974076758341264
1.60552593681879,1.02415520367044
1.69983356877676,1.14612921748441
1.41202589269641,1.08971876663015
1.58121730563288,1.09773930272202
1.67972185034672,1.12940988045057
1.35942792997444,0.910638325736545
1.50739829929512,1.14366938621028
1.59915916154632,1.12006861785573
1.72974677510361,1.15689399479615
1.48885830430827,1.03713771585941
1.51244608411469,1.14711492373042
1.62573984452154,1.10225097513433
1.72735381399327,1.11298457040395
1.47607707586924,0.99567298906642
1.54864035196409,1.22351260356691
1.32361985821624,0.883440889743629
1.41978287740621,1.06859081172343
1.4973062031527,1.05128867702977
1.68274281929189,1.21120482323617
1.49824112084011,0.997134955369756
1.53367969827172,1.14479964975474
1.48541523144786,1.02235962247458
1.68263341612166,1.1214514717792
1.7445111928377,1.19496197120139
1.26939198741976,0.975627601686897
1.48875958046913,0.929486787950381
1.61570681151882,1.03756261326648
1.5039365235567,1.04534861138599
1.58540268550004,1.09199522698659
1.49879249031927,1.11302962452546
1.7686778549371,1.21021934177882
1.46384411114997,1.02659863307718
1.8470225742333,1.13558103585288
1.73387798759181,1.18658592434682
1.69824897286104,1.21809261575416
1.48625693271882,0.983046587437061
1.32269986232385,0.898571457806611
1.67502085226329,1.06092384637635
1.47528625069943,1.1138280437331
1.72938236649388,1.11580098941125
1.45257030947517,0.930588303534641
1.64750420504475,1.06675543298828
1.79739575459715,1.20293281036968
1.62443519887175,1.11140165046474
1.28738009754417,0.953515249573768
1.3939371054019,0.956231275926028
1.51363610731901,1.07032723811433
1.67165405338401,1.0952175772408
1.5957808840313,1.05445019448253
1.73719500618138,1.13642576686263
1.68439924277295,1.09163612519201
1.71632172666372,1.25560744737285
1.67733764629752,1.14249156951644
1.63994129896751,1.13505340706967
1.51063987408395,1.01449281103347
1.62637854331585,1.0836320854209
1.63154923073522,1.04913813049111
1.58267752954264,1.12041542353397
1.50078163283312,1.00224490628624
1.62520259178422,1.09127583232102
1.61553678501642,1.05644099642016
1.55915789436358,1.08672613377409
1.56991334198525,1.03369413085836
1.57806633773021,1.07397646100875
1.67999878669299,1.08882827920888
1.38555287157156,0.876664904025533
1.66576090528234,1.07372127583944
1.49352866799966,1.10828940963405
1.8846820369426,1.24965259967829
1.46374978492186,0.93050308843937
1.36631427568697,1.00463247575399
1.46327263307087,1.00992399409947
1.59522530636121,1.07078447839397
1.37050489663411,1.06766000671161
1.46894373625196,0.953913424654806
1.81609442006836,1.18855146642211
1.58125550900194,1.19537683801121
1.62313905978487,1.01297260579829
1.57026067503802,1.00237739547229
1.60074325366741,1.07479383003927
1.42967195060802,1.0115697477018
1.29141860745242,0.959647085710578
1.58331458240761,1.11281430703743
1.26566766137668,0.966983848745005
1.5292891367097,0.952030010632038
1.75397713444574,1.10135122490191
1.57497248017981,1.07618548930762
1.70898386855265,1.16649070560017
1.33590173341544,0.954657506198114
1.6493580828782,1.18865939706981
1.52975001186268,1.06507336754381
1.19147855957156,0.964289493801576
1.64343908652515,1.10088745332968
1.81271225174605,1.1871157040422
1.59692294426738,1.07135234692713
1.62887888498174,1.05280364283601
1.75800033791198,1.20512134451659
1.51386151978627,1.01069656833702
1.72761011816459,1.09609506281128
1.53756046478689,1.08696358816146
1.70542659793337,1.1655097575941
1.66576769155793,1.09516836377384
1.56223389786709,1.0977627409011
1.64642709860441,1.10311141615295
1.59326099003472,1.10088510631927
1.75748888281845,1.17312379844745
1.60325171004062,1.06462035124173
1.70854182028285,1.07346658020325
1.70148792080396,1.14779831004562
1.56668322252624,1.08337205757943
1.67045961774107,1.14334518287541
1.79702688110251,1.18898793452832
1.52715550815368,1.02452663069628
1.45118744561781,1.06090759223335
1.68922768546646,1.1145328756167
1.53066513148437,1.12287123103419
1.60230207675812,1.12181149702816
1.61808635101303,1.08204286466911
1.4197756498312,1.03398764325426
1.52083892986059,1.06633470711764
1.58569087781672,1.11798049702327
1.61519881113152,1.07279041809932
1.64031810576007,1.05202272173735
1.64091086152681,1.07724524661554
1.63182134629054,1.13591751449746
1.59586290202051,1.06526294461699
1.59198517213186,1.00069900553206
1.72486829622525,1.15822264001523
1.75376172308795,1.13664627733712
1.44408142449473,1.03304942541011
1.60902783414207,1.0552160291658
1.72956294007214,1.15327697572317
1.69604865244625,1.17232889028922
1.50475642304053,1.04352780784614
1.42880075328535,0.957371663362593
1.49807610022645,1.0048946342714
1.32241843418449,0.944674747926834
1.72162823252631,1.15975078143233
1.54779407327495,1.0551471874254
1.40847130019542,0.947008268850169
1.59374348601229,1.03861654629934
1.51995712558718,1.08865647869411
1.56806641750591,1.10437188196684
1.49792722496777,1.08560219956313
1.47398656368659,1.02090073625858
1.47306606259489,1.02503235192464
1.4865385776198,1.01177383465224
1.55727366266498,1.07092617989629
1.54236936038936,1.1071636714666
1.7415423646556,1.16412363138458
1.4591122143516,0.950018738037287
1.43606011593736,1.12978936211474
1.56110153813399,1.09147886812468
1.40241296613478,1.02006112000746
1.63797132310714,1.06897097001247
1.57708634055585,1.06595096322241
1.56543989353601,1.02364225296407
1.82943297579816,1.21596054042767
1.49800114084042,0.974401549176442
1.50001105182329,1.05386288586597
1.80178817867935,1.19954322287628
1.5276049723068,1.0061972293441
1.67854444449259,1.20756710417594
1.61119170317754,1.07887182186928
1.48927692157695,1.0853199638792
1.78793363976675,1.23367787904505
1.54888423096939,1.07339446615916
1.55061626878423,1.06596541104632
1.61202843352254,1.14709779762492
1.3348979724217,1.09040903570553
1.25708364174597,1.00782139278624
1.66079274924885,1.08648441241725
1.53161035084907,1.10442024275403
1.64871050890245,1.1052293759514
1.53888670109188,1.02390508245822
1.57098520005727,1.0539846454004
1.44069845172216,0.921257291884155
1.58988185671795,1.07195321215306
1.51745617184533,1.07871467472692
1.58729221983101,1.07576039737834
1.32064016504961,0.944992951515324
1.45436537630009,1.04206816480746
1.55358878651425,1.08302924367201
1.51793594733831,1.09151709013376
1.55126328482626,1.05605110647313
1.42397460501062,1.09824618835205
1.4958282856536,1.01248982071674
1.61693000135343,1.09652816324014
1.71612582681738,1.18612442170128
1.45226044382775,1.11965681405675
1.43271890021314,0.964605050725468
1.58380967102057,1.11558153974304
1.71511423509655,1.18777754383512
1.54313977949588,1.0405275654216
1.39750461090427,0.997279873979327
1.50547770222919,1.02408270145671
1.68792677970959,1.16571763526277
1.63202850625083,1.0805382394233
1.72938956736374,1.13692728143252
1.50758660229252,1.0152056376471
1.73508468982077,1.14565114343571
1.76076335701276,1.14622189896389
1.53632767760372,1.02148991805194
1.61526763511997,1.16024602663912
1.72652586445714,1.15007882997118
1.52385441292058,1.01890674815097
1.66697819778659,1.15027288006108
1.60687115632362,1.11649593251166
1.58780361207131,1.10175494521548
1.38802327080754,0.972406505319984
1.64390162925418,1.07218626183205
1.52603083949776,1.06547626257199
1.7102623288022,1.17127261607712
1.66393288070386,1.09935776685263
1.47661815877677,1.03029945041884
1.48965840618502,0.943223525755091
1.56809723727445,1.0855377034528
1.62787294618564,1.15913272267076
1.61355585405131,1.0624612093945
1.72531500384307,1.1458560384331
1.44271804594519,1.04556443328496
1.47574675079527,0.996788419975394
1.70553188102861,1.1632387148451
1.56820135254737,1.05770905276475
1.29657116860112,1.05514295355699
1.60745834373965,1.01734694748897
1.72859997956272,1.09933922626583
1.43646518394562,1.09932419551994
1.57219463531181,1.07341000245338
1.23166411280487,0.957054297285214
1.58496074629343,1.05626087374172
1.30893793610327,0.905711928093094
1.41482180481941,1.01021636133703
1.44184864166615,1.00042908255123
1.87117537524484,1.25609854661653
1.67747805829927,1.26504323272789
1.57045301928624,1.13825191197146
1.80226386739443,1.16304262534537
1.5489285386166,1.06194720148606
1.83293669247495,1.22351854488773
1.76043727595929,1.2527641471449
1.68236111476133,1.09180895166148
1.65069655429101,1.05688525464651
1.55481993181721,0.979029860618482
1.72874726943757,1.13656129502606
1.61635057964577,1.10821652718069
1.49095481717235,1.03673897351453
1.24629087564312,0.919184530808011
1.67297993298799,1.13802725303523
1.6214880084209,1.15340316701318
1.70227237719812,1.0998237612431
1.64962799332282,1.1646958797607
1.30999957739337,0.849415932919852
1.73669027416745,1.22192400826676
1.32450390831975,1.00201309748316
1.47231393832894,1.05405131730181
1.62686138755659,1.11987988276915
1.74616580965723,1.16134257104237
1.4150746918972,0.952140077998914
1.48547249544303,0.991922069800607
1.42725185973041,1.08972517583084
1.54364897655346,0.9746258001536
1.55727040976571,1.04285977031305
1.85147580362101,1.22350716847016
1.40217673945051,1.0786948255648
1.70778204422167,1.12986365064534
1.68014965748869,1.17162176814213
1.49810174285557,0.934103192884652
1.6849897433409,1.1795727138281
1.57996159100363,1.01073165095357
1.51743699674665,1.06926184361559
1.51040039333979,1.05237874051614
1.54043137306797,1.17869494616405
1.52159912117807,1.07603007443607
1.51082651163831,1.06281047931135
1.4704244570095,1.08946293761137
1.65124382562666,1.12224976090414
1.49786790427495,0.98326935440961
1.55424772722259,1.06241538845791
1.60912283998807,1.09740923884518
1.50466707372892,1.03423443677461
1.43156776794154,1.02593784995427
1.74718978571967,1.1752696955035
1.28802594978872,0.922306753405841
1.58426873193139,1.13129896090654
1.61206665447357,1.17412444889746
1.35876995615889,0.938492316506492
1.54839747947031,1.01774607065119
1.46173590922389,0.987932192507238
1.70609234925114,1.23082984397719
1.29277660306883,1.00915163594365
1.66431268328503,1.07167746733681
1.52656785230966,1.0749763976489
1.53831554788982,1.07995322579069
1.66171091833329,1.15892133042149
1.71247258935388,1.22019909199077
1.55877652039967,0.954412222467734
1.16341161779495,0.943196246703671
1.78737042524534,1.19818752238359
1.67967453699866,1.1561842397389
1.60794970944117,1.17950040848469
1.59278495564796,1.14526401074474
1.53049400468995,1.06814611544367
1.81886760951811,1.17275953383527
1.6504466143395,1.17311783511394
1.44001339226383,1.06702275637629
1.42150265113763,0.930504355354311
1.53078548255259,1.08782314712713
1.58031209993444,1.08055516167863
1.59275627673006,1.04818747753294
1.35448133813759,0.954484139840462
1.46656053860337,0.98322304789082
1.6913668286042,1.09798665311187
1.70986165515643,1.24611652749625
1.65986877589013,1.10862539989232
1.46025552511653,1.09766566253493
1.54701591509962,1.06458242727191
1.52580509466022,1.05044788873885
1.59198782622381,0.989052454517655
1.68199492527279,1.13096734250742
1.71873622130674,1.14324348791452
1.43632575032328,1.01383508746411
1.60448203072845,1.08822105153388
1.53003939361125,1.19258495211091
1.42275914809474,0.977038185690721
1.42476626210937,0.99921146561431
1.68936764414327,1.16003578163671
1.5122470103478,0.974297612882788
1.52950023665486,1.02735632529975
1.68164313270515,1.13436659397296
1.63165239513696,1.09839648710125
1.45831381735079,1.07238238282704
1.51771819662658,1.00108358577734
1.3881460080449,1.01389594604036
1.6365437987445,1.16984017357361
1.58258693542112,0.998368462592217
1.73036422552507,1.12779662423114
1.41931275662247,0.944145931731328
1.60533590779057,1.08030298415455
1.35705373658451,0.992062962074388
1.49064278096686,1.04559962229052
1.61930386626599,1.11462115604002
1.533661207383,1.05527844420011
1.45258862659012,1.03415231983786
1.68602949365904,1.12035366899714
1.59088806839737,1.12304923715511
1.76252619674527,1.18406272178384
1.39414350357262,0.909872664749605
1.48708542886351,1.00665656714466
1.38660079480066,1.01317669036355
1.74230913606731,1.23767202123433
1.63459205951684,1.03121491538411
1.45555230002058,1.06922981093422
1.53565100476886,0.994087697982358
1.64824581702567,1.13081439794221
1.61576337740272,1.09383099403014
1.68218458224174,1.18601549875682
1.45895657819972,0.989326793360827
1.40837561328992,0.973156495408994
1.71465444586898,1.16029245706538
1.62048990123348,0.97656518199811
1.5311703794797,1.09435517336657
1.60416654157718,1.04656257700653
1.74102928332151,1.19032671970496
1.44924979496387,1.04068965604296
1.57245183799287,1.1071142833228
1.66500574463553,1.16349871728585
1.46868968956311,1.01102947728023
1.59333762845296,1.04686834427005
1.4977673149955,1.02193586616148
1.44462706445251,1.01692138208697
1.68740175332806,1.09446281863467
1.33832118469795,1.02708659093286
1.71339146456489,1.1252542272737
1.42654790375317,1.02331744953857
1.61943937866281,1.0876363994223
1.51759180363093,1.06229828397534
1.46202307819273,1.15079497054334
1.59895200463811,1.06655925502692
1.66779440051781,1.16857609230905
1.49860499425205,1.01855832211333
1.60159407732695,1.12012674780278
1.58081497025454,1.15146964436761
1.40141794961044,1.12784713777574
1.58621986091682,1.03608431483524
1.50960066589386,0.999385548801625
1.57826737837581,1.0836749142995
1.54594015282241,1.19343390610447
1.61289298604259,1.09501189459094
1.79122046160825,1.14829749714048
1.36049683612696,0.992961996233222
1.51524067934101,1.06302038097594
1.52081487112372,0.989838192748019
1.70021028956666,1.13273083160269
1.71914430783369,1.15231591599245
1.71131336878206,1.11121196234673
1.65686643835076,1.08200979948285
1.6451296023682,1.16543820332866
1.57338129751235,1.02410925308146
1.6179891513142,1.14611575413587
1.19502910960879,0.977044783640806
1.63230958296785,1.04768669326695
1.71864006014652,1.10796330221058
1.45790066251239,1.0218704695315
1.61469229329612,1.1265930347509
1.60432551689852,1.06903740397167
1.59303061477765,1.13686030660953
1.73834572844892,1.16896781599333
1.65241015788579,1.10615690154235
1.55721410888135,1.06899045903817
1.60279970980667,1.14307900816086
1.63990802968974,1.10979753095216
1.4117114986628,1.09256854256357
1.7570252365444,1.16692749118876
1.59061606255168,1.08384782246465
1.58993219370934,1.06918211889107
1.5014940160328,1.05405374867964
1.36149429942482,1.047799275941
1.2681453001879,0.999991408438125
1.5002311458429,1.07392596478683
1.5616929752518,1.08670870873204
1.52879256654439,0.989298422871279
1.77686839463249,1.15535860287289
1.62280783654536,1.12310360373252
1.48797818795922,1.05914988845387
1.56791445418906,1.05157883354587
1.20002708195338,0.894003815956994
1.31133966518628,0.998609560029272
1.61049847918791,1.09527504412184
1.47253576628896,1.00014190780591
1.76754590582452,1.14463676977072
1.54114532899418,1.05874615997715
1.59719630075103,1.12722313643019
1.53512912468512,1.11817388419126
1.65341416187256,1.15560781244053
1.72905365735586,1.24255820905559
1.40215068911682,0.925923659072563
1.62030759626382,1.06349072929697
1.58880746591606,1.11798815794519
1.51993264109889,1.14427602735512
1.68331485754212,1.08115314792648
1.59929544054906,1.11385868866779
1.4491768054602,0.973417967784469
1.50785626694041,1.07910659159702
1.73141698520363,1.18186100686799
1.55687748611204,1.07650661488083
1.4109457134205,0.917063767194825
1.59599949021307,1.12578280409098
1.50104741755929,1.14959990205901
1.47658276816282,0.975608472325245
1.61811030699592,1.14009628275642
1.81195396896255,1.23636559904611
1.6653795093942,1.10842859398683
1.60104622130291,1.14591692533687
1.66329899412695,1.15363837775486
1.51764609402494,1.07909832947461
1.44177906658757,1.09666394518519
1.79737910362096,1.22444838844848
1.32305995800658,0.939802969355053
1.30415501963562,1.02502018024337
1.48063953537764,1.03543744976117
1.36675519647804,0.963396221210322
1.45526395240048,1.07793709889307
1.54937754090907,1.03769531343911
1.60902652120331,1.06235851356358
1.47421608648876,0.999386832120911
1.5509414545781,1.0385717451974
1.33223981967898,0.992043909175272
1.35002268196227,1.03862895280165
1.6901342007587,1.17748974124042
1.45428165361785,1.02548991460435
1.28749869448918,0.972411528617968
1.42963678525617,0.950374187141357
1.62010219698212,1.01371073136421
1.57780847203539,1.0706799422956
1.55795088555114,1.0473092578726
1.51594818693112,1.0443420871312
1.59829725169657,1.13900052964355
1.69848728787962,1.17772717325016
1.49843853010864,0.968531068107215
1.36205269140527,0.958082919970309
1.52960247928535,1.05476954825799
1.34847379822345,0.994542427860687
1.63907351636164,1.14614313216732
1.74830629625688,1.16811681859681
1.52166153584531,1.0302770320736
1.62395715375036,1.10488559933308
1.72556969105833,1.10584644535328
1.58300398596253,1.0305721752439
1.29386743453627,0.981588891743328
1.57181073535846,1.01170450788347
1.68562420647179,1.04963928681986
1.55688384939108,1.04696733397802
1.63942395127133,1.10715186198946
1.67632983180576,1.11213198263941
1.61289845634898,1.14246894414922
1.49315601877502,0.99228499959466
1.53099110422702,0.95626377390939
1.57798715536968,1.00035126997561
1.73635552842703,1.19064757025026
1.31856092453731,1.02550701249791
1.38676862008453,1.03953555015501
1.28420616751482,0.974431852174625
1.58750582982253,1.06266532865235
1.43234002575181,0.897195608907719
1.33922379038287,1.06858187038379
1.75672326460891,1.15405807220959
1.253034211636,1.01224303283861
1.51237548845995,0.994736563626631
1.70207643868175,1.17167136174985
1.68675110314347,1.12266541083364
1.59317856233635,1.04261076722094
1.60548896525725,1.08422959100204
1.72566996945395,1.15786915772669
1.70514602682074,1.15417837743399
1.46780344468011,1.00950068490993
1.69025817464235,1.12067852637508
1.62611739136275,1.09585975330825
1.57743125915079,1.10544089794844
1.49143984525332,0.987859365967624
1.70644853430416,1.1296870088219
1.47571839778024,1.03366862909184
1.5743959868421,1.0347358659605
1.82067618265162,1.19077754468948
1.7705951681975,1.16453364466506
1.79626019446973,1.10959448463108
1.47426577713113,1.09598536149286
1.69474406626269,1.18849711784557
1.4752996755962,0.998607565576354
1.48270934851973,0.937442439475617
1.65271375513149,1.09896440613703
1.63803058219661,1.00935578901814
1.5687699223147,1.09466888369988
1.83726452709977,1.23540624554022
1.7350303173968,1.15022914501136
1.37828296349339,0.994101820749994
1.49082145648268,1.08101538703315
1.40590868391331,1.0703058715355
1.55187928530402,1.01627318690053
1.49020013642739,1.09510583950817
1.48252810711676,1.08818911011499
1.58375734179246,1.0424162808419
1.5665284760168,1.03967002136588
1.38928615559928,0.972352251789349
1.51738943052412,1.03734052824588
1.62709233223703,1.08637386815439
1.75393066395057,1.25703367076981
1.42309161358064,1.10390099752208
1.70233619073544,1.14263185652347
1.44159183049567,1.00450302482933
1.60697726584957,1.13988841702733
1.85959448825192,1.22001302441796
1.43408243037256,1.00153476793131
1.79293391943975,1.25350252817646
1.7470310552032,1.20115816317827
1.53644254162286,1.08546766683407
1.75201406345336,1.15326124356743
1.43991518021515,1.05182259301075
1.4917962131986,1.05069567927993
1.17039113566486,0.893294961025417
1.54840202992517,0.985200674023213
1.58315283611367,1.05260099497674
1.43159284558237,1.04120279727814
1.66600127172445,1.15130541317256
1.74714381353497,1.21660418778652
1.55470629238479,1.05991643360661
1.70320923497944,1.15947791782869
1.83483494051168,1.16211302326859
1.43851446226465,0.98311768089553
1.55127565120045,1.12867036874821
1.70003556237389,1.15065177657696
1.37359962606592,0.913593674415226
1.5007819183706,1.02317606399477
1.75092094019611,1.12893899580756
1.7464927472539,1.13364865072542
1.46734301613842,0.996116664273948
1.57999839420737,1.08222763366427
1.60293214070841,0.958729891643185
1.60072172574569,1.0707542505103
1.38680480298665,1.02451447436539
1.6588030924158,1.071545930722
1.48007216763937,1.02441983096671
1.45358133950437,1.02022576845656
1.62287762233344,1.11949538463451
1.38421511885839,0.969110772174381
1.59233485959047,1.0009385388966
1.75218969881409,1.18814071276279
1.53921716700807,0.969711066648163
1.65827552236425,1.1098440194336
1.69682696117021,1.11629136212285
1.81429883538822,1.15138408235737
1.57442818744336,1.08693778946521
1.67218424984269,1.14378934012317
1.40715174011061,0.924133620443113
1.32729377361549,1.07449179306937
1.52589420187767,1.0589247265917
1.65314356071396,1.06134453436277
1.66535728328941,1.14805996835939
1.45354441883873,1.03271560901682
1.54365161079477,1.0006338815826
1.36736373742276,1.08396651359557
1.62254794199301,1.03062934724641
1.75549292382639,1.11578518241889
1.59924040268431,1.09502900991417
1.63256252272079,1.19949346563379
1.7113360035347,1.08212356879343
1.69212223347296,1.21092638516973
1.81475769546466,1.21319035129262
1.68879267493767,1.09476561049916
1.4835747446512,1.11218272228742
1.60935602781086,1.10486574712026
1.63685366612184,1.09840699279683
1.78210340204131,1.18558888437516
1.51384460927284,1.02601368843746
1.43890965228256,1.03939873445921
1.46161542686395,0.991866213665503
1.50675057739628,1.06752663377786
1.76203001010826,1.25169991042158
1.53828201437614,1.08058452912646
1.5038840788326,1.04717567773896
1.74277835275226,1.16152899021139
1.76164884983953,1.15558629236665
1.77042393566364,1.11940089273967
1.60587499652845,1.11174982933532
1.58093321929776,1.0130629419706
1.599619686794,1.22908201472842
1.77058797750064,1.23368999336726
1.71484578917891,1.09735244510663
1.65641193415253,1.13315837360984
1.36643188271618,0.940725206737664
1.64939524867765,1.12409841368861
1.58323769772524,1.11191512363735
1.74297016082377,1.11867684453482
1.51308111327174,1.04659153769381
1.39779395801181,1.04780398486419
1.59274438452185,1.15265884676109
1.53632738161805,1.08985611453404
1.5728147197449,1.04262037233672
1.68588136299006,1.12219478936029
1.64692214407017,1.13030779114373
1.46609960035607,1.00819864876359
1.54681485603714,1.00184447763071
1.57089576883593,1.18782769233231
1.52163108483145,1.17302696988727
1.44132362946238,1.00227999179662
1.73414223388298,1.15333658586303
1.81587301282551,1.16361515658479
1.60606548978423,1.10650834204051
1.71824457879673,1.11947835358553
1.68719638320649,1.20830564931284
1.61506497682154,1.15208550787202
1.59267840676893,1.0465125246057
1.74055535677929,1.14994668748744
1.64765457916375,1.06192476412043
1.51379338576481,1.00024754308345
1.49311382784325,0.986951067832593
1.55931155852462,1.10345121578741
1.56659917942571,1.18610775529871
1.42914310923803,0.982213666116095
1.41988144246255,0.973329832021391
1.5519772469392,1.07344113986632
1.5525261951111,0.994972033827787
1.65400242356044,1.22957687568848
1.6256827563513,1.12470776613612
1.43993122672768,0.967189500252036
1.5487065795854,1.09964154444351
1.33939379956726,0.892092012757314
1.47384403772131,1.08124188098
1.31531415436601,1.05277344083704
1.15791095005951,0.945206837801751
1.58479757916812,1.09045934112626
1.56473280835131,1.17494749508116
1.79754178917481,1.16303393575077
1.5920780201825,1.11354640322875
1.73679655184458,1.18113426393279
1.72462159238671,1.18734719498566
1.35093838635907,0.991070089926075
1.62278920781763,1.0558861154946
1.43791172571471,1.06885271409449
1.63386407454684,1.08103336816201
1.58331013001448,1.08256629718927
1.4201406634961,1.04512877136549
1.53856958221268,0.995176914569873
1.60976844055617,1.06226541102507
1.5209325532509,1.09459596165055
1.42092574317412,0.978359786030862
1.54001528069433,1.04682593984564
1.53902381204962,1.03794498058216
1.48320853430239,1.03273532413923
1.76957512325593,1.1382473681793
1.59002085674617,1.0433612782319
1.71048308368837,1.17341367661916
1.39245944128299,1.07473939142754
1.56327830386911,1.03830587121817
1.72627286452168,1.125404907732
1.43955404454248,0.93622846800623
1.63063092081074,1.07316636290173
1.47779487162139,1.00880410812716
1.71331344631356,1.16082711339014
1.74942764173577,1.14709225252445
1.86877838998587,1.16304778969985
1.60240406534222,1.06975806117414
1.50327664189216,0.967225177443036
1.47801424442275,0.985481671276116
1.68143711880814,1.0981369226329
1.4766311348259,1.09524334367764
1.58530494569152,1.06542095666176
1.2353501550289,1.01081347527017
1.70045200268508,1.15771396099757
1.54723952039376,1.09483449646834
1.66209000728348,1.10542963475867
1.39085273601407,1.05802569964148
1.83806211158201,1.26162448630929
1.90463583993212,1.2472207100143
1.31874714285852,0.858637881193066
1.46731638544623,0.971790960005568
1.79602871427495,1.14942676052831
1.40387825635635,1.09115974176035
1.57062544419278,1.05685462996942
1.58751820728971,1.06672219206997
1.60327082045257,1.11072324168902
1.62451520130281,1.14036306418538
