r0,rt
1.55803531062522,1.50700117001902
1.96698968661807,1.90223080037624
1.53849529176686,1.47831515099727
1.71749090426124,1.65817482609405
2.01748334203184,1.9539845608236
1.8840115769279,1.83192363905149
1.78869389459252,1.72163863148414
1.76687208624246,1.73097539771745
1.83075645053127,1.78082287970954
1.73073236666456,1.68058487458777
1.63123126179867,1.58978729299304
1.91416441786795,1.84739884423392
1.86417035695266,1.81194149303716
1.76900997279402,1.70980194202999
1.90144888846066,1.84961055467484
1.87420058591971,1.81750644058028
1.74467007061389,1.67700012663921
1.60612428907202,1.55474532687952
1.70842666458964,1.6671708142358
1.74845245112901,1.69426503378073
1.66083992761343,1.613683555862
1.64577114896301,1.58804689712143
1.60704458492166,1.56404479001957
1.57104182175487,1.53216183350413
1.60304862646537,1.54256484762292
1.7995424199681,1.73575228018597
1.78008111015468,1.71799430197122
1.67479832875792,1.62201285911466
1.56966669197523,1.51396547548038
1.78386261917736,1.72171559757705
1.64158367555381,1.61025826975248
1.81279509574926,1.76758577106996
1.60248809800426,1.55289548861943
1.71068096096882,1.66094684905835
1.64495552156512,1.58977033918771
1.76474667491962,1.70202170314397
1.68658020804685,1.63908438207209
1.67405419904961,1.62699683814766
1.59553911278023,1.54250488482089
2.12882777814599,2.0706461283703
1.95660261530013,1.89168064410436
1.49441748265323,1.44082372815292
1.66014348097805,1.62355135791246
1.84093969919726,1.77593136440961
1.92834542154713,1.87570166363131
1.88457583575338,1.82899171431714
1.90839939164052,1.85280692065827
1.81990701936413,1.75869428170759
1.7061579418263,1.66311878460317
1.60373687587497,1.56359184645304
1.78489377464442,1.72699673359516
1.73949264639991,1.68221900511241
1.93876386612139,1.86016169455098
1.87658751521223,1.82229423012139
1.68623889692408,1.6439322483668
1.86271259677858,1.80207691454843
1.7327328117639,1.67971962887305
2.02238004118962,1.95250533263142
1.6111379597111,1.5653722962078
1.66842160251288,1.61370273207309
1.75118152363005,1.68871120873242
1.66828997549346,1.61655590670467
1.67098118003511,1.62711477530137
1.82128028415442,1.77757191904843
1.81903153507298,1.7760301837137
1.4462108940416,1.38043692471956
1.88610640039319,1.83064966887974
1.84480119875749,1.78985025145012
1.92766977547905,1.86920695253232
1.46440176646463,1.42563124515006
1.56136192883787,1.51103484957383
1.86657311959931,1.79383420797989
1.65659630957143,1.60775177222342
1.83064957102183,1.77668402930964
1.77825519036163,1.71633052404482
1.84843521375333,1.77930760253785
1.838585543441,1.76376289153578
1.70182451906596,1.64955451556979
1.86345282346152,1.80310858923455
1.60444266859131,1.5318539094525
2.08970267826644,2.02472064554049
1.86660032864611,1.81789449722321
1.94242665262282,1.87211276774898
1.86249920210697,1.80470586409642
1.47896462043578,1.4435946120558
2.01144764756172,1.94931144129584
1.82401598596094,1.75622294098211
1.77970893078495,1.72592153815045
1.85762517571387,1.79516046657987
1.75620576978566,1.70098145934636
1.881264221935,1.82088779907764
1.98411059305289,1.9212540850003
1.96903863461273,1.90280455904434
1.72611147161396,1.68691535157143
1.72497568425548,1.66846466609956
1.71172337272339,1.66377835998712
1.96538258215859,1.90597381407992
1.97383893631116,1.89683265147403
1.63126835993155,1.58809527753609
1.88999585511917,1.83224269807439
1.92051050589262,1.86375457746198
1.80732648614846,1.74700062036476
1.80675121639763,1.75722050552394
1.78405824870545,1.72946231609937
1.62377173186569,1.57826720868738
1.87518617332612,1.81823644064466
1.87145701830897,1.81737512619941
1.74259938141702,1.67778268045947
1.76509110822048,1.72050223966404
1.66737835981243,1.62035207778349
1.68805850259421,1.61466237535663
1.60785371054396,1.57117200485111
1.60337430741415,1.55604201685076
1.86793232870112,1.82856915398188
1.80742836493037,1.74458453678037
1.80198330125953,1.75633238092745
1.73316956369657,1.68519499512531
1.68009894076912,1.63250883433154
1.9751550332889,1.91875832789157
2.07850174774478,2.02227838973063
1.58340351507695,1.54876187255475
1.73372630783524,1.68425724217345
1.71739503547838,1.6844112309911
1.9516589172616,1.89675358079504
2.02784177118384,1.96795481420878
2.00382336669718,1.93814348886586
2.13804722270165,2.07485157120159
2.03574097825802,1.97607424041214
1.98943779982817,1.92993921554234
1.59232138188734,1.52222896150675
1.79509847699085,1.74286312350595
1.8306363816163,1.77607439763689
1.68827037552975,1.63915286615481
1.8297627713775,1.77841444135211
1.80971822603999,1.7519559998254
1.86736267995401,1.81513927673395
1.82518125399584,1.77167843809986
1.93062526901669,1.86856444590839
1.71497319270832,1.64890452518799
1.64280703857426,1.59461853059775
1.7246608998149,1.67038465178863
1.6170518921247,1.57681731718492
1.58258200488701,1.52200866031234
1.7494314028013,1.69516041065432
1.63842798970312,1.59865570120655
1.70152695469485,1.65171886149354
1.79869250550083,1.73725588763665
1.97550580414846,1.9234833693028
1.65588321252092,1.61111662179735
1.83650662528351,1.79023321048083
1.8602887326402,1.80930503765156
1.84613107729504,1.78976478019181
1.66025384055235,1.60605409821153
1.80650876153816,1.748767222188
1.73506823204734,1.68398974020967
1.7379393498921,1.67726136357409
1.5234240519277,1.48048851505236
1.936140483337,1.88183558223051
1.74070533522416,1.68310546324671
1.53507853498939,1.47119490285474
1.48449385433901,1.41428598482084
1.45766123924542,1.39941255960413
1.6514362638804,1.58862732840003
1.71285171336543,1.66705982305947
1.73587029253471,1.68073162758515
1.51610265862239,1.47560577836184
1.99497133149407,1.94248217095333
2.04729753777117,1.98445906402284
1.51793605998279,1.47712406656634
2.00964072687986,1.93441098738427
1.55242377275293,1.50749481588183
1.77622169139451,1.71931293700718
1.70082720579127,1.66138113623322
1.7083841404093,1.65368107166377
1.76477829066479,1.69625887182583
1.8175065035497,1.76487164778721
1.50206352215192,1.46448156345248
1.81993864161734,1.76314743947443
1.65078993790604,1.59146075133997
1.7865828044244,1.72863906577534
1.95985718511878,1.89440869131671
1.67495800485189,1.60372601656726
1.89282357500547,1.82937456714112
1.8678101376918,1.80878404462048
1.85069269887982,1.77955029258512
1.52813843946796,1.48014902269412
1.93665366157356,1.87388061366558
1.36167143005142,1.31540769502544
1.74833223766092,1.6894935068593
2.06687932549736,1.99708621588816
1.61168805940489,1.55794715796634
1.75584309377186,1.70459781514214
1.84792939258442,1.7842368111345
1.88560951719408,1.81837344756447
1.63663514564767,1.59097545970534
1.70444732029914,1.65438750662004
1.6687418110078,1.62068010221486
2.06108354738146,1.98930887181305
1.98648025801891,1.91184327635999
1.65316999282223,1.61170825246355
1.5344029571768,1.49592623174931
1.80561645693614,1.73378285790732
1.85382569411444,1.80094746222533
1.60333154732045,1.55256541841532
1.76046463427316,1.71385018854153
1.91323334218074,1.85598211495191
1.70661209244165,1.66628758769179
1.90263028015517,1.85459274516248
2.00019970915998,1.94571065217428
1.75430875056831,1.70575342343834
1.87881817078601,1.82425387671844
2.10547014868581,2.05477954623814
1.89848585376035,1.84601412702411
1.81434631794099,1.77065892583342
1.83792147228257,1.79220986880285
1.61588273168845,1.57873445247536
2.01637690569002,1.94080673996104
1.65453324103804,1.59465257821411
1.99626898407891,1.92910861653031
1.78397922283696,1.73327167881367
1.783440965151,1.73766440224824
2.15127452540625,2.07805095654225
1.7254322719255,1.67857308716194
1.79068437560786,1.731225271295
1.68171471853644,1.618496575534
1.96033621540311,1.90012556939113
1.75157468994109,1.69843244652141
1.87951016445814,1.82129300027955
1.62718191237724,1.58739124724267
1.94981194980372,1.89889118364298
1.67964153498255,1.63380174760343
1.83292767200796,1.76790582234259
1.83481025496079,1.76912769989769
1.72479366599565,1.67294973089224
1.69798694049877,1.65626555156569
1.84666822986573,1.79804247103722
1.8460385607344,1.80007350289375
1.7810677045567,1.73445580084176
2.0811388569823,2.01231530879139
1.58280332820841,1.54498105968332
1.79060126268557,1.73611185850575
2.05388442539469,1.99349555772876
1.83633985372242,1.7794344498653
1.69539385577186,1.66363584879021
1.72356854585743,1.66595380892763
1.56698195198886,1.52900963185603
1.80319686395143,1.75294911921818
1.82989830972481,1.75757095716195
2.07207105780469,2.01144793446341
1.93183544675506,1.87014657139087
2.07571298185761,2.00390618840931
2.03324866510936,1.96503097212905
1.75512634724937,1.70938599118568
2.0589322255293,1.9951579206668
1.99273390102966,1.92718908154685
1.66713698272981,1.60145925040073
1.82149189848856,1.76775612102093
1.73808110320553,1.67759886314718
1.89980227624007,1.83030067906551
1.83571123603252,1.78501361387236
1.53830224776365,1.50034729536215
1.46982245534418,1.42309524690225
1.7943548028341,1.74370341017874
1.89903608283701,1.83473521023875
1.81062008270526,1.74982885293645
1.89273325239523,1.84390157996798
1.69208905592652,1.63865242734966
1.50797816431999,1.46585966982417
1.82418374801846,1.74933104426345
1.76378426484986,1.68598103533853
1.67358342157781,1.62539683794953
1.92953523557926,1.87245687053209
1.82020366764006,1.76972622406415
2.08376283129789,2.02363899594318
1.84094965061062,1.78907584718719
1.76128740033796,1.70953152370552
1.9214623498139,1.86032835476846
1.67376506265089,1.62963059311668
2.0129095759036,1.95391324029262
1.81643361303604,1.76199887072078
1.82699358216236,1.75454263119789
1.78273457626082,1.72207686869962
1.72241234085593,1.66003439032918
1.67474490765034,1.61330665483582
1.5288840903313,1.47493862836255
1.8223472056337,1.74501074992843
1.83310274590029,1.76720356772985
1.86491592841815,1.80766653107163
1.73039916840324,1.68028904523951
1.31969888879787,1.27658763566152
1.89800577561455,1.83553536708792
2.00441687085424,1.94055824843616
1.89725776075621,1.82938479460843
1.77875591345883,1.72247315160652
1.64062921496499,1.57811536731902
1.91225265867844,1.85160301667119
1.60805149002113,1.54874723163914
1.81763569407797,1.76973010538856
1.58577625528637,1.52181897836696
1.67913850240299,1.62837470314451
1.99602550879157,1.93642893018188
1.98890975282739,1.93504322527474
1.89056719581389,1.83904475384153
1.61171454938801,1.56179197694358
1.4782527281197,1.40504315299274
1.81874879113167,1.76214910088324
2.00241752246981,1.93965360773832
1.61719644643889,1.5552859344563
1.57866208847682,1.52022468446909
1.59611995723161,1.52944868236916
1.61142367310891,1.55052328074464
1.64069960183267,1.58058792024035
1.9262284372744,1.87413046215377
1.98367961002178,1.9270284894256
1.46435830106732,1.42128737868664
1.84902135425689,1.79252037760333
1.75220594196749,1.70366797113094
1.94461529871363,1.89826695585045
1.98070396239736,1.90423336850241
1.71926701871836,1.66003359348714
1.95388840375992,1.90186940971987
1.88594949269861,1.83374851759429
1.84025074162924,1.78169593820848
1.71230941529409,1.66018109889669
1.85979963611612,1.8121349611273
1.82221618499422,1.77405949653194
1.91603334749521,1.86935293181964
1.63754706295287,1.57928534821607
1.52806659537173,1.48035055890811
1.92865715717742,1.86165502396097
2.03311674395721,1.97715016481105
1.83696708259156,1.78438817129998
1.27746643409981,1.22167182035435
1.92099323858017,1.86132976800643
1.74235256861644,1.70109649322789
1.57020529695106,1.5287555372657
1.98915352607251,1.92879088474754
1.76329505452008,1.7100526536234
1.67688756969242,1.63362324701441
1.55641849050558,1.50486912354363
1.78109630886539,1.74090379443208
2.1065941401457,2.03896465162912
1.85821255628981,1.80371334621252
1.7549493191306,1.70518596978629
1.6843684975718,1.62932797760922
1.77673171006645,1.71123253433375
1.70967404272293,1.64386665363108
1.88501660091031,1.82471227155227
1.77165433949349,1.71085563277482
1.80318152304332,1.74091455711948
1.87914622458095,1.81540887521014
1.58387268682734,1.5347608391585
1.82236778407419,1.76345609206882
1.94045169563733,1.88571650458349
1.71312551505875,1.63051761293823
1.85382939462353,1.80625484999124
1.72444162622771,1.66941872308957
1.68531556856512,1.6348761644386
1.64198084918486,1.6015634935483
1.91929271188734,1.84901519825778
1.76019748713873,1.70630805172339
1.70366773100929,1.64883641842273
1.65245679387089,1.61222573773042
1.9152142055793,1.85204257480798
1.83095451892329,1.78658614676561
1.85165501159072,1.79250681263144
2.09345640281106,2.02409443248591
2.10591860135745,2.04949566900804
1.78723451746425,1.7461074287354
1.64891637732715,1.59154031388899
1.70704069828624,1.66463121668873
1.72278605153902,1.66023795276046
1.64965413255188,1.60399927089227
1.73635401330234,1.6741185459731
1.73685182600246,1.68423132010383
2.11290650183343,2.04147413599469
1.93999976552522,1.88000485524188
1.9003917449757,1.83713992296523
1.67292381693999,1.62973439692551
1.7728889613251,1.73456622529598
1.90834752822034,1.84336874087185
1.87248893335437,1.79105687657048
1.94431794957247,1.88926819794701
1.72831327626631,1.67223267665839
1.64445714516422,1.59321470317918
1.88812847156558,1.82448675466056
1.93839566211856,1.88787608022505
1.5255857763293,1.48061888559609
1.86273834334925,1.7986476813713
1.68872251540014,1.64827699922508
1.64478061253008,1.6096002948109
1.56441097879772,1.51987647772615
1.83016944535999,1.78360639456669
1.81351170939111,1.75851509043328
1.83334771017063,1.77172759770208
1.92455814943444,1.8578732053791
1.82179472261045,1.7668466057739
1.94342425760332,1.88625853381005
1.77037368669611,1.70913574497594
1.74449577216704,1.68346579334645
1.91263420065156,1.86660458430892
1.80873109528574,1.75795825398489
1.56934291308476,1.52289091645104
1.72065817278593,1.66036002699578
1.45385643715946,1.41884142347598
1.93829549956777,1.85969109733197
2.0318407033174,1.96423256706667
1.90139435595239,1.82534261174965
1.70374120548197,1.65419226755489
1.80059112486871,1.74591106130346
1.68773988931237,1.64057827557802
1.78020673746236,1.7111758794791
1.87726902691372,1.81211630565924
1.76611452462111,1.72635280869389
1.75911969762837,1.70917719488782
1.85179640352825,1.7881647969403
1.70826267486691,1.66242973055954
1.73723297520554,1.67549244163584
1.66984596053088,1.60614650171589
1.72804290171619,1.67326170598765
1.62039129219279,1.57621483587662
1.85456253320354,1.80807242311453
1.71483853182674,1.66083183123949
1.67084393805239,1.5978474016505
1.70805578852618,1.66708008623029
1.81638055243374,1.7637372716983
1.65241319210527,1.5828760160945
1.86985809252746,1.80946432446512
1.83142492382105,1.78366319311901
1.89110201261876,1.83265067775584
1.70620536498424,1.64820865097775
1.75633202806683,1.69812435327707
1.68362938158938,1.60959719914546
1.90929942115,1.84844771253977
1.9355771581883,1.86710784043895
1.7388108759702,1.68254767623433
1.61665782220151,1.56661277554262
1.91418617818669,1.85424795108962
1.63405585207435,1.57772117685976
1.91329381133816,1.85350951450068
1.64172751538019,1.58649209266763
1.84660939702268,1.77530161657222
1.85108088410308,1.78499280179
1.77532961850078,1.70654983645855
1.85987294962441,1.794991605196
1.67060274887903,1.58725191184437
1.93382513662585,1.87619202472275
1.90465349142913,1.84446791333386
1.71856608741675,1.66948490924977
1.86058057342263,1.80921464376901
1.72840466278554,1.66859699182279
1.70741843326778,1.65109772679372
1.69952922538445,1.64358387186797
1.7636079763511,1.70609874318558
1.83791558306165,1.78863878451896
1.75755434312411,1.71565762445776
1.67027721167007,1.62620208570748
2.07616548880712,2.00174080736051
1.77773815656186,1.70117819617441
1.74279024913846,1.70063902495444
1.99225140110319,1.94208211476899
1.84579233011504,1.78225628388517
1.68734683402011,1.63754097255433
1.88763045538726,1.82879713036148
2.01789736954091,1.95726123011961
1.77499878266032,1.71241619987548
1.75047258198375,1.70031585883719
1.85358274338854,1.79760414548299
1.74598528665041,1.69970770072478
1.92578003380979,1.87066816137345
1.64857720177672,1.60430192865577
1.8315938603198,1.77894499298714
1.90922343312561,1.84011916526316
1.74860361360651,1.70701494041974
1.75988789223622,1.6997558237089
1.77672488890577,1.71144327421245
1.37671652126209,1.32612725040229
1.92576874225479,1.87402743382562
2.08122195292801,2.02222540682763
1.66928124750679,1.61681318965098
1.65250272505807,1.60827228563509
1.5625837478582,1.50098567297864
1.85131882527673,1.8016077090269
1.82012949112463,1.76708494495967
1.86262715067983,1.80779003712003
1.65209441555946,1.60384368905329
1.75335974691176,1.69755031187761
1.81953970000392,1.74896373865514
1.67383761456222,1.61993137923163
1.84695603433502,1.78422447289242
2.06220725003433,1.99730778940205
1.81916392510562,1.75968858266505
1.36875681798316,1.32496187202254
1.68371612010174,1.63559704906217
1.58717961127275,1.54645023709144
1.6290219802354,1.57997406564199
1.59227078331866,1.51115094628889
1.71853927975627,1.66899779593505
1.80738650899062,1.76091986003742
1.47393084710712,1.40038974171492
1.73772769543306,1.67013553365759
1.83977893603073,1.78049106259942
1.57050595549226,1.52029746661741
1.52040178944748,1.46593908509196
1.57397615744964,1.53225207045726
1.77290445003628,1.73337765970928
1.54567295430836,1.49913814745801
1.5000487789654,1.45016671349675
1.66900638595427,1.60611982442644
1.56226344372164,1.516922020352
2.0152204120134,1.94734528858486
1.77468626568849,1.7221882960485
1.9776193055025,1.91479130617865
1.67775398429727,1.61127075176189
1.72603396149319,1.68051024786101
1.81129711202992,1.75536729252159
1.51788379650507,1.48216206066949
1.63464128536801,1.58156559821313
1.84543334751521,1.79309772334339
1.68649900167296,1.63220865620768
1.95628962721751,1.90573701915752
1.83393078386455,1.76532283825762
1.77755109930755,1.72023547657088
1.65250318086297,1.61099897361147
1.68268540333029,1.62580140421633
1.96389552670265,1.90699299710271
1.77446789543087,1.72670998159718
1.91251476100841,1.82792899725877
1.9177430187534,1.85933718402456
1.52812294714349,1.47156630708795
1.92597354829784,1.86181843099131
1.69487876608787,1.64466560531924
2.02457811952561,1.95048179220573
1.87240007019154,1.82711294715154
1.83928820071737,1.78673556613939
1.8700710874396,1.800387382624
1.582224254191,1.53343323699613
1.86702561822576,1.81187108839123
1.60994954779432,1.558463506094
1.83291915661975,1.7745086457104
1.95554297305609,1.89968744550793
1.72634233952173,1.68476899406148
1.38586709277464,1.33250644956848
1.71071623629566,1.66888623925831
1.90236135891495,1.8452282633584
1.5364212502638,1.47373686931981
1.84788347283657,1.79525351260101
1.6664691034395,1.62294607999053
1.56196959095624,1.5204261291309
1.55494658299004,1.50292143337331
1.90285906396928,1.83913713009738
1.53604909914873,1.48414934083692
1.6297666765589,1.59206433971845
1.74457502459177,1.68057667871077
1.73386399092956,1.68159797727225
1.89194404712854,1.8338490904592
1.892955524474,1.84522490779367
1.96155369332786,1.90172821398597
1.81561206502374,1.74913520962737
1.94339866862504,1.88342493508073
1.8574040626671,1.80167992604542
1.77862085190377,1.71596750132262
1.7588707282548,1.70670969628276
1.60765026218807,1.56094617352723
1.73065148719851,1.65582484739074
1.82331528176759,1.77738949474381
1.83095875658915,1.77386681674932
1.5012172092129,1.46407271588158
1.47069423559068,1.42817362774504
1.79181758738352,1.72767547676666
1.70301397206376,1.66071351932023
1.54794046561167,1.49917557240523
1.87610543175454,1.82241994099262
2.03283969097931,1.96605817579784
1.88935656079615,1.83389486426354
1.97196412992316,1.91593734364862
1.79143716788867,1.73987668156663
1.85812429533056,1.79841065322239
1.70422529869207,1.6481774104632
1.89707039249823,1.83215217619838
1.78037774463169,1.72466349327216
1.73342042474819,1.67734200654854
1.80721141272088,1.74399422546313
1.84615210468543,1.78525444045814
1.6593981626755,1.60350228954636
2.03296367343411,1.96557715783587
1.90271866979517,1.84879450289557
1.8558505240635,1.8071081559149
1.73734126218573,1.68663144695251
1.65861404838431,1.61245317702093
1.85088039666339,1.7923710712612
1.26838475206277,1.22080826873956
1.91443879460844,1.84760773842386
1.84124960359052,1.77397960122807
1.86872482127794,1.82108471525185
1.96729417180114,1.89456538862899
1.97242413616795,1.91241690368019
1.79697380343362,1.74849401765773
1.70461087171595,1.63852063766313
1.78280609146191,1.73363690641373
1.77166402066314,1.7059033526742
1.97543065583119,1.91873645965655
1.77056268803026,1.71520338474412
1.86391331522986,1.82047841468938
1.72632499389509,1.67959426890137
1.85921582707609,1.79958238132354
1.70248380559828,1.65154840808317
1.9431928023021,1.8890883235684
1.77524690250968,1.72518469951844
1.73761520717386,1.67217165265125
1.73835960919911,1.69083676435233
1.65000656723464,1.60787263089755
1.59053250235347,1.54075876793363
1.65870222851609,1.60861905821596
1.63949558725526,1.58836708962247
1.7022034870792,1.65631152168806
1.76680957035973,1.71553358181986
1.52581190214378,1.45030753187747
1.81722239663056,1.76267821847102
1.93925169247285,1.86920001724686
1.63164654160344,1.58451904733944
1.94508696008488,1.88786396678712
1.86933332593518,1.81803510986898
1.71678863643451,1.67111286217874
1.86928088649837,1.8178918808543
1.58415184154207,1.53305002980942
1.80514684460078,1.7544971920722
1.94914164576997,1.90379007159301
1.85680362061436,1.78201405233165
1.83540029938104,1.77269786750651
1.74840066131213,1.69290846600125
1.61946354034965,1.57099965522619
2.08171066875707,2.01716379580601
2.06735283291824,1.99485340140404
1.51321201942587,1.45613921279683
1.63106373971443,1.59396065987711
1.60939360743271,1.56731528901956
1.91559090391267,1.85757809661637
1.72789289670036,1.68419618849192
1.91439087404944,1.85265188743857
1.90045213857586,1.85485336134944
1.59753114274163,1.54064574185428
1.79363368203347,1.74257255348729
1.70939288802526,1.66050578677277
1.58126868278242,1.53004695649086
1.92694875557355,1.87534655126256
1.99557320512587,1.93971384377325
1.86565864427701,1.81089892677501
1.66208514541718,1.61367980940766
1.85187574342891,1.79506443678917
1.90849574847182,1.85332773562124
1.67550887899463,1.63764900889179
1.72229159099297,1.68488419699589
1.94912674575784,1.88982230602485
1.77130469384271,1.73237904646727
1.93665002979581,1.88046190598384
1.75830597538859,1.70530853435184
1.81021776545797,1.75194943505067
2.16875473042742,2.1057889609661
1.89028083826976,1.83438655628616
1.85283916402399,1.79811724351785
1.72537204060805,1.67887062922786
1.96731953564526,1.90601190275007
1.89783908977779,1.84280619321564
2.04442363447312,1.97907875758685
1.65488162603399,1.61139506331598
1.43207593251488,1.39844447348582
1.85357712632345,1.8029348011993
1.66240678444383,1.61830271690213
1.53250594147026,1.48221199606373
1.70964443338489,1.65853301453606
1.76507424881607,1.71906409324705
1.78399076237032,1.7295135622223
1.48497265719627,1.42753843699763
1.48906855174697,1.44577800014464
1.55826367347902,1.49465649188815
1.83052956227239,1.77394927366054
1.95155288469288,1.89748113020754
1.73080592713169,1.68462418319646
1.96664497322035,1.91200555592283
1.77780926273369,1.7235143528105
1.99235769992035,1.92714865919669
1.85952890374148,1.80786999657531
1.79739832060264,1.74235086741126
1.77117576630302,1.70820758330406
1.73066454866866,1.69980526575904
1.88231902571386,1.83049533332603
1.76467240047279,1.72410330126224
1.80373374341585,1.7514266954157
1.79848462837864,1.74741358894402
1.80318622745742,1.74910467438278
1.60365557614371,1.56570421741526
1.93218390123241,1.87199015429232
1.77040753461395,1.7177170181204
1.86246454761959,1.81432900338777
1.74869537081758,1.69487677551524
1.67360526339659,1.62627714352605
1.75724080246362,1.70409064884018
1.63271860586557,1.56148495818898
2.0404948281678,1.97248422754282
1.74325772756264,1.69613562959425
1.67510310690201,1.61935305324534
1.54106608441056,1.50758844226189
1.7786108293637,1.70977018475247
1.92133477817248,1.86826700404183
1.60544766356719,1.56345658774399
1.61737390826053,1.55457674940077
1.69649902260378,1.63128868640965
1.61430786701154,1.56049905767502
1.80170287811674,1.75380571382871
1.87187338196792,1.81592166850918
1.87708015734437,1.8209341686813
1.61858225311388,1.56519913541852
1.60693766579376,1.56414097375838
1.449067609564,1.4142319246919
1.76602542864795,1.71794786393183
1.52458973471627,1.47691540399299
2.09442989281935,2.03541140193305
1.63529343415989,1.59324560059042
1.68379877482865,1.62899233487162
1.5805250686516,1.54397384683007
1.4889172077116,1.42003993373477
1.60066916646794,1.55010957560528
1.94635134114632,1.88685007224692
1.63288451702605,1.57863102591459
1.76681801341919,1.70702770989421
1.74955911827728,1.69581012137971
1.92056890673329,1.85778177321907
1.43667166827087,1.38946105430753
1.70860595868913,1.63479754216027
1.62697570328055,1.57815052331286
1.73309099137255,1.66369966892539
1.42342927479039,1.34665730883339
1.73302531776587,1.68308983320714
1.95366225921593,1.900195179947
1.91498410291121,1.8537410190753
1.64707729749534,1.59421403553023
1.75865824128397,1.68978312378129
1.53284337478543,1.48115654080077
1.71415535246183,1.6638024979767
1.6647440333757,1.61550248030743
1.93663563696962,1.8815838409144
1.82912639776167,1.77488634387865
1.75280366873812,1.70000614684662
1.57108947152501,1.52404738496468
1.51751112653424,1.46535545857846
1.93927780303986,1.87167310483883
1.74442360959313,1.68201577382089
1.69051927211843,1.63003130849568
1.77252485685733,1.72963968448151
1.99822437722625,1.94062905160833
1.55497030233714,1.50092593184599
1.92071455789691,1.86328358752208
1.79732273431027,1.74908700405996
1.99625008271953,1.93945915334872
1.80955166603728,1.75028261602619
1.76973738734498,1.71948130029034
1.73630437738058,1.66883829288796
1.73277214575948,1.69546645959318
1.73532814155423,1.68114482289415
1.74230968096344,1.69082626571087
1.72582196994511,1.67121776060625
1.8377777801208,1.75055690565872
1.78998121900163,1.73059289376562
1.86123506401904,1.80342092804904
1.69912293251779,1.64653395533124
1.88020596642046,1.83421043592988
1.68924381803442,1.64132379563343
1.55946594275707,1.50716376515113
2.03163872225372,1.97415675347351
1.76451874724699,1.70879986249153
1.73667489415933,1.6871156675548
1.75079627477342,1.69315882920816
1.52940549992202,1.47847752834265
1.83891887054693,1.77818292829702
1.821045736246,1.76245428299574
1.71886503030789,1.66132531626033
1.69921260396438,1.65567120611795
1.80400143754063,1.76011790578801
1.94958410026774,1.89640606133687
1.76967897301925,1.71287624083721
2.13218522655114,2.06809745325448
1.66115282209549,1.62252759491766
1.73383194253208,1.68955057228258
1.60508068056547,1.5318319678083
2.00515699654623,1.95056807297938
1.86278304110676,1.81921619739161
1.6541734482659,1.59968099835372
1.88809979938612,1.83494793582634
1.87629030574433,1.82468879290401
1.92594677486163,1.86346425484321
1.78431199700419,1.73040879085709
1.82470640689291,1.77043829283657
1.76937955352455,1.71160544682667
1.97679248892773,1.90591644928272
1.7849359738155,1.71803473990483
1.76751793562731,1.71920201107457
1.84896920344779,1.79471245164706
1.63588841459862,1.59514700272676
1.87150488670698,1.80229965626853
1.77754179392715,1.73629640388903
1.8460654958347,1.7746445082441
1.76295011052469,1.71526648913185
1.80622890691814,1.7503264693466
1.8556035402914,1.80435765350403
1.76567877692069,1.69360651933315
2.0196684545655,1.95748603191903
1.83692520624697,1.77921552632281
1.78326407510017,1.71876057884938
1.89648492207728,1.83300650319799
2.07715210045216,2.01133178699641
1.71095984961503,1.65874588109709
1.45755358320346,1.40262969301862
1.78800356782943,1.73605391465144
1.65844545992046,1.57964629486676
1.58446114896528,1.53052204187625
1.90537197339904,1.83325189700552
1.89067306259536,1.83840858020686
1.79296560955361,1.74874749259218
1.86166167146268,1.81452526692216
2.00276407862868,1.95095721492304
1.68898212553366,1.63629696506676
1.84914512499861,1.79389192049689
1.5227636536013,1.46568450102595
1.49121631819359,1.43583164161887
1.8958118076089,1.84192423880029
1.66069189819291,1.60971828911312
1.89144812819185,1.81575054505325
2.07871549008483,2.0184321197334
1.8729654321736,1.82583336336838
1.52482320734346,1.4713022975356
1.86464287162448,1.80512712458636
1.72811628336633,1.68164497447042
1.66353430268954,1.62936346239827
1.99627592211868,1.92058814990832
1.91204150994189,1.84627542944032
1.96406875134787,1.90558322489551
1.74703154438771,1.70162198923044
1.65717724265144,1.61089107974588
1.79099025591584,1.7461103241337
1.69036546251829,1.62523466914601
1.58945826811649,1.5297442551903
1.88392428149423,1.82880524590901
1.54101306472176,1.49067284558483
1.94573975159954,1.88810167693524
1.76931565175755,1.72856245390747
1.77058310448276,1.71286058839335
1.63618707246141,1.59831587347337
1.88670320313544,1.82050502771575
1.84091398295384,1.79947008709681
1.76734873485418,1.70834427488296
1.43860830165195,1.38916550817485
1.90555365578566,1.84596029735314
1.71131965569363,1.6647704531995
1.75751929451327,1.69980869817103
1.58474037461923,1.50845861938953
1.90696046743543,1.85337756700536
2.07247326935872,2.02507729794381
1.62404536184229,1.5881124284387
1.9868191950672,1.92134361436518
1.74643270012306,1.68394259363774
1.75151252366357,1.66466437805628
1.70934015805602,1.65588477746732
2.02643298064255,1.97246490327077
1.93215689289069,1.8676088846236
1.90554017513741,1.8519779634269
1.5919206998478,1.52834200195843
1.91423337803175,1.84230841475734
1.90844627185491,1.84142313531876
1.71962066231918,1.66578361758961
1.78838211738491,1.72311560509437
1.89857265286301,1.84375538205718
1.72190878585255,1.66578559700485
1.91806663895571,1.85926618184385
1.57000088289482,1.51577285474802
1.90234728263852,1.84340487738167
1.76971912318534,1.71906872221696
1.89875634153316,1.84650736656299
1.65151719340444,1.58925643448816
1.58183449844258,1.5315304317439
1.64211852956609,1.59540744422697
1.67449794731668,1.6251877917906
1.74325732508835,1.68346541144613
1.76723242103208,1.72071558443223
1.71098034902944,1.67303157572045
1.94868084273482,1.87395869697585
1.66991842370263,1.61507691960731
1.87843711035906,1.81881893134865
1.50540172888157,1.45784774048591
1.63666479999159,1.56388018638142
1.88568609524843,1.81882679799727
1.68598249563348,1.62808818760753
2.00239261262705,1.93418964703311
1.58764420890975,1.55027015492313
1.79680356789801,1.73648761039779
1.82403750421807,1.75438135819097
1.89435439289402,1.8333984925549
1.92813511465499,1.85548992745224
1.70185807069566,1.64586967265036
1.75966398187722,1.71133190337386
1.64935972385715,1.5886505858239
1.78994859088271,1.74366471292123
2.05420915055654,1.98963831824679
1.74120916448044,1.68581520996561
1.72704845237148,1.68963350222436
1.87155797506633,1.81849545119872
1.80756705769074,1.73804495296718
1.78503337514347,1.74334897377176
1.50996558853103,1.45882449612329
1.70656660520673,1.62756605506232
1.63725136448122,1.58883634976534
1.91155560368789,1.85429350814735
1.97636568310417,1.91295033908187
1.97084703635962,1.91398390461379
2.02066557061417,1.96460344754596
2.05906113219072,2.00400499298786
2.0993383213664,2.03707768812021
1.91696389871803,1.83846058616293
1.88264571766715,1.81695381390873
1.95234774969934,1.89545248529504
2.04545812475427,1.99238529864451
1.82402852217608,1.76795285857835
1.87734018854993,1.82421336693768
2.08209242876257,2.00771032703829
1.70507133397569,1.64515822094614
1.58516147152795,1.54458877916287
1.75604355028886,1.69984109371771
1.68935809106878,1.64799912022659
1.7607281808146,1.69301116789305
1.68619125686808,1.62471318256362
1.95943528206618,1.88931883805882
1.76980568565176,1.71113341877589
1.46319799578798,1.43051379987733
1.53687067557829,1.4873477880399
1.57295538713534,1.51937138633981
1.91034349473417,1.8591863056676
1.73671947062589,1.6913635126731
1.77741272656082,1.73881194505983
1.82481521388284,1.77119900409444
1.89674607130852,1.83483707488758
1.64794419974035,1.59296226175325
1.92546636800277,1.86586571882324
1.90758355175015,1.85380282421774
1.99936505797224,1.94080989869243
2.15665601665262,2.08867101373312
1.92078915487317,1.85460254679944
1.4314139693991,1.37107796583708
1.53677912448688,1.4797175090312
1.99235175061468,1.91082089871422
1.72022719694096,1.67494508717553
1.73173069740755,1.68976068277591
1.68925877291372,1.64900434971655
1.74426197703999,1.70265862720354
1.78839305756115,1.73583638270876
1.65501446764579,1.59998590227067
1.89052519000297,1.8299123833869
1.96025164017376,1.90671906761245
1.87041623902694,1.81062084544079
1.52825937228887,1.48425500758268
1.72336502965379,1.67094595408381
1.97708423113199,1.9309478424593
1.94933667966489,1.89225145739147
1.73607306841936,1.68688276234053
2.11970914759954,2.04715091721938
1.73887038450859,1.68878157085582
2.0961860249137,2.03399527496032
1.80647302088558,1.73466291393568
1.91052834048443,1.85581426226786
1.89356980336086,1.83643623521092
2.03955344189918,1.97055353666249
1.84315696051373,1.78978029663778
2.03838012366918,1.97851525763978
1.65367070637011,1.60409372022914
1.92248673851146,1.86677510301786
1.79921158260786,1.72960617531703
1.52641951373015,1.4761598461479
2.04314356249359,1.98357124048801
1.88158970440758,1.83134876298916
1.74891634325925,1.66069298414638
1.87428519311271,1.82387437715633
1.65247619868447,1.59354080628907
1.5410161609391,1.49178553864711
2.06045542176649,2.00142561769965
1.83088616752425,1.77319174181979
1.5042714735238,1.4650022939296
1.91131424461535,1.84685203516514
1.76740982413832,1.71278308839985
1.73580576528864,1.68023132570186
1.84520973339961,1.80119689711194
1.78974490801128,1.72948498755672
1.72664561345326,1.6732095749734
1.91595223610244,1.85471213343056
1.63848543531132,1.57466617117815
1.82881144839252,1.77446441252175
1.92299207029434,1.85738222907576
2.10506117397258,2.04309289939105
1.89345882507204,1.82587593731547
1.68481523530749,1.63409724131515
1.64586483390766,1.5946431249423
1.75599472923323,1.69980156772141
1.99050151155298,1.92146315297899
1.61789275213515,1.5789198969382
1.55149761200996,1.49401154066363
1.91602997266317,1.86840033864672
1.89662339948975,1.85290210068077
1.81231297645404,1.76135241257326
1.77561707460187,1.73095724676062
1.96337593084203,1.90837088876112
1.53061443522943,1.47879221177332
1.9578521277297,1.87781592625336
1.61665963400448,1.56767798466918
1.77202969896599,1.7233609713118
1.81609711838846,1.77340618387492
1.61406823701134,1.55902951714528
1.76698551447354,1.72180729105311
1.63071940777521,1.5798173625451
1.86028127030006,1.80267047524283
1.96348856124231,1.91108384313013
1.81188589248444,1.77041243570523
1.9145648696569,1.84867955321029
1.8563035470249,1.79381744797523
1.8315218618344,1.77458850969019
1.88842057236229,1.8248174980958
1.5884850602735,1.554799395474
1.92576085891011,1.86282399910755
1.71819370659837,1.67299344171776
1.63002694453329,1.55901459252595
1.83232130371809,1.76769163455487
1.69035949397848,1.63621737805878
1.86447172181461,1.80856082780939
1.4266283747928,1.3857463906819
1.88068585998469,1.82587279566135
1.78212357296374,1.73571695806821
1.42160696641669,1.36134949852793
2.08416801793082,2.02031276394113
2.08415045112925,2.0190758902638
1.90237953448348,1.85081493511062
1.98989134539775,1.90899589588083
1.69896536527408,1.64519580796028
1.59735032558154,1.54466011349498
1.7559701768239,1.68604592625831
1.79866776643087,1.73510854568389
1.7311571120204,1.68552203586073
1.89246462221368,1.83218286248775
1.68622332730029,1.6492474419905
1.8330126558514,1.78352767721701
2.03812008775843,1.98345740765172
1.95276225465186,1.8930902708248
1.74176410895806,1.70324317622029
1.69559675646441,1.6285769204477
1.71843519577217,1.67077363828201
1.67754484053065,1.60756510603088
2.03330967547222,1.9818277008371
1.83921575537656,1.78045214606515
1.69591781076198,1.64736479349205
1.85425137566364,1.80875329835848
1.74383828800334,1.68705769450286
1.90571422514753,1.85439827524624
1.86570025863757,1.80301700478812
1.83709010005187,1.77751734988119
1.9042768244042,1.82976164611188
1.96759417068924,1.90580165857994
2.01181698671926,1.94104754626843
1.63130102042481,1.55926272577902
1.96333373337347,1.90286857939663
1.84055097478194,1.78396795312777
1.79275630695256,1.7350763311251
1.89250888476034,1.82138862264809
1.8863560412401,1.84426947732677
1.89923121349115,1.85119189763681
1.82721756808896,1.75016513072569
1.79916625761137,1.750477156531
2.03130905871273,1.96212886590021
1.60939411658831,1.56648044312449
1.64037823227069,1.5983746936887
1.82679973956567,1.7706693842874
2.04183675198244,1.97542489917597
1.92099170554664,1.86061677226919
1.55707785444936,1.50910143460118
2.09856331854217,2.03964641349353
1.65739313475596,1.59528152586701
1.76055125691813,1.70612927803719
1.73895286428169,1.69879994657837
1.66024337173796,1.62866815053752
1.65304202532266,1.6117221974285
1.72225640984468,1.68296590355763
1.83612621318288,1.78369443777469
1.76726829793106,1.7158990443673
1.8454188246936,1.78616967590724
1.64899203491266,1.58661581097859
2.11465893513211,2.05724094499177
1.71244030066683,1.65778892878318
1.64817614442586,1.59059100672594
1.98412199231636,1.92731689040169
2.18527822605116,2.12479881354592
1.71169051193936,1.64468379968873
1.66273229903916,1.5941762572942
1.7607195474771,1.72121078733269
1.4641878355458,1.41110104052662
1.49257125895388,1.44273207406639
1.5751592045797,1.52042142291965
1.94829513078775,1.89664708890128
1.87880772433931,1.82191701268736
1.59786871929908,1.53000068660931
1.82872168731059,1.77118862755777
1.81955128389208,1.75529728570978
1.94941862126819,1.89637655872634
1.77855258932592,1.72952447943046
1.85785599168417,1.80580998201765
1.99355027637853,1.93186795741771
1.70272581868154,1.65406256752558
1.6841423024231,1.628353268772
1.74245461927133,1.6859686953283
1.53958245657672,1.50371953356673
2.00344017695239,1.93571565110215
1.81743870087426,1.76788048259905
1.68521793291624,1.64500347061089
1.99076973591084,1.92469213677037
1.80610987820449,1.75282298070601
1.80385904124517,1.75765157135456
2.13944678828972,2.07811713197073
1.91926569746618,1.85392677303127
1.65031029997149,1.58370547101128
1.83815938959919,1.78853921301214
1.83176486727301,1.78131615468321
2.01853156818585,1.96384701278015
1.49425356334649,1.44293478432436
1.57179451497137,1.53491406045749
1.72912319014594,1.68942440215154
1.5262296506141,1.48330958191908
1.91597067470701,1.85320266034391
1.8022849942818,1.75099167726086
1.39565205541063,1.32122397140053
1.63728612583817,1.57310678517332
1.8051067463787,1.74216964704443
1.98185354231266,1.91795908014896
1.64541921799012,1.58045497209296
1.69197594545944,1.62739222480402
1.902035600745,1.85186000637992
1.76806836074947,1.71379814223094
1.62479320872146,1.57203624790135
1.83580739043064,1.77499440875029
1.66353632736449,1.60700615122361
1.62150418849834,1.56898476781286
1.98663729728013,1.91919065487911
1.8650321877241,1.78639302832049
1.82455854104973,1.77726956589351
1.83132468878143,1.77991398021845
1.68355272699522,1.62190819368669
1.76851223421406,1.71733606401107
1.56723041716436,1.51969973237699
1.84240820215056,1.78602940531085
1.88472213581316,1.81293880036587
1.7027240121115,1.63721081958989
1.79799738573548,1.75289320326145
1.67446037081498,1.62530185344406
1.73212832751337,1.69598806192594
1.65624170156778,1.61856957892071
1.71086903187452,1.65836384425691
1.48568049565789,1.41825558580637
1.83909401233045,1.78572163245838
1.81994593871165,1.76740058654417
1.89213144599961,1.82394262699657
1.47091628691012,1.43550766620693
1.93628721994561,1.88683207216705
2.05369055387087,1.98509037081186
1.74961826725776,1.70134101734799
1.78558744178131,1.73536184884154
1.82225231077938,1.76039032534451
1.81166490370826,1.75286954777869
1.7704198565176,1.69768623562898
1.84232459727857,1.79599213047046
1.60789333390174,1.54083667752364
1.79670795445554,1.73060305283383
1.81775064077124,1.75837140778163
1.64559404171434,1.61488226151174
1.76803804246009,1.7132851077085
2.09137789091242,2.01875937789066
1.79618516205275,1.75442915299323
1.74856872777961,1.69527822986168
1.71795923096199,1.67120589537819
1.60826472057515,1.56167876088238
1.78555943582537,1.73328527691607
1.88783747812438,1.81492593060709
1.87957751351321,1.81340804139597
1.86808539787024,1.81185875990676
1.8410090555938,1.79050717553054
1.66744158631664,1.63551119048554
1.95655882770535,1.8948815344812
1.34356511994178,1.31117823888403
1.77072693113797,1.69583311674752
1.74315091116595,1.67376772738264
1.77121014407742,1.71628442013953
1.793379036746,1.72802943768428
1.83496201618082,1.78387176311564
2.08499994277864,2.0244045122622
1.68492415728563,1.62077604775967
1.96929701423981,1.91079932911161
2.00851048688049,1.94865729368987
1.74074189613076,1.6867439809674
1.51823462139324,1.46113285848039
1.78852535155902,1.72371212303442
1.78112190807716,1.71944192285194
1.76851562328711,1.70379334719838
2.0040366305884,1.94692673451682
1.73366922852599,1.68762110380021
1.67018124579575,1.61970577384532
1.67033030291207,1.62327328978068
1.87453346181566,1.83019855906709
1.8662022165715,1.81172612676807
1.72516261276132,1.68048063079731
2.12152669713003,2.0594984411499
1.94328163790326,1.87875454494669
1.65452993349556,1.60340200133001
1.9244100160857,1.87062690382249
1.76347188584109,1.71099368982967
1.9685493959786,1.89720176143854
1.83725748256663,1.77623499542161
1.71199975933782,1.65516853968724
1.73995575125988,1.68972517036675
2.05248399732166,1.97385730642542
2.00195461604213,1.93463485101335
1.68674493153663,1.6277473695134
1.76304224696301,1.70816599384561
1.74950453204107,1.69024903551074
2.00235209519668,1.94344045385878
1.67316769331862,1.62317666643177
1.93141053961382,1.87660633638035
1.88399864664039,1.82935615083098
1.59598220490419,1.53244009896152
1.67786069220713,1.61580726996937
1.50426708721958,1.45389024629759
1.78901095926959,1.75054196517785
1.70793773870126,1.64555360794135
1.88807410807505,1.83842159232501
1.71914162146628,1.67976021437117
1.52394544736574,1.46879282632992
1.66200022457717,1.61298852032647
1.97516957955281,1.92082691602082
1.86673993959946,1.81659715177672
1.6787115496067,1.62876708302809
1.88088171051095,1.8070964885258
1.78168488867016,1.7303895585479
1.935086762486,1.872983763673
1.63925376650875,1.57341901131069
1.87615191331329,1.81456365462741
1.73985836588725,1.68894757033408
1.95736551283895,1.8962350360754
1.74130029832894,1.68556694444804
2.0047409201176,1.94138131879912
1.67388611038399,1.63036856369144
1.87805046522344,1.83158536088813
1.66255041703606,1.61490792889496
2.10267358352512,2.03755783469483
1.91487214409553,1.85467856374294
1.66653349812498,1.63076699630642
1.70976960135979,1.66068256983879
1.76929104731661,1.70189334967491
1.68429960671158,1.64439400118547
1.68523317796726,1.63528804287011
1.83746735303206,1.77952880185495
1.66764540416939,1.61547376131249
1.62566850595441,1.57540977052952
1.74779031387686,1.69901203124962
1.90819306304017,1.85735339293317
1.54417165085438,1.48842938096586
1.46625547166048,1.43060201027499
1.82947445900705,1.77193918259022
1.56945786508588,1.52295786956072
1.92471467260468,1.86557063060422
1.79801104270703,1.74701400086905
1.98091120216551,1.91636115504599
1.7744567608177,1.73364005436968
1.82810422601817,1.76885697201303
1.96948242020969,1.91163124581761
1.7893662303789,1.73908504319073
1.40417094898307,1.34736779482127
1.94420162289411,1.88555679204228
1.63966415297754,1.59125376823836
2.17602757162458,2.1018527096262
1.70431631057619,1.65033498245559
1.47466964562088,1.43378505379255
2.07223030268627,2.01175814324696
1.57120773902001,1.50806539487437
1.82993095885903,1.7664955830106
1.48921252324007,1.45089323222883
1.80205898309629,1.73749404291198
1.53720565286704,1.49256717673936
1.63032278732264,1.566449543714
1.92701997681138,1.86798511118186
1.5580105445843,1.5105869163133
2.08161879531372,2.02160486709342
1.79985989018694,1.73841607538607
1.76677595860151,1.7045318671971
1.75275558587899,1.6987829603141
1.74483189318198,1.68561078671765
1.88295602927477,1.83694122729907
1.61786999623212,1.5606346685944
1.45838976431067,1.41079586906992
1.60711741028863,1.55702543036158
1.80173525296927,1.73277518677253
1.72528535427515,1.66217599512087
1.44748431093707,1.40792502509403
1.88221453228931,1.81271473704869
1.79424113731414,1.72951609715633
1.85528661581665,1.78594846282539
1.66467180246907,1.60465817477484
1.63920732241052,1.60349855947818
1.69337579392654,1.64426079449552
1.90255074225518,1.85134776668621
1.67203501319445,1.6202706211344
1.94411580245178,1.88815452807977
1.90886129929442,1.84334543399936
1.74257213868455,1.69098067680512
1.71050804506111,1.64843796842603
1.67545991510034,1.6254844060518
1.70661375256951,1.66251294444021
1.94696015147355,1.88403817491178
1.73624326725616,1.68608041266233
1.80531654318111,1.75353947364046
1.44672322300611,1.39635526560962
1.7176687802466,1.66894697343742
1.99809774595183,1.92313414543093
1.73511911915623,1.67572280664153
1.68314043547427,1.62891211069838
1.75348384526691,1.69471297330147
1.66525230947433,1.61333332276471
2.01955453126729,1.95818631331654
1.97350761413642,1.91566765845952
1.67263819157652,1.60634167224499
1.79120829438851,1.74755475186718
1.83136233757585,1.77624325713254
1.98902186000677,1.9155326093504
1.35159543400143,1.28058069941265
1.64743191819988,1.57041491615503
1.72154974866108,1.67388922757336
2.10234106167432,2.04327274585383
1.70432593368109,1.64114283495834
1.7021397903849,1.64053075573419
1.80844772919629,1.7533984139727
1.79320334499757,1.73879894790025
1.66360412307906,1.60990171168449
1.59913950882365,1.55138016468904
1.63463533541836,1.58654297249536
1.94877004096591,1.88257223317688
1.87107567379689,1.80586443161846
1.74507074924638,1.69875732761513
1.97179731635751,1.91888653840526
2.0376575268843,1.96298024334932
1.8155647662535,1.7449825405847
1.78222471999843,1.72602064744318
1.88754712812675,1.82082537509871
1.74453064786276,1.69464682724976
1.82024838367268,1.7656626637258
1.54549552023623,1.47659577215962
1.99795126781626,1.93478925118786
1.64330937995841,1.59423128448682
1.74744550024184,1.69577489820523
1.55175851488834,1.49681206822088
1.79242022751351,1.74947666546685
1.6498245950612,1.60394381074337
1.73734401475338,1.68901801870679
1.87294900864447,1.80829485960514
1.83660550460506,1.78032233396843
1.66408807026624,1.61469835997182
1.62883666261233,1.57456609795158
1.63779607997878,1.58965080529506
1.66793595531218,1.60682115667877
1.92250035686718,1.85892564450796
1.98748052574833,1.9306964517731
1.95268097165209,1.89662795280637
1.80463560245732,1.74945635101451
1.92316221623485,1.86207923208237
1.73966152959227,1.6858068919643
1.49839738228468,1.44898661721821
1.4197989524653,1.36145542231196
1.89412300098033,1.84695282675291
1.53279387189494,1.49736824080774
1.93251491745387,1.87130440432698
1.93493127681032,1.873566742286
1.59361998435641,1.53760317787321
1.76632188035796,1.71938916432048
1.68044023484643,1.62995552361169
1.68515181909831,1.64246034267491
1.50815933836075,1.46162791023852
1.85307707299529,1.80210052675401
1.76726248957552,1.70953685915667
1.63438016345968,1.56714542161519
1.84573872396713,1.80133352521857
2.04824216166484,1.98408041404383
1.65718962545461,1.61493456261553
1.69302469161567,1.6360052463958
1.65332848091359,1.59252576608826
1.89425156439852,1.83570727906562
1.75411401144954,1.69747137901017
1.76469385813223,1.71048084979139
1.68585978213647,1.63194182185249
1.69323577037341,1.64553934640825
1.81610971436833,1.75543437642467
2.03254951362168,1.97343238619609
1.58064205897554,1.52960532018712
1.72567631844537,1.67085013525714
1.65240956552069,1.60955718540191
1.86548557484394,1.7984093520057
1.93859630082535,1.88318857578112
1.71518729619694,1.65685140355864
1.92998087123644,1.87122220648166
1.98400425425341,1.92050246877021
1.83656640388985,1.77920975729783
1.7424401209812,1.6872957481483
1.6232193429402,1.56417041436984
1.82584769892281,1.76879989219153
1.7641306439062,1.70490895743226
1.98854658724027,1.9162602029686
1.82502410106845,1.77906150727159
1.73598508378331,1.67085689445828
1.84515485515058,1.77907748455813
1.64822911522016,1.6079256378049
1.98433806853622,1.92135457419331
1.8410691866487,1.7695097687651
1.76397831890645,1.71232076611235
1.83530360895668,1.78780881599474
1.79393254678342,1.72486233242853
1.73482579519028,1.6959354239251
1.38121145835478,1.32708900471801
1.97756516821061,1.90962861769554
1.58536277002673,1.54105095105332
1.7633627339359,1.7207514382043
1.520812562597,1.47276340890058
1.64041864207953,1.57678214478917
1.84029506967954,1.79806737864919
1.67463609465356,1.6126526662071
1.80005977370724,1.74034815696665
1.58004482290253,1.52924151129558
1.78287664096844,1.72210282889956
1.91113172404273,1.85263055974338
1.70715237174947,1.66767167796258
1.59996072877136,1.54965463006027
2.01253314525044,1.95111698336109
1.60514738029749,1.55745890833094
1.7941147070754,1.75398483170601
1.8429328941194,1.78053836109275
1.78211335621823,1.74282664013108
1.55731455819381,1.50119474214892
1.97672199002574,1.91358229234418
1.79066451506001,1.74440335495245
1.83708124620495,1.78155328214977
1.81541627771343,1.75527868309521
1.71621621214015,1.6675461938785
1.89610763079725,1.83683724473246
1.87653254762699,1.81549645994421
1.7392025642041,1.68925971438432
1.89245676174732,1.8337002544801
1.95612341801973,1.8950543041007
1.92735383568508,1.88087410621272
1.91367368519097,1.84841830154847
1.74002516423854,1.68140274707543
1.61712529574579,1.58171054056249
1.75744355068574,1.69932348276263
1.76140942639864,1.70825908819752
1.60867941044432,1.53858521329405
1.82009568488212,1.7629578443654
1.74870790945509,1.70110131816549
1.7128383374839,1.64975631263632
1.70023528490455,1.65069186776544
1.79137661004498,1.74168551907763
1.98330181692749,1.92113660930885
1.85724213014531,1.79273758594826
1.73630130109733,1.69236810436235
1.72166599041359,1.6678091942511
1.7160189655522,1.67021427590228
1.76460567118004,1.72056763483623
1.75239598545922,1.69709368908251
1.60157969731323,1.53075649152008
1.94971838727854,1.89383632688621
1.57967177647398,1.54707485372718
1.64405646779751,1.59618687597274
2.00945238856751,1.93743599000419
1.97656243687307,1.92252005194467
1.73556866923028,1.67572187800471
1.7095327133406,1.67171984747323
1.64838948367314,1.58853953818618
1.81235334889497,1.76318957280976
1.71421507375757,1.65784758231162
1.94812875059711,1.88873008990574
1.66317294974016,1.60050155253873
1.91868628520562,1.84755660840787
1.92066684755401,1.85070122658522
1.8730600023662,1.82985961487445
1.59825173353264,1.53808407742794
1.44792507383995,1.40309884942517
1.7008515440528,1.65442251132396
1.94349082149826,1.8866004383889
1.9068129824051,1.8501499131629
2.11043386410583,2.05183983469453
1.93116974639336,1.87730053243668
1.80386857053742,1.74611467553699
1.75616953313691,1.71060145257966
1.58590004946309,1.54109713268664
1.68523379318458,1.63945356373846
1.98240142564013,1.91559246752912
1.92576543133238,1.86439007578233
1.75730729880928,1.69165785180167
1.45056032640258,1.41263559164513
1.87595994571554,1.82342309072875
1.96454333926369,1.89902271686314
1.68764123082111,1.63340843018695
1.88151811258566,1.82140564542014
1.60233694255888,1.54370629091662
1.67429579055769,1.60745221345338
1.72644741685038,1.66867476842082
1.81260516165815,1.757847964361
1.73042328349904,1.67828058277554
1.62311796241737,1.57713040159416
1.87867942352437,1.82883776613622
1.77280667574522,1.71820482627222
2.03800762946858,1.96979597703484
1.89594085038128,1.83620668956574
1.80015446417533,1.75661222187873
1.92626163654839,1.86952893586635
1.7257608867055,1.66743925253297
1.63267164087947,1.5602578470673
1.9172057451057,1.86796351767676
1.7941829272717,1.74936097878248
1.78763544192866,1.73597369062716
1.68391900122637,1.63782541346245
1.75439084588796,1.69686462909274
1.74654755543583,1.69771134131444
1.85261135392667,1.7910453301102
1.60022819579771,1.56366138246192
1.64791085551663,1.60800630499823
1.95899668219505,1.90081640723032
1.80788672416947,1.74607295558985
1.79263753287764,1.7532760135021
1.6447371926788,1.58879319895317
1.79320945836717,1.73993916548927
2.01798287238763,1.95559083372413
1.78207067258996,1.74165325865825
1.77734435355052,1.72643462164895
1.71823137845101,1.66350190003608
1.8590871499571,1.80012885355868
2.01170922740314,1.94290128070249
1.81551742526656,1.75063305732026
1.80952980951847,1.76567092290064
1.80557802629757,1.75950867171426
1.90581418914405,1.83835783996278
1.63797091567156,1.58188757151584
1.84298172104447,1.78516180289541
1.44446219975462,1.38989366218269
1.58275630499476,1.54242984949118
1.76910418235885,1.70254422384819
1.76162751326241,1.7047970100568
1.38741435705033,1.34133486013632
1.73823085696317,1.680839664849
1.69028025747876,1.63785991697796
2.07552238812424,2.02364560698406
1.45992823920369,1.40982553700861
1.80952913574632,1.74934707189723
1.78928696731902,1.74269031309578
1.68973411266804,1.63937278083063
1.86893371856587,1.80737144385844
1.75814809356689,1.71937805604439
1.75564826514994,1.69760955031924
1.79818453342059,1.74550452352644
2.10094843477068,2.03727364560941
1.71318806803246,1.66940763712366
1.50527262308264,1.4501085207104
1.99343821445413,1.93923621932507
1.70894138146824,1.65903507379192
1.92666195720958,1.86471394754932
1.61431961521164,1.56105309739669
1.61508873981454,1.57433098499506
1.94193626626,1.89147898791174
1.88050760088907,1.81958543924784
1.91264754173278,1.86492831210421
1.63790775644713,1.58996165928232
1.98159877737853,1.92275538017647
1.42297824477916,1.37898337454743
1.9288821095969,1.87664746538832
1.81472421965191,1.76139523409165
1.79745855230677,1.74219628726654
1.76976950358427,1.70419756101547
1.69124749740717,1.65497829153578
1.58540198217879,1.53110428994241
1.67127675606908,1.64126305522889
1.67667789714287,1.62584450234835
1.74638135741554,1.697860065054
1.90796162195088,1.85201329960549
1.6235789032195,1.58350726150009
1.94278142298512,1.88961547557599
1.88282359664784,1.80752427718444
1.71030150479137,1.65910300710461
1.55466096224581,1.50544347773708
1.61609077498144,1.57076507147422
1.76789406151671,1.71169415993108
1.81676527137591,1.75519093683547
1.99776568620571,1.91535495655258
1.91123779656278,1.83172283760912
1.5865191364475,1.53864743359887
1.46763797162424,1.42433270075541
1.7168059780103,1.67567593378349
1.80268723765146,1.7566920762878
1.98040785930151,1.91427948915023
1.84594685106498,1.79636054753305
1.86400042592834,1.80553364212477
1.78590577407186,1.73036176400106
1.77084170648084,1.73224914628105
2.01246488818812,1.94940115119039
1.66351625283671,1.59186755691199
1.83161498961479,1.77985510458255
1.93991051140675,1.88310581791314
1.717995565178,1.66098143827169
1.55993582971183,1.50902933644121
1.80254011063972,1.74356743935509
1.53255753415308,1.48041387485584
1.84160934868707,1.78329761184647
1.8769023631257,1.82058132955364
1.84122733849334,1.79174558041635
1.82725975728952,1.77780724311842
1.70817453639912,1.65802617925368
1.7101745306391,1.65886724051264
1.81442339755051,1.74942590526659
1.58764941371989,1.54571835014148
1.60311262260389,1.54470319556869
1.90023233430215,1.83994985793318
1.68426092704093,1.6317152186878
1.50871747066132,1.46929185844328
1.84953992992101,1.78171777034764
1.83902493986218,1.78338330979813
1.74656601991432,1.69216039751382
1.79729167879189,1.73217736921786
1.79759524698522,1.74490821578243
1.64871696010193,1.5924691689435
1.62342507161109,1.57943552921464
1.74587507269995,1.69780300439136
1.98091442795463,1.91383248222098
1.72180341241414,1.65906812392808
1.67623491318658,1.62924437769702
1.88350946112241,1.80597868570368
1.58855451162486,1.53826982843421
1.76182341394447,1.70622120415433
1.73031488075306,1.67489681258491
1.94254273451052,1.88195618771473
1.68599778267534,1.63015818185336
1.46175749167803,1.41932232358964
1.80137165255014,1.733512485204
1.70618557681819,1.64397964319361
1.71882805375321,1.64560526506385
1.95300859768116,1.88033278140436
1.86313149777438,1.81954381832753
1.93575791720082,1.85174126339904
1.89023695669506,1.83863274670531
1.70968906434686,1.67005011684675
1.88704247758105,1.82822522138491
1.72613258500159,1.68314256036867
1.79628273923692,1.7401817176005
1.79879683048784,1.73577779167105
1.72684864479949,1.65192270422275
1.6138292668649,1.56641233031949
1.52459892099118,1.46901320200361
2.08243078106491,2.01464548424048
1.56650221359342,1.51830900314654
1.71377473150233,1.66106696517852
1.78050570097496,1.7295376640447
1.88503349021511,1.82391264927696
1.57833993807944,1.51674560785111
1.622151589994,1.56500118859926
1.60516535850512,1.54743647547166
1.60664048331028,1.56958938620234
1.84574002406115,1.78793142881616
1.63071754371024,1.58802861222501
1.84454143498952,1.7990944171155
1.9606332553322,1.88860117665946
1.82250736831017,1.77034535712438
1.85502573697433,1.80353523031637
1.79403017167234,1.73380471626648
1.7540218191919,1.69056123888275
1.74234998515624,1.66824615835656
1.83114878643985,1.78294234352131
1.90881778364637,1.84530543086702
1.69500297792407,1.64316134353293
1.7569833498184,1.68884004542717
1.8237977045711,1.76107327411275
1.73257244343563,1.67709106201577
1.96102737949952,1.90548835858248
1.76983957540054,1.7028977276327
1.80715818100401,1.76013764896799
1.69273288135701,1.65180319744826
1.99499816862645,1.93433349713088
2.03439764479681,1.95267869849621
1.86167005905305,1.8030021596284
1.8353957505747,1.76804064749576
1.80669791964613,1.75451429408301
1.9499968347566,1.89416623066621
2.04452499411187,1.97336818229882
1.84115582299582,1.77635763938577
1.81935985885441,1.77046097275034
1.7124282927645,1.66650218160576
1.58485216207344,1.53602692751434
1.75066714794312,1.70960706534339
1.72277264247279,1.66022975513751
1.87598789367097,1.82807255448865
1.54490633168264,1.49838218422039
1.74148644414931,1.70116923855682
2.11640014041805,2.05695533299575
1.96469613898944,1.90083169991114
1.4510092570966,1.41729202322902
1.77776003159626,1.7147450834821
1.85965388922386,1.80189492697241
1.72270110243959,1.674949885786
1.7664946607595,1.70388121385271
1.81470100506155,1.75329103048481
1.77390647652646,1.71673161608358
1.56746796069104,1.50233152374287
2.00719059390789,1.93398205490602
1.51956889684867,1.47206442749313
1.70795710433285,1.66673155410308
1.91157232882351,1.84670820055723
1.9403921472914,1.87048648526001
1.66487548866809,1.62558405755617
1.98714549621241,1.92120143441444
1.64128560826499,1.60237976338011
1.76153902467953,1.71081430591909
1.64244741072935,1.59110626113118
1.44306665919303,1.38968902964432
1.80344595373675,1.7558337500549
1.83073418792022,1.75882720062803
1.95783205293394,1.9023674429464
2.08937341242048,2.02036681592551
1.81088904444245,1.74930855719612
1.36992544801505,1.30841266856889
1.82610314440534,1.77212863925721
1.92577586363928,1.86696497215297
1.9546003280026,1.89074060492193
1.58783497691201,1.53353515696403
1.85536301576943,1.78642581359096
1.46686951003504,1.40244454659673
1.80748463450348,1.74741137494927
1.72002792148043,1.67288677183123
1.66924079452264,1.61909237534957
1.69363745635009,1.63070271192143
1.8973056000138,1.83334172674879
1.6112228988498,1.55020178058119
1.57634503632347,1.53091453303316
1.72518911372389,1.68058173057061
1.76188585855968,1.71135205151987
1.62822715630136,1.567947754855
1.90814079776986,1.85251986501148
1.89781654683323,1.84331545651582
1.87839478313863,1.82707256618693
1.66067363535499,1.61203817869504
2.22411759439223,2.15795598104961
1.85636564190645,1.801531838432
1.64398759524346,1.58377924787353
1.70046788654944,1.64979659156552
1.67835576934751,1.64263743340621
1.54898171384785,1.49778170871051
1.81984209913181,1.76588429328206
1.67393057109461,1.62528955883805
1.63241667782974,1.58656186479459
1.88419368007326,1.83150575593037
1.67588903658071,1.61628033096312
1.77973270939128,1.71984665423123
1.65471697658424,1.60252094622532
1.63865850800846,1.5879321131459
1.67092780072218,1.60435975533669
1.5258150220289,1.48147431160438
1.87386274802682,1.81493150747848
1.7321660945896,1.68390812077093
1.79878282533715,1.74010596549208
1.81890803643037,1.76506625280932
1.61053244643181,1.55392089661598
1.58660380812278,1.53407253203747
1.7524759538969,1.68659659347582
1.67191003441682,1.60240821725596
1.7897064230819,1.72487273235254
1.96722290423443,1.90743639993892
1.97063846917307,1.90690157548017
1.64603827825904,1.60030493963491
2.04835223658317,1.98361456911623
1.82265363847311,1.75992994031253
1.54579211963659,1.47835970434097
1.42439745259289,1.36194055083945
1.84315324407573,1.78562737597967
1.8480325638239,1.7906452301255
1.96621367556248,1.90167087339812
1.66110130129844,1.61097331271967
1.98234129235028,1.92799632957962
1.8260224787915,1.76598878888292
1.71167572590969,1.64774759189434
1.78558645989075,1.71817442526793
1.54379441099124,1.48033780497782
1.58571162291457,1.52838819858916
1.87486188557414,1.81942222492878
1.97338719572723,1.91273611479753
1.5980500842601,1.53562318828005
1.94536601700986,1.89754559457559
1.72603240475373,1.67451564265365
1.7830457295963,1.71694445105781
1.71916224572487,1.64844057369816
1.68624056961738,1.6218863448312
1.71709086589451,1.67345007389171
1.85500513160326,1.80792521512651
1.73547679065072,1.6785248757136
1.47065964279684,1.41803401703292
1.97298803068492,1.91696431146435
1.84837458498561,1.76345769403236
1.97364138958685,1.91666370237545
1.8457896000139,1.78410091841089
1.72180487443791,1.65229303299829
1.50517600464845,1.46323302379139
2.15864624963388,2.102104604805
1.81343375191993,1.76922361467964
1.98569870725621,1.91672345615814
1.76142099521316,1.70921095767419
1.97451149207432,1.90982458612649
1.79977964846147,1.73621352214899
1.648135041444,1.58980267120941
1.58666408841301,1.54360481479787
1.70610237655569,1.65256515828692
2.07326263611235,2.01039906175858
1.69533137896966,1.63993657831903
1.58515140176281,1.52226285734313
1.75499864616616,1.71342331412261
1.7977208797748,1.74858462753022
1.92027478515077,1.86745045264993
1.86691501555732,1.82689892734458
1.69252706281603,1.63166874674973
1.93564433267895,1.8766092108744
1.54840706792126,1.48051904909583
1.46389532060895,1.42808906913399
1.89518860413555,1.84093611056688
1.59706957080066,1.54746629473739
1.78933801154947,1.74044174632858
1.72402529357388,1.66882016538005
1.84095492855138,1.79498468364791
2.0338145142711,1.96521503951674
1.62725828050411,1.594940278029
1.86854617117198,1.81746183030003
1.65486910184157,1.61417249415684
1.80629238292578,1.73068019976626
1.94213857604345,1.89081380848526
1.93394276300148,1.86988917812493
1.67178528554171,1.59882400248882
1.82590570606699,1.77635035527639
1.85606669382608,1.81372599077667
1.9303837379909,1.87796853219787
1.94479771200189,1.87356287587128
1.80605066027594,1.74579239032606
1.7542753205838,1.69831207986159
1.85072106409161,1.79092612944446
1.96638206832468,1.8870833961836
1.64081551461917,1.59897732071344
1.5772407170086,1.52978678609903
1.71478549716828,1.65235214390659
1.76875483657326,1.71881852085764
1.79400499608747,1.73883615638091
1.70092044034708,1.64049113465473
2.15007372522547,2.07183194651688
1.94593716356395,1.89246209522932
1.42886142480117,1.36864225096917
1.70202332940928,1.66266533157793
2.03692207904507,1.9679942837108
1.90613684654247,1.82996326208606
1.6088549524775,1.55670659649407
1.99607944432976,1.93430966493831
1.99089396165288,1.93507184694318
2.1742224851973,2.10989526421719
1.78919261328795,1.7461759754467
1.71782883633446,1.66644077598571
1.93143450493938,1.85840049030974
1.68935580714329,1.64431734803423
2.01969193775749,1.96525202287623
1.89634056178281,1.83860195529036
1.62565045119349,1.5859089174254
1.7637971906974,1.71670735141465
1.73167767450062,1.68619159370596
1.87082704664174,1.82352968440406
2.06635114639845,2.00690252247345
1.67146440343601,1.6199232315605
1.94137088961231,1.89161132964875
1.67526303048882,1.62508536860951
1.61572939692613,1.57172514226933
1.7713765107272,1.70267393870649
1.88277442368549,1.82537946087733
1.96879764629901,1.90962665311208
1.86274818629301,1.80721013607346
1.73572417667703,1.67522851482252
1.51161854368095,1.47178314728685
1.73890216516083,1.68832789524151
1.76607255828344,1.70229589910812
2.04359971710915,1.98760222130303
1.6033739310238,1.55651219581035
1.64942141973401,1.59422716158129
1.69963394680335,1.63666307695848
2.03858952242309,1.96079790276492
1.78769787757552,1.73251767895959
1.98282395892396,1.91294876260849
1.7949048467652,1.74909225913605
1.73985448524567,1.69929213450682
1.99810974568366,1.94370953525194
1.6039937749712,1.55902527513741
2.09800434385299,2.02460523145586
1.82873832303788,1.78167084635403
1.74012310718347,1.68665886806435
1.72359752048046,1.65814390951728
1.92649945954423,1.87097016497731
1.82553582757212,1.7726873107167
1.74863551186387,1.69846329312809
1.83480489784566,1.77018233236884
1.843341396046,1.79992026806504
1.52880320165753,1.47656990013765
2.00446327121253,1.95614656718522
1.80295735367168,1.73230521830134
1.98434538455285,1.92084778928535
2.02599384436634,1.96402233890663
1.81194901497586,1.7658073924961
1.78346712180063,1.72843211600465
1.81752655966576,1.75079624061562
1.83029466178596,1.77090265320365
1.73904888239797,1.68071869814195
1.81367378810842,1.76453614245664
1.99451357966106,1.94106318559991
1.55572039083372,1.51267393849441
1.81649053062464,1.76025106539121
2.05924859508699,1.99275343522586
1.67967584557265,1.63298152247254
1.88985090925483,1.83080547740423
1.8696431710624,1.81006118250642
1.64261198548517,1.61137560685209
1.88777171837434,1.83693985304608
1.66563208834466,1.61339622866652
1.72769771600361,1.65807924255864
1.76712561213135,1.71871033570091
1.82443488255277,1.77328207283477
1.89958146426806,1.84769323231809
1.68458232247423,1.63950908335456
1.74875201627638,1.69526094171019
1.57222503051547,1.49704722914511
2.06243953756081,2.00314031923997
1.90259030369102,1.81872359773649
1.93157829119593,1.86252766984056
1.57729007438209,1.52956495267692
1.83637128640845,1.7763629043263
1.78104418139344,1.72703397724212
1.74778595662501,1.68276835067402
1.9307646378932,1.87148571525203
1.74599899519914,1.69582832163074
1.70796468153323,1.64054629382136
1.47478290477346,1.41914838076576
1.83280325151161,1.76480877354334
2.08156488482095,2.01509917811199
2.1352407551801,2.06892094806317
1.83147040080216,1.76395020847355
1.70721006719907,1.65505210312688
2.00026248526987,1.94398786123978
1.81168506662514,1.75167066417471
1.95821572221142,1.89713163910393
1.35751469453726,1.2967283883319
1.86401617964877,1.81064618030175
1.64437094049156,1.58877387571486
1.62681061239117,1.5591768479414
1.89670640099934,1.84701275798744
1.59196129894315,1.55278937203699
1.88251906118841,1.83633663130147
1.95562921629474,1.89446981618493
1.63731015300098,1.58709071338039
1.86964339363381,1.8086902235194
1.75688814653969,1.69821078465104
1.97134308990874,1.91510236456083
1.50551443239383,1.44806500860087
1.82913388262888,1.76838791255466
1.6317634977743,1.58591599230414
1.72600643127942,1.67233381140041
1.81240744252588,1.75020998821368
1.81142986754287,1.74569922424256
1.74382047538189,1.69022161483832
1.82055300176547,1.76949762818065
1.37270474212867,1.30618612610524
1.82290913133224,1.76011523099771
1.98637887466048,1.91568380555035
1.92272121256544,1.87277301390111
1.95070986059252,1.89102947473596
1.83651726569251,1.75385153671854
1.93461820978351,1.87828666901432
1.66653044890379,1.60885498966802
1.81179509598422,1.76129973766488
1.86356205867139,1.81453055918882
1.72246855682585,1.65884374885404
2.10708877367593,2.03138029547705
1.54726606427057,1.50283290703927
1.95755538057684,1.90125054906271
1.7229634481942,1.67045504797224
1.79038820812819,1.71530501992786
2.07729438512472,2.00633718893937
1.51809165447129,1.47404246268492
1.51396493480644,1.43979725774948
1.51446833018154,1.47434584371486
1.79089294839208,1.74307632189019
1.86807736493044,1.80929117878603
1.95070368526589,1.87423658001648
1.82039341997102,1.77030811621274
1.80474341432623,1.74003737270139
1.54329870696237,1.48845170203768
1.77425430914242,1.70410260437429
1.44777022391007,1.34647638606185
1.86289402935255,1.8245223466465
1.77974393871168,1.72965450769195
2.03385874551069,1.96889382257225
1.93122793156869,1.86330118211554
1.74619868751919,1.68897876803673
1.59975881311886,1.55999272732867
1.87907320924055,1.81341541964887
1.67103596739689,1.6167597696653
1.7586241289683,1.70059691155286
1.82904775815021,1.78333792468517
2.01019520941345,1.94485301510324
1.7512467777447,1.67492871539701
1.84192427524978,1.78740409111419
1.7641371945106,1.71875792952584
2.03469646428179,1.96586816763796
1.87826396007559,1.83395770270057
1.60629295126017,1.55859633277212
2.02404583555648,1.95350735905959
1.7261445449083,1.68158579994555
1.69562454764615,1.64624064073361
1.92348696044689,1.87542140307934
1.89183748603718,1.83603067687423
1.7886201261085,1.73412149210891
1.92834712301044,1.87054002412943
1.78585845400916,1.74142156211555
1.41341269968647,1.36108910388275
1.71612888133033,1.65413534151059
1.70157994299357,1.63769852020384
1.84388059516066,1.79468274399796
1.6452188334248,1.59234155987911
1.70758683163001,1.64921487772297
1.69955711685041,1.62985371958465
1.85170698209148,1.80376950701774
1.74867749258997,1.69245992584443
1.79330129237579,1.74829422356412
1.49606062858948,1.42435592894505
1.85759324724041,1.80495451289224
1.59659055807599,1.55015276313172
1.94112723324316,1.88352885584216
1.83605163840652,1.78477549632173
1.86490914660924,1.80657437395184
1.73908072065339,1.6729887001596
1.72582764643673,1.68269428150276
1.7286921362072,1.67689996341177
1.4850068704659,1.43854146386453
1.81585526235072,1.77190085816165
1.78335772109446,1.74152178055178
1.84412532335684,1.78075878702838
1.88480487035184,1.82333227912551
2.02608285708132,1.95873545027407
1.87254702876983,1.82009827699295
1.60463042691498,1.5548476743437
1.65896460599472,1.60209007570092
1.66548845196186,1.60922064467213
1.75616239536036,1.70543652534231
1.75362449336923,1.70051253690914
1.78245780901466,1.73162139131084
1.80493350417352,1.75136714869543
2.01938048161879,1.96281821394971
1.70374881600804,1.64839861571438
1.74695856231513,1.69461638277727
1.49875351360608,1.44785024892411
2.05768312175527,1.98653853018696
1.68122876458815,1.63957377218368
1.49730230108069,1.46030740387083
1.91483894390475,1.86921608426817
1.89031813867953,1.81957070692603
1.52907012737472,1.46182812899507
1.68686861137675,1.63413135626852
2.08915130983607,2.02564875982378
2.08540446351389,2.01102394029496
1.80708044430563,1.75381852889251
1.84361543802579,1.79280423839279
2.05130899888811,1.98836214420957
1.86576915865981,1.79355989314957
2.02712092216093,1.9718849138781
1.93949866770377,1.87701868547404
2.0312993649031,1.96297742411144
1.99277673838373,1.93571375248481
1.70549606337036,1.64281118464334
1.73184391898166,1.68998321849079
1.85978055565654,1.7933672339786
1.98490350961704,1.92677388767494
1.67571586603626,1.60888523033103
1.99315218770234,1.94587263614461
1.64283317517997,1.58637863560302
1.8186330574542,1.76785987235558
1.83993932819175,1.78121453850604
1.81017879907018,1.74700367648855
1.86576617462535,1.80651967347097
1.89406147031741,1.84199258220974
1.71793653733127,1.66948404802529
1.81263483981554,1.74803034687651
1.82611836223691,1.77146684913622
1.52289095632349,1.46851270005159
1.94142620293873,1.88767158190491
1.71982823400319,1.68839603885857
1.61372774385284,1.57073340953514
1.94645073529517,1.87470019597359
1.68330491527656,1.62747116031353
1.87773802427023,1.81792361563897
1.84262224902472,1.79420330132802
1.90444426247254,1.84515023786523
1.82910809051628,1.77542424494875
1.95143245660731,1.88517317399865
1.9192596097337,1.86609375527898
1.74257105651805,1.68338496781419
1.73692685346832,1.69292470476546
1.77914226225247,1.73245616427956
1.72618506581538,1.66517098719193
2.15040498170376,2.09297197357703
1.90286320855034,1.83401438523192
1.97002914816872,1.90657313160858
1.90142249329874,1.85217540424299
1.60558341585779,1.56123669851514
1.88965476866566,1.83929991343997
1.54270286243038,1.46125746610358
1.75076971374241,1.70201908075148
1.85239445077545,1.80302442054553
1.74180253951363,1.6617542218909
1.8761651324527,1.8188071841148
1.69719829992478,1.64867702399342
1.65436027164939,1.60055191206206
1.71354252007079,1.66819786245249
1.84982011849599,1.7939736997872
1.75149548076568,1.69283438655613
1.68924473571129,1.62803025709775
1.95079888903755,1.88928150999582
1.64941838006479,1.58894271814793
1.88039363710936,1.8152098089343
1.81714586807958,1.76693218517855
1.9300580443595,1.8714494214191
1.58233555175012,1.52585229711089
2.04703324169,1.9701848407068
2.017395613236,1.95738738244715
1.7844355751496,1.73321446430953
2.03434852923738,1.97381575975618
1.94432330724994,1.87509620229938
1.68674574190589,1.61345677009582
1.61548929780886,1.57620190644061
1.87310226753852,1.82736233387804
1.79049735347041,1.7153401467688
1.6406945780859,1.58484090643171
1.92899615471762,1.87100302140422
1.92105156388017,1.86840444483579
1.70850515741267,1.65268268407062
1.64773103025119,1.59681681553563
1.76732828417867,1.72407663987827
2.01649039715634,1.94879505127658
1.71711843426087,1.66304732622895
1.92548889134533,1.85937080188004
1.87148554985471,1.80511237126945
2.09750984424059,2.02548888347035
1.96095726189415,1.89878131122964
1.73717569844601,1.68377926040198
1.79897070866178,1.74532571557221
1.82867087181637,1.78263681235743
1.55264907828078,1.51141455577227
1.6650760188594,1.62030829394491
1.8486495576584,1.7960664766811
1.77729902924216,1.72418692869961
1.64514557714346,1.59506044741104
1.57427922466672,1.53004088549023
1.81516314642458,1.76179122746708
1.66276952755714,1.61622815411735
1.66543223535674,1.60965560396744
1.95436798953176,1.8998261515938
1.41253018672708,1.36371770843338
2.17981395199514,2.10392038063075
1.69725181270286,1.63879007931208
1.82561589932401,1.76916935934471
1.74943480081139,1.69094148568369
2.07661314547698,2.01419712913513
1.60699433964787,1.56727199169914
1.67901866925413,1.63422190799819
1.82300941103732,1.76398240442236
1.74906984796828,1.69413598106884
1.55761880497765,1.52077403285987
1.87104221323464,1.81928099735105
1.98104200068204,1.92308146307006
1.59830678906814,1.55012915608917
1.41208324360008,1.35292042764747
1.99463167928855,1.92523939102981
1.89463027250083,1.84239749633082
1.91894951472776,1.86326006596847
1.49347646454317,1.41221039158928
1.7082826466115,1.65649225076652
1.65520717891225,1.61308867411996
1.71415424016668,1.65353544197195
1.90454160114113,1.85395614925611
1.42634101985715,1.35110542278821
1.81087532163964,1.74008145946091
1.98904204553716,1.90775033738772
2.0327303187879,1.97377164003031
2.04091243484976,1.98213163395459
1.76430568097561,1.71313055913962
2.06080269937825,1.99913533730924
1.76643786782152,1.71202325925317
2.00964766765658,1.95310213240769
1.89612894359882,1.8235943311045
1.77063860729584,1.70780915453639
1.63432565094685,1.59767820242059
1.86054354211584,1.80440979037622
1.76430340982522,1.68913901021675
1.77424430819822,1.72484520972122
1.44017054928362,1.40485692041631
1.80229754185318,1.74020877636078
1.58312148513548,1.52305096276228
1.73865726922086,1.67509246175515
1.77557438519891,1.73380102838639
2.00468014269551,1.93732368569284
1.8948688510208,1.8279565951349
1.83357075225259,1.76878336210147
1.78754185152066,1.73812888075703
1.60979556365695,1.55082109551292
1.68233744268953,1.62737410950147
1.83314047799371,1.78716877262464
1.96796036139885,1.91970378588075
1.73955638228694,1.67482973504463
1.77825247210869,1.72192931163966
1.89653373505293,1.84312829958608
1.72592518532885,1.67913240791512
1.91975343204328,1.86836994875851
1.76798799352343,1.72368036086809
1.76194901081709,1.70042122246691
2.06591949392045,2.01345008298735
1.89018491263323,1.83520930201987
1.74553048767755,1.68487926857424
1.73293217394237,1.68292839349954
1.60201960369914,1.5511026355115
1.89410549227617,1.84481995455803
1.67010895479949,1.61265147697191
1.84479205814001,1.79981014199269
1.82386905561407,1.76481532888227
1.78699738834548,1.72807857062014
1.95968904681201,1.8996994430321
1.78601938316375,1.74055004007616
1.51093254678307,1.46866743634923
1.61738798509606,1.57111282130047
1.53586273303516,1.47488389015944
1.81182489216361,1.75804251835091
1.80517198387432,1.75024068837979
1.63725801431998,1.58341412931721
1.86252787114361,1.80508036674011
1.68447829463612,1.60964184625213
1.70895481778615,1.65218581128689
1.92382881900852,1.86568003928755
1.66220379178399,1.59852239037121
1.7981484493605,1.75204645650194
1.46012790983304,1.40136347076908
1.72168755784634,1.67170461001741
1.7866827996275,1.73227619915083
1.75396010805905,1.70869683321365
1.85559158876906,1.79509649904904
1.90809401397452,1.84944013808968
1.85111308797844,1.79217336393788
1.84102829398431,1.79047075933948
1.80230614791479,1.73362614431681
1.93065488865905,1.86962482409117
1.88807832788668,1.82291360851393
1.46307396956503,1.42004361033175
1.76027525335542,1.69747125754995
1.71686281139852,1.67008254303581
1.99075560323404,1.93297235883501
1.84824021701845,1.78762571349667
1.38757256326892,1.34527312734624
1.79667798422394,1.72268217821822
1.79765018566724,1.74356872094031
1.7226565013493,1.67901990831924
1.74971897027227,1.68436221384846
1.93925986730218,1.88464466633367
1.8925941516184,1.84450187056792
1.63641416741381,1.58355101032967
1.92988014659898,1.86519764573984
1.90578743771579,1.84363872881234
1.82465954744947,1.77373958866626
1.60756426816374,1.54023482951819
1.67430328483364,1.63150603560833
1.96316130601945,1.90534382788675
1.679024379374,1.62695200549246
2.01347296495342,1.9516342394457
1.65442640130542,1.60434685360818
1.72841464370965,1.67225416300696
1.80175447883741,1.7446380608692
1.9396974738864,1.88895031432371
1.54539903644036,1.49356046081292
1.83797608712091,1.79221191703338
1.17887707137779,1.12904052981202
1.91914245256113,1.86680479365002
1.79645162109677,1.74927180314897
1.47724739735106,1.42403692904664
1.6605313383569,1.61256627600092
2.05434848128181,1.99387356596044
1.60441715190179,1.55355504791091
1.63581951518873,1.59909014366003
1.40071003204119,1.32616745913204
1.92565994471266,1.86286045410825
2.01853689022797,1.95541173984679
1.90938249712257,1.85221556174505
1.75146957027737,1.69789569918697
1.87100463710319,1.82239481401649
1.79229727255764,1.73696842394822
1.79879364660487,1.74558113238978
1.89714285348985,1.838680660771
1.77464802083863,1.73814140006412
1.86417518687328,1.81822332648502
1.7204920739625,1.65282036381134
1.86283345108833,1.80932070561035
1.85313433639301,1.78430675050734
1.85746014223676,1.79239119532476
1.77610563084796,1.71813129655264
1.87264744223558,1.78078298407042
1.81025316141026,1.75813704329554
1.66088696405373,1.60232408430392
1.74304357529569,1.69008904365161
1.92623022988064,1.86415287488571
1.57244717521371,1.54158305844532
1.84141499750207,1.78758813950196
1.66693175427008,1.62946457831249
1.68099320829168,1.62790115516076
1.77055918007558,1.70902881517752
1.7390482112811,1.6909457722012
1.93386688692932,1.87386594955663
1.74143180648297,1.68622360529083
1.81607925196284,1.77022387645659
1.9562817869518,1.89729447590412
1.55054060034471,1.49636283734209
1.82326370466924,1.75213336951534
1.79200189425084,1.73215435902795
1.88694453774428,1.82753448197137
1.86430166223406,1.80653051414981
1.92699727696909,1.86766934727102
1.64077662299175,1.58891419019499
1.91888553288476,1.86322417161244
1.92297182365114,1.85699058933543
1.76457535556047,1.71322027038852
1.58797349949605,1.53306632824293
1.93051171600598,1.88363039907623
2.0465906978021,1.98589163596338
1.66800807033567,1.61858067444458
1.91305151997841,1.85785784746823
1.73787856529862,1.67538796570097
1.59963532975411,1.5460622010301
1.59837051394678,1.56494171668571
1.6818628124192,1.63851520192247
1.78184407020385,1.72087462308384
2.07642748112316,2.01848785050123
1.82480654713993,1.77570818013701
1.70766511965201,1.65170140824768
1.67890124667677,1.63665063212508
1.76593152935874,1.71229074295944
1.8072658643323,1.75741103746481
1.80677443543632,1.7523311036071
1.93213244864984,1.87311063992762
1.85328641407493,1.80117934415607
1.82792992263914,1.78935009987977
1.98968196796397,1.93583802442659
1.93324778386623,1.8634760596894
1.69394060695656,1.62859787694187
1.95086863296547,1.88810774480736
1.7835772505645,1.72123801072409
1.97570136187133,1.90373185715466
1.61668070516823,1.57731129618941
1.92565915938303,1.88322783960567
1.90605477621079,1.85097648132701
1.76682931877666,1.71987758060294
1.72073428306244,1.66972648906565
1.97756580408702,1.92799585029535
1.78026356502029,1.72481292119073
1.71416390030645,1.6694379045549
1.85905155045206,1.796217600865
1.857167684627,1.79649972622163
1.81891718292476,1.77806838110477
1.79060344153216,1.71204903446407
1.72089996382607,1.66281702000396
1.98317524077144,1.9274420399872
1.89518960054767,1.83512409733688
1.94249615114064,1.89006370352284
1.82936033976446,1.77152997482755
1.79277835510054,1.74068007096826
1.46444566436674,1.42671655473075
1.79234011605685,1.73745472766924
1.44380585261369,1.38925220111145
1.66761461730878,1.61447562993552
1.43232092380132,1.37610846659014
1.92294338239153,1.87083143950803
1.83288076153913,1.78072939729121
1.74382810220298,1.70487705804343
1.95038327800518,1.89417883894512
1.7910031310901,1.72073205762548
1.75784594818472,1.70329790128959
2.01058951565418,1.95108314994057
1.73425276849289,1.68038038310248
1.78534313228256,1.7353336830323
1.85811422353866,1.78735442088005
1.63281320839523,1.5673249690065
1.76942598882066,1.71727590515849
1.87667495703839,1.81196665393276
1.90711415072843,1.85466157058098
1.55793293082155,1.51168321265533
1.75856989412913,1.71673571032169
1.99177811732467,1.93618572722007
1.93753345764622,1.87525191689226
1.90675209931871,1.85158379333093
1.59416155807976,1.53540308780099
1.70666967567018,1.65512583855145
1.73566788392687,1.69114112000753
1.57571272019412,1.52616401843268
1.84899407944658,1.78261413940034
1.53361162960925,1.47788399034218
1.88236016432909,1.82049382171733
1.59884326611509,1.55912582866134
1.77861373289154,1.71967435777303
1.92197626721984,1.86585298067977
1.92303423803247,1.86773943511053
1.80002448719397,1.75135483141297
1.63950269346035,1.5773284033436
1.99206683821312,1.93422581886388
1.55660457827565,1.49320467525753
1.56297934500885,1.51049337231839
1.84484007242463,1.7863164284034
1.60429714613063,1.55895410822499
1.88599411763378,1.83283185060594
1.68650947006205,1.61149034136785
1.89134112807367,1.84560338861228
1.73698790317406,1.68491812211403
1.26460137393466,1.21496554704268
1.79962719297896,1.75614932380289
1.69394078451446,1.64454121006199
1.65380875616441,1.59654887294633
1.62801305228986,1.57237974263291
1.72432085924074,1.66892988433011
1.98939281227548,1.92211941483684
1.80964089945278,1.75111309387981
1.58022491754422,1.54338715943049
1.59318623395855,1.54431247607364
1.70947870574014,1.6671494599048
1.97125686157234,1.91642597989476
1.81762313055527,1.76229636483316
1.83291633514354,1.77846308073306
1.90467598524228,1.83634074981625
1.90475818008351,1.85132273058487
1.77843515296538,1.71020343554657
1.81532623025827,1.76800321958989
1.87794791604206,1.81561611536439
1.87583764480217,1.80860881497511
1.87408776246376,1.78786612245934
1.84726891437204,1.78797360654719
2.05275763989006,1.99465745948226
1.722531628522,1.66872951436721
1.87128505129018,1.81811170326121
1.54158025911739,1.4892938744063
1.97823092704012,1.906517072994
1.89175001687999,1.83297728577117
1.9670803350309,1.90816459009918
1.91317675410807,1.85211202121177
1.79713107800233,1.74374128695665
1.7330435997093,1.6821691325067
1.66362178650972,1.60646302428818
1.6677193073128,1.6239437306048
2.01613417631465,1.95742462335201
1.54360692739487,1.4758591291123
1.60439681374284,1.55455943749485
1.66259772760149,1.61951791678113
1.84199852188503,1.78147907988976
1.78778500898917,1.71829574328394
1.89128152556709,1.82138929607117
1.70620114759014,1.64920596111248
1.75783142440533,1.70480545144152
1.70797554396293,1.63832120103011
1.98117790512205,1.92253957562302
1.8392184356126,1.79213105009719
1.62987735397803,1.57038181023911
1.82942918271569,1.77882721992048
1.71650689698447,1.67220828789407
1.69712012656066,1.64749254786398
1.77826210568815,1.71895171824556
1.67983046106588,1.60484675268639
1.86506186371578,1.8093419326006
1.80071744009127,1.74979821266064
1.49570217707184,1.46261894319532
1.98352795823949,1.92378278336645
1.6405844680694,1.58238326089018
1.60818684954679,1.54653249628683
2.06564266352644,2.0042011183798
1.68313913462396,1.63939465473613
1.56463272505242,1.4880292904167
2.00238959480427,1.94073724007959
1.87040220807795,1.80518418951268
1.90720499365739,1.84675367533332
1.71124087736692,1.67847447142013
1.5645666768057,1.52167547777351
1.97964018053765,1.91488478092583
1.56845561575066,1.51597514685005
1.8129142406769,1.75732368212996
1.46722006302579,1.42712844591116
1.66509233152867,1.58462778481537
1.93717670829861,1.87420648084644
1.86277421604749,1.80861752857997
1.69246389080893,1.64595764721267
2.04097225270886,1.97450504247589
1.83113309055863,1.77051560993148
1.73094337036006,1.65925754322305
1.65285984033243,1.60741394906461
1.80061755775991,1.74012724993615
1.86787253424076,1.81419660157538
2.0784497329189,2.01362999738867
1.60819171687431,1.55761567111657
1.59830828068225,1.55359698975901
1.7009677026911,1.64874541371862
1.77271581314672,1.72047635587786
1.55190024384666,1.51620037910436
1.73527710706473,1.69215108064907
1.89642700006228,1.84244398778276
1.57205294531101,1.52452057330691
1.64620472035436,1.59665571629776
1.50820799989778,1.44593632167353
1.88932520574035,1.83692518678027
1.78679543050801,1.73613223218907
1.6732780030658,1.62395720268867
1.68261263892208,1.63131512704811
1.79875298542522,1.73535403418143
1.66799317444282,1.6315706646704
1.75620088301751,1.68968455969953
1.78845792376908,1.73702548059361
1.67879713212975,1.62963480737849
1.81924274310878,1.77321036694184
1.83975638764768,1.76831316920043
1.76181240711064,1.69307961413913
1.83517168772868,1.76749484281508
1.65858740753327,1.62047130249533
1.88097664375852,1.82612684252702
1.93204817774011,1.876150899845
2.05517637021328,1.9913888656656
1.67336062859307,1.62088441801888
1.72610096584353,1.66956518081704
1.97318656000756,1.91710753219759
2.0057056590676,1.95142676319719
1.99860496105161,1.94417326626855
1.9304635756171,1.87276031271301
1.53180124358738,1.47215036111835
1.61790958212539,1.56620347608066
1.65544289637149,1.60485114825101
1.75838878155265,1.69806450942381
1.62449808598919,1.57360195320685
1.62516438415296,1.5650376131867
1.94508671454296,1.87284995753524
1.89064569055857,1.82442113588988
2.09718334119734,2.03807225181304
2.00591072312294,1.9423279884522
1.74884803073613,1.68111516533407
1.40629878405204,1.37039402631824
1.47663253937682,1.42515002396957
1.75911101570963,1.70682888243113
1.67630589429854,1.63293102792951
1.58580902277438,1.54506156889257
1.80099738608462,1.75424821619337
1.8151951393032,1.75559491937872
1.71768600998663,1.66064337638701
1.669568409059,1.62656595771826
1.80326447384414,1.75618399243565
1.53401887641251,1.46881787542742
1.60174968535521,1.54394772168411
1.81265832263049,1.76716053935275
1.89790956592111,1.84486891370088
1.66200972301584,1.61345917384728
1.93068340431785,1.86693052226611
1.79123624065298,1.73262096045925
1.93277231637891,1.8742786333343
1.66701257132845,1.62079677475401
1.90767338238235,1.85772931263505
1.69968153991815,1.62869935852974
1.71160538376917,1.67764422749187
1.83725158570073,1.7843711032874
1.6758411323568,1.63537059516648
1.85087171844571,1.7811631183972
1.69635213897667,1.63761406087765
1.41651420804849,1.36456299439634
1.81639359690446,1.74845602595053
1.956317471471,1.88790412927481
1.7921859171221,1.74632670136172
1.81923896527658,1.76821768486835
1.86016293946242,1.80236835202135
1.94162687500574,1.88474902114748
1.80821232898725,1.74081641722458
1.99203783610316,1.93281113922118
1.93582055486679,1.88088877940299
1.83358691849135,1.75759856645842
1.42662255661795,1.3892915056633
1.70686285722655,1.66424017315686
1.77182617597078,1.72716005285434
1.75644059267801,1.71162557592668
2.22661468890622,2.1581352017591
1.92865414698699,1.85933453207685
1.59216864662371,1.54837128294085
1.51055997627186,1.45747347968524
1.8694601120242,1.79032656852556
1.84986990208817,1.77436531451709
1.72990864544145,1.68781792338189
1.60410743223553,1.5631149582363
1.67479864420107,1.63989777308492
1.73435360688715,1.67821345637267
1.57464909092287,1.53094548524236
1.55041261502632,1.4985214169331
1.91344497227869,1.85989317280821
1.62906468515564,1.58211392091189
1.89208255257926,1.84139754869896
1.78270303678245,1.73587415623918
1.51019237582834,1.47169525251781
1.83323526669836,1.7948699825124
1.72195337354822,1.67293627657375
1.79205953398533,1.72588848545609
1.77850496779037,1.72002574934531
1.50402819252556,1.44988247338374
1.70839360577527,1.6568706901897
1.63269755682297,1.58082644035283
1.71057132212091,1.66371426488554
1.56437794468926,1.51248667109423
1.75900202973315,1.70232717619783
1.7489961991932,1.69983877561387
1.90446349467287,1.83276332433066
1.92451893458907,1.86720411157938
1.61166147327986,1.56317557601614
1.71129474742169,1.6605936818177
1.630527838705,1.57828352095466
1.6126023385062,1.57235847549008
1.81513829253212,1.76218312585212
1.81579549389337,1.77000090368631
1.64720609878556,1.60171280016153
1.85157571223239,1.79057995448972
1.78461278908812,1.73511111155298
1.8007179158051,1.74998718399998
1.7591730193235,1.70566977006758
1.71172277474502,1.66608268403376
1.54600153701282,1.49852836948849
1.58132499446199,1.53846257466689
1.77325110731036,1.72480378051236
1.68069042331423,1.63579659170414
1.652006485965,1.60534706062371
1.95248130134824,1.88700503955279
1.6245009682244,1.5719539891047
1.5166013098618,1.47685082729667
1.5557129370805,1.49762370694184
1.52299866811145,1.4752480049892
1.72474147892489,1.66274469276051
1.97133290694124,1.9051957974629
1.98252207594474,1.92067062447379
1.8858250796044,1.82963407675886
1.72970985130906,1.69127767265661
1.80198622790052,1.74686093427474
1.72125227416276,1.65900187240576
2.0550331350197,2.00148429690833
1.8026942170111,1.75367565816946
1.87271070773036,1.81630673511262
1.55326821968098,1.50676556993908
1.74821067671118,1.68165739630079
1.72779240891679,1.6923492266208
1.77755934331878,1.72434738777682
1.74470310744948,1.68623296884757
1.76446267122219,1.70131755668803
1.73305454490257,1.678998480558
1.84597706411384,1.79254629846885
1.80924175549578,1.749160783167
1.63535922409917,1.59966461024385
1.72302132697785,1.65849992023416
2.02171367849909,1.96535061319147
1.76501360650556,1.71748592176778
1.65275867977123,1.60161164203121
1.64678870125102,1.58465975689573
1.91833109500197,1.85877636013771
2.07562773478408,1.99632723456377
1.7397065543418,1.69153917899664
1.66621067118101,1.61793600297284
1.91255451689905,1.84904001553676
1.83452831607356,1.78868151507925
1.68152411320412,1.63885572278738
1.60027649889473,1.53565373803715
1.91012858056908,1.84899562794168
1.7513419671259,1.70154128146913
1.79794846028124,1.72591573058404
1.73891132757003,1.68376208796162
2.0304069787729,1.96100631771382
1.75901575549714,1.69593782744683
1.6020056547279,1.54236947637446
1.71079688661517,1.66023551515046
1.7652821021308,1.71484962615875
1.67586749107115,1.62781336324104
1.62838337015789,1.57332120417901
1.80593575655098,1.74961100395592
1.658554729722,1.58536654370881
1.71135848632379,1.65880894255127
1.86651839683814,1.79497049859868
1.7000976355904,1.64930080469009
1.7060779324894,1.6531570273505
1.9464866866497,1.88347495225566
1.81292829968885,1.76047859226206
1.73659595862253,1.66624706998081
1.83466323013805,1.77671273887495
1.55199118494689,1.50444474661056
1.91067014083174,1.84939841682163
1.71855266855851,1.66682909647839
1.47279694945105,1.44032448046677
1.83548896061278,1.77334192829795
1.8248185215956,1.75725458073764
1.71694527588031,1.65980532532361
1.6819542678373,1.61100458061383
1.64007024891925,1.60013721318827
1.81065703286613,1.7514005865426
1.50446896765149,1.46060894150459
1.85287156151526,1.79516864711197
1.86614229643816,1.81007513555288
1.75539371562097,1.69706486503974
1.62269045632565,1.55998152494294
1.86664771919315,1.80863562227446
1.66422283357598,1.61394427839096
1.8694723457843,1.80778878773503
1.65372513097755,1.58813596223932
1.75657283395468,1.69988787865532
1.738824226206,1.67187449013425
1.98556074904428,1.91759163494779
1.8571375783979,1.79068557002732
1.90955611350321,1.85839684515304
1.70624883864375,1.63520820417683
1.84375054910915,1.7936292079114
1.83892264218088,1.78245766225622
1.89650219739966,1.84077078822343
1.72859274301639,1.68764594137022
1.84149963900849,1.785749390976
1.60584039981742,1.56268870164415
1.89780391520318,1.82825379376986
1.70493274832056,1.65349408319742
1.82232121380499,1.76382645605919
1.6854763787836,1.61859383636032
1.64864311694894,1.59429856442687
1.81680044655771,1.75626337233315
1.93528708571583,1.86286885024131
1.75948273960612,1.69519359283569
1.66792542620557,1.61682068620212
1.62890851063323,1.57089846654083
1.7896748796717,1.73453173137016
1.60576094285258,1.5684064462669
1.72748322636355,1.67011368629222
1.77235999816843,1.71794827815813
1.66398651783865,1.62131662608461
1.92171169191344,1.85312989500219
1.74623192011619,1.69023733261574
1.83159450174122,1.77257012187862
1.661992540323,1.6185987926095
1.6540669770299,1.59930375217895
2.00539876362016,1.9185909671738
1.81851526077683,1.76670661156313
1.65682356302775,1.61259096799628
1.6966042527208,1.62508714583759
1.83110623445387,1.78487506417783
1.800129990416,1.73568845714425
2.03520862464547,1.97673363362934
1.68373438715179,1.6352655826283
1.81749264712987,1.77360381929107
1.58556527402543,1.53588641849524
1.85651285890391,1.81142945330603
1.85436218522161,1.79661635304766
1.74669349896847,1.66952563705059
1.83192253498612,1.77800591751833
1.90958319281262,1.85969128310958
1.76759557520363,1.70499503348681
1.92458226591815,1.86171962304684
1.50315052157846,1.45349587433941
1.96515658700274,1.89151108054844
1.78639285372601,1.74216169405376
1.7003765995742,1.65076304931738
2.00871794845345,1.93698724802247
1.43566911189015,1.37010067215264
1.80344120658958,1.73730961277866
1.83245404807639,1.78653965231282
1.81238211097598,1.76524862219667
1.81498099751052,1.76122636511632
2.02676368066666,1.94709899017958
1.67479492889342,1.60051578676486
1.8800975677752,1.83194560933252
1.82129730038755,1.76052774156156
1.70407708079755,1.65473863846948
1.36969858080342,1.30843686738621
1.6316274819767,1.58703060856766
1.88560895935873,1.83750892614042
1.68292338673472,1.64524927419655
1.87746675741522,1.81456608658559
1.78923515486326,1.71476371832378
1.71266932477889,1.65877897393437
1.89098906349096,1.83603151060176
1.87505928849311,1.81924721924338
1.87115232548579,1.8242861132129
1.89214869708484,1.84088732377286
1.70371254995096,1.6577552928896
1.89830642324408,1.82713195891383
1.85144779418367,1.78949745581514
1.84007000880356,1.78477678189549
1.79511428564375,1.74331531372059
1.81540042079853,1.76743862456071
1.76864684378841,1.71831923552275
1.82821706645591,1.78730000863858
1.93722550854505,1.88217298322156
1.97430739842682,1.91387518847861
1.72319947356618,1.66464356442926
2.01954019363399,1.96106239823497
1.6281320836838,1.57061275498835
1.7404285871646,1.65145318375374
1.94936766467513,1.88756005313404
1.82677698203245,1.76620315734144
1.71630656587006,1.66271889571787
2.04656414090057,1.99609372762475
1.97612092513557,1.92758379667702
1.31531263072525,1.25716972348039
1.84518280258435,1.78255647145319
1.87001798743007,1.82094907593426
1.64330512085122,1.60082508393434
1.89767620641899,1.84500076902341
1.83368798106795,1.78010012320857
1.96983525876089,1.90050472759799
1.95192799843923,1.89775149749003
1.84188339399421,1.78909190716603
1.94812002796833,1.8743559387845
1.74397252173427,1.69686155586185
2.10180141958959,2.04006027030958
1.92077722288034,1.86399690776004
1.83594119437749,1.76157054348324
1.84498830154809,1.79577824179155
1.74769078170596,1.69275822990251
1.79616228097634,1.74624255400324
1.93036363449752,1.88207039792648
1.67766411628431,1.63922031797023
2.0626301464049,1.99969844298604
1.59207388143871,1.54381222123705
1.65752352483401,1.60210824517625
1.72725489223642,1.67011222818887
2.06388823673636,2.00041718766497
1.77175064828007,1.71344623082708
1.54131326083525,1.491140563401
1.97116935209643,1.91184494206116
1.66819144426019,1.61121221080005
1.59373668763842,1.54363369047072
1.84916467437901,1.79072647529357
1.76644632321329,1.70810844134399
1.98188556220995,1.91356288458119
1.66630617213559,1.62577682501103
2.08312965740848,2.02062259010318
2.00542126197823,1.95215993403266
1.64953679714106,1.59322531008956
1.68321466731133,1.63463025483035
1.61701617947631,1.5556266072154
1.80306731334444,1.75732420737222
1.91697693432699,1.85461802007788
1.64915883832436,1.60865810231419
1.84447802684718,1.76957234069931
1.83852916228586,1.77715287409535
1.834113040769,1.76071678685695
1.63388128845673,1.59164320707386
1.90225411768063,1.84509401375654
1.84742490634067,1.78317303379285
2.01623693138917,1.95380356048255
2.08541688866907,2.01449555223826
1.74441259526313,1.68584995986661
1.78387442572483,1.71330234820902
1.82626061745425,1.76276866207986
1.7777036720009,1.72481391463886
1.56958529015751,1.49114085498727
1.65565459953823,1.61837937363214
1.71014859400313,1.65032731146252
1.84770126782435,1.79317475237002
1.82504156341737,1.77104655206013
1.95352672759226,1.90318019400591
1.89720908199252,1.82906600667753
1.51148259512212,1.46058077313239
1.68061982705115,1.63834624812086
1.82467690517633,1.74624144799477
1.69612143515029,1.644163840747
1.68027986651436,1.62510317472266
1.52926949857219,1.475021681205
1.84247155380394,1.78518495127691
1.8580643045737,1.79700049471214
1.79285089835802,1.73589500159082
1.55705994554482,1.51573661432211
1.98164024183757,1.90506326436476
1.668076227805,1.61419906917786
1.89648826355984,1.82965089691211
1.71284157472478,1.66831694973113
1.66138326742955,1.60135915550796
1.98691339355297,1.92590447036875
1.31419142918003,1.26346402089397
1.72936671251359,1.68087659798803
1.53282892233765,1.48691140206852
1.62640310022078,1.56404645602977
1.89839709219399,1.83019475280585
1.73834726937472,1.6806474585329
2.07592974351702,2.02301168459072
1.8005528104922,1.73408950096683
1.92468301925839,1.86908225639348
2.07770378960912,2.02966934455563
1.75726038404914,1.69545599196526
2.05438335807321,1.98695017828945
1.5705024328082,1.51349185762287
1.74380146550408,1.69367492610604
1.81122433135864,1.75857274988308
1.58328821157216,1.54302063373911
1.77160168305008,1.72136398032541
1.71066774932741,1.65857421488062
1.76038519241219,1.70067890915456
1.83583020061549,1.77239555432468
1.69151245321365,1.64112797055248
1.72817661828181,1.67270971743391
1.72602037946362,1.68310642395506
1.62470220428486,1.59024350081868
1.95677940181213,1.89951763512516
1.73451154481335,1.69004524230582
2.01007413539703,1.94920141492308
1.63198115687312,1.57527137010062
1.94329015211381,1.86786116596069
1.83646137586864,1.7868133999222
1.56654158963896,1.50607949725479
1.41486271807395,1.35453432808418
1.69473553630056,1.64068348395245
1.94771575009643,1.8932336648491
2.12076574622073,2.05454124670779
1.87694153415795,1.81736025646662
1.81290913611887,1.76242232014048
2.02963791095875,1.9777396770084
1.5068983605475,1.45439891074942
1.94751126557316,1.87590106456534
1.85689376215982,1.7834739407678
2.02789046563241,1.98199420044019
1.90813611604997,1.84718659049753
1.77185940979146,1.71632147875598
1.34338245489504,1.27701350997157
1.58106470000372,1.50793764994893
1.93949982681894,1.87724787169705
1.96152254426827,1.89657400173791
1.85178691395848,1.77844891051189
1.20670780920877,1.16032660725664
1.5186430417159,1.47839018730489
1.86578077494667,1.81495165191106
1.7183637332187,1.65261533917145
1.67579726978811,1.63232861228774
1.68662073142891,1.63804662297552
1.84431356089545,1.78492072364694
2.11162038992166,2.04842649722727
1.77888276558317,1.73549179111923
1.99615749230339,1.94354631663418
1.64417158783345,1.59076127275235
1.97348426100637,1.92129194839721
1.69347510118754,1.63203866109184
1.75159703848732,1.69177476271735
1.88986518553146,1.81715705705967
1.52540418668811,1.47923921126748
1.74973261958052,1.69961251743998
1.65823784028677,1.59835099903993
1.95321336487759,1.89059434323009
1.87605729329784,1.81482413521142
2.03396849741367,1.97439592098822
1.36183332181776,1.3216994419097
1.87265017480076,1.82767104944042
1.7571720532685,1.70815712716636
1.79274010434454,1.7365783394967
1.65860255127739,1.6074034022326
1.88946834576211,1.84059512189417
1.49966293099352,1.44311847615184
1.95088208461609,1.9060770403542
1.96291270633659,1.89901563346537
1.77800757893312,1.71958569568844
1.68808974556991,1.6428479940697
1.80185080075233,1.73050315625414
1.52286867679157,1.47274145103566
1.94695484367729,1.8882227517107
1.71559542755971,1.64249611550626
1.69488119246288,1.64933196588503
1.70034500249621,1.64275024382355
2.02285529312639,1.95934536638972
1.47837331023415,1.40854066206882
1.87341438042641,1.83070702031991
1.89604509940852,1.84512509082175
1.95118949713686,1.8863279398159
1.79447880207051,1.73758828309815
1.92344924284767,1.86110822005587
1.74818600815088,1.67518028605174
1.88630466254902,1.82841147121481
1.8720632692698,1.80612559573327
1.76045934908624,1.70389856932225
2.03340216140051,1.95216155343576
1.65743526882304,1.61115681472652
1.70025323263662,1.66285961913899
1.85858294010142,1.79231102801375
1.69019041320674,1.62928216676692
1.59464365108692,1.53184309293257
1.79730994101506,1.7415506549081
1.73153363256144,1.67505629141587
1.83677652194326,1.7877364681107
1.8714432929199,1.81654485258523
1.74408639929224,1.69267732166111
1.91757781341493,1.86339810526103
1.70501898483867,1.66253972826375
1.88450935867312,1.82822972559695
1.85067119694143,1.79516494864869
1.65738850554715,1.60763070431258
1.96441360372393,1.90487224384547
1.70426919570903,1.66018832301348
1.7687896361149,1.71025226407353
1.71637908544775,1.67039936568067
1.83653100481856,1.77595523950172
1.65192779701173,1.62092042111819
1.87074377884585,1.78983364793868
1.98905436202796,1.93194271717567
1.94988331659871,1.88217270071805
1.75330530943493,1.70048246327056
2.00532990034784,1.93991103497641
1.85747180032276,1.80241583368089
1.76479816103496,1.7257612647744
1.59643840734355,1.55679316034826
1.70534129391205,1.65398900467665
1.82179811296642,1.7648139568312
1.67355174468315,1.63054236296239
1.7837634667562,1.74533525355384
2.00712962308339,1.93982441744684
1.89125736659854,1.82511080084599
1.72417007045209,1.66334570024121
1.93931368967318,1.85803578611448
1.49028942627553,1.43850208830899
1.78251989301542,1.71988432023781
1.91199602590182,1.8616480944249
1.7033407699854,1.65539650610878
1.7817162999374,1.73187341368994
1.67320945252563,1.60833474577679
1.86004875644939,1.79381412437067
1.78272954290494,1.73461035853211
1.67277884862661,1.61354998308104
1.69534939371646,1.63379792060139
1.60867290618572,1.55832577259679
1.84740558899202,1.79284040376221
2.01697029601805,1.95808537734321
1.74304257343725,1.67365396169411
1.67851296379719,1.61258008383238
1.69545078225818,1.64338123360247
1.67890277846849,1.6374094130679
1.63540109199973,1.5672329410255
1.75543950992298,1.70203376174237
1.81098350115617,1.74044070135715
1.88925130722478,1.84029857767061
1.60177018754394,1.54570674987393
1.77890768614472,1.71883038183587
1.71317790266227,1.65068086833808
1.5436078866748,1.48818609971144
1.93423299156254,1.87286736262453
1.84198875170489,1.78917540728658
1.74370485148996,1.69532510693231
1.70577670325945,1.65963753509502
1.69000388700492,1.65139859908534
1.62098952408884,1.57161915782171
1.73204201153936,1.68000074283423
1.89327382779534,1.84883652924681
1.81068117851316,1.73571656492158
1.798024925025,1.7373765882591
1.80459713408856,1.75739724869699
1.63963067532737,1.59539231236583
1.91293701371933,1.86029131811383
1.82356046654346,1.76695168778426
1.8410644784066,1.78117928757424
1.88728762099532,1.82124339527745
1.67554761048459,1.61832141708571
1.75325519705725,1.71290697801431
2.04778664997181,1.97914542584354
1.90163733527612,1.84447939657769
1.92835015918675,1.8714878856136
1.79540557796335,1.7491116353723
1.84624977915844,1.7931253641516
1.36004352574722,1.307954454344
1.66127183742618,1.61902581995468
1.85404959553353,1.78424589337546
1.86895424313077,1.81229037868971
2.02128882263692,1.94626389561193
1.73279632898573,1.6835770753029
1.79170381476569,1.74067396060534
2.02347901615288,1.96335590270835
1.83554978037017,1.7699219697531
1.6537093937379,1.57913168900331
1.66656626712482,1.614608591615
1.45124511855833,1.40369276589095
1.64727679055073,1.6039514553416
1.569991812383,1.5134563957815
1.99219754794458,1.93816374889546
1.67050589336165,1.63492836707058
1.63090797331534,1.57666699536475
1.67174099293207,1.61225543934227
1.88210176824221,1.81000128268105
1.47801265013067,1.44063136085563
1.82090720351183,1.77220889069586
1.71160034655727,1.65601938360781
1.78419469071101,1.72840778775588
1.63713168056906,1.59246656324815
1.93129886604607,1.86473081203287
1.72807330197581,1.68300810288964
1.45936448346781,1.3977522223761
2.02917837622973,1.96427824814914
1.93385202952439,1.86594490302722
1.71117116678046,1.66276280329226
1.83024680208565,1.77393958593447
2.06586907481012,2.00375276109809
1.62971367974968,1.57789975115
1.57220602487436,1.53931557966016
1.93566960372785,1.8692351057256
1.77393994883609,1.71845883365577
1.96491166070554,1.90521823892394
1.98464902544647,1.92917277170015
1.73049750260151,1.68106613823873
1.86981081132619,1.81660621605015
1.86981435229615,1.80797349255976
1.67030971674868,1.60027912718033
1.81973982215446,1.76863413055558
1.743074086686,1.6873110572786
1.95732722697172,1.89411661648181
1.84499057530574,1.79256840184935
1.857923601772,1.77391272142482
1.90399351756242,1.83869063057168
1.75837104051127,1.68443816244288
1.91821295855901,1.84800935184217
1.51115751492241,1.4666014494908
1.8790961008194,1.83151655360833
1.78543960043543,1.72952956803935
1.71861082569123,1.66649699740851
1.98438222102246,1.92436422201088
1.71800977532196,1.6608574341549
1.90510697703172,1.82845280322615
1.80017933866122,1.74954758860051
1.597631963138,1.54536834094089
1.62718212408525,1.57781986871594
1.61865165048831,1.55142317746928
1.69291348599166,1.62731337834628
1.58004552537674,1.53061614037003
1.87237176855099,1.81725020053403
1.69874177566547,1.64712427882602
2.06849787555075,1.9943828186528
1.85786377444456,1.78726765955593
1.80871846250062,1.73999342834548
1.57780719126954,1.5178616093926
1.72068232742231,1.66580679574111
1.91279511115196,1.84266517258709
1.71838590133813,1.66648048116877
1.866920244535,1.81146118671564
2.06769416814272,1.99757271564984
1.97247048909084,1.91204133285715
1.94078295463021,1.89417099012585
1.92635587700511,1.87504033738171
1.92386083786966,1.86585988814558
1.71714155369573,1.65050124794808
2.09676506998194,2.02771154172916
1.83537862881649,1.7937319610069
1.73755121648544,1.66379241555383
1.85124973312409,1.78835843218893
1.87164789343509,1.79229103379482
1.91268328583414,1.8538891651286
1.81823563607282,1.75791038523139
1.79479330122414,1.73366485272858
1.90629460431861,1.85140942567573
1.8175972189676,1.76557468336015
1.94788399974675,1.87153174845127
1.93017717330961,1.87010466048153
1.96021484180626,1.90479163503528
1.78823346675804,1.73033227215228
1.88338495887175,1.81776399907586
1.5691304522125,1.5163936375942
1.48599743020996,1.43852205324262
1.78037355421297,1.73323071684753
1.654443785446,1.60815791245025
1.64200101295822,1.58092733839885
1.70994322955222,1.66371546021081
1.71738329496333,1.67749616283841
1.95381141863211,1.89339605085776
1.77886223490042,1.72981821809161
1.87020838240903,1.81527733352856
1.83197467343404,1.78548240519225
1.75858566997375,1.71235117318318
1.92174393070936,1.86297888509571
2.05862027649594,1.99817895027752
1.63264079689681,1.58045420624459
1.70615403478979,1.65356095188423
1.69144356880026,1.64410016442113
1.55266287055554,1.51795279448853
1.84471619512388,1.81196593278317
1.62017609123321,1.56555514552747
1.66319381648185,1.61628520361255
1.83230621292333,1.78138716402593
1.65691585819816,1.58767993451386
1.9771347076254,1.90793456761394
1.87858995583122,1.82841296193465
2.04004227539726,1.98638156972528
1.77302408481755,1.71753741180573
1.76366898155392,1.70499374641806
2.08558929341347,2.03088027844603
1.70451552547745,1.64742314894649
1.71144238194041,1.65737608670037
1.67256349186045,1.62501157200234
1.81994514484716,1.76959165015355
1.8233627347726,1.75812261321862
1.87407940935367,1.82743385940809
1.97298500629608,1.92372549887393
1.75925932620799,1.69618278405628
1.71776001656519,1.67063743075561
1.64555159443193,1.59741275854005
1.81898542422025,1.76044451497038
1.95204041023173,1.89284831716039
1.69913383388414,1.65449455532499
1.570009966484,1.52764659336671
1.89016388716934,1.82977109072016
1.66102434685169,1.61349744454869
1.66330562785851,1.61983179540558
1.85440965883735,1.8125017335689
1.9207829282285,1.86729843087664
1.92667902236424,1.86986493082105
1.69944838425229,1.66001588286704
1.69783024840641,1.62449786211396
1.89250670181335,1.81562370467743
1.44980287888943,1.40082520902001
1.59115389609155,1.53017960736077
1.67052837304609,1.62822781196736
1.86919535574712,1.82138130587913
1.73465033338285,1.69463501401096
1.41988837039415,1.34867483396804
1.66473954351658,1.61839131327613
1.8999706273928,1.82901017282711
1.99383457554514,1.93677303399081
1.78054823566519,1.73240632276477
1.77167287005264,1.71454012473951
1.54834664038873,1.50784872939837
1.91865591668814,1.86171507451128
1.73355473004313,1.69527852031536
1.53612364647798,1.48745053658341
1.70687944631127,1.66044913319947
1.86836028666148,1.81817719613733
1.75926350589149,1.72011261564728
1.73685144367787,1.68751701316869
1.57728236954507,1.53534850004919
1.87701868283064,1.81682305874789
1.7716662562742,1.71659797022657
1.66275641181662,1.61137373998257
1.7251048076979,1.66395530174103
1.79533912444387,1.72862440168918
1.67807033825687,1.63376606935238
1.72454331982508,1.67976941983718
1.93570889685985,1.88871694229113
1.98501278212498,1.93210331320153
1.69403937885593,1.65880389125939
1.6887029809923,1.63063397081981
1.85638732781188,1.80275600362818
2.11704901687396,2.0659877299919
1.8540217122725,1.79027333080792
1.86979859720223,1.81264694588445
1.47861610408358,1.41598777028953
1.62443445218172,1.58057321053966
1.89238068627022,1.83568792072605
1.64740621162648,1.60519831569774
1.6122186913377,1.53287101056714
2.01110257715189,1.95095724149445
1.70049174885021,1.63713624386172
1.83293316381935,1.77371420795875
1.91721015896069,1.8500515947836
1.95026884594716,1.88903020163006
1.59249906333046,1.53134182734351
1.66523216433639,1.60646407404652
1.72315800263634,1.671294104083
1.65478489540947,1.61093731289372
1.78576116656499,1.7373145539932
1.56165046651978,1.51455842230794
1.51005254291511,1.44296242679264
1.91498063886186,1.85418693072969
2.10701513883133,2.04441975069455
1.6253851115989,1.56567843740796
1.88830560222984,1.81605494080999
1.77238086673256,1.70748199580815
2.03212271116435,1.95831659468872
1.88949783672184,1.83337761321319
1.83895191043778,1.78143583337586
1.6044175025826,1.55232602198294
1.63828402210157,1.58486841890096
1.60773842578341,1.54982657849278
1.79815421731702,1.74995319822521
1.70836441069707,1.64039473410298
1.74654247162886,1.67294689118349
1.79373001539973,1.74455465470331
1.84876773415556,1.80586813819016
1.33069600767191,1.27051494597074
1.63248223471637,1.57642693576327
1.90490085359329,1.84880104429281
1.99077108316041,1.91709070883059
1.71221111038756,1.66251803494179
1.78082679376182,1.7267512077694
1.60954956751517,1.54796574845635
1.64344341986468,1.58520051215336
1.87639367759761,1.82545792424595
1.75545304484102,1.69961845750344
1.70981870184227,1.64589226748997
1.80169656047986,1.7508017060419
1.78595523192455,1.70925957957418
1.89360363904483,1.83791813784103
1.67908698952689,1.63043509632513
1.71485207511256,1.66391088114085
1.74741664140577,1.70206725489767
1.39092890657391,1.35360290348244
1.93279507966476,1.87854086506045
2.01362024947512,1.9524308591462
1.95798058634099,1.90886405610336
1.81306821305648,1.76090965051926
1.8869764544768,1.82890570864576
1.90680606944971,1.85339403223853
2.06202140731514,1.9861775262177
1.84372198118847,1.79066942569695
2.00534742979989,1.93611763826099
1.75682571126458,1.69600274761473
1.7755701357225,1.71493702013669
1.50052828532798,1.44595810741015
1.59972086090355,1.54097897141693
1.44154899003297,1.39820329834132
1.7235868452776,1.66807712177383
1.84599121664691,1.7895595629492
1.90005876985512,1.84354571024963
1.68533515234174,1.63251753089673
1.97759092616382,1.91295418514557
1.81232896761806,1.74809051056322
1.57273832026466,1.52208857360625
1.65597856860655,1.58702994918709
1.66883682867497,1.61118554132372
1.60073820451802,1.52547625873821
1.79373227903231,1.74414485907037
2.0550587491271,1.99775600883206
1.71935881736299,1.68502716523669
1.88254518031706,1.82587001657919
1.78058431731023,1.70423626544328
1.76868619051823,1.71407162872845
1.80594732909028,1.75917985435281
1.96688479524672,1.916328620414
1.7864747491441,1.72805122018844
1.57629835378898,1.53178760194767
1.68464582578363,1.6234334523738
1.95128345432352,1.88499696481464
1.83273876809549,1.78065878224956
1.57995867428908,1.51975415569795
1.59894657780088,1.56153189361689
1.79018178130386,1.73371196086947
1.77059404870711,1.72604928164454
1.64936433535836,1.59584671869859
1.78325544569343,1.71171535392187
1.99234993291633,1.92003713385919
1.81587577685306,1.76695874909623
1.92066473363667,1.85568198464821
1.76172974431932,1.70082065897371
1.74398431587854,1.68268092493347
1.84207020878067,1.79451653976772
1.73736221782591,1.67541202511279
1.90018548181961,1.84748826810655
1.85627042409837,1.79819337042878
1.59274400080259,1.53903219847695
1.48123139436307,1.43323761404906
1.8636997285998,1.81576168559182
1.71278685769897,1.66239393571835
1.80180407212694,1.74784822939889
1.76907626477229,1.70496064357033
1.89647393972888,1.85279763828296
1.81789032059082,1.75919641051079
1.70570889304021,1.6544970709223
1.72514934917544,1.66607395365774
2.00522757785798,1.94265136955042
1.82409082363238,1.76782157769508
1.71275350589119,1.66922992642762
1.95372103570932,1.89562942165115
1.72279106700773,1.67993841618962
1.89541358550749,1.83739359517746
1.84427513861116,1.78061160743965
1.77730395005494,1.72461398392007
2.07843479604841,2.00706988222747
1.73730337620273,1.68575255277313
1.80279145325866,1.74659557695956
1.66236190772114,1.63151296476745
1.78316146913238,1.74382652936738
1.9327110906915,1.87164042676377
1.55148358434733,1.49883799356925
1.69575602579719,1.64800269953162
1.87863667033552,1.83125179146895
1.5736644771172,1.51460093131984
1.92359311030429,1.86356818250525
1.79396166523638,1.72225308319039
1.40761906896128,1.35681974520362
1.93748832408845,1.87771198423763
1.80139452417007,1.74591255018223
2.01105649824096,1.94668573592383
1.98777876939267,1.9282601722592
1.73116556450212,1.66745082257621
1.73253365030945,1.68095652773699
1.83310905663105,1.76742852608739
1.98202298716051,1.92780791893319
1.88217579573037,1.83151746984922
1.88014639937667,1.82929778979347
1.89977146332318,1.83426108009789
1.49381175562891,1.42520819889272
1.74701181646239,1.70576767893955
1.73158648128014,1.69178449230471
1.73753562734039,1.69159353475828
1.52083346740039,1.4707541716162
1.66233651575549,1.5974194284179
1.87948779338674,1.81134874244988
1.76050385192891,1.69194730733413
1.85807169900807,1.79618297702325
1.87003982535991,1.78750306449034
1.65212003503795,1.60753859825273
1.63338436879133,1.58939001676854
1.71683956528987,1.65087804248268
1.78569751282448,1.7423968237817
1.99368894729047,1.92906829148674
1.70012417356264,1.64741201628396
1.82019444560309,1.77033706817529
1.67584064087715,1.61545877875829
1.7586200363542,1.68780917945302
1.81291647619974,1.73458585482574
1.96988794979303,1.9108668212554
1.86903365148893,1.81330037798878
1.74847958054435,1.70413888299889
1.44392838398522,1.35465015983981
1.81719571352206,1.75180669575798
1.91324074978899,1.86576522753924
1.68002392032572,1.63566930760763
1.38629300320992,1.33973726887127
1.64676016360094,1.60338743914507
1.80387337666998,1.76654144248652
1.9496308129838,1.87449410994532
1.95733462453412,1.88981545770979
2.02570539159606,1.96112955404466
1.96383717944988,1.89591855949035
1.8892813972173,1.83079753763808
2.01354459514437,1.94321452740586
1.81391338703671,1.76194162762663
1.87467327668216,1.82302994685006
1.57433499568864,1.53137747814965
2.04003407975528,1.99015152266853
2.08470181728269,2.02470917495487
1.88094352638044,1.83228255065168
1.85290902832868,1.79515986552522
1.89101490685353,1.8441735463708
1.55447594327992,1.49690291847138
1.61900908188727,1.58148918798345
1.98516563689681,1.92330922719038
1.70321325587865,1.65644016504413
1.8133105497939,1.74825672184882
1.83917310201971,1.77228587947957
1.94807364829282,1.89247312486598
1.68898970448149,1.65627945486431
1.81804227541066,1.76399746886786
1.66764466155944,1.59931241372583
1.61369714385708,1.57419293324845
1.71311810979682,1.64858553169243
1.98903761458837,1.92529710235978
1.81038018422103,1.75106405083031
1.88271712146784,1.82832179878419
1.60224632854646,1.54740076290005
1.8522775867909,1.80681192097275
1.79921148184268,1.74397942701324
1.98946300478866,1.92073976199897
1.80406766174122,1.75524668733026
2.05685210261722,1.99844005381037
2.18657345394575,2.12492073175889
1.68153314695719,1.64070705222846
1.70319932931886,1.65462845211252
1.95796936413167,1.89351460052984
1.73262229714969,1.68209759636946
1.6240502452583,1.56478084463771
1.57912695389872,1.50410667720708
1.69497536964021,1.64414753893411
1.60601839400922,1.54576587523858
1.87426836409387,1.82350471229563
1.85189388749945,1.80022951215873
2.02853799595169,1.95486609126979
1.77805191623767,1.71414988452534
1.53007125697155,1.44760720587506
1.90191637395257,1.84964329699723
1.76084590325592,1.71639812501651
1.69289804836705,1.64038249603275
1.73316136438551,1.6749699814241
1.89110124782918,1.82382820279748
1.71634739130514,1.65808833097762
1.9229488722003,1.83942211360265
1.93585914456262,1.87924171833204
2.16644590502155,2.10120887835874
1.81718702844266,1.77095588353837
1.85359037158318,1.80225087786199
1.55863553769194,1.50913265295375
1.76284453578913,1.71343195977321
1.80209658562441,1.75528027827632
1.62854923673106,1.57563637036577
1.79578250233312,1.74437410955498
1.87478834224377,1.81625411506601
2.09775247570232,2.02939799783463
1.96445489609876,1.90657645213981
1.69033874211031,1.64014743029554
1.84802709090483,1.77702091155851
1.89104967636766,1.84087344024987
1.86412293306509,1.80985698935343
1.89233610831157,1.83421126528943
1.946884211842,1.89395162936215
1.84118255443501,1.77957863696068
1.91293473063775,1.85763483727439
1.76137847122477,1.71273754918777
1.94047210774212,1.88102374410368
1.65611724143391,1.59751916386472
1.60250290814854,1.56369519429019
1.88586403213906,1.80803132139509
1.74530914179567,1.69185215479971
1.72663939882734,1.68006842852771
1.55617548956997,1.51198050953814
1.84119155436185,1.78185509622012
1.80591166216497,1.72986148582042
1.93797407604931,1.87517442265475
1.86092716412577,1.80739451145543
1.87088612140639,1.81050112491048
1.73927290290388,1.6909975493839
1.94162172629207,1.87362836938667
1.92023333305872,1.8595680988926
1.91204319018576,1.84541442513892
1.63531308969331,1.58625180451089
1.9144356556267,1.85411318658699
1.75777516898626,1.70552919094551
2.00656625020229,1.95000077907445
1.84783501534512,1.79469730864634
1.77684747013957,1.71534484496139
1.92777917967442,1.87087375481508
1.88924878698103,1.8349528753783
1.65760937268755,1.59871447913102
1.66428314811105,1.61848824736622
1.53905648695555,1.50399268293692
1.75684401605013,1.71157382281725
1.91024143389194,1.85092003694531
1.62824628686368,1.57355612207629
1.59087069979528,1.5500715602974
1.77253514098346,1.7228918038361
1.80306529403552,1.74316405313924
1.73373924692774,1.69057345753519
2.0610123435495,2.01361656421454
1.76463314714122,1.71941709239553
1.72680176623357,1.67951213913502
1.8031781070848,1.73580272109284
1.69580602180753,1.64852663360301
1.62886824266201,1.57996061006215
1.61239646154608,1.54943812145033
1.92989874845686,1.87950337218842
1.88080987425605,1.8207295002425
1.51183345347585,1.46074380756896
1.68952484748208,1.62995289189632
1.98331741214613,1.9189764200345
1.75587557975321,1.70446831261251
1.70342801006397,1.6582199133988
1.82999580341371,1.7848324761389
1.81303330363728,1.77028356614983
1.66478842569836,1.59465817647578
1.84608501785637,1.78381445427324
2.00873893699833,1.94116458080862
1.96545914532328,1.90679996524216
1.72086599819427,1.67705330328435
1.66510682484187,1.61943703609462
1.8626246242205,1.79495209856653
1.76984946489984,1.70817828641713
1.49842185633517,1.45367740228341
1.72460948679182,1.65668029004711
1.66550356255834,1.6035369189922
1.99964984143472,1.93585407276642
1.55696597654469,1.50158919800132
1.85306982286424,1.79860045449981
1.93239573195025,1.87817409019751
1.8239294054982,1.78487467656333
1.52424247518698,1.47120765205697
1.86831447341159,1.8078337910102
1.78134827313763,1.7368657889857
1.5864173203965,1.55264584570376
1.71820490017225,1.66831303627286
1.97337952153098,1.91372808317355
1.68632631978364,1.61501908094273
2.03714998347548,1.97760800625171
1.68801012633588,1.64363521983684
1.96909583345661,1.90496585163624
1.70523830562031,1.6516612899964
1.71838762894548,1.68016774395082
1.7604463212713,1.70162314877557
1.95875621081923,1.89392096818273
1.9056689775117,1.85306960935005
1.82471376378236,1.7782867312715
1.81906249289453,1.76057792878944
1.80599509375479,1.74411443227328
2.0547407709696,1.98576435683969
1.59684611504317,1.55296254063283
1.67083151088595,1.63955389878687
1.70294284493839,1.63751491445814
1.6990873589333,1.65550281698435
1.93258261773663,1.87616029427339
1.74203586960703,1.68014481080272
1.83106966546235,1.77995836159038
1.786756338373,1.72771246118647
1.73772802234979,1.70098034568775
1.75626786833644,1.69765886727416
1.86482119977911,1.81718464860441
1.81982715302139,1.77272207685097
1.31577901815346,1.25919870864404
1.58785049809743,1.54211994762496
1.78186829050722,1.69323273353126
1.67581202999322,1.6163678772958
1.99516473813374,1.94426676711277
1.79137102924485,1.73843600870293
1.92139920910227,1.8703916120299
1.91447155837134,1.85581530591591
1.59074789916498,1.51856113746975
1.8406500780177,1.78453165669766
1.86015003726788,1.79307269216818
1.63965558773983,1.59168962401113
1.55898442994874,1.50391436777581
1.67157367223691,1.62114182022205
2.06113070676655,2.00940574448215
1.68038315621099,1.62159825136255
1.95574381761908,1.88766165083642
1.65340851139914,1.61177672436364
1.67739731629169,1.62586463262851
1.63659245251648,1.58856274817076
1.60878975494952,1.55204371600033
1.62378174927666,1.57233784807036
1.86012635910874,1.81353899783822
1.74827485484341,1.69166792951613
1.90801801032883,1.84730781880758
1.50558386466834,1.44874417832186
1.74610674295527,1.69303714174803
2.13308507234605,2.07016554443576
1.68696512343114,1.64034915960474
1.86473684539427,1.80091743607548
1.7927651310903,1.74340377301126
1.97166400029535,1.91050137500341
1.89612235297745,1.8448772851388
1.81454803216767,1.7567671080177
1.86464088621788,1.80966361243438
1.5470037593394,1.49808374773438
1.76700618166343,1.69974779205683
1.93475836863324,1.87951158603847
1.63181888395877,1.55683969489434
1.56987087870226,1.5179981657685
1.85993826286746,1.80236149641235
1.61228985133897,1.55713450540166
1.52483342714428,1.47393306722325
1.63124335057679,1.57799100648636
1.59160228648383,1.55063141198085
1.82976368081999,1.76921686549204
2.00416078145307,1.93375171139168
1.8109814042443,1.76643473147337
1.84773749216877,1.79518011032543
2.09442443603375,2.03241004932894
1.87578654930065,1.82000409256864
1.80119990017859,1.75501363118688
1.65872950713649,1.61090373138366
1.97802056568242,1.93237629817145
1.6096984129187,1.56126326394887
1.81982299791731,1.76894685293317
1.70894476003807,1.64677971445533
1.68897774034249,1.6357721773783
1.89953893586259,1.8550081678127
1.85133577003323,1.80376855526379
2.09670584888342,2.0227162614341
1.78113465156769,1.71398946057296
1.96296586072073,1.88684804587666
1.90807556083785,1.84263145847723
1.58343012379261,1.54557461960322
1.42746110349414,1.39095192577513
1.81260765146918,1.76665823546952
1.74824618928642,1.70654597520089
1.77838418588301,1.73130673653117
2.09361285640311,2.0385972539215
2.02832939419203,1.97958350918675
1.80569631554772,1.75090524932561
1.62094514382764,1.58040690140512
1.18809936053937,1.14240824686498
1.89039476456937,1.82894251854705
1.88753764121933,1.83699878769977
1.75006784887915,1.68978667461954
1.75808862062935,1.69376269011839
1.50891913335525,1.4671368559066
1.87358917979409,1.82532706585174
1.69576617306476,1.64213246535794
1.89501821108834,1.83536170065743
1.68839931768973,1.6195390465957
1.65415285411539,1.6003009545065
1.54849403395933,1.50976479291515
1.69829427825796,1.64755108718972
1.73567566006511,1.68463481693573
1.57127495255987,1.51326717627906
1.5408514763103,1.48307950656721
1.91258345083298,1.85252521336679
2.0409031941219,1.97996296931593
1.68369571511234,1.60465721286924
1.75757180344023,1.69665583323945
2.06188369548112,1.99656259113478
2.02353127251317,1.95799566472231
1.8046035196053,1.7504907677752
1.8058364878537,1.75750822104048
1.74431928936511,1.6863474263015
1.91470608791858,1.85108943096528
1.75109787150459,1.70622444940647
1.8939402242679,1.82551501748233
1.96898406177161,1.9052861577348
1.83194845515598,1.78249033759863
1.8262169516806,1.76471715741291
1.82091302604678,1.77245638651105
1.70728151234482,1.64953461933133
1.7545563209563,1.69434147988121
1.77211513593407,1.72203947557986
1.93703517895278,1.87515191410803
1.50242123166975,1.44492337276888
1.93550812443101,1.86999646595309
1.67198160410673,1.60293195185357
1.69212853232988,1.64209684560495
1.45775167688118,1.42030833554562
1.83677552121897,1.76484281348777
1.64714273675694,1.58938432911893
1.88539292357077,1.82662719779796
1.6512795327489,1.59544680883732
1.87808441034707,1.81989576043004
2.12402878387208,2.06612554167494
1.84265698341649,1.78414494760055
1.94848515980118,1.89323021356021
1.45921289583581,1.39226880612989
1.97030452049503,1.89827175151308
1.7358250684529,1.6716279486616
1.76231004597655,1.70748636119633
1.58469004302985,1.53087884812545
1.89325765355539,1.83010470923304
1.74967215253891,1.68801070784453
1.66638119405889,1.61713703250536
1.75072436453851,1.69679316817279
1.7040289470648,1.63031218719184
1.8810751482069,1.820925926788
1.81345446969286,1.7668855007947
1.96921335853417,1.91789710512245
1.66859044959702,1.62565497960787
1.70639134499469,1.65754720164812
1.8749038041848,1.80247445482139
1.91531517938292,1.86222808582617
1.791407858943,1.74275738152789
1.75292325911421,1.68460339143919
1.75977147171017,1.69016280061894
1.96836050454447,1.89382754379411
1.7715686714811,1.7175245966835
1.95469229688562,1.88905473539482
1.8321196835465,1.79271989199132
1.76062966907535,1.70920397125247
1.60419525343872,1.52993376778368
1.86845149027433,1.79965594474783
1.73463191893354,1.68529786777171
1.94500130020767,1.87527197863979
1.92908631507213,1.86921019143848
1.68086033062935,1.62387775407218
1.9381250416234,1.87733877901419
1.93786125387352,1.87416748778655
1.84026923523236,1.79097924572128
1.93295342294614,1.85714545659008
1.69882345494546,1.64223688376696
1.66383210827893,1.62722910763401
1.89914210994305,1.84375469703756
2.05368197045889,1.98547409197198
1.74537096382531,1.70478097240945
1.78903743659381,1.74066248573704
1.84224742747649,1.7841387197687
1.90601129556887,1.85343483951472
1.59233536544588,1.55460060946659
2.07024203206737,2.00800732087957
1.8900154944329,1.83509998222245
1.98811209866959,1.92532964454196
1.93570615761372,1.88191627093023
1.83790601463135,1.79708645932834
1.73547909367277,1.66968564768021
1.85816347370841,1.80412151628524
1.93385338039669,1.86543280028999
1.51591727216873,1.46300639720458
1.67942249379381,1.63020060525209
1.76656481229817,1.71257934818466
1.74751318224844,1.69199035120973
1.62582492263193,1.56784732594317
1.91549873201104,1.85671950939414
1.75945349500467,1.7119005514881
1.62269143198483,1.56405665254483
1.78358634204556,1.71802312150932
1.62696307940734,1.56833287146038
1.89144310872218,1.82112907928657
1.5893948575047,1.55178622252599
1.66948265179354,1.62879726262597
1.67679665099698,1.62163940975468
1.8421753298063,1.77360030773875
1.9163104704224,1.86444027959681
1.83156564972863,1.75855829365712
1.88275575789676,1.82372483798433
1.80299624394882,1.74502076335507
1.82397890138726,1.78262541570411
1.9036176782083,1.85622320818942
1.6918388942136,1.64333959118529
1.70520481067113,1.6517646905884
1.92767508826544,1.86322779959537
1.69369037342297,1.64406087575413
1.62676328466185,1.56816988907733
1.71215826765547,1.65386986045832
1.35077973373031,1.29882593594152
1.80384818966438,1.72593555734375
1.56959562107653,1.52871535271015
1.99348924689135,1.93381976816155
1.52001430690076,1.48460489031323
1.88298300579499,1.81905840256621
1.73799349373961,1.68095085762808
1.7201889880184,1.68170127226811
2.0798810209569,2.01559843200434
1.65650254702601,1.60132223178082
2.08043181921829,2.01226015790663
1.5566216625796,1.49551557215132
1.71339540832607,1.66390442125841
1.84164476593367,1.78910427782993
1.71034867345333,1.65980070434524
1.7451334627119,1.68974784095205
1.93923130259949,1.89333882653907
2.09764287459542,2.02581998426695
1.85970242487405,1.81350028073397
1.92895828080191,1.86792498018088
1.86119627692926,1.80458875336891
1.85182607597871,1.79936995580316
1.89625285595061,1.82396484692242
1.67750464077973,1.62867873611044
1.64426360108585,1.58096641541218
1.90470735432907,1.84476801457268
1.6580701766985,1.61311842756238
1.80580797502102,1.74799539980992
1.98461085702586,1.91891242913741
1.73392098989822,1.65924417447336
1.78147665694542,1.73369413868284
2.01922833693111,1.95427001726968
1.84613499541156,1.77234915663036
1.62395128597002,1.5742929977977
1.32695171816307,1.25809830304512
1.67064738223467,1.62175548094099
1.69796035509291,1.64463218172193
1.78527088099021,1.72284419278633
1.58619657333496,1.55112268203268
1.67081706809502,1.60563646262685
1.71579477986022,1.66716325164209
1.82670776053856,1.77433602785388
2.02597827348514,1.97517813888284
1.93850747469516,1.8839307284834
1.60143110932322,1.54704300195295
2.15149231841879,2.0858362102313
1.7746477713386,1.72043370629929
1.76263788138547,1.68981419173795
1.6121640542659,1.55471617161305
1.53792464240704,1.49564304043572
1.6442752089756,1.59578970457954
1.96614655944606,1.89867543703404
1.74684659091103,1.69721076520183
1.84088901746914,1.78639228815197
1.75547253148008,1.70653790425625
1.7857367571595,1.71915755126727
1.75734917076963,1.70412233933707
1.6292567810925,1.57404476815382
1.71497634195744,1.66738070722146
1.63493711490305,1.5809199775394
1.90069233763835,1.84891517516106
1.5080745311066,1.44563958954502
1.71567895652208,1.65821838865504
1.61505194264129,1.57610968646383
1.62705984832547,1.58170867772201
2.04282930603559,1.9624244522394
1.7581344813837,1.72368191296455
2.03564199911477,1.9743575116771
1.96596083929736,1.90612272734723
1.84167733483647,1.77750311865203
2.09923453154526,2.03589689714167
1.82556628085195,1.75587533727505
1.85540979174615,1.79423784166796
2.14910904350475,2.07804875218269
1.81497123045307,1.77418326720826
1.67352871340502,1.63078460998026
1.7095440832575,1.6546757043136
1.57321296273826,1.53633435622491
1.98007274049159,1.91901398151838
1.92555561757658,1.8655238246905
1.70109795871277,1.64224867212079
1.25325970521667,1.2027727191079
1.52925642001047,1.49289865114633
1.79667199390395,1.75430869169401
1.56705076132318,1.52683762131489
1.69626624823895,1.647078216611
1.70354959327577,1.63830494957008
1.74990971047795,1.68688416944605
1.86968559666581,1.80304381723924
1.67212592320369,1.6223972412932
1.73541505160717,1.66803398047655
1.76466673138871,1.71002941132651
1.98260582766189,1.92036935993375
1.67168130202805,1.63059648405766
1.88895419527005,1.82627818647268
1.77380944147985,1.72065312269333
1.74326895539764,1.69396007349099
1.86335928222295,1.81208659252204
1.64083873373457,1.60083430269518
1.67455191531895,1.64418635184009
1.58017243099687,1.53006960998256
2.11037363874766,2.04103872292103
1.82617510186842,1.75930149952059
1.72957234488504,1.68357532171763
1.51534447491545,1.45905518836379
1.77315297748955,1.71728332174526
1.82968117310835,1.77659052980715
1.62978605871417,1.57016406257285
1.85362051721899,1.79525503152985
1.66837906331436,1.62465752371686
1.81565099108983,1.76685656197232
1.74256089950378,1.67058340587806
1.84012816345501,1.78191392058787
1.94269149521948,1.87903925793481
1.64597867521556,1.58682159014266
1.54928954042238,1.50696407958422
1.75137279882472,1.70430763462545
2.0433620921683,1.98277832364088
1.82113346745497,1.75906660196116
1.86421379605846,1.80416794127858
1.92312766878748,1.86540753505098
1.6800784560297,1.62029380960514
1.71366356688012,1.65648828383979
1.81972648055243,1.76648372074995
2.06476530767085,2.00167620353091
1.7308225604546,1.67435785310949
1.79959440481461,1.74277970180824
1.70097036486648,1.64410654499623
1.75599310135068,1.71576228207757
1.96574027379795,1.90809214633663
1.86526268320979,1.79952217938341
1.75920285712119,1.71775924623854
1.94905089740181,1.88626029782712
1.73772733955229,1.68416981941871
1.68771947137256,1.62847683117636
1.79527282825709,1.71920391651153
1.79303831635682,1.73465147779633
1.72768497535076,1.68850175600878
1.58299082359851,1.54266727285565
1.99056718588574,1.92011139289546
1.93007319429138,1.86619310886934
1.98116941135418,1.91182439236193
1.96301479998743,1.9013397449763
1.61863426496317,1.5629370405024
2.02493284126971,1.96509545002632
1.68229694098843,1.61537878746386
1.7437275891058,1.69336316867234
1.61204878270595,1.54879703131209
1.70698823807455,1.64851986237845
1.81023126480574,1.75672928396892
1.94965936656067,1.86160161698595
1.93515516618423,1.87612258149743
1.81020622315108,1.7620831690269
1.7569117256663,1.70198053980927
1.94337052552444,1.87561464812704
1.5626785544901,1.51725788207493
1.94339997752502,1.87463921917375
1.79140505573378,1.73030242466267
1.72389403599112,1.66588389593723
1.73997902256336,1.6832562742384
1.70862513803103,1.65040374006131
1.84305724945496,1.79079000898526
1.78622827066647,1.72720243263942
1.54290719052094,1.48901224078214
1.6461695243464,1.59889644452503
1.94353218565985,1.88156130012257
1.61590122335588,1.56685707630228
1.71206487133285,1.66150164895975
1.75485790663966,1.69666075531035
1.8312815962857,1.7695859077641
1.77857401140507,1.72520280936315
2.06080962338303,1.99568805402737
1.65618295559813,1.61046083715948
1.73243947870578,1.68246064853476
1.82218595652147,1.76840578613757
1.53077016788787,1.47193901443062
1.96910150645728,1.91290492964251
1.9316021417064,1.86994161616782
1.64783427535291,1.60180130039133
1.88730630415937,1.83966358610852
1.69643532413514,1.64426405378442
1.92861287263846,1.86100912956746
1.65846679548795,1.60727811089975
1.73514309043103,1.68120869321846
1.97083068604315,1.91747345718311
1.89652236414238,1.84581339833601
1.91437109130943,1.84570657198404
1.7474636661438,1.6971863496562
1.73284961398225,1.67626376556523
1.85708888740599,1.79265684100991
1.74559483941509,1.68653645411887
1.50253861538977,1.46495205663316
1.76514690895654,1.71216569679242
1.7066262420981,1.66480373748305
1.81376260514852,1.76667200753822
1.8766036271402,1.81136986046655
1.49680072888482,1.461021297317
1.56734440962015,1.52571128412247
1.82618333391578,1.77835527759127
1.98832299859717,1.93186394674587
1.51657889460247,1.46687642873209
1.77775897170811,1.69174485439283
1.69706468795569,1.63921189591808
1.93882977977856,1.87072078631684
1.76187876205369,1.70189134184259
1.66501912195341,1.62467586388023
1.79142235831745,1.74205353714888
1.72336379987114,1.68325496638483
1.98213614344513,1.91493160755512
1.92674746218773,1.849666327945
1.80910286898113,1.75725484342343
1.59910375942632,1.53056321628109
1.53559017434172,1.47608928459129
1.88826191221219,1.82652831450228
1.75345712773349,1.68792175361423
1.60561779849266,1.54518018328833
1.89371285705914,1.83123528300266
1.68891541102786,1.62910923060121
1.96770270242781,1.90210822013765
1.5760951827816,1.52915984161904
1.72057517751412,1.67116063330295
1.70982664457632,1.66500742902777
1.91854489520302,1.85377480142976
1.68630262074673,1.63902775757891
1.70658922428445,1.65719548787636
1.80763620044699,1.75560528950402
1.76823805038011,1.72094184729965
1.72088373973431,1.66140169143217
1.81087676565575,1.74322450181013
1.71501243100274,1.6732537742991
1.93138233319942,1.86893792593044
1.86560763014774,1.814932012903
1.67846159053857,1.62133077140522
1.76682371941829,1.71698547900352
1.53662288194191,1.49952196786817
1.79653936899589,1.74799624448803
1.96916650904981,1.90815246711315
1.63968776990715,1.58187687654142
1.75147482170549,1.69993565299274
1.8463992246318,1.77677024117502
1.85242785443832,1.79144939522722
1.70873425704025,1.6676078120323
1.76904580732999,1.70623494774001
1.75037103031696,1.70597193776377
1.685030513544,1.64919051180078
1.4164388492634,1.35264225017025
1.72586582361893,1.6814050205665
1.89965071344621,1.84119827456265
1.66671231930333,1.62445051864138
1.70955493686402,1.64350839607583
1.63431572284996,1.56012420414158
1.83391413272393,1.7901192397109
1.78921454634777,1.74291280166594
1.7721890616625,1.69870364079735
1.91232415089654,1.84933319893914
1.68630401595113,1.63358575722497
1.67038341390159,1.61235007953647
1.89890320876739,1.82798767259387
1.97029473842591,1.89273714867101
1.68919094558947,1.64117499373542
1.77480483789474,1.72163462983276
1.70066022885846,1.64241579403523
1.93295975168782,1.88652227447799
1.80569951999215,1.75608707865475
1.9023589401218,1.85476985775967
1.53803479795753,1.50183814968504
1.83214490223512,1.75906308687895
1.63660618601149,1.5910176920925
1.70875505475033,1.64710778421331
1.99692611418315,1.93622688336666
1.81739128617393,1.75989424953794
2.0245658088402,1.95585452803356
1.55840404304175,1.49338134805723
1.82510093715363,1.77128032498332
1.84492663752638,1.79611882311044
1.88570045169721,1.8193965161792
2.12295453125151,2.05613317400163
1.67459395426259,1.61596351413971
1.81661204402779,1.75310906755435
1.55443903226327,1.51722834709629
1.82074138924078,1.77250541771145
1.73007108707216,1.67113908973195
2.01012144484465,1.95101450276351
1.91431888797295,1.84947819003598
1.57430934218527,1.53315660451952
1.78194800460663,1.71950377745398
1.79750361328154,1.75248834022586
1.40812014332722,1.35471892548557
1.42156660892464,1.38581301593672
1.72291565648358,1.66737127397116
2.0284413496078,1.95719745572587
1.61206530648192,1.55564167544458
1.8727873416359,1.8170663303998
1.87419601259339,1.82007080294655
1.71500035056246,1.66372976803382
1.93537349127485,1.88234399877332
1.63212229986909,1.59501081632697
1.67769839181616,1.62736412866082
1.86469199682036,1.81924811082867
1.64569239172664,1.61017851606926
1.67817078711562,1.60882394609072
2.11717442241193,2.05371476529068
1.68679217810004,1.64158988668299
1.72349937300936,1.674241105128
1.8083098500866,1.75324654739336
1.91030672570484,1.85118350672138
1.78438835392976,1.73426477626985
1.54975757312342,1.49662304985999
1.8426763680603,1.78433690443902
1.84650409855959,1.79232235130702
1.85707880663118,1.78996871824228
1.6179111528947,1.56344979533795
1.87982634146335,1.82587681827313
1.74557195796843,1.69700319846703
1.65887090919151,1.60520651421174
1.83353557343779,1.7708826383289
1.62932449590931,1.57103800942429
1.73144360416854,1.67691830179379
1.78053004126579,1.72984454071501
1.87698123218574,1.81157734618347
1.74502274704437,1.69229833468556
1.55715193197794,1.50388535337441
1.61205166034233,1.57815597727972
1.74569417690474,1.69775837559051
1.57533601892956,1.5123880333381
1.97194708839267,1.91044559622784
1.65442522443707,1.61862935102708
1.85504153694158,1.7985681660228
1.91237491639983,1.86423347229922
2.09075425636943,2.0271861996542
1.75793732333785,1.71300216403888
1.51643335342068,1.44821555546743
1.81884931801289,1.77265957498012
1.96367339789741,1.89672582442422
1.66709986552695,1.60897746429678
1.66527445977425,1.61822545234957
1.87054984701586,1.80444063655832
1.72709517316511,1.68597063576649
1.86391445265559,1.8190244949378
1.84417548269853,1.78396413746228
1.54157752450161,1.50258091479036
1.83358284843524,1.77972344803796
1.91600432059209,1.8594571053225
1.70555904960771,1.63942290871738
1.6402120529144,1.58405608829844
1.84725146593118,1.77744314385195
1.71859085322809,1.67837081680301
1.74882158860174,1.68624837050312
1.80955102548347,1.74111773766035
1.77771348807507,1.72241326729499
1.44046607937248,1.38459480848182
1.94490753203345,1.87682923899593
1.86199547770897,1.80357321407834
1.88522888430932,1.82502661198428
1.87535995363743,1.80024992253554
1.42252782610707,1.36827186875049
1.87169109224341,1.82686320950236
1.60074285349312,1.53709141976279
1.73293168172358,1.67798383822215
1.55247270113797,1.48705004739987
1.7125494304111,1.66519480770439
1.8435238443941,1.79909286133527
1.855132443594,1.79667635177712
1.93737389521264,1.86770911960619
1.6902044565448,1.63840500485424
1.49706712117925,1.45993203252667
1.54264877080544,1.48803847339364
1.76263626623148,1.7081024091601
1.59089746885355,1.53119181048886
1.70847659479598,1.64687533982563
1.99971728857756,1.93483824390462
1.80211777385295,1.75264096802479
1.92560106468566,1.85953939774426
1.84220217427686,1.77216688679548
1.6092289334432,1.55397264602739
1.72633573439869,1.67213844808967
1.7670874134884,1.72724916683001
1.68816017291733,1.63084015884775
1.67892991228787,1.6409813180968
1.93504458495371,1.88348409086774
2.07295740456521,2.00265126925004
1.88507079328482,1.83295387452553
1.62344981495838,1.56267639452096
1.91381849958147,1.8498833049766
1.83310699381372,1.77268681484234
1.81996620073012,1.76001421969388
1.60967155075814,1.56132660749263
1.9995608492262,1.92529707870915
1.7592522645075,1.71468472358085
1.9835280338043,1.91474362095733
1.76690852967681,1.70804539849819
2.18120143389289,2.12557220840284
1.76174658612031,1.71347519210143
1.75456535079071,1.70155488092512
1.65499703142888,1.60923105243857
1.59087539763846,1.5490769907994
1.93030579902754,1.87562985450717
1.68379194930806,1.63943675819622
1.84688159309902,1.79261317645216
1.83184842015155,1.7680224019615
1.93234641272726,1.8744177475601
1.51426540838023,1.47037215457353
1.93737158669208,1.87825196751682
1.56322820811942,1.51722894892125
1.57540567619326,1.49686528101125
1.59258474022456,1.55651347001266
2.02273018604334,1.94865946724713
1.8818359864396,1.83428633678372
1.74256107196413,1.69231893587377
1.8908687201259,1.83351507459875
1.71561472622611,1.66590941989373
1.75845593264096,1.70403992621695
1.87148469813196,1.81326907114942
1.70914097351575,1.65271001784724
1.85131582298695,1.78727600681678
1.99358173003228,1.93153923892184
1.74368316227884,1.69430574366968
1.70999669178514,1.65697094142597
1.6777866568158,1.62742850453972
1.71781107802503,1.66689482485756
1.826238274,1.76752104515068
1.65015422579822,1.60805168298146
1.75767947009867,1.67997716912982
2.06717517370263,2.00115348884682
1.82604353416475,1.76614141977705
1.72996161442652,1.66690256694677
1.88133747089035,1.81874558210959
1.80275342598969,1.73981491621302
1.81376802863133,1.74395628833723
1.65391245839848,1.59148461603535
1.85269384810301,1.78924726678375
1.72716247406703,1.67461581874132
1.96695956544929,1.90479720085505
2.03961191538255,1.98890361193115
1.73020162503447,1.67118953632909
2.00356418517131,1.93842909007301
1.78594009115247,1.73322731698244
1.77414836176822,1.7000374163517
1.65796501098477,1.60027542308989
1.68839282849968,1.62394816906838
1.67053424956859,1.6131747772733
1.91108868177812,1.85836480468489
1.86959356217847,1.80023736314466
1.67804970023371,1.61187759650922
1.64245981735427,1.59134334516822
1.78060267824908,1.72939291546506
1.69457411026247,1.64961073969978
1.82695091206577,1.76696267824618
1.88380066646712,1.83140861932592
1.81315388957727,1.74965855790248
1.88380048269995,1.80773116042072
1.92777169668097,1.85612793317848
1.68701369165114,1.64373298361405
1.75955485295829,1.70762777742179
1.58322876552477,1.53352917120494
1.63921870990023,1.53742225983069
1.57134181544518,1.51438458408529
1.70061502515428,1.64232937343824
1.67427341633872,1.61975472813904
1.6466687690447,1.58475221938172
1.8816090407994,1.83137868279555
1.88232575101537,1.81597750717821
1.75462083187681,1.71446353769661
1.64370868216921,1.59622447866029
1.70959922935748,1.63677577897333
1.72678629413521,1.65672422406511
1.75782884598626,1.71394316114656
1.60194815751873,1.55108040464829
2.06628395378015,2.0046029990356
1.59827442126153,1.54107583754216
1.82908018118596,1.77073636779878
1.93651925556846,1.87338413495367
1.60863709294527,1.53987736817191
1.80138680388556,1.74932349884105
1.91360717128108,1.84835337986101
1.54871536326202,1.50432326276376
1.71728920172862,1.65312607348203
1.82182689290087,1.77099149034548
1.97059759189018,1.90764216690823
1.69616768845245,1.6473266960457
1.7230398426623,1.64511681381773
1.85210868363213,1.79014315362617
1.96787143366321,1.91283156388865
1.68160679529407,1.63552457982698
1.76427381869326,1.68780633342694
1.50792135746153,1.45664706567789
1.61747416413365,1.55552957286523
1.7057918770094,1.64339346293283
1.91704878147178,1.84489438409396
1.70685697310899,1.65904480591852
1.74723003600575,1.67150542568682
1.69224520038363,1.64581418543739
1.91692414494872,1.85045251277733
1.98741781462522,1.92830250374372
1.4461427704782,1.37220524691347
1.69605521825597,1.6511843661317
1.8406786460341,1.78477592618837
1.71334540658358,1.65842409412191
1.8061549581646,1.74276370710081
1.7074851155536,1.64143456574648
2.01494945499163,1.96477101867
1.66767050637337,1.61809789851507
2.10420293267083,2.04476675646993
1.97530403649699,1.91411807363784
1.9347140197151,1.86523843458975
1.69320410056574,1.65099109576031
1.50687326087528,1.47190091664777
1.90825160384425,1.84966136560208
1.6807058552272,1.6033447609404
1.97018244284112,1.91512685193989
1.65482693484514,1.61969104774681
1.87690352473452,1.82486457630292
2.04766604954105,1.98369189616397
1.85062237846148,1.79424509518933
1.46663555416425,1.40825513381223
1.588029613749,1.54652168155633
1.72439556530014,1.67331089626252
1.90441601018431,1.85256519399748
1.81797822231414,1.76552038493157
1.97908291843448,1.92200847805938
1.91893584619703,1.85741321180472
1.95530323290803,1.89213890823227
1.91089098945287,1.84605970292527
1.86828755578577,1.81457105347952
1.72098213503234,1.68275697008177
1.85283631516996,1.79499534521606
1.85872697172367,1.80053821544437
1.80305035011187,1.72652841029558
1.70975122727823,1.67142833856006
1.85149662355163,1.80041860550051
1.84048494495541,1.79021366629169
1.77625582902179,1.71721228119211
1.78850887061611,1.74148686694894
1.79779709361669,1.74158606326342
1.91392266838442,1.85730891211235
1.57847795495493,1.53941810257376
1.89770229715709,1.84333871537434
1.70148835594897,1.62971649557851
2.14710611803587,2.08965673362764
1.66756304611351,1.61701583935566
1.55656056723832,1.50972779632372
1.6670194553972,1.61624957005822
1.81734528572796,1.76925789250826
1.56133469236797,1.48145536099497
1.67348020585666,1.63802451556677
2.06896832666015,2.0037967521196
1.80143032671106,1.72987699536818
1.84914576431188,1.79494880026655
1.78890456649901,1.73459863224014
1.82363155481097,1.75510847085421
1.62874019689521,1.58061304093927
1.47123638823693,1.41331100961699
1.80377610654031,1.74071852032887
1.44189986739115,1.39509269175637
1.74222813042877,1.68994352476442
1.99820179873565,1.94348887832647
1.79427244577446,1.74328566852597
1.94694364771821,1.88143032291405
1.52191336718215,1.46628403632777
1.87901553745617,1.8122889991547
1.7427531780714,1.69428437020604
1.35738063748658,1.29820329641518
1.87227237705395,1.80821990918274
2.06511522350815,2.01008171311485
1.81927930359574,1.77184244536192
1.8556848056754,1.80812366771302
2.0027851950896,1.92977169078863
1.72465236431346,1.68338354019959
1.96816342575713,1.91838341281278
1.75165116241544,1.68416680277474
1.94289106093675,1.89136017109672
1.89771002835713,1.84533586357646
1.77976013681061,1.72643403362558
1.87567644144805,1.80957755029277
1.81510745700158,1.75677659814385
2.00220252472988,1.94507658589089
1.82648928991968,1.77732222937914
1.9464400484235,1.88870979724854
1.93840396040957,1.87875497495157
1.78482898768812,1.72566217616385
1.90305526071767,1.8525177241648
2.04724581391425,1.98877233552325
1.73979741435229,1.68395541404815
1.65325152032408,1.59592629454817
1.92443660369596,1.87078799036096
1.74379571941257,1.6778445407742
1.82540742921811,1.76303010042351
1.84338951381231,1.79105743875845
1.61746593018744,1.56223055436126
1.73260131249941,1.67085866913067
1.80648327852537,1.74488030196669
1.84009991141565,1.79229308012151
1.86871682934691,1.81384608991198
1.86939212072674,1.8105363103583
1.85903697678669,1.80163945186527
1.81807166052969,1.77349910286647
1.81365399356795,1.76536283391061
1.96503983114268,1.90970721052867
1.99795639339134,1.94251758021393
1.64515605322184,1.59247098868857
1.83306968446565,1.78033989895524
1.97038815957586,1.92155012614835
1.93220732557167,1.86701901690721
1.71427946928668,1.66318090733086
1.62774769361622,1.57396477967763
1.70666897494152,1.65029764241488
1.50655264653928,1.46279947020219
1.96134861933377,1.89178346737371
1.76330970373095,1.71566926517717
1.60458755718465,1.56318645903158
1.81565713596337,1.7781440947842
1.73159672535248,1.67594787667049
1.78640477943711,1.7051098745954
1.70649937021644,1.64775036010884
1.67922519913662,1.62517828560641
1.67817652700684,1.63412232674504
1.69352496184534,1.63798631601507
1.77410923594744,1.7266450742107
1.75712965107649,1.71101153398667
1.98403560530385,1.92038064436064
1.66227973786891,1.62534351408466
1.63601785359952,1.56120128637061
1.77847010673492,1.72169417425002
1.5976856576219,1.54375015437378
1.86604327948914,1.81991526549828
1.79668064113957,1.75011942693257
1.78341253693975,1.7353886629394
2.08416414964347,2.03217216462011
1.70658357817263,1.66471104323047
1.70887335017843,1.65295916651385
2.05267007697647,1.98975116105668
1.74030946212167,1.69225836858931
1.91226582283966,1.83274531750671
1.83553485172124,1.78242483714802
1.69664459420158,1.64534976435614
2.03688642505073,1.97675769037679
1.76455165553475,1.70317420924411
1.76652486317191,1.71961264655295
1.83648808882314,1.78255541664276
1.52076984199941,1.46451148356514
1.43212060452073,1.37880950698943
1.89204237256197,1.83459676267087
1.7448725516002,1.67406496812314
1.87827779495216,1.82170546406642
1.75316206453504,1.70157749763851
1.78972997474879,1.73778727763899
1.64130203360753,1.5987886380763
1.81125781145083,1.74397018272066
1.7287475375453,1.66889993075278
1.80830759221254,1.76244330203342
1.50452677030968,1.45475932624818
1.65687194768364,1.60944275721418
1.76991127577573,1.72090301888832
1.72929411722085,1.67504920592597
1.76726197005523,1.71432603327913
1.6222495500121,1.55578250583381
1.70410817352942,1.65723518819785
1.84207215344061,1.78394965477108
1.95508005586789,1.88762284977605
1.65447392334807,1.59274794660105
1.6322114053061,1.5554348596789
1.80434013154242,1.75244961931909
1.95392760960366,1.89062404258162
1.75800734372948,1.69341489587321
1.59209386052385,1.55036972331793
1.71510117975478,1.66408586962876
1.92295455916282,1.85843847785228
1.85927298180475,1.81128237443255
1.97019064636376,1.92555769943334
1.71750372413072,1.67044671043055
1.9766787605553,1.9158447515113
2.00593293836897,1.95263845976142
1.75024672132069,1.69768036177228
1.84017831849109,1.77106586631934
1.96692820001446,1.90044680147766
1.73603667294749,1.68693056022997
1.89908908608598,1.84297796668655
1.83061270973577,1.77895904445096
1.80889019096731,1.75559594147525
1.58129233383137,1.53087889661592
1.87279932446679,1.8225784593683
1.73851614626327,1.68165042196447
1.94840012142023,1.88978372396866
1.89561973751072,1.84407713445086
1.68222321885961,1.63206898554082
1.69707919691964,1.65938379313019
1.78643989056582,1.72755121489244
1.85453879945199,1.80681576973969
1.83822818815972,1.78005116798495
1.9655487385554,1.91456335542906
1.64360283715274,1.59048672978771
1.68123047558954,1.6326276713964
1.94301100370347,1.88743476143371
1.78655850290206,1.73721396603744
1.47710639460887,1.40213302371167
1.83128165742491,1.77334747154581
1.96929111595753,1.91409974085132
1.63647932348235,1.58006641294934
1.79110781238054,1.74267577038819
1.40316164749922,1.34484691383828
1.80565148311909,1.74915664812344
1.49119511707967,1.4410150993906
1.61182230928793,1.56497576724223
1.64261237658169,1.58388760722479
2.1317187819245,2.06400183266232
1.91105095249284,1.84328752895724
1.78912369285774,1.72260969664554
2.05321200082909,2.00081769588428
1.76460213260119,1.71808174987852
2.08815572560437,2.03260958117148
2.00556145362451,1.93775291921242
1.9166139282091,1.87196765233126
1.88054037830621,1.82632854504606
1.77131384637404,1.72105915205288
1.96945891454912,1.89961862641871
1.841412052761,1.78813527501281
1.69855612082925,1.64151147144765
1.41982504820102,1.36922870830967
1.90592650593568,1.84205722096051
1.84726481972001,1.78808629709992
1.93929764490925,1.88580987587881
1.87932303036777,1.80289905459448
1.49240458184054,1.45540762168449
1.97850790727937,1.92491348801439
1.50892850314908,1.43667316140561
1.67731967657727,1.62497215143428
1.85338639088725,1.80156829880715
1.98930282112849,1.92959906910353
1.61211040849048,1.56432015692831
1.69231043784649,1.64201522581587
1.62598313133844,1.57878007397622
1.75858744164318,1.71320841133332
1.77410553011283,1.72422637690447
2.1092762319733,2.05211722502511
1.5974165386145,1.5292687805423
1.94557448075886,1.88791024443333
1.91409454650609,1.85761183096967
1.70669818806331,1.66535573271155
1.91960856836305,1.86292036442764
1.79995624291553,1.74672923616818
1.72872569249619,1.66124089056435
1.72070930886811,1.66442355318091
1.7549218174192,1.67766788158469
1.73346735324083,1.67100374148956
1.72119476009428,1.66081884327864
1.6751671029222,1.62222974524269
1.88116385197973,1.82647515693947
1.70643178968032,1.66101698548945
1.77066196772194,1.71760367923815
1.83317791897375,1.77361233224068
1.71417767893168,1.66479607475689
1.63089998879416,1.58109699340916
1.99046937613633,1.93131047666299
1.46737133520233,1.4309911677454
1.80486311232689,1.75015777418774
1.83653163167875,1.76651729096077
1.54796577283924,1.48912469730029
1.76399712851048,1.72114694957558
1.66526875734367,1.61450468511393
1.9436495118051,1.85454500277135
1.47278347185056,1.40966496731129
1.8960524239956,1.84095813160507
1.73912793301101,1.69008616524499
1.75251138367194,1.69503300486588
1.89308838797463,1.83229539638393
1.95091813977024,1.88499955339213
1.77582135235405,1.71983651189668
1.32540564052589,1.26469518538187
2.03624478825418,1.96973244282799
1.91355326999847,1.84680543906835
1.83184144113551,1.76710153470221
1.81456513934578,1.74255267159793
1.74360076483665,1.69298278412995
2.07212765641304,2.00642839868004
1.8802556365893,1.82064692055895
1.64052158612335,1.5803613925823
1.61943340003021,1.57365156977003
1.74393282822447,1.67327089558625
1.80035555688734,1.74531517966929
1.81453246716082,1.76722871731595
1.5430800054732,1.48918326172271
1.6707651705608,1.62886372470823
1.92687360220731,1.88126814695395
1.94794365777314,1.87862925439
1.89098974468495,1.82829039295846
1.66358224380364,1.60059218349436
1.76242319441729,1.69652110286064
1.73825896860025,1.6892176522333
1.81365701721699,1.75905166213906
1.91619675031077,1.85979755261437
1.95805392300767,1.90564783805556
1.63632047505184,1.59927644700054
1.82789092108304,1.76799260261516
1.74308285348117,1.67902074277384
1.62086485225983,1.57351161384415
1.62315143784611,1.57939896481202
1.9245960502898,1.86904678873132
1.72281304976331,1.67936112400702
1.74246862403718,1.69502709344306
1.91579597396788,1.85260488643952
1.85884450078894,1.80140645618441
1.66137017166545,1.6044349904113
1.72904604678977,1.68277265335805
1.58143216106381,1.52129416028393
1.86441698591146,1.80408451328741
1.802947141619,1.75861597399947
1.97130101642096,1.92354630035527
1.61693858349395,1.57916978199373
1.82886369241964,1.77704602963752
1.54601058598236,1.49779444463032
1.69820063654452,1.64360330641264
1.84477655650556,1.78834125352121
1.74720897043632,1.69107014460158
1.65484780244444,1.59596589888249
1.92079309404195,1.86725924833368
1.81240412855396,1.74486453889392
2.0079412367984,1.94929309604642
1.58826475090551,1.54393540514239
1.6941479569331,1.64725741535392
1.57967179154505,1.53170649903451
1.98490914235516,1.92289155988711
1.86219348552551,1.82121731041081
1.65822413926395,1.60182827275895
1.74947582821769,1.71244316196432
1.87774839914317,1.82060932809109
1.84074308818032,1.78871221192955
1.9164128152121,1.85525750924936
1.66210243086044,1.61431197695297
1.60447854678598,1.56089769662018
1.95340379909125,1.89950248048762
1.84612773558244,1.8057954713998
1.74437131839459,1.68216862847155
1.82753150306261,1.77500958909543
1.98345108226501,1.92076255462589
1.651044070212,1.60345513687704
1.79140082809315,1.70826359153977
1.89684198755946,1.82754814782749
1.67319078557822,1.61465511948786
1.81519476659198,1.76693802963972
1.70631719429866,1.65181426967454
1.64577766836362,1.59763918383495
1.92235642784209,1.87201528788403
1.52466970408627,1.47154905576678
1.95196495963089,1.90266087698504
1.62518115617449,1.56654895300512
1.84493093771712,1.79889934663397
1.72890205476941,1.6732762638345
1.66559591186513,1.58373775396534
1.82159089135987,1.76473051020208
1.90001893729876,1.84335149001942
1.70727151243904,1.6531459108179
1.82460084758766,1.76519261968074
1.80092844712542,1.73444096008522
1.5965520944929,1.52478979593305
1.80708591750017,1.7575029449973
1.71979822696768,1.67848616077809
1.79802612726358,1.73548206745657
1.76119764245591,1.69450187432375
1.83747302207384,1.78413411984892
2.04063090562964,1.97756683717664
1.54993310444843,1.49946236819454
1.72622355874291,1.66970672599022
1.73257390381184,1.67718270324747
1.93694843115189,1.88517436787019
1.95851883170926,1.90447354998099
1.94959750873905,1.88741559079079
1.88756936014642,1.84079264811411
1.87419828117897,1.80819071177403
1.79245970602673,1.74156605832805
1.8432787799782,1.7552750456132
1.36142556790875,1.30404074859761
1.85959319578615,1.79530646110912
1.95794437231881,1.8974790592685
1.66089948893816,1.6096951032767
1.83952286578039,1.78954833993687
1.82771261418818,1.77165396380156
1.81484500417707,1.74711915703666
1.98039386785319,1.91630160502176
1.88249258493317,1.82533159527997
1.77404138986482,1.73247009115012
1.82597435294431,1.76745215890284
1.86824965407692,1.8130861963104
1.60827892252724,1.55444571388525
2.00167432011387,1.93387859310903
1.81209424847659,1.76868295852914
1.81131515739038,1.76404180005957
1.71056280307534,1.65735028419693
1.55106945504093,1.4924582669651
1.44472249388494,1.37618060185208
1.70912409020077,1.66563734742371
1.77914389585649,1.7300211787139
1.74166241758221,1.69994011535873
2.02428044958132,1.9677704407845
1.84876842138079,1.78430428327941
1.69516502425734,1.64206531715206
1.78623165667108,1.7329855759065
1.36711946045322,1.30131057054649
1.49393126413627,1.43420532193608
1.8347451028723,1.76181542929008
1.67757239197476,1.60933785926089
2.01365989271147,1.95097775134895
1.75573518493007,1.70013034392301
1.81959072237459,1.74693889640807
1.74888128128685,1.67948124542082
1.88363638694342,1.81905468319994
1.96980796407629,1.8967519016503
1.59738686101916,1.54038804581979
1.8459200463765,1.79808624038339
1.81003382192969,1.75292984010935
1.73156883163164,1.66966584285455
1.91770047061761,1.87107444763969
1.82198214746096,1.75516205693552
1.65096091761288,1.60447538814607
1.71781093702072,1.65265288341286
1.9725003628902,1.90459704281052
1.77365789557067,1.71614703032594
1.60740650896006,1.57740458736958
1.81822726733134,1.75016156314982
1.71005402000426,1.64166439083748
1.68218290043865,1.64276950673414
1.84341680543839,1.78259351795194
2.06425135704594,1.98870679107901
1.89726779551238,1.84750533881911
1.82397670781344,1.76107339478434
1.89489758824588,1.84201784504587
1.72896390458537,1.67323435260439
1.64253311383394,1.58448378964071
2.04764708007451,1.97548838628795
1.50728349646319,1.46255879315845
1.48574622490134,1.39904787754634
1.68680453397453,1.63382111838221
1.55706288206358,1.49875138577732
1.65789564197523,1.59848829167048
1.7651136542002,1.69986111146058
1.83306818871263,1.77443460511894
1.67948668080998,1.61685727899192
1.76689532800036,1.7198999679072
1.51774156672289,1.46579447640722
1.53800052375448,1.46749485633035
1.92546934263649,1.85360313568171
1.65677656741274,1.61090915795236
1.46677066460792,1.41103298302127
1.62870013510196,1.59087795499321
1.84568604719482,1.79258856308694
1.79750332257197,1.7437262198663
1.77488075569116,1.72157933597853
1.72702958004811,1.6641701641069
1.82084497028723,1.75074947897775
1.93498551783754,1.86145987319907
1.70708186974402,1.66286125732932
1.55170559780347,1.4865778803383
1.74258510298331,1.69932190626044
1.53623597265963,1.48384370661968
1.86729894269047,1.79465254075628
1.99174135016606,1.92891282537891
1.73353845855795,1.69121094050986
1.85007777009535,1.79398172513669
1.96583888854746,1.91673175737353
1.80342226248895,1.74665352470963
1.47402619124385,1.42019651781585
1.7906704580033,1.73513543509005
1.92033137446153,1.87107161413111
1.77366514487591,1.72013236402861
1.86769817233442,1.80067649081222
1.90974284636099,1.86172819020945
1.83747925406846,1.78205101019623
1.70106381885762,1.65858339594704
1.74416708076496,1.70224370381876
1.79770688586419,1.75811138719166
1.97812655137256,1.90694579920744
1.50215801529568,1.43506469181829
1.57986298490643,1.51960254106474
1.46301968451056,1.42441218529126
1.80855094536743,1.74520384035331
1.63177977617294,1.58869122159692
1.52569798904377,1.47121257624445
2.00133030145319,1.94115689386118
1.4275073297119,1.34469193118165
1.72295941723285,1.67511916030018
1.93907442381465,1.87660946489479
1.92161518079635,1.86415989013635
1.81501355202876,1.76909104175553
1.82903806168547,1.77507283130025
1.96595312975767,1.91148632263743
1.94257142296034,1.88690769652593
1.67218113950898,1.63094545469622
1.92561057870647,1.87356487090417
1.85253880028667,1.80271375804971
1.79707358637432,1.7316392541661
1.6991086844658,1.65442556182959
1.94405529224524,1.88685110868682
1.68119817468634,1.62968566402078
1.79361568121251,1.73135906058521
2.07418805618538,2.00157226199926
2.0171337359212,1.96652505507962
2.04637237344652,1.98666899645454
1.67954329040255,1.62393566275824
1.93072108814737,1.85688685734606
1.68072114941338,1.62807645779234
1.68916254894653,1.64586407905112
1.88283845521309,1.83594484701014
1.86611078984424,1.81455568756852
1.78720624061168,1.73622177828444
2.09308617011366,2.02874187643743
1.97661681728749,1.91133892410666
1.57019578119499,1.51770321697281
1.69840419092963,1.64846246739561
1.60166812091389,1.54050715562203
1.76796374275141,1.71487266251058
1.69769635795526,1.6396563092336
1.68895607139884,1.63571027115156
1.8042805159661,1.75760433531085
1.78465269419635,1.73450194580131
1.58273106334095,1.53689196474913
1.72867150312873,1.67695757632331
1.85364949242193,1.7927053012178
1.9981488576652,1.93125402417104
1.62124361040832,1.56194826346058
1.93937034387582,1.86713768354876
1.6423198068938,1.59713185325414
1.83073359400584,1.76725511895214
2.11852536636294,2.04565791160995
1.63376479409533,1.58388478824153
2.04258294619718,1.96804303163306
1.99028854390237,1.92418443735397
1.75037757906402,1.69252115316238
1.99596538874433,1.93841245715922
1.64040969897928,1.57753797807337
1.69951467326422,1.65463368419631
1.33335698999794,1.29676458580713
1.76400231257297,1.709811398288
1.8035918386105,1.75516853078905
1.63092855825839,1.58963695903489
1.89797613234431,1.84838728828662
1.99041700276136,1.93039946282133
1.77118438372951,1.71319044151192
1.9403649512424,1.88819859533855
2.09031828665888,2.02047545391575
1.63881394435213,1.58785383213346
1.76727605832962,1.70568105742085
1.93674937485633,1.87202893504937
1.56486033349281,1.51163193895203
1.7097515525741,1.67119438286436
1.99472005845126,1.93725110254679
1.98967528168166,1.93368935604108
1.67165660066402,1.62650259282305
1.79999817061599,1.74081953005702
1.82612522359185,1.77944264013681
1.82360702933053,1.76637995298853
1.57990420593415,1.51906267767411
1.88977567490407,1.83437546387851
1.6861581656651,1.63108661875307
1.65597874120751,1.60646484798668
1.84884792417733,1.79956300533763
1.57695393287665,1.52109111139881
1.81405237168534,1.75920588419464
1.99616547966161,1.93103716286709
1.75353854469274,1.70979712576132
1.88917464573142,1.83272716261539
1.93309400639644,1.87938502351508
2.06692272385999,2.00871567546729
1.7936523654418,1.74303716216679
1.90502003146635,1.84792309910316
1.6030842608855,1.56688879375663
1.51210683070119,1.43136463439032
1.73836048315177,1.69092892621066
1.88332810714248,1.8360414936909
1.8972424746335,1.84463279081219
1.65593667968969,1.61429635782199
1.75859044267758,1.71293307986845
1.55775615655758,1.45769947496551
1.84847233897937,1.80035160989513
1.99992864739715,1.94814699466792
1.82191944609605,1.76043174360064
1.85988135499837,1.79074564756077
1.94962329516611,1.89013858656018
1.92773419003248,1.87368393102951
2.06744547584581,2.00058682316113
1.9239410220809,1.86517312928469
1.69014844327352,1.62416727258048
1.83344357598705,1.78376556072206
1.8647699993793,1.8113458786695
2.03024438207238,1.97708795492593
1.72463309917159,1.66953313002642
1.63926416082824,1.58687329110365
1.66513149895892,1.61796623692983
1.71655129070461,1.67086362764159
2.00737596088283,1.93711501854233
1.75247318093484,1.69620186927908
1.71328565942954,1.65309011686686
1.98544369300891,1.93008904513802
2.00694172766529,1.95269119681758
2.01693866088263,1.96685173574996
1.82947784414634,1.7679691050675
1.8010631612253,1.76088166127882
1.82235154191721,1.74476122240792
2.01712554398807,1.95598818822925
1.95362178514053,1.89538720084264
1.88705157055351,1.82904963573314
1.55669454992982,1.52061405955112
1.87905787824036,1.81805597654599
1.80368851639585,1.74712721659635
1.98566220853341,1.93234333013863
1.72376329360072,1.67569165116229
1.59242349646915,1.5246945759752
1.81451891907552,1.73353620943591
1.75024638412183,1.69075674239543
1.79181423768406,1.74359007313956
1.9206243375836,1.86366826315591
1.87624041729512,1.80199186912429
1.67024005103856,1.627600594716
1.76219413978914,1.70282469905527
1.7896280910789,1.72739608898139
1.73350376752951,1.66838829778735
1.64201426141284,1.58171425001869
1.97560507657555,1.90594581825346
2.06871609056071,2.01282970387544
1.8296948617795,1.77964071715451
1.95749382394563,1.90026039083907
1.92212246188081,1.84928484369206
1.83994744194859,1.77051956756664
1.81444375454688,1.76705717950191
1.98291116595109,1.9235162615133
1.87707483702199,1.81658000307106
1.72457474327636,1.6829395632785
1.70101575323915,1.65095217023308
1.77643088945842,1.71874232196383
1.78473324238371,1.72284136100329
1.6281377193851,1.58776941158105
1.61758645343834,1.55421319149767
1.76807534461428,1.70721942053919
1.76870072860758,1.73098954601155
1.88430655848657,1.78829861580717
1.85204364647616,1.79600266767152
1.64042797981634,1.6032842938026
1.76434926788211,1.71000527760919
1.52589167039309,1.46295905661189
1.67906282778376,1.60890157736652
1.49845916320178,1.42532125758307
1.31913905702982,1.26329235526816
1.80546559652064,1.73936550141501
1.78260699685592,1.71428184988579
2.04783241804725,1.97851553688192
1.81375976982816,1.7618589320797
1.97862898311407,1.92259733139749
1.96475877613675,1.90654445342159
1.53904373129514,1.49238126977944
1.84874719877958,1.78790798830867
1.6381272824598,1.58335674477099
1.86136413555969,1.80085784394272
1.80377103419371,1.74171619650934
1.61788176853985,1.56029154563599
1.75280078986253,1.7102956380788
1.83391341329183,1.79229527048746
1.73270797205798,1.66436414173175
1.61877616310975,1.57941493747649
1.75444778813278,1.68834571724931
1.75331826689197,1.70313383432151
1.68973124161032,1.64063998451983
2.01597165940549,1.95953872773393
1.81141616591336,1.75960055252201
1.94865161432852,1.89501531148146
1.58634619892998,1.52940148877676
1.78094996643316,1.71521246670292
1.96663997223989,1.89731705676803
1.6399982785927,1.59747654660054
1.85768079586033,1.78592959426655
1.68356377779652,1.63705193155851
1.95187607807874,1.89163345596326
1.9930188323572,1.92791047002021
2.1289880392244,2.05716620061446
1.8255236187443,1.77319408027996
1.71259364266195,1.66287173678893
1.68381369617781,1.63383631071725
1.91556127459155,1.86769842626395
1.68223800170039,1.6270036053648
1.80604360901565,1.74354813710506
1.40736093610887,1.33656907643027
1.9372238005273,1.87373739685703
1.7626779346258,1.69962826591994
1.89352026146219,1.83428134080133
1.5845157752059,1.52620135776782
2.09399481066304,2.03312022080236
2.16983829865684,2.10110923541678
1.50237016275021,1.45748266099278
1.67162626190077,1.63034447451097
2.04610866183221,1.99703342694605
1.59935497559584,1.54093204292475
1.78932012629557,1.73324864857463
1.80856504627941,1.7579333597119
1.82651106127508,1.76535562109748
1.85071352047155,1.79216815817738
